Time(s)\disp(mm)\Force(Lb)\Force(Lb)
0.000000000000000000e+00	3.859236101815815889e+00	-8.616222399999999837e-01	1.339001512859304244e+00
1.001001001001000992e-03	3.874641873503466893e+00	-1.036453719999999912e+00	1.077932022188603289e+00
2.002002002002001985e-03	3.888505069866520447e+00	-1.029978480000000030e+00	1.110565708522440964e+00
3.003003003003002977e-03	3.899296601440415788e+00	-1.140057560000000025e+00	1.241100453857791219e+00
4.004004004004003969e-03	3.905254258597245620e+00	-1.107681359999999948e+00	1.241100453857791219e+00
5.005005005005004962e-03	3.906225774163611941e+00	-1.146532799999999908e+00	1.012664649520927940e+00
6.006006006006005954e-03	3.905125249792039455e+00	-1.029978480000000030e+00	1.339001512859304244e+00
7.007007007007006946e-03	3.904395377987478266e+00	-7.839193599999999540e-01	6.863277861825517467e-01
8.008008008008007939e-03	3.902531800770474124e+00	-5.961373999999999285e-01	8.494962178517398987e-01
9.009009009009008931e-03	3.897575961732769656e+00	-4.407316399999999801e-01	4.905256681795260310e-01
1.001001001001000992e-02	3.890621774519359644e+00	-3.241773200000000466e-01	6.210604135148766192e-01
1.101101101101101092e-02	3.881777975346256682e+00	1.093900239999999968e+00	-8.148217851739789630e-01
1.201201201201201191e-02	3.870167217472302301e+00	4.981781600000000365e-01	-9.688068582955121355e-02
1.301301301301301290e-02	3.858768350869415276e+00	5.888315200000000527e-01	-2.600491174987393794e-01
1.401401401401401389e-02	3.850915186909678933e+00	1.352909840000000141e+00	-1.336960766515380872e+00
1.501501501501501488e-02	3.846189353572845970e+00	8.931677999999999562e-01	-5.863859808371156834e-01
1.601601601601601588e-02	3.843028793394839049e+00	1.100375480000000072e+00	-6.842870398386284858e-01
1.701701701701701513e-02	3.841801243955097700e+00	3.298219200000001017e-01	-5.863859808371156834e-01
1.801801801801801786e-02	3.844363461516643099e+00	1.744161599999999868e-01	1.315551185073121632e-01
1.901901901901902059e-02	3.851436458912700811e+00	-4.148306800000000072e-01	4.578919818456884672e-01
2.002002002002001985e-02	3.862641665757798215e+00	-8.616222399999999837e-01	1.306367826525466569e+00
2.102102102102101910e-02	3.876630689192610113e+00	-1.036453719999999912e+00	1.273734140191629116e+00
2.202202202202202183e-02	3.889636418117612848e+00	-1.036453719999999912e+00	1.143199394856278639e+00
2.302302302302302456e-02	3.898155576267211764e+00	-1.140057560000000025e+00	1.241100453857791219e+00
2.402402402402402382e-02	3.902587804017540574e+00	-1.120631839999999935e+00	1.241100453857791219e+00
2.502502502502502307e-02	3.905228621504603037e+00	-1.159483280000000116e+00	1.077932022188603289e+00
2.602602602602602580e-02	3.906610942141259812e+00	-1.029978480000000030e+00	1.208466767523953767e+00
2.702702702702702853e-02	3.905664831105644552e+00	-7.774441199999999608e-01	8.494962178517398987e-01
2.802802802802802778e-02	3.902138589263942414e+00	-5.896621600000000463e-01	7.842288451840646601e-01
2.902902902902902704e-02	3.897647239121740714e+00	-4.536821200000000776e-01	6.536940998487140719e-01
3.003003003003002977e-02	3.892331706639204025e+00	-3.306525599999999843e-01	6.536940998487140719e-01
3.103103103103103250e-02	3.882589924183875052e+00	1.074474520000000100e+00	-5.863859808371156834e-01
3.203203203203203175e-02	3.867828035128595854e+00	4.852276800000000501e-01	-1.621480584972264660e-01
3.303303303303303101e-02	3.854661735884603591e+00	5.176038800000000162e-01	-1.295143721633888190e-01
3.403403403403403027e-02	3.848185951114417858e+00	1.339959359999999933e+00	-1.434861825516893896e+00
3.503503503503503647e-02	3.845762787177867903e+00	8.802173200000000808e-01	-6.516533535047908110e-01
3.603603603603603572e-02	3.843343571052974639e+00	1.087425000000000086e+00	-7.821880988401412882e-01
3.703703703703703498e-02	3.841776413870814810e+00	2.456437999999999955e-01	-9.779902168431670040e-01
3.803803803803804118e-02	3.844367675933220152e+00	1.549904400000000071e-01	3.273572365103378790e-01
3.903903903903904044e-02	3.852012005813376216e+00	-4.018802000000000207e-01	3.599909228441755538e-01
4.004004004004003969e-02	3.863137957030065461e+00	-8.486717599999999972e-01	1.632704689863842651e+00
4.104104104104103895e-02	3.875711304162452020e+00	-1.042928960000000016e+00	1.306367826525466569e+00
4.204204204204203821e-02	3.887490811497301912e+00	-1.042928960000000016e+00	1.273734140191629116e+00
4.304304304304304440e-02	3.896405496108530819e+00	-1.140057560000000025e+00	1.241100453857791219e+00
4.404404404404404366e-02	3.901583465589217425e+00	-1.101206119999999844e+00	1.175833081190116092e+00
4.504504504504504292e-02	3.904103156038797096e+00	-1.153008040000000012e+00	8.494962178517398987e-01
4.604604604604604912e-02	3.905582669602935209e+00	-1.017028000000000043e+00	1.306367826525466569e+00
4.704704704704704837e-02	3.905804149760457200e+00	-7.774441199999999608e-01	7.189614725163894215e-01
4.804804804804804763e-02	3.903458074913122022e+00	-6.090878800000000259e-01	9.147635905194151373e-01
4.904904904904904689e-02	3.897936792658670768e+00	-4.472068799999999733e-01	6.863277861825517467e-01
5.005005005005004615e-02	3.889624842431795404e+00	-3.371277999999999775e-01	6.536940998487140719e-01
5.105105105105105234e-02	3.879040573447740226e+00	1.067999279999999995e+00	-6.190196671709531362e-01
5.205205205205205160e-02	3.866858981556337671e+00	4.722772000000000081e-01	-2.600491174987393794e-01
5.305305305305305086e-02	3.855595756447602440e+00	5.629305600000000798e-01	-9.688068582955121355e-02
5.405405405405405705e-02	3.848343582456675183e+00	1.352909840000000141e+00	-1.467495511850731349e+00
5.505505505505505631e-02	3.845380725395751487e+00	8.672668400000000943e-01	-6.190196671709531362e-01
5.605605605605605557e-02	3.844203192001558911e+00	1.106850720000000177e+00	-6.190196671709531362e-01
5.705705705705705483e-02	3.843134764000513570e+00	3.362971600000000394e-01	-4.884849218356027145e-01
5.805805805805805409e-02	3.844070451478675654e+00	1.549904400000000071e-01	1.968224911749873740e-01
5.905905905905906028e-02	3.850098454826390793e+00	-4.277811600000000491e-01	6.210604135148766192e-01
6.006006006006005954e-02	3.861552616519142056e+00	-8.680974800000000879e-01	1.143199394856278639e+00
6.106106106106105880e-02	3.875797994796222223e+00	-1.042928960000000016e+00	1.273734140191629116e+00
6.206206206206206499e-02	3.888936524718688670e+00	-1.029978480000000030e+00	9.800309631870904870e-01
6.306306306306305731e-02	3.897798903292892359e+00	-1.127107080000000039e+00	1.175833081190116092e+00
6.406406406406406351e-02	3.902021725640655081e+00	-1.114156600000000052e+00	1.208466767523953767e+00
6.506506506506506970e-02	3.904019576597555385e+00	-1.159483280000000116e+00	1.045298335854765615e+00
6.606606606606606202e-02	3.905689173222273602e+00	-1.010552759999999939e+00	1.273734140191629116e+00
6.706706706706706822e-02	3.905748574653416405e+00	-7.903945999999999472e-01	8.494962178517398987e-01
6.806806806806806054e-02	3.902380793145653559e+00	-6.090878800000000259e-01	7.515951588502269853e-01
6.906906906906906674e-02	3.896681111882418502e+00	-4.472068799999999733e-01	5.557930408472013806e-01
7.007007007007007293e-02	3.890127541408183287e+00	-3.306525599999999843e-01	5.557930408472013806e-01
7.107107107107106525e-02	3.880775745203211446e+00	1.009722120000000167e+00	-7.821880988401412882e-01
7.207207207207207145e-02	3.867429135755093839e+00	5.046534000000000297e-01	-1.621480584972264660e-01
7.307307307307307764e-02	3.854803960989727774e+00	4.787524399999999458e-01	-2.274154311649017046e-01
7.407407407407406996e-02	3.847765380007228231e+00	1.339959359999999933e+00	-1.271693393847705744e+00
7.507507507507507616e-02	3.845050904668045888e+00	8.802173200000000808e-01	-5.537522945032778976e-01
7.607607607607608236e-02	3.842920475350130260e+00	1.074474520000000100e+00	-6.190196671709531362e-01
7.707707707707707467e-02	3.840887351245396708e+00	3.168714400000000042e-01	-6.190196671709531362e-01
7.807807807807808087e-02	3.842308688678249595e+00	1.549904400000000071e-01	2.947235501765002597e-01
7.907907907907907319e-02	3.849694709777008228e+00	-4.213059199999999449e-01	4.252582955118507924e-01
8.008008008008007939e-02	3.861696933954945621e+00	-8.745727199999999701e-01	1.469536258194654943e+00
8.108108108108108558e-02	3.875449745268416457e+00	-1.036453719999999912e+00	1.208466767523953767e+00
8.208208208208207790e-02	3.888159672044552373e+00	-1.036453719999999912e+00	1.306367826525466569e+00
8.308308308308308410e-02	3.896946723789630695e+00	-1.127107080000000039e+00	1.241100453857791219e+00
8.408408408408407642e-02	3.900684036240577690e+00	-1.101206119999999844e+00	1.371635199193141919e+00
8.508508508508508261e-02	3.901953704276106105e+00	-1.153008040000000012e+00	1.012664649520927940e+00
8.608608608608608881e-02	3.903619541708568619e+00	-1.023503240000000147e+00	1.371635199193141919e+00
8.708708708708708113e-02	3.903941590347719703e+00	-7.903945999999999472e-01	5.884267271810389444e-01
8.808808808808808732e-02	3.900245518460435434e+00	-6.090878800000000259e-01	6.863277861825517467e-01
8.908908908908909352e-02	3.894534492300389505e+00	-4.601573600000000153e-01	5.231593545133637058e-01
9.009009009009008584e-02	3.889118067865663608e+00	-3.371277999999999775e-01	3.926246091780131731e-01
9.109109109109109204e-02	3.881244404693290129e+00	9.773459200000000902e-01	-5.211186081694403338e-01
9.209209209209209823e-02	3.868930408256471054e+00	4.917029200000000433e-01	-1.947817448310640853e-01
9.309309309309309055e-02	3.856647689920896571e+00	5.046534000000000297e-01	1.315551185073121632e-01
9.409409409409409675e-02	3.848967128270056826e+00	1.327008879999999946e+00	-1.141158648512355045e+00
9.509509509509508907e-02	3.845228847609138523e+00	8.413658800000000104e-01	-5.211186081694403338e-01
9.609609609609609526e-02	3.843408623000354574e+00	1.067999279999999995e+00	-8.148217851739789630e-01
9.709709709709710146e-02	3.842994097246901664e+00	2.844952399999999826e-01	-6.842870398386284858e-01
9.809809809809809378e-02	3.844868897953043874e+00	1.549904400000000071e-01	1.020373171961676869e-03
9.909909909909909997e-02	3.851094333134677861e+00	-4.148306800000000072e-01	4.252582955118507924e-01
1.001001001001000923e-01	3.862574639253356423e+00	-8.680974800000000879e-01	1.306367826525466569e+00
1.011011011011010985e-01	3.876654235139073368e+00	-1.029978480000000030e+00	1.273734140191629116e+00
1.021021021021021047e-01	3.888696785277994117e+00	-1.036453719999999912e+00	1.339001512859304244e+00
1.031031031031030970e-01	3.896683715506718215e+00	-1.127107080000000039e+00	1.339001512859304244e+00
1.041041041041041032e-01	3.901601784120734884e+00	-1.114156600000000052e+00	1.404268885526979593e+00
1.051051051051051094e-01	3.903999974962666819e+00	-1.159483280000000116e+00	9.147635905194151373e-01
1.061061061061061017e-01	3.904266784633140919e+00	-1.023503240000000147e+00	1.175833081190116092e+00
1.071071071071071079e-01	3.902799595099575747e+00	-7.839193599999999540e-01	7.515951588502269853e-01
1.081081081081081141e-01	3.899626090182194194e+00	-6.090878800000000259e-01	7.189614725163894215e-01
1.091091091091091064e-01	3.895994771383210598e+00	-4.601573600000000153e-01	6.536940998487140719e-01
1.101101101101101126e-01	3.891351039180670934e+00	-3.436030400000000262e-01	7.189614725163894215e-01
1.111111111111111049e-01	3.881988279743207038e+00	9.125935200000000469e-01	-7.495544125063037244e-01
1.121121121121121111e-01	3.867860984662848889e+00	4.981781600000000365e-01	1.020373171961676869e-03
1.131131131131131173e-01	3.854905937687924222e+00	5.046534000000000297e-01	-2.926828038325769432e-01
1.141141141141141097e-01	3.848132565937560923e+00	1.346434599999999815e+00	-1.271693393847705744e+00
1.151151151151151159e-01	3.846571931658352206e+00	8.543163600000001079e-01	-6.516533535047908110e-01
1.161161161161161082e-01	3.846139998869471111e+00	1.074474520000000100e+00	-6.842870398386284858e-01
1.171171171171171144e-01	3.845040899483288754e+00	3.168714400000000042e-01	-5.537522945032778976e-01
1.181181181181181206e-01	3.845205958238367305e+00	1.549904400000000071e-01	1.315551185073121632e-01
1.191191191191191129e-01	3.850015767115189114e+00	-4.083554400000000140e-01	4.905256681795260310e-01
1.201201201201201191e-01	3.861166323391775901e+00	-8.680974800000000879e-01	1.436902571860817046e+00
1.211211211211211253e-01	3.876060696440399411e+00	-1.036453719999999912e+00	1.045298335854765615e+00
1.221221221221221176e-01	3.889282421293326131e+00	-1.029978480000000030e+00	1.175833081190116092e+00
1.231231231231231238e-01	3.897978091998769656e+00	-1.140057560000000025e+00	1.273734140191629116e+00
1.241241241241241300e-01	3.902841705609803036e+00	-1.120631839999999935e+00	1.208466767523953767e+00
1.251251251251251362e-01	3.905190809007727637e+00	-1.153008040000000012e+00	1.045298335854765615e+00
1.261261261261261146e-01	3.906277884841838688e+00	-1.023503240000000147e+00	1.208466767523953767e+00
1.271271271271271208e-01	3.906069190355336396e+00	-7.903945999999999472e-01	8.168625315179022239e-01
1.281281281281281270e-01	3.903046676038339324e+00	-6.026126399999999217e-01	7.842288451840646601e-01
1.291291291291291332e-01	3.897767962410077391e+00	-4.666325999999999530e-01	6.210604135148766192e-01
1.301301301301301394e-01	3.891398020441590333e+00	-3.500782800000000750e-01	6.863277861825517467e-01
1.311311311311311179e-01	3.881461225204163590e+00	8.607915999999999901e-01	-5.537522945032778976e-01
1.321321321321321240e-01	3.867503932960663970e+00	5.046534000000000297e-01	-1.947817448310640853e-01
1.331331331331331302e-01	3.855458718465443191e+00	4.593267200000000772e-01	-6.424699949571360813e-02
1.341341341341341364e-01	3.849391539459881439e+00	1.333484120000000051e+00	-1.336960766515380872e+00
1.351351351351351426e-01	3.847127723251762887e+00	8.348906400000000172e-01	-4.232175491679274204e-01
1.361361361361361211e-01	3.845634052876693687e+00	1.061524040000000113e+00	-6.516533535047908110e-01
1.371371371371371273e-01	3.844498790864786741e+00	2.456437999999999955e-01	-4.232175491679274204e-01
1.381381381381381335e-01	3.845309949812975248e+00	1.420399599999999929e-01	2.947235501765002597e-01
1.391391391391391397e-01	3.850203560943183501e+00	-4.083554400000000140e-01	4.905256681795260310e-01
1.401401401401401459e-01	3.860211964507035187e+00	-8.745727199999999701e-01	1.241100453857791219e+00
1.411411411411411521e-01	3.873803331231195024e+00	-1.029978480000000030e+00	1.045298335854765615e+00
1.421421421421421305e-01	3.887377384158328120e+00	-1.029978480000000030e+00	1.143199394856278639e+00
1.431431431431431367e-01	3.897952802548082740e+00	-1.146532799999999908e+00	1.012664649520927940e+00
1.441441441441441429e-01	3.904353666716222193e+00	-1.107681359999999948e+00	1.469536258194654943e+00
1.451451451451451491e-01	3.906763555491184814e+00	-1.159483280000000116e+00	1.077932022188603289e+00
1.461461461461461553e-01	3.906638354207155217e+00	-1.023503240000000147e+00	1.469536258194654943e+00
1.471471471471471337e-01	3.905021555203979755e+00	-7.968698400000000515e-01	8.168625315179022239e-01
1.481481481481481399e-01	3.901880965029631554e+00	-6.090878800000000259e-01	7.189614725163894215e-01
1.491491491491491461e-01	3.897462894255539378e+00	-4.601573600000000153e-01	5.231593545133637058e-01
1.501501501501501523e-01	3.891340973689561444e+00	-3.436030400000000262e-01	5.231593545133637058e-01
1.511511511511511585e-01	3.881830202993140411e+00	7.960392000000000579e-01	-9.453565305093293292e-01
1.521521521521521647e-01	3.869011924481547293e+00	5.176038800000000162e-01	-9.688068582955121355e-02
1.531531531531531432e-01	3.856895341605609762e+00	4.917029200000000433e-01	-9.688068582955121355e-02
1.541541541541541493e-01	3.849600546815185265e+00	1.346434599999999815e+00	-1.173792334846192720e+00
1.551551551551551555e-01	3.846502560920489255e+00	8.154649200000001485e-01	-2.600491174987393794e-01
1.561561561561561617e-01	3.844544728083728824e+00	1.074474520000000100e+00	-7.169207261724660496e-01
1.571571571571571679e-01	3.843467719992777365e+00	3.039209600000000178e-01	-5.537522945032778976e-01
1.581581581581581464e-01	3.845782403206364108e+00	1.355647199999999997e-01	9.892143217347457163e-02
1.591591591591591526e-01	3.852833371357160974e+00	-4.213059199999999449e-01	3.599909228441755538e-01
1.601601601601601588e-01	3.863484701518887121e+00	-8.810479599999999634e-01	1.371635199193141919e+00
1.611611611611611650e-01	3.875782648216740789e+00	-1.042928960000000016e+00	1.143199394856278639e+00
1.621621621621621712e-01	3.887341039010708155e+00	-1.042928960000000016e+00	1.339001512859304244e+00
1.631631631631631496e-01	3.895992421668881711e+00	-1.140057560000000025e+00	1.273734140191629116e+00
1.641641641641641558e-01	3.901299000590090493e+00	-1.114156600000000052e+00	1.241100453857791219e+00
1.651651651651651620e-01	3.904001192332794190e+00	-1.172433759999999880e+00	1.143199394856278639e+00
1.661661661661661682e-01	3.904930165794686658e+00	-1.017028000000000043e+00	1.110565708522440964e+00
1.671671671671671744e-01	3.904319940146519841e+00	-8.033450799999999337e-01	8.494962178517398987e-01
1.681681681681681528e-01	3.901803074752654865e+00	-6.026126399999999217e-01	6.863277861825517467e-01
1.691691691691691590e-01	3.897744104319731395e+00	-4.666325999999999530e-01	5.884267271810389444e-01
1.701701701701701652e-01	3.891843792904151389e+00	-3.436030400000000262e-01	5.884267271810389444e-01
1.711711711711711714e-01	3.881680913095316043e+00	6.989106000000000485e-01	-6.842870398386284858e-01
1.721721721721721776e-01	3.867745610330719952e+00	5.499800799999999823e-01	-6.424699949571360813e-02
1.731731731731731838e-01	3.855837160068616765e+00	4.269505200000000000e-01	-1.295143721633888190e-01
1.741741741741741623e-01	3.850004769066591948e+00	1.320533639999999842e+00	-1.206426021180030395e+00
1.751751751751751685e-01	3.847982807461046928e+00	8.413658800000000104e-01	-4.558512355017650397e-01
1.761761761761761746e-01	3.845894775015722189e+00	1.048573559999999905e+00	-6.190196671709531362e-01
1.771771771771771808e-01	3.844007976585130049e+00	2.844952399999999826e-01	-6.842870398386284858e-01
1.781781781781781870e-01	3.845641453661702514e+00	1.226142399999999993e-01	3.273572365103378790e-01
1.791791791791791655e-01	3.852293362411835176e+00	-4.083554400000000140e-01	4.905256681795260310e-01
1.801801801801801717e-01	3.862980351854865546e+00	-8.745727199999999701e-01	1.371635199193141919e+00
1.811811811811811779e-01	3.875973379006733222e+00	-1.036453719999999912e+00	1.143199394856278639e+00
1.821821821821821841e-01	3.888835375679760453e+00	-1.042928960000000016e+00	1.208466767523953767e+00
1.831831831831831903e-01	3.898733467593726854e+00	-1.127107080000000039e+00	1.175833081190116092e+00
1.841841841841841965e-01	3.903709950828105679e+00	-1.101206119999999844e+00	1.208466767523953767e+00
1.851851851851851749e-01	3.904927650020997731e+00	-1.172433759999999880e+00	1.077932022188603289e+00
1.861861861861861811e-01	3.905697236294936037e+00	-1.023503240000000147e+00	1.371635199193141919e+00
1.871871871871871873e-01	3.906056413250893034e+00	-8.033450799999999337e-01	7.189614725163894215e-01
1.881881881881881935e-01	3.903153255811841582e+00	-6.026126399999999217e-01	1.045298335854765615e+00
1.891891891891891997e-01	3.897271428593599651e+00	-4.601573600000000153e-01	7.189614725163894215e-01
1.901901901901901781e-01	3.890502834917607178e+00	-3.500782800000000750e-01	7.515951588502269853e-01
1.911911911911911843e-01	3.881107783487995455e+00	6.341582000000000052e-01	-7.821880988401412882e-01
1.921921921921921905e-01	3.867750333751842629e+00	5.564553199999999755e-01	-1.947817448310640853e-01
1.931931931931931967e-01	3.855566836289324062e+00	4.269505200000000000e-01	-1.947817448310640853e-01
1.941941941941942029e-01	3.849644675666664018e+00	1.307583159999999856e+00	-1.598030257186082048e+00
1.951951951951951814e-01	3.847668813454511394e+00	7.895639599999999536e-01	-4.232175491679274204e-01
1.961961961961961876e-01	3.845541545704557418e+00	1.042098320000000022e+00	-8.800891578416540906e-01
1.971971971971971938e-01	3.844489553543892768e+00	2.650695199999999474e-01	-4.558512355017650397e-01
1.981981981981981999e-01	3.847284567498746366e+00	1.161389999999999922e-01	4.578919818456884672e-01
1.991991991991992061e-01	3.853899671815143702e+00	-4.148306800000000072e-01	6.210604135148766192e-01
2.002002002002001846e-01	3.863511163302208118e+00	-8.810479599999999634e-01	1.436902571860817046e+00
2.012012012012011908e-01	3.875053855356688004e+00	-1.029978480000000030e+00	1.143199394856278639e+00
2.022022022022021970e-01	3.886516459448268623e+00	-1.042928960000000016e+00	1.045298335854765615e+00
2.032032032032032032e-01	3.895953456651737756e+00	-1.127107080000000039e+00	1.110565708522440964e+00
2.042042042042042094e-01	3.902038239032056044e+00	-1.107681359999999948e+00	8.821299041855775735e-01
2.052052052052052156e-01	3.904963775295712036e+00	-1.165958519999999998e+00	1.273734140191629116e+00
2.062062062062061940e-01	3.906337447284551789e+00	-1.017028000000000043e+00	1.339001512859304244e+00
2.072072072072072002e-01	3.906110606254985296e+00	-8.033450799999999337e-01	9.147635905194151373e-01
2.082082082082082064e-01	3.902656412529933228e+00	-6.090878800000000259e-01	7.842288451840646601e-01
2.092092092092092126e-01	3.896910145294328665e+00	-4.601573600000000153e-01	5.557930408472013806e-01
2.102102102102102188e-01	3.890334617329831879e+00	-3.500782800000000750e-01	6.210604135148766192e-01
2.112112112112111972e-01	3.880712223989916776e+00	5.499800799999999823e-01	-9.779902168431670040e-01
2.122122122122122034e-01	3.867583771700664030e+00	5.758810400000000662e-01	-2.274154311649017046e-01
2.132132132132132096e-01	3.855792410287457450e+00	4.399010000000000420e-01	-3.161331316187596802e-02
2.142142142142142158e-01	3.849139554701769050e+00	1.314058399999999960e+00	-1.369594452849218325e+00
2.152152152152152220e-01	3.846710928963796405e+00	7.960392000000000579e-01	-2.926828038325769432e-01
2.162162162162162282e-01	3.845393411825624774e+00	1.048573559999999905e+00	-5.211186081694403338e-01
2.172172172172172067e-01	3.844156798480957704e+00	2.909704799999999758e-01	-7.169207261724660496e-01
2.182182182182182129e-01	3.845333070017756594e+00	1.290894800000000064e-01	4.252582955118507924e-01
2.192192192192192191e-01	3.850999598674377022e+00	-4.277811600000000491e-01	3.273572365103378790e-01
2.202202202202202252e-01	3.861150239759289615e+00	-8.810479599999999634e-01	1.469536258194654943e+00
2.212212212212212314e-01	3.874387229807084498e+00	-1.029978480000000030e+00	1.110565708522440964e+00
2.222222222222222099e-01	3.887579100449110481e+00	-1.042928960000000016e+00	1.175833081190116092e+00
2.232232232232232161e-01	3.896998795081032974e+00	-1.133582319999999921e+00	1.273734140191629116e+00
2.242242242242242223e-01	3.901368738289405336e+00	-1.114156600000000052e+00	1.175833081190116092e+00
2.252252252252252285e-01	3.902703791989023063e+00	-1.172433759999999880e+00	1.045298335854765615e+00
2.262262262262262347e-01	3.903437322730524794e+00	-9.846517999999999660e-01	1.208466767523953767e+00
2.272272272272272131e-01	3.903570769928164097e+00	-7.968698400000000515e-01	8.168625315179022239e-01
2.282282282282282193e-01	3.901490485709740774e+00	-6.155631200000000192e-01	5.557930408472013806e-01
2.292292292292292255e-01	3.896845682534676225e+00	-4.666325999999999530e-01	6.210604135148766192e-01
2.302302302302302317e-01	3.890194037646574898e+00	-3.500782800000000750e-01	4.252582955118507924e-01
2.312312312312312379e-01	3.880293415155175119e+00	5.111286400000001340e-01	-7.169207261724660496e-01
2.322322322322322163e-01	3.867084110330783808e+00	5.758810400000000662e-01	-2.274154311649017046e-01
2.332332332332332225e-01	3.855024304336077901e+00	3.880990800000000407e-01	1.020373171961676869e-03
2.342342342342342287e-01	3.848096325454954947e+00	1.307583159999999856e+00	-1.336960766515380872e+00
2.352352352352352349e-01	3.845883885497721533e+00	8.025144400000000511e-01	-4.884849218356027145e-01
2.362362362362362411e-01	3.845461605237431524e+00	1.016197360000000049e+00	-5.863859808371156834e-01
2.372372372372372473e-01	3.844869032649566254e+00	2.262180799999999881e-01	-6.842870398386284858e-01
2.382382382382382258e-01	3.845967138793733309e+00	1.226142399999999993e-01	2.947235501765002597e-01
2.392392392392392320e-01	3.851735014278153013e+00	-4.148306800000000072e-01	4.578919818456884672e-01
2.402402402402402382e-01	3.862295766270846364e+00	-8.810479599999999634e-01	1.371635199193141919e+00
2.412412412412412444e-01	3.875953345454779875e+00	-1.029978480000000030e+00	1.273734140191629116e+00
2.422422422422422505e-01	3.889271782332365923e+00	-1.036453719999999912e+00	1.143199394856278639e+00
2.432432432432432290e-01	3.897739306179391239e+00	-1.127107080000000039e+00	1.404268885526979593e+00
2.442442442442442352e-01	3.900939741066627775e+00	-1.114156600000000052e+00	1.045298335854765615e+00
2.452452452452452414e-01	3.902549097760266150e+00	-1.178908999999999985e+00	1.175833081190116092e+00
2.462462462462462476e-01	3.904318624183932940e+00	-9.976022799999999524e-01	1.110565708522440964e+00
2.472472472472472538e-01	3.904594779632213353e+00	-8.033450799999999337e-01	6.210604135148766192e-01
2.482482482482482600e-01	3.901649806791287034e+00	-6.090878800000000259e-01	7.842288451840646601e-01
2.492492492492492384e-01	3.896710806548226103e+00	-4.666325999999999530e-01	4.252582955118507924e-01
2.502502502502502724e-01	3.891702231423368019e+00	-3.371277999999999775e-01	7.842288451840646601e-01
2.512512512512512508e-01	3.883424083089305423e+00	4.399010000000000420e-01	-7.169207261724660496e-01
2.522522522522522292e-01	3.868748247176791555e+00	6.212077200000000188e-01	-6.424699949571360813e-02
2.532532532532532632e-01	3.853938636745016133e+00	4.269505200000000000e-01	1.315551185073121632e-01
2.542542542542542416e-01	3.846639575760555374e+00	1.314058399999999960e+00	-1.434861825516893896e+00
2.552552552552552756e-01	3.845085445960615189e+00	7.830887200000000714e-01	-6.190196671709531362e-01
2.562562562562562540e-01	3.844174412259123486e+00	1.048573559999999905e+00	-5.863859808371156834e-01
2.572572572572572325e-01	3.844054494024308877e+00	2.909704799999999758e-01	-7.495544125063037244e-01
2.582582582582582664e-01	3.847619847489148981e+00	1.226142399999999993e-01	3.273572365103378790e-01
2.592592592592592449e-01	3.854911619277197055e+00	-4.148306800000000072e-01	4.578919818456884672e-01
2.602602602602602788e-01	3.864539327664968660e+00	-8.939984399999999498e-01	1.469536258194654943e+00
2.612612612612612573e-01	3.876108073542915200e+00	-1.036453719999999912e+00	1.339001512859304244e+00
2.622622622622622357e-01	3.887539392150133555e+00	-1.029978480000000030e+00	1.175833081190116092e+00
2.632632632632632697e-01	3.896143398941147584e+00	-1.127107080000000039e+00	1.143199394856278639e+00
2.642642642642642481e-01	3.901563321897064895e+00	-1.114156600000000052e+00	1.110565708522440964e+00
2.652652652652652820e-01	3.904442614232763287e+00	-1.172433759999999880e+00	1.077932022188603289e+00
2.662662662662662605e-01	3.905654951103017858e+00	-9.911270399999999592e-01	1.241100453857791219e+00
2.672672672672672389e-01	3.904865853193912884e+00	-7.903945999999999472e-01	7.842288451840646601e-01
2.682682682682682729e-01	3.900535463315169871e+00	-6.155631200000000192e-01	7.842288451840646601e-01
2.692692692692692513e-01	3.894027204135400932e+00	-4.666325999999999530e-01	7.842288451840646601e-01
2.702702702702702853e-01	3.887852055632416093e+00	-3.565535200000000127e-01	5.884267271810389444e-01
2.712712712712712637e-01	3.880018449117546009e+00	3.751485999999999432e-01	-5.863859808371156834e-01
2.722722722722722422e-01	3.867872982502516876e+00	5.953067600000000459e-01	-2.600491174987393794e-01
2.732732732732732761e-01	3.855310801811778099e+00	3.751485999999999432e-01	1.020373171961676869e-03
2.742742742742742545e-01	3.848214140728327237e+00	1.301107919999999973e+00	-1.369594452849218325e+00
2.752752752752752885e-01	3.846112577540893085e+00	7.960392000000000579e-01	-4.558512355017650397e-01
2.762762762762762669e-01	3.844802196855336085e+00	1.029147840000000036e+00	-5.537522945032778976e-01
2.772772772772773009e-01	3.843210382914841183e+00	2.650695199999999474e-01	-6.190196671709531362e-01
2.782782782782782793e-01	3.843951285803839379e+00	1.096637599999999990e-01	2.620898638426626404e-01
2.792792792792792578e-01	3.849749244625152667e+00	-4.277811600000000491e-01	2.947235501765002597e-01
2.802802802802802917e-01	3.860832250284513378e+00	-8.875231999999999566e-01	1.436902571860817046e+00
2.812812812812812702e-01	3.874472215369846761e+00	-1.042928960000000016e+00	1.143199394856278639e+00
2.822822822822823041e-01	3.886687044362332255e+00	-1.042928960000000016e+00	1.273734140191629116e+00
2.832832832832832826e-01	3.895230169464072745e+00	-1.133582319999999921e+00	1.208466767523953767e+00
2.842842842842842610e-01	3.900348220845886615e+00	-1.114156600000000052e+00	1.175833081190116092e+00
2.852852852852852950e-01	3.903194294969579925e+00	-1.172433759999999880e+00	1.012664649520927940e+00
2.862862862862862734e-01	3.904597995469323291e+00	-9.976022799999999524e-01	1.273734140191629116e+00
2.872872872872873073e-01	3.904069088521522790e+00	-8.162955600000000311e-01	8.168625315179022239e-01
2.882882882882882858e-01	3.900565099299688754e+00	-6.155631200000000192e-01	8.821299041855775735e-01
2.892892892892892642e-01	3.895037978853709948e+00	-4.536821200000000776e-01	5.557930408472013806e-01
2.902902902902902982e-01	3.888731195358996917e+00	-3.436030400000000262e-01	6.210604135148766192e-01
2.912912912912912766e-01	3.879768698059303578e+00	3.168714400000000042e-01	-7.495544125063037244e-01
2.922922922922923106e-01	3.867586640737735060e+00	6.212077200000000188e-01	-1.947817448310640853e-01
2.932932932932932890e-01	3.856634888872796374e+00	3.945743200000000339e-01	-3.161331316187596802e-02
2.942942942942942675e-01	3.849889407020310017e+00	1.294632679999999869e+00	-1.141158648512355045e+00
2.952952952952953014e-01	3.845945005101855774e+00	7.571877599999999875e-01	-4.558512355017650397e-01
2.962962962962962798e-01	3.843400495166916286e+00	1.016197360000000049e+00	-4.558512355017650397e-01
2.972972972972973138e-01	3.842055375058173627e+00	2.391685600000000023e-01	-8.148217851739789630e-01
2.982982982982982922e-01	3.843159030773545481e+00	1.031885200000000058e-01	2.294561775088249655e-01
2.992992992992992707e-01	3.849319665335364515e+00	-4.213059199999999449e-01	1.968224911749873740e-01
3.003003003003003046e-01	3.861132994145605402e+00	-9.004736800000000541e-01	1.208466767523953767e+00
3.013013013013012831e-01	3.875695632675632218e+00	-1.049404199999999898e+00	1.241100453857791219e+00
3.023023023023023170e-01	3.889020257945557280e+00	-1.042928960000000016e+00	1.012664649520927940e+00
3.033033033033032955e-01	3.898355510077586406e+00	-1.127107080000000039e+00	1.436902571860817046e+00
3.043043043043043294e-01	3.902775304082845675e+00	-1.114156600000000052e+00	1.339001512859304244e+00
3.053053053053053079e-01	3.903291364299599664e+00	-1.178908999999999985e+00	1.208466767523953767e+00
3.063063063063062863e-01	3.901920324772135906e+00	-9.911270399999999592e-01	1.306367826525466569e+00
3.073073073073073203e-01	3.900361331927890696e+00	-8.098203199999999269e-01	7.189614725163894215e-01
3.083083083083082987e-01	3.899149642508190183e+00	-6.220383600000000124e-01	5.884267271810389444e-01
3.093093093093093326e-01	3.897114918768603165e+00	-4.731078399999999462e-01	6.210604135148766192e-01
3.103103103103103111e-01	3.892374407936349812e+00	-3.500782800000000750e-01	4.578919818456884672e-01
3.113113113113112895e-01	3.882723791181759143e+00	2.521190400000000165e-01	-4.884849218356027145e-01
3.123123123123123235e-01	3.868051707811872131e+00	6.082572400000001434e-01	-9.688068582955121355e-02
3.133133133133133019e-01	3.854390854250441922e+00	4.075248000000000759e-01	3.365405950579927752e-02
3.143143143143143359e-01	3.847637569147484449e+00	1.301107919999999973e+00	-1.206426021180030395e+00
3.153153153153153143e-01	3.845581499125217295e+00	7.766134800000000782e-01	-5.863859808371156834e-01
3.163163163163162928e-01	3.843901123881686921e+00	1.022672600000000154e+00	-6.516533535047908110e-01
3.173173173173173267e-01	3.843135023820879237e+00	2.780200000000000449e-01	-8.148217851739789630e-01
3.183183183183183051e-01	3.845752518077227844e+00	1.161389999999999922e-01	2.294561775088249655e-01
3.193193193193193391e-01	3.852405188464340213e+00	-4.277811600000000491e-01	3.926246091780131731e-01
3.203203203203203175e-01	3.862634905636010973e+00	-8.939984399999999498e-01	1.469536258194654943e+00
3.213213213213212960e-01	3.875339020026084658e+00	-1.049404199999999898e+00	1.175833081190116092e+00
3.223223223223223299e-01	3.887451566857881513e+00	-1.042928960000000016e+00	1.273734140191629116e+00
3.233233233233233084e-01	3.895736951986159546e+00	-1.133582319999999921e+00	1.110565708522440964e+00
3.243243243243243423e-01	3.899812918530185080e+00	-1.114156600000000052e+00	1.110565708522440964e+00
3.253253253253253208e-01	3.901795861470432669e+00	-1.185384240000000089e+00	9.800309631870904870e-01
3.263263263263262992e-01	3.903699865148504422e+00	-9.976022799999999524e-01	1.306367826525466569e+00
3.273273273273273332e-01	3.904425708125488281e+00	-8.033450799999999337e-01	8.168625315179022239e-01
3.283283283283283116e-01	3.901471050961082820e+00	-6.285136000000000056e-01	7.842288451840646601e-01
3.293293293293293456e-01	3.895969405588797674e+00	-4.666325999999999530e-01	5.884267271810389444e-01
3.303303303303303240e-01	3.890048103720540329e+00	-3.371277999999999775e-01	5.231593545133637058e-01
3.313313313313313024e-01	3.881350716913638532e+00	1.679409199999999935e-01	-6.842870398386284858e-01
3.323323323323323364e-01	3.868815504065519661e+00	6.471086800000001027e-01	-2.274154311649017046e-01
3.333333333333333148e-01	3.857920325029879027e+00	3.492476399999999703e-01	3.365405950579927752e-02
3.343343343343343488e-01	3.852071939280371282e+00	1.268731720000000118e+00	-1.369594452849218325e+00
3.353353353353353272e-01	3.848359345323203673e+00	7.636630000000000917e-01	-4.884849218356027145e-01
3.363363363363363057e-01	3.844967191446298838e+00	9.838211600000000834e-01	-6.190196671709531362e-01
3.373373373373373396e-01	3.843847361600274848e+00	2.132676000000000016e-01	-6.190196671709531362e-01
3.383383383383383181e-01	3.846630718574854502e+00	8.376279999999999837e-02	3.926246091780131731e-01
3.393393393393393520e-01	3.852880514458814520e+00	-4.148306800000000072e-01	3.273572365103378790e-01
3.403403403403403304e-01	3.862154123094727165e+00	-8.939984399999999498e-01	1.567437317196167523e+00
3.413413413413413644e-01	3.874283792569453766e+00	-1.036453719999999912e+00	1.208466767523953767e+00
3.423423423423423428e-01	3.886948995318349365e+00	-1.042928960000000016e+00	1.208466767523953767e+00
3.433433433433433213e-01	3.896574858152254794e+00	-1.133582319999999921e+00	1.273734140191629116e+00
3.443443443443443552e-01	3.901636419448924364e+00	-1.114156600000000052e+00	1.143199394856278639e+00
3.453453453453453337e-01	3.903678139939582792e+00	-1.198334720000000075e+00	1.175833081190116092e+00
3.463463463463463676e-01	3.904970407193780080e+00	-9.717013200000000905e-01	1.175833081190116092e+00
3.473473473473473461e-01	3.904839462592540666e+00	-8.033450799999999337e-01	1.012664649520927940e+00
3.483483483483483245e-01	3.901224207499259578e+00	-6.090878800000000259e-01	7.515951588502269853e-01
3.493493493493493585e-01	3.894950022036817838e+00	-4.666325999999999530e-01	6.863277861825517467e-01
3.503503503503503369e-01	3.887749556156593123e+00	-3.500782800000000750e-01	4.578919818456884672e-01
3.513513513513513709e-01	3.878689709459765655e+00	1.420399599999999929e-01	-7.495544125063037244e-01
3.523523523523523493e-01	3.866962879743496728e+00	6.341582000000000052e-01	-3.253164901664145625e-01
3.533533533533533277e-01	3.855669578418078114e+00	3.880990800000000407e-01	-1.295143721633888190e-01
3.543543543543543617e-01	3.848759124179048197e+00	1.294632679999999869e+00	-1.206426021180030395e+00
3.553553553553553401e-01	3.846125012990737613e+00	7.312868000000000146e-01	-5.211186081694403338e-01
3.563563563563563741e-01	3.844951465199637930e+00	1.003246880000000063e+00	-3.253164901664145625e-01
3.573573573573573525e-01	3.844449704469208751e+00	2.585942800000000097e-01	-5.211186081694403338e-01
3.583583583583583310e-01	3.846692469436658435e+00	9.671327999999999869e-02	4.578919818456884672e-01
3.593593593593593649e-01	3.853173500437411469e+00	-4.213059199999999449e-01	3.599909228441755538e-01
3.603603603603603434e-01	3.863472055030306773e+00	-8.939984399999999498e-01	1.404268885526979593e+00
3.613613613613613773e-01	3.876105310978286589e+00	-1.055879440000000002e+00	9.473972768532528121e-01
3.623623623623623557e-01	3.888179562571638215e+00	-1.029978480000000030e+00	1.306367826525466569e+00
3.633633633633633342e-01	3.897061737738833020e+00	-1.127107080000000039e+00	1.077932022188603289e+00
3.643643643643643681e-01	3.902134993722179424e+00	-1.120631839999999935e+00	1.273734140191629116e+00
3.653653653653653466e-01	3.903953476590501737e+00	-1.198334720000000075e+00	1.208466767523953767e+00
3.663663663663663805e-01	3.904093816020440144e+00	-9.976022799999999524e-01	1.241100453857791219e+00
3.673673673673673590e-01	3.903536918530321032e+00	-8.098203199999999269e-01	1.045298335854765615e+00
3.683683683683683929e-01	3.900967047686824785e+00	-6.155631200000000192e-01	6.536940998487140719e-01
3.693693693693693714e-01	3.895799106320257277e+00	-4.601573600000000153e-01	6.536940998487140719e-01
3.703703703703703498e-01	3.889332750774678438e+00	-3.565535200000000127e-01	4.252582955118507924e-01
3.713713713713713838e-01	3.880752235830441599e+00	1.031885200000000058e-01	-6.516533535047908110e-01
3.723723723723723622e-01	3.868593492435727921e+00	6.147324800000000256e-01	-1.947817448310640853e-01
3.733733733733733962e-01	3.856663378218376792e+00	3.233466799999999974e-01	1.641888048411497825e-01
3.743743743743743746e-01	3.849937584855626316e+00	1.275206959999999778e+00	-1.271693393847705744e+00
3.753753753753753530e-01	3.847299597546846694e+00	7.571877599999999875e-01	-3.579501765002521818e-01
3.763763763763763870e-01	3.845449998176510675e+00	9.838211600000000834e-01	-6.842870398386284858e-01
3.773773773773773654e-01	3.844771951630960860e+00	2.326933200000000090e-01	-5.537522945032778976e-01
3.783783783783783994e-01	3.847540943478064079e+00	9.023803999999999159e-02	2.620898638426626404e-01
3.793793793793793778e-01	3.854247210060144813e+00	-4.213059199999999449e-01	3.926246091780131731e-01
3.803803803803803563e-01	3.863737165814093544e+00	-8.939984399999999498e-01	1.436902571860817046e+00
3.813813813813813902e-01	3.875195294089225584e+00	-1.049404199999999898e+00	1.241100453857791219e+00
3.823823823823823687e-01	3.887413134687251581e+00	-1.042928960000000016e+00	1.241100453857791219e+00
3.833833833833834026e-01	3.897266352301119507e+00	-1.133582319999999921e+00	1.273734140191629116e+00
3.843843843843843811e-01	3.902286673095366698e+00	-1.120631839999999935e+00	1.208466767523953767e+00
3.853853853853853595e-01	3.903635806105844264e+00	-1.198334720000000075e+00	1.110565708522440964e+00
3.863863863863863934e-01	3.903950167665704019e+00	-9.652260799999999863e-01	1.208466767523953767e+00
3.873873873873873719e-01	3.903565616016241524e+00	-8.162955600000000311e-01	8.494962178517398987e-01
3.883883883883884058e-01	3.900840903012186001e+00	-6.155631200000000192e-01	8.494962178517398987e-01
3.893893893893893843e-01	3.895944591889388242e+00	-4.795830800000000504e-01	6.210604135148766192e-01
3.903903903903903627e-01	3.890233267177247267e+00	-3.500782800000000750e-01	6.536940998487140719e-01
3.913913913913913967e-01	3.881523335789478057e+00	9.023803999999999159e-02	-7.169207261724660496e-01
3.923923923923923751e-01	3.868334671274178849e+00	6.276829600000000120e-01	-1.947817448310640853e-01
3.933933933933934091e-01	3.856073070044384821e+00	3.492476399999999703e-01	9.892143217347457163e-02
3.943943943943943875e-01	3.849753639992489429e+00	1.268731720000000118e+00	-1.271693393847705744e+00
3.953953953953953659e-01	3.847561280342144840e+00	7.248115600000000214e-01	-5.537522945032778976e-01
3.963963963963963999e-01	3.845976133087012805e+00	9.838211600000000834e-01	-4.884849218356027145e-01
3.973973973973973783e-01	3.844628518463031330e+00	2.132676000000000016e-01	-7.495544125063037244e-01
3.983983983983984123e-01	3.846240789737926491e+00	7.728756000000000514e-02	3.926246091780131731e-01
3.993993993993993907e-01	3.853173415412681102e+00	-4.148306800000000072e-01	2.620898638426626404e-01
4.004004004004003692e-01	3.864321109905452190e+00	-9.004736800000000541e-01	1.697972062531518000e+00
4.014014014014014031e-01	3.876763362562716697e+00	-1.042928960000000016e+00	1.143199394856278639e+00
4.024024024024023816e-01	3.887718690168846969e+00	-1.049404199999999898e+00	1.306367826525466569e+00
4.034034034034034155e-01	3.895622579546595965e+00	-1.127107080000000039e+00	1.077932022188603289e+00
4.044044044044043940e-01	3.900705751544301325e+00	-1.114156600000000052e+00	1.077932022188603289e+00
4.054054054054054279e-01	3.903566819860793125e+00	-1.185384240000000089e+00	1.077932022188603289e+00
4.064064064064064064e-01	3.904766587191799587e+00	-9.976022799999999524e-01	1.012664649520927940e+00
4.074074074074073848e-01	3.903950595381327826e+00	-8.098203199999999269e-01	1.012664649520927940e+00
4.084084084084084187e-01	3.900032373696283194e+00	-6.155631200000000192e-01	5.557930408472013806e-01
4.094094094094093972e-01	3.894540057373791164e+00	-4.666325999999999530e-01	9.147635905194151373e-01
4.104104104104104311e-01	3.889249890967346523e+00	-3.500782800000000750e-01	6.210604135148766192e-01
4.114114114114114096e-01	3.881202009219269389e+00	7.728756000000000514e-02	-5.537522945032778976e-01
4.124124124124123880e-01	3.868352614410521806e+00	6.147324800000000256e-01	-2.274154311649017046e-01
4.134134134134134220e-01	3.856060142261749313e+00	3.686733600000000055e-01	1.020373171961676869e-03
4.144144144144144004e-01	3.849793001954458393e+00	1.301107919999999973e+00	-1.500129198184569024e+00
4.154154154154154344e-01	3.847960173608170997e+00	7.442372800000001121e-01	-3.905838628340898566e-01
4.164164164164164128e-01	3.846558373608721215e+00	9.838211600000000834e-01	-5.863859808371156834e-01
4.174174174174173912e-01	3.844757152939122236e+00	2.521190400000000165e-01	-5.211186081694403338e-01
4.184184184184184252e-01	3.845217050935318515e+00	7.728756000000000514e-02	4.905256681795260310e-01
4.194194194194194036e-01	3.851166359860239474e+00	-4.213059199999999449e-01	3.599909228441755538e-01
4.204204204204204376e-01	3.862354103330559063e+00	-9.069489200000000473e-01	1.600071003530005198e+00
4.214214214214214160e-01	3.875295374523356262e+00	-1.055879440000000002e+00	1.012664649520927940e+00
4.224224224224223945e-01	3.887162781542893075e+00	-1.049404199999999898e+00	1.241100453857791219e+00
4.234234234234234284e-01	3.896401298176757511e+00	-1.133582319999999921e+00	1.175833081190116092e+00
4.244244244244244069e-01	3.901826432725565397e+00	-1.120631839999999935e+00	1.143199394856278639e+00
4.254254254254254408e-01	3.903707917838663999e+00	-1.198334720000000075e+00	1.208466767523953767e+00
4.264264264264264193e-01	3.903616541309383958e+00	-9.652260799999999863e-01	1.339001512859304244e+00
4.274274274274273977e-01	3.902325288883943699e+00	-8.227708000000000244e-01	8.168625315179022239e-01
4.284284284284284317e-01	3.899121124370553471e+00	-6.220383600000000124e-01	8.821299041855775735e-01
4.294294294294294101e-01	3.894114533221787688e+00	-4.731078399999999462e-01	4.252582955118507924e-01
4.304304304304304440e-01	3.888340233935313250e+00	-3.500782800000000750e-01	6.210604135148766192e-01
4.314314314314314225e-01	3.880362328049456355e+00	7.081231999999999804e-02	-6.842870398386284858e-01
4.324324324324324564e-01	3.868867317919364890e+00	6.212077200000000188e-01	-2.600491174987393794e-01
4.334334334334334349e-01	3.857341976283279017e+00	3.103962000000000110e-01	1.641888048411497825e-01
4.344344344344344133e-01	3.850123504223042392e+00	1.275206959999999778e+00	-1.271693393847705744e+00
4.354354354354354473e-01	3.846963338657897857e+00	7.442372800000001121e-01	-4.232175491679274204e-01
4.364364364364364257e-01	3.844897011918246399e+00	9.643954399999999927e-01	-5.211186081694403338e-01
4.374374374374374597e-01	3.843601840610145537e+00	1.744161599999999868e-01	-7.821880988401412882e-01
4.384384384384384381e-01	3.845654809081014758e+00	7.728756000000000514e-02	3.926246091780131731e-01
4.394394394394394165e-01	3.852404225345416489e+00	-4.277811600000000491e-01	3.273572365103378790e-01
4.404404404404404505e-01	3.863061627006597831e+00	-9.004736800000000541e-01	1.436902571860817046e+00
4.414414414414414289e-01	3.875714337380231189e+00	-1.042928960000000016e+00	1.241100453857791219e+00
4.424424424424424629e-01	3.887498013920188011e+00	-1.049404199999999898e+00	1.306367826525466569e+00
4.434434434434434413e-01	3.895995077269812423e+00	-1.133582319999999921e+00	1.306367826525466569e+00
4.444444444444444198e-01	3.900780225645504196e+00	-1.114156600000000052e+00	1.175833081190116092e+00
4.454454454454454537e-01	3.903217214133848589e+00	-1.191859479999999971e+00	1.077932022188603289e+00
4.464464464464464322e-01	3.904540418833244875e+00	-9.976022799999999524e-01	1.175833081190116092e+00
4.474474474474474661e-01	3.904003021160041609e+00	-8.227708000000000244e-01	8.821299041855775735e-01
4.484484484484484446e-01	3.900478554316540780e+00	-6.090878800000000259e-01	7.189614725163894215e-01
4.494494494494494230e-01	3.895411463858327927e+00	-4.731078399999999462e-01	6.536940998487140719e-01
4.504504504504504570e-01	3.890144397323834102e+00	-3.500782800000000750e-01	5.231593545133637058e-01
4.514514514514514354e-01	3.881775632542427523e+00	8.376279999999999837e-02	-4.884849218356027145e-01
4.524524524524524693e-01	3.868393883660431243e+00	6.147324800000000256e-01	-1.947817448310640853e-01
4.534534534534534478e-01	3.855092417557741236e+00	3.621981200000000678e-01	4.578919818456884672e-01
4.544544544544544262e-01	3.847814524668644154e+00	1.294632679999999869e+00	-1.434861825516893896e+00
4.554554554554554602e-01	3.845665699640228308e+00	7.183363200000001392e-01	-3.579501765002521818e-01
4.564564564564564386e-01	3.844169925765911877e+00	9.708706800000000969e-01	-6.190196671709531362e-01
4.574574574574574726e-01	3.842764612853384776e+00	2.262180799999999881e-01	-8.800891578416540906e-01
4.584584584584584510e-01	3.844799106680589773e+00	8.376279999999999837e-02	3.599909228441755538e-01
4.594594594594594295e-01	3.852034387464690290e+00	-4.277811600000000491e-01	1.641888048411497825e-01
4.604604604604604634e-01	3.863068439552394651e+00	-8.939984399999999498e-01	1.697972062531518000e+00
4.614614614614614418e-01	3.875425170701868094e+00	-1.055879440000000002e+00	1.143199394856278639e+00
4.624624624624624758e-01	3.886640130186090225e+00	-1.049404199999999898e+00	1.469536258194654943e+00
4.634634634634634542e-01	3.894754493501235260e+00	-1.127107080000000039e+00	1.469536258194654943e+00
4.644644644644644327e-01	3.899229872065328006e+00	-1.114156600000000052e+00	1.208466767523953767e+00
4.654654654654654666e-01	3.900913618265231531e+00	-1.211285200000000062e+00	1.045298335854765615e+00
4.664664664664664451e-01	3.901318737170475615e+00	-9.522755999999999998e-01	1.143199394856278639e+00
4.674674674674674790e-01	3.901501716113049856e+00	-8.292460400000000176e-01	6.536940998487140719e-01
4.684684684684684575e-01	3.900450112126581548e+00	-6.155631200000000192e-01	8.168625315179022239e-01
4.694694694694694914e-01	3.896832136841362537e+00	-4.731078399999999462e-01	6.210604135148766192e-01
4.704704704704704699e-01	3.891027665836751304e+00	-3.436030400000000262e-01	7.842288451840646601e-01
4.714714714714714483e-01	3.881607387700301448e+00	7.728756000000000514e-02	-5.863859808371156834e-01
4.724724724724724823e-01	3.867304491922236576e+00	5.953067600000000459e-01	-2.274154311649017046e-01
4.734734734734734607e-01	3.853844858197596146e+00	3.103962000000000110e-01	1.020373171961676869e-03
4.744744744744744946e-01	3.847613118575803792e+00	1.281682200000000105e+00	-1.500129198184569024e+00
4.754754754754754731e-01	3.846628457204268603e+00	7.377620400000000078e-01	-5.211186081694403338e-01
4.764764764764764515e-01	3.845631398631278675e+00	9.579201999999999995e-01	-5.211186081694403338e-01
4.774774774774774855e-01	3.844090114838379701e+00	1.938418799999999942e-01	-7.821880988401412882e-01
4.784784784784784639e-01	3.845431585309801559e+00	6.433707999999999094e-02	4.905256681795260310e-01
4.794794794794794979e-01	3.851482172289375505e+00	-4.277811600000000491e-01	3.926246091780131731e-01
4.804804804804804763e-01	3.861157516631237741e+00	-9.069489200000000473e-01	1.306367826525466569e+00
4.814814814814814548e-01	3.873231182619413016e+00	-1.055879440000000002e+00	1.469536258194654943e+00
4.824824824824824887e-01	3.885764213065640238e+00	-1.055879440000000002e+00	1.143199394856278639e+00
4.834834834834834671e-01	3.895088950293363883e+00	-1.133582319999999921e+00	1.404268885526979593e+00
4.844844844844845011e-01	3.899705454270228966e+00	-1.120631839999999935e+00	1.045298335854765615e+00
4.854854854854854795e-01	3.901937221024791125e+00	-1.198334720000000075e+00	1.110565708522440964e+00
4.864864864864864580e-01	3.903522938210871374e+00	-9.587508399999999931e-01	1.241100453857791219e+00
4.874874874874874919e-01	3.903389197062264060e+00	-8.292460400000000176e-01	9.147635905194151373e-01
4.884884884884884704e-01	3.900131010557230216e+00	-6.220383600000000124e-01	7.189614725163894215e-01
4.894894894894895043e-01	3.894519913544960854e+00	-4.731078399999999462e-01	6.863277861825517467e-01
4.904904904904904828e-01	3.888229007922851643e+00	-3.371277999999999775e-01	5.231593545133637058e-01
4.914914914914914612e-01	3.879375204221706230e+00	9.023803999999999159e-02	-5.537522945032778976e-01
4.924924924924924952e-01	3.866015721517847226e+00	5.953067600000000459e-01	-2.600491174987393794e-01
4.934934934934934736e-01	3.853659429198040609e+00	3.298219200000001017e-01	2.294561775088249655e-01
4.944944944944945076e-01	3.848108133757603078e+00	1.275206959999999778e+00	-1.304327080181543197e+00
4.954954954954954860e-01	3.846627792960714221e+00	7.118610800000001460e-01	-4.232175491679274204e-01
4.964964964964965199e-01	3.844786433374741463e+00	9.449697200000000130e-01	-4.558512355017650397e-01
4.974974974974974984e-01	3.843443173869389717e+00	1.549904400000000071e-01	-7.495544125063037244e-01
4.984984984984984768e-01	3.845824584517874456e+00	6.433707999999999094e-02	4.252582955118507924e-01
4.994994994994995108e-01	3.852855416057261007e+00	-4.148306800000000072e-01	3.599909228441755538e-01
5.005005005005005447e-01	3.862989908358817281e+00	-9.134241599999999295e-01	1.534803630862329848e+00
5.015015015015015232e-01	3.874838570709659979e+00	-1.042928960000000016e+00	1.110565708522440964e+00
5.025025025025025016e-01	3.886922194940137132e+00	-1.049404199999999898e+00	1.306367826525466569e+00
5.035035035035034801e-01	3.896616709432048076e+00	-1.140057560000000025e+00	1.241100453857791219e+00
5.045045045045044585e-01	3.901797791883973243e+00	-1.114156600000000052e+00	1.339001512859304244e+00
5.055055055055055480e-01	3.902872254120616446e+00	-1.204809959999999958e+00	1.273734140191629116e+00
5.065065065065065264e-01	3.902356262101959405e+00	-9.522755999999999998e-01	1.371635199193141919e+00
5.075075075075075048e-01	3.901269371927847285e+00	-8.227708000000000244e-01	8.168625315179022239e-01
5.085085085085084833e-01	3.898347886157995656e+00	-6.155631200000000192e-01	8.168625315179022239e-01
5.095095095095094617e-01	3.893758499807578932e+00	-4.795830800000000504e-01	5.557930408472013806e-01
5.105105105105105512e-01	3.888385454408993525e+00	-3.630287599999999504e-01	3.926246091780131731e-01
5.115115115115115296e-01	3.880209023771324706e+00	1.031885200000000058e-01	-5.537522945032778976e-01
5.125125125125125081e-01	3.868532877859971464e+00	5.694058000000000730e-01	-4.884849218356027145e-01
5.135135135135134865e-01	3.857781479936406299e+00	3.557228800000000746e-01	3.926246091780131731e-01
5.145145145145144649e-01	3.851248568675856188e+00	1.288157439999999765e+00	-1.239059707513868069e+00
5.155155155155155544e-01	3.847825042736742418e+00	7.183363200000001392e-01	-2.600491174987393794e-01
5.165165165165165329e-01	3.845171908699719143e+00	9.643954399999999927e-01	-4.884849218356027145e-01
5.175175175175175113e-01	3.843010245063166241e+00	2.067923600000000084e-01	-6.842870398386284858e-01
5.185185185185184897e-01	3.844553074799103687e+00	5.786183999999999772e-02	2.294561775088249655e-01
5.195195195195194682e-01	3.851746672828967544e+00	-4.277811600000000491e-01	2.620898638426626404e-01
5.205205205205205576e-01	3.862706292477632086e+00	-9.069489200000000473e-01	1.143199394856278639e+00
5.215215215215215361e-01	3.875233115446683474e+00	-1.055879440000000002e+00	1.273734140191629116e+00
5.225225225225225145e-01	3.887386333656408510e+00	-1.049404199999999898e+00	1.339001512859304244e+00
5.235235235235234930e-01	3.897030895097940206e+00	-1.133582319999999921e+00	1.371635199193141919e+00
5.245245245245244714e-01	3.902641997187013434e+00	-1.101206119999999844e+00	1.273734140191629116e+00
5.255255255255255609e-01	3.904174372537589921e+00	-1.204809959999999958e+00	1.110565708522440964e+00
5.265265265265265393e-01	3.903517735006405864e+00	-9.587508399999999931e-01	1.306367826525466569e+00
5.275275275275275177e-01	3.902242385488686516e+00	-8.486717599999999972e-01	7.515951588502269853e-01
5.285285285285284962e-01	3.899734753156843592e+00	-6.285136000000000056e-01	7.189614725163894215e-01
5.295295295295294746e-01	3.894981854324276238e+00	-4.860583200000000437e-01	6.863277861825517467e-01
5.305305305305305641e-01	3.888102689240027221e+00	-3.371277999999999775e-01	5.231593545133637058e-01
5.315315315315315425e-01	3.878586726549261954e+00	1.290894800000000064e-01	-3.579501765002521818e-01
5.325325325325325210e-01	3.866333535585310788e+00	5.694058000000000730e-01	-9.688068582955121355e-02
5.335335335335334994e-01	3.855419288163781211e+00	2.844952399999999826e-01	1.641888048411497825e-01
5.345345345345344779e-01	3.849672989755124508e+00	1.275206959999999778e+00	-1.173792334846192720e+00
5.355355355355355673e-01	3.846893381997157135e+00	7.183363200000001392e-01	-6.190196671709531362e-01
5.365365365365365458e-01	3.844279393050721527e+00	9.255440000000001444e-01	-4.558512355017650397e-01
5.375375375375375242e-01	3.843435202404474005e+00	1.096637599999999990e-01	-8.800891578416540906e-01
5.385385385385385026e-01	3.846465615034604824e+00	5.786183999999999772e-02	3.926246091780131731e-01
5.395395395395394811e-01	3.853474011240187735e+00	-4.148306800000000072e-01	2.947235501765002597e-01
5.405405405405405705e-01	3.863832542731803432e+00	-9.004736800000000541e-01	1.502169944528492396e+00
5.415415415415415490e-01	3.876153103656237331e+00	-1.049404199999999898e+00	1.110565708522440964e+00
5.425425425425425274e-01	3.887916201624448842e+00	-1.055879440000000002e+00	1.273734140191629116e+00
5.435435435435435059e-01	3.896474470868355855e+00	-1.133582319999999921e+00	1.208466767523953767e+00
5.445445445445444843e-01	3.900845605414210659e+00	-1.120631839999999935e+00	1.110565708522440964e+00
5.455455455455455738e-01	3.902411152556191531e+00	-1.211285200000000062e+00	1.175833081190116092e+00
5.465465465465465522e-01	3.903729952516741708e+00	-9.393251199999999024e-01	1.175833081190116092e+00
5.475475475475475307e-01	3.905014575307958147e+00	-8.292460400000000176e-01	8.821299041855775735e-01
5.485485485485485091e-01	3.902766906157244531e+00	-6.220383600000000124e-01	7.189614725163894215e-01
5.495495495495495986e-01	3.896002688557570703e+00	-4.731078399999999462e-01	7.515951588502269853e-01
5.505505505505505770e-01	3.888097373184423500e+00	-3.500782800000000750e-01	5.231593545133637058e-01
5.515515515515515554e-01	3.879725796488661782e+00	1.290894800000000064e-01	-4.884849218356027145e-01
5.525525525525525339e-01	3.869187766927620675e+00	5.758810400000000662e-01	-2.274154311649017046e-01
5.535535535535535123e-01	3.858436654882391625e+00	3.362971600000000394e-01	3.273572365103378790e-01
5.545545545545546018e-01	3.850952737214009325e+00	1.288157439999999765e+00	-1.369594452849218325e+00
5.555555555555555802e-01	3.846886286633103946e+00	6.989106000000000485e-01	-4.558512355017650397e-01
5.565565565565565587e-01	3.844619297543408809e+00	9.514449600000001173e-01	-5.537522945032778976e-01
5.575575575575575371e-01	3.843805829589658440e+00	2.003171200000000152e-01	-5.211186081694403338e-01
5.585585585585585155e-01	3.845655506909201549e+00	4.491135999999999739e-02	4.578919818456884672e-01
5.595595595595596050e-01	3.852093698922999465e+00	-4.277811600000000491e-01	4.905256681795260310e-01
5.605605605605605835e-01	3.863335154412317785e+00	-9.263746400000000270e-01	1.469536258194654943e+00
5.615615615615615619e-01	3.876537151505346834e+00	-1.042928960000000016e+00	1.143199394856278639e+00
5.625625625625625403e-01	3.888365217947285846e+00	-1.055879440000000002e+00	1.077932022188603289e+00
5.635635635635635188e-01	3.897223206950623631e+00	-1.127107080000000039e+00	1.045298335854765615e+00
5.645645645645646082e-01	3.902830672946024482e+00	-1.120631839999999935e+00	1.175833081190116092e+00
5.655655655655655867e-01	3.905898242512174434e+00	-1.217760439999999944e+00	9.800309631870904870e-01
5.665665665665665651e-01	3.907261284170551185e+00	-9.458003599999998956e-01	1.436902571860817046e+00
5.675675675675675436e-01	3.905924896096285348e+00	-8.486717599999999972e-01	9.473972768532528121e-01
5.685685685685685220e-01	3.900502734449325715e+00	-6.285136000000000056e-01	8.494962178517398987e-01
5.695695695695696115e-01	3.892908161880721973e+00	-4.860583200000000437e-01	6.863277861825517467e-01
5.705705705705705899e-01	3.886442095759953030e+00	-3.371277999999999775e-01	5.884267271810389444e-01
5.715715715715715683e-01	3.879819171734158356e+00	1.355647199999999997e-01	-5.537522945032778976e-01
5.725725725725725468e-01	3.869674627164181313e+00	5.629305600000000798e-01	-1.947817448310640853e-01
5.735735735735735252e-01	3.858461863796651237e+00	2.715447599999999961e-01	1.315551185073121632e-01
5.745745745745746147e-01	3.851359564078854270e+00	1.294632679999999869e+00	-1.173792334846192720e+00
5.755755755755755931e-01	3.848314368761790227e+00	7.312868000000000146e-01	-3.905838628340898566e-01
5.765765765765765716e-01	3.845873253267129588e+00	9.320192400000000266e-01	-3.905838628340898566e-01
5.775775775775775500e-01	3.843575682201979760e+00	1.808914000000000077e-01	-5.211186081694403338e-01
5.785785785785785285e-01	3.844415789140992246e+00	3.843611999999999723e-02	2.620898638426626404e-01
5.795795795795796179e-01	3.850373790260643858e+00	-4.277811600000000491e-01	3.926246091780131731e-01
5.805805805805805964e-01	3.861155950999152431e+00	-9.069489200000000473e-01	1.469536258194654943e+00
5.815815815815815748e-01	3.875377774848978163e+00	-1.049404199999999898e+00	1.045298335854765615e+00
5.825825825825825532e-01	3.889298469316567086e+00	-1.055879440000000002e+00	1.306367826525466569e+00
5.835835835835835317e-01	3.898372176682361800e+00	-1.127107080000000039e+00	1.273734140191629116e+00
5.845845845845846211e-01	3.901919434433112066e+00	-1.133582319999999921e+00	1.208466767523953767e+00
5.855855855855855996e-01	3.902672867067726870e+00	-1.217760439999999944e+00	1.306367826525466569e+00
5.865865865865865780e-01	3.902595554150174451e+00	-9.393251199999999024e-01	1.208466767523953767e+00
5.875875875875875565e-01	3.901546582424741505e+00	-8.486717599999999972e-01	1.045298335854765615e+00
5.885885885885885349e-01	3.898463202179304421e+00	-6.285136000000000056e-01	6.210604135148766192e-01
5.895895895895896244e-01	3.893130979308975004e+00	-4.860583200000000437e-01	5.884267271810389444e-01
5.905905905905906028e-01	3.886617910803055853e+00	-3.500782800000000750e-01	5.231593545133637058e-01
5.915915915915915813e-01	3.878678803686831156e+00	1.226142399999999993e-01	-3.905838628340898566e-01
5.925925925925925597e-01	3.868150202885973332e+00	5.564553199999999755e-01	-1.947817448310640853e-01
5.935935935935935381e-01	3.857554055783530611e+00	2.780200000000000449e-01	2.294561775088249655e-01
5.945945945945946276e-01	3.851130384976430232e+00	1.275206959999999778e+00	-1.336960766515380872e+00
5.955955955955956060e-01	3.848210741448880867e+00	7.053858400000000417e-01	-4.232175491679274204e-01
5.965965965965965845e-01	3.845427330440402969e+00	9.320192400000000266e-01	-5.211186081694403338e-01
5.975975975975975629e-01	3.843432543232820020e+00	1.679409199999999935e-01	-8.148217851739789630e-01
5.985985985985985414e-01	3.845647794344036807e+00	5.138659999999999756e-02	3.926246091780131731e-01
5.995995995995996308e-01	3.853008962248251290e+00	-4.342563999999999869e-01	2.947235501765002597e-01
6.006006006006006093e-01	3.863409752336181668e+00	-9.004736800000000541e-01	1.567437317196167523e+00
6.016016016016015877e-01	3.874764279630156683e+00	-1.049404199999999898e+00	1.045298335854765615e+00
6.026026026026025662e-01	3.886252632109528982e+00	-1.062354679999999885e+00	1.339001512859304244e+00
6.036036036036035446e-01	3.896072554288203538e+00	-1.127107080000000039e+00	1.241100453857791219e+00
6.046046046046046341e-01	3.901213547740907117e+00	-1.127107080000000039e+00	1.143199394856278639e+00
6.056056056056056125e-01	3.902029698913835443e+00	-1.217760439999999944e+00	1.045298335854765615e+00
6.066066066066065909e-01	3.902349512641614115e+00	-9.458003599999998956e-01	1.273734140191629116e+00
6.076076076076075694e-01	3.902687081163030758e+00	-8.421965199999998930e-01	8.494962178517398987e-01
6.086086086086086588e-01	3.899808982493000897e+00	-6.220383600000000124e-01	7.515951588502269853e-01
6.096096096096096373e-01	3.893621998472097445e+00	-4.795830800000000504e-01	6.536940998487140719e-01
6.106106106106106157e-01	3.887152824728139056e+00	-3.371277999999999775e-01	6.863277861825517467e-01
6.116116116116115942e-01	3.879610322549029267e+00	1.226142399999999993e-01	-4.232175491679274204e-01
6.126126126126125726e-01	3.867776716171130502e+00	5.694058000000000730e-01	-6.424699949571360813e-02
6.136136136136136621e-01	3.854819345166699218e+00	2.715447599999999961e-01	1.315551185073121632e-01
6.146146146146146405e-01	3.847818258761178445e+00	1.275206959999999778e+00	-1.336960766515380872e+00
6.156156156156156189e-01	3.846960377690269883e+00	7.312868000000000146e-01	-5.537522945032778976e-01
6.166166166166165974e-01	3.846437399559744286e+00	9.190687600000001511e-01	-7.169207261724660496e-01
6.176176176176175758e-01	3.844469526672748216e+00	2.197428399999999948e-01	-5.863859808371156834e-01
6.186186186186186653e-01	3.845408572132850367e+00	5.138659999999999756e-02	2.294561775088249655e-01
6.196196196196196437e-01	3.852219202516645069e+00	-4.407316399999999801e-01	5.557930408472013806e-01
6.206206206206206222e-01	3.862998661054085403e+00	-9.198994000000000337e-01	1.567437317196167523e+00
6.216216216216216006e-01	3.875120432860385211e+00	-1.049404199999999898e+00	1.241100453857791219e+00
6.226226226226225791e-01	3.886449335723682008e+00	-1.062354679999999885e+00	1.339001512859304244e+00
6.236236236236236685e-01	3.894725394638439475e+00	-1.127107080000000039e+00	1.273734140191629116e+00
6.246246246246246470e-01	3.899608061908222290e+00	-1.127107080000000039e+00	1.077932022188603289e+00
6.256256256256256254e-01	3.902229304713364932e+00	-1.217760439999999944e+00	1.175833081190116092e+00
6.266266266266266038e-01	3.903422169724874102e+00	-9.134241599999999295e-01	1.110565708522440964e+00
6.276276276276275823e-01	3.902836606015616994e+00	-8.357212800000000108e-01	1.077932022188603289e+00
6.286286286286286717e-01	3.899160302975473780e+00	-6.349888400000001099e-01	7.842288451840646601e-01
6.296296296296296502e-01	3.893361598986917915e+00	-4.860583200000000437e-01	7.515951588502269853e-01
6.306306306306306286e-01	3.887463178460427660e+00	-3.500782800000000750e-01	7.189614725163894215e-01
6.316316316316316071e-01	3.879350483747783240e+00	1.226142399999999993e-01	-5.211186081694403338e-01
6.326326326326325855e-01	3.867399628724800031e+00	5.758810400000000662e-01	-2.600491174987393794e-01
6.336336336336336750e-01	3.856638777459360234e+00	2.391685600000000023e-01	9.892143217347457163e-02
6.346346346346346534e-01	3.851443140566615853e+00	1.275206959999999778e+00	-1.271693393847705744e+00
6.356356356356356319e-01	3.848848954183602178e+00	7.183363200000001392e-01	-4.558512355017650397e-01
6.366366366366366103e-01	3.845137726490328145e+00	9.125935200000000469e-01	-4.558512355017650397e-01
6.376376376376375887e-01	3.842191256008401279e+00	1.290894800000000064e-01	-6.190196671709531362e-01
6.386386386386386782e-01	3.843727240734819972e+00	3.196087999999999707e-02	5.884267271810389444e-01
6.396396396396396566e-01	3.850618563131472438e+00	-4.342563999999999869e-01	3.273572365103378790e-01
6.406406406406406351e-01	3.861840991063638207e+00	-9.134241599999999295e-01	1.600071003530005198e+00
6.416416416416416135e-01	3.875293563817589160e+00	-1.049404199999999898e+00	1.012664649520927940e+00
6.426426426426425920e-01	3.887549488195567005e+00	-1.062354679999999885e+00	1.241100453857791219e+00
6.436436436436436814e-01	3.896123603710257122e+00	-1.133582319999999921e+00	1.175833081190116092e+00
6.446446446446446599e-01	3.900855660506315825e+00	-1.120631839999999935e+00	1.143199394856278639e+00
6.456456456456456383e-01	3.902866829053823317e+00	-1.211285200000000062e+00	1.175833081190116092e+00
6.466466466466466168e-01	3.903199979963122068e+00	-9.004736800000000541e-01	1.208466767523953767e+00
6.476476476476475952e-01	3.901795028050396574e+00	-8.551469999999999905e-01	8.821299041855775735e-01
6.486486486486486847e-01	3.898409487518025518e+00	-6.349888400000001099e-01	7.189614725163894215e-01
6.496496496496496631e-01	3.893955409858563588e+00	-4.925335599999999814e-01	6.536940998487140719e-01
6.506506506506506415e-01	3.888844839247393104e+00	-3.565535200000000127e-01	5.557930408472013806e-01
6.516516516516516200e-01	3.881010973632476269e+00	1.355647199999999997e-01	-2.926828038325769432e-01
6.526526526526525984e-01	3.869060389189027394e+00	5.694058000000000730e-01	-2.600491174987393794e-01
6.536536536536536879e-01	3.856954647867866903e+00	2.974457200000000245e-01	3.926246091780131731e-01
6.546546546546546663e-01	3.850133182152732481e+00	1.294632679999999869e+00	-1.271693393847705744e+00
6.556556556556556448e-01	3.847802308137478366e+00	7.183363200000001392e-01	-2.926828038325769432e-01
6.566566566566566232e-01	3.845482228500312960e+00	9.190687600000001511e-01	-4.232175491679274204e-01
6.576576576576576016e-01	3.843137129297419463e+00	2.003171200000000152e-01	-6.190196671709531362e-01
6.586586586586586911e-01	3.844642897948531424e+00	3.843611999999999723e-02	4.252582955118507924e-01
6.596596596596596696e-01	3.851844457452578752e+00	-4.472068799999999733e-01	3.273572365103378790e-01
6.606606606606606480e-01	3.863529744640212815e+00	-9.198994000000000337e-01	1.436902571860817046e+00
6.616616616616616264e-01	3.877028589760373567e+00	-1.049404199999999898e+00	1.110565708522440964e+00
6.626626626626626049e-01	3.889046640970460711e+00	-1.055879440000000002e+00	1.208466767523953767e+00
6.636636636636636943e-01	3.897032885180494510e+00	-1.133582319999999921e+00	1.469536258194654943e+00
6.646646646646646728e-01	3.900220255438817674e+00	-1.127107080000000039e+00	1.175833081190116092e+00
6.656656656656656512e-01	3.900694246868835702e+00	-1.224235680000000048e+00	1.273734140191629116e+00
6.666666666666666297e-01	3.901333480443866630e+00	-9.004736800000000541e-01	1.045298335854765615e+00
6.676676676676676081e-01	3.901375908242036505e+00	-8.616222399999999837e-01	8.494962178517398987e-01
6.686686686686686976e-01	3.898534913682877079e+00	-6.349888400000001099e-01	6.210604135148766192e-01
6.696696696696696760e-01	3.893624578314487827e+00	-4.925335599999999814e-01	3.926246091780131731e-01
6.706706706706706544e-01	3.888286070917797765e+00	-3.436030400000000262e-01	7.189614725163894215e-01
6.716716716716716329e-01	3.880906016415685222e+00	1.161389999999999922e-01	-3.905838628340898566e-01
6.726726726726726113e-01	3.869778506712131527e+00	5.694058000000000730e-01	6.628774583963688294e-02
6.736736736736737008e-01	3.857915222712683168e+00	2.326933200000000090e-01	6.628774583963688294e-02
6.746746746746746792e-01	3.849728667063178733e+00	1.275206959999999778e+00	-1.075891275844679917e+00
6.756756756756756577e-01	3.845489238004850208e+00	7.312868000000000146e-01	-4.884849218356027145e-01
6.766766766766766361e-01	3.843009424365179783e+00	9.061182800000000537e-01	-5.211186081694403338e-01
6.776776776776777256e-01	3.842673288370451079e+00	1.808914000000000077e-01	-9.127228441754917654e-01
6.786786786786787040e-01	3.846502550970965384e+00	3.843611999999999723e-02	4.905256681795260310e-01
6.796796796796796825e-01	3.854431506857410206e+00	-4.407316399999999801e-01	1.968224911749873740e-01
6.806806806806806609e-01	3.864880895799183147e+00	-9.069489200000000473e-01	1.795873121533031025e+00
6.816816816816816393e-01	3.876188176566143895e+00	-1.049404199999999898e+00	1.208466767523953767e+00
6.826826826826827288e-01	3.886607279863032893e+00	-1.062354679999999885e+00	1.306367826525466569e+00
6.836836836836837072e-01	3.894470182361823518e+00	-1.133582319999999921e+00	1.436902571860817046e+00
6.846846846846846857e-01	3.899287228616624468e+00	-1.120631839999999935e+00	1.045298335854765615e+00
6.856856856856856641e-01	3.901856479237430175e+00	-1.211285200000000062e+00	1.143199394856278639e+00
6.866866866866866426e-01	3.902680159045496477e+00	-8.939984399999999498e-01	1.175833081190116092e+00
6.876876876876877320e-01	3.901983349428361336e+00	-8.616222399999999837e-01	8.494962178517398987e-01
6.886886886886887105e-01	3.899751423193990263e+00	-6.414640799999999921e-01	8.821299041855775735e-01
6.896896896896896889e-01	3.895508542266907348e+00	-4.860583200000000437e-01	7.842288451840646601e-01
6.906906906906906674e-01	3.888840244978054805e+00	-3.565535200000000127e-01	5.884267271810389444e-01
6.916916916916916458e-01	3.879031056673282407e+00	1.031885200000000058e-01	-6.424699949571360813e-02
6.926926926926927353e-01	3.866909663699213073e+00	5.888315200000000527e-01	-3.253164901664145625e-01
6.936936936936937137e-01	3.856408396626370472e+00	2.262180799999999881e-01	3.273572365103378790e-01
6.946946946946946921e-01	3.850496797912902114e+00	1.268731720000000118e+00	-1.369594452849218325e+00
6.956956956956956706e-01	3.848041599966433690e+00	7.118610800000001460e-01	-4.232175491679274204e-01
6.966966966966966490e-01	3.846287614858983073e+00	9.061182800000000537e-01	-3.905838628340898566e-01
6.976976976976977385e-01	3.844756695854795847e+00	1.679409199999999935e-01	-7.821880988401412882e-01
6.986986986986987169e-01	3.846137807475307202e+00	2.548563999999999691e-02	4.905256681795260310e-01
6.996996996996996954e-01	3.852760386867675191e+00	-4.342563999999999869e-01	3.926246091780131731e-01
7.007007007007006738e-01	3.863791166279327616e+00	-9.134241599999999295e-01	1.534803630862329848e+00
7.017017017017016522e-01	3.876604290151377974e+00	-1.055879440000000002e+00	1.110565708522440964e+00
7.027027027027027417e-01	3.888492267898602250e+00	-1.055879440000000002e+00	1.273734140191629116e+00
7.037037037037037202e-01	3.896990042559636436e+00	-1.127107080000000039e+00	1.241100453857791219e+00
7.047047047047046986e-01	3.900776005941243518e+00	-1.127107080000000039e+00	1.143199394856278639e+00
7.057057057057056770e-01	3.901375602202976633e+00	-1.217760439999999944e+00	1.110565708522440964e+00
7.067067067067066555e-01	3.901898772220655065e+00	-9.134241599999999295e-01	1.208466767523953767e+00
7.077077077077077449e-01	3.902348751437268781e+00	-8.680974800000000879e-01	9.147635905194151373e-01
7.087087087087087234e-01	3.899605545098940862e+00	-6.349888400000001099e-01	8.494962178517398987e-01
7.097097097097097018e-01	3.893797007247912223e+00	-4.925335599999999814e-01	6.863277861825517467e-01
7.107107107107106803e-01	3.887987834083582062e+00	-3.500782800000000750e-01	6.536940998487140719e-01
7.117117117117116587e-01	3.880571310479641767e+00	9.671327999999999869e-02	-3.579501765002521818e-01
7.127127127127127482e-01	3.868824585441622776e+00	6.017820000000000391e-01	-2.600491174987393794e-01
7.137137137137137266e-01	3.857241963105914717e+00	2.326933200000000090e-01	2.947235501765002597e-01
7.147147147147147050e-01	3.850732298941226261e+00	1.281682200000000105e+00	-1.075891275844679917e+00
7.157157157157156835e-01	3.847354435291892916e+00	7.312868000000000146e-01	-4.558512355017650397e-01
7.167167167167166619e-01	3.844632397806369006e+00	9.190687600000001511e-01	-1.947817448310640853e-01
7.177177177177177514e-01	3.843864340273142943e+00	2.003171200000000152e-01	-7.169207261724660496e-01
7.187187187187187298e-01	3.846633699034097909e+00	2.548563999999999691e-02	5.231593545133637058e-01
7.197197197197197083e-01	3.852947197023042225e+00	-4.472068799999999733e-01	1.968224911749873740e-01
7.207207207207206867e-01	3.862471033979195667e+00	-9.198994000000000337e-01	1.404268885526979593e+00
7.217217217217216652e-01	3.874703073941085929e+00	-1.049404199999999898e+00	1.045298335854765615e+00
7.227227227227227546e-01	3.887553615841903287e+00	-1.055879440000000002e+00	9.473972768532528121e-01
7.237237237237237331e-01	3.897337909077711604e+00	-1.140057560000000025e+00	1.404268885526979593e+00
7.247247247247247115e-01	3.901873562572481191e+00	-1.120631839999999935e+00	1.175833081190116092e+00
7.257257257257256899e-01	3.902862330164562632e+00	-1.217760439999999944e+00	1.436902571860817046e+00
7.267267267267266684e-01	3.902942927928882977e+00	-9.069489200000000473e-01	1.306367826525466569e+00
7.277277277277277578e-01	3.902280426878246722e+00	-8.745727199999999701e-01	9.147635905194151373e-01
7.287287287287287363e-01	3.899770253087162519e+00	-6.349888400000001099e-01	6.210604135148766192e-01
7.297297297297297147e-01	3.895229292930073584e+00	-4.795830800000000504e-01	4.905256681795260310e-01
7.307307307307306932e-01	3.889300852165506139e+00	-3.371277999999999775e-01	4.252582955118507924e-01
7.317317317317316716e-01	3.881245830674267427e+00	9.023803999999999159e-02	-9.688068582955121355e-02
7.327327327327327611e-01	3.869981678690427973e+00	6.212077200000000188e-01	-3.579501765002521818e-01
7.337337337337337395e-01	3.858453399694957042e+00	1.938418799999999942e-01	3.273572365103378790e-01
7.347347347347347180e-01	3.850840275665173174e+00	1.275206959999999778e+00	-1.075891275844679917e+00
7.357357357357356964e-01	3.846938494431844990e+00	7.248115600000000214e-01	-4.558512355017650397e-01
7.367367367367367859e-01	3.844500155073617975e+00	8.866925599999999630e-01	-2.926828038325769432e-01
7.377377377377377643e-01	3.843475837984644983e+00	1.161389999999999922e-01	-9.779902168431670040e-01
7.387387387387387427e-01	3.845646467846912220e+00	1.901039999999999675e-02	5.231593545133637058e-01
7.397397397397397212e-01	3.852348729894600421e+00	-4.407316399999999801e-01	2.947235501765002597e-01
7.407407407407406996e-01	3.863508531255843703e+00	-9.004736800000000541e-01	1.469536258194654943e+00
7.417417417417417891e-01	3.877009668140498189e+00	-1.062354679999999885e+00	1.175833081190116092e+00
7.427427427427427675e-01	3.889006706808161962e+00	-1.062354679999999885e+00	1.404268885526979593e+00
7.437437437437437460e-01	3.896642142457722446e+00	-1.120631839999999935e+00	1.273734140191629116e+00
7.447447447447447244e-01	3.899644718367110574e+00	-1.120631839999999935e+00	1.273734140191629116e+00
7.457457457457457028e-01	3.900548558535728905e+00	-1.224235680000000048e+00	1.012664649520927940e+00
7.467467467467467923e-01	3.902317570746801412e+00	-9.393251199999999024e-01	1.175833081190116092e+00
7.477477477477477708e-01	3.903477136393318059e+00	-8.810479599999999634e-01	9.147635905194151373e-01
7.487487487487487492e-01	3.900733107805811173e+00	-6.414640799999999921e-01	6.863277861825517467e-01
7.497497497497497276e-01	3.895380940047700857e+00	-4.990087999999999191e-01	6.536940998487140719e-01
7.507507507507507061e-01	3.890003569044787834e+00	-3.436030400000000262e-01	6.536940998487140719e-01
7.517517517517517955e-01	3.882484660172915270e+00	9.023803999999999159e-02	-1.295143721633888190e-01
7.527527527527527740e-01	3.870657010705174983e+00	6.276829600000000120e-01	-2.274154311649017046e-01
7.537537537537537524e-01	3.858395974454271737e+00	2.456437999999999955e-01	3.273572365103378790e-01
7.547547547547547309e-01	3.850267343846755175e+00	1.288157439999999765e+00	-1.206426021180030395e+00
7.557557557557557093e-01	3.846044216377311198e+00	7.248115600000000214e-01	-4.884849218356027145e-01
7.567567567567567988e-01	3.843916992249899245e+00	9.061182800000000537e-01	-4.884849218356027145e-01
7.577577577577577772e-01	3.843880798973317248e+00	1.808914000000000077e-01	-7.169207261724660496e-01
7.587587587587587556e-01	3.847209310318029374e+00	1.253515999999999658e-02	4.252582955118507924e-01
7.597597597597597341e-01	3.854158663736579449e+00	-4.342563999999999869e-01	3.926246091780131731e-01
7.607607607607607125e-01	3.863914548981431274e+00	-9.263746400000000270e-01	1.567437317196167523e+00
7.617617617617618020e-01	3.875781369258388231e+00	-1.068829919999999989e+00	1.077932022188603289e+00
7.627627627627627804e-01	3.887516824273128613e+00	-1.062354679999999885e+00	1.306367826525466569e+00
7.637637637637637589e-01	3.895511158469447288e+00	-1.133582319999999921e+00	1.436902571860817046e+00
7.647647647647647373e-01	3.898978086123153997e+00	-1.120631839999999935e+00	1.143199394856278639e+00
7.657657657657657158e-01	3.901035562478663898e+00	-1.217760439999999944e+00	1.241100453857791219e+00
7.667667667667668052e-01	3.903625469596224473e+00	-9.328498800000000202e-01	1.077932022188603289e+00
7.677677677677677837e-01	3.904195163013596925e+00	-8.810479599999999634e-01	9.473972768532528121e-01
7.687687687687687621e-01	3.900243190392182147e+00	-6.414640799999999921e-01	7.515951588502269853e-01
7.697697697697697405e-01	3.893931198102570157e+00	-4.860583200000000437e-01	8.821299041855775735e-01
7.707707707707707190e-01	3.888289752957653889e+00	-3.436030400000000262e-01	4.578919818456884672e-01
7.717717717717718084e-01	3.881265175494849284e+00	9.671327999999999869e-02	3.365405950579927752e-02
7.727727727727727869e-01	3.869720848623430243e+00	6.535839199999999849e-01	-4.558512355017650397e-01
7.737737737737737653e-01	3.857126359309359653e+00	1.808914000000000077e-01	9.892143217347457163e-02
7.747747747747747438e-01	3.849234578125657613e+00	1.275206959999999778e+00	-1.239059707513868069e+00
7.757757757757757222e-01	3.846517837626147518e+00	7.377620400000000078e-01	-6.516533535047908110e-01
7.767767767767768117e-01	3.846031616079011339e+00	8.866925599999999630e-01	-1.621480584972264660e-01
7.777777777777777901e-01	3.845654108344693345e+00	1.808914000000000077e-01	-7.821880988401412882e-01
7.787787787787787686e-01	3.846426953652770209e+00	1.253515999999999658e-02	7.189614725163894215e-01
7.797797797797797470e-01	3.851408740558186494e+00	-4.342563999999999869e-01	5.884267271810389444e-01
7.807807807807807254e-01	3.861475932564651270e+00	-8.939984399999999498e-01	1.600071003530005198e+00
7.817817817817818149e-01	3.874616845789841335e+00	-1.062354679999999885e+00	1.012664649520927940e+00
7.827827827827827933e-01	3.887040126271533946e+00	-1.062354679999999885e+00	1.241100453857791219e+00
7.837837837837837718e-01	3.895211957300679373e+00	-1.133582319999999921e+00	1.208466767523953767e+00
7.847847847847847502e-01	3.899258757970275546e+00	-1.127107080000000039e+00	1.208466767523953767e+00
7.857857857857857287e-01	3.901486226670207280e+00	-1.211285200000000062e+00	1.175833081190116092e+00
7.867867867867868181e-01	3.902418136515086733e+00	-9.587508399999999931e-01	1.241100453857791219e+00
7.877877877877877966e-01	3.900954023603231402e+00	-8.745727199999999701e-01	1.012664649520927940e+00
7.887887887887887750e-01	3.897170251873450564e+00	-6.479393199999999853e-01	7.842288451840646601e-01
7.897897897897897534e-01	3.892854840056340304e+00	-4.925335599999999814e-01	7.842288451840646601e-01
7.907907907907907319e-01	3.887862186834307732e+00	-3.500782800000000750e-01	5.557930408472013806e-01
7.917917917917918214e-01	3.879255487164414706e+00	7.728756000000000514e-02	-2.274154311649017046e-01
7.927927927927927998e-01	3.866995629583539706e+00	6.406334400000001095e-01	-3.253164901664145625e-01
7.937937937937937782e-01	3.856042805030406750e+00	2.067923600000000084e-01	2.620898638426626404e-01
7.947947947947947567e-01	3.850122705320823346e+00	1.255781239999999910e+00	-1.108524962178517592e+00
7.957957957957957351e-01	3.847501652761470936e+00	7.183363200000001392e-01	-3.579501765002521818e-01
7.967967967967968246e-01	3.845100782807646222e+00	8.802173200000000808e-01	-3.905838628340898566e-01
7.977977977977978030e-01	3.843343838101316301e+00	1.679409199999999935e-01	-6.516533535047908110e-01
7.987987987987987815e-01	3.845269338076703125e+00	6.059919999999996421e-03	3.273572365103378790e-01
7.997997997997997599e-01	3.852577570864943013e+00	-4.407316399999999801e-01	4.252582955118507924e-01
8.008008008008007383e-01	3.863497971283329502e+00	-9.134241599999999295e-01	1.371635199193141919e+00
8.018018018018018278e-01	3.874932266771896394e+00	-1.055879440000000002e+00	1.077932022188603289e+00
8.028028028028028062e-01	3.885265419264102515e+00	-1.075305160000000093e+00	1.339001512859304244e+00
8.038038038038037847e-01	3.893823311961334355e+00	-1.133582319999999921e+00	1.306367826525466569e+00
8.048048048048047631e-01	3.899521406997487727e+00	-1.120631839999999935e+00	1.143199394856278639e+00
8.058058058058058526e-01	3.901975478855389312e+00	-1.224235680000000048e+00	1.143199394856278639e+00
8.068068068068068310e-01	3.902616949359251297e+00	-9.328498800000000202e-01	1.208466767523953767e+00
8.078078078078078095e-01	3.901916222121095679e+00	-8.810479599999999634e-01	8.494962178517398987e-01
8.088088088088087879e-01	3.898223792070860227e+00	-6.414640799999999921e-01	7.189614725163894215e-01
8.098098098098097664e-01	3.892446884773061111e+00	-4.795830800000000504e-01	6.536940998487140719e-01
8.108108108108108558e-01	3.887196620814773240e+00	-3.500782800000000750e-01	5.557930408472013806e-01
8.118118118118118343e-01	3.879904664916355106e+00	9.671327999999999869e-02	-3.161331316187596802e-02
8.128128128128128127e-01	3.867426419213729538e+00	6.600591600000000891e-01	-2.274154311649017046e-01
8.138138138138137911e-01	3.855064760091652332e+00	2.262180799999999881e-01	1.315551185073121632e-01
8.148148148148147696e-01	3.849039888989085334e+00	1.281682200000000105e+00	-1.173792334846192720e+00
8.158158158158158590e-01	3.846866256632964998e+00	7.377620400000000078e-01	-5.211186081694403338e-01
8.168168168168168375e-01	3.844476047728921930e+00	8.931677999999999562e-01	-3.579501765002521818e-01
8.178178178178178159e-01	3.843116127231883450e+00	2.003171200000000152e-01	-8.148217851739789630e-01
8.188188188188187944e-01	3.845082432301565323e+00	1.253515999999999658e-02	4.578919818456884672e-01
8.198198198198197728e-01	3.851233810490570786e+00	-4.342563999999999869e-01	3.273572365103378790e-01
8.208208208208208623e-01	3.861898719293403115e+00	-9.069489200000000473e-01	1.665338376197680104e+00
8.218218218218218407e-01	3.874858985588870652e+00	-1.049404199999999898e+00	1.110565708522440964e+00
8.228228228228228192e-01	3.885847927250235312e+00	-1.055879440000000002e+00	1.600071003530005198e+00
8.238238238238237976e-01	3.893097693144254023e+00	-1.127107080000000039e+00	1.208466767523953767e+00
8.248248248248247760e-01	3.897625611070622220e+00	-1.127107080000000039e+00	1.241100453857791219e+00
8.258258258258258655e-01	3.900547984931814316e+00	-1.224235680000000048e+00	1.012664649520927940e+00
8.268268268268268439e-01	3.902536596345998365e+00	-9.846517999999999660e-01	9.800309631870904870e-01
8.278278278278278224e-01	3.902843250180926482e+00	-8.810479599999999634e-01	9.147635905194151373e-01
8.288288288288288008e-01	3.899765350647371065e+00	-6.414640799999999921e-01	6.536940998487140719e-01
8.298298298298297793e-01	3.894166698346742450e+00	-4.925335599999999814e-01	9.473972768532528121e-01
8.308308308308308687e-01	3.888063887527399842e+00	-3.500782800000000750e-01	5.231593545133637058e-01
8.318318318318318472e-01	3.879531376002748999e+00	8.376279999999999837e-02	9.892143217347457163e-02
8.328328328328328256e-01	3.866535748370547587e+00	6.730096400000000756e-01	-2.274154311649017046e-01
8.338338338338338041e-01	3.853911969139871552e+00	1.873666400000000010e-01	2.620898638426626404e-01
8.348348348348347825e-01	3.847662159326460163e+00	1.255781239999999910e+00	-1.239059707513868069e+00
8.358358358358358720e-01	3.846629092388425875e+00	7.248115600000000214e-01	-5.537522945032778976e-01
8.368368368368368504e-01	3.846105897679027219e+00	8.607915999999999901e-01	-4.558512355017650397e-01
8.378378378378378288e-01	3.844855548221028485e+00	1.161389999999999922e-01	-6.190196671709531362e-01
8.388388388388388073e-01	3.845880971992129638e+00	-4.153200000000037417e-04	5.884267271810389444e-01
8.398398398398397857e-01	3.851907069388546212e+00	-4.277811600000000491e-01	4.578919818456884672e-01
8.408408408408408752e-01	3.862168474638869142e+00	-9.004736800000000541e-01	1.697972062531518000e+00
8.418418418418418536e-01	3.874098143791089743e+00	-1.062354679999999885e+00	1.045298335854765615e+00
8.428428428428428321e-01	3.885103566346608250e+00	-1.062354679999999885e+00	1.436902571860817046e+00
8.438438438438438105e-01	3.893644063313481674e+00	-1.140057560000000025e+00	1.143199394856278639e+00
8.448448448448447889e-01	3.899312954857305336e+00	-1.133582319999999921e+00	1.143199394856278639e+00
8.458458458458458784e-01	3.901376027433704596e+00	-1.211285200000000062e+00	1.241100453857791219e+00
8.468468468468468568e-01	3.900684093398354424e+00	-9.717013200000000905e-01	1.110565708522440964e+00
8.478478478478478353e-01	3.899837691289963715e+00	-8.875231999999999566e-01	9.147635905194151373e-01
8.488488488488488137e-01	3.898320403958241087e+00	-6.414640799999999921e-01	8.821299041855775735e-01
8.498498498498497922e-01	3.893808545163359280e+00	-4.925335599999999814e-01	6.210604135148766192e-01
8.508508508508508816e-01	3.886877094591649318e+00	-3.436030400000000262e-01	6.863277861825517467e-01
8.518518518518518601e-01	3.877995010555049582e+00	9.671327999999999869e-02	-9.688068582955121355e-02
8.528528528528528385e-01	3.866737898375480320e+00	6.924353600000000553e-01	-2.274154311649017046e-01
8.538538538538538170e-01	3.856797471570487801e+00	2.262180799999999881e-01	2.947235501765002597e-01
8.548548548548547954e-01	3.851817829381962266e+00	1.281682200000000105e+00	-1.206426021180030395e+00
8.558558558558558849e-01	3.849252262709566885e+00	7.183363200000001392e-01	-4.232175491679274204e-01
8.568568568568568633e-01	3.846060390237178606e+00	8.802173200000000808e-01	-3.253164901664145625e-01
8.578578578578578417e-01	3.843794487890835221e+00	1.873666400000000010e-01	-7.169207261724660496e-01
8.588588588588588202e-01	3.845343768307198040e+00	-4.153200000000037417e-04	5.884267271810389444e-01
8.598598598598597986e-01	3.851468483899217254e+00	-4.277811600000000491e-01	3.599909228441755538e-01
8.608608608608608881e-01	3.861255427040955368e+00	-9.134241599999999295e-01	1.534803630862329848e+00
8.618618618618618665e-01	3.873608939907904780e+00	-1.049404199999999898e+00	1.077932022188603289e+00
8.628628628628628450e-01	3.886100923039803590e+00	-1.068829919999999989e+00	1.306367826525466569e+00
8.638638638638638234e-01	3.895345161242179444e+00	-1.120631839999999935e+00	1.436902571860817046e+00
8.648648648648649129e-01	3.900096350305136017e+00	-1.127107080000000039e+00	1.110565708522440964e+00
8.658658658658658913e-01	3.901694908903142966e+00	-1.211285200000000062e+00	1.306367826525466569e+00
8.668668668668668698e-01	3.902513562887006238e+00	-1.010552759999999939e+00	1.077932022188603289e+00
8.678678678678678482e-01	3.902914147983601811e+00	-8.875231999999999566e-01	9.800309631870904870e-01
8.688688688688688266e-01	3.899941878456420596e+00	-6.479393199999999853e-01	7.189614725163894215e-01
8.698698698698699161e-01	3.893430742989229643e+00	-4.925335599999999814e-01	7.189614725163894215e-01
8.708708708708708945e-01	3.887027754132091673e+00	-3.500782800000000750e-01	5.557930408472013806e-01
8.718718718718718730e-01	3.879694433195797210e+00	1.161389999999999922e-01	1.641888048411497825e-01
8.728728728728728514e-01	3.868394243783996878e+00	7.053858400000000417e-01	-3.579501765002521818e-01
8.738738738738738299e-01	3.857015003058573921e+00	1.808914000000000077e-01	3.273572365103378790e-01
8.748748748748749193e-01	3.850929007118994551e+00	1.249306000000000250e+00	-1.239059707513868069e+00
8.758758758758758978e-01	3.848756717429915764e+00	7.442372800000001121e-01	-3.579501765002521818e-01
8.768768768768768762e-01	3.846391556686991731e+00	8.543163600000001079e-01	-3.579501765002521818e-01
8.778778778778778547e-01	3.844041161791049266e+00	1.614656800000000003e-01	-7.495544125063037244e-01
8.788788788788788331e-01	3.845081947301161485e+00	-4.153200000000037417e-04	3.599909228441755538e-01
8.798798798798799226e-01	3.851320341207453701e+00	-4.407316399999999801e-01	1.641888048411497825e-01
8.808808808808809010e-01	3.862495186627364241e+00	-9.004736800000000541e-01	1.697972062531518000e+00
8.818818818818818794e-01	3.876760188447879951e+00	-1.062354679999999885e+00	9.473972768532528121e-01
8.828828828828828579e-01	3.889796807115701860e+00	-1.055879440000000002e+00	1.534803630862329848e+00
8.838838838838838363e-01	3.897494698440839844e+00	-1.133582319999999921e+00	1.306367826525466569e+00
8.848848848848849258e-01	3.900099238299697291e+00	-1.127107080000000039e+00	1.273734140191629116e+00
8.858858858858859042e-01	3.900700834908865211e+00	-1.211285200000000062e+00	1.306367826525466569e+00
8.868868868868868827e-01	3.901309417133351332e+00	-1.017028000000000043e+00	1.077932022188603289e+00
8.878878878878878611e-01	3.901710922171385043e+00	-8.939984399999999498e-01	8.168625315179022239e-01
8.888888888888888395e-01	3.899636666114959294e+00	-6.414640799999999921e-01	7.515951588502269853e-01
8.898898898898899290e-01	3.894116972987977654e+00	-5.054840400000000233e-01	5.884267271810389444e-01
8.908908908908909074e-01	3.887554107644906498e+00	-3.371277999999999775e-01	6.536940998487140719e-01
8.918918918918918859e-01	3.880125700735005623e+00	1.679409199999999935e-01	1.968224911749873740e-01
8.928928928928928643e-01	3.869723112197918091e+00	7.312868000000000146e-01	-2.274154311649017046e-01
8.938938938938938428e-01	3.858759300403792558e+00	1.808914000000000077e-01	5.231593545133637058e-01
8.948948948948949322e-01	3.851629352851220656e+00	1.242830760000000145e+00	-1.206426021180030395e+00
8.958958958958959107e-01	3.848732286407705150e+00	7.377620400000000078e-01	-3.905838628340898566e-01
8.968968968968968891e-01	3.847551457318672874e+00	8.478411200000001147e-01	-3.905838628340898566e-01
8.978978978978978676e-01	3.846625227728441399e+00	1.614656800000000003e-01	-8.148217851739789630e-01
8.988988988988988460e-01	3.847458462937288104e+00	6.059919999999996421e-03	6.536940998487140719e-01
8.998998998998999355e-01	3.852567485202712749e+00	-4.407316399999999801e-01	3.273572365103378790e-01
9.009009009009009139e-01	3.862966945346455017e+00	-9.134241599999999295e-01	1.600071003530005198e+00
9.019019019019018923e-01	3.876729523697374447e+00	-1.049404199999999898e+00	1.208466767523953767e+00
9.029029029029028708e-01	3.888771516314378562e+00	-1.068829919999999989e+00	1.273734140191629116e+00
9.039039039039038492e-01	3.895595187518747782e+00	-1.127107080000000039e+00	1.404268885526979593e+00
9.049049049049049387e-01	3.899088380949588206e+00	-1.127107080000000039e+00	1.110565708522440964e+00
9.059059059059059171e-01	3.902092300033484840e+00	-1.217760439999999944e+00	1.306367826525466569e+00
9.069069069069068956e-01	3.904218074885979828e+00	-1.023503240000000147e+00	1.110565708522440964e+00
9.079079079079078740e-01	3.903625196644460615e+00	-8.939984399999999498e-01	8.821299041855775735e-01
9.089089089089088525e-01	3.899086330116829036e+00	-6.479393199999999853e-01	7.842288451840646601e-01
9.099099099099099419e-01	3.892112481613214658e+00	-4.990087999999999191e-01	7.842288451840646601e-01
9.109109109109109204e-01	3.886274755021323468e+00	-3.436030400000000262e-01	5.884267271810389444e-01
9.119119119119118988e-01	3.880202109352068884e+00	2.067923600000000084e-01	2.620898638426626404e-01
9.129129129129128772e-01	3.869586009638845692e+00	7.507125199999999943e-01	-3.905838628340898566e-01
9.139139139139138557e-01	3.857796273786565866e+00	2.132676000000000016e-01	1.968224911749873740e-01
9.149149149149149451e-01	3.851222254539630185e+00	1.249306000000000250e+00	-1.141158648512355045e+00
9.159159159159159236e-01	3.848579549484909990e+00	7.377620400000000078e-01	-4.558512355017650397e-01
9.169169169169169020e-01	3.845949372597936566e+00	8.737420800000000876e-01	-3.253164901664145625e-01
9.179179179179178805e-01	3.844322898733085303e+00	1.808914000000000077e-01	-8.148217851739789630e-01
9.189189189189188589e-01	3.846605448984984132e+00	-1.336580000000000407e-02	5.884267271810389444e-01
9.199199199199199484e-01	3.853152509219721633e+00	-4.277811600000000491e-01	3.273572365103378790e-01
9.209209209209209268e-01	3.862996270342054395e+00	-9.069489200000000473e-01	1.600071003530005198e+00
9.219219219219219053e-01	3.875521708590677683e+00	-1.049404199999999898e+00	1.077932022188603289e+00
9.229229229229228837e-01	3.887775869433346188e+00	-1.055879440000000002e+00	1.404268885526979593e+00
9.239239239239238621e-01	3.895566210702959609e+00	-1.127107080000000039e+00	1.208466767523953767e+00
9.249249249249249516e-01	3.899178449231091026e+00	-1.127107080000000039e+00	1.110565708522440964e+00
9.259259259259259300e-01	3.901801265175171007e+00	-1.211285200000000062e+00	1.273734140191629116e+00
9.269269269269269085e-01	3.903836956648121248e+00	-1.023503240000000147e+00	1.273734140191629116e+00
9.279279279279278869e-01	3.902891316320515891e+00	-8.875231999999999566e-01	8.494962178517398987e-01
9.289289289289288654e-01	3.897937549542999758e+00	-6.479393199999999853e-01	8.821299041855775735e-01
9.299299299299299548e-01	3.891788665835978378e+00	-5.054840400000000233e-01	5.231593545133637058e-01
9.309309309309309333e-01	3.886857713263198733e+00	-3.500782800000000750e-01	5.231593545133637058e-01
9.319319319319319117e-01	3.880369818049824282e+00	2.456437999999999955e-01	9.892143217347457163e-02
9.329329329329328901e-01	3.869746107051033945e+00	7.636630000000000917e-01	-5.211186081694403338e-01
9.339339339339339796e-01	3.858786548237013836e+00	1.679409199999999935e-01	3.599909228441755538e-01
9.349349349349349581e-01	3.852187778114235073e+00	1.236355520000000041e+00	-1.206426021180030395e+00
9.359359359359359365e-01	3.849161037523431972e+00	7.377620400000000078e-01	-1.947817448310640853e-01
9.369369369369369149e-01	3.846686977177081079e+00	8.348906400000000172e-01	-2.274154311649017046e-01
9.379379379379378934e-01	3.844861828630731448e+00	9.671327999999999869e-02	-7.495544125063037244e-01
9.389389389389389828e-01	3.846232430514734180e+00	-1.984104000000000423e-02	5.231593545133637058e-01
9.399399399399399613e-01	3.851846508084935561e+00	-4.342563999999999869e-01	2.294561775088249655e-01
9.409409409409409397e-01	3.861151354864927665e+00	-9.069489200000000473e-01	1.436902571860817046e+00
9.419419419419419182e-01	3.873618875773180203e+00	-1.055879440000000002e+00	1.045298335854765615e+00
9.429429429429428966e-01	3.886673049318307260e+00	-1.075305160000000093e+00	1.241100453857791219e+00
9.439439439439439861e-01	3.895743877294676416e+00	-1.127107080000000039e+00	1.404268885526979593e+00
9.449449449449449645e-01	3.899276731099756255e+00	-1.120631839999999935e+00	1.175833081190116092e+00
9.459459459459459429e-01	3.900129032152756192e+00	-1.224235680000000048e+00	1.371635199193141919e+00
9.469469469469469214e-01	3.901004663831694419e+00	-1.029978480000000030e+00	1.371635199193141919e+00
9.479479479479478998e-01	3.901038071845113198e+00	-8.939984399999999498e-01	8.168625315179022239e-01
9.489489489489489893e-01	3.898105915975491609e+00	-6.544145599999999785e-01	6.863277861825517467e-01
9.499499499499499677e-01	3.892871389692630135e+00	-4.990087999999999191e-01	6.210604135148766192e-01
9.509509509509509462e-01	3.887007096624932601e+00	-3.371277999999999775e-01	5.557930408472013806e-01
9.519519519519519246e-01	3.879072141104790816e+00	2.326933200000000090e-01	2.294561775088249655e-01
9.529529529529529031e-01	3.867845085018272400e+00	7.701382400000000850e-01	-3.579501765002521818e-01
9.539539539539539925e-01	3.857126331751861148e+00	2.132676000000000016e-01	4.252582955118507924e-01
9.549549549549549710e-01	3.850899195501020777e+00	1.242830760000000145e+00	-1.141158648512355045e+00
9.559559559559559494e-01	3.847874681931328311e+00	7.183363200000001392e-01	-5.211186081694403338e-01
9.569569569569569278e-01	3.845446874300818774e+00	8.543163600000001079e-01	-1.621480584972264660e-01
9.579579579579579063e-01	3.844203913510066961e+00	1.808914000000000077e-01	-8.800891578416540906e-01
9.589589589589589957e-01	3.846598076086822804e+00	-1.336580000000000407e-02	5.884267271810389444e-01
9.599599599599599742e-01	3.853734932681544212e+00	-4.213059199999999449e-01	2.947235501765002597e-01
9.609609609609609526e-01	3.864379361458006645e+00	-9.069489200000000473e-01	1.632704689863842651e+00
9.619619619619619311e-01	3.876327930192110305e+00	-1.068829919999999989e+00	1.143199394856278639e+00
9.629629629629629095e-01	3.887011894504618592e+00	-1.068829919999999989e+00	1.404268885526979593e+00
9.639639639639639990e-01	3.894328234781891940e+00	-1.120631839999999935e+00	1.208466767523953767e+00
9.649649649649649774e-01	3.898197430538157704e+00	-1.140057560000000025e+00	1.143199394856278639e+00
9.659659659659659559e-01	3.900059344801443562e+00	-1.217760439999999944e+00	1.241100453857791219e+00
9.669669669669669343e-01	3.901287134005881008e+00	-1.036453719999999912e+00	1.045298335854765615e+00
9.679679679679679127e-01	3.901199127606034267e+00	-8.939984399999999498e-01	9.147635905194151373e-01
9.689689689689690022e-01	3.897490395491971960e+00	-6.544145599999999785e-01	7.189614725163894215e-01
9.699699699699699806e-01	3.891138387048545866e+00	-4.990087999999999191e-01	7.189614725163894215e-01
9.709709709709709591e-01	3.885399616772642339e+00	-3.500782800000000750e-01	4.905256681795260310e-01
9.719719719719719375e-01	3.878436480620070625e+00	2.780200000000000449e-01	1.968224911749873740e-01
9.729729729729729160e-01	3.867232864027218220e+00	7.895639599999999536e-01	-3.253164901664145625e-01
9.739739739739740054e-01	3.855982453865308024e+00	1.679409199999999935e-01	3.273572365103378790e-01
9.749749749749749839e-01	3.849489157860673583e+00	1.229880280000000159e+00	-1.173792334846192720e+00
9.759759759759759623e-01	3.846173700006796370e+00	7.571877599999999875e-01	-4.232175491679274204e-01
9.769769769769769407e-01	3.843646700545646500e+00	8.413658800000000104e-01	-3.253164901664145625e-01
9.779779779779779192e-01	3.843008351495760699e+00	1.679409199999999935e-01	-7.169207261724660496e-01
9.789789789789790087e-01	3.846263824810151721e+00	-2.631628000000000439e-02	4.905256681795260310e-01
9.799799799799799871e-01	3.853409376963341515e+00	-4.213059199999999449e-01	6.210604135148766192e-01
9.809809809809809655e-01	3.863166910293982959e+00	-9.004736800000000541e-01	1.567437317196167523e+00
9.819819819819819440e-01	3.874458693936412956e+00	-1.055879440000000002e+00	1.175833081190116092e+00
9.829829829829829224e-01	3.885420943036863584e+00	-1.075305160000000093e+00	1.306367826525466569e+00
9.839839839839840119e-01	3.893323876586226806e+00	-1.127107080000000039e+00	1.175833081190116092e+00
9.849849849849849903e-01	3.897246614490532668e+00	-1.133582319999999921e+00	1.045298335854765615e+00
9.859859859859859688e-01	3.899591175932432208e+00	-1.217760439999999944e+00	1.012664649520927940e+00
9.869869869869869472e-01	3.901892138320427250e+00	-1.029978480000000030e+00	1.241100453857791219e+00
9.879879879879879256e-01	3.901667077296286035e+00	-8.939984399999999498e-01	8.168625315179022239e-01
9.889889889889890151e-01	3.897320251941929214e+00	-6.479393199999999853e-01	9.147635905194151373e-01
9.899899899899899935e-01	3.891307924065658508e+00	-5.054840400000000233e-01	8.168625315179022239e-01
9.909909909909909720e-01	3.885815473758354788e+00	-3.500782800000000750e-01	5.884267271810389444e-01
9.919919919919919504e-01	3.878624019686880420e+00	2.650695199999999474e-01	2.294561775088249655e-01
9.929929929929930399e-01	3.867416931952595505e+00	7.766134800000000782e-01	-4.232175491679274204e-01
9.939939939939940183e-01	3.856360393307072254e+00	1.744161599999999868e-01	1.641888048411497825e-01
9.949949949949949968e-01	3.850477959612305323e+00	1.229880280000000159e+00	-1.075891275844679917e+00
9.959959959959959752e-01	3.847900301438751836e+00	7.377620400000000078e-01	-6.842870398386284858e-01
9.969969969969969537e-01	3.845057020979309126e+00	8.348906400000000172e-01	-3.161331316187596802e-02
9.979979979979980431e-01	3.843143424050572854e+00	1.485152000000000139e-01	-7.169207261724660496e-01
9.989989989989990216e-01	3.846013010185117320e+00	-1.984104000000000423e-02	6.536940998487140719e-01
1.000000000000000000e+00	3.854217761921995944e+00	-4.342563999999999869e-01	4.578919818456884672e-01
