Time(s)\disp(mm)\Force(Lb)\Force(Lb)
0.000000000000000000e+00	3.775599689055790797e+00	3.178927520000000229e+00	-3.001278769541099845e+00
1.000250062515629012e-03	3.767727327455891562e+00	3.224254200000000292e+00	-3.033912455874937741e+00
2.000500125031258025e-03	3.762529079188407621e+00	2.712710240000000272e+00	-2.283337670196671887e+00
3.000750187546886820e-03	3.759764283985444600e+00	2.110512920000000125e+00	-2.250703983862834434e+00
4.001000250062516049e-03	3.758683563609222400e+00	1.721998519999999866e+00	-1.500129198184569024e+00
5.001250312578145278e-03	3.760563099820411370e+00	1.035623080000000140e+00	-1.075891275844679917e+00
6.001500375093773640e-03	3.765554826906263308e+00	6.147324800000000256e-01	-5.537522945032778976e-01
7.001750437609402869e-03	3.771260447149882289e+00	8.376279999999999837e-02	-1.295143721633888190e-01
8.002000500125032098e-03	3.776681377635663583e+00	-1.169696400000000136e-01	6.628774583963688294e-02
9.002250562640661327e-03	3.783222246886130957e+00	-2.723753999999999897e-01	4.252582955118507924e-01
1.000250062515629056e-02	3.791704485528435864e+00	-4.277811600000000491e-01	5.884267271810389444e-01
1.100275068767191979e-02	3.801116752723570524e+00	-5.831869200000000530e-01	7.842288451840646601e-01
1.200300075018754728e-02	3.810038113913813085e+00	-6.544145599999999785e-01	8.494962178517398987e-01
1.300325081270317651e-02	3.818113853031496419e+00	-6.026126399999999217e-01	7.189614725163894215e-01
1.400350087521880574e-02	3.825520947926943638e+00	-6.155631200000000192e-01	8.494962178517398987e-01
1.500375093773443497e-02	3.832053614125697560e+00	-5.443354799999999827e-01	8.168625315179022239e-01
1.600400100025006420e-02	3.838070919083539145e+00	-4.731078399999999462e-01	5.884267271810389444e-01
1.700425106276569343e-02	3.844325930285015680e+00	-4.083554400000000140e-01	4.252582955118507924e-01
1.800450112528132265e-02	3.850159976004845941e+00	-1.817220400000000013e-01	4.252582955118507924e-01
1.900475118779695188e-02	3.854605857529691537e+00	-1.104944000000000065e-01	2.294561775088249655e-01
2.000500125031258111e-02	3.857911116035980026e+00	1.679409199999999935e-01	2.947235501765002597e-01
2.100525131282821034e-02	3.860107743739968900e+00	3.492476399999999703e-01	-1.621480584972264660e-01
2.200550137534383957e-02	3.860369165308379369e+00	6.082572400000001434e-01	-2.926828038325769432e-01
2.300575143785946880e-02	3.857797915297258573e+00	8.284154000000000240e-01	-7.495544125063037244e-01
2.400600150037509456e-02	3.852087771950637674e+00	1.301107919999999973e+00	-1.206426021180030395e+00
2.500625156289072379e-02	3.844409758566620372e+00	1.598968959999999884e+00	-1.271693393847705744e+00
2.600650162540635302e-02	3.836591425584435111e+00	2.110512920000000125e+00	-1.989634493192133702e+00
2.700675168792198225e-02	3.828358586668499708e+00	2.427799679999999682e+00	-1.924367120524458352e+00
2.800700175043761148e-02	3.818252070667986775e+00	2.971719840000000001e+00	-2.772842965204236343e+00
2.900725181295324070e-02	3.807582327728144644e+00	2.997620800000000418e+00	-2.577040847201210738e+00
3.000750187546886993e-02	3.799095057165371436e+00	3.217778959999999966e+00	-3.099179828542612647e+00
3.100775193798449916e-02	3.792728943312576373e+00	3.107699880000000192e+00	-2.968645083207262392e+00
3.200800200050012839e-02	3.786014292870263365e+00	3.230729440000000174e+00	-3.099179828542612647e+00
3.300825206301575415e-02	3.778008549695711427e+00	3.191877999999999993e+00	-3.066546142208775194e+00
3.400850212553138685e-02	3.770747909111073604e+00	3.217778959999999966e+00	-3.164447201210287997e+00
3.500875218804701261e-02	3.765767246490411502e+00	2.952294120000000355e+00	-2.577040847201210738e+00
3.600900225056264531e-02	3.762518992928868489e+00	2.447225399999999773e+00	-2.511773474533535389e+00
3.700925231307827107e-02	3.761100006623505632e+00	1.909780479999999780e+00	-1.402228139183055999e+00
3.800950237559390377e-02	3.761923150251432535e+00	1.210454560000000068e+00	-8.148217851739789630e-01
3.900975243810952953e-02	3.764545110115960380e+00	6.794848799999999578e-01	-9.779902168431670040e-01
4.001000250062516223e-02	3.769545345348904064e+00	2.844952399999999826e-01	-1.295143721633888190e-01
4.101025256314078798e-02	3.776977813643719095e+00	-8.459344000000000585e-02	-1.295143721633888190e-01
4.201050262565642068e-02	3.784625608392152785e+00	-2.788506400000000385e-01	2.294561775088249655e-01
4.301075268817204644e-02	3.791771941700282422e+00	-4.083554400000000140e-01	4.578919818456884672e-01
4.401100275068767914e-02	3.800266173497506728e+00	-6.285136000000000056e-01	6.863277861825517467e-01
4.501125281320330490e-02	3.810173296304551371e+00	-6.220383600000000124e-01	8.168625315179022239e-01
4.601150287571893760e-02	3.818468545162372330e+00	-7.968698400000000515e-01	9.473972768532528121e-01
4.701175293823456336e-02	3.823806041980795101e+00	-6.155631200000000192e-01	2.947235501765002597e-01
4.801200300075018912e-02	3.829103329706765813e+00	-5.831869200000000530e-01	9.800309631870904870e-01
4.901225306326582182e-02	3.836516196351515084e+00	-4.666325999999999530e-01	4.578919818456884672e-01
5.001250312578144758e-02	3.844109480640458543e+00	-3.241773200000000466e-01	6.210604135148766192e-01
5.101275318829708028e-02	3.850330597754830553e+00	-1.817220400000000013e-01	2.620898638426626404e-01
5.201300325081270604e-02	3.856345773526358212e+00	-9.754392000000000618e-02	1.968224911749873740e-01
5.301325331332833873e-02	3.861787529987577017e+00	5.138659999999999756e-02	1.641888048411497825e-01
5.401350337584396449e-02	3.864102739712317991e+00	-1.984104000000000423e-02	-3.161331316187596802e-02
5.501375343835959719e-02	3.862867078174782698e+00	5.694058000000000730e-01	-2.600491174987393794e-01
5.601400350087522295e-02	3.859687752652207315e+00	7.118610800000001460e-01	-5.211186081694403338e-01
5.701425356339085565e-02	3.854969121977236846e+00	1.048573559999999905e+00	-8.474554715078166378e-01
5.801450362590648141e-02	3.848311913351592395e+00	1.462988919999999915e+00	-1.271693393847705744e+00
5.901475368842211411e-02	3.840223364594800515e+00	1.754374719999999943e+00	-1.598030257186082048e+00
6.001500375093773987e-02	3.831491905219302385e+00	2.356572039999999646e+00	-2.120169238527484179e+00
6.101525381345337257e-02	3.822015171194776961e+00	2.919917920000000500e+00	-2.413872415532022586e+00
6.201550387596899833e-02	3.811643635394197371e+00	2.848690280000000463e+00	-3.001278769541099845e+00
6.301575393848463102e-02	3.802156955039713182e+00	3.140076080000000491e+00	-2.674941906202723541e+00
6.401600400100025678e-02	3.795336574240777416e+00	3.204828480000000646e+00	-3.392883005547151054e+00
6.501625406351588254e-02	3.789806823423388593e+00	3.133600840000000609e+00	-2.772842965204236343e+00
6.601650412603150830e-02	3.783392119356550065e+00	3.191877999999999993e+00	-3.262348260211800355e+00
6.701675418854714794e-02	3.775875978823171941e+00	3.159501800000000138e+00	-2.805476651538073796e+00
6.801700425106277370e-02	3.768494191941329508e+00	2.693284519999999738e+00	-3.131813514876450544e+00
6.901725431357839946e-02	3.763084972157696217e+00	2.408373960000000036e+00	-2.283337670196671887e+00
7.001750437609402522e-02	3.761100005433779980e+00	1.870929040000000043e+00	-2.054901865859808829e+00
7.101775443860966486e-02	3.762599114894933816e+00	1.391761279999999878e+00	-1.206426021180030395e+00
7.201800450112529062e-02	3.765999948952747367e+00	9.255440000000001444e-01	-6.842870398386284858e-01
7.301825456364091638e-02	3.769941710838286664e+00	3.362971600000000394e-01	-1.947817448310640853e-01
7.401850462615654214e-02	3.774939625251683584e+00	7.728756000000000514e-02	-1.295143721633888190e-01
7.501875468867218177e-02	3.781571450812351465e+00	-3.112268400000000046e-01	2.294561775088249655e-01
7.601900475118780753e-02	3.789164546337784323e+00	-3.500782800000000750e-01	3.273572365103378790e-01
7.701925481370343329e-02	3.797285867740177512e+00	-5.249097599999998920e-01	2.947235501765002597e-01
7.801950487621905905e-02	3.806110615694955346e+00	-5.443354799999999827e-01	8.168625315179022239e-01
7.901975493873469869e-02	3.815150229819919137e+00	-6.285136000000000056e-01	4.252582955118507924e-01
8.002000500125032445e-02	3.823189791815160721e+00	-6.414640799999999921e-01	1.110565708522440964e+00
8.102025506376595021e-02	3.829411930912326234e+00	-6.090878800000000259e-01	8.168625315179022239e-01
8.202050512628157597e-02	3.834240112796477806e+00	-5.443354799999999827e-01	8.494962178517398987e-01
8.302075518879720173e-02	3.838885345310589337e+00	-4.536821200000000776e-01	7.515951588502269853e-01
8.402100525131284137e-02	3.844530818933807215e+00	-2.853258800000000317e-01	3.273572365103378790e-01
8.502125531382846713e-02	3.851418700815602669e+00	-1.687715600000000149e-01	3.365405950579927752e-02
8.602150537634409289e-02	3.857880870405124618e+00	-5.221724000000000504e-02	1.968224911749873740e-01
8.702175543885971865e-02	3.862089672392438722e+00	1.161389999999999922e-01	-2.274154311649017046e-01
8.802200550137535828e-02	3.863670729874936427e+00	3.945743200000000339e-01	2.294561775088249655e-01
8.902225556389098404e-02	3.862475186974448249e+00	6.924353600000000553e-01	-3.905838628340898566e-01
9.002250562640660980e-02	3.858235648508121507e+00	9.061182800000000537e-01	-6.190196671709531362e-01
9.102275568892223556e-02	3.851163838765299996e+00	1.385286039999999996e+00	-8.800891578416540906e-01
9.202300575143787520e-02	3.842402150315833431e+00	1.521266079999999965e+00	-1.402228139183055999e+00
9.302325581395350096e-02	3.833338159591437311e+00	2.058711000000000180e+00	-1.989634493192133702e+00
9.402350587646912672e-02	3.824075749794831225e+00	2.719185480000000155e+00	-2.381238729198184689e+00
9.502375593898475248e-02	3.814441292345083667e+00	3.243679920000000383e+00	-2.838110337871911693e+00
9.602400600150037824e-02	3.805178161745625509e+00	3.049422719999999920e+00	-2.511773474533535389e+00
9.702425606401601788e-02	3.797613263910078807e+00	3.198353240000000319e+00	-3.327615632879475704e+00
9.802450612653164363e-02	3.792200601194351872e+00	3.036472240000000600e+00	-2.674941906202723541e+00
9.902475618904726939e-02	3.786170499276870771e+00	3.165977040000000464e+00	-3.066546142208775194e+00
1.000250062515628952e-01	3.776891924948616364e+00	3.107699880000000192e+00	-2.903377710539586598e+00
1.010252563140785348e-01	3.767110686777372486e+00	3.159501800000000138e+00	-3.001278769541099845e+00
1.020255063765941606e-01	3.761286361073025386e+00	2.647957840000000118e+00	-2.413872415532022586e+00
1.030257564391097863e-01	3.759931813058238870e+00	2.052235759999999853e+00	-2.218070297528996981e+00
1.040260065016254121e-01	3.760665859259336941e+00	1.670196599999999920e+00	-1.369594452849218325e+00
1.050262565641410517e-01	3.761847276921898686e+00	9.967716399999999588e-01	-1.075891275844679917e+00
1.060265066266566775e-01	3.764103680849526956e+00	5.435048399999999891e-01	-5.211186081694403338e-01
1.070267566891723032e-01	3.769242343477252621e+00	5.138659999999999756e-02	-3.161331316187596802e-02
1.080270067516879290e-01	3.777551470316879545e+00	-1.558210800000000007e-01	1.315551185073121632e-01
1.090272568142035686e-01	3.786519492951587740e+00	-3.112268400000000046e-01	5.884267271810389444e-01
1.100275068767191944e-01	3.793789563506968943e+00	-4.601573600000000153e-01	5.557930408472013806e-01
1.110277569392348201e-01	3.800078488600853177e+00	-6.155631200000000192e-01	7.515951588502269853e-01
1.120280070017504459e-01	3.807530173949705610e+00	-6.738402799999999582e-01	6.863277861825517467e-01
1.130282570642660717e-01	3.816864414552986418e+00	-6.220383600000000124e-01	6.536940998487140719e-01
1.140285071267817113e-01	3.825938178285004376e+00	-6.479393199999999853e-01	8.494962178517398987e-01
1.150287571892973371e-01	3.832224954820779406e+00	-5.637612000000000734e-01	7.515951588502269853e-01
1.160290072518129628e-01	3.837239121469410819e+00	-4.795830800000000504e-01	7.189614725163894215e-01
1.170292573143285886e-01	3.843710969163165903e+00	-4.277811600000000491e-01	4.905256681795260310e-01
1.180295073768442282e-01	3.850551754182204967e+00	-2.140982399999999952e-01	4.252582955118507924e-01
1.190297574393598540e-01	3.855615217276100903e+00	-1.493458400000000075e-01	1.641888048411497825e-01
1.200300075018754797e-01	3.858901310875562096e+00	1.355647199999999997e-01	3.365405950579927752e-02
1.210302575643911055e-01	3.860521034392453199e+00	3.168714400000000042e-01	-1.621480584972264660e-01
1.220305076269067451e-01	3.859890706102615976e+00	5.758810400000000662e-01	-3.253164901664145625e-01
1.230307576894223709e-01	3.856817877925553084e+00	7.830887200000000714e-01	-5.211186081694403338e-01
1.240310077519379967e-01	3.851459266056024955e+00	1.275206959999999778e+00	-7.821880988401412882e-01
1.250312578144536224e-01	3.844022204135285836e+00	1.521266079999999965e+00	-1.206426021180030395e+00
1.260315078769692620e-01	3.834986432148788094e+00	2.052235759999999853e+00	-1.598030257186082048e+00
1.270317579394848739e-01	3.825809462619130130e+00	2.350096800000000208e+00	-2.283337670196671887e+00
1.280320080020005136e-01	3.816801561158303713e+00	2.887541720000000200e+00	-2.707575592536560993e+00
1.290322580645161532e-01	3.806537517858302522e+00	2.932868400000000264e+00	-2.772842965204236343e+00
1.300325081270317651e-01	3.796857776211064017e+00	3.133600840000000609e+00	-3.360249319213313601e+00
1.310327581895474047e-01	3.790674305992689508e+00	3.036472240000000600e+00	-2.805476651538073796e+00
1.320330082520630166e-01	3.785834090368127569e+00	3.140076080000000491e+00	-3.099179828542612647e+00
1.330332583145786562e-01	3.778835852036823262e+00	3.120650359999999957e+00	-2.674941906202723541e+00
1.340335083770942959e-01	3.769884627928846488e+00	3.133600840000000609e+00	-2.903377710539586598e+00
1.350337584396099078e-01	3.762021714333754208e+00	2.848690280000000463e+00	-2.315971356530509784e+00
1.360340085021255474e-01	3.757842617365933613e+00	2.363047279999999972e+00	-2.250703983862834434e+00
1.370342585646411870e-01	3.757655234326237714e+00	1.832077599999999862e+00	-1.793832375189107875e+00
1.380345086271567989e-01	3.760735889335948823e+00	1.158652640000000122e+00	-1.467495511850731349e+00
1.390347586896724386e-01	3.765541324019864522e+00	6.212077200000000188e-01	-6.190196671709531362e-01
1.400350087521880504e-01	3.770472665816429814e+00	2.521190400000000165e-01	-2.926828038325769432e-01
1.410352588147036901e-01	3.776118013377303129e+00	-1.234448800000000068e-01	3.273572365103378790e-01
1.420355088772193297e-01	3.782758012792087676e+00	-3.112268400000000046e-01	6.536940998487140719e-01
1.430357589397349416e-01	3.789243685955915097e+00	-4.342563999999999869e-01	6.210604135148766192e-01
1.440360090022505812e-01	3.796326384322576519e+00	-6.673650399999999649e-01	9.473972768532528121e-01
1.450362590647661931e-01	3.805293745290422525e+00	-6.544145599999999785e-01	4.252582955118507924e-01
1.460365091272818328e-01	3.814702435766565092e+00	-8.292460400000000176e-01	9.800309631870904870e-01
1.470367591897974724e-01	3.822157386615137931e+00	-6.414640799999999921e-01	2.620898638426626404e-01
1.480370092523130843e-01	3.828040046070828595e+00	-5.896621600000000463e-01	4.905256681795260310e-01
1.490372593148287239e-01	3.834560570962188386e+00	-4.990087999999999191e-01	6.863277861825517467e-01
1.500375093773443635e-01	3.841709960403840274e+00	-3.500782800000000750e-01	6.536940998487140719e-01
1.510377594398599754e-01	3.847822252288918943e+00	-2.205734800000000162e-01	4.905256681795260310e-01
1.520380095023756151e-01	3.852570003694995027e+00	-1.299201200000000000e-01	6.210604135148766192e-01
1.530382595648912269e-01	3.856211631565880982e+00	2.548563999999999691e-02	3.365405950579927752e-02
1.540385096274068666e-01	3.858211728031930132e+00	-3.926676000000000472e-02	1.315551185073121632e-01
1.550387596899225062e-01	3.858685753537111296e+00	5.240791200000000094e-01	-4.884849218356027145e-01
1.560390097524381181e-01	3.857828176502276385e+00	6.471086800000001027e-01	-5.537522945032778976e-01
1.570392598149537577e-01	3.853851461889915342e+00	1.016197360000000049e+00	-8.474554715078166378e-01
1.580395098774693974e-01	3.846124207044565146e+00	1.398236519999999983e+00	-1.206426021180030395e+00
1.590397599399850093e-01	3.836892607448617376e+00	1.670196599999999920e+00	-1.402228139183055999e+00
1.600400100025006489e-01	3.827241544324389899e+00	2.291819639999999936e+00	-2.022268179525970933e+00
1.610402600650162608e-01	3.817190355833225635e+00	2.835739799999999811e+00	-2.348605042864347237e+00
1.620405101275319004e-01	3.808388356165515187e+00	2.770987400000000100e+00	-3.001278769541099845e+00
1.630407601900475401e-01	3.801818742590275413e+00	3.049422719999999920e+00	-2.772842965204236343e+00
1.640410102525631519e-01	3.795700658471422351e+00	3.107699880000000192e+00	-3.131813514876450544e+00
1.650412603150787916e-01	3.788297359182863033e+00	3.055897960000000246e+00	-2.642308219868886088e+00
1.660415103775944035e-01	3.780281116052014667e+00	3.107699880000000192e+00	-3.197080887544125449e+00
1.670417604401100431e-01	3.772725645267708039e+00	3.075323679999999893e+00	-2.707575592536560993e+00
1.680420105026256827e-01	3.765887241791140649e+00	2.615581640000000263e+00	-3.033912455874937741e+00
1.690422605651412946e-01	3.760914841124513686e+00	2.330671080000000117e+00	-2.218070297528996981e+00
1.700425106276569343e-01	3.758943823892698877e+00	1.773800439999999812e+00	-1.826466061522945328e+00
1.710427606901725739e-01	3.759534059762486002e+00	1.307583159999999856e+00	-1.271693393847705744e+00
1.720430107526881858e-01	3.762307813462415940e+00	8.543163600000001079e-01	-1.108524962178517592e+00
1.730432608152038254e-01	3.767084220629796754e+00	2.844952399999999826e-01	-3.253164901664145625e-01
1.740435108777194373e-01	3.773321601408782922e+00	5.138659999999999756e-02	-6.424699949571360813e-02
1.750437609402350769e-01	3.780872561448987756e+00	-3.500782800000000750e-01	2.947235501765002597e-01
1.760440110027507166e-01	3.789183138007601315e+00	-3.565535200000000127e-01	4.905256681795260310e-01
1.770442610652663284e-01	3.797645850689892466e+00	-5.443354799999999827e-01	8.494962178517398987e-01
1.780445111277819681e-01	3.805944378659214422e+00	-5.702364399999999556e-01	8.494962178517398987e-01
1.790447611902975800e-01	3.812852866055118195e+00	-6.544145599999999785e-01	1.012664649520927940e+00
1.800450112528132196e-01	3.818314134350694555e+00	-6.544145599999999785e-01	6.536940998487140719e-01
1.810452613153288592e-01	3.824436311094270735e+00	-6.349888400000001099e-01	6.210604135148766192e-01
1.820455113778444711e-01	3.831878788283956006e+00	-5.508107199999999759e-01	5.884267271810389444e-01
1.830457614403601108e-01	3.839254921648664887e+00	-4.601573600000000153e-01	3.926246091780131731e-01
1.840460115028757504e-01	3.846010959446135580e+00	-2.853258800000000317e-01	6.210604135148766192e-01
1.850462615653913623e-01	3.852504151745463901e+00	-2.011477600000000088e-01	2.620898638426626404e-01
1.860465116279070019e-01	3.858052195282633434e+00	-7.811819999999999875e-02	4.905256681795260310e-01
1.870467616904226138e-01	3.861061878484285170e+00	8.376279999999999837e-02	1.968224911749873740e-01
1.880470117529382534e-01	3.861162640097555609e+00	3.621981200000000678e-01	-1.621480584972264660e-01
1.890472618154538931e-01	3.859192945194807933e+00	6.471086800000001027e-01	-4.558512355017650397e-01
1.900475118779695050e-01	3.855549398267627215e+00	8.607915999999999901e-01	-7.495544125063037244e-01
1.910477619404851446e-01	3.850139842174674865e+00	1.346434599999999815e+00	-1.304327080181543197e+00
1.920480120030007565e-01	3.842627922079036473e+00	1.475939400000000123e+00	-1.369594452849218325e+00
1.930482620655163961e-01	3.833564471186255762e+00	1.987483359999999921e+00	-2.054901865859808829e+00
1.940485121280320358e-01	3.824571014026239890e+00	2.673858800000000091e+00	-2.022268179525970933e+00
1.950487621905476476e-01	3.815780130226534617e+00	3.153026560000000256e+00	-2.642308219868886088e+00
1.960490122530632873e-01	3.806998937173190711e+00	2.984670320000000210e+00	-2.250703983862834434e+00
1.970492623155789269e-01	3.799390190184992466e+00	3.127125600000000283e+00	-3.066546142208775194e+00
1.980495123780945388e-01	3.792489660415731212e+00	2.984670320000000210e+00	-2.805476651538073796e+00
1.990497624406101784e-01	3.785042724334245268e+00	3.114175120000000074e+00	-3.099179828542612647e+00
2.000500125031257903e-01	3.777518571342126652e+00	3.049422719999999920e+00	-3.001278769541099845e+00
2.010502625656414299e-01	3.770427699298473545e+00	3.088274160000000101e+00	-3.197080887544125449e+00
2.020505126281570696e-01	3.764764622359413337e+00	2.576730200000000082e+00	-2.152802924861321632e+00
2.030507626906726815e-01	3.762066398621011665e+00	2.000433839999999908e+00	-2.250703983862834434e+00
2.040510127531883211e-01	3.761751241753989117e+00	1.624869920000000079e+00	-1.141158648512355045e+00
2.050512628157039607e-01	3.762449859621562531e+00	9.449697200000000130e-01	-8.148217851739789630e-01
2.060515128782195726e-01	3.764985745183537347e+00	5.240791200000000094e-01	-6.516533535047908110e-01
2.070517629407352123e-01	3.771019460585330663e+00	1.253515999999999658e-02	6.628774583963688294e-02
2.080520130032508241e-01	3.779537256116865862e+00	-1.687715600000000149e-01	-3.161331316187596802e-02
2.090522630657664638e-01	3.787799539051506237e+00	-3.177020799999999978e-01	3.599909228441755538e-01
2.100525131282821034e-01	3.795210826680837535e+00	-4.731078399999999462e-01	5.884267271810389444e-01
2.110527631907977153e-01	3.803166426341315187e+00	-6.220383600000000124e-01	6.536940998487140719e-01
2.120530132533133549e-01	3.812071206844173332e+00	-6.867907599999999446e-01	7.515951588502269853e-01
2.130532633158289668e-01	3.820474694046657405e+00	-6.414640799999999921e-01	9.800309631870904870e-01
2.140535133783446065e-01	3.827379513219644203e+00	-6.220383600000000124e-01	6.536940998487140719e-01
2.150537634408602461e-01	3.833402358444253810e+00	-5.572859600000000802e-01	7.842288451840646601e-01
2.160540135033758580e-01	3.839104476704769286e+00	-4.990087999999999191e-01	5.557930408472013806e-01
2.170542635658914976e-01	3.844745243946826818e+00	-4.342563999999999869e-01	5.231593545133637058e-01
2.180545136284071372e-01	3.850463619283464922e+00	-2.270487200000000094e-01	4.252582955118507924e-01
2.190547636909227491e-01	3.855759363819486918e+00	-1.493458400000000075e-01	2.294561775088249655e-01
2.200550137534383888e-01	3.860073831322255344e+00	1.096637599999999990e-01	2.294561775088249655e-01
2.210552638159540007e-01	3.862803657497821952e+00	3.039209600000000178e-01	3.365405950579927752e-02
2.220555138784696403e-01	3.862979983479638779e+00	5.370296000000001069e-01	-3.579501765002521818e-01
2.230557639409852799e-01	3.859705101347355338e+00	7.442372800000001121e-01	-5.537522945032778976e-01
2.240560140035008918e-01	3.853496322523814577e+00	1.216929799999999950e+00	-9.127228441754917654e-01
2.250562640660165314e-01	3.846161481675720584e+00	1.482414640000000006e+00	-1.141158648512355045e+00
2.260565141285321433e-01	3.838074635422164427e+00	2.000433839999999908e+00	-1.663297629853757176e+00
2.270567641910477830e-01	3.828486393411856259e+00	2.324195839999999791e+00	-2.152802924861321632e+00
2.280570142535634226e-01	3.817980526226871785e+00	2.829264560000000372e+00	-2.479139788199697936e+00
2.290572643160790345e-01	3.808409185878386616e+00	2.887541720000000200e+00	-2.609674533535048635e+00
2.300575143785946741e-01	3.800913824834069032e+00	3.088274160000000101e+00	-2.707575592536560993e+00
2.310577644411103138e-01	3.794330831106729196e+00	2.978195079999999884e+00	-3.001278769541099845e+00
2.320580145036259256e-01	3.787082207317365778e+00	3.088274160000000101e+00	-2.772842965204236343e+00
2.330582645661415653e-01	3.779279340798731734e+00	3.055897960000000246e+00	-3.099179828542612647e+00
2.340585146286571772e-01	3.771721564488330181e+00	3.062373200000000573e+00	-3.066546142208775194e+00
2.350587646911728168e-01	3.765740521806705043e+00	2.796888360000000517e+00	-2.577040847201210738e+00
2.360590147536884564e-01	3.763136345087058299e+00	2.298294879999999818e+00	-2.511773474533535389e+00
2.370592648162040683e-01	3.763334985342205119e+00	1.786750920000000020e+00	-1.434861825516893896e+00
2.380595148787197080e-01	3.763936225363995636e+00	1.119801199999999941e+00	-1.043257589510842243e+00
2.390597649412353476e-01	3.765380004795263691e+00	5.758810400000000662e-01	-2.926828038325769432e-01
2.400600150037509595e-01	3.769394873963388903e+00	2.132676000000000016e-01	1.315551185073121632e-01
2.410602650662665991e-01	3.775587954858289130e+00	-1.558210800000000007e-01	1.641888048411497825e-01
2.420605151287822110e-01	3.783515361592677095e+00	-3.306525599999999843e-01	3.273572365103378790e-01
2.430607651912978506e-01	3.792585356294596366e+00	-4.407316399999999801e-01	3.273572365103378790e-01
2.440610152538134903e-01	3.801223637670779087e+00	-6.803155199999999514e-01	4.905256681795260310e-01
2.450612653163291021e-01	3.809191733813707348e+00	-6.544145599999999785e-01	7.515951588502269853e-01
2.460615153788447418e-01	3.817179428641689576e+00	-8.421965199999998930e-01	5.884267271810389444e-01
2.470617654413603537e-01	3.824700225182195545e+00	-6.479393199999999853e-01	8.821299041855775735e-01
2.480620155038759933e-01	3.830862432078371960e+00	-6.026126399999999217e-01	1.110565708522440964e+00
2.490622655663916329e-01	3.836314436783306192e+00	-5.119592800000000166e-01	6.536940998487140719e-01
2.500625156289072448e-01	3.842371181800336988e+00	-3.759792400000000478e-01	9.473972768532528121e-01
2.510627656914228845e-01	3.848974261102942940e+00	-2.399992000000000236e-01	1.641888048411497825e-01
2.520630157539385241e-01	3.854980199037039590e+00	-1.493458400000000075e-01	1.968224911749873740e-01
2.530632658164541637e-01	3.859254688878799300e+00	-4.153200000000037417e-04	3.365405950579927752e-02
2.540635158789697479e-01	3.861489154040302019e+00	-4.574200000000000488e-02	-1.621480584972264660e-01
2.550637659414853875e-01	3.861856997452064899e+00	5.046534000000000297e-01	9.892143217347457163e-02
2.560640160040010271e-01	3.860007732576221873e+00	6.147324800000000256e-01	-2.274154311649017046e-01
2.570642660665166668e-01	3.855198893123624959e+00	9.773459200000000902e-01	-7.495544125063037244e-01
2.580645161290323064e-01	3.847332908619782277e+00	1.346434599999999815e+00	-9.453565305093293292e-01
2.590647661915478905e-01	3.838182107579453550e+00	1.650770879999999829e+00	-1.598030257186082048e+00
2.600650162540635302e-01	3.829518754817322179e+00	2.220591999999999899e+00	-1.957000806858295805e+00
2.610652663165791698e-01	3.820651255262549117e+00	2.764512159999999774e+00	-2.413872415532022586e+00
2.620655163790948095e-01	3.811079855659971205e+00	2.693284519999999738e+00	-2.838110337871911693e+00
2.630657664416104491e-01	3.802345442489987626e+00	2.978195079999999884e+00	-2.740209278870398890e+00
2.640660165041260332e-01	3.795674270468896161e+00	3.049422719999999920e+00	-3.001278769541099845e+00
2.650662665666416729e-01	3.790039814653971106e+00	2.984670320000000210e+00	-2.511773474533535389e+00
2.660665166291573125e-01	3.782766077151933359e+00	3.055897960000000246e+00	-3.033912455874937741e+00
2.670667666916729521e-01	3.773453188559532379e+00	2.997620800000000418e+00	-2.772842965204236343e+00
2.680670167541885918e-01	3.765221905501952460e+00	2.563779720000000317e+00	-2.870744024205749145e+00
2.690672668167042314e-01	3.760661613911550738e+00	2.278869160000000171e+00	-2.218070297528996981e+00
2.700675168792198155e-01	3.759614525098038396e+00	1.709048039999999880e+00	-1.957000806858295805e+00
2.710677669417354552e-01	3.760325879748437128e+00	1.262256480000000014e+00	-1.043257589510842243e+00
2.720680170042510948e-01	3.762294364239042732e+00	8.089896800000000443e-01	-9.453565305093293292e-01
2.730682670667667344e-01	3.766768305076402701e+00	2.521190400000000165e-01	-1.621480584972264660e-01
2.740685171292823741e-01	3.773567950973551799e+00	-4.153200000000037417e-04	6.628774583963688294e-02
2.750687671917979582e-01	3.781139879353531796e+00	-3.695039999999999436e-01	2.947235501765002597e-01
2.760690172543135978e-01	3.788554845272236626e+00	-3.954049599999999165e-01	5.557930408472013806e-01
2.770692673168292375e-01	3.795521503386151796e+00	-5.896621600000000463e-01	6.863277861825517467e-01
2.780695173793448771e-01	3.802776942067676913e+00	-5.831869200000000530e-01	6.863277861825517467e-01
2.790697674418605168e-01	3.811113589665230617e+00	-6.608898000000000827e-01	8.168625315179022239e-01
2.800700175043761009e-01	3.819547227178151871e+00	-6.803155199999999514e-01	7.842288451840646601e-01
2.810702675668917405e-01	3.826960051578898181e+00	-6.479393199999999853e-01	9.800309631870904870e-01
2.820705176294073802e-01	3.833502155919837673e+00	-5.702364399999999556e-01	7.189614725163894215e-01
2.830707676919230198e-01	3.839233442008700870e+00	-4.860583200000000437e-01	8.494962178517398987e-01
2.840710177544386594e-01	3.844237570531956472e+00	-3.371277999999999775e-01	4.252582955118507924e-01
2.850712678169542436e-01	3.849272933670753183e+00	-2.205734800000000162e-01	4.905256681795260310e-01
2.860715178794698832e-01	3.854523829683778047e+00	-9.754392000000000618e-02	1.641888048411497825e-01
2.870717679419855228e-01	3.858725425395891584e+00	5.138659999999999756e-02	-1.295143721633888190e-01
2.880720180045011625e-01	3.860688270568507718e+00	3.492476399999999703e-01	-1.621480584972264660e-01
2.890722680670168021e-01	3.860552128632348534e+00	6.082572400000001434e-01	-7.169207261724660496e-01
2.900725181295323862e-01	3.857742203891415755e+00	7.960392000000000579e-01	-2.926828038325769432e-01
2.910727681920480259e-01	3.851012038076776722e+00	1.301107919999999973e+00	-9.127228441754917654e-01
2.920730182545636655e-01	3.841654433883531894e+00	1.398236519999999983e+00	-1.010623903177004790e+00
2.930732683170793051e-01	3.831990244915325139e+00	1.929206199999999871e+00	-1.630663943519919501e+00
2.940735183795949448e-01	3.822364649566390327e+00	2.570254960000000199e+00	-2.185436611195159529e+00
2.950737684421105844e-01	3.812644315931837724e+00	3.081798920000000219e+00	-2.740209278870398890e+00
2.960740185046261685e-01	3.803647148100520958e+00	2.894016960000000527e+00	-2.479139788199697936e+00
2.970742685671418082e-01	3.796361350187743788e+00	3.036472240000000600e+00	-3.490784064548663856e+00
2.980745186296574478e-01	3.790552451845365045e+00	2.906967439999999847e+00	-2.577040847201210738e+00
2.990747686921730875e-01	3.784606337435816759e+00	3.036472240000000600e+00	-3.033912455874937741e+00
3.000750187546887271e-01	3.777439214099334031e+00	2.978195079999999884e+00	-2.446506101865860039e+00
3.010752688172043112e-01	3.769384017247329410e+00	3.017046520000000065e+00	-2.642308219868886088e+00
3.020755188797199509e-01	3.762159841807316329e+00	2.518453040000000698e+00	-2.250703983862834434e+00
3.030757689422355905e-01	3.757892257237993139e+00	1.929206199999999871e+00	-1.859099747856782781e+00
3.040760190047512301e-01	3.757386751992484175e+00	1.560117519999999924e+00	-1.630663943519919501e+00
3.050762690672668698e-01	3.760102305355233820e+00	8.996430400000000605e-01	-1.173792334846192720e+00
3.060765191297824539e-01	3.764505024259214849e+00	4.658019600000000704e-01	-4.558512355017650397e-01
3.070767691922980935e-01	3.770042752679311437e+00	-1.336580000000000407e-02	-9.688068582955121355e-02
3.080770192548137332e-01	3.777586161695732248e+00	-2.205734800000000162e-01	4.578919818456884672e-01
3.090772693173293728e-01	3.785971075595510271e+00	-3.500782800000000750e-01	7.189614725163894215e-01
3.100775193798450124e-01	3.793180071824167499e+00	-5.054840400000000233e-01	5.231593545133637058e-01
3.110777694423605966e-01	3.800059517245651719e+00	-6.608898000000000827e-01	1.077932022188603289e+00
3.120780195048762362e-01	3.808643366378055006e+00	-7.062164799999999243e-01	6.210604135148766192e-01
3.130782695673918758e-01	3.818363015470145783e+00	-6.673650399999999649e-01	9.147635905194151373e-01
3.140785196299075155e-01	3.826559358836667091e+00	-6.544145599999999785e-01	6.210604135148766192e-01
3.150787696924231551e-01	3.832452230401588000e+00	-5.961373999999999285e-01	7.189614725163894215e-01
3.160790197549387948e-01	3.837416978310308036e+00	-5.313849999999999962e-01	7.189614725163894215e-01
3.170792698174543789e-01	3.842521425620895936e+00	-4.795830800000000504e-01	5.884267271810389444e-01
3.180795198799700185e-01	3.848027077155289799e+00	-2.659001599999999965e-01	4.578919818456884672e-01
3.190797699424856582e-01	3.853325293220342118e+00	-1.817220400000000013e-01	4.578919818456884672e-01
3.200800200050012978e-01	3.857144407598758651e+00	7.728756000000000514e-02	1.020373171961676869e-03
3.210802700675169374e-01	3.858723013671879087e+00	2.715447599999999961e-01	-3.161331316187596802e-02
3.220805201300325216e-01	3.858738760482564700e+00	5.111286400000001340e-01	-3.253164901664145625e-01
3.230807701925481612e-01	3.857350594856709058e+00	6.989106000000000485e-01	-5.537522945032778976e-01
3.240810202550638008e-01	3.852600644184307921e+00	1.178078360000000213e+00	-8.800891578416540906e-01
3.250812703175794405e-01	3.844296634128660184e+00	1.417662239999999851e+00	-1.271693393847705744e+00
3.260815203800950801e-01	3.835144597008233625e+00	1.942156679999999858e+00	-1.532762884518406477e+00
3.270817704426106642e-01	3.826139232017333303e+00	2.259443440000000081e+00	-2.120169238527484179e+00
3.280820205051263039e-01	3.816383904733085863e+00	2.745086440000000128e+00	-2.446506101865860039e+00
3.290822705676419435e-01	3.806793537765314817e+00	2.809838840000000282e+00	-2.511773474533535389e+00
3.300825206301575832e-01	3.799205549902925583e+00	3.004096040000000301e+00	-2.968645083207262392e+00
3.310827706926732228e-01	3.792990194301760987e+00	2.894016960000000527e+00	-2.870744024205749145e+00
3.320830207551888069e-01	3.786383146949965806e+00	3.010571280000000183e+00	-2.805476651538073796e+00
3.330832708177044466e-01	3.778902544583173650e+00	2.978195079999999884e+00	-2.903377710539586598e+00
3.340835208802200862e-01	3.770933358184916262e+00	2.991145560000000536e+00	-2.577040847201210738e+00
3.350837709427357258e-01	3.764323803325801965e+00	2.712710240000000272e+00	-2.479139788199697936e+00
3.360840210052513655e-01	3.761037444406118091e+00	2.252968199999999754e+00	-1.989634493192133702e+00
3.370842710677669496e-01	3.760503116425003345e+00	1.728473759999999970e+00	-1.532762884518406477e+00
3.380845211302825892e-01	3.761427082585521386e+00	1.048573559999999905e+00	-1.108524962178517592e+00
3.390847711927982289e-01	3.763715406462497359e+00	5.370296000000001069e-01	-7.495544125063037244e-01
3.400850212553138685e-01	3.768148811858028413e+00	1.679409199999999935e-01	-3.905838628340898566e-01
3.410852713178295081e-01	3.775025726894171374e+00	-1.817220400000000013e-01	1.315551185073121632e-01
3.420855213803451478e-01	3.783464611844874703e+00	-3.436030400000000262e-01	1.968224911749873740e-01
3.430857714428607319e-01	3.792605189832847667e+00	-4.666325999999999530e-01	8.494962178517398987e-01
3.440860215053763715e-01	3.801101487403216961e+00	-7.062164799999999243e-01	8.168625315179022239e-01
3.450862715678920112e-01	3.807962249688573220e+00	-6.673650399999999649e-01	9.800309631870904870e-01
3.460865216304076508e-01	3.814617658275388123e+00	-8.680974800000000879e-01	1.110565708522440964e+00
3.470867716929232905e-01	3.822021031236307653e+00	-6.673650399999999649e-01	4.252582955118507924e-01
3.480870217554388746e-01	3.828791740516471975e+00	-6.285136000000000056e-01	6.536940998487140719e-01
3.490872718179545142e-01	3.834382909696751884e+00	-5.249097599999998920e-01	4.578919818456884672e-01
3.500875218804701539e-01	3.840629992940637116e+00	-3.824544800000000411e-01	2.620898638426626404e-01
3.510877719429857935e-01	3.849024575260367342e+00	-2.464744400000000168e-01	5.884267271810389444e-01
3.520880220055014331e-01	3.857461758598702772e+00	-1.622963199999999939e-01	4.578919818456884672e-01
3.530882720680170173e-01	3.861720686450679008e+00	-3.279152000000000455e-02	3.599909228441755538e-01
3.540885221305326569e-01	3.860886316978067612e+00	-6.516772000000001230e-02	3.926246091780131731e-01
3.550887721930482965e-01	3.858719673881541024e+00	4.787524399999999458e-01	-4.884849218356027145e-01
3.560890222555639362e-01	3.857797773668483199e+00	5.823562799999999484e-01	-3.579501765002521818e-01
3.570892723180795758e-01	3.855666083807361755e+00	9.255440000000001444e-01	-8.800891578416540906e-01
3.580895223805951599e-01	3.849486523110271285e+00	1.314058399999999960e+00	-1.173792334846192720e+00
3.590897724431107996e-01	3.840188997907298063e+00	1.566592759999999807e+00	-1.467495511850731349e+00
3.600900225056264392e-01	3.830516002800310904e+00	2.181740560000000162e+00	-1.924367120524458352e+00
3.610902725681420788e-01	3.821524409489667207e+00	2.719185480000000155e+00	-2.315971356530509784e+00
3.620905226306577185e-01	3.812142663000121168e+00	2.635007360000000354e+00	-2.674941906202723541e+00
3.630907726931733581e-01	3.802626825668264932e+00	2.913442680000000173e+00	-2.479139788199697936e+00
3.640910227556889422e-01	3.794991021883966198e+00	2.984670320000000210e+00	-2.805476651538073796e+00
3.650912728182045819e-01	3.789151072216923932e+00	2.926393160000000382e+00	-2.674941906202723541e+00
3.660915228807202215e-01	3.783293695031757498e+00	2.978195079999999884e+00	-2.968645083207262392e+00
3.670917729432358612e-01	3.776831549143796263e+00	2.945818880000000028e+00	-2.838110337871911693e+00
3.680920230057515008e-01	3.770266645676769279e+00	2.511977800000000371e+00	-2.968645083207262392e+00
3.690922730682670849e-01	3.764698144879377040e+00	2.220591999999999899e+00	-2.022268179525970933e+00
3.700925231307827246e-01	3.761436327934242208e+00	1.670196599999999920e+00	-1.728565002521432525e+00
3.710927731932983642e-01	3.761164417972794549e+00	1.203979319999999964e+00	-1.075891275844679917e+00
3.720930232558140038e-01	3.763882271074272090e+00	7.830887200000000714e-01	-4.558512355017650397e-01
3.730932733183296435e-01	3.768573165350739718e+00	2.067923600000000084e-01	-2.600491174987393794e-01
3.740935233808452276e-01	3.773927683144151501e+00	-2.631628000000000439e-02	6.628774583963688294e-02
3.750937734433608672e-01	3.780344800071461453e+00	-3.954049599999999165e-01	2.620898638426626404e-01
3.760940235058765069e-01	3.788990322562752144e+00	-4.083554400000000140e-01	4.905256681795260310e-01
3.770942735683921465e-01	3.798487118804240392e+00	-5.961373999999999285e-01	7.189614725163894215e-01
3.780945236309077861e-01	3.806495189592946193e+00	-6.026126399999999217e-01	7.842288451840646601e-01
3.790947736934233703e-01	3.814187506755653878e+00	-6.803155199999999514e-01	9.147635905194151373e-01
3.800950237559390099e-01	3.823565638491862373e+00	-6.803155199999999514e-01	9.473972768532528121e-01
3.810952738184546496e-01	3.832314307374115714e+00	-6.414640799999999921e-01	8.168625315179022239e-01
3.820955238809702892e-01	3.837454946847369097e+00	-5.767116799999999488e-01	5.884267271810389444e-01
3.830957739434859288e-01	3.840833629061255916e+00	-4.860583200000000437e-01	5.557930408472013806e-01
3.840960240060015130e-01	3.845774853698507911e+00	-3.306525599999999843e-01	4.252582955118507924e-01
3.850962740685171526e-01	3.852717375017343127e+00	-2.335239600000000026e-01	4.252582955118507924e-01
3.860965241310327922e-01	3.859747159214078849e+00	-1.169696400000000136e-01	1.315551185073121632e-01
3.870967741935484319e-01	3.864058319449513057e+00	5.138659999999999756e-02	1.968224911749873740e-01
3.880970242560640715e-01	3.864610649134432308e+00	3.168714400000000042e-01	-2.274154311649017046e-01
3.890972743185797111e-01	3.862746317308178856e+00	5.953067600000000459e-01	-1.621480584972264660e-01
3.900975243810952953e-01	3.859093398440891942e+00	7.701382400000000850e-01	-7.169207261724660496e-01
3.910977744436109349e-01	3.852586542285055593e+00	1.255781239999999910e+00	-9.779902168431670040e-01
3.920980245061265745e-01	3.843006574898667704e+00	1.372335560000000010e+00	-1.369594452849218325e+00
3.930982745686422142e-01	3.832894362437868629e+00	1.877404279999999925e+00	-2.185436611195159529e+00
3.940985246311578538e-01	3.824609584944277607e+00	2.544354000000000227e+00	-2.022268179525970933e+00
3.950987746936734379e-01	3.817354082606476240e+00	3.029997000000000273e+00	-2.903377710539586598e+00
3.960990247561890776e-01	3.809734280564815112e+00	2.842215040000000137e+00	-2.022268179525970933e+00
3.970992748187047172e-01	3.801489205242041702e+00	2.991145560000000536e+00	-2.903377710539586598e+00
3.980995248812203569e-01	3.792766137745348320e+00	2.835739799999999811e+00	-2.413872415532022586e+00
3.990997749437359965e-01	3.784256368489927524e+00	2.971719840000000001e+00	-2.870744024205749145e+00
4.001000250062515806e-01	3.776469785692283754e+00	2.919917920000000500e+00	-2.870744024205749145e+00
4.011002750687672203e-01	3.769701397587847946e+00	2.958769360000000237e+00	-3.131813514876450544e+00
4.021005251312828599e-01	3.764926370919768672e+00	2.479601600000000072e+00	-2.185436611195159529e+00
4.031007751937984995e-01	3.763028787579732359e+00	1.877404279999999925e+00	-2.446506101865860039e+00
4.041010252563141392e-01	3.763502246901445858e+00	1.521266079999999965e+00	-9.453565305093293292e-01
4.051012753188297233e-01	3.764929026448696536e+00	8.478411200000001147e-01	-8.474554715078166378e-01
4.061015253813453629e-01	3.766863297186492154e+00	4.399010000000000420e-01	-2.926828038325769432e-01
4.071017754438610026e-01	3.770236468401468422e+00	-5.869248000000000520e-02	1.968224911749873740e-01
4.081020255063766422e-01	3.776557204110117194e+00	-2.399992000000000236e-01	1.020373171961676869e-03
4.091022755688922818e-01	3.785836548178202143e+00	-3.759792400000000478e-01	5.557930408472013806e-01
4.101025256314079215e-01	3.795322833550844432e+00	-5.249097599999998920e-01	3.599909228441755538e-01
4.111027756939235056e-01	3.803182032316952732e+00	-6.673650399999999649e-01	6.536940998487140719e-01
4.121030257564391452e-01	3.810197440481529974e+00	-7.256422000000000150e-01	7.842288451840646601e-01
4.131032758189547849e-01	3.817325916486914217e+00	-6.608898000000000827e-01	6.536940998487140719e-01
4.141035258814704245e-01	3.825128417647581269e+00	-6.673650399999999649e-01	1.012664649520927940e+00
4.151037759439860642e-01	3.833043242940068041e+00	-6.026126399999999217e-01	1.045298335854765615e+00
4.161040260065016483e-01	3.839430418762125985e+00	-5.508107199999999759e-01	5.557930408472013806e-01
4.171042760690172879e-01	3.844194226522591684e+00	-4.795830800000000504e-01	7.842288451840646601e-01
4.181045261315329276e-01	3.849086351651644922e+00	-2.723753999999999897e-01	2.947235501765002597e-01
4.191047761940485672e-01	3.855242806719737736e+00	-1.946725200000000155e-01	2.294561775088249655e-01
4.201050262565642068e-01	3.861320651616856114e+00	5.138659999999999756e-02	3.365405950579927752e-02
4.211052763190797910e-01	3.864781306660816540e+00	2.326933200000000090e-01	3.365405950579927752e-02
4.221055263815954306e-01	3.864403528212680961e+00	4.722772000000000081e-01	-3.161331316187596802e-02
4.231057764441110702e-01	3.860064739487317986e+00	6.665344000000000824e-01	-5.211186081694403338e-01
4.241060265066267099e-01	3.852908143559531595e+00	1.139226920000000032e+00	-8.800891578416540906e-01
4.251062765691423495e-01	3.845371425392429376e+00	1.359385079999999801e+00	-9.779902168431670040e-01
4.261065266316579336e-01	3.837671098185214458e+00	1.896830000000000016e+00	-1.598030257186082048e+00
4.271067766941735733e-01	3.827848960392422395e+00	2.188215800000000044e+00	-2.022268179525970933e+00
4.281070267566892129e-01	3.816808151463512822e+00	2.699759760000000064e+00	-2.479139788199697936e+00
4.291072768192048525e-01	3.808005707699063880e+00	2.738611200000000245e+00	-2.544407160867373285e+00
4.301075268817204922e-01	3.801660767212215131e+00	2.945818880000000028e+00	-2.838110337871911693e+00
4.311077769442361318e-01	3.794880066912491579e+00	2.835739799999999811e+00	-2.740209278870398890e+00
4.321080270067517159e-01	3.787118349531332306e+00	2.932868400000000264e+00	-2.642308219868886088e+00
4.331082770692673556e-01	3.779732825862959000e+00	2.919917920000000500e+00	-2.870744024205749145e+00
4.341085271317829952e-01	3.772430479686125437e+00	2.939343640000000146e+00	-2.609674533535048635e+00
4.351087771942986349e-01	3.764979441905188295e+00	2.647957840000000118e+00	-2.413872415532022586e+00
4.361090272568142745e-01	3.759683067116191157e+00	2.181740560000000162e+00	-2.152802924861321632e+00
4.371092773193298586e-01	3.759084425388374839e+00	1.657246119999999934e+00	-1.467495511850731349e+00
4.381095273818454983e-01	3.762201736814783537e+00	1.035623080000000140e+00	-9.453565305093293292e-01
4.391097774443611379e-01	3.765717426093786901e+00	4.787524399999999458e-01	-6.842870398386284858e-01
4.401100275068767775e-01	3.769037040921730863e+00	1.290894800000000064e-01	1.641888048411497825e-01
4.411102775693924172e-01	3.774468565301502210e+00	-2.140982399999999952e-01	2.620898638426626404e-01
4.421105276319080013e-01	3.782378715812615422e+00	-3.889297199999999788e-01	6.863277861825517467e-01
4.431107776944236409e-01	3.790600718038097394e+00	-4.925335599999999814e-01	4.252582955118507924e-01
4.441110277569392806e-01	3.798365080234368918e+00	-7.385926799999998904e-01	6.536940998487140719e-01
4.451112778194549202e-01	3.806328199741957352e+00	-6.997412400000000421e-01	5.231593545133637058e-01
4.461115278819705599e-01	3.814558533293461284e+00	-8.810479599999999634e-01	3.926246091780131731e-01
4.471117779444861440e-01	3.822957182122443065e+00	-6.673650399999999649e-01	9.147635905194151373e-01
4.481120280070017836e-01	3.831046542147009237e+00	-6.544145599999999785e-01	7.189614725163894215e-01
4.491122780695174233e-01	3.837927253195390964e+00	-5.443354799999999827e-01	1.045298335854765615e+00
4.501125281320330629e-01	3.843051061306870242e+00	-4.018802000000000207e-01	8.821299041855775735e-01
4.511127781945487025e-01	3.846894893699273510e+00	-2.594249200000000033e-01	5.557930408472013806e-01
4.521130282570642867e-01	3.850716811929206784e+00	-1.881972800000000223e-01	4.905256681795260310e-01
4.531132783195799263e-01	3.855063679151073064e+00	-6.516772000000001230e-02	1.020373171961676869e-03
4.541135283820955659e-01	3.859626223424923008e+00	-9.754392000000000618e-02	-3.253164901664145625e-01
4.551137784446112056e-01	3.862319049466255816e+00	4.463762399999999797e-01	-6.424699949571360813e-02
4.561140285071268452e-01	3.860394305638673806e+00	5.305543600000000026e-01	-6.516533535047908110e-01
4.571142785696424848e-01	3.854944879906470501e+00	8.996430400000000605e-01	-3.579501765002521818e-01
4.581145286321580690e-01	3.848549111720188431e+00	1.242830760000000145e+00	-7.821880988401412882e-01
4.591147786946737086e-01	3.840916845727928131e+00	1.521266079999999965e+00	-1.336960766515380872e+00
4.601150287571893482e-01	3.831034872880998865e+00	2.123463399999999890e+00	-1.598030257186082048e+00
4.611152788197049879e-01	3.819551237326515469e+00	2.622056880000000589e+00	-2.446506101865860039e+00
4.621155288822206275e-01	3.809130498476200888e+00	2.563779720000000317e+00	-2.707575592536560993e+00
4.631157789447362116e-01	3.802029034808363850e+00	2.842215040000000137e+00	-2.674941906202723541e+00
4.641160290072518513e-01	3.796654385779267837e+00	2.932868400000000264e+00	-3.066546142208775194e+00
4.651162790697674909e-01	3.790529212390135516e+00	2.848690280000000463e+00	-2.479139788199697936e+00
4.661165291322831306e-01	3.783852875052693854e+00	2.913442680000000173e+00	-2.870744024205749145e+00
4.671167791947987702e-01	3.776687697833260859e+00	2.881066480000000318e+00	-2.446506101865860039e+00
4.681170292573143543e-01	3.768593623375324775e+00	2.460175879999999982e+00	-2.609674533535048635e+00
4.691172793198299940e-01	3.761674046279763761e+00	2.168790079999999953e+00	-2.087535552193646726e+00
4.701175293823456336e-01	3.758369950273922289e+00	1.579543240000000015e+00	-1.630663943519919501e+00
4.711177794448612732e-01	3.758543975134257753e+00	1.152177400000000018e+00	-1.434861825516893896e+00
4.721180295073769129e-01	3.761371962731142826e+00	7.312868000000000146e-01	-8.148217851739789630e-01
4.731182795698924970e-01	3.766411035234824567e+00	1.679409199999999935e-01	-1.947817448310640853e-01
4.741185296324081366e-01	3.772819735976236988e+00	-5.221724000000000504e-02	-3.161331316187596802e-02
4.751187796949237763e-01	3.780047270437961515e+00	-4.148306800000000072e-01	5.231593545133637058e-01
4.761190297574394159e-01	3.788112048754934680e+00	-4.342563999999999869e-01	6.210604135148766192e-01
4.771192798199550555e-01	3.796579938712062230e+00	-6.090878800000000259e-01	6.863277861825517467e-01
4.781195298824706952e-01	3.804509225309057552e+00	-6.285136000000000056e-01	8.494962178517398987e-01
4.791197799449862793e-01	3.811710074634429457e+00	-6.997412400000000421e-01	7.515951588502269853e-01
4.801200300075019189e-01	3.818796233975737309e+00	-7.126917200000000285e-01	9.147635905194151373e-01
4.811202800700175586e-01	3.825668128157274417e+00	-6.867907599999999446e-01	8.821299041855775735e-01
4.821205301325331982e-01	3.832094054743590661e+00	-5.896621600000000463e-01	6.210604135148766192e-01
4.831207801950488379e-01	3.838861298700420033e+00	-5.119592800000000166e-01	8.168625315179022239e-01
4.841210302575644220e-01	3.845909971923023196e+00	-3.565535200000000127e-01	5.884267271810389444e-01
4.851212803200800616e-01	3.851961361512195037e+00	-2.529496800000000101e-01	5.231593545133637058e-01
4.861215303825957013e-01	3.856770143101934334e+00	-1.428706000000000143e-01	2.947235501765002597e-01
4.871217804451113409e-01	3.860530465682793011e+00	6.059919999999996421e-03	1.641888048411497825e-01
4.881220305076269805e-01	3.862265097265907166e+00	2.974457200000000245e-01	-3.161331316187596802e-02
4.891222805701425647e-01	3.861251501377287898e+00	5.499800799999999823e-01	-2.926828038325769432e-01
4.901225306326582043e-01	3.857743906307046888e+00	7.312868000000000146e-01	-5.537522945032778976e-01
4.911227806951738439e-01	3.851701604759206532e+00	1.216929799999999950e+00	-8.148217851739789630e-01
4.921230307576894836e-01	3.843412814411826695e+00	1.294632679999999869e+00	-1.173792334846192720e+00
4.931232808202051232e-01	3.833844315514767231e+00	1.825602359999999980e+00	-1.598030257186082048e+00
4.941235308827207073e-01	3.823521639999167387e+00	2.473126360000000190e+00	-2.054901865859808829e+00
4.951237809452363470e-01	3.813375657100807725e+00	2.952294120000000355e+00	-2.381238729198184689e+00
4.961240310077519866e-01	3.804983090134006929e+00	2.777462640000000427e+00	-2.413872415532022586e+00
4.971242810702676262e-01	3.798482786873183858e+00	2.913442680000000173e+00	-3.033912455874937741e+00
4.981245311327832659e-01	3.792252429799988445e+00	2.770987400000000100e+00	-2.642308219868886088e+00
4.991247811952988500e-01	3.785364418461994784e+00	2.906967439999999847e+00	-3.229714573877962902e+00
5.001250312578144896e-01	3.778448735786158252e+00	2.855165520000000345e+00	-2.544407160867373285e+00
5.011252813203301848e-01	3.771914004133395615e+00	2.881066480000000318e+00	-2.805476651538073796e+00
5.021255313828457689e-01	3.766111709749926817e+00	2.388948239999999945e+00	-1.728565002521432525e+00
5.031257814453613531e-01	3.762026785212297497e+00	1.819127120000000097e+00	-1.793832375189107875e+00
5.041260315078770482e-01	3.760265751835706105e+00	1.475939400000000123e+00	-1.206426021180030395e+00
5.051262815703926323e-01	3.761201235238923246e+00	8.089896800000000443e-01	-9.127228441754917654e-01
5.061265316329083275e-01	3.765024398433893360e+00	3.816238400000000475e-01	-5.863859808371156834e-01
5.071267816954239116e-01	3.771023621421047523e+00	-9.106868000000001295e-02	-3.253164901664145625e-01
5.081270317579394957e-01	3.778281760243400456e+00	-2.594249200000000033e-01	1.315551185073121632e-01
5.091272818204551909e-01	3.786514132130239130e+00	-3.954049599999999165e-01	4.578919818456884672e-01
5.101275318829707750e-01	3.795177949802439610e+00	-5.313849999999999962e-01	8.494962178517398987e-01
5.111277819454864701e-01	3.803347508164368840e+00	-6.673650399999999649e-01	1.045298335854765615e+00
5.121280320080020543e-01	3.811014897698412174e+00	-7.450679199999999947e-01	8.821299041855775735e-01
5.131282820705176384e-01	3.818164543739992478e+00	-6.673650399999999649e-01	1.143199394856278639e+00
5.141285321330333336e-01	3.824550335244040866e+00	-6.932660000000000489e-01	4.905256681795260310e-01
5.151287821955489177e-01	3.831191425293658526e+00	-6.155631200000000192e-01	6.210604135148766192e-01
5.161290322580646128e-01	3.838736034247008710e+00	-5.443354799999999827e-01	5.557930408472013806e-01
5.171292823205801970e-01	3.846102950849270563e+00	-4.860583200000000437e-01	4.252582955118507924e-01
5.181295323830957811e-01	3.852158030286153334e+00	-2.853258800000000317e-01	5.557930408472013806e-01
5.191297824456114762e-01	3.856514898994382712e+00	-2.011477600000000088e-01	4.905256681795260310e-01
5.201300325081270604e-01	3.859475717492458546e+00	3.196087999999999707e-02	2.620898638426626404e-01
5.211302825706427555e-01	3.861930872125229897e+00	2.197428399999999948e-01	3.599909228441755538e-01
5.221305326331583396e-01	3.863201544595990189e+00	4.463762399999999797e-01	-5.537522945032778976e-01
5.231307826956739238e-01	3.860840856688529055e+00	6.341582000000000052e-01	-3.905838628340898566e-01
5.241310327581896189e-01	3.854437780515244327e+00	1.106850720000000177e+00	-9.779902168431670040e-01
5.251312828207052030e-01	3.846074223010358395e+00	1.333484120000000051e+00	-1.239059707513868069e+00
5.261315328832208982e-01	3.837222458936458747e+00	1.838552839999999744e+00	-1.630663943519919501e+00
5.271317829457364823e-01	3.827874190062855231e+00	2.155839599999999745e+00	-1.989634493192133702e+00
5.281320330082520664e-01	3.817970350000325919e+00	2.628532120000000027e+00	-2.283337670196671887e+00
5.291322830707677616e-01	3.808824242918273484e+00	2.693284519999999738e+00	-2.348605042864347237e+00
5.301325331332833457e-01	3.801827058679052129e+00	2.881066480000000318e+00	-2.740209278870398890e+00
5.311327831957990409e-01	3.795798113935887397e+00	2.777462640000000427e+00	-2.609674533535048635e+00
5.321330332583146250e-01	3.788303823912974266e+00	2.887541720000000200e+00	-2.772842965204236343e+00
5.331332833208302091e-01	3.779260496512466982e+00	2.861640760000000228e+00	-2.674941906202723541e+00
5.341335333833459043e-01	3.771005829938528731e+00	2.874591239999999992e+00	-2.674941906202723541e+00
5.351337834458614884e-01	3.765222660125006726e+00	2.615581640000000263e+00	-2.446506101865860039e+00
5.361340335083771835e-01	3.762027358640907426e+00	2.123463399999999890e+00	-2.120169238527484179e+00
5.371342835708927677e-01	3.761442867139439983e+00	1.624869920000000079e+00	-1.369594452849218325e+00
5.381345336334084628e-01	3.762942324292002372e+00	9.708706800000000969e-01	-9.779902168431670040e-01
5.391347836959240469e-01	3.765541599675372719e+00	4.528514799999999729e-01	-6.842870398386284858e-01
5.401350337584396311e-01	3.769776423402534160e+00	1.161389999999999922e-01	-3.161331316187596802e-02
5.411352838209553262e-01	3.776510503780402317e+00	-2.335239600000000026e-01	2.294561775088249655e-01
5.421355338834709103e-01	3.784729032319408493e+00	-3.954049599999999165e-01	4.578919818456884672e-01
5.431357839459866055e-01	3.792742955890898937e+00	-5.119592800000000166e-01	4.578919818456884672e-01
5.441360340085021896e-01	3.800250907310207982e+00	-7.321174399999998972e-01	8.821299041855775735e-01
5.451362840710177737e-01	3.808159942743646997e+00	-7.126917200000000285e-01	7.189614725163894215e-01
5.461365341335334689e-01	3.816784007499167686e+00	-8.745727199999999701e-01	1.077932022188603289e+00
5.471367841960490530e-01	3.824878883997164802e+00	-6.673650399999999649e-01	5.884267271810389444e-01
5.481370342585647482e-01	3.830862267574592916e+00	-6.544145599999999785e-01	8.821299041855775735e-01
5.491372843210803323e-01	3.835437919533678297e+00	-5.572859600000000802e-01	4.252582955118507924e-01
5.501375343835959164e-01	3.841094879105790394e+00	-4.148306800000000072e-01	4.252582955118507924e-01
5.511377844461116116e-01	3.848200217776647669e+00	-2.659001599999999965e-01	2.620898638426626404e-01
5.521380345086271957e-01	3.855110980839268287e+00	-2.011477600000000088e-01	6.628774583963688294e-02
5.531382845711428908e-01	3.860593688936848178e+00	-5.869248000000000520e-02	3.926246091780131731e-01
5.541385346336584750e-01	3.863653476781212071e+00	-1.040191599999999994e-01	9.892143217347457163e-02
5.551387846961740591e-01	3.863796950158634669e+00	4.334257600000001043e-01	2.294561775088249655e-01
5.561390347586897542e-01	3.861109056636323533e+00	5.176038800000000162e-01	-6.424699949571360813e-02
5.571392848212053384e-01	3.855601863704076315e+00	8.607915999999999901e-01	-6.842870398386284858e-01
5.581395348837210335e-01	3.847760551246835359e+00	1.197504080000000082e+00	-1.010623903177004790e+00
5.591397849462366176e-01	3.838842463969396768e+00	1.482414640000000006e+00	-1.467495511850731349e+00
5.601400350087522018e-01	3.830033352144252667e+00	2.065186240000000062e+00	-2.087535552193646726e+00
5.611402850712678969e-01	3.821304278921657360e+00	2.602631160000000055e+00	-2.218070297528996981e+00
5.621405351337834810e-01	3.812582761650554541e+00	2.505502560000000045e+00	-2.870744024205749145e+00
5.631407851962991762e-01	3.805294143014220420e+00	2.783937880000000309e+00	-2.054901865859808829e+00
5.641410352588147603e-01	3.799523924076381842e+00	2.874591239999999992e+00	-2.511773474533535389e+00
5.651412853213303444e-01	3.792603473596211749e+00	2.796888360000000517e+00	-2.479139788199697936e+00
5.661415353838460396e-01	3.783255912412535782e+00	2.855165520000000345e+00	-2.805476651538073796e+00
5.671417854463616237e-01	3.773522353838994814e+00	2.822789320000000490e+00	-2.740209278870398890e+00
5.681420355088773189e-01	3.765960439199676824e+00	2.375997759999999737e+00	-2.936011396873424495e+00
5.691422855713929030e-01	3.761864740441887012e+00	2.116988160000000008e+00	-2.152802924861321632e+00
5.701425356339084871e-01	3.761384331090051880e+00	1.547167039999999716e+00	-1.957000806858295805e+00
5.711427856964241823e-01	3.763074220445399298e+00	1.113325960000000059e+00	-8.148217851739789630e-01
5.721430357589397664e-01	3.765155036897030350e+00	6.859601199999999510e-01	-3.253164901664145625e-01
5.731432858214554615e-01	3.768311309251305641e+00	1.614656800000000003e-01	-6.424699949571360813e-02
5.741435358839710457e-01	3.773870283920625734e+00	-9.106868000000001295e-02	3.599909228441755538e-01
5.751437859464866298e-01	3.780842489625330760e+00	-4.277811600000000491e-01	2.294561775088249655e-01
5.761440360090023249e-01	3.788061952081152928e+00	-4.342563999999999869e-01	6.863277861825517467e-01
5.771442860715179091e-01	3.795762837580452853e+00	-6.285136000000000056e-01	5.557930408472013806e-01
5.781445361340336042e-01	3.804595612837228913e+00	-6.349888400000001099e-01	7.842288451840646601e-01
5.791447861965491883e-01	3.814144751376974618e+00	-7.256422000000000150e-01	7.515951588502269853e-01
5.801450362590647725e-01	3.822509782629838426e+00	-7.191669600000000218e-01	7.189614725163894215e-01
5.811452863215804676e-01	3.829440632860883653e+00	-6.867907599999999446e-01	9.473972768532528121e-01
5.821455363840960517e-01	3.836489749046657849e+00	-6.155631200000000192e-01	8.494962178517398987e-01
5.831457864466117469e-01	3.843064033781667277e+00	-5.184345200000000098e-01	7.189614725163894215e-01
5.841460365091273310e-01	3.847603763785582665e+00	-3.759792400000000478e-01	5.231593545133637058e-01
5.851462865716430262e-01	3.851408530936681895e+00	-2.659001599999999965e-01	3.599909228441755538e-01
5.861465366341586103e-01	3.856429739931303224e+00	-1.558210800000000007e-01	1.968224911749873740e-01
5.871467866966741944e-01	3.861317424914368690e+00	-1.336580000000000407e-02	1.315551185073121632e-01
5.881470367591898896e-01	3.863450079857003505e+00	2.715447599999999961e-01	-3.161331316187596802e-02
5.891472868217054737e-01	3.862100709142569865e+00	5.111286400000001340e-01	-1.947817448310640853e-01
5.901475368842211688e-01	3.857665257370060274e+00	7.053858400000000417e-01	-4.558512355017650397e-01
5.911477869467367530e-01	3.850837531515156620e+00	1.152177400000000018e+00	-7.821880988401412882e-01
5.921480370092523371e-01	3.842699725442650927e+00	1.262256480000000014e+00	-1.206426021180030395e+00
5.931482870717680322e-01	3.833997770064438537e+00	1.786750920000000020e+00	-1.663297629853757176e+00
5.941485371342836164e-01	3.824533401031728896e+00	2.388948239999999945e+00	-2.054901865859808829e+00
5.951487871967993115e-01	3.814155358476695401e+00	2.906967439999999847e+00	-2.511773474533535389e+00
5.961490372593148956e-01	3.804643745487029882e+00	2.680334040000000417e+00	-2.315971356530509784e+00
5.971492873218304798e-01	3.797832901217536694e+00	2.848690280000000463e+00	-3.001278769541099845e+00
5.981495373843461749e-01	3.792440381219414736e+00	2.712710240000000272e+00	-2.446506101865860039e+00
5.991497874468617590e-01	3.785974964730377312e+00	2.842215040000000137e+00	-2.609674533535048635e+00
6.001500375093774542e-01	3.777660371916572668e+00	2.777462640000000427e+00	-2.642308219868886088e+00
6.011502875718930383e-01	3.768900612178742726e+00	2.822789320000000490e+00	-2.772842965204236343e+00
6.021505376344086224e-01	3.762290387249311419e+00	2.324195839999999791e+00	-2.185436611195159529e+00
6.031507876969243176e-01	3.759424060354955799e+00	1.780275679999999916e+00	-2.283337670196671887e+00
6.041510377594399017e-01	3.759727743242756937e+00	1.417662239999999851e+00	-1.173792334846192720e+00
6.051512878219555969e-01	3.762267512310359940e+00	7.701382400000000850e-01	-1.075891275844679917e+00
6.061515378844711810e-01	3.767055639912983089e+00	3.751485999999999432e-01	-3.161331316187596802e-02
6.071517879469867651e-01	3.773083171858858886e+00	-1.234448800000000068e-01	2.294561775088249655e-01
6.081520380095024603e-01	3.779177651409860061e+00	-2.982763600000000181e-01	6.210604135148766192e-01
6.091522880720180444e-01	3.786472239309852661e+00	-4.213059199999999449e-01	8.168625315179022239e-01
6.101525381345337395e-01	3.795298560193420379e+00	-5.508107199999999759e-01	6.863277861825517467e-01
6.111527881970493237e-01	3.803212025508618588e+00	-7.126917200000000285e-01	8.168625315179022239e-01
6.121530382595649078e-01	3.809395344186071508e+00	-7.580183999999999811e-01	6.210604135148766192e-01
6.131532883220806029e-01	3.816510266205269453e+00	-6.997412400000000421e-01	4.252582955118507924e-01
6.141535383845961871e-01	3.825783491628410360e+00	-6.997412400000000421e-01	8.821299041855775735e-01
6.151537884471118822e-01	3.834561729718792389e+00	-6.479393199999999853e-01	7.842288451840646601e-01
6.161540385096274663e-01	3.840483848321967209e+00	-5.637612000000000734e-01	8.821299041855775735e-01
6.171542885721430505e-01	3.844262510430596080e+00	-5.119592800000000166e-01	9.147635905194151373e-01
6.181545386346587456e-01	3.847965188320865870e+00	-3.306525599999999843e-01	3.926246091780131731e-01
6.191547886971743297e-01	3.852478261063115639e+00	-2.335239600000000026e-01	5.884267271810389444e-01
6.201550387596900249e-01	3.856957936883255389e+00	6.059919999999996421e-03	-1.621480584972264660e-01
6.211552888222056090e-01	3.860391410945794632e+00	1.873666400000000010e-01	-1.295143721633888190e-01
6.221555388847211931e-01	3.861592184469743394e+00	4.140000400000000136e-01	-2.600491174987393794e-01
6.231557889472368883e-01	3.859059863958750558e+00	5.953067600000000459e-01	-5.537522945032778976e-01
6.241560390097524724e-01	3.853230035004008514e+00	1.067999279999999995e+00	-5.211186081694403338e-01
6.251562890722681676e-01	3.845754309120414938e+00	1.262256480000000014e+00	-8.800891578416540906e-01
6.261565391347837517e-01	3.836878382401553100e+00	1.786750920000000020e+00	-1.532762884518406477e+00
6.271567891972993358e-01	3.826556533553076012e+00	2.110512920000000125e+00	-1.728565002521432525e+00
6.281570392598150310e-01	3.816224422141784256e+00	2.563779720000000317e+00	-2.544407160867373285e+00
6.291572893223306151e-01	3.807850186138327153e+00	2.609106400000000381e+00	-2.283337670196671887e+00
6.301575393848463102e-01	3.801774081776898129e+00	2.796888360000000517e+00	-2.936011396873424495e+00
6.311577894473618944e-01	3.796269267686383841e+00	2.706235000000000390e+00	-2.674941906202723541e+00
6.321580395098775895e-01	3.789531257754572557e+00	2.809838840000000282e+00	-2.544407160867373285e+00
6.331582895723931736e-01	3.781589407938785286e+00	2.790413120000000191e+00	-2.707575592536560993e+00
6.341585396349087578e-01	3.773730468949531236e+00	2.803363599999999956e+00	-2.446506101865860039e+00
6.351587896974244529e-01	3.766668790984131654e+00	2.544354000000000227e+00	-2.218070297528996981e+00
6.361590397599400371e-01	3.761179199330694889e+00	2.078136719999999826e+00	-2.022268179525970933e+00
6.371592898224557322e-01	3.758800724857069842e+00	1.573067999999999911e+00	-1.402228139183055999e+00
6.381595398849713163e-01	3.760288508563053522e+00	9.449697200000000130e-01	-9.779902168431670040e-01
6.391597899474869005e-01	3.764893924772802603e+00	4.269505200000000000e-01	-4.232175491679274204e-01
6.401600400100025956e-01	3.770656723918908160e+00	6.433707999999999094e-02	6.628774583963688294e-02
6.411602900725181797e-01	3.776347852039230180e+00	-2.594249200000000033e-01	1.315551185073121632e-01
6.421605401350338749e-01	3.782937400379983384e+00	-4.083554400000000140e-01	6.536940998487140719e-01
6.431607901975494590e-01	3.791021119521021276e+00	-5.249097599999998920e-01	6.210604135148766192e-01
6.441610402600650431e-01	3.800084133271948161e+00	-7.580183999999999811e-01	8.168625315179022239e-01
6.451612903225807383e-01	3.809453702975519551e+00	-7.256422000000000150e-01	8.168625315179022239e-01
6.461615403850963224e-01	3.817067217378547372e+00	-9.134241599999999295e-01	7.842288451840646601e-01
6.471617904476120176e-01	3.822183580695290406e+00	-7.191669600000000218e-01	6.210604135148766192e-01
6.481620405101276017e-01	3.827657071476833206e+00	-6.608898000000000827e-01	8.494962178517398987e-01
6.491622905726431858e-01	3.835261581375395412e+00	-5.831869200000000530e-01	6.863277861825517467e-01
6.501625406351588810e-01	3.843315737215571737e+00	-4.342563999999999869e-01	8.494962178517398987e-01
6.511627906976744651e-01	3.849444483738612366e+00	-2.918011200000000249e-01	4.905256681795260310e-01
6.521630407601901602e-01	3.853354582577041665e+00	-2.076230000000000020e-01	6.863277861825517467e-01
6.531632908227057444e-01	3.856649853042825260e+00	-9.106868000000001295e-02	9.892143217347457163e-02
6.541635408852213285e-01	3.859425676796746529e+00	-1.234448800000000068e-01	1.315551185073121632e-01
6.551637909477370236e-01	3.860288681234841146e+00	4.075248000000000759e-01	-2.926828038325769432e-01
6.561640410102526078e-01	3.858959814759892470e+00	4.787524399999999458e-01	-6.190196671709531362e-01
6.571642910727683029e-01	3.855504650244764964e+00	8.219401600000000307e-01	-6.190196671709531362e-01
6.581645411352838870e-01	3.849829404752226569e+00	1.178078360000000213e+00	-1.206426021180030395e+00
6.591647911977994712e-01	3.842097658219188361e+00	1.456513680000000033e+00	-1.010623903177004790e+00
6.601650412603151663e-01	3.832314804436387501e+00	2.019859559999999998e+00	-1.630663943519919501e+00
6.611652913228307504e-01	3.821106501769229613e+00	2.544354000000000227e+00	-1.924367120524458352e+00
6.621655413853464456e-01	3.810206881270271850e+00	2.460175879999999982e+00	-2.381238729198184689e+00
6.631657914478620297e-01	3.801552900819254344e+00	2.725660720000000481e+00	-2.609674533535048635e+00
6.641660415103776138e-01	3.795607000898415517e+00	2.790413120000000191e+00	-3.001278769541099845e+00
6.651662915728933090e-01	3.790158041022339219e+00	2.738611200000000245e+00	-2.479139788199697936e+00
6.661665416354088931e-01	3.783206313534650533e+00	2.796888360000000517e+00	-3.099179828542612647e+00
6.671667916979245883e-01	3.776045438309666658e+00	2.764512159999999774e+00	-2.348605042864347237e+00
6.681670417604401724e-01	3.770174955644959081e+00	2.298294879999999818e+00	-2.609674533535048635e+00
6.691672918229557565e-01	3.765062419359261892e+00	2.065186240000000062e+00	-1.793832375189107875e+00
6.701675418854714517e-01	3.761237494192344322e+00	1.521266079999999965e+00	-1.369594452849218325e+00
6.711677919479870358e-01	3.760601237357491300e+00	1.067999279999999995e+00	-1.173792334846192720e+00
6.721680420105027309e-01	3.763494252697730857e+00	6.535839199999999849e-01	-4.884849218356027145e-01
6.731682920730183151e-01	3.769078908273067796e+00	1.031885200000000058e-01	-3.253164901664145625e-01
6.741685421355338992e-01	3.776454627145298115e+00	-1.104944000000000065e-01	1.020373171961676869e-03
6.751687921980495943e-01	3.783728011161888727e+00	-4.601573600000000153e-01	4.905256681795260310e-01
6.761690422605651785e-01	3.790107430099946662e+00	-4.795830800000000504e-01	4.905256681795260310e-01
6.771692923230808736e-01	3.797754639656223841e+00	-6.414640799999999921e-01	9.147635905194151373e-01
6.781695423855964577e-01	3.807301865527069840e+00	-6.414640799999999921e-01	1.077932022188603289e+00
6.791697924481121529e-01	3.816035525983195065e+00	-7.191669600000000218e-01	9.473972768532528121e-01
6.801700425106277370e-01	3.822626607929144882e+00	-7.385926799999998904e-01	1.077932022188603289e+00
6.811702925731433211e-01	3.828649514595847680e+00	-6.997412400000000421e-01	6.210604135148766192e-01
6.821705426356590163e-01	3.835591610850590083e+00	-6.285136000000000056e-01	6.210604135148766192e-01
6.831707926981746004e-01	3.842574547046185174e+00	-5.249097599999998920e-01	6.863277861825517467e-01
6.841710427606902956e-01	3.847857635083457684e+00	-3.824544800000000411e-01	5.231593545133637058e-01
6.851712928232058797e-01	3.851791147895124112e+00	-2.982763600000000181e-01	4.905256681795260310e-01
6.861715428857214638e-01	3.855804650340119988e+00	-1.687715600000000149e-01	2.947235501765002597e-01
6.871717929482371590e-01	3.860347565329070640e+00	-1.984104000000000423e-02	1.020373171961676869e-03
6.881720430107527431e-01	3.863601324386745084e+00	2.391685600000000023e-01	9.892143217347457163e-02
6.891722930732684382e-01	3.862519117116697043e+00	4.981781600000000365e-01	-3.905838628340898566e-01
6.901725431357840224e-01	3.857382879782792706e+00	6.665344000000000824e-01	-5.211186081694403338e-01
6.911727931982996065e-01	3.850969654115430352e+00	1.132751680000000150e+00	-8.148217851739789630e-01
6.921730432608153016e-01	3.844242746436514757e+00	1.216929799999999950e+00	-1.206426021180030395e+00
6.931732933233308858e-01	3.836132048208149126e+00	1.728473759999999970e+00	-1.630663943519919501e+00
6.941735433858465809e-01	3.825593917814256617e+00	2.369522519999999854e+00	-1.989634493192133702e+00
6.951737934483621650e-01	3.814599253892084096e+00	2.855165520000000345e+00	-2.413872415532022586e+00
6.961740435108777492e-01	3.806773888956441532e+00	2.647957840000000118e+00	-2.120169238527484179e+00
6.971742935733934443e-01	3.801398804880186777e+00	2.796888360000000517e+00	-2.772842965204236343e+00
6.981745436359090284e-01	3.794489756787950085e+00	2.654433080000000444e+00	-2.315971356530509784e+00
6.991747936984247236e-01	3.785880888515706921e+00	2.796888360000000517e+00	-2.772842965204236343e+00
7.001750437609403077e-01	3.778288372773613624e+00	2.732135959999999919e+00	-2.479139788199697936e+00
7.011752938234558918e-01	3.771753653813207929e+00	2.790413120000000191e+00	-2.674941906202723541e+00
7.021755438859715870e-01	3.765672916267103876e+00	2.272393919999999845e+00	-2.087535552193646726e+00
7.031757939484871711e-01	3.761636061649844542e+00	1.728473759999999970e+00	-1.761198688855269978e+00
7.041760440110028663e-01	3.760549809455580927e+00	1.385286039999999996e+00	-1.141158648512355045e+00
7.051762940735184504e-01	3.762033216074093467e+00	7.377620400000000078e-01	-5.863859808371156834e-01
7.061765441360340345e-01	3.766267912487074820e+00	3.362971600000000394e-01	-4.232175491679274204e-01
7.071767941985497297e-01	3.773113303411441688e+00	-1.428706000000000143e-01	6.628774583963688294e-02
7.081770442610653138e-01	3.781409238892744717e+00	-3.177020799999999978e-01	1.968224911749873740e-01
7.091772943235810089e-01	3.789871167950102038e+00	-4.277811600000000491e-01	2.294561775088249655e-01
7.101775443860965931e-01	3.797751160459681419e+00	-5.767116799999999488e-01	7.189614725163894215e-01
7.111777944486121772e-01	3.805369918721032363e+00	-7.126917200000000285e-01	6.536940998487140719e-01
7.121780445111278723e-01	3.813357040852371149e+00	-7.580183999999999811e-01	1.110565708522440964e+00
7.131782945736434565e-01	3.821072864037289740e+00	-7.062164799999999243e-01	1.208466767523953767e+00
7.141785446361591516e-01	3.827160440550054332e+00	-7.062164799999999243e-01	1.110565708522440964e+00
7.151787946986747357e-01	3.831791623270093705e+00	-6.479393199999999853e-01	8.821299041855775735e-01
7.161790447611903199e-01	3.837460367854369725e+00	-5.637612000000000734e-01	5.884267271810389444e-01
7.171792948237060150e-01	3.845447930702452055e+00	-5.184345200000000098e-01	4.252582955118507924e-01
7.181795448862215991e-01	3.853020146186624029e+00	-3.241773200000000466e-01	3.273572365103378790e-01
7.191797949487372943e-01	3.858172111039118501e+00	-2.399992000000000236e-01	1.641888048411497825e-01
7.201800450112528784e-01	3.862269531921233678e+00	-1.336580000000000407e-02	4.578919818456884672e-01
7.211802950737684625e-01	3.865187951451682036e+00	1.744161599999999868e-01	2.294561775088249655e-01
7.221805451362841577e-01	3.864812717009880938e+00	3.816238400000000475e-01	9.892143217347457163e-02
7.231807951987997418e-01	3.860550054431830080e+00	5.758810400000000662e-01	-1.295143721633888190e-01
7.241810452613154370e-01	3.853685907621306139e+00	1.029147840000000036e+00	-9.127228441754917654e-01
7.251812953238310211e-01	3.846234668083840624e+00	1.229880280000000159e+00	-9.779902168431670040e-01
7.261815453863467162e-01	3.838449813026455271e+00	1.741424239999999957e+00	-1.663297629853757176e+00
7.271817954488623004e-01	3.828875032738402240e+00	2.052235759999999853e+00	-2.087535552193646726e+00
7.281820455113778845e-01	3.818048941793247053e+00	2.518453040000000698e+00	-2.315971356530509784e+00
7.291822955738935796e-01	3.808513229800601252e+00	2.550829240000000553e+00	-2.479139788199697936e+00
7.301825456364091638e-01	3.801800864691263548e+00	2.745086440000000128e+00	-2.413872415532022586e+00
7.311827956989248589e-01	3.796663349966372003e+00	2.660908319999999883e+00	-2.218070297528996981e+00
7.321830457614404430e-01	3.790055106906528248e+00	2.758036920000000336e+00	-2.642308219868886088e+00
7.331832958239560272e-01	3.781070936886193667e+00	2.738611200000000245e+00	-2.511773474533535389e+00
7.341835458864717223e-01	3.772233301983172193e+00	2.758036920000000336e+00	-2.772842965204236343e+00
7.351837959489873064e-01	3.766040113300213932e+00	2.505502560000000045e+00	-2.283337670196671887e+00
7.361840460115030016e-01	3.762947508537935359e+00	2.052235759999999853e+00	-2.022268179525970933e+00
7.371842960740185857e-01	3.762254906583300418e+00	1.540691800000000056e+00	-1.467495511850731349e+00
7.381845461365341698e-01	3.762884796304151180e+00	9.125935200000000469e-01	-6.842870398386284858e-01
7.391847961990498650e-01	3.764870042416218698e+00	3.816238400000000475e-01	-4.884849218356027145e-01
7.401850462615654491e-01	3.769201441432614264e+00	4.491135999999999739e-02	1.968224911749873740e-01
7.411852963240811443e-01	3.775546030742112702e+00	-2.982763600000000181e-01	3.273572365103378790e-01
7.421855463865967284e-01	3.783218319547560604e+00	-4.277811600000000491e-01	5.557930408472013806e-01
7.431857964491123125e-01	3.791674152510959406e+00	-5.378602399999999895e-01	6.210604135148766192e-01
7.441860465116280077e-01	3.799853900752773406e+00	-7.709688800000000786e-01	7.515951588502269853e-01
7.451862965741435918e-01	3.808010037192741670e+00	-7.450679199999999947e-01	6.863277861825517467e-01
7.461865466366592869e-01	3.816494982466277719e+00	-9.198994000000000337e-01	9.147635905194151373e-01
7.471867966991748711e-01	3.824338054392929287e+00	-7.191669600000000218e-01	7.189614725163894215e-01
7.481870467616904552e-01	3.831320713469628547e+00	-6.803155199999999514e-01	9.147635905194151373e-01
7.491872968242061503e-01	3.837996447280128898e+00	-5.767116799999999488e-01	6.863277861825517467e-01
7.501875468867217345e-01	3.844487716777558184e+00	-4.407316399999999801e-01	8.168625315179022239e-01
7.511877969492374296e-01	3.850116989499582143e+00	-3.177020799999999978e-01	4.252582955118507924e-01
7.521880470117530137e-01	3.854368039230504195e+00	-2.399992000000000236e-01	4.252582955118507924e-01
7.531882970742685979e-01	3.858243506870975725e+00	-1.040191599999999994e-01	1.641888048411497825e-01
7.541885471367842930e-01	3.862209222472423154e+00	-1.493458400000000075e-01	2.294561775088249655e-01
7.551887971992998771e-01	3.864272294812759245e+00	3.751485999999999432e-01	-6.424699949571360813e-02
7.561890472618155723e-01	3.862153969799119846e+00	4.528514799999999729e-01	-1.295143721633888190e-01
7.571892973243311564e-01	3.855936333275072236e+00	7.830887200000000714e-01	-5.863859808371156834e-01
7.581895473868467406e-01	3.847953459158061307e+00	1.119801199999999941e+00	-7.495544125063037244e-01
7.591897974493624357e-01	3.840542079038645973e+00	1.404711760000000087e+00	-1.402228139183055999e+00
7.601900475118780198e-01	3.833685479523191386e+00	1.955107160000000066e+00	-1.793832375189107875e+00
7.611902975743937150e-01	3.824990161242958209e+00	2.473126360000000190e+00	-2.218070297528996981e+00
7.621905476369092991e-01	3.813895041502057826e+00	2.401898720000000154e+00	-2.870744024205749145e+00
7.631907976994248832e-01	3.804060830623658074e+00	2.667383560000000209e+00	-2.152802924861321632e+00
7.641910477619405784e-01	3.798034382746862114e+00	2.738611200000000245e+00	-3.033912455874937741e+00
7.651912978244561625e-01	3.792972043898802159e+00	2.667383560000000209e+00	-2.022268179525970933e+00
7.661915478869718577e-01	3.785026392529060590e+00	2.745086440000000128e+00	-2.577040847201210738e+00
7.671917979494874418e-01	3.775053310703623488e+00	2.699759760000000064e+00	-2.315971356530509784e+00
7.681920480120030259e-01	3.766863364988489948e+00	2.240017719999999990e+00	-2.577040847201210738e+00
7.691922980745187211e-01	3.762346694109963252e+00	2.039285280000000089e+00	-1.957000806858295805e+00
7.701925481370343052e-01	3.760887139679612190e+00	1.450038439999999929e+00	-2.054901865859808829e+00
7.711927981995500003e-01	3.761160607861924632e+00	1.035623080000000140e+00	-8.800891578416540906e-01
7.721930482620655845e-01	3.763053482421503393e+00	6.276829600000000120e-01	-1.010623903177004790e+00
7.731932983245812796e-01	3.767602055065897293e+00	6.433707999999999094e-02	1.315551185073121632e-01
7.741935483870968637e-01	3.774431470736176575e+00	-1.493458400000000075e-01	4.252582955118507924e-01
7.751937984496124479e-01	3.781993494742039719e+00	-4.925335599999999814e-01	5.231593545133637058e-01
7.761940485121281430e-01	3.789305451952981851e+00	-4.860583200000000437e-01	8.821299041855775735e-01
7.771942985746437271e-01	3.796256904504565988e+00	-6.673650399999999649e-01	6.210604135148766192e-01
7.781945486371594223e-01	3.804100625659539325e+00	-6.544145599999999785e-01	9.147635905194151373e-01
7.791947986996750064e-01	3.813374766435065677e+00	-7.450679199999999947e-01	5.884267271810389444e-01
7.801950487621905905e-01	3.821727139534534690e+00	-7.515431599999999879e-01	7.515951588502269853e-01
7.811952988247062857e-01	3.827711987579133890e+00	-7.256422000000000150e-01	8.168625315179022239e-01
7.821955488872218698e-01	3.833317040497468575e+00	-6.349888400000001099e-01	8.168625315179022239e-01
7.831957989497375650e-01	3.839987848106288570e+00	-5.508107199999999759e-01	8.821299041855775735e-01
7.841960490122531491e-01	3.846513772429269729e+00	-3.954049599999999165e-01	8.168625315179022239e-01
7.851962990747687332e-01	3.851521759953823398e+00	-3.112268400000000046e-01	3.926246091780131731e-01
7.861965491372844284e-01	3.855269776030056494e+00	-2.011477600000000088e-01	4.905256681795260310e-01
7.871967991998000125e-01	3.858696103907679920e+00	-5.221724000000000504e-02	-6.424699949571360813e-02
7.881970492623157076e-01	3.861463589462359458e+00	2.262180799999999881e-01	-1.295143721633888190e-01
7.891972993248312918e-01	3.861824652998036012e+00	4.463762399999999797e-01	-4.232175491679274204e-01
7.901975493873468759e-01	3.858198832191122918e+00	6.276829600000000120e-01	-5.211186081694403338e-01
7.911977994498625710e-01	3.850933412239699205e+00	1.080949760000000204e+00	-6.516533535047908110e-01
7.921980495123781552e-01	3.842321122340789152e+00	1.152177400000000018e+00	-1.010623903177004790e+00
7.931982995748938503e-01	3.833698541861716880e+00	1.683147080000000129e+00	-1.500129198184569024e+00
7.941985496374094344e-01	3.824598733962099484e+00	2.285344400000000054e+00	-1.793832375189107875e+00
7.951987996999250186e-01	3.815018491538615830e+00	2.790413120000000191e+00	-2.479139788199697936e+00
7.961990497624407137e-01	3.806303061866406434e+00	2.583205440000000408e+00	-2.185436611195159529e+00
7.971992998249562978e-01	3.799644174487692538e+00	2.738611200000000245e+00	-2.740209278870398890e+00
7.981995498874719930e-01	3.794128126030964943e+00	2.602631160000000055e+00	-2.381238729198184689e+00
7.991997999499875771e-01	3.787625878925442890e+00	2.725660720000000481e+00	-2.674941906202723541e+00
8.002000500125031612e-01	3.779256273545818612e+00	2.667383560000000209e+00	-2.479139788199697936e+00
8.012003000750188564e-01	3.770565540616114930e+00	2.719185480000000155e+00	-2.544407160867373285e+00
8.022005501375344405e-01	3.764408919540210618e+00	2.207641520000000135e+00	-1.826466061522945328e+00
8.032008002000501357e-01	3.762001617843445445e+00	1.683147080000000129e+00	-1.891733434190620455e+00
8.042010502625657198e-01	3.762147756465513471e+00	1.314058399999999960e+00	-1.075891275844679917e+00
8.052013003250813039e-01	3.763537058399188950e+00	6.989106000000000485e-01	-7.495544125063037244e-01
8.062015503875969991e-01	3.766307781453071435e+00	2.974457200000000245e-01	-2.926828038325769432e-01
8.072018004501125832e-01	3.771251892136098682e+00	-1.817220400000000013e-01	2.294561775088249655e-01
8.082020505126282783e-01	3.778735722656966889e+00	-3.371277999999999775e-01	3.926246091780131731e-01
8.092023005751438625e-01	3.787826817258884926e+00	-4.601573600000000153e-01	7.842288451840646601e-01
8.102025506376594466e-01	3.796188924881080951e+00	-5.831869200000000530e-01	5.557930408472013806e-01
8.112028007001751417e-01	3.802770325546276808e+00	-7.385926799999998904e-01	1.012664649520927940e+00
8.122030507626907259e-01	3.809513217392222373e+00	-7.774441199999999608e-01	6.863277861825517467e-01
8.132033008252064210e-01	3.817805888030292305e+00	-7.256422000000000150e-01	6.536940998487140719e-01
8.142035508877220051e-01	3.825858598563582014e+00	-7.256422000000000150e-01	8.168625315179022239e-01
8.152038009502377003e-01	3.832247831310218178e+00	-6.673650399999999649e-01	5.231593545133637058e-01
8.162040510127532844e-01	3.838242622645042346e+00	-5.896621600000000463e-01	9.147635905194151373e-01
8.172043010752688685e-01	3.845141303038836611e+00	-5.249097599999998920e-01	5.557930408472013806e-01
8.182045511377845637e-01	3.852137525718670297e+00	-3.371277999999999775e-01	7.515951588502269853e-01
8.192048012003001478e-01	3.857046602691081461e+00	-2.659001599999999965e-01	5.231593545133637058e-01
8.202050512628158430e-01	3.859255801069451319e+00	-3.279152000000000455e-02	2.294561775088249655e-01
8.212053013253314271e-01	3.860538653185342728e+00	1.355647199999999997e-01	1.968224911749873740e-01
8.222055513878470112e-01	3.861196125982032878e+00	3.621981200000000678e-01	-3.253164901664145625e-01
8.232058014503627064e-01	3.859462556902586439e+00	5.370296000000001069e-01	-6.190196671709531362e-01
8.242060515128782905e-01	3.854981232603811758e+00	1.003246880000000063e+00	-7.495544125063037244e-01
8.252063015753939856e-01	3.848209041797066465e+00	1.191028839999999978e+00	-1.141158648512355045e+00
8.262065516379095698e-01	3.839312586738492072e+00	1.702572799999999775e+00	-1.206426021180030395e+00
8.272068017004251539e-01	3.829825264006470054e+00	2.039285280000000089e+00	-1.565396570852244151e+00
8.282070517629408490e-01	3.820776884267092388e+00	2.440750159999999891e+00	-2.087535552193646726e+00
8.292073018254564332e-01	3.810873733637406779e+00	2.466651119999999864e+00	-1.826466061522945328e+00
8.302075518879721283e-01	3.800461189303685039e+00	2.706235000000000390e+00	-2.968645083207262392e+00
8.312078019504877124e-01	3.792422716265780203e+00	2.602631160000000055e+00	-2.577040847201210738e+00
8.322080520130032966e-01	3.787001662459452245e+00	2.719185480000000155e+00	-2.642308219868886088e+00
8.332083020755189917e-01	3.781572638646446993e+00	2.686809280000000300e+00	-2.805476651538073796e+00
8.342085521380345758e-01	3.775166535455806383e+00	2.706235000000000390e+00	-2.348605042864347237e+00
8.352088022005502710e-01	3.768943247299022303e+00	2.473126360000000190e+00	-2.022268179525970933e+00
8.362090522630658551e-01	3.764292305316736531e+00	1.987483359999999921e+00	-1.859099747856782781e+00
8.372093023255814392e-01	3.761897864857467244e+00	1.514790839999999861e+00	-1.141158648512355045e+00
8.382095523880971344e-01	3.761919047317153542e+00	8.478411200000001147e-01	-9.453565305093293292e-01
8.392098024506127185e-01	3.764945514202282073e+00	3.621981200000000678e-01	-5.211186081694403338e-01
8.402100525131284137e-01	3.771142072286187474e+00	1.253515999999999658e-02	-9.688068582955121355e-02
8.412103025756439978e-01	3.778795663471048005e+00	-3.177020799999999978e-01	9.892143217347457163e-02
8.422105526381595819e-01	3.785921970291039607e+00	-4.342563999999999869e-01	4.905256681795260310e-01
8.432108027006752771e-01	3.793009770098037414e+00	-5.443354799999999827e-01	6.210604135148766192e-01
8.442110527631908612e-01	3.800927540325337528e+00	-7.774441199999999608e-01	8.821299041855775735e-01
8.452113028257065563e-01	3.808455674959522863e+00	-7.580183999999999811e-01	8.494962178517398987e-01
8.462115528882221405e-01	3.815713048586110823e+00	-9.134241599999999295e-01	8.821299041855775735e-01
8.472118029507377246e-01	3.823674031924643835e+00	-7.321174399999998972e-01	1.045298335854765615e+00
8.482120530132534197e-01	3.830756900028715162e+00	-6.803155199999999514e-01	7.515951588502269853e-01
8.492123030757690039e-01	3.836516811743842847e+00	-5.896621600000000463e-01	5.884267271810389444e-01
8.502125531382846990e-01	3.842798043294116450e+00	-4.731078399999999462e-01	6.536940998487140719e-01
8.512128032008002831e-01	3.849622560027145646e+00	-3.241773200000000466e-01	3.599909228441755538e-01
8.522130532633158673e-01	3.855869983843502879e+00	-2.464744400000000168e-01	6.210604135148766192e-01
8.532133033258315624e-01	3.861017008382138460e+00	-1.104944000000000065e-01	2.294561775088249655e-01
8.542135533883471465e-01	3.864087138006437439e+00	-1.428706000000000143e-01	1.968224911749873740e-01
8.552138034508628417e-01	3.864016468385744307e+00	3.686733600000000055e-01	-9.688068582955121355e-02
8.562140535133784258e-01	3.861093508000212005e+00	4.269505200000000000e-01	-3.253164901664145625e-01
8.572143035758940099e-01	3.856370501185734323e+00	7.507125199999999943e-01	-6.516533535047908110e-01
8.582145536384097051e-01	3.849929248127885284e+00	1.080949760000000204e+00	-6.516533535047908110e-01
8.592148037009252892e-01	3.841538319721169881e+00	1.372335560000000010e+00	-1.239059707513868069e+00
8.602150537634409844e-01	3.832091117231724020e+00	1.935681439999999975e+00	-1.532762884518406477e+00
8.612153038259565685e-01	3.822760326386503316e+00	2.447225399999999773e+00	-2.022268179525970933e+00
8.622155538884722636e-01	3.813958227412210800e+00	2.369522519999999854e+00	-2.283337670196671887e+00
8.632158039509878478e-01	3.805570978491556122e+00	2.609106400000000381e+00	-2.381238729198184689e+00
8.642160540135034319e-01	3.797576918717676886e+00	2.680334040000000417e+00	-2.805476651538073796e+00
8.652163040760191270e-01	3.790322768697226508e+00	2.622056880000000589e+00	-2.413872415532022586e+00
8.662165541385347112e-01	3.783526213644676783e+00	2.686809280000000300e+00	-2.870744024205749145e+00
8.672168042010504063e-01	3.776057127167260941e+00	2.647957840000000118e+00	-2.479139788199697936e+00
8.682170542635659904e-01	3.768794703455150330e+00	2.181740560000000162e+00	-2.903377710539586598e+00
8.692173043260815746e-01	3.763991203108937089e+00	2.000433839999999908e+00	-1.532762884518406477e+00
8.702175543885972697e-01	3.761671908352339333e+00	1.424137479999999734e+00	-1.565396570852244151e+00
8.712178044511128538e-01	3.761998713422623819e+00	9.902964000000000766e-01	-5.863859808371156834e-01
8.722180545136285490e-01	3.765613441647050141e+00	5.953067600000000459e-01	-6.424699949571360813e-02
8.732183045761441331e-01	3.770128822431299209e+00	5.786183999999999772e-02	3.365405950579927752e-02
8.742185546386597172e-01	3.774177699877697467e+00	-1.687715600000000149e-01	1.315551185073121632e-01
8.752188047011754124e-01	3.780212827296718370e+00	-4.925335599999999814e-01	2.947235501765002597e-01
8.762190547636909965e-01	3.789104473308185117e+00	-5.054840400000000233e-01	3.599909228441755538e-01
8.772193048262066917e-01	3.798559653802006331e+00	-6.738402799999999582e-01	8.821299041855775735e-01
8.782195548887222758e-01	3.807232979246540694e+00	-6.608898000000000827e-01	7.842288451840646601e-01
8.792198049512378599e-01	3.815556980403540077e+00	-7.385926799999998904e-01	1.143199394856278639e+00
8.802200550137535551e-01	3.823206526974210373e+00	-7.515431599999999879e-01	1.273734140191629116e+00
8.812203050762691392e-01	3.829879418498119303e+00	-7.385926799999998904e-01	8.168625315179022239e-01
8.822205551387848343e-01	3.836362760010071149e+00	-6.220383600000000124e-01	8.494962178517398987e-01
8.832208052013004185e-01	3.842364512651168518e+00	-5.508107199999999759e-01	5.557930408472013806e-01
8.842210552638160026e-01	3.847668953660729141e+00	-4.083554400000000140e-01	4.252582955118507924e-01
8.852213053263316977e-01	3.853494161222693393e+00	-3.047516000000000114e-01	3.599909228441755538e-01
8.862215553888472819e-01	3.859511011436489003e+00	-2.076230000000000020e-01	1.641888048411497825e-01
8.872218054513629770e-01	3.863721206636584249e+00	-7.164296000000000553e-02	6.210604135148766192e-01
8.882220555138785612e-01	3.864969791267622412e+00	2.132676000000000016e-01	1.020373171961676869e-03
8.892223055763941453e-01	3.863155852550533620e+00	4.204752800000000068e-01	-2.926828038325769432e-01
8.902225556389098404e-01	3.858847404279082571e+00	5.953067600000000459e-01	-2.274154311649017046e-01
8.912228057014254246e-01	3.852975509933465492e+00	1.042098320000000022e+00	-1.043257589510842243e+00
8.922230557639411197e-01	3.845796108596073459e+00	1.145702159999999914e+00	-1.043257589510842243e+00
8.932233058264567038e-01	3.836841864744013009e+00	1.637820399999999843e+00	-1.695931316187594851e+00
8.942235558889722880e-01	3.826518196378792869e+00	2.233542480000000108e+00	-1.957000806858295805e+00
8.952238059514879831e-01	3.816698053157558057e+00	2.764512159999999774e+00	-2.348605042864347237e+00
8.962240560140035672e-01	3.808874765138235308e+00	2.531403520000000018e+00	-2.152802924861321632e+00
8.972243060765192624e-01	3.802314235059274683e+00	2.680334040000000417e+00	-2.707575592536560993e+00
8.982245561390348465e-01	3.795178263440441846e+00	2.544354000000000227e+00	-2.152802924861321632e+00
8.992248062015504306e-01	3.786653062474405473e+00	2.673858800000000091e+00	-2.642308219868886088e+00
9.002250562640661258e-01	3.777074589256087300e+00	2.615581640000000263e+00	-2.348605042864347237e+00
9.012253063265817099e-01	3.768714246171534832e+00	2.673858800000000091e+00	-2.642308219868886088e+00
9.022255563890974051e-01	3.764739911850936593e+00	2.168790079999999953e+00	-1.924367120524458352e+00
9.032258064516129892e-01	3.764045935803522092e+00	1.637820399999999843e+00	-1.924367120524458352e+00
9.042260565141285733e-01	3.763179842320758528e+00	1.301107919999999973e+00	-1.043257589510842243e+00
9.052263065766442685e-01	3.763158710241753191e+00	6.535839199999999849e-01	-5.211186081694403338e-01
9.062265566391598526e-01	3.766475117449837651e+00	2.650695199999999474e-01	-2.926828038325769432e-01
9.072268067016755477e-01	3.772314018550509740e+00	-1.946725200000000155e-01	2.947235501765002597e-01
9.082270567641911319e-01	3.779208687110729326e+00	-3.695039999999999436e-01	2.947235501765002597e-01
9.092273068267068270e-01	3.786850539509072355e+00	-4.536821200000000776e-01	5.884267271810389444e-01
9.102275568892224111e-01	3.794856513021480193e+00	-5.896621600000000463e-01	5.884267271810389444e-01
9.112278069517379953e-01	3.802547733051516055e+00	-7.385926799999998904e-01	9.473972768532528121e-01
9.122280570142536904e-01	3.810343880657100613e+00	-7.903945999999999472e-01	6.863277861825517467e-01
9.132283070767692745e-01	3.819281365318793142e+00	-7.450679199999999947e-01	1.045298335854765615e+00
9.142285571392849697e-01	3.828061518843000055e+00	-7.256422000000000150e-01	9.147635905194151373e-01
9.152288072018005538e-01	3.834490180662280423e+00	-6.867907599999999446e-01	1.077932022188603289e+00
9.162290572643161379e-01	3.839248835441314789e+00	-5.831869200000000530e-01	7.189614725163894215e-01
9.172293073268318331e-01	3.844429771945751195e+00	-5.443354799999999827e-01	6.863277861825517467e-01
9.182295573893474172e-01	3.850588172100580131e+00	-3.565535200000000127e-01	3.273572365103378790e-01
9.192298074518631124e-01	3.856564373607919372e+00	-2.982763600000000181e-01	1.315551185073121632e-01
9.202300575143786965e-01	3.860854866542762220e+00	-5.221724000000000504e-02	2.620898638426626404e-01
9.212303075768942806e-01	3.863307203347525309e+00	1.226142399999999993e-01	-1.295143721633888190e-01
9.222305576394099758e-01	3.864023707348570369e+00	3.362971600000000394e-01	2.947235501765002597e-01
9.232308077019255599e-01	3.861733304469788131e+00	4.981781600000000365e-01	-2.274154311649017046e-01
9.242310577644412550e-01	3.855652853818290371e+00	9.579201999999999995e-01	-3.253164901664145625e-01
9.252313078269568392e-01	3.846870403969341989e+00	1.132751680000000150e+00	-7.821880988401412882e-01
9.262315578894724233e-01	3.837473410664302698e+00	1.650770879999999829e+00	-1.402228139183055999e+00
9.272318079519881184e-01	3.828059144536785752e+00	1.968057640000000053e+00	-1.793832375189107875e+00
9.282320580145037026e-01	3.817758632619831172e+00	2.395423479999999827e+00	-2.381238729198184689e+00
9.292323080770193977e-01	3.808591045975447731e+00	2.395423479999999827e+00	-2.544407160867373285e+00
9.302325581395349818e-01	3.802846411234178881e+00	2.641482600000000236e+00	-2.381238729198184689e+00
9.312328082020505660e-01	3.797848696548780101e+00	2.550829240000000553e+00	-2.479139788199697936e+00
9.322330582645662611e-01	3.790762980261411119e+00	2.647957840000000118e+00	-2.250703983862834434e+00
9.332333083270818452e-01	3.782244595515595886e+00	2.635007360000000354e+00	-2.152802924861321632e+00
9.342335583895975404e-01	3.773631358749921727e+00	2.641482600000000236e+00	-2.446506101865860039e+00
9.352338084521131245e-01	3.766176369240093802e+00	2.408373960000000036e+00	-1.989634493192133702e+00
9.362340585146287086e-01	3.761378493451385641e+00	1.942156679999999858e+00	-2.087535552193646726e+00
9.372343085771444038e-01	3.760263712314615869e+00	1.462988919999999915e+00	-1.467495511850731349e+00
9.382345586396599879e-01	3.762537275758000010e+00	8.219401600000000307e-01	-7.821880988401412882e-01
9.392348087021756831e-01	3.766644686930005648e+00	3.233466799999999974e-01	-6.190196671709531362e-01
9.402350587646912672e-01	3.771182868936330035e+00	-1.336580000000000407e-02	2.947235501765002597e-01
9.412353088272068513e-01	3.776089267656645543e+00	-3.241773200000000466e-01	5.231593545133637058e-01
9.422355588897225465e-01	3.782549895659724992e+00	-4.666325999999999530e-01	6.210604135148766192e-01
9.432358089522381306e-01	3.790821863659328717e+00	-5.702364399999999556e-01	8.821299041855775735e-01
9.442360590147538257e-01	3.799373950286463408e+00	-7.968698400000000515e-01	6.210604135148766192e-01
9.452363090772694099e-01	3.807562400808777614e+00	-7.774441199999999608e-01	7.189614725163894215e-01
9.462365591397849940e-01	3.815861332002620454e+00	-9.458003599999998956e-01	6.210604135148766192e-01
9.472368092023006891e-01	3.823694384398997670e+00	-7.321174399999998972e-01	6.863277861825517467e-01
9.482370592648162733e-01	3.830584434138661010e+00	-6.997412400000000421e-01	1.012664649520927940e+00
9.492373093273319684e-01	3.837287971048463309e+00	-6.285136000000000056e-01	6.863277861825517467e-01
9.502375593898475525e-01	3.843684555217930843e+00	-4.731078399999999462e-01	8.168625315179022239e-01
9.512378094523631367e-01	3.849157028874419240e+00	-3.500782800000000750e-01	5.884267271810389444e-01
9.522380595148788318e-01	3.854068799910149945e+00	-2.659001599999999965e-01	3.926246091780131731e-01
9.532383095773944159e-01	3.858020903414654867e+00	-1.493458400000000075e-01	2.947235501765002597e-01
9.542385596399101111e-01	3.860626042804824021e+00	-1.622963199999999939e-01	-3.161331316187596802e-02
9.552388097024256952e-01	3.862386099026494435e+00	3.362971600000000394e-01	-1.295143721633888190e-01
9.562390597649413904e-01	3.861916021966629753e+00	3.945743200000000339e-01	-1.947817448310640853e-01
9.572393098274569745e-01	3.857439846290541041e+00	7.248115600000000214e-01	-7.169207261724660496e-01
9.582395598899725586e-01	3.850127970390733623e+00	1.042098320000000022e+00	-8.148217851739789630e-01
9.592398099524882538e-01	3.841770751030794351e+00	1.333484120000000051e+00	-1.206426021180030395e+00
9.602400600150038379e-01	3.832585335977826357e+00	1.883879520000000030e+00	-1.565396570852244151e+00
9.612403100775195330e-01	3.822805459713560783e+00	2.382473000000000063e+00	-1.989634493192133702e+00
9.622405601400351172e-01	3.813303258962356779e+00	2.324195839999999791e+00	-2.446506101865860039e+00
9.632408102025507013e-01	3.805067747219590846e+00	2.544354000000000227e+00	-2.283337670196671887e+00
9.642410602650663964e-01	3.798503444381087668e+00	2.641482600000000236e+00	-2.772842965204236343e+00
9.652413103275819806e-01	3.792460667572087996e+00	2.576730200000000082e+00	-2.283337670196671887e+00
9.662415603900976757e-01	3.785312871553017988e+00	2.641482600000000236e+00	-2.511773474533535389e+00
9.672418104526132598e-01	3.777114652067977474e+00	2.602631160000000055e+00	-2.348605042864347237e+00
9.682420605151288440e-01	3.769693561789738467e+00	2.149364359999999863e+00	-2.348605042864347237e+00
9.692423105776445391e-01	3.764708064558345946e+00	1.948631919999999962e+00	-1.891733434190620455e+00
9.702425606401601232e-01	3.762019299305299214e+00	1.352909840000000141e+00	-1.598030257186082048e+00
9.712428107026758184e-01	3.760821796974804343e+00	9.125935200000000469e-01	-1.075891275844679917e+00
9.722430607651914025e-01	3.762630237594700500e+00	5.435048399999999891e-01	-1.075891275844679917e+00
9.732433108277069866e-01	3.768946260799972858e+00	1.253515999999999658e-02	-1.295143721633888190e-01
9.742435608902226818e-01	3.776675135501174285e+00	-1.817220400000000013e-01	3.365405950579927752e-02
9.752438109527382659e-01	3.782630625523403012e+00	-5.054840400000000233e-01	8.494962178517398987e-01
9.762440610152539611e-01	3.787975684207978588e+00	-5.378602399999999895e-01	8.168625315179022239e-01
9.772443110777695452e-01	3.794435335801793929e+00	-6.932660000000000489e-01	9.800309631870904870e-01
9.782445611402851293e-01	3.802308368495731727e+00	-6.803155199999999514e-01	1.045298335854765615e+00
9.792448112028008245e-01	3.811121716422288586e+00	-7.709688800000000786e-01	6.863277861825517467e-01
9.802450612653164086e-01	3.819592407954596869e+00	-7.839193599999999540e-01	6.863277861825517467e-01
9.812453113278321037e-01	3.827161103191043079e+00	-7.385926799999998904e-01	8.168625315179022239e-01
9.822455613903476879e-01	3.834536000262981581e+00	-6.479393199999999853e-01	5.231593545133637058e-01
9.832458114528632720e-01	3.842200782728127262e+00	-5.702364399999999556e-01	9.473972768532528121e-01
9.842460615153789671e-01	3.849698299714828131e+00	-4.213059199999999449e-01	6.863277861825517467e-01
9.852463115778945513e-01	3.855522145208278850e+00	-3.436030400000000262e-01	6.536940998487140719e-01
9.862465616404102464e-01	3.858361604587551064e+00	-2.140982399999999952e-01	6.210604135148766192e-01
9.872468117029258305e-01	3.859244231514945778e+00	-9.106868000000001295e-02	-9.688068582955121355e-02
9.882470617654414147e-01	3.859800621148710587e+00	1.873666400000000010e-01	3.365405950579927752e-02
9.892473118279571098e-01	3.859553634679200318e+00	4.010495599999999716e-01	-4.232175491679274204e-01
9.902475618904726939e-01	3.857557614646692556e+00	5.694058000000000730e-01	-5.863859808371156834e-01
9.912478119529883891e-01	3.853138773957135665e+00	1.016197360000000049e+00	-7.495544125063037244e-01
9.922480620155039732e-01	3.845322329631409630e+00	1.119801199999999941e+00	-1.108524962178517592e+00
9.932483120780195573e-01	3.835282721323979072e+00	1.579543240000000015e+00	-1.402228139183055999e+00
9.942485621405352525e-01	3.825632527219946510e+00	2.207641520000000135e+00	-1.565396570852244151e+00
9.952488122030508366e-01	3.816689739925527736e+00	2.686809280000000300e+00	-2.348605042864347237e+00
9.962490622655665318e-01	3.807971715617019193e+00	2.499027319999999719e+00	-1.728565002521432525e+00
9.972493123280821159e-01	3.800577836152012612e+00	2.635007360000000354e+00	-3.197080887544125449e+00
9.982495623905977000e-01	3.794791386287621471e+00	2.499027319999999719e+00	-2.315971356530509784e+00
9.992498124531133952e-01	3.788716214851310937e+00	2.641482600000000236e+00	-2.577040847201210738e+00
1.000250062515628979e+00	3.781135257124092153e+00	2.576730200000000082e+00	-2.479139788199697936e+00
1.001250312578144674e+00	3.773126128555029712e+00	2.635007360000000354e+00	-2.446506101865860039e+00
1.002250562640660370e+00	3.766689800121703069e+00	2.136413880000000098e+00	-1.793832375189107875e+00
1.003250812703175843e+00	3.763111218311361750e+00	1.598968959999999884e+00	-1.728565002521432525e+00
1.004251062765691538e+00	3.762474242565818194e+00	1.262256480000000014e+00	-8.474554715078166378e-01
1.005251312828207233e+00	3.764355132811218141e+00	6.276829600000000120e-01	-8.474554715078166378e-01
1.006251562890722706e+00	3.767922472278844026e+00	2.456437999999999955e-01	-2.600491174987393794e-01
1.007251812953238401e+00	3.772761044064836256e+00	-2.270487200000000094e-01	1.641888048411497825e-01
1.008252063015754096e+00	3.779593712190332688e+00	-3.889297199999999788e-01	1.968224911749873740e-01
1.009252313078269570e+00	3.787990096432869880e+00	-4.795830800000000504e-01	6.210604135148766192e-01
1.010252563140785265e+00	3.796117140294076542e+00	-6.155631200000000192e-01	6.210604135148766192e-01
1.011252813203300960e+00	3.803626920293108782e+00	-7.580183999999999811e-01	8.821299041855775735e-01
1.012253063265816655e+00	3.811595001670493588e+00	-7.968698400000000515e-01	8.168625315179022239e-01
1.013253313328332128e+00	3.820030239244140979e+00	-7.321174399999998972e-01	9.800309631870904870e-01
1.014253563390847823e+00	3.827657719788747137e+00	-7.256422000000000150e-01	7.515951588502269853e-01
1.015253813453363518e+00	3.833935882447820021e+00	-6.803155199999999514e-01	7.842288451840646601e-01
1.016254063515878991e+00	3.839584153323566618e+00	-6.155631200000000192e-01	6.863277861825517467e-01
1.017254313578394687e+00	3.845333976447424362e+00	-5.508107199999999759e-01	7.515951588502269853e-01
1.018254563640910382e+00	3.851489130150929974e+00	-3.759792400000000478e-01	4.578919818456884672e-01
1.019254813703425855e+00	3.857547932821433712e+00	-2.723753999999999897e-01	6.210604135148766192e-01
1.020255063765941550e+00	3.861804643797371206e+00	-7.164296000000000553e-02	1.968224911749873740e-01
1.021255313828457245e+00	3.863192487003729969e+00	1.226142399999999993e-01	3.273572365103378790e-01
1.022255563890972940e+00	3.862442218349786849e+00	3.168714400000000042e-01	-3.905838628340898566e-01
1.023255813953488413e+00	3.859765332459311971e+00	4.852276800000000501e-01	-4.232175491679274204e-01
1.024256064016004109e+00	3.854155745397941590e+00	9.320192400000000266e-01	-8.474554715078166378e-01
1.025256314078519804e+00	3.846247620927942368e+00	1.119801199999999941e+00	-1.336960766515380872e+00
1.026256564141035277e+00	3.838001285026739762e+00	1.631345159999999739e+00	-1.271693393847705744e+00
1.027256814203550972e+00	3.829582037646310777e+00	1.955107160000000066e+00	-1.891733434190620455e+00
1.028257064266066667e+00	3.820270272014904656e+00	2.375997759999999737e+00	-1.761198688855269978e+00
1.029257314328582362e+00	3.810949090948002826e+00	2.369522519999999854e+00	-1.957000806858295805e+00
1.030257564391097835e+00	3.803139453668824110e+00	2.602631160000000055e+00	-2.315971356530509784e+00
1.031257814453613531e+00	3.796395575911714726e+00	2.492552079999999837e+00	-2.348605042864347237e+00
1.032258064516129226e+00	3.789002152548072822e+00	2.615581640000000263e+00	-2.740209278870398890e+00
1.033258314578644699e+00	3.781078075496604907e+00	2.583205440000000408e+00	-2.772842965204236343e+00
1.034258564641160394e+00	3.773867017436868032e+00	2.602631160000000055e+00	-2.446506101865860039e+00
1.035258814703676089e+00	3.767937766552142076e+00	2.369522519999999854e+00	-2.348605042864347237e+00
1.036259064766191562e+00	3.764234435332652229e+00	1.890354760000000134e+00	-1.695931316187594851e+00
1.037259314828707257e+00	3.763407179909369127e+00	1.424137479999999734e+00	-1.239059707513868069e+00
1.038259564891222952e+00	3.764402140670463748e+00	7.895639599999999536e-01	-3.905838628340898566e-01
1.039259814953738648e+00	3.766095014366320992e+00	2.909704799999999758e-01	-1.621480584972264660e-01
1.040260065016254121e+00	3.769683069028329836e+00	-1.984104000000000423e-02	-1.295143721633888190e-01
1.041260315078769816e+00	3.777080190873873367e+00	-3.630287599999999504e-01	2.947235501765002597e-01
1.042260565141285511e+00	3.786338408475784068e+00	-4.731078399999999462e-01	4.252582955118507924e-01
1.043260815203800984e+00	3.793789551218341938e+00	-5.767116799999999488e-01	3.926246091780131731e-01
1.044261065266316679e+00	3.799887914474730177e+00	-8.292460400000000176e-01	8.821299041855775735e-01
1.045261315328832374e+00	3.807165171694609107e+00	-7.774441199999999608e-01	9.473972768532528121e-01
1.046261565391347848e+00	3.815679877495920636e+00	-9.393251199999999024e-01	1.175833081190116092e+00
1.047261815453863543e+00	3.823946426954859756e+00	-7.450679199999999947e-01	1.273734140191629116e+00
1.048262065516379238e+00	3.831159196990591820e+00	-7.062164799999999243e-01	8.168625315179022239e-01
1.049262315578894933e+00	3.837009300257332001e+00	-6.285136000000000056e-01	9.147635905194151373e-01
1.050262565641410406e+00	3.842090143472784103e+00	-4.860583200000000437e-01	4.905256681795260310e-01
1.051262815703926101e+00	3.848067944775735327e+00	-3.565535200000000127e-01	4.578919818456884672e-01
1.052263065766441796e+00	3.854696953230396073e+00	-2.788506400000000385e-01	4.252582955118507924e-01
1.053263315828957269e+00	3.859815946218673410e+00	-1.493458400000000075e-01	1.641888048411497825e-01
1.054263565891472965e+00	3.862633311777846412e+00	-1.687715600000000149e-01	2.620898638426626404e-01
1.055263815953988660e+00	3.863577546889380265e+00	3.233466799999999974e-01	3.365405950579927752e-02
1.056264066016504133e+00	3.862625941686167241e+00	3.621981200000000678e-01	-1.947817448310640853e-01
1.057264316079019828e+00	3.858532381467647987e+00	6.989106000000000485e-01	-4.884849218356027145e-01
1.058264566141535523e+00	3.850552026539440842e+00	1.009722120000000167e+00	-9.779902168431670040e-01
1.059264816204051218e+00	3.840714935544224051e+00	1.314058399999999960e+00	-1.239059707513868069e+00
1.060265066266566691e+00	3.831003790225780747e+00	1.825602359999999980e+00	-1.630663943519919501e+00
1.061265316329082387e+00	3.821356974016913988e+00	2.343621559999999882e+00	-2.087535552193646726e+00
1.062265566391598082e+00	3.812332212167480083e+00	2.252968199999999754e+00	-2.348605042864347237e+00
1.063265816454113555e+00	3.804778211727597448e+00	2.518453040000000698e+00	-2.283337670196671887e+00
1.064266066516629250e+00	3.797547716603690837e+00	2.589680680000000734e+00	-2.511773474533535389e+00
1.065266316579144945e+00	3.789791878211604459e+00	2.505502560000000045e+00	-2.185436611195159529e+00
1.066266566641660418e+00	3.782818375283708345e+00	2.596155920000000172e+00	-2.642308219868886088e+00
1.067266816704176113e+00	3.776689815125475302e+00	2.550829240000000553e+00	-2.283337670196671887e+00
1.068267066766691809e+00	3.769725514015468626e+00	2.084611959999999709e+00	-2.511773474533535389e+00
1.069267316829207504e+00	3.763235032134883973e+00	1.922730959999999989e+00	-1.859099747856782781e+00
1.070267566891722977e+00	3.760976660500748192e+00	1.320533639999999842e+00	-1.434861825516893896e+00
1.071267816954238672e+00	3.763393985019117594e+00	9.190687600000001511e-01	-9.127228441754917654e-01
1.072268067016754367e+00	3.767181407336540833e+00	5.176038800000000162e-01	-1.621480584972264660e-01
1.073268317079269840e+00	3.770040562695216924e+00	-1.984104000000000423e-02	-6.424699949571360813e-02
1.074268567141785535e+00	3.772992352461173038e+00	-2.140982399999999952e-01	4.252582955118507924e-01
1.075268817204301230e+00	3.778510758686848714e+00	-5.378602399999999895e-01	3.926246091780131731e-01
1.076269067266816926e+00	3.787121393249006207e+00	-5.443354799999999827e-01	5.884267271810389444e-01
1.077269317329332399e+00	3.796314993749257738e+00	-7.126917200000000285e-01	7.189614725163894215e-01
1.078269567391848094e+00	3.804426053850603839e+00	-6.932660000000000489e-01	5.557930408472013806e-01
1.079269817454363789e+00	3.813163545302626467e+00	-7.580183999999999811e-01	9.800309631870904870e-01
1.080270067516879262e+00	3.823631339951868213e+00	-7.968698400000000515e-01	7.189614725163894215e-01
1.081270317579394957e+00	3.833103002278428928e+00	-7.385926799999998904e-01	1.208466767523953767e+00
1.082270567641910652e+00	3.838293518399807702e+00	-6.544145599999999785e-01	9.473972768532528121e-01
1.083270817704426126e+00	3.840470842807883756e+00	-5.896621600000000463e-01	9.147635905194151373e-01
1.084271067766941821e+00	3.844023144643351930e+00	-4.472068799999999733e-01	5.884267271810389444e-01
1.085271317829457516e+00	3.850759975913786715e+00	-3.630287599999999504e-01	3.273572365103378790e-01
1.086271567891973211e+00	3.858546221404263399e+00	-2.399992000000000236e-01	-3.161331316187596802e-02
1.087271817954488684e+00	3.863620168876173100e+00	-1.104944000000000065e-01	2.294561775088249655e-01
1.088272068017004379e+00	3.864368075319912776e+00	1.679409199999999935e-01	-2.274154311649017046e-01
1.089272318079520074e+00	3.862314487272556995e+00	3.557228800000000746e-01	3.365405950579927752e-02
1.090272568142035547e+00	3.858404357418342201e+00	5.370296000000001069e-01	-1.947817448310640853e-01
1.091272818204551243e+00	3.852270251352648778e+00	9.902964000000000766e-01	-6.190196671709531362e-01
1.092273068267066938e+00	3.844037973129009078e+00	1.061524040000000113e+00	-6.842870398386284858e-01
1.093273318329582411e+00	3.834387582638065339e+00	1.560117519999999924e+00	-1.695931316187594851e+00
1.094273568392098106e+00	3.824128369163998453e+00	2.149364359999999863e+00	-1.826466061522945328e+00
1.095273818454613801e+00	3.814565540346795292e+00	2.641482600000000236e+00	-2.479139788199697936e+00
1.096274068517129496e+00	3.807408399866795801e+00	2.440750159999999891e+00	-2.120169238527484179e+00
1.097274318579644969e+00	3.801672840862265534e+00	2.583205440000000408e+00	-2.511773474533535389e+00
1.098274568642160665e+00	3.794657306265692753e+00	2.447225399999999773e+00	-2.120169238527484179e+00
1.099274818704676360e+00	3.786779452458132855e+00	2.583205440000000408e+00	-2.511773474533535389e+00
1.100275068767191833e+00	3.779157631286410801e+00	2.518453040000000698e+00	-1.957000806858295805e+00
1.101275318829707528e+00	3.771106366755788475e+00	2.570254960000000199e+00	-2.642308219868886088e+00
1.102275568892223223e+00	3.763635237432060077e+00	2.097562439999999917e+00	-1.630663943519919501e+00
1.103275818954738696e+00	3.759603087472712879e+00	1.566592759999999807e+00	-1.989634493192133702e+00
1.104276069017254391e+00	3.760197647934867771e+00	1.203979319999999964e+00	-1.043257589510842243e+00
1.105276319079770087e+00	3.764005727605986618e+00	5.953067600000000459e-01	-5.537522945032778976e-01
1.106276569142285782e+00	3.768745849586658814e+00	2.067923600000000084e-01	-2.926828038325769432e-01
1.107276819204801255e+00	3.773347473555656695e+00	-2.464744400000000168e-01	2.620898638426626404e-01
1.108277069267316950e+00	3.778602753834135797e+00	-4.148306800000000072e-01	5.557930408472013806e-01
1.109277319329832645e+00	3.785657280123048807e+00	-4.990087999999999191e-01	6.863277861825517467e-01
1.110277569392348118e+00	3.794548669684477904e+00	-6.220383600000000124e-01	8.168625315179022239e-01
1.111277819454863813e+00	3.803655701783294596e+00	-7.709688800000000786e-01	8.494962178517398987e-01
1.112278069517379508e+00	3.811124163095968687e+00	-8.098203199999999269e-01	7.189614725163894215e-01
1.113278319579894982e+00	3.818008589463503188e+00	-7.515431599999999879e-01	8.494962178517398987e-01
1.114278569642410677e+00	3.826196733836408015e+00	-7.580183999999999811e-01	8.168625315179022239e-01
1.115278819704926372e+00	3.834328023623283954e+00	-6.997412400000000421e-01	9.473972768532528121e-01
1.116279069767442067e+00	3.840457353313429856e+00	-6.155631200000000192e-01	7.189614725163894215e-01
1.117279319829957540e+00	3.845002779175279439e+00	-5.637612000000000734e-01	8.168625315179022239e-01
1.118279569892473235e+00	3.849383627023826637e+00	-3.954049599999999165e-01	5.231593545133637058e-01
1.119279819954988930e+00	3.854961198129481570e+00	-3.177020799999999978e-01	4.905256681795260310e-01
1.120280070017504404e+00	3.861019131122074732e+00	-9.754392000000000618e-02	1.968224911749873740e-01
1.121280320080020099e+00	3.863989694689922594e+00	7.728756000000000514e-02	1.641888048411497825e-01
1.122280570142535794e+00	3.862569954089708268e+00	2.844952399999999826e-01	-1.621480584972264660e-01
1.123280820205051489e+00	3.859241531893846666e+00	4.528514799999999729e-01	-1.947817448310640853e-01
1.124281070267566962e+00	3.855011199063579586e+00	8.866925599999999630e-01	-6.516533535047908110e-01
1.125281320330082657e+00	3.848593216634540681e+00	1.080949760000000204e+00	-6.516533535047908110e-01
1.126281570392598352e+00	3.839431670731946689e+00	1.573067999999999911e+00	-1.336960766515380872e+00
1.127281820455113825e+00	3.828577595420233237e+00	1.935681439999999975e+00	-1.500129198184569024e+00
1.128282070517629521e+00	3.818359702986852344e+00	2.298294879999999818e+00	-2.185436611195159529e+00
1.129282320580145216e+00	3.810448371448522664e+00	2.363047279999999972e+00	-2.283337670196671887e+00
1.130282570642660689e+00	3.803972572403360175e+00	2.570254960000000199e+00	-2.544407160867373285e+00
1.131282820705176384e+00	3.797058913415194858e+00	2.466651119999999864e+00	-2.609674533535048635e+00
1.132283070767692079e+00	3.789259430888391567e+00	2.570254960000000199e+00	-2.152802924861321632e+00
1.133283320830207774e+00	3.781780547124553138e+00	2.537878760000000344e+00	-2.511773474533535389e+00
1.134283570892723247e+00	3.775672005809765697e+00	2.557304479999999991e+00	-2.054901865859808829e+00
1.135283820955238943e+00	3.769750442719931538e+00	2.311245360000000026e+00	-1.761198688855269978e+00
1.136284071017754638e+00	3.763183491913387080e+00	1.864453799999999939e+00	-1.793832375189107875e+00
1.137284321080270111e+00	3.759355850143512257e+00	1.365860319999999906e+00	-1.173792334846192720e+00
1.138284571142785806e+00	3.761375613944327512e+00	7.507125199999999943e-01	-1.043257589510842243e+00
1.139284821205301501e+00	3.766845075617053062e+00	2.715447599999999961e-01	-6.190196671709531362e-01
1.140285071267816974e+00	3.772166064207017389e+00	-7.811819999999999875e-02	1.968224911749873740e-01
1.141285321330332669e+00	3.777467508565208298e+00	-3.824544800000000411e-01	1.641888048411497825e-01
1.142285571392848365e+00	3.784503229288235460e+00	-4.860583200000000437e-01	8.494962178517398987e-01
1.143285821455364060e+00	3.793224650109211726e+00	-5.896621600000000463e-01	9.800309631870904870e-01
1.144286071517879533e+00	3.801725150982377066e+00	-8.292460400000000176e-01	8.168625315179022239e-01
1.145286321580395228e+00	3.808494549798314921e+00	-8.033450799999999337e-01	1.045298335854765615e+00
1.146286571642910923e+00	3.814855191936284307e+00	-9.587508399999999931e-01	6.863277861825517467e-01
1.147286821705426396e+00	3.823225902880709182e+00	-7.515431599999999879e-01	7.842288451840646601e-01
1.148287071767942091e+00	3.832597362981023714e+00	-7.256422000000000150e-01	8.168625315179022239e-01
1.149287321830457786e+00	3.840003066598524306e+00	-6.349888400000001099e-01	6.536940998487140719e-01
1.150287571892973260e+00	3.845158453678139132e+00	-5.054840400000000233e-01	7.515951588502269853e-01
1.151287821955488955e+00	3.850062045689740309e+00	-3.630287599999999504e-01	5.884267271810389444e-01
1.152288072018004650e+00	3.855757811754584985e+00	-2.982763600000000181e-01	5.231593545133637058e-01
1.153288322080520345e+00	3.860748327560978410e+00	-1.752468000000000081e-01	5.557930408472013806e-01
1.154288572143035818e+00	3.863236115585793495e+00	-1.946725200000000155e-01	6.628774583963688294e-02
1.155288822205551513e+00	3.863516356790375195e+00	3.039209600000000178e-01	6.628774583963688294e-02
1.156289072268067208e+00	3.862130037463645138e+00	3.427723999999999771e-01	-4.232175491679274204e-01
1.157289322330582682e+00	3.858803496149244339e+00	6.665344000000000824e-01	-6.190196671709531362e-01
1.158289572393098377e+00	3.852924648066628599e+00	9.838211600000000834e-01	-7.495544125063037244e-01
1.159289822455614072e+00	3.844167570132879241e+00	1.294632679999999869e+00	-1.206426021180030395e+00
1.160290072518129545e+00	3.833991073882582423e+00	1.786750920000000020e+00	-1.369594452849218325e+00
1.161290322580645240e+00	3.823788003839748040e+00	2.311245360000000026e+00	-1.859099747856782781e+00
1.162290572643160935e+00	3.813781129876102849e+00	2.207641520000000135e+00	-2.413872415532022586e+00
1.163290822705676630e+00	3.805139217659079254e+00	2.466651119999999864e+00	-2.054901865859808829e+00
1.164291072768192103e+00	3.798412258143203157e+00	2.544354000000000227e+00	-2.674941906202723541e+00
1.165291322830707799e+00	3.791885656238839886e+00	2.479601600000000072e+00	-2.250703983862834434e+00
1.166291572893223494e+00	3.784545762636713828e+00	2.550829240000000553e+00	-2.577040847201210738e+00
1.167291822955738967e+00	3.777147827908499789e+00	2.511977800000000371e+00	-2.315971356530509784e+00
1.168292073018254662e+00	3.770205624376099518e+00	2.071661479999999944e+00	-2.381238729198184689e+00
1.169292323080770357e+00	3.764247665418587907e+00	1.883879520000000030e+00	-1.761198688855269978e+00
1.170292573143286052e+00	3.760550388133304889e+00	1.281682200000000105e+00	-1.402228139183055999e+00
1.171292823205801525e+00	3.760205594253350547e+00	8.607915999999999901e-01	-6.842870398386284858e-01
1.172293073268317221e+00	3.763404443171480374e+00	5.046534000000000297e-01	-4.232175491679274204e-01
1.173293323330832916e+00	3.768922099119103475e+00	-3.279152000000000455e-02	-6.424699949571360813e-02
1.174293573393348389e+00	3.775171524072227669e+00	-2.335239600000000026e-01	2.947235501765002597e-01
1.175293823455864084e+00	3.781719087470333029e+00	-5.313849999999999962e-01	3.599909228441755538e-01
1.176294073518379779e+00	3.788695948336051611e+00	-5.572859600000000802e-01	7.842288451840646601e-01
1.177294323580895252e+00	3.796583304081602606e+00	-7.256422000000000150e-01	8.821299041855775735e-01
1.178294573643410947e+00	3.805344883165326042e+00	-6.997412400000000421e-01	1.143199394856278639e+00
1.179294823705926643e+00	3.813363487104296734e+00	-7.903945999999999472e-01	8.168625315179022239e-01
1.180295073768442338e+00	3.819889230695970195e+00	-7.903945999999999472e-01	1.110565708522440964e+00
1.181295323830957811e+00	3.826616908556845775e+00	-7.515431599999999879e-01	7.189614725163894215e-01
1.182295573893473506e+00	3.834736681724369323e+00	-6.479393199999999853e-01	5.557930408472013806e-01
1.183295823955989201e+00	3.842387824421435116e+00	-5.831869200000000530e-01	6.536940998487140719e-01
1.184296074018504674e+00	3.848197388205129688e+00	-4.407316399999999801e-01	2.294561775088249655e-01
1.185296324081020369e+00	3.854107734252758100e+00	-3.759792400000000478e-01	8.494962178517398987e-01
1.186296574143536064e+00	3.860475548745398555e+00	-2.529496800000000101e-01	4.578919818456884672e-01
1.187296824206051538e+00	3.864198233835280050e+00	-1.169696400000000136e-01	4.252582955118507924e-01
1.188297074268567233e+00	3.863672265448981680e+00	1.549904400000000071e-01	3.926246091780131731e-01
1.189297324331082928e+00	3.860516471758163259e+00	3.427723999999999771e-01	-1.947817448310640853e-01
1.190297574393598623e+00	3.856468112153440764e+00	5.046534000000000297e-01	-5.211186081694403338e-01
1.191297824456114096e+00	3.851607658891597730e+00	9.449697200000000130e-01	-8.800891578416540906e-01
1.192298074518629791e+00	3.845478634001040952e+00	1.048573559999999905e+00	-1.206426021180030395e+00
1.193298324581145486e+00	3.837652086629157466e+00	1.508315599999999979e+00	-1.434861825516893896e+00
1.194298574643660960e+00	3.828293269785020936e+00	2.129938640000000216e+00	-1.728565002521432525e+00
1.195298824706176655e+00	3.819059060897655566e+00	2.622056880000000589e+00	-2.022268179525970933e+00
1.196299074768692350e+00	3.811087130743947782e+00	2.401898720000000154e+00	-1.663297629853757176e+00
1.197299324831207823e+00	3.803228719901071919e+00	2.563779720000000317e+00	-2.642308219868886088e+00
1.198299574893723518e+00	3.794347038707726494e+00	2.414849199999999918e+00	-1.989634493192133702e+00
1.199299824956239213e+00	3.785495989122485305e+00	2.550829240000000553e+00	-2.805476651538073796e+00
1.200300075018754908e+00	3.778176861186928637e+00	2.492552079999999837e+00	-2.413872415532022586e+00
1.201300325081270381e+00	3.772233135151648931e+00	2.531403520000000018e+00	-2.511773474533535389e+00
1.202300575143786077e+00	3.767321059297306540e+00	2.065186240000000062e+00	-1.891733434190620455e+00
1.203300825206301772e+00	3.764162205591640387e+00	1.514790839999999861e+00	-1.467495511850731349e+00
1.204301075268817245e+00	3.763317794309102293e+00	1.203979319999999964e+00	-7.169207261724660496e-01
1.205301325331332940e+00	3.764796690542019597e+00	5.499800799999999823e-01	-6.190196671709531362e-01
1.206301575393848635e+00	3.768084390652628901e+00	1.873666400000000010e-01	1.020373171961676869e-03
1.207301825456364108e+00	3.772406132119229927e+00	-2.723753999999999897e-01	6.628774583963688294e-02
1.208302075518879803e+00	3.777778650204343336e+00	-4.342563999999999869e-01	3.926246091780131731e-01
1.209302325581395499e+00	3.784659877796486604e+00	-4.925335599999999814e-01	5.231593545133637058e-01
1.210302575643911194e+00	3.793463906958302267e+00	-6.544145599999999785e-01	5.231593545133637058e-01
1.211302825706426667e+00	3.803890613740134263e+00	-7.839193599999999540e-01	1.012664649520927940e+00
1.212303075768942362e+00	3.813438710503593398e+00	-8.098203199999999269e-01	7.189614725163894215e-01
1.213303325831458057e+00	3.820105586338631731e+00	-7.580183999999999811e-01	1.110565708522440964e+00
1.214303575893973530e+00	3.825939543564883305e+00	-7.580183999999999811e-01	1.077932022188603289e+00
1.215303825956489225e+00	3.833220106433854912e+00	-7.191669600000000218e-01	8.821299041855775735e-01
1.216304076019004921e+00	3.840522302964825663e+00	-6.349888400000001099e-01	7.189614725163894215e-01
1.217304326081520616e+00	3.846207863717246322e+00	-5.767116799999999488e-01	5.884267271810389444e-01
1.218304576144036089e+00	3.850923830246716584e+00	-4.083554400000000140e-01	3.926246091780131731e-01
1.219304826206551784e+00	3.855529451506071403e+00	-3.306525599999999843e-01	3.926246091780131731e-01
1.220305076269067479e+00	3.860076516432040528e+00	-1.104944000000000065e-01	1.641888048411497825e-01
1.221305326331582952e+00	3.863556867037770459e+00	6.433707999999999094e-02	3.273572365103378790e-01
1.222305576394098647e+00	3.864176372717413432e+00	2.585942800000000097e-01	-3.253164901664145625e-01
1.223305826456614342e+00	3.861270244430166088e+00	4.204752800000000068e-01	-2.926828038325769432e-01
1.224306076519129816e+00	3.855515211715953239e+00	8.737420800000000876e-01	-4.884849218356027145e-01
1.225306326581645511e+00	3.847726389657082802e+00	1.042098320000000022e+00	-7.495544125063037244e-01
1.226306576644161206e+00	3.838982953339352022e+00	1.547167039999999716e+00	-1.336960766515380872e+00
1.227306826706676901e+00	3.830077133888924124e+00	1.877404279999999925e+00	-1.598030257186082048e+00
1.228307076769192374e+00	3.820547994690050686e+00	2.252968199999999754e+00	-2.120169238527484179e+00
1.229307326831708069e+00	3.810681521912540948e+00	2.363047279999999972e+00	-1.989634493192133702e+00
1.230307576894223764e+00	3.802164160165080187e+00	2.518453040000000698e+00	-2.511773474533535389e+00
1.231307826956739238e+00	3.794996827592263422e+00	2.440750159999999891e+00	-2.120169238527484179e+00
1.232308077019254933e+00	3.787885347456431351e+00	2.518453040000000698e+00	-2.315971356530509784e+00
1.233308327081770628e+00	3.780538224720199736e+00	2.505502560000000045e+00	-2.544407160867373285e+00
1.234308577144286101e+00	3.773179587191756390e+00	2.524928280000000136e+00	-2.479139788199697936e+00
1.235308827206801796e+00	3.766721131520935018e+00	2.233542480000000108e+00	-2.152802924861321632e+00
1.236309077269317491e+00	3.762784978456005902e+00	1.819127120000000097e+00	-1.924367120524458352e+00
1.237309327331833186e+00	3.762046931144448880e+00	1.327008879999999946e+00	-1.336960766515380872e+00
1.238309577394348659e+00	3.763750047017015099e+00	7.442372800000001121e-01	-2.600491174987393794e-01
1.239309827456864355e+00	3.767109587688347805e+00	2.197428399999999948e-01	-2.600491174987393794e-01
1.240310077519380050e+00	3.771699666106191007e+00	-7.811819999999999875e-02	4.578919818456884672e-01
1.241310327581895523e+00	3.776534776855981601e+00	-3.954049599999999165e-01	4.905256681795260310e-01
1.242310577644411218e+00	3.781581763101024674e+00	-5.119592800000000166e-01	5.884267271810389444e-01
1.243310827706926913e+00	3.788520263134840249e+00	-6.090878800000000259e-01	5.884267271810389444e-01
1.244311077769442386e+00	3.797975105029848031e+00	-8.551469999999999905e-01	6.536940998487140719e-01
1.245311327831958081e+00	3.808381163308324879e+00	-8.033450799999999337e-01	5.231593545133637058e-01
1.246311577894473777e+00	3.817695337232180464e+00	-9.587508399999999931e-01	1.143199394856278639e+00
1.247311827956989472e+00	3.825265187075543860e+00	-7.774441199999999608e-01	9.800309631870904870e-01
1.248312078019504945e+00	3.831851868606224176e+00	-7.321174399999998972e-01	1.143199394856278639e+00
1.249312328082020640e+00	3.837917013077944972e+00	-6.544145599999999785e-01	1.077932022188603289e+00
1.250312578144536335e+00	3.843445852911555605e+00	-5.184345200000000098e-01	7.842288451840646601e-01
1.251312828207051808e+00	3.848830106600201084e+00	-3.954049599999999165e-01	5.557930408472013806e-01
1.252313078269567503e+00	3.854233579280839095e+00	-3.047516000000000114e-01	3.599909228441755538e-01
1.253313328332083199e+00	3.859353395030485689e+00	-1.881972800000000223e-01	1.315551185073121632e-01
1.254313578394598672e+00	3.863221490606544073e+00	-2.076230000000000020e-01	1.968224911749873740e-01
1.255313828457114367e+00	3.863917981334296758e+00	2.715447599999999961e-01	1.020373171961676869e-03
1.256314078519630062e+00	3.861232953523278777e+00	3.039209600000000178e-01	-2.274154311649017046e-01
1.257314328582145757e+00	3.856952325986335861e+00	6.535839199999999849e-01	-2.926828038325769432e-01
1.258314578644661230e+00	3.850794577819244058e+00	9.320192400000000266e-01	-6.842870398386284858e-01
1.259314828707176925e+00	3.841491279688480365e+00	1.242830760000000145e+00	-9.779902168431670040e-01
1.260315078769692620e+00	3.830941470709851693e+00	1.734948999999999852e+00	-1.663297629853757176e+00
1.261315328832208094e+00	3.821624386352166169e+00	2.246492959999999872e+00	-1.859099747856782781e+00
1.262315578894723789e+00	3.813299933413123455e+00	2.175265319999999836e+00	-2.511773474533535389e+00
1.263315828957239484e+00	3.805742815291309977e+00	2.414849199999999918e+00	-2.087535552193646726e+00
1.264316079019755179e+00	3.799330907514595790e+00	2.518453040000000698e+00	-2.413872415532022586e+00
1.265316329082270652e+00	3.792936754222650197e+00	2.421324440000000244e+00	-2.120169238527484179e+00
1.266316579144786347e+00	3.785369550880426370e+00	2.511977800000000371e+00	-2.446506101865860039e+00
1.267316829207302042e+00	3.776928485812364844e+00	2.473126360000000190e+00	-2.087535552193646726e+00
1.268317079269817516e+00	3.769362378121650536e+00	2.058711000000000180e+00	-2.446506101865860039e+00
1.269317329332333211e+00	3.764512620011584598e+00	1.812651879999999993e+00	-1.663297629853757176e+00
1.270317579394848906e+00	3.762277011126678339e+00	1.242830760000000145e+00	-1.565396570852244151e+00
1.271317829457364379e+00	3.762180630510984169e+00	8.219401600000000307e-01	-9.453565305093293292e-01
1.272318079519880074e+00	3.764760572053999610e+00	4.658019600000000704e-01	-1.621480584972264660e-01
1.273318329582395769e+00	3.769352258428357860e+00	-7.164296000000000553e-02	-6.424699949571360813e-02
1.274318579644911464e+00	3.774508037512311009e+00	-2.399992000000000236e-01	3.599909228441755538e-01
1.275318829707426938e+00	3.780508517076655473e+00	-5.637612000000000734e-01	4.905256681795260310e-01
1.276319079769942633e+00	3.787975317093550398e+00	-5.767116799999999488e-01	7.515951588502269853e-01
1.277319329832458328e+00	3.795889368265586317e+00	-7.321174399999998972e-01	8.168625315179022239e-01
1.278319579894973801e+00	3.803641313741292773e+00	-6.997412400000000421e-01	9.800309631870904870e-01
1.279319829957489496e+00	3.812046828955113043e+00	-8.033450799999999337e-01	8.821299041855775735e-01
1.280320080020005191e+00	3.820795013324229217e+00	-8.098203199999999269e-01	9.473972768532528121e-01
1.281320330082520664e+00	3.828519949829003899e+00	-7.644936400000000853e-01	7.515951588502269853e-01
1.282320580145036359e+00	3.835187332528200432e+00	-6.673650399999999649e-01	8.494962178517398987e-01
1.283320830207552055e+00	3.841486144666238278e+00	-6.026126399999999217e-01	6.863277861825517467e-01
1.284321080270067750e+00	3.847096767043495458e+00	-4.342563999999999869e-01	8.168625315179022239e-01
1.285321330332583223e+00	3.851760283502688509e+00	-3.824544800000000411e-01	4.252582955118507924e-01
1.286321580395098918e+00	3.856592359752932353e+00	-2.594249200000000033e-01	4.252582955118507924e-01
1.287321830457614613e+00	3.861621154063626271e+00	-1.428706000000000143e-01	9.892143217347457163e-02
1.288322080520130086e+00	3.864654068529053799e+00	1.355647199999999997e-01	-2.274154311649017046e-01
1.289322330582645781e+00	3.864108358830366186e+00	3.298219200000001017e-01	-3.161331316187596802e-02
1.290322580645161477e+00	3.860314970674568524e+00	4.917029200000000433e-01	-5.537522945032778976e-01
1.291322830707676950e+00	3.854378657406649200e+00	9.255440000000001444e-01	-3.253164901664145625e-01
1.292323080770192645e+00	3.846506342690298563e+00	1.016197360000000049e+00	-8.148217851739789630e-01
1.293323330832708340e+00	3.836670383353655289e+00	1.469464160000000019e+00	-1.239059707513868069e+00
1.294323580895224035e+00	3.825807357997176084e+00	2.071661479999999944e+00	-1.598030257186082048e+00
1.295323830957739508e+00	3.814651083166782808e+00	2.563779720000000317e+00	-2.348605042864347237e+00
1.296324081020255203e+00	3.804902362464878340e+00	2.356572039999999646e+00	-2.054901865859808829e+00
1.297324331082770899e+00	3.798876783226752263e+00	2.518453040000000698e+00	-2.805476651538073796e+00
1.298324581145286372e+00	3.794632854966102808e+00	2.375997759999999737e+00	-2.348605042864347237e+00
1.299324831207802067e+00	3.788415857713570478e+00	2.511977800000000371e+00	-2.348605042864347237e+00
1.300325081270317762e+00	3.780974021056000556e+00	2.453700639999999655e+00	-2.250703983862834434e+00
1.301325331332833235e+00	3.774120258017120477e+00	2.453700639999999655e+00	-2.087535552193646726e+00
1.302325581395348930e+00	3.766979392421898165e+00	2.006909079999999790e+00	-1.500129198184569024e+00
1.303325831457864625e+00	3.760792220396036445e+00	1.469464160000000019e+00	-1.793832375189107875e+00
1.304326081520380320e+00	3.759225213972996915e+00	1.171603120000000109e+00	-8.474554715078166378e-01
1.305326331582895794e+00	3.762220593103414945e+00	5.435048399999999891e-01	-7.821880988401412882e-01
1.306326581645411489e+00	3.767054521218696106e+00	1.549904400000000071e-01	-4.558512355017650397e-01
1.307326831707927184e+00	3.772832882489321360e+00	-2.853258800000000317e-01	2.620898638426626404e-01
1.308327081770442657e+00	3.779686892845344648e+00	-4.472068799999999733e-01	4.905256681795260310e-01
1.309327331832958352e+00	3.787184539304154107e+00	-5.313849999999999962e-01	8.821299041855775735e-01
1.310327581895474047e+00	3.794753296564406853e+00	-6.414640799999999921e-01	9.473972768532528121e-01
1.311327831957989742e+00	3.802533936631828038e+00	-8.033450799999999337e-01	8.821299041855775735e-01
1.312328082020505216e+00	3.810484973664923558e+00	-8.227708000000000244e-01	1.077932022188603289e+00
1.313328332083020911e+00	3.818193788611971229e+00	-7.709688800000000786e-01	6.863277861825517467e-01
1.314328582145536606e+00	3.826481821823263907e+00	-7.644936400000000853e-01	8.168625315179022239e-01
1.315328832208052079e+00	3.835174949313810977e+00	-7.191669600000000218e-01	8.494962178517398987e-01
1.316329082270567774e+00	3.841895081112950194e+00	-6.285136000000000056e-01	8.168625315179022239e-01
1.317329332333083469e+00	3.846426869322608688e+00	-5.961373999999999285e-01	8.494962178517398987e-01
1.318329582395598942e+00	3.851344792828160557e+00	-4.148306800000000072e-01	5.884267271810389444e-01
1.319329832458114637e+00	3.857278707573160048e+00	-3.371277999999999775e-01	5.557930408472013806e-01
1.320330082520630333e+00	3.862032450804341543e+00	-1.104944000000000065e-01	3.926246091780131731e-01
1.321330332583146028e+00	3.864551301048057219e+00	5.138659999999999756e-02	9.892143217347457163e-02
1.322330582645661501e+00	3.865401490780084437e+00	2.326933200000000090e-01	-1.295143721633888190e-01
1.323330832708177196e+00	3.863590649459799131e+00	4.010495599999999716e-01	-2.274154311649017046e-01
1.324331082770692891e+00	3.857917544985806302e+00	8.478411200000001147e-01	-6.190196671709531362e-01
1.325331332833208364e+00	3.849536634066402119e+00	1.016197360000000049e+00	-8.148217851739789630e-01
1.326331582895724059e+00	3.840070944254961649e+00	1.488889879999999888e+00	-1.304327080181543197e+00
1.327331832958239755e+00	3.830276949281293142e+00	1.857978559999999835e+00	-1.532762884518406477e+00
1.328332083020755228e+00	3.820817625655111627e+00	2.220591999999999899e+00	-2.087535552193646726e+00
1.329332333083270923e+00	3.812690517728224204e+00	2.317720599999999909e+00	-2.022268179525970933e+00
1.330332583145786618e+00	3.806149226898064342e+00	2.479601600000000072e+00	-2.348605042864347237e+00
1.331332833208302313e+00	3.799470145903195650e+00	2.401898720000000154e+00	-2.315971356530509784e+00
1.332333083270817786e+00	3.791305045279179886e+00	2.479601600000000072e+00	-2.315971356530509784e+00
1.333333333333333481e+00	3.782634469944119004e+00	2.466651119999999864e+00	-2.348605042864347237e+00
1.334333583395849177e+00	3.774603351848254462e+00	2.486076839999999510e+00	-2.348605042864347237e+00
1.335333833458364650e+00	3.768070161323629819e+00	2.227067239999999781e+00	-1.859099747856782781e+00
1.336334083520880345e+00	3.764204379572191783e+00	1.773800439999999812e+00	-1.728565002521432525e+00
1.337334333583396040e+00	3.762729127692669984e+00	1.294632679999999869e+00	-9.127228441754917654e-01
1.338334583645911513e+00	3.763009785391974837e+00	6.924353600000000553e-01	-7.821880988401412882e-01
1.339334833708427208e+00	3.765849155745680132e+00	2.067923600000000084e-01	-3.905838628340898566e-01
1.340335083770942903e+00	3.771376413020766982e+00	-1.040191599999999994e-01	1.020373171961676869e-03
1.341335333833458598e+00	3.778397039384547629e+00	-4.213059199999999449e-01	9.892143217347457163e-02
1.342335583895974072e+00	3.785934254098351381e+00	-4.990087999999999191e-01	7.189614725163894215e-01
1.343335833958489767e+00	3.793661517643770242e+00	-6.220383600000000124e-01	4.578919818456884672e-01
1.344336084021005462e+00	3.801455852176760963e+00	-8.680974800000000879e-01	1.241100453857791219e+00
1.345336334083520935e+00	3.809125590920975579e+00	-8.227708000000000244e-01	1.012664649520927940e+00
1.346336584146036630e+00	3.816712670819608633e+00	-9.781765600000000838e-01	1.045298335854765615e+00
1.347336834208552325e+00	3.824020921189414945e+00	-7.839193599999999540e-01	1.143199394856278639e+00
1.348337084271067798e+00	3.830921698215264737e+00	-7.385926799999998904e-01	7.189614725163894215e-01
1.349337334333583494e+00	3.837947337343111442e+00	-6.608898000000000827e-01	4.905256681795260310e-01
1.350337584396099189e+00	3.844991409090669610e+00	-5.184345200000000098e-01	6.863277861825517467e-01
1.351337834458614884e+00	3.851565137755075252e+00	-3.954049599999999165e-01	3.273572365103378790e-01
1.352338084521130357e+00	3.857599388615291058e+00	-3.047516000000000114e-01	7.189614725163894215e-01
1.353338334583646052e+00	3.862149058723082007e+00	-2.011477600000000088e-01	4.252582955118507924e-01
1.354338584646161747e+00	3.864062675027210680e+00	-2.076230000000000020e-01	3.926246091780131731e-01
1.355338834708677220e+00	3.863645142910855146e+00	2.650695199999999474e-01	4.252582955118507924e-01
1.356339084771192915e+00	3.861183591963527562e+00	2.844952399999999826e-01	-4.558512355017650397e-01
1.357339334833708611e+00	3.856630048264258370e+00	6.212077200000000188e-01	-5.537522945032778976e-01
1.358339584896224306e+00	3.851085918186957002e+00	9.125935200000000469e-01	-8.148217851739789630e-01
1.359339834958739779e+00	3.844534139874262291e+00	1.229880280000000159e+00	-1.108524962178517592e+00
1.360340085021255474e+00	3.835097278072415516e+00	1.702572799999999775e+00	-1.500129198184569024e+00
1.361340335083771169e+00	3.823762033276434380e+00	2.240017719999999990e+00	-1.793832375189107875e+00
1.362340585146286642e+00	3.814000767196000119e+00	2.116988160000000008e+00	-2.087535552193646726e+00
1.363340835208802337e+00	3.806601182157320462e+00	2.375997759999999737e+00	-1.859099747856782781e+00
1.364341085271318033e+00	3.800170007183344634e+00	2.473126360000000190e+00	-2.544407160867373285e+00
1.365341335333833506e+00	3.793176104971150320e+00	2.382473000000000063e+00	-1.826466061522945328e+00
1.366341585396349201e+00	3.784652251664276879e+00	2.479601600000000072e+00	-2.740209278870398890e+00
1.367341835458864896e+00	3.776306725315093704e+00	2.440750159999999891e+00	-2.250703983862834434e+00
1.368342085521380591e+00	3.770318007460188525e+00	2.039285280000000089e+00	-2.479139788199697936e+00
1.369342335583896064e+00	3.766331121386976566e+00	1.812651879999999993e+00	-1.695931316187594851e+00
1.370342585646411759e+00	3.763951377750561544e+00	1.203979319999999964e+00	-1.141158648512355045e+00
1.371342835708927455e+00	3.763600358774086274e+00	8.154649200000001485e-01	-6.190196671709531362e-01
1.372343085771442928e+00	3.765467718990337165e+00	4.204752800000000068e-01	-1.621480584972264660e-01
1.373343335833958623e+00	3.769888008062662443e+00	-7.164296000000000553e-02	9.892143217347457163e-02
1.374343585896474318e+00	3.776117988139230164e+00	-2.659001599999999965e-01	2.947235501765002597e-01
1.375343835958989791e+00	3.782565134446684407e+00	-5.508107199999999759e-01	3.926246091780131731e-01
1.376344086021505486e+00	3.789317442413872250e+00	-5.831869200000000530e-01	7.515951588502269853e-01
1.377344336084021181e+00	3.797231956718897461e+00	-7.580183999999999811e-01	7.189614725163894215e-01
1.378344586146536876e+00	3.805687587210617284e+00	-7.191669600000000218e-01	1.012664649520927940e+00
1.379344836209052350e+00	3.813643656883399125e+00	-8.033450799999999337e-01	7.189614725163894215e-01
1.380345086271568045e+00	3.821393289495748302e+00	-8.227708000000000244e-01	1.110565708522440964e+00
1.381345336334083740e+00	3.829305369824155481e+00	-7.709688800000000786e-01	9.147635905194151373e-01
1.382345586396599213e+00	3.836242245468718615e+00	-6.803155199999999514e-01	8.168625315179022239e-01
1.383345836459114908e+00	3.841867640206000356e+00	-6.026126399999999217e-01	6.863277861825517467e-01
1.384346086521630603e+00	3.847696212097695412e+00	-4.795830800000000504e-01	6.863277861825517467e-01
1.385346336584146076e+00	3.853704022848186028e+00	-4.018802000000000207e-01	4.905256681795260310e-01
1.386346586646661772e+00	3.858631619926173428e+00	-2.659001599999999965e-01	3.926246091780131731e-01
1.387346836709177467e+00	3.862958909328798374e+00	-1.558210800000000007e-01	2.294561775088249655e-01
1.388347086771693162e+00	3.866037104743198505e+00	1.290894800000000064e-01	3.926246091780131731e-01
1.389347336834208635e+00	3.865010708482147894e+00	2.844952399999999826e-01	-1.947817448310640853e-01
1.390347586896724330e+00	3.860013758374897463e+00	4.722772000000000081e-01	1.020373171961676869e-03
1.391347836959240025e+00	3.853481292239882894e+00	8.802173200000000808e-01	-7.495544125063037244e-01
1.392348087021755498e+00	3.846094224844313736e+00	9.643954399999999927e-01	-1.043257589510842243e+00
1.393348337084271193e+00	3.837806802982992149e+00	1.450038439999999929e+00	-1.434861825516893896e+00
1.394348587146786889e+00	3.828581277372756553e+00	2.006909079999999790e+00	-2.022268179525970933e+00
1.395348837209302362e+00	3.818766195715969758e+00	2.524928280000000136e+00	-1.957000806858295805e+00
1.396349087271818057e+00	3.810416205234004927e+00	2.304770120000000144e+00	-2.022268179525970933e+00
1.397349337334333752e+00	3.803994839207483825e+00	2.473126360000000190e+00	-2.087535552193646726e+00
1.398349587396849447e+00	3.796411873319907038e+00	2.330671080000000117e+00	-1.793832375189107875e+00
1.399349837459364920e+00	3.787046626474794397e+00	2.460175879999999982e+00	-2.283337670196671887e+00
1.400350087521880615e+00	3.779004110471841482e+00	2.408373960000000036e+00	-2.185436611195159529e+00
1.401350337584396311e+00	3.773035812319696092e+00	2.421324440000000244e+00	-2.511773474533535389e+00
1.402350587646911784e+00	3.767819927844478833e+00	1.961582399999999726e+00	-1.957000806858295805e+00
1.403350837709427479e+00	3.763649993240134606e+00	1.462988919999999915e+00	-1.630663943519919501e+00
1.404351087771943174e+00	3.762006400030762698e+00	1.119801199999999941e+00	-1.173792334846192720e+00
1.405351337834458869e+00	3.763721865763526075e+00	5.176038800000000162e-01	-2.274154311649017046e-01
1.406351587896974342e+00	3.767926688906662491e+00	1.355647199999999997e-01	1.315551185073121632e-01
1.407351837959490037e+00	3.773512805132608783e+00	-3.047516000000000114e-01	3.599909228441755538e-01
1.408352088022005733e+00	3.780036254958477837e+00	-4.601573600000000153e-01	6.536940998487140719e-01
1.409352338084521206e+00	3.786621863363535567e+00	-5.508107199999999759e-01	5.557930408472013806e-01
1.410352588147036901e+00	3.793457667057386740e+00	-6.673650399999999649e-01	7.189614725163894215e-01
1.411352838209552596e+00	3.801884647912771253e+00	-8.033450799999999337e-01	7.189614725163894215e-01
1.412353088272068069e+00	3.811218545154953397e+00	-8.421965199999998930e-01	5.884267271810389444e-01
1.413353338334583764e+00	3.819306775147450761e+00	-7.968698400000000515e-01	1.077932022188603289e+00
1.414353588397099459e+00	3.825885088679719992e+00	-7.839193599999999540e-01	9.473972768532528121e-01
1.415353838459615154e+00	3.832491740539467617e+00	-7.321174399999998972e-01	9.473972768532528121e-01
1.416354088522130628e+00	3.839723775904962721e+00	-6.544145599999999785e-01	1.012664649520927940e+00
1.417354338584646323e+00	3.846358737695530383e+00	-6.155631200000000192e-01	5.557930408472013806e-01
1.418354588647162018e+00	3.851587670341710457e+00	-4.342563999999999869e-01	6.863277861825517467e-01
1.419354838709677491e+00	3.856188928960623929e+00	-3.565535200000000127e-01	3.273572365103378790e-01
1.420355088772193186e+00	3.860237424641424386e+00	-1.363953600000000210e-01	1.968224911749873740e-01
1.421355338834708881e+00	3.862794550051654063e+00	1.901039999999999675e-02	1.968224911749873740e-01
1.422355588897224354e+00	3.863383438795988223e+00	2.197428399999999948e-01	1.315551185073121632e-01
1.423355838959740050e+00	3.861002891742967069e+00	3.686733600000000055e-01	-6.424699949571360813e-02
1.424356089022255745e+00	3.855093774455902622e+00	8.219401600000000307e-01	-5.537522945032778976e-01
1.425356339084771440e+00	3.847583756476786299e+00	9.838211600000000834e-01	-6.842870398386284858e-01
1.426356589147286913e+00	3.839795444531475255e+00	1.450038439999999929e+00	-1.173792334846192720e+00
1.427356839209802608e+00	3.830363930228032565e+00	1.832077599999999862e+00	-1.695931316187594851e+00
1.428357089272318303e+00	3.819439906516842953e+00	2.168790079999999953e+00	-2.054901865859808829e+00
1.429357339334833776e+00	3.809939732488056396e+00	2.259443440000000081e+00	-2.087535552193646726e+00
1.430357589397349471e+00	3.802982065432981340e+00	2.427799679999999682e+00	-2.381238729198184689e+00
1.431357839459865167e+00	3.796651701510453059e+00	2.343621559999999882e+00	-2.250703983862834434e+00
1.432358089522380640e+00	3.789104136601453288e+00	2.427799679999999682e+00	-2.479139788199697936e+00
1.433358339584896335e+00	3.780550680364125782e+00	2.421324440000000244e+00	-2.250703983862834434e+00
1.434358589647412030e+00	3.772576145922558410e+00	2.434274920000000009e+00	-2.250703983862834434e+00
1.435358839709927725e+00	3.766664234598932737e+00	2.142889119999999981e+00	-1.957000806858295805e+00
1.436359089772443198e+00	3.763514126066433096e+00	1.760849959999999825e+00	-1.793832375189107875e+00
1.437359339834958893e+00	3.762375857032533855e+00	1.255781239999999910e+00	-9.779902168431670040e-01
1.438359589897474589e+00	3.762487668913261363e+00	6.600591600000000891e-01	-6.842870398386284858e-01
1.439359839959990062e+00	3.765192929281844236e+00	1.744161599999999868e-01	-2.926828038325769432e-01
1.440360090022505757e+00	3.771017588249455876e+00	-1.234448800000000068e-01	1.641888048411497825e-01
1.441360340085021452e+00	3.777669536248478455e+00	-4.277811600000000491e-01	4.578919818456884672e-01
1.442360590147536925e+00	3.783591186625709479e+00	-5.313849999999999962e-01	6.536940998487140719e-01
1.443360840210052620e+00	3.789482853195449863e+00	-6.220383600000000124e-01	8.494962178517398987e-01
1.444361090272568315e+00	3.796636906896910801e+00	-8.616222399999999837e-01	7.515951588502269853e-01
1.445361340335084011e+00	3.805652640701518319e+00	-8.357212800000000108e-01	6.863277861825517467e-01
1.446361590397599484e+00	3.815351548206422194e+00	-9.781765600000000838e-01	9.147635905194151373e-01
1.447361840460115179e+00	3.823946624058373711e+00	-7.839193599999999540e-01	2.620898638426626404e-01
1.448362090522630874e+00	3.831362047726180720e+00	-7.580183999999999811e-01	1.110565708522440964e+00
1.449362340585146347e+00	3.838520648629335064e+00	-6.738402799999999582e-01	6.863277861825517467e-01
1.450362590647662042e+00	3.845383145498098454e+00	-5.313849999999999962e-01	1.110565708522440964e+00
1.451362840710177737e+00	3.850708633458379104e+00	-4.018802000000000207e-01	7.842288451840646601e-01
1.452363090772693432e+00	3.853972265229930194e+00	-3.177020799999999978e-01	4.905256681795260310e-01
1.453363340835208906e+00	3.856678508058592580e+00	-2.140982399999999952e-01	3.273572365103378790e-01
1.454363590897724601e+00	3.860343016035845842e+00	-2.205734800000000162e-01	3.365405950579927752e-02
1.455363840960240296e+00	3.863870733999689833e+00	2.521190400000000165e-01	-3.579501765002521818e-01
1.456364091022755769e+00	3.863710717260715910e+00	2.650695199999999474e-01	-1.295143721633888190e-01
1.457364341085271464e+00	3.858237986106131778e+00	5.888315200000000527e-01	-5.863859808371156834e-01
1.458364591147787159e+00	3.850515445983504925e+00	8.866925599999999630e-01	-5.211186081694403338e-01
1.459364841210302632e+00	3.843024476032888437e+00	1.203979319999999964e+00	-7.821880988401412882e-01
1.460365091272818328e+00	3.834320275136198664e+00	1.670196599999999920e+00	-1.434861825516893896e+00
1.461365341335334023e+00	3.823684879613979071e+00	2.194691039999999926e+00	-1.598030257186082048e+00
1.462365591397849718e+00	3.813378769007660374e+00	2.091087200000000035e+00	-2.544407160867373285e+00
1.463365841460365191e+00	3.805228346253943350e+00	2.337146319999999999e+00	-2.022268179525970933e+00
1.464366091522880886e+00	3.798824511240503465e+00	2.421324440000000244e+00	-2.642308219868886088e+00
1.465366341585396581e+00	3.793126719755163911e+00	2.343621559999999882e+00	-2.185436611195159529e+00
1.466366591647912054e+00	3.786656382070701987e+00	2.440750159999999891e+00	-2.446506101865860039e+00
1.467366841710427749e+00	3.777975872514388378e+00	2.401898720000000154e+00	-2.054901865859808829e+00
1.468367091772943445e+00	3.768838630693050362e+00	1.993958600000000025e+00	-2.283337670196671887e+00
1.469367341835458918e+00	3.763056466846151693e+00	1.773800439999999812e+00	-1.434861825516893896e+00
1.470367591897974613e+00	3.761623598218392761e+00	1.184553600000000095e+00	-1.598030257186082048e+00
1.471367841960490308e+00	3.762342963932728157e+00	7.701382400000000850e-01	-6.516533535047908110e-01
1.472368092023006003e+00	3.764186664353091238e+00	4.140000400000000136e-01	-5.863859808371156834e-01
1.473368342085521476e+00	3.768998055633456801e+00	-1.040191599999999994e-01	-9.688068582955121355e-02
1.474368592148037171e+00	3.776932185766310290e+00	-2.853258800000000317e-01	3.926246091780131731e-01
1.475368842210552867e+00	3.784980466713927516e+00	-5.831869200000000530e-01	4.578919818456884672e-01
1.476369092273068340e+00	3.791567799297732577e+00	-6.026126399999999217e-01	7.842288451840646601e-01
1.477369342335584035e+00	3.797847957852430678e+00	-7.644936400000000853e-01	1.012664649520927940e+00
1.478369592398099730e+00	3.805589290588169415e+00	-7.321174399999998972e-01	9.147635905194151373e-01
1.479369842460615203e+00	3.815059516683783070e+00	-8.033450799999999337e-01	1.012664649520927940e+00
1.480370092523130898e+00	3.823914489495928049e+00	-8.227708000000000244e-01	9.147635905194151373e-01
1.481370342585646593e+00	3.830230475046755956e+00	-7.774441199999999608e-01	7.189614725163894215e-01
1.482370592648162289e+00	3.835431384397878229e+00	-6.803155199999999514e-01	8.494962178517398987e-01
1.483370842710677762e+00	3.841591992508973874e+00	-6.155631200000000192e-01	7.515951588502269853e-01
1.484371092773193457e+00	3.848367467662818786e+00	-4.731078399999999462e-01	6.536940998487140719e-01
1.485371342835709152e+00	3.854432803807745778e+00	-4.083554400000000140e-01	5.557930408472013806e-01
1.486371592898224625e+00	3.859596724755623320e+00	-2.918011200000000249e-01	5.557930408472013806e-01
1.487371842960740320e+00	3.863880003847685707e+00	-1.687715600000000149e-01	2.620898638426626404e-01
1.488372093023256015e+00	3.866266063640334316e+00	1.096637599999999990e-01	9.892143217347457163e-02
1.489372343085771488e+00	3.865446203848224016e+00	2.780200000000000449e-01	-1.621480584972264660e-01
1.490372593148287184e+00	3.861020321882117301e+00	4.399010000000000420e-01	-2.926828038325769432e-01
1.491372843210802879e+00	3.854129002673887694e+00	8.607915999999999901e-01	-7.821880988401412882e-01
1.492373093273318574e+00	3.846516728342814773e+00	9.514449600000001173e-01	-7.821880988401412882e-01
1.493373343335834047e+00	3.838503177592104354e+00	1.417662239999999851e+00	-1.369594452849218325e+00
1.494373593398349742e+00	3.829221470023881135e+00	2.000433839999999908e+00	-1.467495511850731349e+00
1.495373843460865437e+00	3.818958370206511521e+00	2.486076839999999510e+00	-2.152802924861321632e+00
1.496374093523380910e+00	3.809497967548230779e+00	2.285344400000000054e+00	-1.565396570852244151e+00
1.497374343585896606e+00	3.802145417655120152e+00	2.434274920000000009e+00	-2.740209278870398890e+00
1.498374593648412301e+00	3.796262974204205776e+00	2.291819639999999936e+00	-2.315971356530509784e+00
1.499374843710927996e+00	3.789587426999732500e+00	2.421324440000000244e+00	-2.479139788199697936e+00
1.500375093773443469e+00	3.780815742851822314e+00	2.363047279999999972e+00	-2.446506101865860039e+00
1.501375343835959164e+00	3.772185762170486623e+00	2.408373960000000036e+00	-2.218070297528996981e+00
1.502375593898474859e+00	3.767135297838741792e+00	1.929206199999999871e+00	-1.565396570852244151e+00
1.503375843960990332e+00	3.765373138180584167e+00	1.430612719999999838e+00	-1.304327080181543197e+00
1.504376094023506027e+00	3.764302547685205447e+00	1.113325960000000059e+00	-5.863859808371156834e-01
1.505376344086021723e+00	3.764269311428477760e+00	4.593267200000000772e-01	-5.863859808371156834e-01
1.506376594148537196e+00	3.767379764433790967e+00	1.226142399999999993e-01	-9.688068582955121355e-02
1.507376844211052891e+00	3.773523118781665797e+00	-3.177020799999999978e-01	3.365405950579927752e-02
1.508377094273568586e+00	3.781021654141262900e+00	-4.666325999999999530e-01	1.315551185073121632e-01
1.509377344336084281e+00	3.788521602093852803e+00	-5.443354799999999827e-01	8.168625315179022239e-01
1.510377594398599754e+00	3.795619395302376464e+00	-6.803155199999999514e-01	5.884267271810389444e-01
1.511377844461115449e+00	3.803021233329863637e+00	-8.098203199999999269e-01	1.143199394856278639e+00
1.512378094523631145e+00	3.811480818810022875e+00	-8.421965199999998930e-01	1.143199394856278639e+00
1.513378344586146618e+00	3.820623789073017029e+00	-7.839193599999999540e-01	1.045298335854765615e+00
1.514378594648662313e+00	3.828840561943271048e+00	-7.839193599999999540e-01	1.143199394856278639e+00
1.515378844711178008e+00	3.835162047587161727e+00	-7.515431599999999879e-01	5.884267271810389444e-01
1.516379094773693481e+00	3.840964837555599143e+00	-6.479393199999999853e-01	6.536940998487140719e-01
1.517379344836209176e+00	3.847419700940941212e+00	-6.220383600000000124e-01	7.189614725163894215e-01
1.518379594898724871e+00	3.853731158622389685e+00	-4.277811600000000491e-01	3.926246091780131731e-01
1.519379844961240567e+00	3.858861818458646731e+00	-3.759792400000000478e-01	6.210604135148766192e-01
1.520380095023756040e+00	3.862026186474237566e+00	-1.428706000000000143e-01	4.252582955118507924e-01
1.521380345086271735e+00	3.863259713845373700e+00	1.901039999999999675e-02	2.947235501765002597e-01
1.522380595148787430e+00	3.863052710966477399e+00	1.873666400000000010e-01	3.365405950579927752e-02
1.523380845211302903e+00	3.860557152061842245e+00	3.427723999999999771e-01	-3.905838628340898566e-01
1.524381095273818598e+00	3.855289379600148614e+00	8.089896800000000443e-01	-5.211186081694403338e-01
1.525381345336334293e+00	3.848120319910076415e+00	9.514449600000001173e-01	-9.127228441754917654e-01
1.526381595398849766e+00	3.839788896925375283e+00	1.430612719999999838e+00	-1.206426021180030395e+00
1.527381845461365462e+00	3.830935711028896851e+00	1.780275679999999916e+00	-1.467495511850731349e+00
1.528382095523881157e+00	3.821792653298808684e+00	2.136413880000000098e+00	-1.989634493192133702e+00
1.529382345586396852e+00	3.812663327688540438e+00	2.194691039999999926e+00	-1.826466061522945328e+00
1.530382595648912325e+00	3.804762885514817672e+00	2.395423479999999827e+00	-2.218070297528996981e+00
1.531382845711428020e+00	3.798138168963826278e+00	2.298294879999999818e+00	-2.250703983862834434e+00
1.532383095773943715e+00	3.791120867066128941e+00	2.388948239999999945e+00	-2.152802924861321632e+00
1.533383345836459188e+00	3.783126322751184212e+00	2.375997759999999737e+00	-2.315971356530509784e+00
1.534383595898974884e+00	3.775422051650063171e+00	2.388948239999999945e+00	-2.185436611195159529e+00
1.535383845961490579e+00	3.768960087710213180e+00	2.149364359999999863e+00	-1.957000806858295805e+00
1.536384096024006052e+00	3.764494491553608047e+00	1.715523279999999984e+00	-1.793832375189107875e+00
1.537384346086521747e+00	3.763588560005061812e+00	1.223405040000000055e+00	-9.127228441754917654e-01
1.538384596149037442e+00	3.765468546280884343e+00	6.471086800000001027e-01	-5.863859808371156834e-01
1.539384846211553137e+00	3.767329834353573936e+00	1.485152000000000139e-01	-1.947817448310640853e-01
1.540385096274068610e+00	3.769715422583815201e+00	-1.428706000000000143e-01	1.968224911749873740e-01
1.541385346336584306e+00	3.775344378863754180e+00	-4.472068799999999733e-01	4.578919818456884672e-01
1.542385596399100001e+00	3.784241526102580355e+00	-5.378602399999999895e-01	5.557930408472013806e-01
1.543385846461615474e+00	3.793769693563233680e+00	-6.349888400000001099e-01	7.515951588502269853e-01
1.544386096524131169e+00	3.801564234570157463e+00	-8.680974800000000879e-01	8.494962178517398987e-01
1.545386346586646864e+00	3.808183774205508687e+00	-8.357212800000000108e-01	1.045298335854765615e+00
1.546386596649162559e+00	3.816082393595257471e+00	-9.846517999999999660e-01	9.147635905194151373e-01
1.547386846711678032e+00	3.825381868413399555e+00	-8.033450799999999337e-01	9.147635905194151373e-01
1.548387096774193727e+00	3.833758623738106053e+00	-7.580183999999999811e-01	9.147635905194151373e-01
1.549387346836709423e+00	3.839923380443241108e+00	-6.803155199999999514e-01	9.473972768532528121e-01
1.550387596899224896e+00	3.844490886345504510e+00	-5.249097599999998920e-01	6.210604135148766192e-01
1.551387846961740591e+00	3.849220552518620053e+00	-4.148306800000000072e-01	2.620898638426626404e-01
1.552388097024256286e+00	3.855256533273831110e+00	-3.371277999999999775e-01	5.231593545133637058e-01
1.553388347086771759e+00	3.860858840163762906e+00	-2.205734800000000162e-01	1.020373171961676869e-03
1.554388597149287454e+00	3.863565932083470766e+00	-2.270487200000000094e-01	6.210604135148766192e-01
1.555388847211803149e+00	3.863694774344784921e+00	2.391685600000000023e-01	1.968224911749873740e-01
1.556389097274318845e+00	3.862325127818074133e+00	2.326933200000000090e-01	1.315551185073121632e-01
1.557389347336834318e+00	3.858458833649868414e+00	5.888315200000000527e-01	-2.600491174987393794e-01
1.558389597399350013e+00	3.851424289442378690e+00	8.348906400000000172e-01	-7.821880988401412882e-01
1.559389847461865708e+00	3.842711705855237803e+00	1.158652640000000122e+00	-1.141158648512355045e+00
1.560390097524381181e+00	3.833598225545079341e+00	1.624869920000000079e+00	-1.630663943519919501e+00
1.561390347586896876e+00	3.824504297706272204e+00	2.142889119999999981e+00	-2.022268179525970933e+00
1.562390597649412571e+00	3.815965867665632949e+00	2.045760519999999971e+00	-2.054901865859808829e+00
1.563390847711928044e+00	3.808151806746667756e+00	2.291819639999999936e+00	-2.120169238527484179e+00
1.564391097774443740e+00	3.800751077481191675e+00	2.382473000000000063e+00	-2.348605042864347237e+00
1.565391347836959435e+00	3.793166358163668761e+00	2.298294879999999818e+00	-1.663297629853757176e+00
1.566391597899475130e+00	3.785055217416655182e+00	2.375997759999999737e+00	-2.413872415532022586e+00
1.567391847961990603e+00	3.776487292430375398e+00	2.343621559999999882e+00	-1.989634493192133702e+00
1.568392098024506298e+00	3.768155498077942589e+00	1.896830000000000016e+00	-2.479139788199697936e+00
1.569392348087021993e+00	3.762748399213156958e+00	1.747899480000000061e+00	-1.793832375189107875e+00
1.570392598149537466e+00	3.762305425983867302e+00	1.132751680000000150e+00	-1.369594452849218325e+00
1.571392848212053162e+00	3.764843594384839509e+00	7.377620400000000078e-01	-7.169207261724660496e-01
1.572393098274568857e+00	3.767469673814310305e+00	3.816238400000000475e-01	-2.274154311649017046e-01
1.573393348337084330e+00	3.770193093721316391e+00	-1.299201200000000000e-01	1.968224911749873740e-01
1.574393598399600025e+00	3.774952120690659108e+00	-3.112268400000000046e-01	2.947235501765002597e-01
1.575393848462115720e+00	3.782000451173620714e+00	-5.961373999999999285e-01	8.494962178517398987e-01
1.576394098524631415e+00	3.789292559702112761e+00	-6.155631200000000192e-01	4.578919818456884672e-01
1.577394348587146888e+00	3.796133193549277696e+00	-7.903945999999999472e-01	7.515951588502269853e-01
1.578394598649662584e+00	3.803657329210272664e+00	-7.385926799999998904e-01	8.494962178517398987e-01
1.579394848712178279e+00	3.812437364875481460e+00	-8.162955600000000311e-01	7.189614725163894215e-01
1.580395098774693752e+00	3.821890744191400735e+00	-8.292460400000000176e-01	1.077932022188603289e+00
1.581395348837209447e+00	3.830114686172451766e+00	-7.903945999999999472e-01	9.800309631870904870e-01
1.582395598899725142e+00	3.836124130725018677e+00	-6.867907599999999446e-01	9.473972768532528121e-01
1.583395848962240837e+00	3.841563455843625796e+00	-6.349888400000001099e-01	7.515951588502269853e-01
1.584396099024756310e+00	3.847907445864243492e+00	-4.860583200000000437e-01	5.557930408472013806e-01
1.585396349087272005e+00	3.854719812674141544e+00	-4.277811600000000491e-01	4.578919818456884672e-01
1.586396599149787701e+00	3.859991398360198112e+00	-2.788506400000000385e-01	3.599909228441755538e-01
1.587396849212303174e+00	3.862186487314658301e+00	-1.817220400000000013e-01	1.968224911749873740e-01
1.588397099274818869e+00	3.862685332951720341e+00	9.671327999999999869e-02	2.620898638426626404e-01
1.589397349337334564e+00	3.862774962731938544e+00	2.585942800000000097e-01	-3.161331316187596802e-02
1.590397599399850037e+00	3.860364791232599568e+00	4.075248000000000759e-01	-2.274154311649017046e-01
1.591397849462365732e+00	3.853450146447475966e+00	8.089896800000000443e-01	-5.863859808371156834e-01
1.592398099524881427e+00	3.843994377770095561e+00	9.320192400000000266e-01	-7.821880988401412882e-01
1.593398349587397123e+00	3.835211290908415727e+00	1.385286039999999996e+00	-1.336960766515380872e+00
1.594398599649912596e+00	3.827447640082444646e+00	1.961582399999999726e+00	-1.598030257186082048e+00
1.595398849712428291e+00	3.819316016218174070e+00	2.440750159999999891e+00	-2.022268179525970933e+00
1.596399099774943986e+00	3.810117966321520555e+00	2.220591999999999899e+00	-1.793832375189107875e+00
1.597399349837459459e+00	3.800782361979221591e+00	2.369522519999999854e+00	-2.446506101865860039e+00
1.598399599899975154e+00	3.793480456076035345e+00	2.233542480000000108e+00	-1.761198688855269978e+00
1.599399849962490849e+00	3.788208205314893107e+00	2.375997759999999737e+00	-2.315971356530509784e+00
1.600400100025006322e+00	3.781836455109894857e+00	2.317720599999999909e+00	-1.859099747856782781e+00
1.601400350087522018e+00	3.773460593656720263e+00	2.369522519999999854e+00	-2.315971356530509784e+00
1.602400600150037713e+00	3.766302608708086197e+00	1.883879520000000030e+00	-1.630663943519919501e+00
1.603400850212553408e+00	3.762448792667503206e+00	1.391761279999999878e+00	-1.695931316187594851e+00
1.604401100275068881e+00	3.761587126772107492e+00	1.048573559999999905e+00	-1.141158648512355045e+00
1.605401350337584576e+00	3.763813444423325105e+00	4.334257600000001043e-01	-4.232175491679274204e-01
1.606401600400100271e+00	3.768614225875505319e+00	8.376279999999999837e-02	-2.600491174987393794e-01
1.607401850462615744e+00	3.774164533746442896e+00	-3.500782800000000750e-01	6.210604135148766192e-01
1.608402100525131440e+00	3.779675728123561118e+00	-4.795830800000000504e-01	5.884267271810389444e-01
1.609402350587647135e+00	3.785965334740212462e+00	-5.831869200000000530e-01	9.800309631870904870e-01
1.610402600650162608e+00	3.793260580238303703e+00	-6.867907599999999446e-01	7.515951588502269853e-01
1.611402850712678303e+00	3.800990313889525130e+00	-8.292460400000000176e-01	8.494962178517398987e-01
1.612403100775193998e+00	3.809416171184890842e+00	-8.616222399999999837e-01	7.189614725163894215e-01
1.613403350837709693e+00	3.818638464471289407e+00	-7.839193599999999540e-01	8.168625315179022239e-01
1.614403600900225166e+00	3.827696509590603036e+00	-7.968698400000000515e-01	6.863277861825517467e-01
1.615403850962740862e+00	3.835723227759940013e+00	-7.515431599999999879e-01	1.045298335854765615e+00
1.616404101025256557e+00	3.842366600427906675e+00	-6.608898000000000827e-01	8.494962178517398987e-01
1.617404351087772030e+00	3.847710655365734755e+00	-6.155631200000000192e-01	9.147635905194151373e-01
1.618404601150287725e+00	3.852319121750302333e+00	-4.407316399999999801e-01	8.821299041855775735e-01
1.619404851212803420e+00	3.856554911737108959e+00	-3.954049599999999165e-01	3.926246091780131731e-01
1.620405101275318893e+00	3.859896735105886822e+00	-1.687715600000000149e-01	3.273572365103378790e-01
1.621405351337834588e+00	3.861755802012150518e+00	-4.153200000000037417e-04	-3.161331316187596802e-02
1.622405601400350283e+00	3.862187058311009835e+00	1.873666400000000010e-01	-9.688068582955121355e-02
1.623405851462865979e+00	3.861014909194408595e+00	3.362971600000000394e-01	-1.295143721633888190e-01
1.624406101525381452e+00	3.857594614322088056e+00	7.766134800000000782e-01	-5.211186081694403338e-01
1.625406351587897147e+00	3.851059466097252137e+00	9.190687600000001511e-01	-5.863859808371156834e-01
1.626406601650412842e+00	3.841041183556995087e+00	1.385286039999999996e+00	-9.453565305093293292e-01
1.627406851712928315e+00	3.829570185370672952e+00	1.767325200000000152e+00	-1.598030257186082048e+00
1.628407101775444010e+00	3.819500897655974114e+00	2.091087200000000035e+00	-1.826466061522945328e+00
1.629407351837959705e+00	3.811226492011745570e+00	2.136413880000000098e+00	-2.218070297528996981e+00
1.630407601900475401e+00	3.803879445862285991e+00	2.350096800000000208e+00	-2.283337670196671887e+00
1.631407851962990874e+00	3.797252088094509315e+00	2.252968199999999754e+00	-2.185436611195159529e+00
1.632408102025506569e+00	3.791186061755324577e+00	2.350096800000000208e+00	-2.218070297528996981e+00
1.633408352088022264e+00	3.784861511064662842e+00	2.337146319999999999e+00	-2.283337670196671887e+00
1.634408602150537737e+00	3.777587034027158897e+00	2.343621559999999882e+00	-2.022268179525970933e+00
1.635408852213053432e+00	3.770307659286964874e+00	2.123463399999999890e+00	-1.761198688855269978e+00
1.636409102275569127e+00	3.764821089479757799e+00	1.683147080000000129e+00	-1.565396570852244151e+00
1.637409352338084600e+00	3.762131496529772079e+00	1.223405040000000055e+00	-1.043257589510842243e+00
1.638409602400600296e+00	3.763016687206634625e+00	6.082572400000001434e-01	-5.863859808371156834e-01
1.639409852463115991e+00	3.767197444759732505e+00	1.290894800000000064e-01	-1.947817448310640853e-01
1.640410102525631686e+00	3.772391003084982763e+00	-1.817220400000000013e-01	1.641888048411497825e-01
1.641410352588147159e+00	3.777595779902091611e+00	-4.601573600000000153e-01	4.578919818456884672e-01
1.642410602650662854e+00	3.784021589047744882e+00	-5.443354799999999827e-01	5.557930408472013806e-01
1.643410852713178549e+00	3.792102652945232411e+00	-6.479393199999999853e-01	8.494962178517398987e-01
1.644411102775694022e+00	3.801044631827871001e+00	-8.939984399999999498e-01	9.147635905194151373e-01
1.645411352838209718e+00	3.810080128866091265e+00	-8.551469999999999905e-01	8.821299041855775735e-01
1.646411602900725413e+00	3.818583591673945676e+00	-9.976022799999999524e-01	1.012664649520927940e+00
1.647411852963240886e+00	3.825707046226343166e+00	-8.098203199999999269e-01	1.012664649520927940e+00
1.648412103025756581e+00	3.831816369456308990e+00	-7.709688800000000786e-01	7.842288451840646601e-01
1.649412353088272276e+00	3.838585025194601208e+00	-6.932660000000000489e-01	7.842288451840646601e-01
1.650412603150787971e+00	3.845279659658897842e+00	-5.378602399999999895e-01	7.842288451840646601e-01
1.651412853213303444e+00	3.850234662758555970e+00	-4.213059199999999449e-01	7.189614725163894215e-01
1.652413103275819140e+00	3.854975213964880076e+00	-3.371277999999999775e-01	5.557930408472013806e-01
1.653413353338334835e+00	3.860294311122140165e+00	-2.205734800000000162e-01	5.884267271810389444e-01
1.654413603400850308e+00	3.863628719193917593e+00	-2.205734800000000162e-01	6.628774583963688294e-02
1.655413853463366003e+00	3.863558772064978886e+00	2.132676000000000016e-01	-1.295143721633888190e-01
1.656414103525881698e+00	3.861393369034478606e+00	2.132676000000000016e-01	-2.926828038325769432e-01
1.657414353588397171e+00	3.858166665510589954e+00	5.629305600000000798e-01	-7.495544125063037244e-01
1.658414603650912866e+00	3.852770277884153494e+00	8.154649200000001485e-01	-5.537522945032778976e-01
1.659414853713428561e+00	3.844600716970718590e+00	1.145702159999999914e+00	-1.141158648512355045e+00
1.660415103775944257e+00	3.835653963406598255e+00	1.586018479999999897e+00	-1.075891275844679917e+00
1.661415353838459730e+00	3.826844086030585235e+00	2.136413880000000098e+00	-1.500129198184569024e+00
1.662415603900975425e+00	3.817339849792403594e+00	2.006909079999999790e+00	-1.924367120524458352e+00
1.663415853963491120e+00	3.808114818852835093e+00	2.259443440000000081e+00	-1.761198688855269978e+00
1.664416104026006593e+00	3.800487712017484920e+00	2.350096800000000208e+00	-2.479139788199697936e+00
1.665416354088522288e+00	3.793557563491959161e+00	2.265918679999999963e+00	-2.152802924861321632e+00
1.666416604151037983e+00	3.786097783501989333e+00	2.343621559999999882e+00	-2.446506101865860039e+00
1.667416854213553457e+00	3.778358825503816298e+00	2.291819639999999936e+00	-2.218070297528996981e+00
1.668417104276069152e+00	3.771363376758213537e+00	1.832077599999999862e+00	-2.120169238527484179e+00
1.669417354338584847e+00	3.766182393181878307e+00	1.721998519999999866e+00	-1.369594452849218325e+00
1.670417604401100542e+00	3.763760828993527152e+00	1.113325960000000059e+00	-1.271693393847705744e+00
1.671417854463616015e+00	3.764113338675693754e+00	6.989106000000000485e-01	-3.253164901664145625e-01
1.672418104526131710e+00	3.766401997664388102e+00	3.557228800000000746e-01	-4.232175491679274204e-01
1.673418354588647405e+00	3.770304278577596868e+00	-1.428706000000000143e-01	3.365405950579927752e-02
1.674418604651162878e+00	3.775720997431180059e+00	-3.371277999999999775e-01	1.641888048411497825e-01
1.675418854713678574e+00	3.782063597745078276e+00	-5.896621600000000463e-01	3.926246091780131731e-01
1.676419104776194269e+00	3.789092397128384970e+00	-6.349888400000001099e-01	8.168625315179022239e-01
1.677419354838709964e+00	3.797315840123989261e+00	-7.968698400000000515e-01	8.821299041855775735e-01
1.678419604901225437e+00	3.806598494201725025e+00	-7.450679199999999947e-01	1.077932022188603289e+00
1.679419854963741132e+00	3.815314604014192756e+00	-8.162955600000000311e-01	1.077932022188603289e+00
1.680420105026256827e+00	3.822843736273549009e+00	-8.421965199999998930e-01	8.494962178517398987e-01
1.681420355088772300e+00	3.830068424222608403e+00	-7.903945999999999472e-01	1.045298335854765615e+00
1.682420605151287996e+00	3.836664922969243552e+00	-6.673650399999999649e-01	6.210604135148766192e-01
1.683420855213803691e+00	3.842309210123454388e+00	-6.285136000000000056e-01	7.189614725163894215e-01
1.684421105276319164e+00	3.847891477466093946e+00	-4.925335599999999814e-01	6.536940998487140719e-01
1.685421355338834859e+00	3.853636970664494399e+00	-4.277811600000000491e-01	4.578919818456884672e-01
1.686421605401350554e+00	3.858710061074999143e+00	-3.112268400000000046e-01	6.210604135148766192e-01
1.687421855463866249e+00	3.862083297083624966e+00	-1.881972800000000223e-01	3.926246091780131731e-01
1.688422105526381722e+00	3.863698481622106051e+00	7.728756000000000514e-02	6.628774583963688294e-02
1.689422355588897418e+00	3.863640590697921429e+00	2.326933200000000090e-01	-3.161331316187596802e-02
1.690422605651413113e+00	3.860585369074708062e+00	3.816238400000000475e-01	-2.600491174987393794e-01
1.691422855713928586e+00	3.854214056891708484e+00	7.960392000000000579e-01	-6.190196671709531362e-01
1.692423105776444281e+00	3.846675894626280900e+00	9.061182800000000537e-01	-8.800891578416540906e-01
1.693423355838959976e+00	3.838962110005613049e+00	1.339959359999999933e+00	-1.369594452849218325e+00
1.694423605901475449e+00	3.829537780560362759e+00	1.909780479999999780e+00	-1.434861825516893896e+00
1.695423855963991144e+00	3.818628787797248680e+00	2.440750159999999891e+00	-2.054901865859808829e+00
1.696424106026506839e+00	3.809113648905620320e+00	2.194691039999999926e+00	-1.728565002521432525e+00
1.697424356089022535e+00	3.801991268837447979e+00	2.343621559999999882e+00	-2.413872415532022586e+00
1.698424606151538008e+00	3.795743509233786117e+00	2.194691039999999926e+00	-1.924367120524458352e+00
1.699424856214053703e+00	3.789169191455290076e+00	2.343621559999999882e+00	-2.381238729198184689e+00
1.700425106276569398e+00	3.781807785027337498e+00	2.285344400000000054e+00	-2.054901865859808829e+00
1.701425356339084871e+00	3.774012968824939307e+00	2.337146319999999999e+00	-2.315971356530509784e+00
1.702425606401600566e+00	3.767556997765153515e+00	1.851503319999999952e+00	-1.532762884518406477e+00
1.703425856464116261e+00	3.764028043526884026e+00	1.359385079999999801e+00	-1.598030257186082048e+00
1.704426106526631735e+00	3.763289372240828712e+00	1.042098320000000022e+00	-4.232175491679274204e-01
1.705426356589147430e+00	3.764658184687131204e+00	4.204752800000000068e-01	-4.884849218356027145e-01
1.706426606651663125e+00	3.768018984594420306e+00	6.433707999999999094e-02	9.892143217347457163e-02
1.707426856714178820e+00	3.773371329313317979e+00	-3.565535200000000127e-01	2.947235501765002597e-01
1.708427106776694293e+00	3.779872219481604567e+00	-5.054840400000000233e-01	3.599909228441755538e-01
1.709427356839209988e+00	3.786534399355680591e+00	-5.831869200000000530e-01	5.884267271810389444e-01
1.710427606901725683e+00	3.794349584230866324e+00	-7.062164799999999243e-01	4.905256681795260310e-01
1.711427856964241156e+00	3.804223618638934656e+00	-8.357212800000000108e-01	1.143199394856278639e+00
1.712428107026756852e+00	3.814394631889650888e+00	-8.616222399999999837e-01	7.189614725163894215e-01
1.713428357089272547e+00	3.822923878825602806e+00	-8.033450799999999337e-01	1.436902571860817046e+00
1.714428607151788020e+00	3.829354603134417445e+00	-8.033450799999999337e-01	1.143199394856278639e+00
1.715428857214303715e+00	3.834377166070368048e+00	-7.515431599999999879e-01	9.800309631870904870e-01
1.716429107276819410e+00	3.839148554478444719e+00	-6.738402799999999582e-01	8.494962178517398987e-01
1.717429357339335105e+00	3.844810767709892385e+00	-6.220383600000000124e-01	4.252582955118507924e-01
1.718429607401850578e+00	3.852405839875986615e+00	-4.601573600000000153e-01	3.273572365103378790e-01
1.719429857464366274e+00	3.860245901624070886e+00	-3.889297199999999788e-01	4.578919818456884672e-01
1.720430107526881969e+00	3.865103538590848764e+00	-1.817220400000000013e-01	9.892143217347457163e-02
1.721430357589397442e+00	3.866764057812448030e+00	-1.984104000000000423e-02	8.168625315179022239e-01
1.722430607651913137e+00	3.865986447330095110e+00	1.549904400000000071e-01	2.294561775088249655e-01
1.723430857714428832e+00	3.862401312560210354e+00	3.039209600000000178e-01	-6.424699949571360813e-02
1.724431107776944527e+00	3.856354850478457941e+00	7.507125199999999943e-01	-3.253164901664145625e-01
1.725431357839460000e+00	3.848605410690454143e+00	8.802173200000000808e-01	-8.148217851739789630e-01
1.726431607901975696e+00	3.839662245020472486e+00	1.359385079999999801e+00	-1.173792334846192720e+00
1.727431857964491391e+00	3.830362782997609017e+00	1.741424239999999957e+00	-1.532762884518406477e+00
1.728432108027006864e+00	3.821487093849914807e+00	2.039285280000000089e+00	-2.022268179525970933e+00
1.729432358089522559e+00	3.813106738806279150e+00	2.116988160000000008e+00	-1.826466061522945328e+00
1.730432608152038254e+00	3.805050183253342766e+00	2.317720599999999909e+00	-2.218070297528996981e+00
1.731432858214553727e+00	3.797723341148419252e+00	2.220591999999999899e+00	-2.054901865859808829e+00
1.732433108277069422e+00	3.791375350943615441e+00	2.311245360000000026e+00	-1.924367120524458352e+00
1.733433358339585117e+00	3.784335523096019394e+00	2.291819639999999936e+00	-2.315971356530509784e+00
1.734433608402100813e+00	3.775280561506361821e+00	2.311245360000000026e+00	-2.022268179525970933e+00
1.735433858464616286e+00	3.767137846035832460e+00	2.071661479999999944e+00	-1.957000806858295805e+00
1.736434108527131981e+00	3.763416237678588239e+00	1.650770879999999829e+00	-1.565396570852244151e+00
1.737434358589647676e+00	3.763276544548071811e+00	1.139226920000000032e+00	-9.453565305093293292e-01
1.738434608652163149e+00	3.764552360805875963e+00	5.888315200000000527e-01	-5.537522945032778976e-01
1.739434858714678844e+00	3.766842391620547126e+00	1.096637599999999990e-01	-9.688068582955121355e-02
1.740435108777194539e+00	3.770436301299795012e+00	-1.881972800000000223e-01	2.947235501765002597e-01
1.741435358839710013e+00	3.776071984429292705e+00	-4.731078399999999462e-01	3.926246091780131731e-01
1.742435608902225708e+00	3.784177861001189136e+00	-5.572859600000000802e-01	8.168625315179022239e-01
1.743435858964741403e+00	3.793236924622509498e+00	-6.414640799999999921e-01	7.189614725163894215e-01
1.744436109027257098e+00	3.801225346462524524e+00	-8.939984399999999498e-01	9.147635905194151373e-01
1.745436359089772571e+00	3.808143715994701139e+00	-8.421965199999998930e-01	8.168625315179022239e-01
1.746436609152288266e+00	3.815670321052838876e+00	-9.976022799999999524e-01	8.494962178517398987e-01
1.747436859214803961e+00	3.824482275759230276e+00	-8.292460400000000176e-01	9.473972768532528121e-01
1.748437109277319434e+00	3.833224525380768632e+00	-7.774441199999999608e-01	9.473972768532528121e-01
1.749437359339835130e+00	3.840342861999844537e+00	-7.062164799999999243e-01	8.494962178517398987e-01
1.750437609402350825e+00	3.845598482742330404e+00	-5.508107199999999759e-01	7.842288451840646601e-01
1.751437859464866298e+00	3.850112322122775765e+00	-4.407316399999999801e-01	5.884267271810389444e-01
1.752438109527381993e+00	3.854999541259304330e+00	-3.630287599999999504e-01	5.231593545133637058e-01
1.753438359589897688e+00	3.860106873561442775e+00	-2.529496800000000101e-01	3.599909228441755538e-01
1.754438609652413383e+00	3.864000287773812214e+00	-2.464744400000000168e-01	1.315551185073121632e-01
1.755438859714928856e+00	3.864805738064939877e+00	2.067923600000000084e-01	1.641888048411497825e-01
1.756439109777444552e+00	3.862485051980169448e+00	1.808914000000000077e-01	-2.274154311649017046e-01
1.757439359839960247e+00	3.858399505940353524e+00	5.305543600000000026e-01	-1.621480584972264660e-01
1.758439609902475720e+00	3.852539455069076357e+00	7.830887200000000714e-01	-7.495544125063037244e-01
1.759439859964991415e+00	3.844465774681783632e+00	1.113325960000000059e+00	-7.821880988401412882e-01
1.760440110027507110e+00	3.835110861921498415e+00	1.560117519999999924e+00	-1.663297629853757176e+00
1.761440360090022583e+00	3.825748188474690448e+00	2.071661479999999944e+00	-1.859099747856782781e+00
1.762440610152538278e+00	3.816647504368730459e+00	1.987483359999999921e+00	-2.315971356530509784e+00
1.763440860215053974e+00	3.808134303038174462e+00	2.220591999999999899e+00	-2.283337670196671887e+00
1.764441110277569669e+00	3.801003108895271154e+00	2.304770120000000144e+00	-2.250703983862834434e+00
1.765441360340085142e+00	3.794536555935815070e+00	2.220591999999999899e+00	-1.924367120524458352e+00
1.766441610402600837e+00	3.787043169378422114e+00	2.317720599999999909e+00	-2.022268179525970933e+00
1.767441860465116532e+00	3.778319874664428646e+00	2.272393919999999845e+00	-1.826466061522945328e+00
1.768442110527632005e+00	3.770193797201052188e+00	1.806176639999999889e+00	-2.218070297528996981e+00
1.769442360590147700e+00	3.764600750344478719e+00	1.683147080000000129e+00	-1.467495511850731349e+00
1.770442610652663395e+00	3.762305721591229002e+00	1.100375480000000072e+00	-1.500129198184569024e+00
1.771442860715179091e+00	3.763605881381038465e+00	6.600591600000000891e-01	-1.043257589510842243e+00
1.772443110777694564e+00	3.767102311906769696e+00	3.362971600000000394e-01	-3.579501765002521818e-01
1.773443360840210259e+00	3.770748888033578439e+00	-1.622963199999999939e-01	1.020373171961676869e-03
1.774443610902725954e+00	3.775483285668800093e+00	-3.436030400000000262e-01	6.210604135148766192e-01
1.775443860965241427e+00	3.782412464593456036e+00	-6.155631200000000192e-01	7.189614725163894215e-01
1.776444111027757122e+00	3.789818353460284062e+00	-6.414640799999999921e-01	7.842288451840646601e-01
1.777444361090272817e+00	3.796450740437479876e+00	-8.033450799999999337e-01	1.012664649520927940e+00
1.778444611152788291e+00	3.803316823402581814e+00	-7.515431599999999879e-01	7.515951588502269853e-01
1.779444861215303986e+00	3.811792780986168694e+00	-8.357212800000000108e-01	9.800309631870904870e-01
1.780445111277819681e+00	3.821735274419626904e+00	-8.551469999999999905e-01	9.147635905194151373e-01
1.781445361340335376e+00	3.831155576330512069e+00	-8.098203199999999269e-01	7.189614725163894215e-01
1.782445611402850849e+00	3.838233810593219886e+00	-6.997412400000000421e-01	9.800309631870904870e-01
1.783445861465366544e+00	3.843489897653403986e+00	-6.479393199999999853e-01	9.147635905194151373e-01
1.784446111527882239e+00	3.848786523304726703e+00	-4.990087999999999191e-01	5.557930408472013806e-01
1.785446361590397713e+00	3.854665603105456029e+00	-4.407316399999999801e-01	7.842288451840646601e-01
1.786446611652913408e+00	3.860134452717924880e+00	-3.177020799999999978e-01	3.273572365103378790e-01
1.787446861715429103e+00	3.863930724636475578e+00	-2.011477600000000088e-01	3.599909228441755538e-01
1.788447111777944576e+00	3.865129706514226715e+00	9.023803999999999159e-02	-3.161331316187596802e-02
1.789447361840460271e+00	3.864072724387906277e+00	2.326933200000000090e-01	-2.274154311649017046e-01
1.790447611902975966e+00	3.861446248667368408e+00	3.621981200000000678e-01	-1.621480584972264660e-01
1.791447861965491661e+00	3.856464670637909098e+00	7.701382400000000850e-01	-5.863859808371156834e-01
1.792448112028007134e+00	3.848442946476896775e+00	8.802173200000000808e-01	-7.169207261724660496e-01
1.793448362090522830e+00	3.838407980716342038e+00	1.314058399999999960e+00	-1.239059707513868069e+00
1.794448612153038525e+00	3.828110855022445413e+00	1.909780479999999780e+00	-1.467495511850731349e+00
1.795448862215553998e+00	3.818866594356801869e+00	2.382473000000000063e+00	-2.022268179525970933e+00
1.796449112278069693e+00	3.810890017703282506e+00	2.162314840000000071e+00	-1.761198688855269978e+00
1.797449362340585388e+00	3.803627625059009976e+00	2.311245360000000026e+00	-2.511773474533535389e+00
1.798449612403100861e+00	3.796548487144165485e+00	2.175265319999999836e+00	-1.859099747856782781e+00
1.799449862465616556e+00	3.789149512724800939e+00	2.304770120000000144e+00	-2.413872415532022586e+00
1.800450112528132252e+00	3.781056036776489382e+00	2.252968199999999754e+00	-2.022268179525970933e+00
1.801450362590647947e+00	3.772494684986310354e+00	2.291819639999999936e+00	-2.152802924861321632e+00
1.802450612653163420e+00	3.765408021350775236e+00	1.819127120000000097e+00	-1.500129198184569024e+00
1.803450862715679115e+00	3.762284804700833707e+00	1.346434599999999815e+00	-1.500129198184569024e+00
1.804451112778194810e+00	3.762716936670160273e+00	1.016197360000000049e+00	-7.495544125063037244e-01
1.805451362840710283e+00	3.764926925463888185e+00	3.945743200000000339e-01	-4.884849218356027145e-01
1.806451612903225978e+00	3.768584441853588540e+00	5.138659999999999756e-02	1.020373171961676869e-03
1.807451862965741674e+00	3.773502123478825521e+00	-3.889297199999999788e-01	3.926246091780131731e-01
1.808452113028257147e+00	3.779560977786873721e+00	-5.184345200000000098e-01	5.557930408472013806e-01
1.809452363090772842e+00	3.787153604445616217e+00	-5.961373999999999285e-01	7.515951588502269853e-01
1.810452613153288537e+00	3.795651577140084054e+00	-7.062164799999999243e-01	1.045298335854765615e+00
1.811452863215804232e+00	3.803723015653293515e+00	-8.551469999999999905e-01	9.147635905194151373e-01
1.812453113278319705e+00	3.811075693278424659e+00	-8.875231999999999566e-01	1.012664649520927940e+00
1.813453363340835400e+00	3.818617448210545717e+00	-8.098203199999999269e-01	8.494962178517398987e-01
1.814453613403351095e+00	3.827057356145804334e+00	-8.162955600000000311e-01	6.536940998487140719e-01
1.815453863465866569e+00	3.835625689850250541e+00	-7.709688800000000786e-01	9.147635905194151373e-01
1.816454113528382264e+00	3.842869288143425877e+00	-6.932660000000000489e-01	5.231593545133637058e-01
1.817454363590897959e+00	3.848316899084612164e+00	-6.155631200000000192e-01	1.012664649520927940e+00
1.818454613653413654e+00	3.853287570621465541e+00	-4.666325999999999530e-01	6.536940998487140719e-01
1.819454863715929127e+00	3.858869475342618038e+00	-3.954049599999999165e-01	8.821299041855775735e-01
1.820455113778444822e+00	3.862783263891955254e+00	-2.011477600000000088e-01	5.557930408472013806e-01
1.821455363840960517e+00	3.863152929827741833e+00	-4.574200000000000488e-02	1.968224911749873740e-01
1.822455613903475991e+00	3.862299256180575124e+00	1.420399599999999929e-01	-1.947817448310640853e-01
1.823455863965991686e+00	3.861190199283663471e+00	2.974457200000000245e-01	-3.253164901664145625e-01
1.824456114028507381e+00	3.857380320038104493e+00	7.183363200000001392e-01	-8.148217851739789630e-01
1.825456364091022854e+00	3.850283308605870758e+00	8.737420800000000876e-01	-6.190196671709531362e-01
1.826456614153538549e+00	3.841378395961462466e+00	1.327008879999999946e+00	-1.141158648512355045e+00
1.827456864216054244e+00	3.831542773940094460e+00	1.709048039999999880e+00	-1.239059707513868069e+00
1.828457114278569939e+00	3.821873694662506260e+00	2.006909079999999790e+00	-1.695931316187594851e+00
1.829457364341085412e+00	3.813548804964516314e+00	2.078136719999999826e+00	-1.826466061522945328e+00
1.830457614403601108e+00	3.806032560016025190e+00	2.285344400000000054e+00	-2.022268179525970933e+00
1.831457864466116803e+00	3.798072730405864128e+00	2.181740560000000162e+00	-2.413872415532022586e+00
1.832458114528632276e+00	3.790112622134147902e+00	2.278869160000000171e+00	-2.218070297528996981e+00
1.833458364591147971e+00	3.783469832252854381e+00	2.265918679999999963e+00	-2.283337670196671887e+00
1.834458614653663666e+00	3.777692780451133547e+00	2.285344400000000054e+00	-2.185436611195159529e+00
1.835458864716179139e+00	3.771146246407505842e+00	2.045760519999999971e+00	-1.630663943519919501e+00
1.836459114778694834e+00	3.764423695127217417e+00	1.611919440000000092e+00	-1.467495511850731349e+00
1.837459364841210530e+00	3.761000718907947959e+00	1.139226920000000032e+00	-1.075891275844679917e+00
1.838459614903726225e+00	3.762786240608288146e+00	5.629305600000000798e-01	-3.579501765002521818e-01
1.839459864966241698e+00	3.767289035361042426e+00	9.023803999999999159e-02	-3.905838628340898566e-01
1.840460115028757393e+00	3.771662010737990567e+00	-1.946725200000000155e-01	3.273572365103378790e-01
1.841460365091273088e+00	3.776504303056314793e+00	-4.860583200000000437e-01	2.294561775088249655e-01
1.842460615153788561e+00	3.783607857148827414e+00	-5.572859600000000802e-01	6.210604135148766192e-01
1.843460865216304256e+00	3.792705435409494452e+00	-6.544145599999999785e-01	7.189614725163894215e-01
1.844461115278819952e+00	3.801746949278760557e+00	-9.069489200000000473e-01	9.473972768532528121e-01
1.845461365341335425e+00	3.809227621786035911e+00	-8.745727199999999701e-01	9.473972768532528121e-01
1.846461615403851120e+00	3.815619774297395850e+00	-1.004077520000000057e+00	1.012664649520927940e+00
1.847461865466366815e+00	3.822692107373586445e+00	-8.162955600000000311e-01	7.515951588502269853e-01
1.848462115528882510e+00	3.831333492237453342e+00	-7.774441199999999608e-01	1.077932022188603289e+00
1.849462365591397983e+00	3.839963701363931836e+00	-7.126917200000000285e-01	7.842288451840646601e-01
1.850462615653913678e+00	3.846122607769362212e+00	-5.767116799999999488e-01	7.515951588502269853e-01
1.851462865716429373e+00	3.849995677174547826e+00	-4.536821200000000776e-01	6.863277861825517467e-01
1.852463115778944847e+00	3.854582179670296593e+00	-3.630287599999999504e-01	4.905256681795260310e-01
1.853463365841460542e+00	3.861185903886723114e+00	-2.529496800000000101e-01	4.905256681795260310e-01
1.854463615903976237e+00	3.866816687710691092e+00	-2.464744400000000168e-01	3.599909228441755538e-01
1.855463865966491710e+00	3.867648110790057103e+00	1.873666400000000010e-01	1.315551185073121632e-01
1.856464116029007405e+00	3.863567477975173858e+00	1.614656800000000003e-01	-1.295143721633888190e-01
1.857464366091523100e+00	3.857829703291637102e+00	5.370296000000001069e-01	-2.926828038325769432e-01
1.858464616154038795e+00	3.852428408890738343e+00	7.442372800000001121e-01	-7.821880988401412882e-01
1.859464866216554269e+00	3.845878573278834089e+00	1.106850720000000177e+00	-9.453565305093293292e-01
1.860465116279069964e+00	3.836367423856261283e+00	1.508315599999999979e+00	-1.434861825516893896e+00
1.861465366341585659e+00	3.825368398409935811e+00	2.045760519999999971e+00	-1.500129198184569024e+00
1.862465616404101132e+00	3.815910022377449806e+00	1.948631919999999962e+00	-2.087535552193646726e+00
1.863465866466616827e+00	3.808163889399786228e+00	2.188215800000000044e+00	-1.565396570852244151e+00
1.864466116529132522e+00	3.800826017188713379e+00	2.272393919999999845e+00	-2.479139788199697936e+00
1.865466366591648217e+00	3.793902472401030401e+00	2.188215800000000044e+00	-1.826466061522945328e+00
1.866466616654163690e+00	3.786334135319442407e+00	2.272393919999999845e+00	-2.511773474533535389e+00
1.867466866716679386e+00	3.777076656932307763e+00	2.233542480000000108e+00	-2.283337670196671887e+00
1.868467116779195081e+00	3.768770605252401040e+00	1.780275679999999916e+00	-2.218070297528996981e+00
1.869467366841710554e+00	3.764330585973289622e+00	1.663721360000000038e+00	-1.761198688855269978e+00
1.870467616904226249e+00	3.763190353043420089e+00	1.042098320000000022e+00	-9.127228441754917654e-01
1.871467866966741944e+00	3.763961019050680701e+00	6.471086800000001027e-01	-4.232175491679274204e-01
1.872468117029257417e+00	3.766563136861757588e+00	3.233466799999999974e-01	9.892143217347457163e-02
1.873468367091773112e+00	3.770560937246653310e+00	-1.817220400000000013e-01	2.294561775088249655e-01
1.874468617154288808e+00	3.775324638197074201e+00	-3.759792400000000478e-01	3.926246091780131731e-01
1.875468867216804503e+00	3.781512320785627601e+00	-6.220383600000000124e-01	4.905256681795260310e-01
1.876469117279319976e+00	3.789636702475915886e+00	-6.608898000000000827e-01	6.863277861825517467e-01
1.877469367341835671e+00	3.798694132351895458e+00	-8.227708000000000244e-01	6.536940998487140719e-01
1.878469617404351366e+00	3.807074443070124214e+00	-7.709688800000000786e-01	1.012664649520927940e+00
1.879469867466866839e+00	3.814286971045165675e+00	-8.292460400000000176e-01	7.842288451840646601e-01
1.880470117529382534e+00	3.821116448575365698e+00	-8.616222399999999837e-01	1.241100453857791219e+00
1.881470367591898230e+00	3.828165086369907932e+00	-8.098203199999999269e-01	1.077932022188603289e+00
1.882470617654413703e+00	3.835680079701642597e+00	-7.062164799999999243e-01	7.515951588502269853e-01
1.883470867716929398e+00	3.843047894190504632e+00	-6.544145599999999785e-01	9.473972768532528121e-01
1.884471117779445093e+00	3.848836981330924001e+00	-5.184345200000000098e-01	4.905256681795260310e-01
1.885471367841960788e+00	3.853617270404502193e+00	-4.536821200000000776e-01	4.252582955118507924e-01
1.886471617904476261e+00	3.859040013732839114e+00	-3.177020799999999978e-01	4.252582955118507924e-01
1.887471867966991956e+00	3.863971880866137187e+00	-2.205734800000000162e-01	3.273572365103378790e-01
1.888472118029507651e+00	3.865791394389456848e+00	7.728756000000000514e-02	4.252582955118507924e-01
1.889472368092023125e+00	3.864037764281015974e+00	1.938418799999999942e-01	3.365405950579927752e-02
1.890472618154538820e+00	3.860243271260812126e+00	3.362971600000000394e-01	-3.253164901664145625e-01
1.891472868217054515e+00	3.854960564189847894e+00	7.312868000000000146e-01	-2.926828038325769432e-01
1.892473118279569988e+00	3.847471924172173541e+00	8.413658800000000104e-01	-1.010623903177004790e+00
1.893473368342085683e+00	3.838267669783034908e+00	1.301107919999999973e+00	-1.239059707513868069e+00
1.894473618404601378e+00	3.828449122818385231e+00	1.845028079999999848e+00	-1.630663943519919501e+00
1.895473868467117073e+00	3.818703500115098404e+00	2.356572039999999646e+00	-1.989634493192133702e+00
1.896474118529632547e+00	3.810667788662235544e+00	2.129938640000000216e+00	-1.728565002521432525e+00
1.897474368592148242e+00	3.804746501442537010e+00	2.285344400000000054e+00	-2.283337670196671887e+00
1.898474618654663937e+00	3.798379949024377478e+00	2.149364359999999863e+00	-1.793832375189107875e+00
1.899474868717179410e+00	3.790126547534177437e+00	2.278869160000000171e+00	-2.218070297528996981e+00
1.900475118779695105e+00	3.781162115124571788e+00	2.227067239999999781e+00	-2.022268179525970933e+00
1.901475368842210800e+00	3.773040798615356906e+00	2.246492959999999872e+00	-2.250703983862834434e+00
1.902475618904726273e+00	3.767121866531419005e+00	1.786750920000000020e+00	-1.532762884518406477e+00
1.903475868967241968e+00	3.763885576126268173e+00	1.307583159999999856e+00	-1.598030257186082048e+00
1.904476119029757664e+00	3.763200407826524430e+00	9.773459200000000902e-01	-6.842870398386284858e-01
1.905476369092273359e+00	3.765648803870544459e+00	3.751485999999999432e-01	-3.579501765002521818e-01
1.906476619154788832e+00	3.770660613173721476e+00	1.901039999999999675e-02	1.020373171961676869e-03
1.907476869217304527e+00	3.775933635912155140e+00	-4.083554400000000140e-01	3.599909228441755538e-01
1.908477119279820222e+00	3.780838521017500398e+00	-5.119592800000000166e-01	5.884267271810389444e-01
1.909477369342335695e+00	3.786897049176637164e+00	-5.896621600000000463e-01	7.842288451840646601e-01
1.910477619404851390e+00	3.795110056164758827e+00	-7.191669600000000218e-01	7.515951588502269853e-01
1.911477869467367086e+00	3.804503545693573852e+00	-8.551469999999999905e-01	1.012664649520927940e+00
1.912478119529882781e+00	3.813047275899752897e+00	-8.810479599999999634e-01	8.821299041855775735e-01
1.913478369592398254e+00	3.820045311246934805e+00	-8.227708000000000244e-01	8.821299041855775735e-01
1.914478619654913949e+00	3.826642001981468866e+00	-8.098203199999999269e-01	1.175833081190116092e+00
1.915478869717429644e+00	3.833805180460462925e+00	-7.968698400000000515e-01	8.821299041855775735e-01
1.916479119779945117e+00	3.840880764218499444e+00	-6.997412400000000421e-01	8.168625315179022239e-01
1.917479369842460812e+00	3.846939471798646260e+00	-6.479393199999999853e-01	6.536940998487140719e-01
1.918479619904976508e+00	3.852252381457440311e+00	-4.925335599999999814e-01	5.557930408472013806e-01
1.919479869967491981e+00	3.857245572430025859e+00	-4.083554400000000140e-01	3.926246091780131731e-01
1.920480120030007676e+00	3.861783013072466186e+00	-2.140982399999999952e-01	-3.161331316187596802e-02
1.921480370092523371e+00	3.865073864860689490e+00	-4.574200000000000488e-02	2.620898638426626404e-01
1.922480620155039066e+00	3.865990528542055493e+00	1.096637599999999990e-01	-1.621480584972264660e-01
1.923480870217554539e+00	3.863833823446621629e+00	2.715447599999999961e-01	1.641888048411497825e-01
1.924481120280070234e+00	3.857978177865331926e+00	6.989106000000000485e-01	-3.905838628340898566e-01
1.925481370342585929e+00	3.849227737192574939e+00	8.478411200000001147e-01	-5.211186081694403338e-01
1.926481620405101403e+00	3.839954464645707777e+00	1.288157439999999765e+00	-9.779902168431670040e-01
1.927481870467617098e+00	3.831050801107566350e+00	1.689622319999999789e+00	-1.532762884518406477e+00
1.928482120530132793e+00	3.822292225860976167e+00	1.968057640000000053e+00	-1.924367120524458352e+00
1.929482370592648266e+00	3.814210791653503296e+00	2.058711000000000180e+00	-1.924367120524458352e+00
1.930482620655163961e+00	3.807454370430574553e+00	2.246492959999999872e+00	-2.218070297528996981e+00
1.931482870717679656e+00	3.801283626543428884e+00	2.155839599999999745e+00	-1.924367120524458352e+00
1.932483120780195351e+00	3.793708559896428412e+00	2.240017719999999990e+00	-1.957000806858295805e+00
1.933483370842710825e+00	3.784451354485227625e+00	2.233542480000000108e+00	-2.087535552193646726e+00
1.934483620905226520e+00	3.775604229209650775e+00	2.246492959999999872e+00	-1.761198688855269978e+00
1.935483870967742215e+00	3.768737060314660159e+00	1.987483359999999921e+00	-1.924367120524458352e+00
1.936484121030257688e+00	3.764159155085260444e+00	1.592493720000000001e+00	-1.402228139183055999e+00
1.937484371092773383e+00	3.761928981784594672e+00	1.106850720000000177e+00	-1.141158648512355045e+00
1.938484621155289078e+00	3.762280254952163894e+00	5.305543600000000026e-01	-7.169207261724660496e-01
1.939484871217804551e+00	3.765801355053751021e+00	7.728756000000000514e-02	-9.688068582955121355e-02
1.940485121280320246e+00	3.772453398427086046e+00	-2.205734800000000162e-01	3.273572365103378790e-01
1.941485371342835942e+00	3.780320344874069871e+00	-4.990087999999999191e-01	4.252582955118507924e-01
1.942485621405351637e+00	3.786892715539206478e+00	-5.637612000000000734e-01	8.494962178517398987e-01
1.943485871467867110e+00	3.792205750557005928e+00	-6.738402799999999582e-01	7.189614725163894215e-01
1.944486121530382805e+00	3.798809875274660630e+00	-9.263746400000000270e-01	1.045298335854765615e+00
1.945486371592898500e+00	3.807573333653340608e+00	-8.745727199999999701e-01	7.842288451840646601e-01
1.946486621655413973e+00	3.816575673053695716e+00	-1.010552759999999939e+00	1.045298335854765615e+00
1.947486871717929668e+00	3.824753966723548615e+00	-8.357212800000000108e-01	1.012664649520927940e+00
1.948487121780445364e+00	3.832716950853098936e+00	-7.968698400000000515e-01	9.800309631870904870e-01
1.949487371842960837e+00	3.840119453985164633e+00	-7.321174399999998972e-01	8.494962178517398987e-01
1.950487621905476532e+00	3.846065867047759657e+00	-5.702364399999999556e-01	8.494962178517398987e-01
1.951487871967992227e+00	3.851181079246539518e+00	-4.731078399999999462e-01	6.863277861825517467e-01
1.952488122030507922e+00	3.856048231673879112e+00	-3.630287599999999504e-01	6.210604135148766192e-01
1.953488372093023395e+00	3.859772226842632215e+00	-2.659001599999999965e-01	2.294561775088249655e-01
1.954488622155539090e+00	3.862258893560151840e+00	-2.464744400000000168e-01	2.947235501765002597e-01
1.955488872218054786e+00	3.864072150394299854e+00	1.744161599999999868e-01	1.020373171961676869e-03
1.956489122280570259e+00	3.863521172548852523e+00	1.679409199999999935e-01	-1.621480584972264660e-01
1.957489372343085954e+00	3.858953901533650477e+00	4.917029200000000433e-01	-2.600491174987393794e-01
1.958489622405601649e+00	3.852245903019985374e+00	7.377620400000000078e-01	-6.516533535047908110e-01
1.959489872468117344e+00	3.845218410512121654e+00	1.074474520000000100e+00	-8.474554715078166378e-01
1.960490122530632817e+00	3.836672409077230395e+00	1.482414640000000006e+00	-1.336960766515380872e+00
1.961490372593148512e+00	3.826532465908453862e+00	2.019859559999999998e+00	-1.663297629853757176e+00
1.962490622655664207e+00	3.817608038641865154e+00	1.909780479999999780e+00	-2.087535552193646726e+00
1.963490872718179681e+00	3.811039556903956793e+00	2.155839599999999745e+00	-1.793832375189107875e+00
1.964491122780695376e+00	3.804550976689044628e+00	2.240017719999999990e+00	-2.381238729198184689e+00
1.965491372843211071e+00	3.796393285624239500e+00	2.162314840000000071e+00	-1.826466061522945328e+00
1.966491622905726544e+00	3.787377024949140747e+00	2.252968199999999754e+00	-2.315971356530509784e+00
1.967491872968242239e+00	3.778492284975892623e+00	2.220591999999999899e+00	-1.826466061522945328e+00
1.968492123030757934e+00	3.770497283992054083e+00	1.812651879999999993e+00	-2.152802924861321632e+00
1.969492373093273629e+00	3.765054980506751026e+00	1.650770879999999829e+00	-1.336960766515380872e+00
1.970492623155789103e+00	3.762660011564110007e+00	1.022672600000000154e+00	-1.500129198184569024e+00
1.971492873218304798e+00	3.762380800955682059e+00	6.212077200000000188e-01	-6.842870398386284858e-01
1.972493123280820493e+00	3.764673085278482212e+00	2.844952399999999826e-01	-2.926828038325769432e-01
1.973493373343335966e+00	3.770117941554612440e+00	-1.946725200000000155e-01	-1.621480584972264660e-01
1.974493623405851661e+00	3.777159024017595623e+00	-3.889297199999999788e-01	5.557930408472013806e-01
1.975493873468367356e+00	3.784077802173128724e+00	-6.155631200000000192e-01	3.926246091780131731e-01
1.976494123530882829e+00	3.790556704294499646e+00	-6.673650399999999649e-01	1.077932022188603289e+00
1.977494373593398524e+00	3.797125926596851997e+00	-8.292460400000000176e-01	1.012664649520927940e+00
1.978494623655914220e+00	3.804738178917324465e+00	-7.839193599999999540e-01	1.208466767523953767e+00
1.979494873718429915e+00	3.813603525319094523e+00	-8.486717599999999972e-01	1.045298335854765615e+00
1.980495123780945388e+00	3.822505055655402995e+00	-8.745727199999999701e-01	1.045298335854765615e+00
1.981495373843461083e+00	3.830488544761901260e+00	-8.162955600000000311e-01	6.863277861825517467e-01
1.982495623905976778e+00	3.838048255672918518e+00	-7.126917200000000285e-01	9.473972768532528121e-01
1.983495873968492251e+00	3.845681342732147012e+00	-6.544145599999999785e-01	6.863277861825517467e-01
1.984496124031007946e+00	3.852475493310241639e+00	-5.184345200000000098e-01	8.494962178517398987e-01
1.985496374093523642e+00	3.857238361939270277e+00	-4.601573600000000153e-01	6.863277861825517467e-01
1.986496624156039115e+00	3.859931428781755436e+00	-3.306525599999999843e-01	6.210604135148766192e-01
1.987496874218554810e+00	3.861357124292506438e+00	-2.399992000000000236e-01	5.557930408472013806e-01
1.988497124281070505e+00	3.862658880125731553e+00	5.138659999999999756e-02	-3.161331316187596802e-02
1.989497374343586200e+00	3.863559880739980912e+00	1.873666400000000010e-01	-6.424699949571360813e-02
1.990497624406101673e+00	3.861419833196848117e+00	3.298219200000001017e-01	-4.232175491679274204e-01
1.991497874468617368e+00	3.855424489430467894e+00	6.989106000000000485e-01	-6.842870398386284858e-01
1.992498124531133064e+00	3.847726843969034416e+00	8.284154000000000240e-01	-7.495544125063037244e-01
1.993498374593648537e+00	3.839307423599825242e+00	1.268731720000000118e+00	-1.141158648512355045e+00
1.994498624656164232e+00	3.829924819250528412e+00	1.812651879999999993e+00	-1.434861825516893896e+00
1.995498874718679927e+00	3.819528250842566308e+00	2.324195839999999791e+00	-1.728565002521432525e+00
1.996499124781195400e+00	3.809085889141348602e+00	2.097562439999999917e+00	-1.695931316187594851e+00
1.997499374843711095e+00	3.801267309550552032e+00	2.246492959999999872e+00	-2.283337670196671887e+00
1.998499624906226790e+00	3.796359384559113259e+00	2.104037679999999799e+00	-2.054901865859808829e+00
1.999499874968742485e+00	3.790940773271604503e+00	2.246492959999999872e+00	-2.315971356530509784e+00
2.000500125031257959e+00	3.783158425418865711e+00	2.194691039999999926e+00	-1.989634493192133702e+00
2.001500375093773432e+00	3.774980057802255207e+00	2.220591999999999899e+00	-2.152802924861321632e+00
2.002500625156289349e+00	3.768873545249095347e+00	1.773800439999999812e+00	-1.434861825516893896e+00
2.003500875218804822e+00	3.764817482145370153e+00	1.262256480000000014e+00	-1.402228139183055999e+00
2.004501125281320739e+00	3.762403001244352119e+00	9.773459200000000902e-01	-7.495544125063037244e-01
2.005501375343836212e+00	3.763136241148249628e+00	3.362971600000000394e-01	-3.905838628340898566e-01
2.006501625406351685e+00	3.767838885939989613e+00	-1.336580000000000407e-02	1.020373171961676869e-03
2.007501875468867603e+00	3.775022708489160994e+00	-4.018802000000000207e-01	3.599909228441755538e-01
2.008502125531383076e+00	3.782675537834535806e+00	-5.443354799999999827e-01	4.578919818456884672e-01
2.009502375593898549e+00	3.789857043857681518e+00	-6.155631200000000192e-01	7.842288451840646601e-01
2.010502625656414466e+00	3.796945947654722708e+00	-7.385926799999998904e-01	8.821299041855775735e-01
2.011502875718929939e+00	3.804381613627708436e+00	-8.551469999999999905e-01	9.473972768532528121e-01
2.012503125781445412e+00	3.811903886161111643e+00	-8.810479599999999634e-01	8.821299041855775735e-01
2.013503375843961329e+00	3.819489619820823023e+00	-8.292460400000000176e-01	1.012664649520927940e+00
2.014503625906476802e+00	3.827484671774000979e+00	-8.227708000000000244e-01	8.494962178517398987e-01
2.015503875968992276e+00	3.835588550223256732e+00	-7.839193599999999540e-01	9.147635905194151373e-01
2.016504126031508193e+00	3.842822623211036959e+00	-6.997412400000000421e-01	7.515951588502269853e-01
2.017504376094023666e+00	3.848503920666172196e+00	-6.479393199999999853e-01	7.515951588502269853e-01
2.018504626156539139e+00	3.853140244587602847e+00	-4.860583200000000437e-01	6.536940998487140719e-01
2.019504876219055056e+00	3.857784485480256542e+00	-4.342563999999999869e-01	4.905256681795260310e-01
2.020505126281570529e+00	3.862041174167779811e+00	-2.140982399999999952e-01	5.231593545133637058e-01
2.021505376344086446e+00	3.864457714841133651e+00	-5.869248000000000520e-02	1.968224911749873740e-01
2.022505626406601920e+00	3.864390054269884356e+00	9.671327999999999869e-02	1.641888048411497825e-01
2.023505876469117393e+00	3.861973677934504856e+00	2.521190400000000165e-01	-2.600491174987393794e-01
2.024506126531633310e+00	3.857286597244609538e+00	6.730096400000000756e-01	-5.863859808371156834e-01
2.025506376594148783e+00	3.850132139696523570e+00	8.219401600000000307e-01	-7.821880988401412882e-01
2.026506626656664256e+00	3.841522645492863930e+00	1.268731720000000118e+00	-1.336960766515380872e+00
2.027506876719180173e+00	3.833339019605080722e+00	1.670196599999999920e+00	-1.271693393847705744e+00
2.028507126781695646e+00	3.825283697416943518e+00	1.929206199999999871e+00	-1.957000806858295805e+00
2.029507376844211120e+00	3.816304186761870998e+00	2.045760519999999971e+00	-1.532762884518406477e+00
2.030507626906727037e+00	3.807173535134623865e+00	2.214116760000000017e+00	-1.891733434190620455e+00
2.031507876969242510e+00	3.798980368843760669e+00	2.129938640000000216e+00	-1.924367120524458352e+00
2.032508127031757983e+00	3.791565744686297368e+00	2.207641520000000135e+00	-2.152802924861321632e+00
2.033508377094273900e+00	3.783632174126816849e+00	2.201166280000000253e+00	-2.413872415532022586e+00
2.034508627156789373e+00	3.775360268888466209e+00	2.214116760000000017e+00	-2.218070297528996981e+00
2.035508877219304846e+00	3.769264556725831383e+00	1.948631919999999962e+00	-1.728565002521432525e+00
2.036509127281820763e+00	3.766093021362761917e+00	1.560117519999999924e+00	-1.826466061522945328e+00
2.037509377344336237e+00	3.764601316255204111e+00	1.074474520000000100e+00	-6.190196671709531362e-01
2.038509627406851710e+00	3.765139059916131625e+00	5.305543600000000026e-01	-3.253164901664145625e-01
2.039509877469367627e+00	3.768476026705933624e+00	3.196087999999999707e-02	-9.688068582955121355e-02
2.040510127531883100e+00	3.773439232682656908e+00	-2.399992000000000236e-01	5.231593545133637058e-01
2.041510377594399017e+00	3.779163444517632087e+00	-5.184345200000000098e-01	3.273572365103378790e-01
2.042510627656914490e+00	3.786482459340509976e+00	-5.831869200000000530e-01	7.189614725163894215e-01
2.043510877719429963e+00	3.794799770183709064e+00	-6.803155199999999514e-01	7.515951588502269853e-01
2.044511127781945881e+00	3.801958289071007524e+00	-9.393251199999999024e-01	8.821299041855775735e-01
2.045511377844461354e+00	3.808220513987220279e+00	-8.875231999999999566e-01	9.473972768532528121e-01
2.046511627906976827e+00	3.815658910501579015e+00	-1.010552759999999939e+00	9.800309631870904870e-01
2.047511877969492744e+00	3.824131353102652398e+00	-8.292460400000000176e-01	9.147635905194151373e-01
2.048512128032008217e+00	3.831723690649979641e+00	-7.903945999999999472e-01	1.208466767523953767e+00
2.049512378094523690e+00	3.838189822797439810e+00	-7.256422000000000150e-01	7.515951588502269853e-01
2.050512628157039607e+00	3.844578636519891734e+00	-5.896621600000000463e-01	9.800309631870904870e-01
2.051512878219555081e+00	3.850836148545738080e+00	-4.925335599999999814e-01	3.926246091780131731e-01
2.052513128282070554e+00	3.856764965315635063e+00	-3.824544800000000411e-01	5.231593545133637058e-01
2.053513378344586471e+00	3.862098731375429583e+00	-2.723753999999999897e-01	3.926246091780131731e-01
2.054513628407101944e+00	3.865300210246576551e+00	-2.659001599999999965e-01	3.599909228441755538e-01
2.055513878469617417e+00	3.865512451635979119e+00	1.614656800000000003e-01	9.892143217347457163e-02
2.056514128532133334e+00	3.862956358245688282e+00	1.290894800000000064e-01	3.365405950579927752e-02
2.057514378594648807e+00	3.858021854709217990e+00	4.658019600000000704e-01	-2.600491174987393794e-01
2.058514628657164725e+00	3.851757116722676511e+00	6.989106000000000485e-01	-5.863859808371156834e-01
2.059514878719680198e+00	3.844352257637816184e+00	1.055048800000000009e+00	-9.127228441754917654e-01
2.060515128782195671e+00	3.835151808585031130e+00	1.450038439999999929e+00	-1.369594452849218325e+00
2.061515378844711588e+00	3.825134231109892369e+00	1.961582399999999726e+00	-1.565396570852244151e+00
2.062515628907227061e+00	3.816347807304061757e+00	1.896830000000000016e+00	-2.152802924861321632e+00
2.063515878969742534e+00	3.809422497981327815e+00	2.110512920000000125e+00	-1.728565002521432525e+00
2.064516129032258451e+00	3.802760344619754651e+00	2.214116760000000017e+00	-2.348605042864347237e+00
2.065516379094773924e+00	3.794948542510530487e+00	2.129938640000000216e+00	-1.761198688855269978e+00
2.066516629157289398e+00	3.786835717254637856e+00	2.220591999999999899e+00	-2.250703983862834434e+00
2.067516879219805315e+00	3.779577892852204357e+00	2.175265319999999836e+00	-1.891733434190620455e+00
2.068517129282320788e+00	3.773026695938748176e+00	1.780275679999999916e+00	-2.218070297528996981e+00
2.069517379344836261e+00	3.767513275231420433e+00	1.624869920000000079e+00	-1.434861825516893896e+00
2.070517629407352178e+00	3.764751956175848235e+00	9.773459200000000902e-01	-1.304327080181543197e+00
2.071517879469867651e+00	3.764945244188492079e+00	5.953067600000000459e-01	-5.211186081694403338e-01
2.072518129532383124e+00	3.766319114258759981e+00	2.780200000000000449e-01	-2.926828038325769432e-01
2.073518379594899042e+00	3.769000096030483249e+00	-2.076230000000000020e-01	3.926246091780131731e-01
2.074518629657414515e+00	3.774390815252759435e+00	-4.018802000000000207e-01	4.252582955118507924e-01
2.075518879719929988e+00	3.781529588646136197e+00	-6.414640799999999921e-01	7.189614725163894215e-01
2.076519129782445905e+00	3.788792819305839554e+00	-6.673650399999999649e-01	6.536940998487140719e-01
2.077519379844961378e+00	3.796805944685535561e+00	-8.292460400000000176e-01	7.189614725163894215e-01
2.078519629907477295e+00	3.806380721595940653e+00	-7.774441199999999608e-01	9.473972768532528121e-01
2.079519879969992768e+00	3.816398919454248251e+00	-8.486717599999999972e-01	6.210604135148766192e-01
2.080520130032508241e+00	3.825286305160673805e+00	-8.680974800000000879e-01	1.208466767523953767e+00
2.081520380095024159e+00	3.832435981319434415e+00	-8.227708000000000244e-01	9.147635905194151373e-01
2.082520630157539632e+00	3.838118035419813001e+00	-7.126917200000000285e-01	1.143199394856278639e+00
2.083520880220055105e+00	3.842910305269971349e+00	-6.738402799999999582e-01	8.821299041855775735e-01
2.084521130282571022e+00	3.847602854463870070e+00	-5.313849999999999962e-01	7.515951588502269853e-01
2.085521380345086495e+00	3.852680975267783747e+00	-4.666325999999999530e-01	5.231593545133637058e-01
2.086521630407601968e+00	3.858152331207902463e+00	-3.306525599999999843e-01	4.252582955118507924e-01
2.087521880470117885e+00	3.863872752597892202e+00	-2.659001599999999965e-01	-3.161331316187596802e-02
2.088522130532633359e+00	3.867333483826908225e+00	5.138659999999999756e-02	3.599909228441755538e-01
2.089522380595148832e+00	3.865568829027206110e+00	1.549904400000000071e-01	-9.688068582955121355e-02
2.090522630657664749e+00	3.860241971459738242e+00	3.039209600000000178e-01	-3.161331316187596802e-02
2.091522880720180222e+00	3.854236858279657341e+00	6.924353600000000553e-01	-3.579501765002521818e-01
2.092523130782695695e+00	3.847610344400905547e+00	7.960392000000000579e-01	-7.495544125063037244e-01
2.093523380845211612e+00	3.839406129638247567e+00	1.229880280000000159e+00	-1.043257589510842243e+00
2.094523630907727085e+00	3.829292612106806715e+00	1.786750920000000020e+00	-1.565396570852244151e+00
2.095523880970243003e+00	3.819287290332972873e+00	2.285344400000000054e+00	-1.924367120524458352e+00
2.096524131032758476e+00	3.812159276141943831e+00	2.058711000000000180e+00	-1.728565002521432525e+00
2.097524381095273949e+00	3.806796143719040515e+00	2.220591999999999899e+00	-2.250703983862834434e+00
2.098524631157789866e+00	3.800296510875885492e+00	2.071661479999999944e+00	-1.695931316187594851e+00
2.099524881220305339e+00	3.792299301394939537e+00	2.214116760000000017e+00	-1.989634493192133702e+00
2.100525131282820812e+00	3.783225654273482785e+00	2.168790079999999953e+00	-2.022268179525970933e+00
2.101525381345336729e+00	3.773845386341805330e+00	2.162314840000000071e+00	-1.957000806858295805e+00
2.102525631407852202e+00	3.767042112094231676e+00	1.728473759999999970e+00	-1.565396570852244151e+00
2.103525881470367676e+00	3.764412494775642326e+00	1.268731720000000118e+00	-1.434861825516893896e+00
2.104526131532883593e+00	3.764124461590342641e+00	9.190687600000001511e-01	-7.821880988401412882e-01
2.105526381595399066e+00	3.765028125967328165e+00	3.168714400000000042e-01	-5.211186081694403338e-01
2.106526631657914539e+00	3.768541466747478808e+00	-6.890560000000003904e-03	1.020373171961676869e-03
2.107526881720430456e+00	3.774949007532727219e+00	-4.213059199999999449e-01	3.926246091780131731e-01
2.108527131782945929e+00	3.781756725222829019e+00	-5.443354799999999827e-01	4.905256681795260310e-01
2.109527381845461402e+00	3.787571009347334705e+00	-6.349888400000001099e-01	8.494962178517398987e-01
2.110527631907977320e+00	3.794229043648642996e+00	-7.256422000000000150e-01	8.821299041855775735e-01
2.111527881970492793e+00	3.803117123908559716e+00	-8.745727199999999701e-01	9.473972768532528121e-01
2.112528132033008266e+00	3.812397014211899027e+00	-8.875231999999999566e-01	9.147635905194151373e-01
2.113528382095524183e+00	3.820162682917491725e+00	-8.357212800000000108e-01	9.800309631870904870e-01
2.114528632158039656e+00	3.827242807475359498e+00	-8.292460400000000176e-01	8.821299041855775735e-01
2.115528882220555573e+00	3.834487372222135093e+00	-8.098203199999999269e-01	9.147635905194151373e-01
2.116529132283071046e+00	3.841271614662492340e+00	-7.126917200000000285e-01	8.494962178517398987e-01
2.117529382345586519e+00	3.847747082137270347e+00	-6.608898000000000827e-01	7.842288451840646601e-01
2.118529632408102437e+00	3.854324605878814314e+00	-4.990087999999999191e-01	7.189614725163894215e-01
2.119529882470617910e+00	3.860081272935306895e+00	-4.277811600000000491e-01	4.578919818456884672e-01
2.120530132533133383e+00	3.864013213837889094e+00	-2.464744400000000168e-01	2.947235501765002597e-01
2.121530382595649300e+00	3.865651870947520496e+00	-8.459344000000000585e-02	2.620898638426626404e-01
2.122530632658164773e+00	3.864755141835936048e+00	7.081231999999999804e-02	3.365405950579927752e-02
2.123530882720680246e+00	3.861711863569703418e+00	2.521190400000000165e-01	-1.947817448310640853e-01
2.124531132783196163e+00	3.857305809327538526e+00	6.341582000000000052e-01	-3.579501765002521818e-01
2.125531382845711637e+00	3.851345225208815393e+00	7.895639599999999536e-01	-6.516533535047908110e-01
2.126531632908227110e+00	3.842714996288974394e+00	1.242830760000000145e+00	-8.148217851739789630e-01
2.127531882970743027e+00	3.832176808905218834e+00	1.637820399999999843e+00	-1.434861825516893896e+00
2.128532133033258500e+00	3.822292157706697502e+00	1.890354760000000134e+00	-1.663297629853757176e+00
2.129532383095773973e+00	3.813700811150046999e+00	2.026334799999999881e+00	-2.022268179525970933e+00
2.130532633158289890e+00	3.805530603142845969e+00	2.188215800000000044e+00	-2.120169238527484179e+00
2.131532883220805363e+00	3.798199369187296615e+00	2.110512920000000125e+00	-2.054901865859808829e+00
2.132533133283320836e+00	3.791869544899158839e+00	2.181740560000000162e+00	-2.152802924861321632e+00
2.133533383345836754e+00	3.785067059668338452e+00	2.175265319999999836e+00	-1.957000806858295805e+00
2.134533633408352227e+00	3.777689465892686282e+00	2.188215800000000044e+00	-2.054901865859808829e+00
2.135533883470868144e+00	3.771472508291612069e+00	1.916255719999999885e+00	-1.434861825516893896e+00
2.136534133533383617e+00	3.766868436862242042e+00	1.521266079999999965e+00	-1.369594452849218325e+00
2.137534383595899090e+00	3.764136763626788174e+00	1.061524040000000113e+00	-9.453565305093293292e-01
2.138534633658415007e+00	3.764848213353990225e+00	4.722772000000000081e-01	-5.537522945032778976e-01
2.139534883720930480e+00	3.769055390910646341e+00	2.548563999999999691e-02	-1.295143721633888190e-01
2.140535133783445954e+00	3.775245251985895667e+00	-2.529496800000000101e-01	9.892143217347457163e-02
2.141535383845961871e+00	3.782006299926861548e+00	-5.313849999999999962e-01	5.231593545133637058e-01
2.142535633908477344e+00	3.787646166101402034e+00	-5.896621600000000463e-01	7.842288451840646601e-01
2.143535883970992817e+00	3.792217671261278955e+00	-6.867907599999999446e-01	8.821299041855775735e-01
2.144536134033508734e+00	3.798188161781641536e+00	-9.458003599999998956e-01	1.077932022188603289e+00
2.145536384096024207e+00	3.806652209804784359e+00	-8.939984399999999498e-01	9.147635905194151373e-01
2.146536634158539680e+00	3.816207081730139894e+00	-1.017028000000000043e+00	1.045298335854765615e+00
2.147536884221055598e+00	3.825250656531392401e+00	-8.486717599999999972e-01	9.147635905194151373e-01
2.148537134283571071e+00	3.833041145997845067e+00	-8.033450799999999337e-01	8.821299041855775735e-01
2.149537384346086544e+00	3.839733149846396909e+00	-7.385926799999998904e-01	7.515951588502269853e-01
2.150537634408602461e+00	3.846161998362579659e+00	-6.026126399999999217e-01	7.842288451840646601e-01
2.151537884471117934e+00	3.852165858841433810e+00	-4.990087999999999191e-01	6.863277861825517467e-01
2.152538134533633851e+00	3.856819959499956596e+00	-3.824544800000000411e-01	6.210604135148766192e-01
2.153538384596149324e+00	3.860940696850998499e+00	-2.982763600000000181e-01	4.252582955118507924e-01
2.154538634658664797e+00	3.865059594157697287e+00	-2.594249200000000033e-01	3.926246091780131731e-01
2.155538884721180715e+00	3.866949171337519697e+00	1.420399599999999929e-01	1.641888048411497825e-01
2.156539134783696188e+00	3.865181416024513261e+00	1.226142399999999993e-01	-3.161331316187596802e-02
2.157539384846211661e+00	3.860595836182845630e+00	4.528514799999999729e-01	-3.579501765002521818e-01
2.158539634908727578e+00	3.853701783876261722e+00	6.665344000000000824e-01	-5.537522945032778976e-01
2.159539884971243051e+00	3.845035113121778814e+00	1.055048800000000009e+00	-8.800891578416540906e-01
2.160540135033758524e+00	3.835476790192475782e+00	1.417662239999999851e+00	-1.239059707513868069e+00
2.161540385096274441e+00	3.825153960171444378e+00	1.968057640000000053e+00	-1.598030257186082048e+00
2.162540635158789915e+00	3.814962316795420527e+00	1.857978559999999835e+00	-2.022268179525970933e+00
2.163540885221305388e+00	3.806948557268308164e+00	2.084611959999999709e+00	-1.793832375189107875e+00
2.164541135283821305e+00	3.801548396335585611e+00	2.181740560000000162e+00	-2.120169238527484179e+00
2.165541385346336778e+00	3.796390770849174423e+00	2.084611959999999709e+00	-1.793832375189107875e+00
2.166541635408852251e+00	3.788802054029330346e+00	2.188215800000000044e+00	-2.283337670196671887e+00
2.167541885471368168e+00	3.779252951542452887e+00	2.142889119999999981e+00	-1.859099747856782781e+00
2.168542135533883641e+00	3.770804177873465779e+00	1.715523279999999984e+00	-2.087535552193646726e+00
2.169542385596399114e+00	3.765511628461675642e+00	1.605444199999999988e+00	-1.402228139183055999e+00
2.170542635658915032e+00	3.763575396344803980e+00	9.708706800000000969e-01	-1.173792334846192720e+00
2.171542885721430505e+00	3.764734734668662153e+00	5.758810400000000662e-01	-5.211186081694403338e-01
2.172543135783946422e+00	3.768073792441477110e+00	2.521190400000000165e-01	-2.274154311649017046e-01
2.173543385846461895e+00	3.772264799919206713e+00	-2.335239600000000026e-01	2.620898638426626404e-01
2.174543635908977368e+00	3.777584637435548842e+00	-4.148306800000000072e-01	3.599909228441755538e-01
2.175543885971493285e+00	3.784733471440110630e+00	-6.479393199999999853e-01	5.884267271810389444e-01
2.176544136034008758e+00	3.792129515492614455e+00	-6.803155199999999514e-01	7.842288451840646601e-01
2.177544386096524232e+00	3.798572251499189978e+00	-8.486717599999999972e-01	9.800309631870904870e-01
2.178544636159040149e+00	3.805748318898985794e+00	-7.774441199999999608e-01	1.012664649520927940e+00
2.179544886221555622e+00	3.814306171796522094e+00	-8.680974800000000879e-01	1.208466767523953767e+00
2.180545136284071095e+00	3.822398603436147457e+00	-8.810479599999999634e-01	1.045298335854765615e+00
2.181545386346587012e+00	3.829844473574216313e+00	-8.357212800000000108e-01	1.045298335854765615e+00
2.182545636409102485e+00	3.837676829006787749e+00	-7.191669600000000218e-01	7.515951588502269853e-01
2.183545886471617958e+00	3.844661346231475374e+00	-6.867907599999999446e-01	7.189614725163894215e-01
2.184546136534133876e+00	3.849792372947060670e+00	-5.508107199999999759e-01	6.863277861825517467e-01
2.185546386596649349e+00	3.854802502402418618e+00	-4.925335599999999814e-01	4.905256681795260310e-01
2.186546636659164822e+00	3.860510824459444379e+00	-3.436030400000000262e-01	6.210604135148766192e-01
2.187546886721680739e+00	3.865283301996107035e+00	-2.529496800000000101e-01	3.599909228441755538e-01
2.188547136784196212e+00	3.867720114431866030e+00	4.491135999999999739e-02	3.273572365103378790e-01
2.189547386846712129e+00	3.866692981521461903e+00	1.355647199999999997e-01	-9.688068582955121355e-02
2.190547636909227602e+00	3.861418182587544212e+00	2.844952399999999826e-01	-1.621480584972264660e-01
2.191547886971743075e+00	3.853608592784733666e+00	6.471086800000001027e-01	-5.863859808371156834e-01
2.192548137034258993e+00	3.846020935038203525e+00	7.895639599999999536e-01	-6.516533535047908110e-01
2.193548387096774466e+00	3.838706148394049666e+00	1.223405040000000055e+00	-1.239059707513868069e+00
2.194548637159289939e+00	3.830125658286379409e+00	1.754374719999999943e+00	-1.336960766515380872e+00
2.195548887221805856e+00	3.820770021573602460e+00	2.259443440000000081e+00	-1.891733434190620455e+00
2.196549137284321329e+00	3.812095830146682740e+00	2.019859559999999998e+00	-1.500129198184569024e+00
2.197549387346836802e+00	3.804454225528548061e+00	2.194691039999999926e+00	-2.283337670196671887e+00
2.198549637409352719e+00	3.797335074378267450e+00	2.045760519999999971e+00	-1.793832375189107875e+00
2.199549887471868193e+00	3.789813681559602632e+00	2.194691039999999926e+00	-2.152802924861321632e+00
2.200550137534383666e+00	3.781821544367435450e+00	2.129938640000000216e+00	-1.957000806858295805e+00
2.201550387596899583e+00	3.774373914946922426e+00	2.129938640000000216e+00	-2.120169238527484179e+00
2.202550637659415056e+00	3.768391942869700362e+00	1.696097560000000115e+00	-1.467495511850731349e+00
2.203550887721930529e+00	3.764563298410150249e+00	1.242830760000000145e+00	-1.369594452849218325e+00
2.204551137784446446e+00	3.763284074852669026e+00	9.125935200000000469e-01	-6.516533535047908110e-01
2.205551387846961919e+00	3.764431130985034457e+00	2.974457200000000245e-01	-2.600491174987393794e-01
2.206551637909477392e+00	3.768052179248703393e+00	-3.279152000000000455e-02	1.020373171961676869e-03
2.207551887971993310e+00	3.774198396642630904e+00	-4.277811600000000491e-01	4.578919818456884672e-01
2.208552138034508783e+00	3.781351059803804926e+00	-5.702364399999999556e-01	4.578919818456884672e-01
2.209552388097024700e+00	3.787653537090983846e+00	-6.349888400000001099e-01	7.842288451840646601e-01
2.210552638159540173e+00	3.793806901942081033e+00	-7.321174399999998972e-01	7.842288451840646601e-01
2.211552888222055646e+00	3.801699857477019773e+00	-8.745727199999999701e-01	1.045298335854765615e+00
2.212553138284571563e+00	3.811153752720945587e+00	-9.004736800000000541e-01	8.821299041855775735e-01
2.213553388347087036e+00	3.820220199464379629e+00	-8.486717599999999972e-01	1.045298335854765615e+00
2.214553638409602510e+00	3.827597319258813080e+00	-8.292460400000000176e-01	8.821299041855775735e-01
2.215553888472118427e+00	3.833886828512602651e+00	-8.098203199999999269e-01	9.473972768532528121e-01
2.216554138534633900e+00	3.840387805452719849e+00	-7.126917200000000285e-01	8.168625315179022239e-01
2.217554388597149373e+00	3.847111050698229118e+00	-6.738402799999999582e-01	7.189614725163894215e-01
2.218554638659665290e+00	3.853418461344902290e+00	-5.119592800000000166e-01	6.536940998487140719e-01
2.219554888722180763e+00	3.858643517269997769e+00	-4.407316399999999801e-01	4.905256681795260310e-01
2.220555138784696236e+00	3.861970335952428446e+00	-2.529496800000000101e-01	3.273572365103378790e-01
2.221555388847212154e+00	3.864041815790106860e+00	-9.106868000000001295e-02	3.599909228441755538e-01
2.222555638909727627e+00	3.865373222234559147e+00	6.433707999999999094e-02	1.020373171961676869e-03
2.223555888972243100e+00	3.863610040450922156e+00	2.197428399999999948e-01	-9.688068582955121355e-02
2.224556139034759017e+00	3.857312915680998433e+00	6.341582000000000052e-01	-3.905838628340898566e-01
2.225556389097274490e+00	3.849093417947746065e+00	7.766134800000000782e-01	-6.516533535047908110e-01
2.226556639159789963e+00	3.841217922339722701e+00	1.223405040000000055e+00	-9.779902168431670040e-01
2.227556889222305880e+00	3.832916855002105549e+00	1.611919440000000092e+00	-1.402228139183055999e+00
2.228557139284821353e+00	3.823740296179920506e+00	1.851503319999999952e+00	-1.663297629853757176e+00
2.229557389347337271e+00	3.814857763549276637e+00	1.987483359999999921e+00	-1.728565002521432525e+00
2.230557639409852744e+00	3.806702400551460030e+00	2.149364359999999863e+00	-1.989634493192133702e+00
2.231557889472368217e+00	3.798881162993729799e+00	2.078136719999999826e+00	-1.989634493192133702e+00
2.232558139534884134e+00	3.791754176272954524e+00	2.142889119999999981e+00	-1.859099747856782781e+00
2.233558389597399607e+00	3.784837477009730833e+00	2.129938640000000216e+00	-2.120169238527484179e+00
2.234558639659915080e+00	3.776373524811429405e+00	2.155839599999999745e+00	-1.891733434190620455e+00
2.235558889722430997e+00	3.767986433287471737e+00	1.883879520000000030e+00	-1.695931316187594851e+00
2.236559139784946471e+00	3.764006831387677110e+00	1.521266079999999965e+00	-1.500129198184569024e+00
2.237559389847461944e+00	3.764373910563489467e+00	1.035623080000000140e+00	-8.474554715078166378e-01
2.238559639909977861e+00	3.765770323255370311e+00	4.658019600000000704e-01	-4.558512355017650397e-01
2.239559889972493334e+00	3.767773162575101420e+00	1.901039999999999675e-02	3.365405950579927752e-02
2.240560140035008807e+00	3.771737842622306935e+00	-2.529496800000000101e-01	2.947235501765002597e-01
2.241560390097524724e+00	3.777753546985247901e+00	-5.313849999999999962e-01	4.578919818456884672e-01
2.242560640160040197e+00	3.785186915775063277e+00	-6.026126399999999217e-01	7.515951588502269853e-01
2.243560890222555670e+00	3.793089398920539423e+00	-6.932660000000000489e-01	7.842288451840646601e-01
2.244561140285071588e+00	3.800560319935726739e+00	-9.393251199999999024e-01	9.473972768532528121e-01
2.245561390347587061e+00	3.808183663080443093e+00	-9.069489200000000473e-01	1.045298335854765615e+00
2.246561640410102978e+00	3.816978714580010923e+00	-1.017028000000000043e+00	9.147635905194151373e-01
2.247561890472618451e+00	3.826062829806488264e+00	-8.486717599999999972e-01	1.077932022188603289e+00
2.248562140535133924e+00	3.833566389613364045e+00	-8.098203199999999269e-01	9.800309631870904870e-01
2.249562390597649841e+00	3.839183144929256386e+00	-7.450679199999999947e-01	8.821299041855775735e-01
2.250562640660165314e+00	3.844747970109201773e+00	-6.026126399999999217e-01	9.473972768532528121e-01
2.251562890722680788e+00	3.851308293349704925e+00	-5.054840400000000233e-01	6.210604135148766192e-01
2.252563140785196705e+00	3.857251686535866142e+00	-3.889297199999999788e-01	5.884267271810389444e-01
2.253563390847712178e+00	3.861617962139290761e+00	-3.047516000000000114e-01	3.599909228441755538e-01
2.254563640910227651e+00	3.864719615625482607e+00	-2.659001599999999965e-01	2.947235501765002597e-01
2.255563890972743568e+00	3.865415855959235092e+00	1.290894800000000064e-01	1.315551185073121632e-01
2.256564141035259041e+00	3.863444138462413413e+00	1.031885200000000058e-01	-6.424699949571360813e-02
2.257564391097774514e+00	3.859918553435694566e+00	4.204752800000000068e-01	-3.253164901664145625e-01
2.258564641160290432e+00	3.853592807192770309e+00	6.665344000000000824e-01	-4.884849218356027145e-01
2.259564891222805905e+00	3.843941281544014377e+00	1.016197360000000049e+00	-8.800891578416540906e-01
2.260565141285321378e+00	3.834522506136046616e+00	1.378810799999999892e+00	-1.173792334846192720e+00
2.261565391347837295e+00	3.827376099805964937e+00	1.929206199999999871e+00	-1.532762884518406477e+00
2.262565641410352768e+00	3.819960642387614680e+00	1.819127120000000097e+00	-1.924367120524458352e+00
2.263565891472868241e+00	3.810600304206481770e+00	2.052235759999999853e+00	-1.826466061522945328e+00
2.264566141535384158e+00	3.801785166884299016e+00	2.136413880000000098e+00	-2.152802924861321632e+00
2.265566391597899631e+00	3.795676101621968446e+00	2.058711000000000180e+00	-1.793832375189107875e+00
2.266566641660415549e+00	3.789910304013683895e+00	2.149364359999999863e+00	-2.218070297528996981e+00
2.267566891722931022e+00	3.781561930827250784e+00	2.116988160000000008e+00	-1.859099747856782781e+00
2.268567141785446495e+00	3.772281461717335027e+00	1.709048039999999880e+00	-1.957000806858295805e+00
2.269567391847962412e+00	3.765754108858009985e+00	1.560117519999999924e+00	-1.402228139183055999e+00
2.270567641910477885e+00	3.763639708455671862e+00	9.579201999999999995e-01	-1.108524962178517592e+00
2.271567891972993358e+00	3.765152650155205727e+00	5.499800799999999823e-01	-5.211186081694403338e-01
2.272568142035509275e+00	3.767883346792140653e+00	2.391685600000000023e-01	-1.947817448310640853e-01
2.273568392098024749e+00	3.771187537463351891e+00	-2.335239600000000026e-01	1.968224911749873740e-01
2.274568642160540222e+00	3.776990288360960957e+00	-4.277811600000000491e-01	4.578919818456884672e-01
2.275568892223056139e+00	3.784924642679610152e+00	-6.544145599999999785e-01	6.210604135148766192e-01
2.276569142285571612e+00	3.792540633869999844e+00	-6.932660000000000489e-01	8.494962178517398987e-01
2.277569392348087085e+00	3.799338841947922152e+00	-8.421965199999998930e-01	9.473972768532528121e-01
2.278569642410603002e+00	3.806385023998874573e+00	-7.903945999999999472e-01	9.800309631870904870e-01
2.279569892473118475e+00	3.814533590443851985e+00	-8.616222399999999837e-01	9.800309631870904870e-01
2.280570142535633948e+00	3.823185387038650962e+00	-8.939984399999999498e-01	1.012664649520927940e+00
2.281570392598149866e+00	3.831058792960981396e+00	-8.486717599999999972e-01	9.800309631870904870e-01
2.282570642660665339e+00	3.838173910300968217e+00	-7.191669600000000218e-01	8.494962178517398987e-01
2.283570892723181256e+00	3.844675210132387555e+00	-6.738402799999999582e-01	9.473972768532528121e-01
2.284571142785696729e+00	3.850204878728824553e+00	-5.508107199999999759e-01	6.863277861825517467e-01
2.285571392848212202e+00	3.855177710469917862e+00	-4.860583200000000437e-01	7.189614725163894215e-01
2.286571642910728119e+00	3.860047774764295170e+00	-3.565535200000000127e-01	3.599909228441755538e-01
2.287571892973243592e+00	3.863854545120073869e+00	-2.853258800000000317e-01	3.599909228441755538e-01
2.288572143035759066e+00	3.865067774241778942e+00	2.548563999999999691e-02	1.968224911749873740e-01
2.289572393098274983e+00	3.864017694121852475e+00	1.226142399999999993e-01	-3.161331316187596802e-02
2.290572643160790456e+00	3.861904520255682538e+00	2.715447599999999961e-01	-9.688068582955121355e-02
2.291572893223305929e+00	3.857707387180506320e+00	6.341582000000000052e-01	-4.884849218356027145e-01
2.292573143285821846e+00	3.849937026368810855e+00	7.830887200000000714e-01	-6.842870398386284858e-01
2.293573393348337319e+00	3.840206621455385161e+00	1.216929799999999950e+00	-1.173792334846192720e+00
2.294573643410852792e+00	3.831233435530698284e+00	1.721998519999999866e+00	-1.271693393847705744e+00
2.295573893473368710e+00	3.822722786547480212e+00	2.233542480000000108e+00	-1.859099747856782781e+00
2.296574143535884183e+00	3.813242051368346708e+00	1.993958600000000025e+00	-1.565396570852244151e+00
2.297574393598399656e+00	3.803782494071997089e+00	2.162314840000000071e+00	-2.348605042864347237e+00
2.298574643660915573e+00	3.796040813242922418e+00	2.026334799999999881e+00	-1.728565002521432525e+00
2.299574893723431046e+00	3.790218594465291524e+00	2.155839599999999745e+00	-2.185436611195159529e+00
2.300575143785946519e+00	3.785095468238360628e+00	2.110512920000000125e+00	-1.826466061522945328e+00
2.301575393848462436e+00	3.778470656978432096e+00	2.097562439999999917e+00	-2.087535552193646726e+00
2.302575643910977909e+00	3.770115191096365503e+00	1.657246119999999934e+00	-1.402228139183055999e+00
2.303575893973493827e+00	3.763832240781635363e+00	1.203979319999999964e+00	-1.434861825516893896e+00
2.304576144036009300e+00	3.763052348499669630e+00	8.931677999999999562e-01	-5.863859808371156834e-01
2.305576394098524773e+00	3.766393445584353294e+00	2.715447599999999961e-01	-3.579501765002521818e-01
2.306576644161040690e+00	3.770228355429645184e+00	-4.574200000000000488e-02	1.020373171961676869e-03
2.307576894223556163e+00	3.774028187263542389e+00	-4.342563999999999869e-01	3.599909228441755538e-01
2.308577144286071636e+00	3.780234705089336789e+00	-5.767116799999999488e-01	5.557930408472013806e-01
2.309577394348587553e+00	3.789221545055806661e+00	-6.349888400000001099e-01	8.168625315179022239e-01
2.310577644411103027e+00	3.798328854047948955e+00	-7.515431599999999879e-01	7.842288451840646601e-01
2.311577894473618500e+00	3.805843705945088029e+00	-8.810479599999999634e-01	1.012664649520927940e+00
2.312578144536134417e+00	3.812738123985913496e+00	-9.069489200000000473e-01	9.147635905194151373e-01
2.313578394598649890e+00	3.820552474446988978e+00	-8.421965199999998930e-01	1.045298335854765615e+00
2.314578644661165363e+00	3.829459892730665338e+00	-8.486717599999999972e-01	8.821299041855775735e-01
2.315578894723681280e+00	3.837785595307321440e+00	-8.162955600000000311e-01	9.800309631870904870e-01
2.316579144786196753e+00	3.843518746524170027e+00	-7.256422000000000150e-01	8.821299041855775735e-01
2.317579394848712226e+00	3.847640482413535956e+00	-6.673650399999999649e-01	8.168625315179022239e-01
2.318579644911228144e+00	3.852842771761228580e+00	-5.184345200000000098e-01	6.210604135148766192e-01
2.319579894973743617e+00	3.859095359052266083e+00	-4.342563999999999869e-01	5.557930408472013806e-01
2.320580145036259090e+00	3.863966243242762832e+00	-2.659001599999999965e-01	2.947235501765002597e-01
2.321580395098775007e+00	3.865819465960416146e+00	-9.754392000000000618e-02	3.273572365103378790e-01
2.322580645161290480e+00	3.864846088664543267e+00	5.138659999999999756e-02	6.628774583963688294e-02
2.323580895223806397e+00	3.861692207375373886e+00	2.003171200000000152e-01	-3.161331316187596802e-02
2.324581145286321870e+00	3.856807098951021917e+00	6.017820000000000391e-01	-3.253164901664145625e-01
2.325581395348837344e+00	3.850459211932022452e+00	7.636630000000000917e-01	-6.516533535047908110e-01
2.326581645411353261e+00	3.842270889999991113e+00	1.191028839999999978e+00	-9.779902168431670040e-01
2.327581895473868734e+00	3.832494412181084442e+00	1.573067999999999911e+00	-1.304327080181543197e+00
2.328582145536384207e+00	3.822946439527509455e+00	1.819127120000000097e+00	-1.630663943519919501e+00
2.329582395598900124e+00	3.815190271061258187e+00	1.942156679999999858e+00	-1.630663943519919501e+00
2.330582645661415597e+00	3.808739861945922289e+00	2.116988160000000008e+00	-1.924367120524458352e+00
2.331582895723931070e+00	3.801490337892213134e+00	2.039285280000000089e+00	-1.989634493192133702e+00
2.332583145786446988e+00	3.792868596006647053e+00	2.123463399999999890e+00	-1.695931316187594851e+00
2.333583395848962461e+00	3.784740673274378242e+00	2.110512920000000125e+00	-2.120169238527484179e+00
2.334583645911477934e+00	3.777685810173251557e+00	2.110512920000000125e+00	-1.826466061522945328e+00
2.335583895973993851e+00	3.770976213380321518e+00	1.845028079999999848e+00	-1.630663943519919501e+00
2.336584146036509324e+00	3.765891320071361292e+00	1.495365119999999770e+00	-1.336960766515380872e+00
2.337584396099024797e+00	3.764095497769007981e+00	9.967716399999999588e-01	-9.127228441754917654e-01
2.338584646161540714e+00	3.764860081809616954e+00	4.528514799999999729e-01	-2.600491174987393794e-01
2.339584896224056187e+00	3.767290214679005267e+00	-6.890560000000003904e-03	-1.295143721633888190e-01
2.340585146286572105e+00	3.771969380893666735e+00	-2.788506400000000385e-01	3.273572365103378790e-01
2.341585396349087578e+00	3.778420580866695300e+00	-5.508107199999999759e-01	5.231593545133637058e-01
2.342585646411603051e+00	3.785544283022531431e+00	-6.090878800000000259e-01	7.842288451840646601e-01
2.343585896474118968e+00	3.793751920677298273e+00	-6.997412400000000421e-01	8.821299041855775735e-01
2.344586146536634441e+00	3.802366355328908210e+00	-9.587508399999999931e-01	9.473972768532528121e-01
2.345586396599149914e+00	3.809395986667528877e+00	-8.939984399999999498e-01	9.147635905194151373e-01
2.346586646661665831e+00	3.815821400131895302e+00	-1.029978480000000030e+00	1.012664649520927940e+00
2.347586896724181305e+00	3.823980854536306317e+00	-8.551469999999999905e-01	1.012664649520927940e+00
2.348587146786696778e+00	3.832849752899790907e+00	-8.227708000000000244e-01	9.147635905194151373e-01
2.349587396849212695e+00	3.840426407804818698e+00	-7.450679199999999947e-01	9.147635905194151373e-01
2.350587646911728168e+00	3.846859683119276951e+00	-6.090878800000000259e-01	7.515951588502269853e-01
2.351587896974243641e+00	3.852621534805465320e+00	-5.054840400000000233e-01	7.189614725163894215e-01
2.352588147036759558e+00	3.857843376637045907e+00	-3.954049599999999165e-01	5.884267271810389444e-01
2.353588397099275031e+00	3.862531515687608330e+00	-2.982763600000000181e-01	5.231593545133637058e-01
2.354588647161790504e+00	3.865748605447294040e+00	-2.853258800000000317e-01	3.273572365103378790e-01
2.355588897224306422e+00	3.866148492082400967e+00	1.161389999999999922e-01	1.641888048411497825e-01
2.356589147286821895e+00	3.863369352869324480e+00	7.728756000000000514e-02	-3.161331316187596802e-02
2.357589397349337368e+00	3.858790960297729278e+00	4.269505200000000000e-01	-3.253164901664145625e-01
2.358589647411853285e+00	3.853848886359366066e+00	6.276829600000000120e-01	-5.211186081694403338e-01
2.359589897474368758e+00	3.847465137959029668e+00	1.003246880000000063e+00	-8.148217851739789630e-01
2.360590147536884675e+00	3.838078949308785681e+00	1.385286039999999996e+00	-1.206426021180030395e+00
2.361590397599400148e+00	3.827433084770714533e+00	1.870929040000000043e+00	-1.598030257186082048e+00
2.362590647661915622e+00	3.818438434501465473e+00	1.812651879999999993e+00	-1.957000806858295805e+00
2.363590897724431539e+00	3.810916315152322209e+00	2.019859559999999998e+00	-1.630663943519919501e+00
2.364591147786947012e+00	3.803180193879107218e+00	2.123463399999999890e+00	-2.185436611195159529e+00
2.365591397849462485e+00	3.795395761841916293e+00	2.032810039999999763e+00	-1.793832375189107875e+00
2.366591647911978402e+00	3.788080482510204128e+00	2.116988160000000008e+00	-2.087535552193646726e+00
2.367591897974493875e+00	3.780418892272115361e+00	2.091087200000000035e+00	-1.924367120524458352e+00
2.368592148037009348e+00	3.772665454014833664e+00	1.683147080000000129e+00	-1.989634493192133702e+00
2.369592398099525266e+00	3.767038191959788840e+00	1.547167039999999716e+00	-1.434861825516893896e+00
2.370592648162040739e+00	3.764838287033903441e+00	9.384944800000000198e-01	-1.043257589510842243e+00
2.371592898224556212e+00	3.765282033538627449e+00	5.111286400000001340e-01	-5.863859808371156834e-01
2.372593148287072129e+00	3.767835081894086002e+00	2.197428399999999948e-01	-9.688068582955121355e-02
2.373593398349587602e+00	3.772472575780524195e+00	-2.788506400000000385e-01	2.294561775088249655e-01
2.374593648412103075e+00	3.777754010030797360e+00	-4.342563999999999869e-01	4.905256681795260310e-01
2.375593898474618992e+00	3.782939517402244878e+00	-6.608898000000000827e-01	5.884267271810389444e-01
2.376594148537134465e+00	3.789679279608775264e+00	-7.126917200000000285e-01	8.168625315179022239e-01
2.377594398599650383e+00	3.798255579276762273e+00	-8.680974800000000879e-01	8.821299041855775735e-01
2.378594648662165856e+00	3.806898674728855347e+00	-7.903945999999999472e-01	1.012664649520927940e+00
2.379594898724681329e+00	3.815491092879347068e+00	-8.745727199999999701e-01	1.012664649520927940e+00
2.380595148787197246e+00	3.824637547779727864e+00	-9.134241599999999295e-01	9.473972768532528121e-01
2.381595398849712719e+00	3.833087884458134198e+00	-8.421965199999998930e-01	1.012664649520927940e+00
2.382595648912228192e+00	3.839819915712836096e+00	-7.256422000000000150e-01	8.494962178517398987e-01
2.383595898974744109e+00	3.845761201021765441e+00	-6.932660000000000489e-01	9.473972768532528121e-01
2.384596149037259583e+00	3.851422016964593631e+00	-5.572859600000000802e-01	6.863277861825517467e-01
2.385596399099775056e+00	3.855832583365069954e+00	-4.925335599999999814e-01	6.863277861825517467e-01
2.386596649162290973e+00	3.859462494236510999e+00	-3.565535200000000127e-01	4.905256681795260310e-01
2.387596899224806446e+00	3.863857449439002778e+00	-2.853258800000000317e-01	3.926246091780131731e-01
2.388597149287321919e+00	3.867362319172714002e+00	-4.153200000000037417e-04	1.641888048411497825e-01
2.389597399349837836e+00	3.866690817032608418e+00	1.226142399999999993e-01	9.892143217347457163e-02
2.390597649412353309e+00	3.862104218075783635e+00	2.391685600000000023e-01	-1.295143721633888190e-01
2.391597899474868782e+00	3.855883787704834198e+00	6.082572400000001434e-01	-3.905838628340898566e-01
2.392598149537384700e+00	3.848117005377010180e+00	7.248115600000000214e-01	-7.821880988401412882e-01
2.393598399599900173e+00	3.838438830240222810e+00	1.171603120000000109e+00	-1.173792334846192720e+00
2.394598649662415646e+00	3.828572176783484160e+00	1.696097560000000115e+00	-1.336960766515380872e+00
2.395598899724931563e+00	3.820098735576467064e+00	2.201166280000000253e+00	-1.891733434190620455e+00
2.396599149787447036e+00	3.812629805386289483e+00	1.968057640000000053e+00	-1.532762884518406477e+00
2.397599399849962953e+00	3.805403837945709800e+00	2.129938640000000216e+00	-2.283337670196671887e+00
2.398599649912478426e+00	3.798193770733133690e+00	1.987483359999999921e+00	-1.663297629853757176e+00
2.399599899974993900e+00	3.790641781062857429e+00	2.123463399999999890e+00	-2.152802924861321632e+00
2.400600150037509817e+00	3.782826234437590696e+00	2.078136719999999826e+00	-1.859099747856782781e+00
2.401600400100025290e+00	3.775146548949189107e+00	2.058711000000000180e+00	-2.120169238527484179e+00
2.402600650162540763e+00	3.768195949532858968e+00	1.644295639999999947e+00	-1.336960766515380872e+00
2.403600900225056680e+00	3.764117527472512048e+00	1.178078360000000213e+00	-1.467495511850731349e+00
2.404601150287572153e+00	3.764291700233431293e+00	8.672668400000000943e-01	-5.211186081694403338e-01
2.405601400350087626e+00	3.767169478038464803e+00	2.391685600000000023e-01	-3.579501765002521818e-01
2.406601650412603544e+00	3.771402330029541616e+00	-5.869248000000000520e-02	1.641888048411497825e-01
2.407601900475119017e+00	3.776613904716827008e+00	-4.536821200000000776e-01	3.926246091780131731e-01
2.408602150537634490e+00	3.781987770914633007e+00	-5.767116799999999488e-01	6.210604135148766192e-01
2.409602400600150407e+00	3.787985605619649032e+00	-6.738402799999999582e-01	7.842288451840646601e-01
2.410602650662665880e+00	3.795836394224841648e+00	-7.644936400000000853e-01	8.168625315179022239e-01
2.411602900725181353e+00	3.804819137099663351e+00	-8.875231999999999566e-01	1.045298335854765615e+00
2.412603150787697270e+00	3.813394485651207866e+00	-9.198994000000000337e-01	9.147635905194151373e-01
2.413603400850212743e+00	3.821244983516733917e+00	-8.486717599999999972e-01	1.045298335854765615e+00
2.414603650912728217e+00	3.828850537991876024e+00	-8.421965199999998930e-01	9.147635905194151373e-01
2.415603900975244134e+00	3.836327820594015670e+00	-8.162955600000000311e-01	9.800309631870904870e-01
2.416604151037759607e+00	3.843173091572133160e+00	-7.321174399999998972e-01	8.821299041855775735e-01
2.417604401100275524e+00	3.849003778184667102e+00	-6.673650399999999649e-01	8.494962178517398987e-01
2.418604651162790997e+00	3.853853345352499016e+00	-5.313849999999999962e-01	5.557930408472013806e-01
2.419604901225306470e+00	3.858227847147877920e+00	-4.536821200000000776e-01	6.536940998487140719e-01
2.420605151287822387e+00	3.862430233796531276e+00	-2.723753999999999897e-01	2.947235501765002597e-01
2.421605401350337861e+00	3.865479464466262449e+00	-1.104944000000000065e-01	3.926246091780131731e-01
2.422605651412853334e+00	3.866360728311700523e+00	1.901039999999999675e-02	3.365405950579927752e-02
2.423605901475369251e+00	3.864599728244683785e+00	1.938418799999999942e-01	9.892143217347457163e-02
2.424606151537884724e+00	3.859291535672747298e+00	5.823562799999999484e-01	-4.232175491679274204e-01
2.425606401600400197e+00	3.850917552237587138e+00	7.312868000000000146e-01	-5.863859808371156834e-01
2.426606651662916114e+00	3.841740383190007879e+00	1.132751680000000150e+00	-9.127228441754917654e-01
2.427606901725431587e+00	3.832691337487480254e+00	1.560117519999999924e+00	-1.271693393847705744e+00
2.428607151787947060e+00	3.823645043665684362e+00	1.786750920000000020e+00	-1.630663943519919501e+00
2.429607401850462978e+00	3.815223089777060483e+00	1.922730959999999989e+00	-1.663297629853757176e+00
2.430607651912978451e+00	3.807587810216465307e+00	2.084611959999999709e+00	-1.989634493192133702e+00
2.431607901975493924e+00	3.800260144861131284e+00	2.019859559999999998e+00	-2.022268179525970933e+00
2.432608152038009841e+00	3.793227814236121986e+00	2.084611959999999709e+00	-1.891733434190620455e+00
2.433608402100525314e+00	3.786234524735975437e+00	2.071661479999999944e+00	-2.087535552193646726e+00
2.434608652163041231e+00	3.778355263385598128e+00	2.091087200000000035e+00	-1.924367120524458352e+00
2.435608902225556704e+00	3.769934141080782286e+00	1.832077599999999862e+00	-1.532762884518406477e+00
2.436609152288072178e+00	3.764024448857413052e+00	1.456513680000000033e+00	-1.402228139183055999e+00
2.437609402350588095e+00	3.762999592095557677e+00	9.773459200000000902e-01	-8.800891578416540906e-01
2.438609652413103568e+00	3.765355590722523793e+00	4.204752800000000068e-01	-3.253164901664145625e-01
2.439609902475619041e+00	3.769053233010160042e+00	-1.336580000000000407e-02	-1.295143721633888190e-01
2.440610152538134958e+00	3.774208620349652321e+00	-2.982763600000000181e-01	4.252582955118507924e-01
2.441610402600650431e+00	3.780647352571396613e+00	-5.637612000000000734e-01	4.252582955118507924e-01
2.442610652663165904e+00	3.786667735111366895e+00	-6.220383600000000124e-01	8.494962178517398987e-01
2.443610902725681822e+00	3.792009958995855801e+00	-7.062164799999999243e-01	8.168625315179022239e-01
2.444611152788197295e+00	3.799240891349005000e+00	-9.652260799999999863e-01	1.012664649520927940e+00
2.445611402850712768e+00	3.809257430752786000e+00	-9.069489200000000473e-01	8.821299041855775735e-01
2.446611652913228685e+00	3.819232689614688869e+00	-1.023503240000000147e+00	1.012664649520927940e+00
2.447611902975744158e+00	3.827390507136076536e+00	-8.875231999999999566e-01	9.800309631870904870e-01
2.448612153038259631e+00	3.834743654869938734e+00	-8.292460400000000176e-01	9.147635905194151373e-01
2.449612403100775548e+00	3.841852289297560841e+00	-7.385926799999998904e-01	8.821299041855775735e-01
2.450612653163291021e+00	3.847975734983121843e+00	-6.090878800000000259e-01	8.494962178517398987e-01
2.451612903225806495e+00	3.853201924697291059e+00	-5.054840400000000233e-01	7.515951588502269853e-01
2.452613153288322412e+00	3.858453073212397388e+00	-4.213059199999999449e-01	5.884267271810389444e-01
2.453613403350837885e+00	3.862641427423126217e+00	-3.177020799999999978e-01	4.905256681795260310e-01
2.454613653413353802e+00	3.864319795850818196e+00	-2.853258800000000317e-01	2.947235501765002597e-01
2.455613903475869275e+00	3.864908631777466130e+00	1.096637599999999990e-01	1.968224911749873740e-01
2.456614153538384748e+00	3.864641670433864640e+00	7.081231999999999804e-02	-9.688068582955121355e-02
2.457614403600900665e+00	3.861102077812594846e+00	4.075248000000000759e-01	-2.274154311649017046e-01
2.458614653663416139e+00	3.854334634007557270e+00	6.147324800000000256e-01	-5.211186081694403338e-01
2.459614903725931612e+00	3.846547269192944984e+00	9.967716399999999588e-01	-7.169207261724660496e-01
2.460615153788447529e+00	3.838073923004443611e+00	1.346434599999999815e+00	-1.173792334846192720e+00
2.461615403850963002e+00	3.828120113562749616e+00	1.870929040000000043e+00	-1.532762884518406477e+00
2.462615653913478475e+00	3.817982844679327137e+00	1.786750920000000020e+00	-1.924367120524458352e+00
2.463615903975994392e+00	3.810221077455802519e+00	1.993958600000000025e+00	-1.663297629853757176e+00
2.464616154038509865e+00	3.804246048256540558e+00	2.097562439999999917e+00	-2.185436611195159529e+00
2.465616404101025338e+00	3.797207448369262384e+00	2.000433839999999908e+00	-1.728565002521432525e+00
2.466616654163541256e+00	3.788831789506705849e+00	2.097562439999999917e+00	-2.022268179525970933e+00
2.467616904226056729e+00	3.780280275962995873e+00	2.058711000000000180e+00	-1.859099747856782781e+00
2.468617154288572202e+00	3.772109890237607566e+00	1.670196599999999920e+00	-1.989634493192133702e+00
2.469617404351088119e+00	3.766058203287157902e+00	1.540691800000000056e+00	-1.402228139183055999e+00
2.470617654413603592e+00	3.764074940981278594e+00	8.931677999999999562e-01	-1.010623903177004790e+00
2.471617904476119509e+00	3.765446093874444955e+00	5.111286400000001340e-01	-5.863859808371156834e-01
2.472618154538634982e+00	3.767952589407836950e+00	1.873666400000000010e-01	-1.295143721633888190e-01
2.473618404601150456e+00	3.771631847008376948e+00	-2.594249200000000033e-01	1.968224911749873740e-01
2.474618654663666373e+00	3.777812311000915191e+00	-4.601573600000000153e-01	5.884267271810389444e-01
2.475618904726181846e+00	3.785310763409699408e+00	-6.608898000000000827e-01	5.884267271810389444e-01
2.476619154788697319e+00	3.792557387993797491e+00	-7.191669600000000218e-01	8.821299041855775735e-01
2.477619404851213236e+00	3.799923229741839048e+00	-8.680974800000000879e-01	8.494962178517398987e-01
2.478619654913728709e+00	3.807135187475870985e+00	-8.033450799999999337e-01	1.045298335854765615e+00
2.479619904976244182e+00	3.813986564669741508e+00	-8.745727199999999701e-01	9.147635905194151373e-01
2.480620155038760100e+00	3.822013073772352332e+00	-9.069489200000000473e-01	9.800309631870904870e-01
2.481620405101275573e+00	3.831247493522116798e+00	-8.421965199999998930e-01	9.800309631870904870e-01
2.482620655163791046e+00	3.839439493842536244e+00	-7.256422000000000150e-01	9.147635905194151373e-01
2.483620905226306963e+00	3.845762743399423034e+00	-6.932660000000000489e-01	8.821299041855775735e-01
2.484621155288822436e+00	3.851310889614546262e+00	-5.572859600000000802e-01	6.863277861825517467e-01
2.485621405351337909e+00	3.856827364605268205e+00	-5.184345200000000098e-01	6.210604135148766192e-01
2.486621655413853826e+00	3.862182391066829812e+00	-3.436030400000000262e-01	4.905256681795260310e-01
2.487621905476369299e+00	3.866250773918852079e+00	-2.918011200000000249e-01	3.273572365103378790e-01
2.488622155538884773e+00	3.867881174138252387e+00	1.253515999999999658e-02	2.620898638426626404e-01
2.489622405601400690e+00	3.867226842080845994e+00	9.671327999999999869e-02	6.628774583963688294e-02
2.490622655663916163e+00	3.863798390321061316e+00	2.326933200000000090e-01	-1.947817448310640853e-01
2.491622905726432080e+00	3.856965156374523307e+00	5.888315200000000527e-01	-3.253164901664145625e-01
2.492623155788947553e+00	3.848305737528121107e+00	7.248115600000000214e-01	-7.495544125063037244e-01
2.493623405851463026e+00	3.838941792042685375e+00	1.152177400000000018e+00	-1.043257589510842243e+00
2.494623655913978943e+00	3.829091033351017970e+00	1.657246119999999934e+00	-1.336960766515380872e+00
2.495623905976494417e+00	3.820181373241352318e+00	2.168790079999999953e+00	-1.663297629853757176e+00
2.496624156039009890e+00	3.812673355549454524e+00	1.935681439999999975e+00	-1.598030257186082048e+00
2.497624406101525807e+00	3.805241405583804415e+00	2.097562439999999917e+00	-2.152802924861321632e+00
2.498624656164041280e+00	3.797413613186609194e+00	1.948631919999999962e+00	-1.793832375189107875e+00
2.499624906226556753e+00	3.789861026709666625e+00	2.091087200000000035e+00	-2.185436611195159529e+00
2.500625156289072670e+00	3.782445496974355059e+00	2.045760519999999971e+00	-1.924367120524458352e+00
2.501625406351588143e+00	3.774975374851022192e+00	2.045760519999999971e+00	-2.087535552193646726e+00
2.502625656414103616e+00	3.768751465569186720e+00	1.611919440000000092e+00	-1.239059707513868069e+00
2.503625906476619534e+00	3.765088970984834305e+00	1.178078360000000213e+00	-1.336960766515380872e+00
2.504626156539135007e+00	3.764684763198180573e+00	8.413658800000000104e-01	-4.884849218356027145e-01
2.505626406601650480e+00	3.767366479071787122e+00	2.262180799999999881e-01	-3.579501765002521818e-01
2.506626656664166397e+00	3.770997502494325193e+00	-9.106868000000001295e-02	1.315551185073121632e-01
2.507626906726681870e+00	3.774460455004568615e+00	-4.731078399999999462e-01	3.599909228441755538e-01
2.508627156789197343e+00	3.779841896011833402e+00	-6.026126399999999217e-01	6.536940998487140719e-01
2.509627406851713260e+00	3.788163971411825592e+00	-6.738402799999999582e-01	7.842288451840646601e-01
2.510627656914228734e+00	3.797407495158676038e+00	-7.580183999999999811e-01	8.821299041855775735e-01
2.511627906976744651e+00	3.805902392058862382e+00	-9.004736800000000541e-01	9.800309631870904870e-01
2.512628157039260124e+00	3.813640953819833257e+00	-9.134241599999999295e-01	9.800309631870904870e-01
2.513628407101775597e+00	3.821257931408324371e+00	-8.551469999999999905e-01	1.077932022188603289e+00
2.514628657164291514e+00	3.829146049765769000e+00	-8.680974800000000879e-01	9.473972768532528121e-01
2.515628907226806987e+00	3.836839589145017548e+00	-8.227708000000000244e-01	9.147635905194151373e-01
2.516629157289322460e+00	3.843662619049752482e+00	-7.256422000000000150e-01	7.842288451840646601e-01
2.517629407351838378e+00	3.849265640706540648e+00	-6.932660000000000489e-01	8.494962178517398987e-01
2.518629657414353851e+00	3.853966090432366709e+00	-5.443354799999999827e-01	5.884267271810389444e-01
2.519629907476869324e+00	3.858653969755243107e+00	-4.666325999999999530e-01	6.210604135148766192e-01
2.520630157539385241e+00	3.862936946699440988e+00	-2.918011200000000249e-01	3.599909228441755538e-01
2.521630407601900714e+00	3.865169932589802126e+00	-1.234448800000000068e-01	4.252582955118507924e-01
2.522630657664416187e+00	3.864880416674111530e+00	6.059919999999996421e-03	6.628774583963688294e-02
2.523630907726932104e+00	3.862685375176598601e+00	1.744161599999999868e-01	1.020373171961676869e-03
2.524631157789447577e+00	3.858466782866802003e+00	5.564553199999999755e-01	-4.884849218356027145e-01
2.525631407851963051e+00	3.851840581934249386e+00	6.989106000000000485e-01	-4.884849218356027145e-01
2.526631657914478968e+00	3.843151079084048405e+00	1.126276440000000045e+00	-9.453565305093293292e-01
2.527631907976994441e+00	3.833249289524939041e+00	1.553642280000000042e+00	-1.206426021180030395e+00
2.528632158039510358e+00	3.823532819976212860e+00	1.754374719999999943e+00	-1.598030257186082048e+00
2.529632408102025831e+00	3.815134125004992161e+00	1.909780479999999780e+00	-1.663297629853757176e+00
2.530632658164541304e+00	3.807686811889120282e+00	2.065186240000000062e+00	-1.859099747856782781e+00
2.531632908227057221e+00	3.800235981456081991e+00	1.987483359999999921e+00	-1.924367120524458352e+00
2.532633158289572695e+00	3.792746027889658311e+00	2.058711000000000180e+00	-1.891733434190620455e+00
2.533633408352088168e+00	3.785632114508470369e+00	2.058711000000000180e+00	-2.120169238527484179e+00
2.534633658414604085e+00	3.778637913502112866e+00	2.065186240000000062e+00	-1.891733434190620455e+00
2.535633908477119558e+00	3.771900054991116580e+00	1.754374719999999943e+00	-1.630663943519919501e+00
2.536634158539635031e+00	3.766992111654138498e+00	1.443563199999999824e+00	-1.467495511850731349e+00
2.537634408602150948e+00	3.765188205738972727e+00	9.449697200000000130e-01	-7.169207261724660496e-01
2.538634658664666421e+00	3.766503138712663290e+00	4.269505200000000000e-01	-3.579501765002521818e-01
2.539634908727181895e+00	3.769846390406864867e+00	-3.926676000000000472e-02	-6.424699949571360813e-02
2.540635158789697812e+00	3.773555579340658550e+00	-3.112268400000000046e-01	3.599909228441755538e-01
2.541635408852213285e+00	3.777881571697099705e+00	-5.572859600000000802e-01	4.905256681795260310e-01
2.542635658914728758e+00	3.784420300595970232e+00	-6.285136000000000056e-01	7.842288451840646601e-01
2.543635908977244675e+00	3.792757089107269497e+00	-7.256422000000000150e-01	8.494962178517398987e-01
2.544636159039760148e+00	3.801669563432191534e+00	-9.587508399999999931e-01	1.045298335854765615e+00
2.545636409102275621e+00	3.810885852678076002e+00	-9.328498800000000202e-01	9.473972768532528121e-01
2.546636659164791539e+00	3.819453423079013810e+00	-1.029978480000000030e+00	1.110565708522440964e+00
2.547636909227307012e+00	3.826909110631353972e+00	-8.810479599999999634e-01	9.473972768532528121e-01
2.548637159289822929e+00	3.834336003720277386e+00	-8.227708000000000244e-01	1.077932022188603289e+00
2.549637409352338402e+00	3.841439535540864814e+00	-7.644936400000000853e-01	8.168625315179022239e-01
2.550637659414853875e+00	3.846855486697286608e+00	-6.285136000000000056e-01	9.147635905194151373e-01
2.551637909477369792e+00	3.851141711162973102e+00	-5.313849999999999962e-01	5.884267271810389444e-01
2.552638159539885265e+00	3.856382304348497492e+00	-4.277811600000000491e-01	6.210604135148766192e-01
2.553638409602400738e+00	3.862870130937682944e+00	-3.371277999999999775e-01	4.905256681795260310e-01
2.554638659664916656e+00	3.867828392161613227e+00	-2.853258800000000317e-01	2.947235501765002597e-01
2.555638909727432129e+00	3.868942045943922992e+00	7.728756000000000514e-02	2.620898638426626404e-01
2.556639159789947602e+00	3.866569747179747107e+00	4.491135999999999739e-02	-3.161331316187596802e-02
2.557639409852463519e+00	3.861763552195404348e+00	3.816238400000000475e-01	-2.926828038325769432e-01
2.558639659914978992e+00	3.855148330388999067e+00	5.888315200000000527e-01	-5.211186081694403338e-01
2.559639909977494465e+00	3.846908563028332395e+00	9.708706800000000969e-01	-7.495544125063037244e-01
2.560640160040010382e+00	3.837118155979002410e+00	1.327008879999999946e+00	-1.271693393847705744e+00
2.561640410102525856e+00	3.826963587027357061e+00	1.832077599999999862e+00	-1.402228139183055999e+00
2.562640660165041329e+00	3.817885617871311865e+00	1.754374719999999943e+00	-1.989634493192133702e+00
2.563640910227557246e+00	3.810108099393809677e+00	1.968057640000000053e+00	-1.467495511850731349e+00
2.564641160290072719e+00	3.803276109840458830e+00	2.065186240000000062e+00	-2.120169238527484179e+00
2.565641410352588636e+00	3.796532776986999203e+00	1.968057640000000053e+00	-1.630663943519919501e+00
2.566641660415104109e+00	3.788894158802117662e+00	2.065186240000000062e+00	-2.152802924861321632e+00
2.567641910477619582e+00	3.781095860599088976e+00	2.026334799999999881e+00	-1.793832375189107875e+00
2.568642160540135500e+00	3.774378323740960273e+00	1.637820399999999843e+00	-1.989634493192133702e+00
2.569642410602650973e+00	3.768530210291825000e+00	1.495365119999999770e+00	-1.336960766515380872e+00
2.570642660665166446e+00	3.764620012973535879e+00	8.866925599999999630e-01	-1.108524962178517592e+00
2.571642910727682363e+00	3.764852864948008193e+00	4.787524399999999458e-01	-4.558512355017650397e-01
2.572643160790197836e+00	3.768268211960030811e+00	1.873666400000000010e-01	-9.688068582955121355e-02
2.573643410852713309e+00	3.772719213562333085e+00	-2.853258800000000317e-01	2.294561775088249655e-01
2.574643660915229226e+00	3.777882569985105743e+00	-4.731078399999999462e-01	4.905256681795260310e-01
2.575643910977744699e+00	3.783561570161745546e+00	-6.803155199999999514e-01	6.536940998487140719e-01
2.576644161040260173e+00	3.790147500676715353e+00	-7.321174399999998972e-01	8.821299041855775735e-01
2.577644411102776090e+00	3.798458402087297348e+00	-8.745727199999999701e-01	8.821299041855775735e-01
2.578644661165291563e+00	3.807306210086386589e+00	-8.033450799999999337e-01	1.077932022188603289e+00
2.579644911227807036e+00	3.815324814116376473e+00	-8.939984399999999498e-01	9.473972768532528121e-01
2.580645161290322953e+00	3.823396825426341294e+00	-9.069489200000000473e-01	1.110565708522440964e+00
2.581645411352838426e+00	3.832210023365680396e+00	-8.745727199999999701e-01	9.473972768532528121e-01
2.582645661415353899e+00	3.840165871036663070e+00	-7.450679199999999947e-01	9.800309631870904870e-01
2.583645911477869817e+00	3.846176513760236837e+00	-6.997412400000000421e-01	9.147635905194151373e-01
2.584646161540385290e+00	3.851423362804886175e+00	-5.702364399999999556e-01	7.189614725163894215e-01
2.585646411602901207e+00	3.856727634316303277e+00	-5.313849999999999962e-01	5.884267271810389444e-01
2.586646661665416680e+00	3.861617530160532663e+00	-3.759792400000000478e-01	5.231593545133637058e-01
2.587646911727932153e+00	3.865599029861956915e+00	-2.982763600000000181e-01	3.273572365103378790e-01
2.588647161790448070e+00	3.867812444666214766e+00	6.059919999999996421e-03	2.947235501765002597e-01
2.589647411852963543e+00	3.867055259561829939e+00	7.081231999999999804e-02	3.365405950579927752e-02
2.590647661915479016e+00	3.863102917199845443e+00	2.132676000000000016e-01	-1.295143721633888190e-01
2.591647911977994934e+00	3.856973684685764070e+00	5.694058000000000730e-01	-4.232175491679274204e-01
2.592648162040510407e+00	3.850038239437836296e+00	6.989106000000000485e-01	-6.842870398386284858e-01
2.593648412103025880e+00	3.842407626413730348e+00	1.132751680000000150e+00	-1.108524962178517592e+00
2.594648662165541797e+00	3.832773181891866443e+00	1.644295639999999947e+00	-1.336960766515380872e+00
2.595648912228057270e+00	3.821959435310328335e+00	2.136413880000000098e+00	-1.695931316187594851e+00
2.596649162290572743e+00	3.813102269860880522e+00	1.903305239999999898e+00	-1.532762884518406477e+00
2.597649412353088660e+00	3.806161596536565828e+00	2.071661479999999944e+00	-2.185436611195159529e+00
2.598649662415604134e+00	3.798685177646033750e+00	1.929206199999999871e+00	-1.695931316187594851e+00
2.599649912478119607e+00	3.790925373222820749e+00	2.071661479999999944e+00	-2.022268179525970933e+00
2.600650162540635524e+00	3.783587105634952596e+00	2.013384319999999672e+00	-1.891733434190620455e+00
2.601650412603150997e+00	3.776032659118037760e+00	2.013384319999999672e+00	-1.891733434190620455e+00
2.602650662665666470e+00	3.769830158874748260e+00	1.586018479999999897e+00	-1.402228139183055999e+00
2.603650912728182387e+00	3.766880828598154984e+00	1.139226920000000032e+00	-1.271693393847705744e+00
2.604651162790697860e+00	3.766270904432782451e+00	8.219401600000000307e-01	-5.863859808371156834e-01
2.605651412853213778e+00	3.767267025143030246e+00	2.003171200000000152e-01	-3.253164901664145625e-01
2.606651662915729251e+00	3.770438226939595072e+00	-9.106868000000001295e-02	9.892143217347457163e-02
2.607651912978244724e+00	3.775774387253401532e+00	-4.795830800000000504e-01	5.231593545133637058e-01
2.608652163040760641e+00	3.782447763535481400e+00	-5.961373999999999285e-01	6.210604135148766192e-01
2.609652413103276114e+00	3.789579741576158067e+00	-6.803155199999999514e-01	8.168625315179022239e-01
2.610652663165791587e+00	3.797385963309179768e+00	-7.709688800000000786e-01	8.168625315179022239e-01
2.611652913228307504e+00	3.806130103982475088e+00	-9.134241599999999295e-01	1.012664649520927940e+00
2.612653163290822977e+00	3.814509699112645702e+00	-9.328498800000000202e-01	9.473972768532528121e-01
2.613653413353338451e+00	3.821821311421802037e+00	-8.680974800000000879e-01	1.012664649520927940e+00
2.614653663415854368e+00	3.828973242437609947e+00	-8.486717599999999972e-01	1.012664649520927940e+00
2.615653913478369841e+00	3.836577018860018118e+00	-8.292460400000000176e-01	9.473972768532528121e-01
2.616654163540885314e+00	3.844667073155766168e+00	-7.515431599999999879e-01	9.147635905194151373e-01
2.617654413603401231e+00	3.851950393262803196e+00	-7.062164799999999243e-01	8.168625315179022239e-01
2.618654663665916704e+00	3.856475727423148481e+00	-5.508107199999999759e-01	6.536940998487140719e-01
2.619654913728432177e+00	3.859535133300067145e+00	-4.601573600000000153e-01	5.884267271810389444e-01
2.620655163790948095e+00	3.863601779246137458e+00	-2.982763600000000181e-01	3.926246091780131731e-01
2.621655413853463568e+00	3.867234463923040266e+00	-1.234448800000000068e-01	3.599909228441755538e-01
2.622655663915979485e+00	3.867581694131722259e+00	-4.153200000000037417e-04	3.365405950579927752e-02
2.623655913978494958e+00	3.864471421370005988e+00	1.744161599999999868e-01	1.020373171961676869e-03
2.624656164041010431e+00	3.859157749601719978e+00	5.435048399999999891e-01	-2.926828038325769432e-01
2.625656414103526348e+00	3.852441460318492439e+00	7.053858400000000417e-01	-5.211186081694403338e-01
2.626656664166041821e+00	3.844667555515636881e+00	1.100375480000000072e+00	-9.453565305093293292e-01
2.627656914228557294e+00	3.835385171894904133e+00	1.527741319999999847e+00	-1.206426021180030395e+00
2.628657164291073212e+00	3.824615615240077204e+00	1.741424239999999957e+00	-1.695931316187594851e+00
2.629657414353588685e+00	3.815099639278878296e+00	1.870929040000000043e+00	-1.630663943519919501e+00
2.630657664416104158e+00	3.808873473602914395e+00	2.045760519999999971e+00	-1.957000806858295805e+00
2.631657914478620075e+00	3.803325146022024317e+00	1.968057640000000053e+00	-1.859099747856782781e+00
2.632658164541135548e+00	3.795415882931342466e+00	2.026334799999999881e+00	-1.891733434190620455e+00
2.633658414603651021e+00	3.786367787725938960e+00	2.019859559999999998e+00	-1.957000806858295805e+00
2.634658664666166938e+00	3.778995585565485094e+00	2.039285280000000089e+00	-1.891733434190620455e+00
2.635658914728682412e+00	3.773596760848933584e+00	1.760849959999999825e+00	-1.467495511850731349e+00
2.636659164791197885e+00	3.768867067671178628e+00	1.430612719999999838e+00	-1.402228139183055999e+00
2.637659414853713802e+00	3.765144917962914839e+00	9.384944800000000198e-01	-7.169207261724660496e-01
2.638659664916229275e+00	3.764931995705490753e+00	3.945743200000000339e-01	-3.253164901664145625e-01
2.639659914978744748e+00	3.769245766635268335e+00	-7.811819999999999875e-02	-3.161331316187596802e-02
2.640660165041260665e+00	3.775252993357565590e+00	-3.047516000000000114e-01	3.926246091780131731e-01
2.641660415103776138e+00	3.780692246672873846e+00	-5.961373999999999285e-01	5.231593545133637058e-01
2.642660665166292056e+00	3.786679580090011488e+00	-6.349888400000001099e-01	8.168625315179022239e-01
2.643660915228807529e+00	3.794057127051492895e+00	-7.385926799999998904e-01	8.494962178517398987e-01
2.644661165291323002e+00	3.802307225618569486e+00	-9.781765600000000838e-01	9.473972768532528121e-01
2.645661415353838919e+00	3.811147570625272429e+00	-9.458003599999998956e-01	9.473972768532528121e-01
2.646661665416354392e+00	3.820059013905664713e+00	-1.029978480000000030e+00	1.012664649520927940e+00
2.647661915478869865e+00	3.828220542153310646e+00	-8.810479599999999634e-01	1.012664649520927940e+00
2.648662165541385782e+00	3.835082929153216025e+00	-8.357212800000000108e-01	1.045298335854765615e+00
2.649662415603901255e+00	3.840836427330759140e+00	-7.580183999999999811e-01	7.515951588502269853e-01
2.650662665666416729e+00	3.846786475852223663e+00	-6.349888400000001099e-01	1.012664649520927940e+00
2.651662915728932646e+00	3.853448928901650028e+00	-5.313849999999999962e-01	6.210604135148766192e-01
2.652663165791448119e+00	3.859394865705412236e+00	-4.083554400000000140e-01	6.863277861825517467e-01
2.653663415853963592e+00	3.863847975023513737e+00	-3.306525599999999843e-01	4.252582955118507924e-01
2.654663665916479509e+00	3.867385498892455420e+00	-2.982763600000000181e-01	4.578919818456884672e-01
2.655663915978994982e+00	3.869131317988958596e+00	8.376279999999999837e-02	1.315551185073121632e-01
2.656664166041510455e+00	3.867050900867649244e+00	3.196087999999999707e-02	-3.161331316187596802e-02
2.657664416104026373e+00	3.861322786699098675e+00	3.686733600000000055e-01	-3.253164901664145625e-01
2.658664666166541846e+00	3.854377012390483692e+00	5.564553199999999755e-01	-4.884849218356027145e-01
2.659664916229057763e+00	3.847691173101394746e+00	9.579201999999999995e-01	-7.495544125063037244e-01
2.660665166291573236e+00	3.840428554852323373e+00	1.301107919999999973e+00	-1.173792334846192720e+00
2.661665416354088709e+00	3.831072246383988578e+00	1.812651879999999993e+00	-1.369594452849218325e+00
2.662665666416604626e+00	3.819703428376653775e+00	1.721998519999999866e+00	-1.859099747856782781e+00
2.663665916479120099e+00	3.808927840647188034e+00	1.935681439999999975e+00	-1.565396570852244151e+00
2.664666166541635572e+00	3.801604179383142323e+00	2.026334799999999881e+00	-2.185436611195159529e+00
2.665666416604151490e+00	3.796996603820490535e+00	1.948631919999999962e+00	-1.565396570852244151e+00
2.666666666666666963e+00	3.791253443031586734e+00	2.039285280000000089e+00	-2.185436611195159529e+00
2.667666916729182436e+00	3.782838580064244560e+00	2.006909079999999790e+00	-1.728565002521432525e+00
2.668667166791698353e+00	3.774439880269514713e+00	1.592493720000000001e+00	-2.022268179525970933e+00
2.669667416854213826e+00	3.768482687255712449e+00	1.501840359999999874e+00	-1.141158648512355045e+00
2.670667666916729299e+00	3.765236811292218100e+00	8.607915999999999901e-01	-1.336960766515380872e+00
2.671667916979245216e+00	3.765067994559267550e+00	4.528514799999999729e-01	-3.905838628340898566e-01
2.672668167041760690e+00	3.767851287238864977e+00	1.679409199999999935e-01	-1.295143721633888190e-01
2.673668417104276163e+00	3.772312314360761309e+00	-2.853258800000000317e-01	2.620898638426626404e-01
2.674668667166792080e+00	3.778094609133679782e+00	-4.795830800000000504e-01	5.557930408472013806e-01
2.675668917229307553e+00	3.784951480330050799e+00	-6.932660000000000489e-01	6.863277861825517467e-01
2.676669167291823026e+00	3.791801256796051067e+00	-7.256422000000000150e-01	8.494962178517398987e-01
2.677669417354338943e+00	3.798889394577737111e+00	-8.875231999999999566e-01	9.147635905194151373e-01
2.678669667416854416e+00	3.807207899380240068e+00	-8.098203199999999269e-01	1.143199394856278639e+00
2.679669917479370334e+00	3.816367081584654652e+00	-8.939984399999999498e-01	9.800309631870904870e-01
2.680670167541885807e+00	3.824841999833493489e+00	-9.198994000000000337e-01	1.077932022188603289e+00
2.681670417604401280e+00	3.832216269504533201e+00	-8.486717599999999972e-01	8.821299041855775735e-01
2.682670667666917197e+00	3.839956689598598150e+00	-7.515431599999999879e-01	9.473972768532528121e-01
2.683670917729432670e+00	3.847605835748451497e+00	-7.126917200000000285e-01	8.821299041855775735e-01
2.684671167791948143e+00	3.852905987885860917e+00	-5.767116799999999488e-01	7.842288451840646601e-01
2.685671417854464060e+00	3.856509010546865124e+00	-5.378602399999999895e-01	5.884267271810389444e-01
2.686671667916979533e+00	3.860458159981583925e+00	-3.889297199999999788e-01	5.557930408472013806e-01
2.687671917979495007e+00	3.864645095060507352e+00	-3.306525599999999843e-01	3.926246091780131731e-01
2.688672168042010924e+00	3.867431552649842619e+00	-6.890560000000003904e-03	3.273572365103378790e-01
2.689672418104526397e+00	3.867143004130876527e+00	5.786183999999999772e-02	1.020373171961676869e-03
2.690672668167041870e+00	3.863202217757545576e+00	1.938418799999999942e-01	-9.688068582955121355e-02
2.691672918229557787e+00	3.856564796643067616e+00	5.370296000000001069e-01	-4.232175491679274204e-01
2.692673168292073260e+00	3.848986972678135388e+00	6.794848799999999578e-01	-6.190196671709531362e-01
2.693673418354588733e+00	3.841427788381385433e+00	1.113325960000000059e+00	-1.075891275844679917e+00
2.694673668417104651e+00	3.833126993883278821e+00	1.598968959999999884e+00	-1.304327080181543197e+00
2.695673918479620124e+00	3.823229218967875376e+00	2.110512920000000125e+00	-1.761198688855269978e+00
2.696674168542135597e+00	3.812867020101974536e+00	1.877404279999999925e+00	-1.467495511850731349e+00
2.697674418604651514e+00	3.804540865202848732e+00	2.045760519999999971e+00	-2.152802924861321632e+00
2.698674668667166987e+00	3.798906508778184588e+00	1.890354760000000134e+00	-1.663297629853757176e+00
2.699674918729682904e+00	3.793525489558485564e+00	2.039285280000000089e+00	-1.989634493192133702e+00
2.700675168792198377e+00	3.785839790320433718e+00	1.987483359999999921e+00	-1.859099747856782781e+00
2.701675418854713850e+00	3.776270734745552637e+00	1.974532879999999935e+00	-1.924367120524458352e+00
2.702675668917229768e+00	3.768638051077757734e+00	1.560117519999999924e+00	-1.369594452849218325e+00
2.703675918979745241e+00	3.766197680216885946e+00	1.119801199999999941e+00	-1.206426021180030395e+00
2.704676169042260714e+00	3.766989089379895628e+00	7.895639599999999536e-01	-5.537522945032778976e-01
2.705676419104776631e+00	3.767782418083648999e+00	1.938418799999999942e-01	-3.253164901664145625e-01
2.706676669167292104e+00	3.769830291343515327e+00	-1.299201200000000000e-01	1.020373171961676869e-03
2.707676919229807577e+00	3.775037888850695911e+00	-4.925335599999999814e-01	4.905256681795260310e-01
2.708677169292323494e+00	3.782031770445367425e+00	-6.155631200000000192e-01	6.210604135148766192e-01
2.709677419354838968e+00	3.789301561902422844e+00	-6.932660000000000489e-01	8.494962178517398987e-01
2.710677669417354441e+00	3.797144435726459655e+00	-7.644936400000000853e-01	8.168625315179022239e-01
2.711677919479870358e+00	3.806026614137983710e+00	-9.134241599999999295e-01	1.045298335854765615e+00
2.712678169542385831e+00	3.815538502269208987e+00	-9.263746400000000270e-01	9.473972768532528121e-01
2.713678419604901304e+00	3.824393141022222053e+00	-8.745727199999999701e-01	1.077932022188603289e+00
2.714678669667417221e+00	3.831405505379651633e+00	-8.551469999999999905e-01	1.012664649520927940e+00
2.715678919729932694e+00	3.837140284269521917e+00	-8.486717599999999972e-01	9.800309631870904870e-01
2.716679169792448612e+00	3.843262734654746993e+00	-7.644936400000000853e-01	8.494962178517398987e-01
2.717679419854964085e+00	3.850180748354712357e+00	-6.997412400000000421e-01	7.842288451840646601e-01
2.718679669917479558e+00	3.856615007478132018e+00	-5.378602399999999895e-01	7.189614725163894215e-01
2.719679919979995475e+00	3.861226183040410653e+00	-4.860583200000000437e-01	4.578919818456884672e-01
2.720680170042510948e+00	3.864170437417257631e+00	-2.918011200000000249e-01	4.578919818456884672e-01
2.721680420105026421e+00	3.866385009257900851e+00	-1.363953600000000210e-01	3.599909228441755538e-01
2.722680670167542338e+00	3.867375886769500504e+00	-1.336580000000000407e-02	9.892143217347457163e-02
2.723680920230057811e+00	3.865368033330894626e+00	1.420399599999999929e-01	1.020373171961676869e-03
2.724681170292573285e+00	3.859823935603927225e+00	5.370296000000001069e-01	-3.579501765002521818e-01
2.725681420355089202e+00	3.852093020367651111e+00	6.859601199999999510e-01	-5.537522945032778976e-01
2.726681670417604675e+00	3.843385313154217720e+00	1.074474520000000100e+00	-8.800891578416540906e-01
2.727681920480120148e+00	3.834070133349453791e+00	1.514790839999999861e+00	-1.271693393847705744e+00
2.728682170542636065e+00	3.824952039967425055e+00	1.683147080000000129e+00	-1.598030257186082048e+00
2.729682420605151538e+00	3.816647467063460919e+00	1.857978559999999835e+00	-1.663297629853757176e+00
2.730682670667667011e+00	3.808973523030116937e+00	2.006909079999999790e+00	-1.859099747856782781e+00
2.731682920730182929e+00	3.802044061298934352e+00	1.948631919999999962e+00	-1.859099747856782781e+00
2.732683170792698402e+00	3.795315517070647626e+00	2.000433839999999908e+00	-1.826466061522945328e+00
2.733683420855213875e+00	3.787488335700676778e+00	2.000433839999999908e+00	-1.989634493192133702e+00
2.734683670917729792e+00	3.778661375872580219e+00	2.013384319999999672e+00	-1.793832375189107875e+00
2.735683920980245265e+00	3.770663624013208981e+00	1.734948999999999852e+00	-1.467495511850731349e+00
2.736684171042761182e+00	3.765954559110087807e+00	1.378810799999999892e+00	-1.369594452849218325e+00
2.737684421105276655e+00	3.765732437834998780e+00	9.061182800000000537e-01	-7.169207261724660496e-01
2.738684671167792128e+00	3.768523214457147663e+00	3.816238400000000475e-01	-2.926828038325769432e-01
2.739684921230308046e+00	3.771999205957968559e+00	-5.869248000000000520e-02	1.020373171961676869e-03
2.740685171292823519e+00	3.775854364295724519e+00	-3.436030400000000262e-01	3.273572365103378790e-01
2.741685421355338992e+00	3.781147554891854057e+00	-5.767116799999999488e-01	5.557930408472013806e-01
2.742685671417854909e+00	3.787843690008104058e+00	-6.414640799999999921e-01	7.515951588502269853e-01
2.743685921480370382e+00	3.795262681853871722e+00	-7.385926799999998904e-01	9.147635905194151373e-01
2.744686171542885855e+00	3.803084749470559522e+00	-9.781765600000000838e-01	9.800309631870904870e-01
2.745686421605401772e+00	3.810986132460853160e+00	-9.328498800000000202e-01	1.012664649520927940e+00
2.746686671667917246e+00	3.819247893454852605e+00	-1.029978480000000030e+00	1.077932022188603289e+00
2.747686921730432719e+00	3.827983616337443440e+00	-8.875231999999999566e-01	9.800309631870904870e-01
2.748687171792948636e+00	3.835826706286620258e+00	-8.292460400000000176e-01	1.012664649520927940e+00
2.749687421855464109e+00	3.842419420390382534e+00	-7.839193599999999540e-01	8.494962178517398987e-01
2.750687671917979582e+00	3.848989421511699760e+00	-6.414640799999999921e-01	8.494962178517398987e-01
2.751687921980495499e+00	3.855060516948084715e+00	-5.508107199999999759e-01	5.557930408472013806e-01
2.752688172043010972e+00	3.859651456922944313e+00	-4.277811600000000491e-01	6.536940998487140719e-01
2.753688422105526890e+00	3.863468074273593622e+00	-3.371277999999999775e-01	3.926246091780131731e-01
2.754688672168042363e+00	3.866152072217398761e+00	-2.788506400000000385e-01	4.252582955118507924e-01
2.755688922230557836e+00	3.866453712722572433e+00	6.433707999999999094e-02	1.641888048411497825e-01
2.756689172293073753e+00	3.864994959971884914e+00	3.843611999999999723e-02	6.628774583963688294e-02
2.757689422355589226e+00	3.861877565879808571e+00	3.492476399999999703e-01	-2.600491174987393794e-01
2.758689672418104699e+00	3.855400752992075297e+00	5.435048399999999891e-01	-3.579501765002521818e-01
2.759689922480620616e+00	3.846203747853651489e+00	9.384944800000000198e-01	-8.148217851739789630e-01
2.760690172543136089e+00	3.837178407568410332e+00	1.255781239999999910e+00	-1.075891275844679917e+00
2.761690422605651563e+00	3.828569398101427268e+00	1.799701400000000007e+00	-1.402228139183055999e+00
2.762690672668167480e+00	3.818944396591528623e+00	1.702572799999999775e+00	-1.859099747856782781e+00
2.763690922730682953e+00	3.809541602422770179e+00	1.916255719999999885e+00	-1.598030257186082048e+00
2.764691172793198426e+00	3.802717673938841525e+00	2.006909079999999790e+00	-2.087535552193646726e+00
2.765691422855714343e+00	3.797489592309294615e+00	1.922730959999999989e+00	-1.532762884518406477e+00
2.766691672918229816e+00	3.790349640061737357e+00	2.019859559999999998e+00	-2.087535552193646726e+00
2.767691922980745289e+00	3.780939598215578901e+00	1.974532879999999935e+00	-1.663297629853757176e+00
2.768692173043261207e+00	3.772894715523818832e+00	1.598968959999999884e+00	-1.924367120524458352e+00
2.769692423105776680e+00	3.768510969270591371e+00	1.475939400000000123e+00	-1.239059707513868069e+00
2.770692673168292153e+00	3.767048048437547703e+00	8.348906400000000172e-01	-1.010623903177004790e+00
2.771692923230808070e+00	3.767633639748529273e+00	4.334257600000001043e-01	-3.905838628340898566e-01
2.772693173293323543e+00	3.770238005130765124e+00	1.226142399999999993e-01	-1.621480584972264660e-01
2.773693423355839460e+00	3.774453625237579324e+00	-3.047516000000000114e-01	2.947235501765002597e-01
2.774693673418354933e+00	3.779526528664221896e+00	-5.119592800000000166e-01	4.905256681795260310e-01
2.775693923480870406e+00	3.785428723047409960e+00	-6.673650399999999649e-01	7.515951588502269853e-01
2.776694173543386324e+00	3.792531997739079674e+00	-7.450679199999999947e-01	8.494962178517398987e-01
2.777694423605901797e+00	3.800575470835723557e+00	-9.069489200000000473e-01	9.800309631870904870e-01
2.778694673668417270e+00	3.808918733060353112e+00	-8.098203199999999269e-01	1.045298335854765615e+00
2.779694923730933187e+00	3.817482357337551591e+00	-9.004736800000000541e-01	1.012664649520927940e+00
2.780695173793448660e+00	3.826391588257839427e+00	-9.134241599999999295e-01	1.077932022188603289e+00
2.781695423855964133e+00	3.834711159317472529e+00	-8.680974800000000879e-01	9.800309631870904870e-01
2.782695673918480050e+00	3.841493656820460068e+00	-7.515431599999999879e-01	9.147635905194151373e-01
2.783695923980995524e+00	3.847411974285449343e+00	-7.062164799999999243e-01	9.800309631870904870e-01
2.784696174043510997e+00	3.853007216718657091e+00	-5.702364399999999556e-01	7.515951588502269853e-01
2.785696424106026914e+00	3.857686355801546618e+00	-5.313849999999999962e-01	6.536940998487140719e-01
2.786696674168542387e+00	3.861659241482426452e+00	-3.824544800000000411e-01	5.884267271810389444e-01
2.787696924231057860e+00	3.865302083864251781e+00	-3.241773200000000466e-01	3.273572365103378790e-01
2.788697174293573777e+00	3.867651033680819861e+00	-6.890560000000003904e-03	2.620898638426626404e-01
2.789697424356089250e+00	3.867878214062816955e+00	3.196087999999999707e-02	1.020373171961676869e-03
2.790697674418604723e+00	3.865702382650058500e+00	1.808914000000000077e-01	-6.424699949571360813e-02
2.791697924481120641e+00	3.860696457976251939e+00	4.981781600000000365e-01	-4.232175491679274204e-01
2.792698174543636114e+00	3.853002677179092839e+00	6.730096400000000756e-01	-6.190196671709531362e-01
2.793698424606152031e+00	3.843502339636042375e+00	1.106850720000000177e+00	-1.043257589510842243e+00
2.794698674668667504e+00	3.833295975740858452e+00	1.579543240000000015e+00	-1.239059707513868069e+00
2.795698924731182977e+00	3.823377358704151074e+00	2.097562439999999917e+00	-1.728565002521432525e+00
2.796699174793698894e+00	3.814528267894502722e+00	1.838552839999999744e+00	-1.467495511850731349e+00
2.797699424856214367e+00	3.807431963539630537e+00	2.026334799999999881e+00	-2.054901865859808829e+00
2.798699674918729841e+00	3.801315371613489980e+00	1.877404279999999925e+00	-1.728565002521432525e+00
2.799699924981245758e+00	3.793594223828788969e+00	2.019859559999999998e+00	-1.989634493192133702e+00
2.800700175043761231e+00	3.783943407823861182e+00	1.968057640000000053e+00	-1.859099747856782781e+00
2.801700425106276704e+00	3.775476297076558296e+00	1.948631919999999962e+00	-1.891733434190620455e+00
2.802700675168792621e+00	3.770080284353059419e+00	1.547167039999999716e+00	-1.304327080181543197e+00
2.803700925231308094e+00	3.767550150241066209e+00	1.087425000000000086e+00	-1.173792334846192720e+00
2.804701175293823567e+00	3.767759271093489293e+00	7.895639599999999536e-01	-5.537522945032778976e-01
2.805701425356339485e+00	3.769661945336133968e+00	1.549904400000000071e-01	-2.274154311649017046e-01
2.806701675418854958e+00	3.772130522085349824e+00	-1.299201200000000000e-01	6.628774583963688294e-02
2.807701925481370431e+00	3.776626297619396944e+00	-4.925335599999999814e-01	4.578919818456884672e-01
2.808702175543886348e+00	3.784187312878168452e+00	-6.285136000000000056e-01	5.557930408472013806e-01
2.809702425606401821e+00	3.792109624345518348e+00	-6.997412400000000421e-01	9.800309631870904870e-01
2.810702675668917738e+00	3.798638058985222443e+00	-7.839193599999999540e-01	8.494962178517398987e-01
2.811702925731433211e+00	3.805989650167845628e+00	-9.263746400000000270e-01	1.143199394856278639e+00
2.812703175793948684e+00	3.815293840872140407e+00	-9.393251199999999024e-01	8.821299041855775735e-01
2.813703425856464602e+00	3.824315928689564270e+00	-8.810479599999999634e-01	1.110565708522440964e+00
2.814703675918980075e+00	3.831379850503305207e+00	-8.680974800000000879e-01	8.494962178517398987e-01
2.815703925981495548e+00	3.837640522235609364e+00	-8.551469999999999905e-01	9.147635905194151373e-01
2.816704176044011465e+00	3.844497680739767720e+00	-7.709688800000000786e-01	9.147635905194151373e-01
2.817704426106526938e+00	3.851438310040198765e+00	-6.997412400000000421e-01	7.515951588502269853e-01
2.818704676169042411e+00	3.857594540143055362e+00	-5.572859600000000802e-01	7.515951588502269853e-01
2.819704926231558328e+00	3.862380484689976523e+00	-4.860583200000000437e-01	6.210604135148766192e-01
2.820705176294073802e+00	3.865421849641395013e+00	-3.241773200000000466e-01	4.905256681795260310e-01
2.821705426356589275e+00	3.867401547403589213e+00	-1.622963199999999939e-01	3.926246091780131731e-01
2.822705676419105192e+00	3.868087790488323297e+00	-3.279152000000000455e-02	1.968224911749873740e-01
2.823705926481620665e+00	3.865641701676025832e+00	1.290894800000000064e-01	-1.295143721633888190e-01
2.824706176544136138e+00	3.860155589075940252e+00	5.240791200000000094e-01	-2.600491174987393794e-01
2.825706426606652055e+00	3.853616249300517271e+00	6.600591600000000891e-01	-6.516533535047908110e-01
2.826706676669167528e+00	3.846537976612404819e+00	1.055048800000000009e+00	-7.821880988401412882e-01
2.827706926731683001e+00	3.838038778285044028e+00	1.475939400000000123e+00	-1.173792334846192720e+00
2.828707176794198919e+00	3.828286002352772499e+00	1.650770879999999829e+00	-1.532762884518406477e+00
2.829707426856714392e+00	3.818912097702761521e+00	1.838552839999999744e+00	-1.565396570852244151e+00
2.830707676919230309e+00	3.810907748155948571e+00	1.987483359999999921e+00	-1.826466061522945328e+00
2.831707926981745782e+00	3.803723807414548741e+00	1.922730959999999989e+00	-1.826466061522945328e+00
2.832708177044261255e+00	3.796266957097838457e+00	1.968057640000000053e+00	-1.761198688855269978e+00
2.833708427106777172e+00	3.787690559815738212e+00	1.961582399999999726e+00	-1.957000806858295805e+00
2.834708677169292645e+00	3.778545709452431289e+00	1.974532879999999935e+00	-1.728565002521432525e+00
2.835708927231808119e+00	3.771115954926706149e+00	1.689622319999999789e+00	-1.467495511850731349e+00
2.836709177294324036e+00	3.767369828463529302e+00	1.359385079999999801e+00	-1.304327080181543197e+00
2.837709427356839509e+00	3.766998005388304538e+00	8.996430400000000605e-01	-6.516533535047908110e-01
2.838709677419354982e+00	3.768510819055347572e+00	3.816238400000000475e-01	-2.600491174987393794e-01
2.839709927481870899e+00	3.771480668593459651e+00	-8.459344000000000585e-02	1.020373171961676869e-03
2.840710177544386372e+00	3.776186178212819211e+00	-3.436030400000000262e-01	3.273572365103378790e-01
2.841710427606901845e+00	3.782156856095729491e+00	-5.961373999999999285e-01	5.557930408472013806e-01
2.842710677669417763e+00	3.788374268196942118e+00	-6.544145599999999785e-01	7.515951588502269853e-01
2.843710927731933236e+00	3.794743544574344707e+00	-7.450679199999999947e-01	9.147635905194151373e-01
2.844711177794448709e+00	3.802078532710043923e+00	-9.976022799999999524e-01	1.012664649520927940e+00
2.845711427856964626e+00	3.810582588644526592e+00	-9.458003599999998956e-01	1.012664649520927940e+00
2.846711677919480099e+00	3.819736483249889680e+00	-1.042928960000000016e+00	1.045298335854765615e+00
2.847711927981996016e+00	3.828414950225325963e+00	-8.939984399999999498e-01	1.077932022188603289e+00
2.848712178044511489e+00	3.835574095136655703e+00	-8.421965199999998930e-01	1.045298335854765615e+00
2.849712428107026962e+00	3.841907671739157148e+00	-7.903945999999999472e-01	8.494962178517398987e-01
2.850712678169542880e+00	3.848343787756711265e+00	-6.414640799999999921e-01	8.494962178517398987e-01
2.851712928232058353e+00	3.854354253248077899e+00	-5.572859600000000802e-01	6.536940998487140719e-01
2.852713178294573826e+00	3.859596093453492305e+00	-4.407316399999999801e-01	7.189614725163894215e-01
2.853713428357089743e+00	3.864035627975509257e+00	-3.436030400000000262e-01	4.578919818456884672e-01
2.854713678419605216e+00	3.867129886789101523e+00	-2.918011200000000249e-01	4.252582955118507924e-01
2.855713928482120689e+00	3.868772786790301677e+00	4.491135999999999739e-02	2.294561775088249655e-01
2.856714178544636606e+00	3.868383345739695667e+00	6.059919999999996421e-03	6.628774583963688294e-02
2.857714428607152080e+00	3.864122676368915599e+00	3.427723999999999771e-01	-1.947817448310640853e-01
2.858714678669667553e+00	3.855837864990133035e+00	5.111286400000001340e-01	-4.232175491679274204e-01
2.859714928732183470e+00	3.846304764018810829e+00	9.384944800000000198e-01	-7.821880988401412882e-01
2.860715178794698943e+00	3.837858193251214800e+00	1.236355520000000041e+00	-1.010623903177004790e+00
2.861715428857214416e+00	3.829899967770717506e+00	1.754374719999999943e+00	-1.402228139183055999e+00
2.862715678919730333e+00	3.821119413935604392e+00	1.715523279999999984e+00	-1.761198688855269978e+00
2.863715928982245806e+00	3.812329788830177257e+00	1.896830000000000016e+00	-1.532762884518406477e+00
2.864716179044761279e+00	3.804878537359114077e+00	1.993958600000000025e+00	-1.989634493192133702e+00
2.865716429107277197e+00	3.797829723652705436e+00	1.890354760000000134e+00	-1.663297629853757176e+00
2.866716679169792670e+00	3.789427484503818722e+00	1.987483359999999921e+00	-1.989634493192133702e+00
2.867716929232308587e+00	3.780292400897058425e+00	1.948631919999999962e+00	-1.793832375189107875e+00
2.868717179294824060e+00	3.772921363731583266e+00	1.586018479999999897e+00	-1.957000806858295805e+00
2.869717429357339533e+00	3.768708600118820140e+00	1.469464160000000019e+00	-1.304327080181543197e+00
2.870717679419855450e+00	3.766973959319009690e+00	8.089896800000000443e-01	-1.043257589510842243e+00
2.871717929482370923e+00	3.767095051977678466e+00	4.204752800000000068e-01	-3.905838628340898566e-01
2.872718179544886397e+00	3.769819536204360055e+00	1.355647199999999997e-01	-9.688068582955121355e-02
2.873718429607402314e+00	3.774978454724847943e+00	-3.241773200000000466e-01	2.294561775088249655e-01
2.874718679669917787e+00	3.780438720481446691e+00	-4.990087999999999191e-01	5.884267271810389444e-01
2.875718929732433260e+00	3.785327400184260505e+00	-6.867907599999999446e-01	7.515951588502269853e-01
2.876719179794949177e+00	3.791659092911485285e+00	-7.580183999999999811e-01	7.842288451840646601e-01
2.877719429857464650e+00	3.800658578527353004e+00	-8.875231999999999566e-01	9.800309631870904870e-01
2.878719679919980123e+00	3.809898548489216719e+00	-8.098203199999999269e-01	1.077932022188603289e+00
2.879719929982496041e+00	3.817085034050922143e+00	-8.875231999999999566e-01	1.143199394856278639e+00
2.880720180045011514e+00	3.823894666801860076e+00	-9.263746400000000270e-01	1.045298335854765615e+00
2.881720430107526987e+00	3.831993858766401306e+00	-8.680974800000000879e-01	9.800309631870904870e-01
2.882720680170042904e+00	3.839604616959944039e+00	-7.321174399999998972e-01	9.147635905194151373e-01
2.883720930232558377e+00	3.845713281421370588e+00	-7.191669600000000218e-01	9.473972768532528121e-01
2.884721180295073850e+00	3.851783979600073238e+00	-5.767116799999999488e-01	7.189614725163894215e-01
2.885721430357589767e+00	3.858050482089039335e+00	-5.508107199999999759e-01	6.210604135148766192e-01
2.886721680420105240e+00	3.863360505185614358e+00	-3.954049599999999165e-01	5.557930408472013806e-01
2.887721930482621158e+00	3.867325085292976805e+00	-3.436030400000000262e-01	4.252582955118507924e-01
2.888722180545136631e+00	3.869539309168589902e+00	-1.336580000000000407e-02	3.273572365103378790e-01
2.889722430607652104e+00	3.868757766080896943e+00	3.196087999999999707e-02	-3.161331316187596802e-02
2.890722680670168021e+00	3.864380442038435781e+00	1.744161599999999868e-01	3.365405950579927752e-02
2.891722930732683494e+00	3.857577921588400738e+00	4.981781600000000365e-01	-4.232175491679274204e-01
2.892723180795198967e+00	3.849846135632494892e+00	6.665344000000000824e-01	-5.537522945032778976e-01
2.893723430857714884e+00	3.841261475628198419e+00	1.087425000000000086e+00	-1.075891275844679917e+00
2.894723680920230358e+00	3.831811924455454488e+00	1.566592759999999807e+00	-1.173792334846192720e+00
2.895723930982745831e+00	3.823213970541667894e+00	2.065186240000000062e+00	-1.695931316187594851e+00
2.896724181045261748e+00	3.816552851995085760e+00	1.812651879999999993e+00	-1.467495511850731349e+00
2.897724431107777221e+00	3.809816801092503091e+00	2.006909079999999790e+00	-2.120169238527484179e+00
2.898724681170292694e+00	3.801524538883709337e+00	1.845028079999999848e+00	-1.630663943519919501e+00
2.899724931232808611e+00	3.792830273551957454e+00	1.993958600000000025e+00	-1.957000806858295805e+00
2.900725181295324084e+00	3.784009241821443048e+00	1.942156679999999858e+00	-1.859099747856782781e+00
2.901725431357839557e+00	3.775166094895066049e+00	1.909780479999999780e+00	-1.891733434190620455e+00
2.902725681420355475e+00	3.768639757667474832e+00	1.501840359999999874e+00	-1.239059707513868069e+00
2.903725931482870948e+00	3.765993536457503676e+00	1.093900239999999968e+00	-1.239059707513868069e+00
2.904726181545386865e+00	3.766300332050971367e+00	7.636630000000000917e-01	-4.884849218356027145e-01
2.905726431607902338e+00	3.768439209630686904e+00	1.420399599999999929e-01	-2.600491174987393794e-01
2.906726681670417811e+00	3.772288417867605048e+00	-1.428706000000000143e-01	9.892143217347457163e-02
2.907726931732933728e+00	3.777992126766809289e+00	-5.249097599999998920e-01	5.231593545133637058e-01
2.908727181795449201e+00	3.784698877227154590e+00	-6.349888400000001099e-01	6.536940998487140719e-01
2.909727431857964675e+00	3.790991873175582949e+00	-7.191669600000000218e-01	8.168625315179022239e-01
2.910727681920480592e+00	3.797083487968789584e+00	-7.968698400000000515e-01	8.494962178517398987e-01
2.911727931982996065e+00	3.804639484601084920e+00	-9.328498800000000202e-01	1.077932022188603289e+00
2.912728182045511538e+00	3.814073437463312288e+00	-9.328498800000000202e-01	8.168625315179022239e-01
2.913728432108027455e+00	3.823498408101623003e+00	-8.810479599999999634e-01	1.175833081190116092e+00
2.914728682170542928e+00	3.831056932244132796e+00	-8.680974800000000879e-01	9.147635905194151373e-01
2.915728932233058401e+00	3.837204967891048479e+00	-8.551469999999999905e-01	1.045298335854765615e+00
2.916729182295574319e+00	3.843473816554275224e+00	-7.774441199999999608e-01	9.473972768532528121e-01
2.917729432358089792e+00	3.849851024116281550e+00	-7.062164799999999243e-01	8.821299041855775735e-01
2.918729682420605265e+00	3.855697089216481022e+00	-5.508107199999999759e-01	5.557930408472013806e-01
2.919729932483121182e+00	3.861467133989731515e+00	-4.860583200000000437e-01	6.863277861825517467e-01
2.920730182545636655e+00	3.866121443368154331e+00	-3.177020799999999978e-01	3.926246091780131731e-01
2.921730432608152128e+00	3.867778094090016605e+00	-1.752468000000000081e-01	3.926246091780131731e-01
2.922730682670668045e+00	3.867460389914081365e+00	-3.926676000000000472e-02	9.892143217347457163e-02
2.923730932733183518e+00	3.865968483117448784e+00	1.355647199999999997e-01	-6.424699949571360813e-02
2.924731182795699436e+00	3.861547687934894668e+00	4.852276800000000501e-01	-2.600491174987393794e-01
2.925731432858214909e+00	3.853788080255167170e+00	6.665344000000000824e-01	-4.884849218356027145e-01
2.926731682920730382e+00	3.844667272042014527e+00	1.022672600000000154e+00	-8.148217851739789630e-01
2.927731932983246299e+00	3.835844655685851645e+00	1.456513680000000033e+00	-1.239059707513868069e+00
2.928732183045761772e+00	3.827245510327853761e+00	1.644295639999999947e+00	-1.532762884518406477e+00
2.929732433108277245e+00	3.818523315465349732e+00	1.793226159999999902e+00	-1.728565002521432525e+00
2.930732683170793162e+00	3.810657850577147343e+00	1.961582399999999726e+00	-1.695931316187594851e+00
2.931732933233308636e+00	3.804068846288866101e+00	1.903305239999999898e+00	-1.924367120524458352e+00
2.932733183295824109e+00	3.797134123735823596e+00	1.961582399999999726e+00	-1.695931316187594851e+00
2.933733433358340026e+00	3.788518175096858176e+00	1.948631919999999962e+00	-1.924367120524458352e+00
2.934733683420855499e+00	3.779447095212419061e+00	1.961582399999999726e+00	-1.728565002521432525e+00
2.935733933483370972e+00	3.772496067804630648e+00	1.657246119999999934e+00	-1.467495511850731349e+00
2.936734183545886889e+00	3.768621546134446554e+00	1.327008879999999946e+00	-1.304327080181543197e+00
2.937734433608402362e+00	3.767089622568205787e+00	8.737420800000000876e-01	-7.169207261724660496e-01
2.938734683670917835e+00	3.767626326138689308e+00	3.492476399999999703e-01	-3.253164901664145625e-01
2.939734933733433753e+00	3.770387208066001250e+00	-1.040191599999999994e-01	3.365405950579927752e-02
2.940735183795949226e+00	3.775223285462633527e+00	-3.630287599999999504e-01	4.578919818456884672e-01
2.941735433858465143e+00	3.781935158641623218e+00	-6.155631200000000192e-01	5.884267271810389444e-01
2.942735683920980616e+00	3.789181629605627322e+00	-6.414640799999999921e-01	7.842288451840646601e-01
2.943735933983496089e+00	3.795494478966704666e+00	-7.580183999999999811e-01	8.494962178517398987e-01
2.944736184046012006e+00	3.802379034157469917e+00	-1.004077520000000057e+00	9.800309631870904870e-01
2.945736434108527479e+00	3.811316812323688907e+00	-9.458003599999998956e-01	1.045298335854765615e+00
2.946736684171042953e+00	3.820471534876123787e+00	-1.049404199999999898e+00	1.045298335854765615e+00
2.947736934233558870e+00	3.828276806337206573e+00	-8.875231999999999566e-01	1.077932022188603289e+00
2.948737184296074343e+00	3.835045061081174378e+00	-8.551469999999999905e-01	1.208466767523953767e+00
2.949737434358589816e+00	3.841165955958838918e+00	-7.968698400000000515e-01	8.494962178517398987e-01
2.950737684421105733e+00	3.847437518743885843e+00	-6.349888400000001099e-01	8.494962178517398987e-01
2.951737934483621206e+00	3.854760914668756477e+00	-5.508107199999999759e-01	7.189614725163894215e-01
2.952738184546136679e+00	3.862217319866450005e+00	-4.407316399999999801e-01	5.884267271810389444e-01
2.953738434608652597e+00	3.867355507810974480e+00	-3.630287599999999504e-01	4.905256681795260310e-01
2.954738684671168070e+00	3.869035905921577978e+00	-3.047516000000000114e-01	3.599909228441755538e-01
2.955738934733683543e+00	3.868519376673711374e+00	4.491135999999999739e-02	2.947235501765002597e-01
2.956739184796199460e+00	3.866871335979928048e+00	-4.153200000000037417e-04	6.628774583963688294e-02
2.957739434858714933e+00	3.863159612662863118e+00	3.103962000000000110e-01	-1.621480584972264660e-01
2.958739684921230406e+00	3.856313060977299312e+00	4.917029200000000433e-01	-4.558512355017650397e-01
2.959739934983746323e+00	3.847318423792495778e+00	9.384944800000000198e-01	-7.169207261724660496e-01
2.960740185046261796e+00	3.838191737947722171e+00	1.203979319999999964e+00	-1.108524962178517592e+00
2.961740435108777714e+00	3.829799205413879193e+00	1.754374719999999943e+00	-1.369594452849218325e+00
2.962740685171293187e+00	3.821988371488875824e+00	1.676671840000000024e+00	-1.826466061522945328e+00
2.963740935233808660e+00	3.814429769487137634e+00	1.864453799999999939e+00	-1.369594452849218325e+00
2.964741185296324577e+00	3.806858446211810243e+00	1.968057640000000053e+00	-2.054901865859808829e+00
2.965741435358840050e+00	3.799548644375573048e+00	1.864453799999999939e+00	-1.598030257186082048e+00
2.966741685421355523e+00	3.792569827001897931e+00	1.968057640000000053e+00	-1.989634493192133702e+00
2.967741935483871440e+00	3.784606004500291832e+00	1.916255719999999885e+00	-1.695931316187594851e+00
2.968742185546386914e+00	3.775505351926769393e+00	1.547167039999999716e+00	-1.891733434190620455e+00
2.969742435608902387e+00	3.768707786962263384e+00	1.437087959999999942e+00	-1.239059707513868069e+00
2.970742685671418304e+00	3.766727507106955031e+00	7.895639599999999536e-01	-9.127228441754917654e-01
2.971742935733933777e+00	3.767804459893006275e+00	4.010495599999999716e-01	-4.232175491679274204e-01
2.972743185796449250e+00	3.770386972141240189e+00	1.096637599999999990e-01	-1.295143721633888190e-01
2.973743435858965167e+00	3.774904597538785822e+00	-3.177020799999999978e-01	2.294561775088249655e-01
2.974743685921480640e+00	3.780625978791701147e+00	-5.184345200000000098e-01	5.231593545133637058e-01
2.975743935983996113e+00	3.786733846245042834e+00	-6.867907599999999446e-01	6.210604135148766192e-01
2.976744186046512031e+00	3.794149884262426831e+00	-7.709688800000000786e-01	8.821299041855775735e-01
2.977744436109027504e+00	3.802330024507160733e+00	-9.069489200000000473e-01	1.077932022188603289e+00
2.978744686171542977e+00	3.808984584381103655e+00	-8.162955600000000311e-01	1.077932022188603289e+00
2.979744936234058894e+00	3.814849821839862987e+00	-9.069489200000000473e-01	1.045298335854765615e+00
2.980745186296574367e+00	3.822705882950246270e+00	-9.458003599999998956e-01	1.012664649520927940e+00
2.981745436359090284e+00	3.832024710034768411e+00	-8.810479599999999634e-01	1.077932022188603289e+00
2.982745686421605757e+00	3.840124085308905588e+00	-7.580183999999999811e-01	8.168625315179022239e-01
2.983745936484121231e+00	3.846927030592352192e+00	-7.256422000000000150e-01	9.473972768532528121e-01
2.984746186546637148e+00	3.854037730507267945e+00	-5.831869200000000530e-01	7.189614725163894215e-01
2.985746436609152621e+00	3.860773400953221746e+00	-5.508107199999999759e-01	7.189614725163894215e-01
2.986746686671668094e+00	3.865209284561008651e+00	-3.954049599999999165e-01	5.557930408472013806e-01
2.987746936734184011e+00	3.867337286964175114e+00	-3.695039999999999436e-01	3.926246091780131731e-01
2.988747186796699484e+00	3.867901858027205098e+00	-2.631628000000000439e-02	3.599909228441755538e-01
2.989747436859214957e+00	3.866797992619390723e+00	1.253515999999999658e-02	3.365405950579927752e-02
2.990747686921730875e+00	3.863992815212645482e+00	1.549904400000000071e-01	-2.600491174987393794e-01
2.991747936984246348e+00	3.859288095527793505e+00	4.787524399999999458e-01	-3.905838628340898566e-01
2.992748187046761821e+00	3.852136636868877417e+00	6.406334400000001095e-01	-5.863859808371156834e-01
2.993748437109277738e+00	3.842996470611780513e+00	1.087425000000000086e+00	-9.779902168431670040e-01
2.994748687171793211e+00	3.833510941600604571e+00	1.540691800000000056e+00	-1.173792334846192720e+00
2.995748937234308684e+00	3.825311869008570564e+00	2.032810039999999763e+00	-1.630663943519919501e+00
2.996749187296824601e+00	3.818286290195588517e+00	1.786750920000000020e+00	-1.336960766515380872e+00
2.997749437359340074e+00	3.810548813045162575e+00	1.968057640000000053e+00	-1.989634493192133702e+00
2.998749687421855992e+00	3.801970223983590191e+00	1.819127120000000097e+00	-1.565396570852244151e+00
2.999749937484371465e+00	3.794703857667797831e+00	1.955107160000000066e+00	-2.022268179525970933e+00
3.000750187546886938e+00	3.787965247320353779e+00	1.909780479999999780e+00	-1.695931316187594851e+00
3.001750437609402855e+00	3.779083331414895941e+00	1.903305239999999898e+00	-1.891733434190620455e+00
3.002750687671918328e+00	3.770385057900103476e+00	1.495365119999999770e+00	-1.271693393847705744e+00
3.003750937734433801e+00	3.766543551548653390e+00	1.067999279999999995e+00	-1.206426021180030395e+00
3.004751187796949718e+00	3.767763278323821297e+00	7.507125199999999943e-01	-4.558512355017650397e-01
3.005751437859465192e+00	3.771258147722401421e+00	1.420399599999999929e-01	-1.947817448310640853e-01
3.006751687921980665e+00	3.775147126875795678e+00	-1.687715600000000149e-01	1.641888048411497825e-01
3.007751937984496582e+00	3.778928302582515997e+00	-5.184345200000000098e-01	3.599909228441755538e-01
3.008752188047012055e+00	3.783647140932434372e+00	-6.414640799999999921e-01	6.536940998487140719e-01
3.009752438109527528e+00	3.790919434488327244e+00	-7.321174399999998972e-01	8.821299041855775735e-01
3.010752688172043445e+00	3.799698841299053331e+00	-8.162955600000000311e-01	9.147635905194151373e-01
3.011752938234558918e+00	3.807483362628396595e+00	-9.458003599999998956e-01	1.045298335854765615e+00
3.012753188297074391e+00	3.814487451514112060e+00	-9.522755999999999998e-01	8.821299041855775735e-01
3.013753438359590309e+00	3.822398331792542958e+00	-8.939984399999999498e-01	1.077932022188603289e+00
3.014753688422105782e+00	3.830975627188288435e+00	-8.745727199999999701e-01	9.800309631870904870e-01
3.015753938484621255e+00	3.838452481428611840e+00	-8.616222399999999837e-01	1.045298335854765615e+00
3.016754188547137172e+00	3.844383988268411212e+00	-7.774441199999999608e-01	8.494962178517398987e-01
3.017754438609652645e+00	3.850156862638942190e+00	-7.126917200000000285e-01	9.147635905194151373e-01
3.018754688672168562e+00	3.856171851996597510e+00	-5.767116799999999488e-01	6.210604135148766192e-01
3.019754938734684035e+00	3.861730011035680477e+00	-5.119592800000000166e-01	7.189614725163894215e-01
3.020755188797199509e+00	3.866544472122668274e+00	-3.241773200000000466e-01	3.599909228441755538e-01
3.021755438859715426e+00	3.869240415011141465e+00	-1.817220400000000013e-01	4.905256681795260310e-01
3.022755688922230899e+00	3.868629231756227416e+00	-7.811819999999999875e-02	6.628774583963688294e-02
3.023755938984746372e+00	3.866131590273318874e+00	1.096637599999999990e-01	9.892143217347457163e-02
3.024756189047262289e+00	3.862475162426205255e+00	4.593267200000000772e-01	-3.579501765002521818e-01
3.025756439109777762e+00	3.855528893548170188e+00	6.212077200000000188e-01	-4.232175491679274204e-01
3.026756689172293235e+00	3.844624426690964381e+00	9.967716399999999588e-01	-8.474554715078166378e-01
3.027756939234809153e+00	3.833600223070666502e+00	1.430612719999999838e+00	-1.206426021180030395e+00
3.028757189297324626e+00	3.825738752512976681e+00	1.598968959999999884e+00	-1.500129198184569024e+00
3.029757439359840099e+00	3.819376477275148840e+00	1.793226159999999902e+00	-1.598030257186082048e+00
3.030757689422356016e+00	3.812214043948627396e+00	1.929206199999999871e+00	-1.761198688855269978e+00
3.031757939484871489e+00	3.804539729764734091e+00	1.870929040000000043e+00	-1.826466061522945328e+00
3.032758189547386962e+00	3.796830920190652492e+00	1.916255719999999885e+00	-1.663297629853757176e+00
3.033758439609902879e+00	3.789021489581201774e+00	1.916255719999999885e+00	-1.989634493192133702e+00
3.034758689672418353e+00	3.781382833971701274e+00	1.929206199999999871e+00	-1.663297629853757176e+00
3.035758939734934270e+00	3.774023430001923529e+00	1.637820399999999843e+00	-1.500129198184569024e+00
3.036759189797449743e+00	3.768182937712237113e+00	1.314058399999999960e+00	-1.239059707513868069e+00
3.037759439859965216e+00	3.766622044628677113e+00	8.348906400000000172e-01	-7.495544125063037244e-01
3.038759689922481133e+00	3.769158593342532448e+00	3.427723999999999771e-01	-2.274154311649017046e-01
3.039759939984996606e+00	3.772501668935753116e+00	-1.104944000000000065e-01	-3.161331316187596802e-02
3.040760190047512079e+00	3.775668200390354556e+00	-3.695039999999999436e-01	3.926246091780131731e-01
3.041760440110027996e+00	3.780588591950950317e+00	-6.090878800000000259e-01	5.884267271810389444e-01
3.042760690172543470e+00	3.788325294554939493e+00	-6.673650399999999649e-01	7.842288451840646601e-01
3.043760940235058943e+00	3.797277641091638234e+00	-7.774441199999999608e-01	9.147635905194151373e-01
3.044761190297574860e+00	3.805399418674133560e+00	-1.017028000000000043e+00	1.045298335854765615e+00
3.045761440360090333e+00	3.812837026853076683e+00	-9.652260799999999863e-01	1.045298335854765615e+00
3.046761690422605806e+00	3.820769026854105022e+00	-1.049404199999999898e+00	1.045298335854765615e+00
3.047761940485121723e+00	3.829081333054128677e+00	-9.134241599999999295e-01	1.012664649520927940e+00
3.048762190547637196e+00	3.836930568135581865e+00	-8.551469999999999905e-01	1.012664649520927940e+00
3.049762440610152670e+00	3.844018490856489390e+00	-7.903945999999999472e-01	9.800309631870904870e-01
3.050762690672668587e+00	3.850045026747252574e+00	-6.608898000000000827e-01	8.494962178517398987e-01
3.051762940735184060e+00	3.855240998023074184e+00	-5.637612000000000734e-01	6.863277861825517467e-01
3.052763190797699533e+00	3.860577517959366656e+00	-4.472068799999999733e-01	5.884267271810389444e-01
3.053763440860215450e+00	3.865804249936775072e+00	-3.759792400000000478e-01	4.578919818456884672e-01
3.054763690922730923e+00	3.869576365921755023e+00	-2.982763600000000181e-01	3.273572365103378790e-01
3.055763940985246840e+00	3.870655997125633796e+00	2.548563999999999691e-02	2.947235501765002597e-01
3.056764191047762314e+00	3.868613799605428394e+00	-2.631628000000000439e-02	3.365405950579927752e-02
3.057764441110277787e+00	3.864436479273580360e+00	2.909704799999999758e-01	-1.621480584972264660e-01
3.058764691172793704e+00	3.858699506102041710e+00	4.917029200000000433e-01	-4.558512355017650397e-01
3.059764941235309177e+00	3.850902290554188756e+00	8.996430400000000605e-01	-7.169207261724660496e-01
3.060765191297824650e+00	3.841366778460777009e+00	1.191028839999999978e+00	-1.010623903177004790e+00
3.061765441360340567e+00	3.831273445699235225e+00	1.715523279999999984e+00	-1.336960766515380872e+00
3.062765691422856040e+00	3.822296924462423640e+00	1.650770879999999829e+00	-1.793832375189107875e+00
3.063765941485371513e+00	3.815382147891229980e+00	1.838552839999999744e+00	-1.434861825516893896e+00
3.064766191547887431e+00	3.808522931296427494e+00	1.935681439999999975e+00	-1.989634493192133702e+00
3.065766441610402904e+00	3.799887332534493289e+00	1.832077599999999862e+00	-1.500129198184569024e+00
3.066766691672918377e+00	3.791474273249217486e+00	1.929206199999999871e+00	-1.957000806858295805e+00
3.067766941735434294e+00	3.784966918862152863e+00	1.903305239999999898e+00	-1.630663943519919501e+00
3.068767191797949767e+00	3.778741478498489847e+00	1.521266079999999965e+00	-1.826466061522945328e+00
3.069767441860465240e+00	3.772058100641263678e+00	1.411186999999999969e+00	-1.173792334846192720e+00
3.070767691922981157e+00	3.767642476316320987e+00	7.960392000000000579e-01	-8.800891578416540906e-01
3.071767941985496631e+00	3.768250549203893129e+00	3.880990800000000407e-01	-3.905838628340898566e-01
3.072768192048012104e+00	3.772533650901629620e+00	1.031885200000000058e-01	-3.161331316187596802e-02
3.073768442110528021e+00	3.777241302293164793e+00	-3.177020799999999978e-01	2.947235501765002597e-01
3.074768692173043494e+00	3.781885334757657979e+00	-5.443354799999999827e-01	7.842288451840646601e-01
3.075768942235559411e+00	3.787321926145543305e+00	-6.867907599999999446e-01	6.210604135148766192e-01
3.076769192298074884e+00	3.793646979434864619e+00	-7.709688800000000786e-01	8.821299041855775735e-01
3.077769442360590357e+00	3.801482972929000503e+00	-9.198994000000000337e-01	9.147635905194151373e-01
3.078769692423106275e+00	3.810742657380520093e+00	-8.421965199999998930e-01	1.077932022188603289e+00
3.079769942485621748e+00	3.819344051408327445e+00	-9.069489200000000473e-01	1.012664649520927940e+00
3.080770192548137221e+00	3.826878392089100966e+00	-9.522755999999999998e-01	1.012664649520927940e+00
3.081770442610653138e+00	3.835178824247592377e+00	-9.004736800000000541e-01	1.143199394856278639e+00
3.082770692673168611e+00	3.843439752951678834e+00	-7.709688800000000786e-01	8.821299041855775735e-01
3.083770942735684084e+00	3.849435134072916487e+00	-7.321174399999998972e-01	1.012664649520927940e+00
3.084771192798200001e+00	3.854225522977997809e+00	-5.896621600000000463e-01	7.842288451840646601e-01
3.085771442860715474e+00	3.860134129884287280e+00	-5.572859600000000802e-01	7.189614725163894215e-01
3.086771692923230948e+00	3.866621350102948274e+00	-4.083554400000000140e-01	4.905256681795260310e-01
3.087771942985746865e+00	3.871173876186824181e+00	-3.565535200000000127e-01	4.252582955118507924e-01
3.088772193048262338e+00	3.872623359182755909e+00	-3.926676000000000472e-02	2.620898638426626404e-01
3.089772443110777811e+00	3.871181102108272931e+00	1.253515999999999658e-02	1.641888048411497825e-01
3.090772693173293728e+00	3.866869604502331192e+00	1.355647199999999997e-01	-3.161331316187596802e-02
3.091772943235809201e+00	3.860098000277042640e+00	4.528514799999999729e-01	-2.600491174987393794e-01
3.092773193298325118e+00	3.851899641151832476e+00	6.341582000000000052e-01	-5.537522945032778976e-01
3.093773443360840592e+00	3.842953842355974370e+00	1.055048800000000009e+00	-1.010623903177004790e+00
3.094773693423356065e+00	3.833728837472925921e+00	1.521266079999999965e+00	-1.173792334846192720e+00
3.095773943485871982e+00	3.824757733794155179e+00	2.006909079999999790e+00	-1.630663943519919501e+00
3.096774193548387455e+00	3.816379555248837541e+00	1.767325200000000152e+00	-1.369594452849218325e+00
3.097774443610902928e+00	3.808898120008243016e+00	1.955107160000000066e+00	-2.022268179525970933e+00
3.098774693673418845e+00	3.802320117203457972e+00	1.806176639999999889e+00	-1.598030257186082048e+00
3.099774943735934318e+00	3.795962241375159696e+00	1.935681439999999975e+00	-1.891733434190620455e+00
3.100775193798449791e+00	3.788608978377767667e+00	1.903305239999999898e+00	-1.728565002521432525e+00
3.101775443860965709e+00	3.779874565646604623e+00	1.851503319999999952e+00	-1.891733434190620455e+00
3.102775693923481182e+00	3.772027266344840424e+00	1.482414640000000006e+00	-1.206426021180030395e+00
3.103775943985996655e+00	3.768064961319868900e+00	1.022672600000000154e+00	-1.239059707513868069e+00
3.104776194048512572e+00	3.768138917186296677e+00	7.377620400000000078e-01	-4.232175491679274204e-01
3.105776444111028045e+00	3.770538364591968783e+00	1.096637599999999990e-01	-2.274154311649017046e-01
3.106776694173543518e+00	3.774596506975688381e+00	-1.752468000000000081e-01	1.641888048411497825e-01
3.107776944236059435e+00	3.780052880734153131e+00	-5.184345200000000098e-01	4.578919818456884672e-01
3.108777194298574909e+00	3.785738866040730066e+00	-6.544145599999999785e-01	6.536940998487140719e-01
3.109777444361090382e+00	3.791582592147897834e+00	-7.385926799999998904e-01	8.821299041855775735e-01
3.110777694423606299e+00	3.799408086567571008e+00	-8.227708000000000244e-01	9.147635905194151373e-01
3.111777944486121772e+00	3.809070681958298454e+00	-9.393251199999999024e-01	1.045298335854765615e+00
3.112778194548637689e+00	3.817485676514191795e+00	-9.652260799999999863e-01	9.800309631870904870e-01
3.113778444611153162e+00	3.823920234171737764e+00	-9.069489200000000473e-01	1.045298335854765615e+00
3.114778694673668635e+00	3.830840495946563617e+00	-8.810479599999999634e-01	1.012664649520927940e+00
3.115778944736184553e+00	3.838606368411852543e+00	-8.551469999999999905e-01	1.045298335854765615e+00
3.116779194798700026e+00	3.845541972438163203e+00	-7.774441199999999608e-01	8.494962178517398987e-01
3.117779444861215499e+00	3.851893415509650698e+00	-7.126917200000000285e-01	8.494962178517398987e-01
3.118779694923731416e+00	3.858558987948383923e+00	-5.831869200000000530e-01	6.863277861825517467e-01
3.119779944986246889e+00	3.864538493706106248e+00	-5.119592800000000166e-01	6.210604135148766192e-01
3.120780195048762362e+00	3.868627136269470412e+00	-3.306525599999999843e-01	4.252582955118507924e-01
3.121780445111278279e+00	3.870725496434757051e+00	-1.817220400000000013e-01	3.926246091780131731e-01
3.122780695173793752e+00	3.870473219521029851e+00	-7.811819999999999875e-02	9.892143217347457163e-02
3.123780945236309226e+00	3.867794305939119770e+00	1.161389999999999922e-01	1.020373171961676869e-03
3.124781195298825143e+00	3.863546613998376511e+00	4.528514799999999729e-01	-3.253164901664145625e-01
3.125781445361340616e+00	3.857449205007666304e+00	6.276829600000000120e-01	-4.232175491679274204e-01
3.126781695423856089e+00	3.848897060941181447e+00	1.003246880000000063e+00	-7.821880988401412882e-01
3.127781945486372006e+00	3.838815458105020451e+00	1.424137479999999734e+00	-1.141158648512355045e+00
3.128782195548887479e+00	3.828303935484947740e+00	1.566592759999999807e+00	-1.532762884518406477e+00
3.129782445611403396e+00	3.818782617374455679e+00	1.760849959999999825e+00	-1.500129198184569024e+00
3.130782695673918870e+00	3.811786486753594438e+00	1.903305239999999898e+00	-1.761198688855269978e+00
3.131782945736434343e+00	3.806233075854019710e+00	1.857978559999999835e+00	-1.793832375189107875e+00
3.132783195798950260e+00	3.799340146678491070e+00	1.903305239999999898e+00	-1.695931316187594851e+00
3.133783445861465733e+00	3.790327893534493953e+00	1.903305239999999898e+00	-1.891733434190620455e+00
3.134783695923981206e+00	3.780973074547494761e+00	1.922730959999999989e+00	-1.630663943519919501e+00
3.135783945986497123e+00	3.773691569921450828e+00	1.592493720000000001e+00	-1.434861825516893896e+00
3.136784196049012596e+00	3.769804978629375025e+00	1.307583159999999856e+00	-1.271693393847705744e+00
3.137784446111528069e+00	3.768979512017957223e+00	8.219401600000000307e-01	-6.190196671709531362e-01
3.138784696174043987e+00	3.770708727852224662e+00	3.298219200000001017e-01	-1.947817448310640853e-01
3.139784946236559460e+00	3.774579477848073239e+00	-1.622963199999999939e-01	-3.161331316187596802e-02
3.140785196299074933e+00	3.778963394722851366e+00	-3.824544800000000411e-01	5.231593545133637058e-01
3.141785446361590850e+00	3.783327735115020740e+00	-6.220383600000000124e-01	5.231593545133637058e-01
3.142785696424106323e+00	3.789585590656750824e+00	-6.738402799999999582e-01	8.494962178517398987e-01
3.143785946486621796e+00	3.798001148081909584e+00	-7.774441199999999608e-01	8.821299041855775735e-01
3.144786196549137713e+00	3.806251423748944873e+00	-1.017028000000000043e+00	1.143199394856278639e+00
3.145786446611653187e+00	3.813284040616210735e+00	-9.781765600000000838e-01	9.147635905194151373e-01
3.146786696674168660e+00	3.820251188312512980e+00	-1.062354679999999885e+00	1.077932022188603289e+00
3.147786946736684577e+00	3.828184809774666242e+00	-9.069489200000000473e-01	1.077932022188603289e+00
3.148787196799200050e+00	3.836676528020716237e+00	-8.616222399999999837e-01	1.012664649520927940e+00
3.149787446861715967e+00	3.844768839620781087e+00	-8.162955600000000311e-01	8.168625315179022239e-01
3.150787696924231440e+00	3.852087105978035719e+00	-6.738402799999999582e-01	9.147635905194151373e-01
3.151787946986746913e+00	3.858326272155742753e+00	-5.767116799999999488e-01	7.189614725163894215e-01
3.152788197049262831e+00	3.862797124997321419e+00	-4.731078399999999462e-01	6.536940998487140719e-01
3.153788447111778304e+00	3.865778431263476200e+00	-3.824544800000000411e-01	5.231593545133637058e-01
3.154788697174293777e+00	3.868434686771027309e+00	-2.982763600000000181e-01	3.273572365103378790e-01
3.155788947236809694e+00	3.870234701322364135e+00	1.253515999999999658e-02	2.620898638426626404e-01
3.156789197299325167e+00	3.869062490322490167e+00	-2.631628000000000439e-02	1.020373171961676869e-03
3.157789447361840640e+00	3.864481006476887082e+00	2.844952399999999826e-01	-9.688068582955121355e-02
3.158789697424356557e+00	3.857985396380268384e+00	4.593267200000000772e-01	-3.905838628340898566e-01
3.159789947486872030e+00	3.850220067707748051e+00	8.996430400000000605e-01	-7.169207261724660496e-01
3.160790197549387504e+00	3.841020968925005441e+00	1.171603120000000109e+00	-1.108524962178517592e+00
3.161790447611903421e+00	3.831140478425220763e+00	1.676671840000000024e+00	-1.304327080181543197e+00
3.162790697674418894e+00	3.821740469679347108e+00	1.657246119999999934e+00	-1.728565002521432525e+00
3.163790947736934367e+00	3.813516752662277298e+00	1.806176639999999889e+00	-1.434861825516893896e+00
3.164791197799450284e+00	3.806352981521569312e+00	1.922730959999999989e+00	-2.022268179525970933e+00
3.165791447861965757e+00	3.799503695164042405e+00	1.806176639999999889e+00	-1.467495511850731349e+00
3.166791697924481674e+00	3.792505095233391632e+00	1.929206199999999871e+00	-1.957000806858295805e+00
3.167791947986997148e+00	3.784952361164463763e+00	1.883879520000000030e+00	-1.630663943519919501e+00
3.168792198049512621e+00	3.777235562657915491e+00	1.508315599999999979e+00	-1.793832375189107875e+00
3.169792448112028538e+00	3.771692728767981340e+00	1.430612719999999838e+00	-1.206426021180030395e+00
3.170792698174544011e+00	3.769792661366501374e+00	7.766134800000000782e-01	-8.474554715078166378e-01
3.171792948237059484e+00	3.770457338141272707e+00	3.816238400000000475e-01	-3.253164901664145625e-01
3.172793198299575401e+00	3.772847432459303096e+00	8.376279999999999837e-02	1.020373171961676869e-03
3.173793448362090874e+00	3.776911271990216701e+00	-3.500782800000000750e-01	2.947235501765002597e-01
3.174793698424606347e+00	3.782034237510784269e+00	-5.313849999999999962e-01	5.884267271810389444e-01
3.175793948487122265e+00	3.787931674455726316e+00	-6.932660000000000489e-01	7.189614725163894215e-01
3.176794198549637738e+00	3.794948847648045298e+00	-7.709688800000000786e-01	9.147635905194151373e-01
3.177794448612153211e+00	3.803172645950071207e+00	-9.263746400000000270e-01	9.147635905194151373e-01
3.178794698674669128e+00	3.811982455076876608e+00	-8.357212800000000108e-01	1.143199394856278639e+00
3.179794948737184601e+00	3.820305240989897655e+00	-9.263746400000000270e-01	1.012664649520927940e+00
3.180795198799700074e+00	3.828174002856216784e+00	-9.458003599999998956e-01	1.175833081190116092e+00
3.181795448862215991e+00	3.836085568035801696e+00	-8.939984399999999498e-01	9.147635905194151373e-01
3.182795698924731465e+00	3.842789844951327805e+00	-7.709688800000000786e-01	9.147635905194151373e-01
3.183795948987246938e+00	3.848051614341309712e+00	-7.450679199999999947e-01	8.821299041855775735e-01
3.184796199049762855e+00	3.854320293923382046e+00	-6.090878800000000259e-01	7.189614725163894215e-01
3.185796449112278328e+00	3.861674016476624782e+00	-5.767116799999999488e-01	6.863277861825517467e-01
3.186796699174794245e+00	3.867538987860864808e+00	-4.148306800000000072e-01	5.557930408472013806e-01
3.187796949237309718e+00	3.870845275233236293e+00	-3.695039999999999436e-01	4.578919818456884672e-01
3.188797199299825191e+00	3.871204538839223108e+00	-5.869248000000000520e-02	2.294561775088249655e-01
3.189797449362341109e+00	3.869103754947853080e+00	6.059919999999996421e-03	1.315551185073121632e-01
3.190797699424856582e+00	3.866101334506911513e+00	1.290894800000000064e-01	-3.161331316187596802e-02
3.191797949487372055e+00	3.861181708174971750e+00	4.463762399999999797e-01	-2.926828038325769432e-01
3.192798199549887972e+00	3.852909948888663560e+00	6.082572400000001434e-01	-6.190196671709531362e-01
3.193798449612403445e+00	3.843547074708040689e+00	1.042098320000000022e+00	-9.453565305093293292e-01
3.194798699674918918e+00	3.835126104486322074e+00	1.488889879999999888e+00	-1.173792334846192720e+00
3.195798949737434835e+00	3.826805475222792019e+00	1.987483359999999921e+00	-1.598030257186082048e+00
3.196799199799950308e+00	3.818694621449812310e+00	1.741424239999999957e+00	-1.336960766515380872e+00
3.197799449862465782e+00	3.811909192251883294e+00	1.935681439999999975e+00	-1.957000806858295805e+00
3.198799699924981699e+00	3.805432272441357178e+00	1.780275679999999916e+00	-1.598030257186082048e+00
3.199799949987497172e+00	3.797593307661306650e+00	1.922730959999999989e+00	-1.826466061522945328e+00
3.200800200050012645e+00	3.788529866496148646e+00	1.870929040000000043e+00	-1.793832375189107875e+00
3.201800450112528562e+00	3.779622427134128770e+00	1.838552839999999744e+00	-1.859099747856782781e+00
3.202800700175044035e+00	3.772735204116139496e+00	1.443563199999999824e+00	-1.173792334846192720e+00
3.203800950237559508e+00	3.769619436968314030e+00	1.029147840000000036e+00	-1.141158648512355045e+00
3.204801200300075426e+00	3.769824890449209764e+00	7.053858400000000417e-01	-4.232175491679274204e-01
3.205801450362590899e+00	3.771499914372212992e+00	1.096637599999999990e-01	-1.947817448310640853e-01
3.206801700425106816e+00	3.774645350215218631e+00	-1.817220400000000013e-01	1.641888048411497825e-01
3.207801950487622289e+00	3.779419949843204396e+00	-5.313849999999999962e-01	5.231593545133637058e-01
3.208802200550137762e+00	3.784596188770501968e+00	-6.544145599999999785e-01	6.536940998487140719e-01
3.209802450612653679e+00	3.790236850563994953e+00	-7.256422000000000150e-01	8.494962178517398987e-01
3.210802700675169152e+00	3.797851752650703627e+00	-8.033450799999999337e-01	9.147635905194151373e-01
3.211802950737684625e+00	3.807741797194222233e+00	-9.458003599999998956e-01	1.077932022188603289e+00
3.212803200800200543e+00	3.817930092127182817e+00	-9.587508399999999931e-01	1.012664649520927940e+00
3.213803450862716016e+00	3.826548440901142101e+00	-9.198994000000000337e-01	1.077932022188603289e+00
3.214803700925231489e+00	3.833912113334838168e+00	-8.810479599999999634e-01	1.045298335854765615e+00
3.215803950987747406e+00	3.840893121396901311e+00	-8.680974800000000879e-01	1.012664649520927940e+00
3.216804201050262879e+00	3.847576738242274530e+00	-7.709688800000000786e-01	9.147635905194151373e-01
3.217804451112778352e+00	3.853944510327093287e+00	-7.256422000000000150e-01	8.821299041855775735e-01
3.218804701175294269e+00	3.860005884332839532e+00	-5.961373999999999285e-01	7.515951588502269853e-01
3.219804951237809743e+00	3.864999569554061321e+00	-5.184345200000000098e-01	6.536940998487140719e-01
3.220805201300325216e+00	3.867947257317060128e+00	-3.565535200000000127e-01	4.578919818456884672e-01
3.221805451362841133e+00	3.869253368249061964e+00	-2.011477600000000088e-01	3.926246091780131731e-01
3.222805701425356606e+00	3.869760175131558011e+00	-1.104944000000000065e-01	1.315551185073121632e-01
3.223805951487872523e+00	3.868638800336505756e+00	9.023803999999999159e-02	-3.161331316187596802e-02
3.224806201550387996e+00	3.864322982138268081e+00	4.204752800000000068e-01	-2.274154311649017046e-01
3.225806451612903469e+00	3.857199788528531403e+00	6.082572400000001434e-01	-4.558512355017650397e-01
3.226806701675419387e+00	3.849133673640660280e+00	9.902964000000000766e-01	-7.495544125063037244e-01
3.227806951737934860e+00	3.840303818012324122e+00	1.398236519999999983e+00	-1.108524962178517592e+00
3.228807201800450333e+00	3.830289668297538253e+00	1.553642280000000042e+00	-1.467495511850731349e+00
3.229807451862966250e+00	3.820974494998077731e+00	1.734948999999999852e+00	-1.500129198184569024e+00
3.230807701925481723e+00	3.813853519486360089e+00	1.870929040000000043e+00	-1.793832375189107875e+00
3.231807951987997196e+00	3.807484203372514475e+00	1.832077599999999862e+00	-1.728565002521432525e+00
3.232808202050513113e+00	3.800006615206969141e+00	1.870929040000000043e+00	-1.630663943519919501e+00
3.233808452113028586e+00	3.791501871388212042e+00	1.870929040000000043e+00	-1.761198688855269978e+00
3.234808702175544060e+00	3.783270784942560638e+00	1.883879520000000030e+00	-1.728565002521432525e+00
3.235808952238059977e+00	3.776269195868962925e+00	1.566592759999999807e+00	-1.336960766515380872e+00
3.236809202300575450e+00	3.771243000898032882e+00	1.281682200000000105e+00	-1.336960766515380872e+00
3.237809452363090923e+00	3.769066887076567340e+00	7.895639599999999536e-01	-7.169207261724660496e-01
3.238809702425606840e+00	3.769819149003651226e+00	3.039209600000000178e-01	-2.274154311649017046e-01
3.239809952488122313e+00	3.773150312408640517e+00	-1.363953600000000210e-01	6.628774583963688294e-02
3.240810202550637786e+00	3.778681068396287035e+00	-3.954049599999999165e-01	4.578919818456884672e-01
3.241810452613153704e+00	3.785124509254047975e+00	-6.414640799999999921e-01	5.884267271810389444e-01
3.242810702675669177e+00	3.791332772034841980e+00	-6.738402799999999582e-01	9.473972768532528121e-01
3.243810952738185094e+00	3.797849578415749328e+00	-7.709688800000000786e-01	8.494962178517398987e-01
3.244811202800700567e+00	3.806086926965407180e+00	-1.017028000000000043e+00	1.045298335854765615e+00
3.245811452863216040e+00	3.815742106193624750e+00	-9.781765600000000838e-01	8.494962178517398987e-01
3.246811702925731957e+00	3.824509120214872215e+00	-1.029978480000000030e+00	1.110565708522440964e+00
3.247811952988247430e+00	3.831987805433482830e+00	-9.263746400000000270e-01	9.800309631870904870e-01
3.248812203050762903e+00	3.839729518005672748e+00	-8.680974800000000879e-01	1.110565708522440964e+00
3.249812453113278821e+00	3.847092529276175732e+00	-8.033450799999999337e-01	8.494962178517398987e-01
3.250812703175794294e+00	3.852929186202297629e+00	-6.673650399999999649e-01	9.147635905194151373e-01
3.251812953238309767e+00	3.858144602591828232e+00	-5.831869200000000530e-01	7.515951588502269853e-01
3.252813203300825684e+00	3.863055207965498727e+00	-4.666325999999999530e-01	6.863277861825517467e-01
3.253813453363341157e+00	3.867053825281182355e+00	-3.759792400000000478e-01	4.578919818456884672e-01
3.254813703425856630e+00	3.870225885887057071e+00	-2.982763600000000181e-01	3.926246091780131731e-01
3.255813953488372547e+00	3.871963916508615711e+00	-6.890560000000003904e-03	2.947235501765002597e-01
3.256814203550888021e+00	3.870602544106186205e+00	-4.574200000000000488e-02	-3.161331316187596802e-02
3.257814453613403494e+00	3.866212008219586327e+00	2.715447599999999961e-01	-1.295143721633888190e-01
3.258814703675919411e+00	3.860335561439977692e+00	4.334257600000001043e-01	-4.232175491679274204e-01
3.259814953738434884e+00	3.852322884373090339e+00	8.931677999999999562e-01	-5.863859808371156834e-01
3.260815203800950801e+00	3.841270677950583856e+00	1.126276440000000045e+00	-1.043257589510842243e+00
3.261815453863466274e+00	3.830174263568386639e+00	1.657246119999999934e+00	-1.239059707513868069e+00
3.262815703925981747e+00	3.822073827615514841e+00	1.618394679999999752e+00	-1.728565002521432525e+00
3.263815953988497665e+00	3.815538514278197457e+00	1.793226159999999902e+00	-1.402228139183055999e+00
3.264816204051013138e+00	3.808284902028334251e+00	1.890354760000000134e+00	-1.989634493192133702e+00
3.265816454113528611e+00	3.800884671773408385e+00	1.793226159999999902e+00	-1.467495511850731349e+00
3.266816704176044528e+00	3.793961901134552228e+00	1.890354760000000134e+00	-2.022268179525970933e+00
3.267816954238560001e+00	3.786353715910528717e+00	1.857978559999999835e+00	-1.598030257186082048e+00
3.268817204301075474e+00	3.778271782762365749e+00	1.488889879999999888e+00	-1.793832375189107875e+00
3.269817454363591391e+00	3.771939888840665223e+00	1.411186999999999969e+00	-1.108524962178517592e+00
3.270817704426106864e+00	3.768809378277596878e+00	7.507125199999999943e-01	-8.800891578416540906e-01
3.271817954488622338e+00	3.769245733818846311e+00	3.621981200000000678e-01	-3.579501765002521818e-01
3.272818204551138255e+00	3.772692778309060024e+00	7.081231999999999804e-02	-3.161331316187596802e-02
3.273818454613653728e+00	3.777242894413132657e+00	-3.371277999999999775e-01	3.273572365103378790e-01
3.274818704676169201e+00	3.782272734641407563e+00	-5.572859600000000802e-01	6.210604135148766192e-01
3.275818954738685118e+00	3.788826255100394835e+00	-7.062164799999999243e-01	7.189614725163894215e-01
3.276819204801200591e+00	3.796181585304160055e+00	-7.709688800000000786e-01	9.473972768532528121e-01
3.277819454863716064e+00	3.803328027668232192e+00	-9.263746400000000270e-01	9.800309631870904870e-01
3.278819704926231982e+00	3.811038375448526860e+00	-8.357212800000000108e-01	1.110565708522440964e+00
3.279819954988747455e+00	3.819314725466133709e+00	-9.263746400000000270e-01	1.012664649520927940e+00
3.280820205051263372e+00	3.827587610390983830e+00	-9.652260799999999863e-01	1.143199394856278639e+00
3.281820455113778845e+00	3.836018791451131893e+00	-8.939984399999999498e-01	1.143199394856278639e+00
3.282820705176294318e+00	3.843906857651596010e+00	-7.709688800000000786e-01	1.012664649520927940e+00
3.283820955238810235e+00	3.850279144802960740e+00	-7.385926799999998904e-01	9.147635905194151373e-01
3.284821205301325708e+00	3.855731809055835235e+00	-6.026126399999999217e-01	8.821299041855775735e-01
3.285821455363841181e+00	3.860920941739436785e+00	-5.767116799999999488e-01	5.884267271810389444e-01
3.286821705426357099e+00	3.865480083234707376e+00	-4.083554400000000140e-01	6.863277861825517467e-01
3.287821955488872572e+00	3.868954416045363498e+00	-3.889297199999999788e-01	2.947235501765002597e-01
3.288822205551388045e+00	3.870437475445537068e+00	-6.516772000000001230e-02	3.599909228441755538e-01
3.289822455613903962e+00	3.869493008794098632e+00	-1.336580000000000407e-02	6.628774583963688294e-02
3.290822705676419435e+00	3.866908131486098466e+00	1.226142399999999993e-01	-1.295143721633888190e-01
3.291822955738934908e+00	3.862409755145107315e+00	4.269505200000000000e-01	-2.926828038325769432e-01
3.292823205801450825e+00	3.855527073846185981e+00	5.888315200000000527e-01	-4.884849218356027145e-01
3.293823455863966299e+00	3.847498515059161850e+00	1.042098320000000022e+00	-8.800891578416540906e-01
3.294823705926481772e+00	3.838689088078881095e+00	1.462988919999999915e+00	-1.206426021180030395e+00
3.295823955988997689e+00	3.828632159901770748e+00	1.974532879999999935e+00	-1.532762884518406477e+00
3.296824206051513162e+00	3.818953902403162903e+00	1.715523279999999984e+00	-1.336960766515380872e+00
3.297824456114028635e+00	3.811215686134680869e+00	1.909780479999999780e+00	-1.924367120524458352e+00
3.298824706176544552e+00	3.804495380278047456e+00	1.747899480000000061e+00	-1.630663943519919501e+00
3.299824956239060025e+00	3.797418593395928799e+00	1.890354760000000134e+00	-1.761198688855269978e+00
3.300825206301575943e+00	3.789710161373307074e+00	1.845028079999999848e+00	-1.663297629853757176e+00
3.301825456364091416e+00	3.782200574273474114e+00	1.819127120000000097e+00	-1.695931316187594851e+00
3.302825706426606889e+00	3.775790236745066863e+00	1.424137479999999734e+00	-1.141158648512355045e+00
3.303825956489122806e+00	3.771052376995024158e+00	1.022672600000000154e+00	-1.075891275844679917e+00
3.304826206551638279e+00	3.769550574685498034e+00	6.794848799999999578e-01	-3.579501765002521818e-01
3.305826456614153752e+00	3.772033103090789652e+00	8.376279999999999837e-02	-1.621480584972264660e-01
3.306826706676669669e+00	3.776581633888039136e+00	-2.076230000000000020e-01	2.294561775088249655e-01
3.307826956739185142e+00	3.781478720943997285e+00	-5.313849999999999962e-01	5.557930408472013806e-01
3.308827206801700616e+00	3.786634489375213519e+00	-6.544145599999999785e-01	6.863277861825517467e-01
3.309827456864216533e+00	3.792405432978322111e+00	-7.515431599999999879e-01	8.821299041855775735e-01
3.310827706926732006e+00	3.799576418517145893e+00	-8.227708000000000244e-01	9.147635905194151373e-01
3.311827956989247479e+00	3.808562284774995366e+00	-9.652260799999999863e-01	1.045298335854765615e+00
3.312828207051763396e+00	3.818089127771869151e+00	-9.522755999999999998e-01	9.473972768532528121e-01
3.313828457114278869e+00	3.826147776441132020e+00	-9.328498800000000202e-01	1.077932022188603289e+00
3.314828707176794342e+00	3.832905944460016645e+00	-8.810479599999999634e-01	1.045298335854765615e+00
3.315828957239310260e+00	3.840803909716449027e+00	-8.875231999999999566e-01	1.045298335854765615e+00
3.316829207301825733e+00	3.849272938697169355e+00	-7.968698400000000515e-01	1.012664649520927940e+00
3.317829457364341650e+00	3.854880444869821510e+00	-7.256422000000000150e-01	8.494962178517398987e-01
3.318829707426857123e+00	3.858362049347123346e+00	-6.026126399999999217e-01	7.189614725163894215e-01
3.319829957489372596e+00	3.862818595697631974e+00	-5.313849999999999962e-01	6.536940998487140719e-01
3.320830207551888513e+00	3.867750512477765579e+00	-3.630287599999999504e-01	4.905256681795260310e-01
3.321830457614403986e+00	3.871367011686469795e+00	-2.140982399999999952e-01	3.926246091780131731e-01
3.322830707676919459e+00	3.872584479153037051e+00	-1.104944000000000065e-01	1.315551185073121632e-01
3.323830957739435377e+00	3.869846889586662009e+00	8.376279999999999837e-02	3.365405950579927752e-02
3.324831207801950850e+00	3.863464656016214249e+00	4.140000400000000136e-01	-2.274154311649017046e-01
3.325831457864466323e+00	3.856201163888884231e+00	5.888315200000000527e-01	-4.232175491679274204e-01
3.326831707926982240e+00	3.848950260061895445e+00	9.449697200000000130e-01	-7.821880988401412882e-01
3.327831957989497713e+00	3.840069344020830222e+00	1.385286039999999996e+00	-1.010623903177004790e+00
3.328832208052013186e+00	3.829739409602570976e+00	1.501840359999999874e+00	-1.467495511850731349e+00
3.329832458114529103e+00	3.820870897297082625e+00	1.702572799999999775e+00	-1.434861825516893896e+00
3.330832708177044577e+00	3.814829418945324235e+00	1.838552839999999744e+00	-1.793832375189107875e+00
3.331832958239560050e+00	3.809176618999849939e+00	1.799701400000000007e+00	-1.663297629853757176e+00
3.332833208302075967e+00	3.801392320587112295e+00	1.845028079999999848e+00	-1.695931316187594851e+00
3.333833458364591440e+00	3.792323595913505763e+00	1.851503319999999952e+00	-1.826466061522945328e+00
3.334833708427106913e+00	3.784016918361178927e+00	1.857978559999999835e+00	-1.663297629853757176e+00
3.335833958489622830e+00	3.777173631958692823e+00	1.579543240000000015e+00	-1.271693393847705744e+00
3.336834208552138303e+00	3.772071338445137645e+00	1.268731720000000118e+00	-1.239059707513868069e+00
3.337834458614654221e+00	3.769509389451853210e+00	7.960392000000000579e-01	-4.232175491679274204e-01
3.338834708677169694e+00	3.769957478311493304e+00	2.974457200000000245e-01	-2.600491174987393794e-01
3.339834958739685167e+00	3.772936283786673783e+00	-1.558210800000000007e-01	1.968224911749873740e-01
3.340835208802201084e+00	3.777859110431998957e+00	-4.018802000000000207e-01	4.252582955118507924e-01
3.341835458864716557e+00	3.784293467750822426e+00	-6.414640799999999921e-01	4.905256681795260310e-01
3.342835708927232030e+00	3.791108057933506359e+00	-6.803155199999999514e-01	8.168625315179022239e-01
3.343835958989747947e+00	3.798031723477844679e+00	-7.903945999999999472e-01	7.189614725163894215e-01
3.344836209052263420e+00	3.806584458677966687e+00	-1.010552759999999939e+00	1.175833081190116092e+00
3.345836459114778894e+00	3.816316632754141569e+00	-9.846517999999999660e-01	9.473972768532528121e-01
3.346836709177294811e+00	3.824257710330461357e+00	-1.049404199999999898e+00	1.208466767523953767e+00
3.347836959239810284e+00	3.830031211868026642e+00	-9.328498800000000202e-01	1.012664649520927940e+00
3.348837209302325757e+00	3.836558668450233966e+00	-8.745727199999999701e-01	1.110565708522440964e+00
3.349837459364841674e+00	3.844875877230477634e+00	-8.162955600000000311e-01	7.842288451840646601e-01
3.350837709427357147e+00	3.852969518532334714e+00	-6.738402799999999582e-01	9.147635905194151373e-01
3.351837959489872620e+00	3.859183066123683226e+00	-6.026126399999999217e-01	5.557930408472013806e-01
3.352838209552388538e+00	3.863474997251100884e+00	-4.601573600000000153e-01	7.189614725163894215e-01
3.353838459614904011e+00	3.867221473285094024e+00	-3.759792400000000478e-01	3.926246091780131731e-01
3.354838709677419928e+00	3.871012239562883206e+00	-2.982763600000000181e-01	5.557930408472013806e-01
3.355838959739935401e+00	3.872428631242899488e+00	-1.336580000000000407e-02	3.273572365103378790e-01
3.356839209802450874e+00	3.869646409914975216e+00	-4.574200000000000488e-02	6.628774583963688294e-02
3.357839459864966791e+00	3.864092427239849581e+00	2.521190400000000165e-01	-9.688068582955121355e-02
3.358839709927482264e+00	3.857758814042591577e+00	4.140000400000000136e-01	-3.579501765002521818e-01
3.359839959989997737e+00	3.851193968639307297e+00	8.866925599999999630e-01	-6.190196671709531362e-01
3.360840210052513655e+00	3.843469254218322639e+00	1.126276440000000045e+00	-1.043257589510842243e+00
3.361840460115029128e+00	3.834049206371604956e+00	1.650770879999999829e+00	-1.271693393847705744e+00
3.362840710177544601e+00	3.824840804284391105e+00	1.592493720000000001e+00	-1.630663943519919501e+00
3.363840960240060518e+00	3.817672080658901734e+00	1.773800439999999812e+00	-1.271693393847705744e+00
3.364841210302575991e+00	3.811229706923955352e+00	1.870929040000000043e+00	-1.957000806858295805e+00
3.365841460365091464e+00	3.803444505572969092e+00	1.760849959999999825e+00	-1.336960766515380872e+00
3.366841710427607381e+00	3.794434980838703009e+00	1.877404279999999925e+00	-1.891733434190620455e+00
3.367841960490122855e+00	3.785588255329856988e+00	1.838552839999999744e+00	-1.532762884518406477e+00
3.368842210552638328e+00	3.778342987650929796e+00	1.456513680000000033e+00	-1.793832375189107875e+00
3.369842460615154245e+00	3.773972818525135331e+00	1.365860319999999906e+00	-1.141158648512355045e+00
3.370842710677669718e+00	3.772090846391413343e+00	7.507125199999999943e-01	-8.800891578416540906e-01
3.371842960740185191e+00	3.771195303170617130e+00	3.362971600000000394e-01	-2.600491174987393794e-01
3.372843210802701108e+00	3.772168939624611195e+00	5.138659999999999756e-02	-3.161331316187596802e-02
3.373843460865216581e+00	3.776894235495960039e+00	-3.630287599999999504e-01	3.599909228441755538e-01
3.374843710927732499e+00	3.783807009494027707e+00	-5.702364399999999556e-01	5.884267271810389444e-01
3.375843960990247972e+00	3.789804994681529315e+00	-7.062164799999999243e-01	7.842288451840646601e-01
3.376844211052763445e+00	3.795026973741717935e+00	-8.033450799999999337e-01	9.147635905194151373e-01
3.377844461115279362e+00	3.801986026247949457e+00	-9.328498800000000202e-01	9.147635905194151373e-01
3.378844711177794835e+00	3.811413637391337872e+00	-8.357212800000000108e-01	1.208466767523953767e+00
3.379844961240310308e+00	3.821369861827477177e+00	-9.328498800000000202e-01	1.012664649520927940e+00
3.380845211302826225e+00	3.829836072016037374e+00	-9.652260799999999863e-01	1.110565708522440964e+00
3.381845461365341698e+00	3.836738950721533481e+00	-8.810479599999999634e-01	9.473972768532528121e-01
3.382845711427857172e+00	3.843422512836383031e+00	-7.644936400000000853e-01	9.473972768532528121e-01
3.383845961490373089e+00	3.850593896258166726e+00	-7.385926799999998904e-01	8.821299041855775735e-01
3.384846211552888562e+00	3.857225771751933152e+00	-6.090878800000000259e-01	7.515951588502269853e-01
3.385846461615404035e+00	3.862494050887150809e+00	-5.767116799999999488e-01	6.536940998487140719e-01
3.386846711677919952e+00	3.867036917031773324e+00	-4.342563999999999869e-01	7.189614725163894215e-01
3.387846961740435425e+00	3.870909985722054358e+00	-3.889297199999999788e-01	3.926246091780131731e-01
3.388847211802950898e+00	3.872984196844964977e+00	-6.516772000000001230e-02	4.252582955118507924e-01
3.389847461865466816e+00	3.872077234753771524e+00	-2.631628000000000439e-02	6.628774583963688294e-02
3.390847711927982289e+00	3.867634433319733667e+00	9.023803999999999159e-02	9.892143217347457163e-02
3.391847961990497762e+00	3.860839582877918730e+00	4.010495599999999716e-01	-3.579501765002521818e-01
3.392848212053013679e+00	3.853640674024167101e+00	5.823562799999999484e-01	-4.884849218356027145e-01
3.393848462115529152e+00	3.845971768403923186e+00	1.003246880000000063e+00	-1.043257589510842243e+00
3.394848712178045069e+00	3.836735853729307255e+00	1.456513680000000033e+00	-1.173792334846192720e+00
3.395848962240560542e+00	3.826817480652341175e+00	1.922730959999999989e+00	-1.598030257186082048e+00
3.396849212303076015e+00	3.818341666014833713e+00	1.702572799999999775e+00	-1.304327080181543197e+00
3.397849462365591933e+00	3.811921532268313317e+00	1.877404279999999925e+00	-1.859099747856782781e+00
3.398849712428107406e+00	3.805940255808242689e+00	1.728473759999999970e+00	-1.565396570852244151e+00
3.399849962490622879e+00	3.798343617563042507e+00	1.870929040000000043e+00	-1.695931316187594851e+00
3.400850212553138796e+00	3.789180343449290778e+00	1.819127120000000097e+00	-1.793832375189107875e+00
3.401850462615654269e+00	3.780962715716376099e+00	1.806176639999999889e+00	-1.728565002521432525e+00
3.402850712678169742e+00	3.775851557899228883e+00	1.417662239999999851e+00	-1.271693393847705744e+00
3.403850962740685659e+00	3.773372727021147011e+00	9.967716399999999588e-01	-1.108524962178517592e+00
3.404851212803201133e+00	3.772221531974151443e+00	6.665344000000000824e-01	-5.537522945032778976e-01
3.405851462865716606e+00	3.772730548369068071e+00	6.433707999999999094e-02	-3.161331316187596802e-02
3.406851712928232523e+00	3.775548966739620926e+00	-2.076230000000000020e-01	1.641888048411497825e-01
3.407851962990747996e+00	3.779991831827418824e+00	-5.443354799999999827e-01	5.557930408472013806e-01
3.408852213053263469e+00	3.785977757827719614e+00	-6.608898000000000827e-01	7.515951588502269853e-01
3.409852463115779386e+00	3.793938478960552807e+00	-7.450679199999999947e-01	9.147635905194151373e-01
3.410852713178294859e+00	3.802040408660920079e+00	-8.292460400000000176e-01	9.473972768532528121e-01
3.411852963240810777e+00	3.809214452296892262e+00	-9.587508399999999931e-01	1.077932022188603289e+00
3.412853213303326250e+00	3.817343605334634571e+00	-9.652260799999999863e-01	1.045298335854765615e+00
3.413853463365841723e+00	3.826556213336609336e+00	-9.198994000000000337e-01	1.077932022188603289e+00
3.414853713428357640e+00	3.834915088939650829e+00	-8.875231999999999566e-01	1.110565708522440964e+00
3.415853963490873113e+00	3.841882897971039323e+00	-8.939984399999999498e-01	1.045298335854765615e+00
3.416854213553388586e+00	3.847999859415038859e+00	-7.968698400000000515e-01	9.800309631870904870e-01
3.417854463615904503e+00	3.853852566455893136e+00	-7.321174399999998972e-01	8.168625315179022239e-01
3.418854713678419976e+00	3.859809603410919276e+00	-5.961373999999999285e-01	7.189614725163894215e-01
3.419854963740935450e+00	3.865397811636998693e+00	-5.378602399999999895e-01	5.231593545133637058e-01
3.420855213803451367e+00	3.869538177105692256e+00	-3.759792400000000478e-01	4.578919818456884672e-01
3.421855463865966840e+00	3.871973992201861225e+00	-2.076230000000000020e-01	3.273572365103378790e-01
3.422855713928482313e+00	3.872956268769732091e+00	-1.299201200000000000e-01	1.968224911749873740e-01
3.423855963990998230e+00	3.871152989423778390e+00	7.728756000000000514e-02	1.020373171961676869e-03
3.424856214053513703e+00	3.865300741697207609e+00	3.945743200000000339e-01	-1.947817448310640853e-01
3.425856464116029176e+00	3.856957494079363169e+00	5.823562799999999484e-01	-3.905838628340898566e-01
3.426856714178545094e+00	3.848434576947542762e+00	9.320192400000000266e-01	-7.495544125063037244e-01
3.427856964241060567e+00	3.840079751049929158e+00	1.352909840000000141e+00	-1.010623903177004790e+00
3.428857214303576040e+00	3.830997422607695047e+00	1.501840359999999874e+00	-1.369594452849218325e+00
3.429857464366091957e+00	3.821724835791747932e+00	1.689622319999999789e+00	-1.500129198184569024e+00
3.430857714428607430e+00	3.814487867467890148e+00	1.838552839999999744e+00	-1.630663943519919501e+00
3.431857964491123347e+00	3.809060713581979840e+00	1.793226159999999902e+00	-1.695931316187594851e+00
3.432858214553638820e+00	3.802183616446590086e+00	1.838552839999999744e+00	-1.630663943519919501e+00
3.433858464616154293e+00	3.793001445355927093e+00	1.825602359999999980e+00	-1.761198688855269978e+00
3.434858714678670211e+00	3.783792471831094240e+00	1.851503319999999952e+00	-1.630663943519919501e+00
3.435858964741185684e+00	3.776567862441511547e+00	1.540691800000000056e+00	-1.304327080181543197e+00
3.436859214803701157e+00	3.772626721766168867e+00	1.229880280000000159e+00	-1.239059707513868069e+00
3.437859464866217074e+00	3.771629801682645500e+00	7.571877599999999875e-01	-3.905838628340898566e-01
3.438859714928732547e+00	3.771867757494604678e+00	2.974457200000000245e-01	-3.253164901664145625e-01
3.439859964991248020e+00	3.773364911367149688e+00	-1.817220400000000013e-01	9.892143217347457163e-02
3.440860215053763937e+00	3.777551028030476932e+00	-4.213059199999999449e-01	4.252582955118507924e-01
3.441860465116279411e+00	3.784619422616392725e+00	-6.414640799999999921e-01	7.515951588502269853e-01
3.442860715178794884e+00	3.792718984019267658e+00	-6.738402799999999582e-01	7.842288451840646601e-01
3.443860965241310801e+00	3.799829143853293179e+00	-7.839193599999999540e-01	1.045298335854765615e+00
3.444861215303826274e+00	3.806426894293490015e+00	-1.029978480000000030e+00	1.012664649520927940e+00
3.445861465366341747e+00	3.814406065364450704e+00	-9.846517999999999660e-01	1.077932022188603289e+00
3.446861715428857664e+00	3.823592170551561420e+00	-1.055879440000000002e+00	9.800309631870904870e-01
3.447861965491373137e+00	3.832169996961892977e+00	-9.328498800000000202e-01	9.800309631870904870e-01
3.448862215553889055e+00	3.839873116078234894e+00	-8.680974800000000879e-01	1.077932022188603289e+00
3.449862465616404528e+00	3.847335420934887562e+00	-8.227708000000000244e-01	7.842288451840646601e-01
3.450862715678920001e+00	3.853820902860106923e+00	-6.738402799999999582e-01	1.045298335854765615e+00
3.451862965741435918e+00	3.859014127400755889e+00	-5.961373999999999285e-01	6.536940998487140719e-01
3.452863215803951391e+00	3.864252153385041577e+00	-4.666325999999999530e-01	8.494962178517398987e-01
3.453863465866466864e+00	3.869120983637729605e+00	-4.018802000000000207e-01	4.905256681795260310e-01
3.454863715928982781e+00	3.871352406440561111e+00	-3.177020799999999978e-01	4.905256681795260310e-01
3.455863965991498254e+00	3.871236773008454257e+00	-1.984104000000000423e-02	1.315551185073121632e-01
3.456864216054013728e+00	3.870173674234449468e+00	-6.516772000000001230e-02	9.892143217347457163e-02
3.457864466116529645e+00	3.866835000004271272e+00	2.456437999999999955e-01	-1.621480584972264660e-01
3.458864716179045118e+00	3.860109549257154438e+00	3.945743200000000339e-01	-2.600491174987393794e-01
3.459864966241560591e+00	3.851821143454747354e+00	8.672668400000000943e-01	-6.190196671709531362e-01
3.460865216304076508e+00	3.843891976349128381e+00	1.087425000000000086e+00	-1.010623903177004790e+00
3.461865466366591981e+00	3.835907139013241096e+00	1.631345159999999739e+00	-1.206426021180030395e+00
3.462865716429107454e+00	3.826644579723952777e+00	1.579543240000000015e+00	-1.630663943519919501e+00
3.463865966491623372e+00	3.816769930581951353e+00	1.747899480000000061e+00	-1.304327080181543197e+00
3.464866216554138845e+00	3.808347886454480857e+00	1.851503319999999952e+00	-2.022268179525970933e+00
3.465866466616654318e+00	3.801981340813812782e+00	1.741424239999999957e+00	-1.402228139183055999e+00
3.466866716679170235e+00	3.795704085908198078e+00	1.845028079999999848e+00	-1.859099747856782781e+00
3.467866966741685708e+00	3.787742195092913100e+00	1.812651879999999993e+00	-1.565396570852244151e+00
3.468867216804201625e+00	3.779464665712526372e+00	1.443563199999999824e+00	-1.793832375189107875e+00
3.469867466866717098e+00	3.773384965294261484e+00	1.372335560000000010e+00	-1.075891275844679917e+00
3.470867716929232571e+00	3.770782516391300021e+00	7.118610800000001460e-01	-8.474554715078166378e-01
3.471867966991748489e+00	3.771732127362933173e+00	3.298219200000001017e-01	-2.926828038325769432e-01
3.472868217054263962e+00	3.774715464414337696e+00	3.843611999999999723e-02	-3.161331316187596802e-02
3.473868467116779435e+00	3.778442920722288711e+00	-3.695039999999999436e-01	3.926246091780131731e-01
3.474868717179295352e+00	3.783217877633700876e+00	-5.637612000000000734e-01	5.557930408472013806e-01
3.475868967241810825e+00	3.789175968859811228e+00	-6.997412400000000421e-01	7.515951588502269853e-01
3.476869217304326298e+00	3.796015240113950195e+00	-7.903945999999999472e-01	9.147635905194151373e-01
3.477869467366842215e+00	3.803375140522056608e+00	-9.328498800000000202e-01	1.012664649520927940e+00
3.478869717429357689e+00	3.811091303597489155e+00	-8.486717599999999972e-01	1.045298335854765615e+00
3.479869967491873162e+00	3.819518690013637752e+00	-9.393251199999999024e-01	1.110565708522440964e+00
3.480870217554389079e+00	3.828272742117288630e+00	-9.652260799999999863e-01	1.077932022188603289e+00
3.481870467616904552e+00	3.836420602172021965e+00	-9.004736800000000541e-01	1.012664649520927940e+00
3.482870717679420025e+00	3.843924916294155558e+00	-7.709688800000000786e-01	1.012664649520927940e+00
3.483870967741935942e+00	3.851009737649595532e+00	-7.450679199999999947e-01	9.800309631870904870e-01
3.484871217804451415e+00	3.857447391763785038e+00	-6.285136000000000056e-01	7.842288451840646601e-01
3.485871467866966888e+00	3.862826417377704047e+00	-6.026126399999999217e-01	6.863277861825517467e-01
3.486871717929482806e+00	3.866877504362632223e+00	-4.213059199999999449e-01	6.210604135148766192e-01
3.487871967991998279e+00	3.870172656247045762e+00	-3.889297199999999788e-01	4.905256681795260310e-01
3.488872218054514196e+00	3.872882697418087439e+00	-6.516772000000001230e-02	3.926246091780131731e-01
3.489872468117029669e+00	3.872823423393785713e+00	-3.926676000000000472e-02	1.315551185073121632e-01
3.490872718179545142e+00	3.868402842550137777e+00	8.376279999999999837e-02	1.315551185073121632e-01
3.491872968242061059e+00	3.861281557662183950e+00	4.010495599999999716e-01	-2.926828038325769432e-01
3.492873218304576532e+00	3.853313495217971063e+00	5.629305600000000798e-01	-4.558512355017650397e-01
3.493873468367092006e+00	3.845082797347923798e+00	1.003246880000000063e+00	-9.779902168431670040e-01
3.494873718429607923e+00	3.837094161906212886e+00	1.450038439999999929e+00	-1.043257589510842243e+00
3.495873968492123396e+00	3.829200265914459500e+00	1.909780479999999780e+00	-1.565396570852244151e+00
3.496874218554638869e+00	3.820700772908947940e+00	1.683147080000000129e+00	-1.173792334846192720e+00
3.497874468617154786e+00	3.811895478629526046e+00	1.864453799999999939e+00	-2.022268179525970933e+00
3.498874718679670259e+00	3.803972637714704508e+00	1.702572799999999775e+00	-1.500129198184569024e+00
3.499874968742185732e+00	3.796953509563518292e+00	1.845028079999999848e+00	-1.924367120524458352e+00
3.500875218804701650e+00	3.789427035387838760e+00	1.793226159999999902e+00	-1.728565002521432525e+00
3.501875468867217123e+00	3.780965863053607379e+00	1.767325200000000152e+00	-1.695931316187594851e+00
3.502875718929732596e+00	3.773829958071867718e+00	1.372335560000000010e+00	-1.173792334846192720e+00
3.503875968992248513e+00	3.770562173847932019e+00	9.902964000000000766e-01	-9.453565305093293292e-01
3.504876219054763986e+00	3.770722752121850263e+00	6.406334400000001095e-01	-3.253164901664145625e-01
3.505876469117279903e+00	3.772863611473726841e+00	3.843611999999999723e-02	-3.161331316187596802e-02
3.506876719179795376e+00	3.776526980522349586e+00	-2.205734800000000162e-01	9.892143217347457163e-02
3.507876969242310849e+00	3.781167650942811598e+00	-5.443354799999999827e-01	6.210604135148766192e-01
3.508877219304826767e+00	3.786626587562865076e+00	-6.803155199999999514e-01	5.884267271810389444e-01
3.509877469367342240e+00	3.793441344602495935e+00	-7.644936400000000853e-01	9.473972768532528121e-01
3.510877719429857713e+00	3.801351193616665292e+00	-8.292460400000000176e-01	8.494962178517398987e-01
3.511877969492373630e+00	3.809348728470098422e+00	-9.652260799999999863e-01	1.143199394856278639e+00
3.512878219554889103e+00	3.817484644145536787e+00	-9.781765600000000838e-01	9.147635905194151373e-01
3.513878469617404576e+00	3.826247690655428801e+00	-9.198994000000000337e-01	1.241100453857791219e+00
3.514878719679920493e+00	3.834758071118488321e+00	-8.939984399999999498e-01	1.045298335854765615e+00
3.515878969742435967e+00	3.841927047025175401e+00	-9.004736800000000541e-01	9.473972768532528121e-01
3.516879219804951440e+00	3.847964572101240766e+00	-8.098203199999999269e-01	9.147635905194151373e-01
3.517879469867467357e+00	3.853896194812251874e+00	-7.385926799999998904e-01	8.494962178517398987e-01
3.518879719929982830e+00	3.860178345114872567e+00	-6.026126399999999217e-01	6.863277861825517467e-01
3.519879969992498303e+00	3.865928247874575785e+00	-5.313849999999999962e-01	6.210604135148766192e-01
3.520880220055014220e+00	3.869870080485378505e+00	-3.695039999999999436e-01	4.905256681795260310e-01
3.521880470117529693e+00	3.871256812709648720e+00	-2.205734800000000162e-01	4.578919818456884672e-01
3.522880720180045167e+00	3.870596106787662194e+00	-1.363953600000000210e-01	1.968224911749873740e-01
3.523880970242561084e+00	3.869071142130384722e+00	5.138659999999999756e-02	-3.161331316187596802e-02
3.524881220305076557e+00	3.865748123332021891e+00	3.751485999999999432e-01	-1.621480584972264660e-01
3.525881470367592474e+00	3.858456781313758022e+00	5.694058000000000730e-01	-3.905838628340898566e-01
3.526881720430107947e+00	3.848110449120729637e+00	8.931677999999999562e-01	-7.169207261724660496e-01
3.527881970492623420e+00	3.838184007516172613e+00	1.333484120000000051e+00	-1.173792334846192720e+00
3.528882220555139337e+00	3.829985741644146735e+00	1.456513680000000033e+00	-1.336960766515380872e+00
3.529882470617654810e+00	3.822400100031320136e+00	1.670196599999999920e+00	-1.500129198184569024e+00
3.530882720680170284e+00	3.815027593066904199e+00	1.812651879999999993e+00	-1.663297629853757176e+00
3.531882970742686201e+00	3.807741227108174975e+00	1.767325200000000152e+00	-1.728565002521432525e+00
3.532883220805201674e+00	3.799956943816056310e+00	1.799701400000000007e+00	-1.598030257186082048e+00
3.533883470867717147e+00	3.791879545660482798e+00	1.819127120000000097e+00	-1.826466061522945328e+00
3.534883720930233064e+00	3.784067450567233593e+00	1.825602359999999980e+00	-1.598030257186082048e+00
3.535883970992748537e+00	3.777091548219155381e+00	1.482414640000000006e+00	-1.304327080181543197e+00
3.536884221055264010e+00	3.772367166549998263e+00	1.223405040000000055e+00	-1.239059707513868069e+00
3.537884471117779928e+00	3.771282297571974418e+00	7.507125199999999943e-01	-5.863859808371156834e-01
3.538884721180295401e+00	3.773150110055494277e+00	2.780200000000000449e-01	-2.274154311649017046e-01
3.539884971242810874e+00	3.775762605683402828e+00	-1.752468000000000081e-01	1.315551185073121632e-01
3.540885221305326791e+00	3.778480022180010334e+00	-4.213059199999999449e-01	4.252582955118507924e-01
3.541885471367842264e+00	3.783126092277593333e+00	-6.414640799999999921e-01	6.863277861825517467e-01
3.542885721430358181e+00	3.790880799140396551e+00	-6.803155199999999514e-01	8.494962178517398987e-01
3.543885971492873654e+00	3.799700588130883183e+00	-7.903945999999999472e-01	9.147635905194151373e-01
3.544886221555389128e+00	3.807327099688615046e+00	-1.029978480000000030e+00	1.045298335854765615e+00
3.545886471617905045e+00	3.814998019177976207e+00	-9.846517999999999660e-01	1.045298335854765615e+00
3.546886721680420518e+00	3.824210900209033426e+00	-1.055879440000000002e+00	1.045298335854765615e+00
3.547886971742935991e+00	3.832928606952495709e+00	-9.328498800000000202e-01	1.208466767523953767e+00
3.548887221805451908e+00	3.839442309887634242e+00	-8.810479599999999634e-01	1.012664649520927940e+00
3.549887471867967381e+00	3.845537228897228488e+00	-8.292460400000000176e-01	1.045298335854765615e+00
3.550887721930482854e+00	3.852441588626753788e+00	-6.803155199999999514e-01	7.842288451840646601e-01
3.551887971992998771e+00	3.859008404477666243e+00	-6.026126399999999217e-01	6.863277861825517467e-01
3.552888222055514245e+00	3.864595290677058426e+00	-4.795830800000000504e-01	6.536940998487140719e-01
3.553888472118029718e+00	3.869280802354190474e+00	-4.018802000000000207e-01	3.599909228441755538e-01
3.554888722180545635e+00	3.872345607781555010e+00	-3.047516000000000114e-01	5.231593545133637058e-01
3.555888972243061108e+00	3.872792649922385699e+00	-3.926676000000000472e-02	2.620898638426626404e-01
3.556889222305576581e+00	3.870562172335427764e+00	-6.516772000000001230e-02	1.968224911749873740e-01
3.557889472368092498e+00	3.866539829532790407e+00	2.326933200000000090e-01	-1.295143721633888190e-01
3.558889722430607971e+00	3.860967136459645843e+00	3.816238400000000475e-01	-2.600491174987393794e-01
3.559889972493123445e+00	3.852872644799577806e+00	8.672668400000000943e-01	-6.516533535047908110e-01
3.560890222555639362e+00	3.842539732182554069e+00	1.061524040000000113e+00	-9.453565305093293292e-01
3.561890472618154835e+00	3.832402367705349810e+00	1.624869920000000079e+00	-1.336960766515380872e+00
3.562890722680670752e+00	3.824700547792338146e+00	1.592493720000000001e+00	-1.598030257186082048e+00
3.563890972743186225e+00	3.819183593057202231e+00	1.741424239999999957e+00	-1.369594452849218325e+00
3.564891222805701698e+00	3.813000767912044342e+00	1.832077599999999862e+00	-1.826466061522945328e+00
3.565891472868217615e+00	3.804385824148125650e+00	1.721998519999999866e+00	-1.336960766515380872e+00
3.566891722930733089e+00	3.794821491990532536e+00	1.825602359999999980e+00	-1.761198688855269978e+00
3.567891972993248562e+00	3.785956030349451495e+00	1.799701400000000007e+00	-1.532762884518406477e+00
3.568892223055764479e+00	3.778434636901212063e+00	1.437087959999999942e+00	-1.728565002521432525e+00
3.569892473118279952e+00	3.773333916122020959e+00	1.352909840000000141e+00	-1.075891275844679917e+00
3.570892723180795425e+00	3.771154439737889330e+00	6.924353600000000553e-01	-8.474554715078166378e-01
3.571892973243311342e+00	3.771315520850225589e+00	3.168714400000000042e-01	-2.926828038325769432e-01
3.572893223305826815e+00	3.773513953146118816e+00	1.253515999999999658e-02	1.020373171961676869e-03
3.573893473368342288e+00	3.777648187251291478e+00	-3.630287599999999504e-01	3.926246091780131731e-01
3.574893723430858206e+00	3.783364178457464089e+00	-5.831869200000000530e-01	6.536940998487140719e-01
3.575893973493373679e+00	3.790179199049150238e+00	-7.191669600000000218e-01	8.821299041855775735e-01
3.576894223555889152e+00	3.797175301869459396e+00	-8.162955600000000311e-01	8.168625315179022239e-01
3.577894473618405069e+00	3.804004980866110053e+00	-9.458003599999998956e-01	1.012664649520927940e+00
3.578894723680920542e+00	3.811511831109502424e+00	-8.486717599999999972e-01	1.175833081190116092e+00
3.579894973743436015e+00	3.819754550339204968e+00	-9.393251199999999024e-01	1.077932022188603289e+00
3.580895223805951932e+00	3.827934937009180416e+00	-9.717013200000000905e-01	1.045298335854765615e+00
3.581895473868467406e+00	3.836048310734306632e+00	-8.875231999999999566e-01	1.045298335854765615e+00
3.582895723930983323e+00	3.843858508571048382e+00	-7.644936400000000853e-01	9.147635905194151373e-01
3.583895973993498796e+00	3.850498559660710196e+00	-7.515431599999999879e-01	9.800309631870904870e-01
3.584896224056014269e+00	3.856510932350794452e+00	-6.090878800000000259e-01	8.494962178517398987e-01
3.585896474118530186e+00	3.862920355029249464e+00	-6.026126399999999217e-01	6.863277861825517467e-01
3.586896724181045659e+00	3.868380891414328282e+00	-4.277811600000000491e-01	5.557930408472013806e-01
3.587896974243561132e+00	3.870956563756525970e+00	-4.018802000000000207e-01	4.252582955118507924e-01
3.588897224306077050e+00	3.871489677959862874e+00	-7.811819999999999875e-02	3.926246091780131731e-01
3.589897474368592523e+00	3.871371462404838315e+00	-4.574200000000000488e-02	1.641888048411497825e-01
3.590897724431107996e+00	3.869403084238694834e+00	9.671327999999999869e-02	3.365405950579927752e-02
3.591897974493623913e+00	3.864191283507168340e+00	3.751485999999999432e-01	-3.253164901664145625e-01
3.592898224556139386e+00	3.856232263413680528e+00	5.758810400000000662e-01	-4.558512355017650397e-01
3.593898474618654859e+00	3.846639867294235682e+00	9.967716399999999588e-01	-9.453565305093293292e-01
3.594898724681170776e+00	3.836981130500534132e+00	1.417662239999999851e+00	-1.043257589510842243e+00
3.595898974743686249e+00	3.828657096409787020e+00	1.896830000000000016e+00	-1.532762884518406477e+00
3.596899224806201723e+00	3.820969259436921561e+00	1.657246119999999934e+00	-1.304327080181543197e+00
3.597899474868717640e+00	3.812761070281381226e+00	1.851503319999999952e+00	-1.924367120524458352e+00
3.598899724931233113e+00	3.804983816242157868e+00	1.702572799999999775e+00	-1.500129198184569024e+00
3.599899974993749030e+00	3.798157617166152633e+00	1.832077599999999862e+00	-1.761198688855269978e+00
3.600900225056264503e+00	3.790618676563976219e+00	1.793226159999999902e+00	-1.500129198184569024e+00
3.601900475118779976e+00	3.782075535514518805e+00	1.767325200000000152e+00	-1.728565002521432525e+00
3.602900725181295893e+00	3.774868842216160481e+00	1.365860319999999906e+00	-1.010623903177004790e+00
3.603900975243811367e+00	3.771063585778532179e+00	9.643954399999999927e-01	-1.206426021180030395e+00
3.604901225306326840e+00	3.770825004948790582e+00	6.341582000000000052e-01	-4.232175491679274204e-01
3.605901475368842757e+00	3.772927244578564654e+00	3.843611999999999723e-02	-1.947817448310640853e-01
3.606901725431358230e+00	3.776547290276154101e+00	-2.399992000000000236e-01	6.628774583963688294e-02
3.607901975493873703e+00	3.781957151242926418e+00	-5.572859600000000802e-01	6.210604135148766192e-01
3.608902225556389620e+00	3.788911542502710894e+00	-6.738402799999999582e-01	6.210604135148766192e-01
3.609902475618905093e+00	3.796167908565800886e+00	-7.709688800000000786e-01	1.012664649520927940e+00
3.610902725681420566e+00	3.802675551961448797e+00	-8.357212800000000108e-01	8.494962178517398987e-01
3.611902975743936484e+00	3.808926952987553349e+00	-9.717013200000000905e-01	1.175833081190116092e+00
3.612903225806451957e+00	3.816453448865560816e+00	-9.781765600000000838e-01	1.012664649520927940e+00
3.613903475868967430e+00	3.825215424157524691e+00	-9.263746400000000270e-01	1.175833081190116092e+00
3.614903725931483347e+00	3.833766396444473479e+00	-9.004736800000000541e-01	8.821299041855775735e-01
3.615903975993998820e+00	3.841851578056183936e+00	-9.004736800000000541e-01	1.110565708522440964e+00
3.616904226056514293e+00	3.849927682846088661e+00	-8.098203199999999269e-01	9.147635905194151373e-01
3.617904476119030210e+00	3.857053985983847078e+00	-7.321174399999998972e-01	9.473972768532528121e-01
3.618904726181545684e+00	3.861936686767849736e+00	-6.026126399999999217e-01	6.210604135148766192e-01
3.619904976244061601e+00	3.865456789271140003e+00	-5.443354799999999827e-01	6.536940998487140719e-01
3.620905226306577074e+00	3.869065895840850811e+00	-3.759792400000000478e-01	5.231593545133637058e-01
3.621905476369092547e+00	3.871764128588535581e+00	-2.270487200000000094e-01	3.599909228441755538e-01
3.622905726431608464e+00	3.871990162142110226e+00	-1.363953600000000210e-01	1.641888048411497825e-01
3.623905976494123937e+00	3.869844127179980831e+00	4.491135999999999739e-02	1.020373171961676869e-03
3.624906226556639410e+00	3.865715174718693525e+00	3.557228800000000746e-01	-1.295143721633888190e-01
3.625906476619155328e+00	3.859166043146385672e+00	5.435048399999999891e-01	-4.558512355017650397e-01
3.626906726681670801e+00	3.850259507165734174e+00	8.866925599999999630e-01	-6.516533535047908110e-01
3.627906976744186274e+00	3.840682650339639626e+00	1.320533639999999842e+00	-1.075891275844679917e+00
3.628907226806702191e+00	3.831342384295237657e+00	1.430612719999999838e+00	-1.336960766515380872e+00
3.629907476869217664e+00	3.821753378995551120e+00	1.650770879999999829e+00	-1.500129198184569024e+00
3.630907726931733137e+00	3.813102233414055409e+00	1.780275679999999916e+00	-1.565396570852244151e+00
3.631907976994249054e+00	3.806613844209710162e+00	1.754374719999999943e+00	-1.532762884518406477e+00
3.632908227056764527e+00	3.800952549353485921e+00	1.786750920000000020e+00	-1.532762884518406477e+00
3.633908477119280001e+00	3.794272431507822230e+00	1.793226159999999902e+00	-1.859099747856782781e+00
3.634908727181795918e+00	3.785873665004594546e+00	1.812651879999999993e+00	-1.565396570852244151e+00
3.635908977244311391e+00	3.777243302911500678e+00	1.469464160000000019e+00	-1.336960766515380872e+00
3.636909227306827308e+00	3.771406894976711666e+00	1.210454560000000068e+00	-1.108524962178517592e+00
3.637909477369342781e+00	3.769651594430299291e+00	7.118610800000001460e-01	-5.863859808371156834e-01
3.638909727431858254e+00	3.771251037048761745e+00	2.650695199999999474e-01	-1.947817448310640853e-01
3.639909977494374171e+00	3.775358804682670044e+00	-2.011477600000000088e-01	1.315551185073121632e-01
3.640910227556889645e+00	3.780798466635253874e+00	-4.277811600000000491e-01	4.578919818456884672e-01
3.641910477619405118e+00	3.786343245993795570e+00	-6.544145599999999785e-01	6.863277861825517467e-01
3.642910727681921035e+00	3.792250892293587139e+00	-6.932660000000000489e-01	8.494962178517398987e-01
3.643910977744436508e+00	3.799201286291541191e+00	-8.033450799999999337e-01	9.473972768532528121e-01
3.644911227806951981e+00	3.806824361472667562e+00	-1.042928960000000016e+00	9.800309631870904870e-01
3.645911477869467898e+00	3.814776676497823704e+00	-9.911270399999999592e-01	1.012664649520927940e+00
3.646911727931983371e+00	3.823348170061912299e+00	-1.055879440000000002e+00	1.045298335854765615e+00
3.647911977994498844e+00	3.832246898583146599e+00	-9.393251199999999024e-01	1.077932022188603289e+00
3.648912228057014762e+00	3.840103296407083810e+00	-8.810479599999999634e-01	9.800309631870904870e-01
3.649912478119530235e+00	3.846503400073990164e+00	-8.421965199999998930e-01	9.147635905194151373e-01
3.650912728182045708e+00	3.852683821376659878e+00	-6.997412400000000421e-01	9.800309631870904870e-01
3.651912978244561625e+00	3.858911218365661977e+00	-6.090878800000000259e-01	8.494962178517398987e-01
3.652913228307077098e+00	3.864153618517909727e+00	-4.925335599999999814e-01	7.515951588502269853e-01
3.653913478369592571e+00	3.868061392419578581e+00	-4.083554400000000140e-01	7.515951588502269853e-01
3.654913728432108488e+00	3.870571630837186472e+00	-2.982763600000000181e-01	3.273572365103378790e-01
3.655913978494623962e+00	3.871006385913491776e+00	-5.221724000000000504e-02	2.947235501765002597e-01
3.656914228557139879e+00	3.869102374712738879e+00	-9.106868000000001295e-02	-6.424699949571360813e-02
3.657914478619655352e+00	3.865095136642846096e+00	2.197428399999999948e-01	-1.295143721633888190e-01
3.658914728682170825e+00	3.858954567692093551e+00	3.880990800000000407e-01	-4.232175491679274204e-01
3.659914978744686742e+00	3.851618090129954375e+00	8.478411200000001147e-01	-7.495544125063037244e-01
3.660915228807202215e+00	3.844365966392374379e+00	1.055048800000000009e+00	-7.821880988401412882e-01
3.661915478869717688e+00	3.836356256033809586e+00	1.592493720000000001e+00	-1.271693393847705744e+00
3.662915728932233606e+00	3.826628331889275092e+00	1.586018479999999897e+00	-1.467495511850731349e+00
3.663915978994749079e+00	3.816787348072943065e+00	1.709048039999999880e+00	-1.467495511850731349e+00
3.664916229057264552e+00	3.808807738849172342e+00	1.819127120000000097e+00	-1.826466061522945328e+00
3.665916479119780469e+00	3.802264074277168948e+00	1.696097560000000115e+00	-1.532762884518406477e+00
3.666916729182295942e+00	3.795470285664337862e+00	1.812651879999999993e+00	-1.761198688855269978e+00
3.667916979244811415e+00	3.787701087681528467e+00	1.767325200000000152e+00	-1.598030257186082048e+00
3.668917229307327332e+00	3.779571259351125256e+00	1.424137479999999734e+00	-1.630663943519919501e+00
3.669917479369842805e+00	3.773348876299218890e+00	1.339959359999999933e+00	-1.173792334846192720e+00
3.670917729432358279e+00	3.771213110233434307e+00	6.924353600000000553e-01	-6.842870398386284858e-01
3.671917979494874196e+00	3.771989768744573812e+00	2.844952399999999826e-01	-2.600491174987393794e-01
3.672918229557389669e+00	3.773698018582674951e+00	1.253515999999999658e-02	3.365405950579927752e-02
3.673918479619905142e+00	3.776933161427483920e+00	-3.824544800000000411e-01	3.926246091780131731e-01
3.674918729682421059e+00	3.782201115342584519e+00	-5.702364399999999556e-01	5.231593545133637058e-01
3.675918979744936532e+00	3.788776973518431124e+00	-7.126917200000000285e-01	7.842288451840646601e-01
3.676919229807452449e+00	3.796442416253352992e+00	-8.227708000000000244e-01	8.494962178517398987e-01
3.677919479869967923e+00	3.804769805575532349e+00	-9.458003599999998956e-01	1.077932022188603289e+00
3.678919729932483396e+00	3.812890430771672001e+00	-8.421965199999998930e-01	1.077932022188603289e+00
3.679919979994999313e+00	3.820749604762740947e+00	-9.328498800000000202e-01	1.110565708522440964e+00
3.680920230057514786e+00	3.828759778950970194e+00	-9.846517999999999660e-01	1.045298335854765615e+00
3.681920480120030259e+00	3.836840358352499702e+00	-9.069489200000000473e-01	1.143199394856278639e+00
3.682920730182546176e+00	3.844221700697101785e+00	-7.709688800000000786e-01	9.147635905194151373e-01
3.683920980245061649e+00	3.850605707537108735e+00	-7.580183999999999811e-01	1.012664649520927940e+00
3.684921230307577122e+00	3.856852359372165751e+00	-6.155631200000000192e-01	7.189614725163894215e-01
3.685921480370093040e+00	3.863158131012406571e+00	-6.155631200000000192e-01	7.515951588502269853e-01
3.686921730432608513e+00	3.868478203449662089e+00	-4.342563999999999869e-01	5.884267271810389444e-01
3.687921980495123986e+00	3.871931826270796684e+00	-4.277811600000000491e-01	4.252582955118507924e-01
3.688922230557639903e+00	3.873073445016096183e+00	-8.459344000000000585e-02	2.947235501765002597e-01
3.689922480620155376e+00	3.871972954775019016e+00	-5.221724000000000504e-02	1.315551185073121632e-01
3.690922730682670849e+00	3.869003079594538264e+00	6.433707999999999094e-02	1.020373171961676869e-03
3.691922980745186766e+00	3.863788843921165395e+00	3.557228800000000746e-01	-2.926828038325769432e-01
3.692923230807702240e+00	3.856212168792521933e+00	5.629305600000000798e-01	-5.211186081694403338e-01
3.693923480870218157e+00	3.847616657010203944e+00	9.708706800000000969e-01	-9.453565305093293292e-01
3.694923730932733630e+00	3.839174413731386792e+00	1.398236519999999983e+00	-1.075891275844679917e+00
3.695923980995249103e+00	3.830725996568805414e+00	1.857978559999999835e+00	-1.500129198184569024e+00
3.696924231057765020e+00	3.822047696980752640e+00	1.637820399999999843e+00	-1.239059707513868069e+00
3.697924481120280493e+00	3.813588921919091490e+00	1.825602359999999980e+00	-1.924367120524458352e+00
3.698924731182795966e+00	3.805519817476885613e+00	1.676671840000000024e+00	-1.402228139183055999e+00
3.699924981245311884e+00	3.797812450619831193e+00	1.806176639999999889e+00	-1.728565002521432525e+00
3.700925231307827357e+00	3.790506008761130197e+00	1.760849959999999825e+00	-1.565396570852244151e+00
3.701925481370342830e+00	3.783318683154738071e+00	1.728473759999999970e+00	-1.793832375189107875e+00
3.702925731432858747e+00	3.776681558658248949e+00	1.352909840000000141e+00	-1.075891275844679917e+00
3.703925981495374220e+00	3.772313420782236637e+00	9.579201999999999995e-01	-1.075891275844679917e+00
3.704926231557889693e+00	3.771770350117282344e+00	6.212077200000000188e-01	-2.926828038325769432e-01
3.705926481620405610e+00	3.774221352074558222e+00	-6.890560000000003904e-03	-1.947817448310640853e-01
3.706926731682921083e+00	3.777426057121811898e+00	-2.399992000000000236e-01	3.926246091780131731e-01
3.707926981745436557e+00	3.781306225561959167e+00	-5.702364399999999556e-01	5.231593545133637058e-01
3.708927231807952474e+00	3.786875373409622991e+00	-6.803155199999999514e-01	7.515951588502269853e-01
3.709927481870467947e+00	3.793761222576390590e+00	-7.903945999999999472e-01	8.494962178517398987e-01
3.710927731932983420e+00	3.801468468226263830e+00	-8.357212800000000108e-01	8.494962178517398987e-01
3.711927981995499337e+00	3.809799952297192149e+00	-9.717013200000000905e-01	1.077932022188603289e+00
3.712928232058014810e+00	3.818204921500929050e+00	-9.846517999999999660e-01	7.842288451840646601e-01
3.713928482120530727e+00	3.826565891438453715e+00	-9.393251199999999024e-01	1.143199394856278639e+00
3.714928732183046201e+00	3.835337264955763548e+00	-9.198994000000000337e-01	1.110565708522440964e+00
3.715928982245561674e+00	3.843748395649282834e+00	-9.004736800000000541e-01	1.110565708522440964e+00
3.716929232308077591e+00	3.849623619731286084e+00	-8.162955600000000311e-01	9.147635905194151373e-01
3.717929482370593064e+00	3.853522522872898648e+00	-7.450679199999999947e-01	9.800309631870904870e-01
3.718929732433108537e+00	3.858844775225897195e+00	-6.155631200000000192e-01	6.863277861825517467e-01
3.719929982495624454e+00	3.865512575456721667e+00	-5.378602399999999895e-01	6.863277861825517467e-01
3.720930232558139927e+00	3.870357964180097810e+00	-4.018802000000000207e-01	2.947235501765002597e-01
3.721930482620655400e+00	3.872451808296385689e+00	-2.205734800000000162e-01	5.884267271810389444e-01
3.722930732683171318e+00	3.872347796227802785e+00	-1.622963199999999939e-01	1.968224911749873740e-01
3.723930982745686791e+00	3.869844039896650933e+00	5.138659999999999756e-02	1.641888048411497825e-01
3.724931232808202264e+00	3.864786368154899954e+00	3.362971600000000394e-01	-1.295143721633888190e-01
3.725931482870718181e+00	3.857642531708644462e+00	5.370296000000001069e-01	-3.579501765002521818e-01
3.726931732933233654e+00	3.848783869023844950e+00	8.996430400000000605e-01	-6.842870398386284858e-01
3.727931982995749127e+00	3.838951185661105381e+00	1.281682200000000105e+00	-1.141158648512355045e+00
3.728932233058265044e+00	3.830252399122056950e+00	1.398236519999999983e+00	-1.304327080181543197e+00
3.729932483120780518e+00	3.823629413346057326e+00	1.618394679999999752e+00	-1.402228139183055999e+00
3.730932733183296435e+00	3.816936005445680458e+00	1.780275679999999916e+00	-1.565396570852244151e+00
3.731932983245811908e+00	3.808798078803387721e+00	1.734948999999999852e+00	-1.695931316187594851e+00
3.732933233308327381e+00	3.800785143513534692e+00	1.773800439999999812e+00	-1.500129198184569024e+00
3.733933483370843298e+00	3.793509031903040452e+00	1.767325200000000152e+00	-1.826466061522945328e+00
3.734933733433358771e+00	3.785553394302282992e+00	1.786750920000000020e+00	-1.467495511850731349e+00
3.735933983495874244e+00	3.777130399656902338e+00	1.456513680000000033e+00	-1.304327080181543197e+00
3.736934233558390162e+00	3.770986858740918990e+00	1.184553600000000095e+00	-1.141158648512355045e+00
3.737934483620905635e+00	3.769419702702927921e+00	7.118610800000001460e-01	-5.863859808371156834e-01
3.738934733683421108e+00	3.771582458876215682e+00	2.585942800000000097e-01	-9.688068582955121355e-02
3.739934983745937025e+00	3.775190347441756966e+00	-2.076230000000000020e-01	6.628774583963688294e-02
3.740935233808452498e+00	3.780066327336196075e+00	-4.277811600000000491e-01	4.905256681795260310e-01
3.741935483870967971e+00	3.786749525736778921e+00	-6.544145599999999785e-01	6.536940998487140719e-01
3.742935733933483888e+00	3.793803239970872543e+00	-6.997412400000000421e-01	8.821299041855775735e-01
3.743935983995999361e+00	3.800277486794033432e+00	-8.098203199999999269e-01	9.147635905194151373e-01
3.744936234058514835e+00	3.807442324436579373e+00	-1.042928960000000016e+00	1.045298335854765615e+00
3.745936484121030752e+00	3.815440392608715037e+00	-9.976022799999999524e-01	9.800309631870904870e-01
3.746936734183546225e+00	3.823106177180380261e+00	-1.062354679999999885e+00	1.110565708522440964e+00
3.747936984246061698e+00	3.831370178564654783e+00	-9.328498800000000202e-01	1.077932022188603289e+00
3.748937234308577615e+00	3.840937290732365117e+00	-8.875231999999999566e-01	1.045298335854765615e+00
3.749937484371093088e+00	3.849427293214312318e+00	-8.292460400000000176e-01	1.012664649520927940e+00
3.750937734433609005e+00	3.855449047175330435e+00	-6.867907599999999446e-01	9.473972768532528121e-01
3.751937984496124479e+00	3.860644398999363069e+00	-6.349888400000001099e-01	7.515951588502269853e-01
3.752938234558639952e+00	3.865964444287614654e+00	-4.860583200000000437e-01	6.210604135148766192e-01
3.753938484621155869e+00	3.870629168644587281e+00	-4.083554400000000140e-01	5.557930408472013806e-01
3.754938734683671342e+00	3.873668559017687141e+00	-3.047516000000000114e-01	3.926246091780131731e-01
3.755938984746186815e+00	3.873939078246615875e+00	-5.869248000000000520e-02	3.599909228441755538e-01
3.756939234808702732e+00	3.871291576466515671e+00	-7.811819999999999875e-02	3.365405950579927752e-02
3.757939484871218205e+00	3.866676447595712052e+00	2.262180799999999881e-01	1.020373171961676869e-03
3.758939734933733678e+00	3.860285893016207392e+00	3.621981200000000678e-01	-3.579501765002521818e-01
3.759939984996249596e+00	3.852579218957556062e+00	8.413658800000000104e-01	-4.884849218356027145e-01
3.760940235058765069e+00	3.844225077852359007e+00	1.022672600000000154e+00	-1.010623903177004790e+00
3.761940485121280542e+00	3.834862660124425560e+00	1.566592759999999807e+00	-1.141158648512355045e+00
3.762940735183796459e+00	3.825305982375387437e+00	1.560117519999999924e+00	-1.728565002521432525e+00
3.763940985246311932e+00	3.817260595832818737e+00	1.683147080000000129e+00	-1.369594452849218325e+00
3.764941235308827405e+00	3.810191881033557770e+00	1.806176639999999889e+00	-1.826466061522945328e+00
3.765941485371343322e+00	3.802590894487041240e+00	1.683147080000000129e+00	-1.434861825516893896e+00
3.766941735433858796e+00	3.794342270081003221e+00	1.793226159999999902e+00	-1.728565002521432525e+00
3.767941985496374269e+00	3.786103274092289972e+00	1.741424239999999957e+00	-1.500129198184569024e+00
3.768942235558890186e+00	3.779100722657653844e+00	1.404711760000000087e+00	-1.598030257186082048e+00
3.769942485621405659e+00	3.774245383326074954e+00	1.339959359999999933e+00	-1.108524962178517592e+00
3.770942735683921576e+00	3.770982568828249448e+00	6.859601199999999510e-01	-7.495544125063037244e-01
3.771942985746437049e+00	3.769881251032418668e+00	2.909704799999999758e-01	-3.253164901664145625e-01
3.772943235808952522e+00	3.773042737417648063e+00	6.059919999999996421e-03	9.892143217347457163e-02
3.773943485871468440e+00	3.779487850944992733e+00	-3.824544800000000411e-01	3.273572365103378790e-01
3.774943735933983913e+00	3.785526988308055785e+00	-5.767116799999999488e-01	6.863277861825517467e-01
3.775943985996499386e+00	3.790611751863189660e+00	-7.126917200000000285e-01	7.189614725163894215e-01
3.776944236059015303e+00	3.797214989942432783e+00	-8.098203199999999269e-01	9.473972768532528121e-01
3.777944486121530776e+00	3.805424488297265651e+00	-9.587508399999999931e-01	1.110565708522440964e+00
3.778944736184046249e+00	3.813292669970420601e+00	-8.551469999999999905e-01	1.110565708522440964e+00
3.779944986246562166e+00	3.820841218096667991e+00	-9.458003599999998956e-01	1.110565708522440964e+00
3.780945236309077639e+00	3.828919191788878962e+00	-9.717013200000000905e-01	1.045298335854765615e+00
3.781945486371593113e+00	3.837308706486938448e+00	-9.134241599999999295e-01	1.045298335854765615e+00
3.782945736434109030e+00	3.845372050760514693e+00	-7.903945999999999472e-01	9.800309631870904870e-01
3.783945986496624503e+00	3.851885782545895420e+00	-7.580183999999999811e-01	1.045298335854765615e+00
3.784946236559139976e+00	3.856481689592738515e+00	-6.349888400000001099e-01	7.515951588502269853e-01
3.785946486621655893e+00	3.860863820834331328e+00	-6.155631200000000192e-01	7.515951588502269853e-01
3.786946736684171366e+00	3.866206450343328882e+00	-4.472068799999999733e-01	6.210604135148766192e-01
3.787946986746687283e+00	3.871035925452537274e+00	-4.277811600000000491e-01	4.578919818456884672e-01
3.788947236809202757e+00	3.872856591125732884e+00	-9.106868000000001295e-02	1.968224911749873740e-01
3.789947486871718230e+00	3.871279115563951212e+00	-5.869248000000000520e-02	3.365405950579927752e-02
3.790947736934234147e+00	3.867557823463831923e+00	3.843611999999999723e-02	3.365405950579927752e-02
3.791947986996749620e+00	3.862156936566869980e+00	3.362971600000000394e-01	-2.274154311649017046e-01
3.792948237059265093e+00	3.855064294308681028e+00	5.370296000000001069e-01	-5.211186081694403338e-01
3.793948487121781010e+00	3.846392964328863240e+00	9.838211600000000834e-01	-8.474554715078166378e-01
3.794948737184296483e+00	3.836634296176824499e+00	1.378810799999999892e+00	-1.010623903177004790e+00
3.795948987246811956e+00	3.827154728563094022e+00	1.845028079999999848e+00	-1.434861825516893896e+00
3.796949237309327874e+00	3.819200101904959066e+00	1.624869920000000079e+00	-1.239059707513868069e+00
3.797949487371843347e+00	3.812822270598338559e+00	1.812651879999999993e+00	-1.891733434190620455e+00
3.798949737434358820e+00	3.806745686029067155e+00	1.644295639999999947e+00	-1.500129198184569024e+00
3.799949987496874737e+00	3.799292783111099414e+00	1.773800439999999812e+00	-1.728565002521432525e+00
3.800950237559390210e+00	3.790180169673182942e+00	1.734948999999999852e+00	-1.630663943519919501e+00
3.801950487621905683e+00	3.781057827536971949e+00	1.702572799999999775e+00	-1.695931316187594851e+00
3.802950737684421600e+00	3.774065302914270337e+00	1.320533639999999842e+00	-1.043257589510842243e+00
3.803950987746937074e+00	3.770180179689774924e+00	9.514449600000001173e-01	-1.075891275844679917e+00
3.804951237809452547e+00	3.769393904211966184e+00	5.888315200000000527e-01	-3.253164901664145625e-01
3.805951487871968464e+00	3.771718190219826017e+00	6.059919999999996421e-03	-1.295143721633888190e-01
3.806951737934483937e+00	3.776737524270422863e+00	-2.464744400000000168e-01	2.947235501765002597e-01
3.807951987996999854e+00	3.782567684615285586e+00	-5.637612000000000734e-01	5.231593545133637058e-01
3.808952238059515327e+00	3.787528528414184414e+00	-6.803155199999999514e-01	6.536940998487140719e-01
3.809952488122030800e+00	3.792877407260514921e+00	-7.774441199999999608e-01	8.821299041855775735e-01
3.810952738184546718e+00	3.800747137339894000e+00	-8.421965199999998930e-01	1.045298335854765615e+00
3.811952988247062191e+00	3.810495963419640475e+00	-9.846517999999999660e-01	1.110565708522440964e+00
3.812953238309577664e+00	3.819370685524977826e+00	-9.781765600000000838e-01	1.208466767523953767e+00
3.813953488372093581e+00	3.825782706309247327e+00	-9.458003599999998956e-01	1.175833081190116092e+00
3.814953738434609054e+00	3.831573077987444176e+00	-9.134241599999999295e-01	1.077932022188603289e+00
3.815953988497124527e+00	3.839387941003374660e+00	-9.328498800000000202e-01	1.012664649520927940e+00
3.816954238559640444e+00	3.848461380910666474e+00	-8.292460400000000176e-01	8.494962178517398987e-01
3.817954488622155917e+00	3.856214128411322939e+00	-7.385926799999998904e-01	8.494962178517398987e-01
3.818954738684671391e+00	3.862055196249104760e+00	-6.026126399999999217e-01	6.210604135148766192e-01
3.819954988747187308e+00	3.867105083750008276e+00	-5.443354799999999827e-01	7.842288451840646601e-01
3.820955238809702781e+00	3.871493851748482484e+00	-3.824544800000000411e-01	4.578919818456884672e-01
3.821955488872218254e+00	3.873586839876161925e+00	-2.399992000000000236e-01	5.884267271810389444e-01
3.822955738934734171e+00	3.872358314952728087e+00	-1.817220400000000013e-01	2.947235501765002597e-01
3.823955988997249644e+00	3.868968540993535932e+00	2.548563999999999691e-02	1.641888048411497825e-01
3.824956239059765561e+00	3.864423723666835286e+00	3.362971600000000394e-01	-2.926828038325769432e-01
3.825956489122281035e+00	3.858415071828077636e+00	5.370296000000001069e-01	-3.579501765002521818e-01
3.826956739184796508e+00	3.850949217227308985e+00	8.478411200000001147e-01	-8.148217851739789630e-01
3.827956989247312425e+00	3.841882287286585651e+00	1.301107919999999973e+00	-1.010623903177004790e+00
3.828957239309827898e+00	3.831840996697130297e+00	1.359385079999999801e+00	-1.336960766515380872e+00
3.829957489372343371e+00	3.823670082930886505e+00	1.611919440000000092e+00	-1.271693393847705744e+00
3.830957739434859288e+00	3.817784403239828261e+00	1.760849959999999825e+00	-1.434861825516893896e+00
3.831957989497374761e+00	3.810641092248152617e+00	1.715523279999999984e+00	-1.793832375189107875e+00
3.832958239559890234e+00	3.800797002612537501e+00	1.747899480000000061e+00	-1.565396570852244151e+00
3.833958489622406152e+00	3.790773835948320514e+00	1.747899480000000061e+00	-1.859099747856782781e+00
3.834958739684921625e+00	3.782961131054384474e+00	1.760849959999999825e+00	-1.532762884518406477e+00
3.835958989747437098e+00	3.777480519632671285e+00	1.424137479999999734e+00	-1.271693393847705744e+00
3.836959239809953015e+00	3.773983247681264253e+00	1.178078360000000213e+00	-1.108524962178517592e+00
3.837959489872468488e+00	3.772563245092650064e+00	6.924353600000000553e-01	-4.884849218356027145e-01
3.838959739934983961e+00	3.772923497079448296e+00	2.391685600000000023e-01	3.365405950579927752e-02
3.839959989997499878e+00	3.775215148014664734e+00	-2.140982399999999952e-01	9.892143217347457163e-02
3.840960240060015352e+00	3.779896329764763419e+00	-4.536821200000000776e-01	5.231593545133637058e-01
3.841960490122530825e+00	3.785966246199216734e+00	-6.414640799999999921e-01	5.884267271810389444e-01
3.842960740185046742e+00	3.791809476336498008e+00	-6.932660000000000489e-01	9.147635905194151373e-01
3.843960990247562215e+00	3.797425164577668433e+00	-7.903945999999999472e-01	9.473972768532528121e-01
3.844961240310078132e+00	3.804520506076602082e+00	-1.036453719999999912e+00	1.077932022188603289e+00
3.845961490372593605e+00	3.814101430557456762e+00	-1.004077520000000057e+00	1.012664649520927940e+00
3.846961740435109078e+00	3.824231031517474122e+00	-1.068829919999999989e+00	1.306367826525466569e+00
3.847961990497624996e+00	3.832220007930123185e+00	-9.393251199999999024e-01	1.077932022188603289e+00
3.848962240560140469e+00	3.838782693929521095e+00	-8.939984399999999498e-01	1.110565708522440964e+00
3.849962490622655942e+00	3.845667279072759293e+00	-8.421965199999998930e-01	9.473972768532528121e-01
3.850962740685171859e+00	3.852197375917645328e+00	-7.062164799999999243e-01	9.147635905194151373e-01
3.851962990747687332e+00	3.858100347016987008e+00	-6.479393199999999853e-01	7.515951588502269853e-01
3.852963240810202805e+00	3.863374761170347504e+00	-4.990087999999999191e-01	6.536940998487140719e-01
3.853963490872718722e+00	3.867071898073908720e+00	-4.213059199999999449e-01	5.557930408472013806e-01
3.854963740935234195e+00	3.869876732372486305e+00	-3.047516000000000114e-01	4.252582955118507924e-01
3.855963990997749669e+00	3.871899735327096082e+00	-9.106868000000001295e-02	4.578919818456884672e-01
3.856964241060265586e+00	3.870705201129017503e+00	-9.106868000000001295e-02	6.628774583963688294e-02
3.857964491122781059e+00	3.865742667086109918e+00	1.873666400000000010e-01	-3.161331316187596802e-02
3.858964741185296532e+00	3.859232417387692848e+00	3.427723999999999771e-01	-3.253164901664145625e-01
3.859964991247812449e+00	3.851857690635989595e+00	8.284154000000000240e-01	-5.537522945032778976e-01
3.860965241310327922e+00	3.842768752662240939e+00	1.003246880000000063e+00	-9.779902168431670040e-01
3.861965491372843395e+00	3.832598411694597473e+00	1.553642280000000042e+00	-1.141158648512355045e+00
3.862965741435359313e+00	3.823388433126429842e+00	1.540691800000000056e+00	-1.598030257186082048e+00
3.863965991497874786e+00	3.816513216995693902e+00	1.676671840000000024e+00	-1.141158648512355045e+00
3.864966241560390703e+00	3.810608170269369488e+00	1.786750920000000020e+00	-1.891733434190620455e+00
3.865966491622906176e+00	3.803484927930530279e+00	1.670196599999999920e+00	-1.271693393847705744e+00
3.866966741685421649e+00	3.795434794774828813e+00	1.767325200000000152e+00	-1.891733434190620455e+00
3.867966991747937566e+00	3.787340940277568180e+00	1.741424239999999957e+00	-1.532762884518406477e+00
3.868967241810453039e+00	3.779656484127724259e+00	1.365860319999999906e+00	-1.728565002521432525e+00
3.869967491872968512e+00	3.774288907069613952e+00	1.327008879999999946e+00	-1.239059707513868069e+00
3.870967741935484430e+00	3.772409963323092530e+00	6.859601199999999510e-01	-7.495544125063037244e-01
3.871967991997999903e+00	3.772564219535254892e+00	2.521190400000000165e-01	-2.926828038325769432e-01
3.872968242060515376e+00	3.773958874136956965e+00	-1.984104000000000423e-02	2.620898638426626404e-01
3.873968492123031293e+00	3.777564558492221725e+00	-3.954049599999999165e-01	3.273572365103378790e-01
3.874968742185546766e+00	3.783620906076582635e+00	-5.961373999999999285e-01	6.536940998487140719e-01
3.875968992248062239e+00	3.791104983778279536e+00	-7.191669600000000218e-01	7.189614725163894215e-01
3.876969242310578156e+00	3.798535436883392791e+00	-8.227708000000000244e-01	9.147635905194151373e-01
3.877969492373093630e+00	3.805224744689364780e+00	-9.522755999999999998e-01	9.800309631870904870e-01
3.878969742435609103e+00	3.812294203135355275e+00	-8.486717599999999972e-01	1.208466767523953767e+00
3.879969992498125020e+00	3.820710092399118629e+00	-9.458003599999998956e-01	1.012664649520927940e+00
3.880970242560640493e+00	3.829407768708963822e+00	-9.781765600000000838e-01	1.208466767523953767e+00
3.881970492623156410e+00	3.836622493420400293e+00	-9.069489200000000473e-01	1.012664649520927940e+00
3.882970742685671883e+00	3.842602700645195934e+00	-7.839193599999999540e-01	1.012664649520927940e+00
3.883970992748187356e+00	3.849443343203717394e+00	-7.644936400000000853e-01	9.800309631870904870e-01
3.884971242810703274e+00	3.856718460197038123e+00	-6.414640799999999921e-01	8.494962178517398987e-01
3.885971492873218747e+00	3.861986627646150083e+00	-6.285136000000000056e-01	7.189614725163894215e-01
3.886971742935734220e+00	3.865882465973108584e+00	-4.407316399999999801e-01	6.210604135148766192e-01
3.887971992998250137e+00	3.870086945643285148e+00	-4.213059199999999449e-01	4.578919818456884672e-01
3.888972243060765610e+00	3.872891015883014987e+00	-9.106868000000001295e-02	4.252582955118507924e-01
3.889972493123281083e+00	3.871668410458295906e+00	-6.516772000000001230e-02	1.968224911749873740e-01
3.890972743185797000e+00	3.866838903860486898e+00	3.196087999999999707e-02	1.020373171961676869e-03
3.891972993248312473e+00	3.860770147010054387e+00	3.298219200000001017e-01	-1.947817448310640853e-01
3.892973243310827947e+00	3.854325254592247063e+00	5.240791200000000094e-01	-5.211186081694403338e-01
3.893973493373343864e+00	3.846797207906582639e+00	9.514449600000001173e-01	-8.148217851739789630e-01
3.894973743435859337e+00	3.838442032359292710e+00	1.378810799999999892e+00	-1.108524962178517592e+00
3.895973993498374810e+00	3.830297833802945195e+00	1.819127120000000097e+00	-1.402228139183055999e+00
3.896974243560890727e+00	3.822474411404501282e+00	1.592493720000000001e+00	-1.271693393847705744e+00
3.897974493623406200e+00	3.814468281328264432e+00	1.786750920000000020e+00	-1.793832375189107875e+00
3.898974743685921673e+00	3.806200978596097073e+00	1.631345159999999739e+00	-1.467495511850731349e+00
3.899974993748437591e+00	3.797982589509877105e+00	1.767325200000000152e+00	-1.695931316187594851e+00
3.900975243810953064e+00	3.789337749341591177e+00	1.728473759999999970e+00	-1.598030257186082048e+00
3.901975493873468981e+00	3.780582134975419617e+00	1.689622319999999789e+00	-1.695931316187594851e+00
3.902975743935984454e+00	3.774646399757572990e+00	1.314058399999999960e+00	-1.010623903177004790e+00
3.903975993998499927e+00	3.772671817800572480e+00	9.125935200000000469e-01	-1.043257589510842243e+00
3.904976244061015844e+00	3.772604231492826976e+00	5.758810400000000662e-01	-3.579501765002521818e-01
3.905976494123531317e+00	3.773971162713987137e+00	-1.984104000000000423e-02	-1.621480584972264660e-01
3.906976744186046790e+00	3.777803349488702001e+00	-2.659001599999999965e-01	2.294561775088249655e-01
3.907976994248562708e+00	3.783285320136922536e+00	-5.572859600000000802e-01	5.557930408472013806e-01
3.908977244311078181e+00	3.788795870411954425e+00	-6.867907599999999446e-01	6.863277861825517467e-01
3.909977494373593654e+00	3.794682175935233381e+00	-7.903945999999999472e-01	9.147635905194151373e-01
3.910977744436109571e+00	3.802113525293439711e+00	-8.486717599999999972e-01	9.473972768532528121e-01
3.911977994498625044e+00	3.810658691867872871e+00	-9.781765600000000838e-01	1.077932022188603289e+00
3.912978244561140517e+00	3.819104925534503980e+00	-9.781765600000000838e-01	1.012664649520927940e+00
3.913978494623656434e+00	3.827183344094484241e+00	-9.393251199999999024e-01	1.077932022188603289e+00
3.914978744686171908e+00	3.835146671696221254e+00	-9.134241599999999295e-01	1.045298335854765615e+00
3.915978994748687381e+00	3.842530361861897337e+00	-9.198994000000000337e-01	1.045298335854765615e+00
3.916979244811203298e+00	3.849030819825095318e+00	-8.292460400000000176e-01	9.800309631870904870e-01
3.917979494873718771e+00	3.855195140361956874e+00	-7.385926799999998904e-01	8.168625315179022239e-01
3.918979744936234688e+00	3.860919457062842230e+00	-6.155631200000000192e-01	8.168625315179022239e-01
3.919979994998750161e+00	3.865894814038330018e+00	-5.637612000000000734e-01	5.884267271810389444e-01
3.920980245061265634e+00	3.870211649082801131e+00	-3.954049599999999165e-01	4.578919818456884672e-01
3.921980495123781552e+00	3.872667536467032434e+00	-2.335239600000000026e-01	3.926246091780131731e-01
3.922980745186297025e+00	3.871987360404507861e+00	-1.881972800000000223e-01	1.315551185073121632e-01
3.923980995248812498e+00	3.869003787721029042e+00	1.901039999999999675e-02	6.628774583963688294e-02
3.924981245311328415e+00	3.864586231902357838e+00	3.233466799999999974e-01	-2.600491174987393794e-01
3.925981495373843888e+00	3.858286539442377983e+00	5.176038800000000162e-01	-2.274154311649017046e-01
3.926981745436359361e+00	3.850345122362389017e+00	8.348906400000000172e-01	-6.842870398386284858e-01
3.927981995498875278e+00	3.841781879443419090e+00	1.262256480000000014e+00	-9.779902168431670040e-01
3.928982245561390751e+00	3.832793991361511221e+00	1.339959359999999933e+00	-1.434861825516893896e+00
3.929982495623906225e+00	3.823564706945712821e+00	1.586018479999999897e+00	-1.467495511850731349e+00
3.930982745686422142e+00	3.815179596408071916e+00	1.728473759999999970e+00	-1.695931316187594851e+00
3.931982995748937615e+00	3.808028334282881566e+00	1.709048039999999880e+00	-1.630663943519919501e+00
3.932983245811453088e+00	3.801254806630905314e+00	1.728473759999999970e+00	-1.630663943519919501e+00
3.933983495873969005e+00	3.794010428277075242e+00	1.728473759999999970e+00	-1.663297629853757176e+00
3.934983745936484478e+00	3.786164535495408767e+00	1.754374719999999943e+00	-1.500129198184569024e+00
3.935983995998999951e+00	3.779073543082554831e+00	1.391761279999999878e+00	-1.239059707513868069e+00
3.936984246061515869e+00	3.774377547333628957e+00	1.171603120000000109e+00	-1.108524962178517592e+00
3.937984496124031342e+00	3.772313843512641984e+00	6.600591600000000891e-01	-5.537522945032778976e-01
3.938984746186547259e+00	3.773208782733323385e+00	2.521190400000000165e-01	-1.947817448310640853e-01
3.939984996249062732e+00	3.776791244904566636e+00	-2.335239600000000026e-01	1.641888048411497825e-01
3.940985246311578205e+00	3.781135737908631445e+00	-4.407316399999999801e-01	5.231593545133637058e-01
3.941985496374094122e+00	3.785958976168383394e+00	-6.544145599999999785e-01	6.536940998487140719e-01
3.942985746436609595e+00	3.792451296118114268e+00	-6.932660000000000489e-01	9.473972768532528121e-01
3.943985996499125068e+00	3.800074465022117653e+00	-8.033450799999999337e-01	9.473972768532528121e-01
3.944986246561640986e+00	3.807793733541734671e+00	-1.055879440000000002e+00	1.110565708522440964e+00
3.945986496624156459e+00	3.815776361948864270e+00	-1.023503240000000147e+00	1.012664649520927940e+00
3.946986746686671932e+00	3.824022377261942829e+00	-1.049404199999999898e+00	1.143199394856278639e+00
3.947986996749187849e+00	3.832066450585281281e+00	-9.393251199999999024e-01	9.473972768532528121e-01
3.948987246811703322e+00	3.840106813717055978e+00	-8.939984399999999498e-01	1.110565708522440964e+00
3.949987496874218795e+00	3.848259113469883363e+00	-8.421965199999998930e-01	8.821299041855775735e-01
3.950987746936734712e+00	3.855333932036279609e+00	-6.997412400000000421e-01	9.800309631870904870e-01
3.951987996999250186e+00	3.860266362006354424e+00	-6.414640799999999921e-01	7.189614725163894215e-01
3.952988247061765659e+00	3.864140190417751253e+00	-5.054840400000000233e-01	7.842288451840646601e-01
3.953988497124281576e+00	3.868211082337974283e+00	-4.148306800000000072e-01	5.557930408472013806e-01
3.954988747186797049e+00	3.871347510497998634e+00	-3.241773200000000466e-01	4.905256681795260310e-01
3.955988997249312522e+00	3.872098524481907056e+00	-9.106868000000001295e-02	3.273572365103378790e-01
3.956989247311828439e+00	3.870315012857112436e+00	-1.169696400000000136e-01	9.892143217347457163e-02
3.957989497374343912e+00	3.865919814182789960e+00	1.938418799999999942e-01	-6.424699949571360813e-02
3.958989747436859830e+00	3.859266413463744883e+00	3.362971600000000394e-01	-3.905838628340898566e-01
3.959989997499375303e+00	3.851432374330967967e+00	8.154649200000001485e-01	-4.558512355017650397e-01
3.960990247561890776e+00	3.842954964477830249e+00	1.003246880000000063e+00	-9.779902168431670040e-01
3.961990497624406693e+00	3.834136806998173608e+00	1.514790839999999861e+00	-1.173792334846192720e+00
3.962990747686922166e+00	3.825582587876316776e+00	1.553642280000000042e+00	-1.663297629853757176e+00
3.963990997749437639e+00	3.817744426637696975e+00	1.650770879999999829e+00	-1.075891275844679917e+00
3.964991247811953556e+00	3.810638716832376094e+00	1.760849959999999825e+00	-2.087535552193646726e+00
3.965991497874469029e+00	3.803759184503503477e+00	1.637820399999999843e+00	-1.369594452849218325e+00
3.966991747936984503e+00	3.796402782366385509e+00	1.747899480000000061e+00	-1.793832375189107875e+00
3.967991997999500420e+00	3.787809612917205193e+00	1.715523279999999984e+00	-1.434861825516893896e+00
3.968992248062015893e+00	3.778836144594593272e+00	1.378810799999999892e+00	-1.630663943519919501e+00
3.969992498124531366e+00	3.772875325518561862e+00	1.314058399999999960e+00	-8.474554715078166378e-01
3.970992748187047283e+00	3.771345880351101076e+00	6.665344000000000824e-01	-8.800891578416540906e-01
3.971992998249562756e+00	3.772213481903229582e+00	2.521190400000000165e-01	-1.947817448310640853e-01
3.972993248312078229e+00	3.774472868063075914e+00	-1.336580000000000407e-02	-3.161331316187596802e-02
3.973993498374594147e+00	3.778573499545813785e+00	-4.083554400000000140e-01	3.273572365103378790e-01
3.974993748437109620e+00	3.784110091781466512e+00	-5.961373999999999285e-01	6.210604135148766192e-01
3.975993998499625537e+00	3.790420207667972718e+00	-7.385926799999998904e-01	6.536940998487140719e-01
3.976994248562141010e+00	3.797595395017578923e+00	-8.292460400000000176e-01	1.045298335854765615e+00
3.977994498624656483e+00	3.805815394008003505e+00	-9.652260799999999863e-01	1.012664649520927940e+00
3.978994748687172400e+00	3.814099846905874003e+00	-8.551469999999999905e-01	1.273734140191629116e+00
3.979994998749687873e+00	3.821196394317071476e+00	-9.393251199999999024e-01	1.012664649520927940e+00
3.980995248812203346e+00	3.827877502250364383e+00	-9.781765600000000838e-01	1.241100453857791219e+00
3.981995498874719264e+00	3.835623098883653714e+00	-9.263746400000000270e-01	1.012664649520927940e+00
3.982995748937234737e+00	3.844124167617184895e+00	-7.968698400000000515e-01	9.473972768532528121e-01
3.983995998999750210e+00	3.852444342216632567e+00	-7.709688800000000786e-01	8.821299041855775735e-01
3.984996249062266127e+00	3.859992545412013421e+00	-6.349888400000001099e-01	9.147635905194151373e-01
3.985996499124781600e+00	3.865888913852158382e+00	-6.349888400000001099e-01	6.210604135148766192e-01
3.986996749187297073e+00	3.869807150607368573e+00	-4.407316399999999801e-01	7.515951588502269853e-01
3.987996999249812990e+00	3.872108314009903296e+00	-4.342563999999999869e-01	5.557930408472013806e-01
3.988997249312328464e+00	3.872832196618318790e+00	-1.104944000000000065e-01	3.273572365103378790e-01
3.989997499374843937e+00	3.871528667220107689e+00	-9.106868000000001295e-02	1.968224911749873740e-01
3.990997749437359854e+00	3.867448911963756508e+00	2.548563999999999691e-02	-9.688068582955121355e-02
3.991997999499875327e+00	3.861259948932305175e+00	3.103962000000000110e-01	-2.274154311649017046e-01
3.992998249562390800e+00	3.854905802386678459e+00	5.176038800000000162e-01	-4.558512355017650397e-01
3.993998499624906717e+00	3.848179916760616770e+00	9.514449600000001173e-01	-7.821880988401412882e-01
3.994998749687422190e+00	3.839366870068658510e+00	1.359385079999999801e+00	-1.010623903177004790e+00
3.995998999749938108e+00	3.829038977625323970e+00	1.786750920000000020e+00	-1.402228139183055999e+00
3.996999249812453581e+00	3.819690259073361460e+00	1.566592759999999807e+00	-1.206426021180030395e+00
3.997999499874969054e+00	3.812275155241252378e+00	1.780275679999999916e+00	-1.695931316187594851e+00
3.998999749937484971e+00	3.805253946276165422e+00	1.618394679999999752e+00	-1.467495511850731349e+00
4.000000000000000000e+00	3.797345804471905506e+00	1.754374719999999943e+00	-1.598030257186082048e+00
