Time(s)\disp(mm)\Force(Lb)\Force(Lb)
0.000000000000000000e+00	3.830799516850392106e+00	2.844952399999999826e-01	3.365405950579927752e-02
1.001001001001000992e-03	3.837610433835397128e+00	1.096637599999999990e-01	3.599909228441755538e-01
2.002002002002001985e-03	3.843134435744430366e+00	-1.622963199999999939e-01	7.515951588502269853e-01
3.003003003003002977e-03	3.847764340227739943e+00	-4.342563999999999869e-01	8.168625315179022239e-01
4.004004004004003969e-03	3.852136301460199252e+00	-5.508107199999999759e-01	1.045298335854765615e+00
5.005005005005004962e-03	3.856018307349355023e+00	-6.803155199999999514e-01	1.077932022188603289e+00
6.006006006006005954e-03	3.858553110670234876e+00	-7.191669600000000218e-01	1.208466767523953767e+00
7.007007007007006946e-03	3.858230900037704192e+00	-6.997412400000000421e-01	1.077932022188603289e+00
8.008008008008007939e-03	3.855377227477364332e+00	-8.098203199999999269e-01	1.306367826525466569e+00
9.009009009009008931e-03	3.853428485383394442e+00	-8.810479599999999634e-01	1.306367826525466569e+00
1.001001001001000992e-02	3.854634030546632228e+00	-9.134241599999999295e-01	1.339001512859304244e+00
1.101101101101101092e-02	3.856612428584546670e+00	-8.875231999999999566e-01	1.208466767523953767e+00
1.201201201201201191e-02	3.855578251884936414e+00	-9.198994000000000337e-01	1.241100453857791219e+00
1.301301301301301290e-02	3.851511093760510818e+00	-8.810479599999999634e-01	1.241100453857791219e+00
1.401401401401401389e-02	3.847310699066364137e+00	-7.903945999999999472e-01	1.045298335854765615e+00
1.501501501501501488e-02	3.844644586878901649e+00	-7.191669600000000218e-01	1.208466767523953767e+00
1.601601601601601588e-02	3.843281402557681137e+00	-6.349888400000001099e-01	1.077932022188603289e+00
1.701701701701701513e-02	3.842436348060133344e+00	-5.184345200000000098e-01	1.012664649520927940e+00
1.801801801801801786e-02	3.841434161803682468e+00	-4.795830800000000504e-01	7.515951588502269853e-01
1.901901901901902059e-02	3.840807046677732650e+00	-3.954049599999999165e-01	7.842288451840646601e-01
2.002002002002001985e-02	3.841492505098701660e+00	-1.946725200000000155e-01	5.884267271810389444e-01
2.102102102102101910e-02	3.841918473202596385e+00	-2.140982399999999952e-01	7.515951588502269853e-01
2.202202202202202183e-02	3.838807908933234092e+00	5.046534000000000297e-01	-1.295143721633888190e-01
2.302302302302302456e-02	3.831861082856595768e+00	4.204752800000000068e-01	3.599909228441755538e-01
2.402402402402402382e-02	3.824748347155700223e+00	7.766134800000000782e-01	-2.926828038325769432e-01
2.502502502502502307e-02	3.820003786868784612e+00	1.139226920000000032e+00	-7.169207261724660496e-01
2.602602602602602580e-02	3.817282150411058783e+00	1.100375480000000072e+00	-2.926828038325769432e-01
2.702702702702702853e-02	3.816733054724779972e+00	1.469464160000000019e+00	-1.206426021180030395e+00
2.802802802802802778e-02	3.818430367995413022e+00	1.191028839999999978e+00	-5.537522945032778976e-01
2.902902902902902704e-02	3.820615014390907671e+00	1.391761279999999878e+00	-9.453565305093293292e-01
3.003003003003002977e-02	3.822352680953406967e+00	1.255781239999999910e+00	-7.495544125063037244e-01
3.103103103103103250e-02	3.824848296004377701e+00	1.106850720000000177e+00	-6.842870398386284858e-01
3.203203203203203175e-02	3.828615736526280067e+00	8.996430400000000605e-01	-3.905838628340898566e-01
3.303303303303303101e-02	3.832366285571711106e+00	5.240791200000000094e-01	-9.688068582955121355e-02
3.403403403403403027e-02	3.835623705063509803e+00	1.420399599999999929e-01	3.926246091780131731e-01
3.503503503503503647e-02	3.839897235785403318e+00	-1.169696400000000136e-01	4.578919818456884672e-01
3.603603603603603572e-02	3.845857718358156596e+00	-3.759792400000000478e-01	9.473972768532528121e-01
3.703703703703703498e-02	3.851592913035905230e+00	-5.378602399999999895e-01	8.168625315179022239e-01
3.803803803803804118e-02	3.855226725030955759e+00	-6.026126399999999217e-01	1.110565708522440964e+00
3.903903903903904044e-02	3.856687086876332771e+00	-7.321174399999998972e-01	1.077932022188603289e+00
4.004004004004003969e-02	3.856523461518984952e+00	-7.191669600000000218e-01	1.175833081190116092e+00
4.104104104104103895e-02	3.855407782646900650e+00	-7.968698400000000515e-01	1.143199394856278639e+00
4.204204204204203821e-02	3.854428433655674446e+00	-8.810479599999999634e-01	1.339001512859304244e+00
4.304304304304304440e-02	3.854644012463581237e+00	-9.328498800000000202e-01	1.306367826525466569e+00
4.404404404404404366e-02	3.855665599189061599e+00	-8.745727199999999701e-01	1.175833081190116092e+00
4.504504504504504292e-02	3.855487805213706043e+00	-9.004736800000000541e-01	1.208466767523953767e+00
4.604604604604604912e-02	3.852846700141664193e+00	-9.004736800000000541e-01	1.339001512859304244e+00
4.704704704704704837e-02	3.848679752606669613e+00	-8.033450799999999337e-01	1.175833081190116092e+00
4.804804804804804763e-02	3.845104976856302148e+00	-7.644936400000000853e-01	1.077932022188603289e+00
4.904904904904904689e-02	3.843521082285781265e+00	-6.414640799999999921e-01	1.110565708522440964e+00
5.005005005005004615e-02	3.843356534393794988e+00	-5.313849999999999962e-01	7.842288451840646601e-01
5.105105105105105234e-02	3.842808807044125086e+00	-4.990087999999999191e-01	9.473972768532528121e-01
5.205205205205205160e-02	3.841516382137324825e+00	-4.148306800000000072e-01	7.189614725163894215e-01
5.305305305305305086e-02	3.841368508226644440e+00	-2.594249200000000033e-01	8.821299041855775735e-01
5.405405405405405705e-02	3.842596762120474185e+00	-2.918011200000000249e-01	4.578919818456884672e-01
5.505505505505505631e-02	3.841522666644616724e+00	2.548563999999999691e-02	3.926246091780131731e-01
5.605605605605605557e-02	3.835445568188435406e+00	4.528514799999999729e-01	3.365405950579927752e-02
5.705705705705705483e-02	3.826983617216601630e+00	4.722772000000000081e-01	6.628774583963688294e-02
5.805805805805805409e-02	3.820400182566358271e+00	1.203979319999999964e+00	-7.821880988401412882e-01
5.905905905905906028e-02	3.817046525501798904e+00	1.113325960000000059e+00	-4.558512355017650397e-01
6.006006006006005954e-02	3.816624683216585101e+00	1.372335560000000010e+00	-8.474554715078166378e-01
6.106106106106105880e-02	3.818445202819937823e+00	1.281682200000000105e+00	-7.169207261724660496e-01
6.206206206206206499e-02	3.820868847742508123e+00	1.307583159999999856e+00	-7.821880988401412882e-01
6.306306306306305731e-02	3.822499296915518929e+00	1.294632679999999869e+00	-9.453565305093293292e-01
6.406406406406406351e-02	3.823433667402970304e+00	1.216929799999999950e+00	-7.495544125063037244e-01
6.506506506506506970e-02	3.825212139639474263e+00	9.838211600000000834e-01	-5.211186081694403338e-01
6.606606606606606202e-02	3.828891247810375376e+00	7.830887200000000714e-01	-3.579501765002521818e-01
6.706706706706706822e-02	3.833317073815742493e+00	2.780200000000000449e-01	1.315551185073121632e-01
6.806806806806806054e-02	3.837907783488591296e+00	7.728756000000000514e-02	4.578919818456884672e-01
6.906906906906906674e-02	3.843864927844557577e+00	-2.918011200000000249e-01	7.515951588502269853e-01
7.007007007007007293e-02	3.850277555980710531e+00	-4.472068799999999733e-01	1.045298335854765615e+00
7.107107107107106525e-02	3.854435701622656030e+00	-5.961373999999999285e-01	9.473972768532528121e-01
7.207207207207207145e-02	3.855696060915999812e+00	-6.803155199999999514e-01	1.208466767523953767e+00
7.307307307307307764e-02	3.855735193613551992e+00	-7.515431599999999879e-01	9.800309631870904870e-01
7.407407407407406996e-02	3.855978452025128789e+00	-7.256422000000000150e-01	1.208466767523953767e+00
7.507507507507507616e-02	3.855767287347221295e+00	-8.357212800000000108e-01	1.143199394856278639e+00
7.607607607607608236e-02	3.854720088444158588e+00	-9.393251199999999024e-01	1.371635199193141919e+00
7.707707707707707467e-02	3.854275232954310848e+00	-8.810479599999999634e-01	1.241100453857791219e+00
7.807807807807808087e-02	3.854460679952018243e+00	-8.939984399999999498e-01	1.273734140191629116e+00
7.907907907907907319e-02	3.853159200419662866e+00	-8.939984399999999498e-01	1.273734140191629116e+00
8.008008008008007939e-02	3.849748295617000604e+00	-8.551469999999999905e-01	1.306367826525466569e+00
8.108108108108108558e-02	3.846293052282801828e+00	-7.968698400000000515e-01	1.045298335854765615e+00
8.208208208208207790e-02	3.843991437494580499e+00	-6.803155199999999514e-01	1.143199394856278639e+00
8.308308308308308410e-02	3.841770069565891621e+00	-5.767116799999999488e-01	9.147635905194151373e-01
8.408408408408407642e-02	3.839754488210874062e+00	-5.313849999999999962e-01	8.821299041855775735e-01
8.508508508508508261e-02	3.839810830519801321e+00	-4.342563999999999869e-01	7.842288451840646601e-01
8.608608608608608881e-02	3.841660601990079638e+00	-3.565535200000000127e-01	7.842288451840646601e-01
8.708708708708708113e-02	3.842707560635330477e+00	-2.723753999999999897e-01	5.231593545133637058e-01
8.808808808808808732e-02	3.841151712037512489e+00	5.305543600000000026e-01	6.863277861825517467e-01
8.908908908908909352e-02	3.836486328716822491e+00	4.075248000000000759e-01	-3.161331316187596802e-02
9.009009009009008584e-02	3.829753606525664988e+00	4.399010000000000420e-01	1.968224911749873740e-01
9.109109109109109204e-02	3.823244730609750341e+00	1.074474520000000100e+00	-5.537522945032778976e-01
9.209209209209209823e-02	3.818361008281792035e+00	1.255781239999999910e+00	-8.474554715078166378e-01
9.309309309309309055e-02	3.816080098455120417e+00	1.249306000000000250e+00	-3.905838628340898566e-01
9.409409409409409675e-02	3.816988226559487440e+00	1.437087959999999942e+00	-1.206426021180030395e+00
9.509509509509508907e-02	3.819619097408160080e+00	1.223405040000000055e+00	-5.537522945032778976e-01
9.609609609609609526e-02	3.821563117399527698e+00	1.385286039999999996e+00	-1.075891275844679917e+00
9.709709709709710146e-02	3.822276844441955479e+00	1.242830760000000145e+00	-6.190196671709531362e-01
9.809809809809809378e-02	3.823922638697171639e+00	1.074474520000000100e+00	-5.211186081694403338e-01
9.909909909909909997e-02	3.827882026182241049e+00	7.766134800000000782e-01	-3.579501765002521818e-01
1.001001001001000923e-01	3.832790349256978146e+00	2.715447599999999961e-01	6.628774583963688294e-02
1.011011011011010985e-01	3.837592737349582617e+00	1.226142399999999993e-01	3.599909228441755538e-01
1.021021021021021047e-01	3.842460288130356449e+00	-1.752468000000000081e-01	7.189614725163894215e-01
1.031031031031030970e-01	3.847322566433809765e+00	-4.472068799999999733e-01	7.842288451840646601e-01
1.041041041041041032e-01	3.851681288448450591e+00	-5.572859600000000802e-01	1.077932022188603289e+00
1.051051051051051094e-01	3.854504869449402182e+00	-6.867907599999999446e-01	1.012664649520927940e+00
1.061061061061061017e-01	3.855266492915843113e+00	-7.256422000000000150e-01	1.077932022188603289e+00
1.071071071071071079e-01	3.855207969783301714e+00	-6.997412400000000421e-01	1.077932022188603289e+00
1.081081081081081141e-01	3.855479416698584849e+00	-8.162955600000000311e-01	1.241100453857791219e+00
1.091091091091091064e-01	3.855516040782493548e+00	-8.745727199999999701e-01	1.339001512859304244e+00
1.101101101101101126e-01	3.854798446684099211e+00	-9.069489200000000473e-01	1.404268885526979593e+00
1.111111111111111049e-01	3.853800869883317048e+00	-8.939984399999999498e-01	1.208466767523953767e+00
1.121121121121121111e-01	3.852816854979176586e+00	-9.069489200000000473e-01	1.273734140191629116e+00
1.131131131131131173e-01	3.851238492831129623e+00	-8.680974800000000879e-01	1.241100453857791219e+00
1.141141141141141097e-01	3.847823911195924484e+00	-7.903945999999999472e-01	1.241100453857791219e+00
1.151151151151151159e-01	3.843237263147328164e+00	-7.256422000000000150e-01	1.110565708522440964e+00
1.161161161161161082e-01	3.840454460396470537e+00	-6.349888400000001099e-01	9.800309631870904870e-01
1.171171171171171144e-01	3.840280270790647599e+00	-5.184345200000000098e-01	8.168625315179022239e-01
1.181181181181181206e-01	3.841155494043985374e+00	-4.860583200000000437e-01	8.168625315179022239e-01
1.191191191191191129e-01	3.842605502578169574e+00	-3.889297199999999788e-01	6.863277861825517467e-01
1.201201201201201191e-01	3.844318742958350299e+00	-1.817220400000000013e-01	6.210604135148766192e-01
1.211211211211211253e-01	3.844156435657769766e+00	-2.205734800000000162e-01	7.515951588502269853e-01
1.221221221221221176e-01	3.839692613562307510e+00	5.111286400000001340e-01	-6.424699949571360813e-02
1.231231231231231238e-01	3.831689249962778376e+00	3.945743200000000339e-01	2.620898638426626404e-01
1.241241241241241300e-01	3.824141080390441427e+00	7.507125199999999943e-01	-1.947817448310640853e-01
1.251251251251251362e-01	3.819633177206386510e+00	1.139226920000000032e+00	-7.169207261724660496e-01
1.261261261261261146e-01	3.817531980083929355e+00	1.080949760000000204e+00	-4.232175491679274204e-01
1.271271271271271208e-01	3.817455834733244568e+00	1.469464160000000019e+00	-1.075891275844679917e+00
1.281281281281281270e-01	3.820047723013055396e+00	1.191028839999999978e+00	-6.516533535047908110e-01
1.291291291291291332e-01	3.823339787441478954e+00	1.385286039999999996e+00	-8.474554715078166378e-01
1.301301301301301394e-01	3.824107697192862698e+00	1.262256480000000014e+00	-7.495544125063037244e-01
1.311311311311311179e-01	3.823667630860020150e+00	1.100375480000000072e+00	-7.169207261724660496e-01
1.321321321321321240e-01	3.825668193800473293e+00	8.931677999999999562e-01	-4.558512355017650397e-01
1.331331331331331302e-01	3.830034659948325704e+00	5.111286400000001340e-01	-9.688068582955121355e-02
1.341341341341341364e-01	3.834826836581490372e+00	1.485152000000000139e-01	3.599909228441755538e-01
1.351351351351351426e-01	3.840013256932409025e+00	-1.234448800000000068e-01	4.905256681795260310e-01
1.361361361361361211e-01	3.846059273107250931e+00	-3.824544800000000411e-01	8.821299041855775735e-01
1.371371371371371273e-01	3.851555700917516756e+00	-5.443354799999999827e-01	9.147635905194151373e-01
1.381381381381381335e-01	3.854814265018409181e+00	-6.026126399999999217e-01	1.110565708522440964e+00
1.391391391391391397e-01	3.855957983009789203e+00	-7.191669600000000218e-01	1.077932022188603289e+00
1.401401401401401459e-01	3.855451245125688597e+00	-7.126917200000000285e-01	1.143199394856278639e+00
1.411411411411411521e-01	3.853965129955458924e+00	-8.033450799999999337e-01	1.143199394856278639e+00
1.421421421421421305e-01	3.853746993159167022e+00	-8.745727199999999701e-01	1.371635199193141919e+00
1.431431431431431367e-01	3.855665478180075656e+00	-9.328498800000000202e-01	1.273734140191629116e+00
1.441441441441441429e-01	3.856644681412055853e+00	-8.810479599999999634e-01	1.371635199193141919e+00
1.451451451451451491e-01	3.854147085325664079e+00	-9.004736800000000541e-01	1.175833081190116092e+00
1.461461461461461553e-01	3.850162713589816654e+00	-8.875231999999999566e-01	1.404268885526979593e+00
1.471471471471471337e-01	3.847339051919727027e+00	-8.098203199999999269e-01	1.110565708522440964e+00
1.481481481481481399e-01	3.845175416206728425e+00	-7.580183999999999811e-01	1.175833081190116092e+00
1.491491491491491461e-01	3.842869741137040052e+00	-6.414640799999999921e-01	1.045298335854765615e+00
1.501501501501501523e-01	3.841436107693737334e+00	-5.313849999999999962e-01	9.473972768532528121e-01
1.511511511511511585e-01	3.841366711184554639e+00	-4.925335599999999814e-01	9.147635905194151373e-01
1.521521521521521647e-01	3.842095882398935291e+00	-4.213059199999999449e-01	7.189614725163894215e-01
1.531531531531531432e-01	3.843145225663977982e+00	-2.659001599999999965e-01	7.515951588502269853e-01
1.541541541541541493e-01	3.843549253540476496e+00	-2.918011200000000249e-01	5.231593545133637058e-01
1.551551551551551555e-01	3.841504367608753689e+00	9.023803999999999159e-02	3.926246091780131731e-01
1.561561561561561617e-01	3.835841962845771835e+00	4.463762399999999797e-01	-6.424699949571360813e-02
1.571571571571571679e-01	3.827825760284057299e+00	4.528514799999999729e-01	9.892143217347457163e-02
1.581581581581581464e-01	3.820414744921822869e+00	1.197504080000000082e+00	-7.169207261724660496e-01
1.591591591591591526e-01	3.816193743282277229e+00	1.074474520000000100e+00	-5.537522945032778976e-01
1.601601601601601588e-01	3.816140914426464192e+00	1.359385079999999801e+00	-8.800891578416540906e-01
1.611611611611611650e-01	3.818537975920269112e+00	1.288157439999999765e+00	-8.800891578416540906e-01
1.621621621621621712e-01	3.820411476408292373e+00	1.301107919999999973e+00	-7.495544125063037244e-01
1.631631631631631496e-01	3.821122729673313678e+00	1.301107919999999973e+00	-8.474554715078166378e-01
1.641641641641641558e-01	3.822479887049039959e+00	1.203979319999999964e+00	-6.190196671709531362e-01
1.651651651651651620e-01	3.825851571123543682e+00	1.003246880000000063e+00	-3.253164901664145625e-01
1.661661661661661682e-01	3.830889524118824330e+00	7.571877599999999875e-01	-3.905838628340898566e-01
1.671671671671671744e-01	3.835875184732749243e+00	2.844952399999999826e-01	2.947235501765002597e-01
1.681681681681681528e-01	3.839417237439879393e+00	7.081231999999999804e-02	2.947235501765002597e-01
1.691691691691691590e-01	3.842931228596107029e+00	-3.112268400000000046e-01	8.494962178517398987e-01
1.701701701701701652e-01	3.848422465693108308e+00	-4.472068799999999733e-01	9.147635905194151373e-01
1.711711711711711714e-01	3.854134364476874630e+00	-5.961373999999999285e-01	9.800309631870904870e-01
1.721721721721721776e-01	3.856953594391629103e+00	-6.803155199999999514e-01	1.110565708522440964e+00
1.731731731731731838e-01	3.856804204876957076e+00	-7.450679199999999947e-01	1.077932022188603289e+00
1.741741741741741623e-01	3.855306474038179942e+00	-7.321174399999998972e-01	1.208466767523953767e+00
1.751751751751751685e-01	3.853836334061921942e+00	-8.616222399999999837e-01	1.143199394856278639e+00
1.761761761761761746e-01	3.854149001170738664e+00	-9.393251199999999024e-01	1.404268885526979593e+00
1.771771771771771808e-01	3.856428387103997935e+00	-8.875231999999999566e-01	1.143199394856278639e+00
1.781781781781781870e-01	3.857722826149615258e+00	-8.875231999999999566e-01	1.273734140191629116e+00
1.791791791791791655e-01	3.855552915684757664e+00	-8.939984399999999498e-01	1.143199394856278639e+00
1.801801801801801717e-01	3.850819036021718489e+00	-8.551469999999999905e-01	1.306367826525466569e+00
1.811811811811811779e-01	3.846504715139943631e+00	-7.903945999999999472e-01	1.012664649520927940e+00
1.821821821821821841e-01	3.844341114027108652e+00	-6.738402799999999582e-01	1.208466767523953767e+00
1.831831831831831903e-01	3.843124509737164463e+00	-5.896621600000000463e-01	8.494962178517398987e-01
1.841841841841841965e-01	3.841603821190203494e+00	-5.378602399999999895e-01	8.494962178517398987e-01
1.851851851851851749e-01	3.840672436363594677e+00	-4.148306800000000072e-01	7.842288451840646601e-01
1.861861861861861811e-01	3.841087548169883181e+00	-3.630287599999999504e-01	7.515951588502269853e-01
1.871871871871871873e-01	3.842037973410395324e+00	-2.723753999999999897e-01	5.231593545133637058e-01
1.881881881881881935e-01	3.841904346549496196e+00	4.593267200000000772e-01	7.189614725163894215e-01
1.891891891891891997e-01	3.838805890792771347e+00	4.075248000000000759e-01	-6.424699949571360813e-02
1.901901901901901781e-01	3.832501696712911965e+00	4.463762399999999797e-01	3.599909228441755538e-01
1.911911911911911843e-01	3.825051343116653513e+00	1.048573559999999905e+00	-5.211186081694403338e-01
1.921921921921921905e-01	3.818683296673598182e+00	1.249306000000000250e+00	-8.474554715078166378e-01
1.931931931931931967e-01	3.815466192785805788e+00	1.242830760000000145e+00	-3.253164901664145625e-01
1.941941941941942029e-01	3.816488183170755111e+00	1.424137479999999734e+00	-1.336960766515380872e+00
1.951951951951951814e-01	3.819823208057411268e+00	1.210454560000000068e+00	-5.211186081694403338e-01
1.961961961961961876e-01	3.822568378480375895e+00	1.372335560000000010e+00	-1.075891275844679917e+00
1.971971971971971938e-01	3.824175152505372210e+00	1.242830760000000145e+00	-5.863859808371156834e-01
1.981981981981981999e-01	3.825918314469646919e+00	1.048573559999999905e+00	-5.537522945032778976e-01
1.991991991991992061e-01	3.828833398600544946e+00	7.701382400000000850e-01	-3.579501765002521818e-01
2.002002002002001846e-01	3.833192720419200672e+00	2.585942800000000097e-01	3.365405950579927752e-02
2.012012012012011908e-01	3.838349749075046002e+00	1.096637599999999990e-01	3.273572365103378790e-01
2.022022022022021970e-01	3.843068517963763586e+00	-1.881972800000000223e-01	6.210604135148766192e-01
2.032032032032032032e-01	3.846847256241945345e+00	-4.536821200000000776e-01	9.147635905194151373e-01
2.042042042042042094e-01	3.850138604575390922e+00	-5.443354799999999827e-01	1.045298335854765615e+00
2.052052052052052156e-01	3.853254297155646046e+00	-6.867907599999999446e-01	1.110565708522440964e+00
2.062062062062061940e-01	3.855550812022096263e+00	-7.256422000000000150e-01	1.143199394856278639e+00
2.072072072072072002e-01	3.855659514868871263e+00	-6.997412400000000421e-01	1.110565708522440964e+00
2.082082082082082064e-01	3.853643475074388647e+00	-8.227708000000000244e-01	1.143199394856278639e+00
2.092092092092092126e-01	3.852384631703090978e+00	-8.875231999999999566e-01	1.273734140191629116e+00
2.102102102102102188e-01	3.853820801304836952e+00	-8.939984399999999498e-01	1.306367826525466569e+00
2.112112112112111972e-01	3.855410670676754581e+00	-8.939984399999999498e-01	1.175833081190116092e+00
2.122122122122122034e-01	3.853827825439983812e+00	-9.134241599999999295e-01	1.241100453857791219e+00
2.132132132132132096e-01	3.849729229729125013e+00	-8.810479599999999634e-01	1.273734140191629116e+00
2.142142142142142158e-01	3.846081155529824880e+00	-7.839193599999999540e-01	1.110565708522440964e+00
2.152152152152152220e-01	3.843992197526961085e+00	-7.191669600000000218e-01	1.143199394856278639e+00
2.162162162162162282e-01	3.842372825063428810e+00	-6.414640799999999921e-01	9.800309631870904870e-01
2.172172172172172067e-01	3.840605349334333951e+00	-5.184345200000000098e-01	9.473972768532528121e-01
2.182182182182182129e-01	3.839751616007037960e+00	-4.731078399999999462e-01	9.473972768532528121e-01
2.192192192192192191e-01	3.840736452366286802e+00	-3.954049599999999165e-01	7.189614725163894215e-01
2.202202202202202252e-01	3.842460092214377010e+00	-1.817220400000000013e-01	6.536940998487140719e-01
2.212212212212212314e-01	3.842500326937327237e+00	-2.335239600000000026e-01	5.231593545133637058e-01
2.222222222222222099e-01	3.838866709185174919e+00	5.046534000000000297e-01	-1.295143721633888190e-01
2.232232232232232161e-01	3.831785976479133105e+00	3.816238400000000475e-01	1.641888048411497825e-01
2.242242242242242223e-01	3.824264313958249062e+00	7.312868000000000146e-01	-2.274154311649017046e-01
2.252252252252252285e-01	3.819036215968958370e+00	1.132751680000000150e+00	-6.516533535047908110e-01
2.262262262262262347e-01	3.816782127624347876e+00	1.074474520000000100e+00	-3.579501765002521818e-01
2.272272272272272131e-01	3.817595453921983406e+00	1.462988919999999915e+00	-1.075891275844679917e+00
2.282282282282282193e-01	3.820241827053387773e+00	1.191028839999999978e+00	-6.516533535047908110e-01
2.292292292292292255e-01	3.822262678116606249e+00	1.372335560000000010e+00	-8.474554715078166378e-01
2.302302302302302317e-01	3.822856569980581209e+00	1.242830760000000145e+00	-8.800891578416540906e-01
2.312312312312312379e-01	3.823299824181555007e+00	1.132751680000000150e+00	-6.190196671709531362e-01
2.322322322322322163e-01	3.825453654165000827e+00	8.737420800000000876e-01	-5.537522945032778976e-01
2.332332332332332225e-01	3.829973187624509556e+00	5.046534000000000297e-01	-6.424699949571360813e-02
2.342342342342342287e-01	3.835692490746868355e+00	1.549904400000000071e-01	2.294561775088249655e-01
2.352352352352352349e-01	3.841586252983646421e+00	-1.299201200000000000e-01	6.210604135148766192e-01
2.362362362362362411e-01	3.846934375759546221e+00	-3.889297199999999788e-01	8.821299041855775735e-01
2.372372372372372473e-01	3.850542751232608918e+00	-5.508107199999999759e-01	1.012664649520927940e+00
2.382382382382382258e-01	3.852879772088610100e+00	-6.090878800000000259e-01	1.077932022188603289e+00
2.392392392392392320e-01	3.855444552488775489e+00	-7.321174399999998972e-01	1.077932022188603289e+00
2.402402402402402382e-01	3.856983190323619137e+00	-6.997412400000000421e-01	1.110565708522440964e+00
2.412412412412412444e-01	3.855549596476833596e+00	-8.098203199999999269e-01	1.175833081190116092e+00
2.422422422422422505e-01	3.853180658340342291e+00	-8.745727199999999701e-01	1.273734140191629116e+00
2.432432432432432290e-01	3.853362953011798542e+00	-9.263746400000000270e-01	1.339001512859304244e+00
2.442442442442442352e-01	3.855165323407592659e+00	-8.810479599999999634e-01	1.273734140191629116e+00
2.452452452452452414e-01	3.854668793795770210e+00	-9.069489200000000473e-01	1.110565708522440964e+00
2.462462462462462476e-01	3.851241642136717047e+00	-9.004736800000000541e-01	1.371635199193141919e+00
2.472472472472472538e-01	3.847347681697235622e+00	-8.162955600000000311e-01	1.077932022188603289e+00
2.482482482482482600e-01	3.844362980079142122e+00	-7.580183999999999811e-01	1.143199394856278639e+00
2.492492492492492384e-01	3.842296254001884570e+00	-6.285136000000000056e-01	9.473972768532528121e-01
2.502502502502502724e-01	3.841050018763007667e+00	-5.249097599999998920e-01	9.473972768532528121e-01
2.512512512512512508e-01	3.840617227068630513e+00	-4.925335599999999814e-01	8.168625315179022239e-01
2.522522522522522292e-01	3.841043074961549397e+00	-4.083554400000000140e-01	6.536940998487140719e-01
2.532532532532532632e-01	3.842361129485586169e+00	-2.918011200000000249e-01	7.842288451840646601e-01
2.542542542542542416e-01	3.843561343656560769e+00	-2.918011200000000249e-01	6.210604135148766192e-01
2.552552552552552756e-01	3.841940296215808015e+00	1.420399599999999929e-01	4.578919818456884672e-01
2.562562562562562540e-01	3.835985874156785158e+00	4.463762399999999797e-01	-3.161331316187596802e-02
2.572572572572572325e-01	3.827666995679864126e+00	4.269505200000000000e-01	1.641888048411497825e-01
2.582582582582582664e-01	3.820375542369525590e+00	1.184553600000000095e+00	-6.842870398386284858e-01
2.592592592592592449e-01	3.816710402300383720e+00	1.074474520000000100e+00	-6.842870398386284858e-01
2.602602602602602788e-01	3.817068573859107694e+00	1.333484120000000051e+00	-8.148217851739789630e-01
2.612612612612612573e-01	3.818942208135299499e+00	1.275206959999999778e+00	-8.800891578416540906e-01
2.622622622622622357e-01	3.819902854943945325e+00	1.294632679999999869e+00	-6.842870398386284858e-01
2.632632632632632697e-01	3.820689743654630544e+00	1.301107919999999973e+00	-9.453565305093293292e-01
2.642642642642642481e-01	3.822931245542734668e+00	1.184553600000000095e+00	-6.842870398386284858e-01
2.652652652652652820e-01	3.826372544160869360e+00	9.902964000000000766e-01	-3.253164901664145625e-01
2.662662662662662605e-01	3.830362705480743646e+00	7.442372800000001121e-01	-3.253164901664145625e-01
2.672672672672672389e-01	3.834855043387218831e+00	2.715447599999999961e-01	2.947235501765002597e-01
2.682682682682682729e-01	3.839617724485059558e+00	5.138659999999999756e-02	3.273572365103378790e-01
2.692692692692692513e-01	3.844349326482614515e+00	-3.112268400000000046e-01	8.821299041855775735e-01
2.702702702702702853e-01	3.848582717489973604e+00	-4.601573600000000153e-01	8.494962178517398987e-01
2.712712712712712637e-01	3.851664051082580809e+00	-5.896621600000000463e-01	1.175833081190116092e+00
2.722722722722722422e-01	3.853282530275643492e+00	-6.803155199999999514e-01	1.077932022188603289e+00
2.732732732732732761e-01	3.853480878758807737e+00	-7.515431599999999879e-01	1.208466767523953767e+00
2.742742742742742545e-01	3.852918299470989183e+00	-7.321174399999998972e-01	9.800309631870904870e-01
2.752752752752752885e-01	3.852828652128747589e+00	-8.486717599999999972e-01	1.143199394856278639e+00
2.762762762762762669e-01	3.853749293232726192e+00	-9.458003599999998956e-01	1.241100453857791219e+00
2.772772772772773009e-01	3.854925184232882440e+00	-8.875231999999999566e-01	1.273734140191629116e+00
2.782782782782782793e-01	3.854982049476053163e+00	-9.004736800000000541e-01	1.306367826525466569e+00
2.792792792792792578e-01	3.853034483396576171e+00	-9.004736800000000541e-01	1.208466767523953767e+00
2.802802802802802917e-01	3.849263584543961780e+00	-8.486717599999999972e-01	1.371635199193141919e+00
2.812812812812812702e-01	3.844718692283003669e+00	-7.903945999999999472e-01	1.077932022188603289e+00
2.822822822822823041e-01	3.841360201829552956e+00	-6.738402799999999582e-01	1.143199394856278639e+00
2.832832832832832826e-01	3.840468325999459864e+00	-5.767116799999999488e-01	8.494962178517398987e-01
2.842842842842842610e-01	3.840972215536417878e+00	-5.313849999999999962e-01	1.077932022188603289e+00
2.852852852852852950e-01	3.841668453049358334e+00	-4.277811600000000491e-01	6.536940998487140719e-01
2.862862862862862734e-01	3.842839961710935448e+00	-3.500782800000000750e-01	8.168625315179022239e-01
2.872872872872873073e-01	3.843736189612731557e+00	-2.659001599999999965e-01	4.578919818456884672e-01
2.882882882882882858e-01	3.842057736115405575e+00	3.233466799999999974e-01	7.515951588502269853e-01
2.892892892892892642e-01	3.836820486621556281e+00	4.140000400000000136e-01	-6.424699949571360813e-02
2.902902902902902982e-01	3.828992590346540048e+00	4.334257600000001043e-01	2.947235501765002597e-01
2.912912912912912766e-01	3.821047509633816119e+00	1.035623080000000140e+00	-4.884849218356027145e-01
2.922922922922923106e-01	3.816166593269558760e+00	1.242830760000000145e+00	-8.148217851739789630e-01
2.932932932932932890e-01	3.815547579528069999e+00	1.229880280000000159e+00	-4.232175491679274204e-01
2.942942942942942675e-01	3.817534045934094511e+00	1.417662239999999851e+00	-1.141158648512355045e+00
2.952952952952953014e-01	3.819993299367178796e+00	1.197504080000000082e+00	-5.211186081694403338e-01
2.962962962962962798e-01	3.822155327023854632e+00	1.359385079999999801e+00	-1.010623903177004790e+00
2.972972972972973138e-01	3.823909573334368428e+00	1.242830760000000145e+00	-5.863859808371156834e-01
2.982982982982982922e-01	3.825678049585690577e+00	1.029147840000000036e+00	-5.537522945032778976e-01
2.992992992992992707e-01	3.828584071457054705e+00	7.766134800000000782e-01	-2.600491174987393794e-01
3.003003003003003046e-01	3.832538294889848984e+00	2.456437999999999955e-01	3.365405950579927752e-02
3.013013013013012831e-01	3.836765869387510630e+00	9.671327999999999869e-02	3.926246091780131731e-01
3.023023023023023170e-01	3.842217203444612927e+00	-1.817220400000000013e-01	7.189614725163894215e-01
3.033033033033032955e-01	3.849072662641817466e+00	-4.342563999999999869e-01	9.147635905194151373e-01
3.043043043043043294e-01	3.854228206359910924e+00	-5.572859600000000802e-01	1.012664649520927940e+00
3.053053053053053079e-01	3.855703780751742027e+00	-6.803155199999999514e-01	1.110565708522440964e+00
3.063063063063062863e-01	3.855282467870488450e+00	-7.126917200000000285e-01	1.077932022188603289e+00
3.073073073073073203e-01	3.854627960059955782e+00	-6.997412400000000421e-01	1.143199394856278639e+00
3.083083083083082987e-01	3.853673004489121645e+00	-8.292460400000000176e-01	1.143199394856278639e+00
3.093093093093093326e-01	3.852779055241006390e+00	-8.810479599999999634e-01	1.339001512859304244e+00
3.103103103103103111e-01	3.853075613538176292e+00	-8.939984399999999498e-01	1.273734140191629116e+00
3.113113113113112895e-01	3.854075684258178480e+00	-8.875231999999999566e-01	1.241100453857791219e+00
3.123123123123123235e-01	3.853251290045995425e+00	-9.134241599999999295e-01	1.208466767523953767e+00
3.133133133133133019e-01	3.849817525833838960e+00	-8.745727199999999701e-01	1.273734140191629116e+00
3.143143143143143359e-01	3.846103778511065219e+00	-7.903945999999999472e-01	1.077932022188603289e+00
3.153153153153153143e-01	3.843961051887385683e+00	-7.062164799999999243e-01	1.110565708522440964e+00
3.163163163163162928e-01	3.842813622569981380e+00	-6.349888400000001099e-01	1.012664649520927940e+00
3.173173173173173267e-01	3.841540282496942904e+00	-5.184345200000000098e-01	8.821299041855775735e-01
3.183183183183183051e-01	3.840429629705964576e+00	-4.731078399999999462e-01	8.821299041855775735e-01
3.193193193193193391e-01	3.840176131609430943e+00	-3.954049599999999165e-01	6.536940998487140719e-01
3.203203203203203175e-01	3.840460278803877525e+00	-1.622963199999999939e-01	7.189614725163894215e-01
3.213213213213212960e-01	3.840745541166507682e+00	-2.270487200000000094e-01	6.536940998487140719e-01
3.223223223223223299e-01	3.839314955360936477e+00	4.593267200000000772e-01	6.628774583963688294e-02
3.233233233233233084e-01	3.833675102132339418e+00	3.751485999999999432e-01	1.641888048411497825e-01
3.243243243243243423e-01	3.825247361173919725e+00	7.118610800000001460e-01	3.365405950579927752e-02
3.253253253253253208e-01	3.818656157549115360e+00	1.119801199999999941e+00	-7.821880988401412882e-01
3.263263263263262992e-01	3.816290086163651729e+00	1.042098320000000022e+00	-2.926828038325769432e-01
3.273273273273273332e-01	3.817150323357965558e+00	1.450038439999999929e+00	-1.239059707513868069e+00
3.283283283283283116e-01	3.818865606882416941e+00	1.178078360000000213e+00	-6.516533535047908110e-01
3.293293293293293456e-01	3.820295387341339666e+00	1.359385079999999801e+00	-9.453565305093293292e-01
3.303303303303303240e-01	3.822406022738532805e+00	1.229880280000000159e+00	-8.148217851739789630e-01
3.313313313313313024e-01	3.825512434238730552e+00	1.106850720000000177e+00	-5.863859808371156834e-01
3.323323323323323364e-01	3.828696802358388940e+00	8.672668400000000943e-01	-4.232175491679274204e-01
3.333333333333333148e-01	3.832046504934644382e+00	4.981781600000000365e-01	1.020373171961676869e-03
3.343343343343343488e-01	3.835920323715600322e+00	1.420399599999999929e-01	2.620898638426626404e-01
3.353353353353353272e-01	3.840315425943578553e+00	-1.363953600000000210e-01	4.905256681795260310e-01
3.363363363363363057e-01	3.845669651473248241e+00	-3.824544800000000411e-01	7.515951588502269853e-01
3.373373373373373396e-01	3.851076263583658399e+00	-5.378602399999999895e-01	1.077932022188603289e+00
3.383383383383383181e-01	3.854385796828575295e+00	-6.220383600000000124e-01	9.800309631870904870e-01
3.393393393393393520e-01	3.855187016282285217e+00	-7.191669600000000218e-01	1.175833081190116092e+00
3.403403403403403304e-01	3.854229898749342631e+00	-7.062164799999999243e-01	1.143199394856278639e+00
3.413413413413413644e-01	3.852379524215373330e+00	-7.968698400000000515e-01	1.208466767523953767e+00
3.423423423423423428e-01	3.851467274448634015e+00	-8.810479599999999634e-01	1.273734140191629116e+00
3.433433433433433213e-01	3.852568392470170355e+00	-9.393251199999999024e-01	1.273734140191629116e+00
3.443443443443443552e-01	3.853980876024331703e+00	-8.810479599999999634e-01	1.273734140191629116e+00
3.453453453453453337e-01	3.853406319578434491e+00	-9.069489200000000473e-01	1.208466767523953767e+00
3.463463463463463676e-01	3.850861800599421958e+00	-8.939984399999999498e-01	1.339001512859304244e+00
3.473473473473473461e-01	3.847353533244179502e+00	-8.033450799999999337e-01	1.110565708522440964e+00
3.483483483483483245e-01	3.843644699536823861e+00	-7.580183999999999811e-01	1.110565708522440964e+00
3.493493493493493585e-01	3.841014552647942448e+00	-6.349888400000001099e-01	1.012664649520927940e+00
3.503503503503503369e-01	3.839885055545121162e+00	-5.313849999999999962e-01	1.012664649520927940e+00
3.513513513513513709e-01	3.839938029346642523e+00	-4.860583200000000437e-01	9.147635905194151373e-01
3.523523523523523493e-01	3.841223935942354117e+00	-4.083554400000000140e-01	6.536940998487140719e-01
3.533533533533533277e-01	3.842699884592233328e+00	-3.177020799999999978e-01	6.210604135148766192e-01
3.543543543543543617e-01	3.842804785559749803e+00	-2.918011200000000249e-01	6.210604135148766192e-01
3.553553553553553401e-01	3.840586963297909051e+00	1.744161599999999868e-01	4.905256681795260310e-01
3.563563563563563741e-01	3.835326229177618895e+00	4.463762399999999797e-01	-3.161331316187596802e-02
3.573573573573573525e-01	3.827921039211779064e+00	4.075248000000000759e-01	6.628774583963688294e-02
3.583583583583583310e-01	3.820908193191982605e+00	1.171603120000000109e+00	-6.516533535047908110e-01
3.593593593593593649e-01	3.816539474026789946e+00	1.061524040000000113e+00	-6.190196671709531362e-01
3.603603603603603434e-01	3.816205024763268838e+00	1.327008879999999946e+00	-7.495544125063037244e-01
3.613613613613613773e-01	3.818877378815076717e+00	1.275206959999999778e+00	-8.474554715078166378e-01
3.623623623623623557e-01	3.821206076977041732e+00	1.268731720000000118e+00	-7.169207261724660496e-01
3.633633633633633342e-01	3.822086003279433708e+00	1.288157439999999765e+00	-1.010623903177004790e+00
3.643643643643643681e-01	3.823502661308825878e+00	1.178078360000000213e+00	-6.842870398386284858e-01
3.653653653653653466e-01	3.826423370030979321e+00	9.838211600000000834e-01	-3.905838628340898566e-01
3.663663663663663805e-01	3.829812766000447510e+00	7.442372800000001121e-01	-2.926828038325769432e-01
3.673673673673673590e-01	3.833153828541756791e+00	2.521190400000000165e-01	2.620898638426626404e-01
3.683683683683683929e-01	3.837327813021523149e+00	5.786183999999999772e-02	3.599909228441755538e-01
3.693693693693693714e-01	3.842796813667090472e+00	-3.112268400000000046e-01	8.168625315179022239e-01
3.703703703703703498e-01	3.848654083443696194e+00	-4.601573600000000153e-01	9.473972768532528121e-01
3.713713713713713838e-01	3.853480433092615787e+00	-5.961373999999999285e-01	1.077932022188603289e+00
3.723723723723723622e-01	3.855980601446713951e+00	-6.867907599999999446e-01	1.077932022188603289e+00
3.733733733733733962e-01	3.855844075532302906e+00	-7.321174399999998972e-01	1.077932022188603289e+00
3.743743743743743746e-01	3.854221970518115548e+00	-7.385926799999998904e-01	1.110565708522440964e+00
3.753753753753753530e-01	3.852723842645272789e+00	-8.486717599999999972e-01	1.241100453857791219e+00
3.763763763763763870e-01	3.852429105507466200e+00	-9.458003599999998956e-01	1.306367826525466569e+00
3.773773773773773654e-01	3.853190844360233402e+00	-8.875231999999999566e-01	1.371635199193141919e+00
3.783783783783783994e-01	3.853235950481785910e+00	-9.004736800000000541e-01	1.208466767523953767e+00
3.793793793793793778e-01	3.851000000667892831e+00	-9.004736800000000541e-01	1.273734140191629116e+00
3.803803803803803563e-01	3.847678679356903331e+00	-8.486717599999999972e-01	1.175833081190116092e+00
3.813813813813813902e-01	3.845278241649835671e+00	-7.968698400000000515e-01	9.800309631870904870e-01
3.823823823823823687e-01	3.843415822217598254e+00	-6.738402799999999582e-01	1.175833081190116092e+00
3.833833833833834026e-01	3.841654578816755983e+00	-5.767116799999999488e-01	8.821299041855775735e-01
3.843843843843843811e-01	3.841096018983515048e+00	-5.313849999999999962e-01	1.012664649520927940e+00
3.853853853853853595e-01	3.841518585647580419e+00	-4.277811600000000491e-01	7.515951588502269853e-01
3.863863863863863934e-01	3.841714231500045429e+00	-3.630287599999999504e-01	8.168625315179022239e-01
3.873873873873873719e-01	3.841776430346367732e+00	-2.659001599999999965e-01	4.905256681795260310e-01
3.883883883883884058e-01	3.841161115064819054e+00	1.420399599999999929e-01	7.515951588502269853e-01
3.893893893893893843e-01	3.837019933603338373e+00	4.140000400000000136e-01	-1.621480584972264660e-01
3.903903903903903627e-01	3.828807203421985328e+00	4.463762399999999797e-01	3.599909228441755538e-01
3.913913913913913967e-01	3.820974231579618241e+00	9.902964000000000766e-01	-5.537522945032778976e-01
3.923923923923923751e-01	3.817339180437600898e+00	1.236355520000000041e+00	-7.169207261724660496e-01
3.933933933933934091e-01	3.817460511731217476e+00	1.203979319999999964e+00	-3.905838628340898566e-01
3.943943943943943875e-01	3.819047464149091464e+00	1.411186999999999969e+00	-1.141158648512355045e+00
3.953953953953953659e-01	3.820297960220669697e+00	1.184553600000000095e+00	-5.537522945032778976e-01
3.963963963963963999e-01	3.821102140294405203e+00	1.346434599999999815e+00	-1.043257589510842243e+00
3.973973973973973783e-01	3.822677742299884773e+00	1.216929799999999950e+00	-5.537522945032778976e-01
3.983983983983984123e-01	3.825465619168168629e+00	1.016197360000000049e+00	-4.558512355017650397e-01
3.993993993993993907e-01	3.828979553371505862e+00	7.507125199999999943e-01	-3.579501765002521818e-01
4.004004004004003692e-01	3.833193353264690018e+00	2.391685600000000023e-01	6.628774583963688294e-02
4.014014014014014031e-01	3.838133875224897018e+00	9.023803999999999159e-02	3.599909228441755538e-01
4.024024024024023816e-01	3.843517416192304914e+00	-1.881972800000000223e-01	7.515951588502269853e-01
4.034034034034034155e-01	3.848832700001746598e+00	-4.472068799999999733e-01	8.821299041855775735e-01
4.044044044044043940e-01	3.852462714937876509e+00	-5.572859600000000802e-01	9.800309631870904870e-01
4.054054054054054279e-01	3.853266484465169395e+00	-6.738402799999999582e-01	1.110565708522440964e+00
4.064064064064064064e-01	3.852866227636823293e+00	-7.256422000000000150e-01	1.045298335854765615e+00
4.074074074074073848e-01	3.852764591822060769e+00	-6.932660000000000489e-01	1.241100453857791219e+00
4.084084084084084187e-01	3.852372473285879728e+00	-8.357212800000000108e-01	1.077932022188603289e+00
4.094094094094093972e-01	3.852178518647157546e+00	-8.875231999999999566e-01	1.502169944528492396e+00
4.104104104104104311e-01	3.853258775832852923e+00	-9.004736800000000541e-01	1.306367826525466569e+00
4.114114114114114096e-01	3.854524139479949429e+00	-8.939984399999999498e-01	1.241100453857791219e+00
4.124124124124123880e-01	3.854289202911049372e+00	-9.069489200000000473e-01	1.175833081190116092e+00
4.134134134134134220e-01	3.851909108246411417e+00	-8.810479599999999634e-01	1.371635199193141919e+00
4.144144144144144004e-01	3.848056693324765298e+00	-7.903945999999999472e-01	1.045298335854765615e+00
4.154154154154154344e-01	3.844344789068097512e+00	-7.062164799999999243e-01	1.175833081190116092e+00
4.164164164164164128e-01	3.841767196840903065e+00	-6.479393199999999853e-01	9.147635905194151373e-01
4.174174174174173912e-01	3.840491698719574742e+00	-5.184345200000000098e-01	8.494962178517398987e-01
4.184184184184184252e-01	3.840573492117379306e+00	-4.795830800000000504e-01	8.494962178517398987e-01
4.194194194194194036e-01	3.841902119943580551e+00	-3.889297199999999788e-01	6.536940998487140719e-01
4.204204204204204376e-01	3.843152596354077577e+00	-1.558210800000000007e-01	7.842288451840646601e-01
4.214214214214214160e-01	3.842310815527289591e+00	-2.335239600000000026e-01	6.863277861825517467e-01
4.224224224224223945e-01	3.838907940815852626e+00	3.686733600000000055e-01	1.020373171961676869e-03
4.234234234234234284e-01	3.833430088221807086e+00	3.621981200000000678e-01	1.968224911749873740e-01
4.244244244244244069e-01	3.826669841753962409e+00	6.989106000000000485e-01	-3.161331316187596802e-02
4.254254254254254408e-01	3.820233677511260417e+00	1.100375480000000072e+00	-7.821880988401412882e-01
4.264264264264264193e-01	3.815689416097307607e+00	1.042098320000000022e+00	-2.600491174987393794e-01
4.274274274274273977e-01	3.814621060934585639e+00	1.437087959999999942e+00	-1.239059707513868069e+00
4.284284284284284317e-01	3.817701724980956612e+00	1.165127880000000005e+00	-4.884849218356027145e-01
4.294294294294294101e-01	3.822184465901295791e+00	1.346434599999999815e+00	-9.127228441754917654e-01
4.304304304304304440e-01	3.824135496204549511e+00	1.223405040000000055e+00	-6.842870398386284858e-01
4.314314314314314225e-01	3.824234424171205848e+00	1.093900239999999968e+00	-6.842870398386284858e-01
4.324324324324324564e-01	3.826174686902715560e+00	8.607915999999999901e-01	-3.905838628340898566e-01
4.334334334334334349e-01	3.830298287911006128e+00	4.852276800000000501e-01	-1.621480584972264660e-01
4.344344344344344133e-01	3.835105500675836776e+00	1.420399599999999929e-01	2.620898638426626404e-01
4.354354354354354473e-01	3.840373762134753566e+00	-1.363953600000000210e-01	4.905256681795260310e-01
4.364364364364364257e-01	3.845553506298673874e+00	-3.824544800000000411e-01	7.842288451840646601e-01
4.374374374374374597e-01	3.849965397170637793e+00	-5.443354799999999827e-01	1.143199394856278639e+00
4.384384384384384381e-01	3.853388424626173592e+00	-6.220383600000000124e-01	1.012664649520927940e+00
4.394394394394394165e-01	3.855103035130276634e+00	-7.191669600000000218e-01	1.175833081190116092e+00
4.404404404404404505e-01	3.854475789129242269e+00	-7.126917200000000285e-01	1.077932022188603289e+00
4.414414414414414289e-01	3.852321566680711573e+00	-7.968698400000000515e-01	1.143199394856278639e+00
4.424424424424424629e-01	3.850989304371637001e+00	-8.875231999999999566e-01	1.371635199193141919e+00
4.434434434434434413e-01	3.852163763400277219e+00	-9.134241599999999295e-01	1.339001512859304244e+00
4.444444444444444198e-01	3.854093739816800923e+00	-8.875231999999999566e-01	1.175833081190116092e+00
4.454454454454454537e-01	3.853382985242843617e+00	-9.069489200000000473e-01	1.339001512859304244e+00
4.464464464464464322e-01	3.849826232491731393e+00	-8.939984399999999498e-01	1.273734140191629116e+00
4.474474474474474661e-01	3.846225457467877362e+00	-8.033450799999999337e-01	1.208466767523953767e+00
4.484484484484484446e-01	3.843890756381403317e+00	-7.515431599999999879e-01	1.143199394856278639e+00
4.494494494494494230e-01	3.841951853632256331e+00	-6.349888400000001099e-01	1.110565708522440964e+00
4.504504504504504570e-01	3.840280638015205028e+00	-5.249097599999998920e-01	1.012664649520927940e+00
4.514514514514514354e-01	3.839624076366408456e+00	-5.054840400000000233e-01	8.821299041855775735e-01
4.524524524524524693e-01	3.840277095137010210e+00	-4.148306800000000072e-01	7.189614725163894215e-01
4.534534534534534478e-01	3.841973590629586432e+00	-3.177020799999999978e-01	7.842288451840646601e-01
4.544544544544544262e-01	3.843072115342510475e+00	-2.853258800000000317e-01	5.884267271810389444e-01
4.554554554554554602e-01	3.841076902904678736e+00	2.262180799999999881e-01	5.884267271810389444e-01
4.564564564564564386e-01	3.835505446716272804e+00	4.334257600000001043e-01	3.365405950579927752e-02
4.574574574574574726e-01	3.828216761823416636e+00	3.880990800000000407e-01	6.628774583963688294e-02
4.584584584584584510e-01	3.821238269037041668e+00	1.158652640000000122e+00	-6.516533535047908110e-01
4.594594594594594295e-01	3.816784265039808943e+00	1.042098320000000022e+00	-7.169207261724660496e-01
4.604604604604604634e-01	3.816554418443873331e+00	1.307583159999999856e+00	-4.232175491679274204e-01
4.614614614614614418e-01	3.818785620985067464e+00	1.275206959999999778e+00	-9.453565305093293292e-01
4.624624624624624758e-01	3.820452349908092238e+00	1.262256480000000014e+00	-5.863859808371156834e-01
4.634634634634634542e-01	3.821555403816600194e+00	1.281682200000000105e+00	-9.453565305093293292e-01
4.644644644644644327e-01	3.823493852892568157e+00	1.171603120000000109e+00	-6.190196671709531362e-01
4.654654654654654666e-01	3.826353302918508614e+00	9.773459200000000902e-01	-3.579501765002521818e-01
4.664664664664664451e-01	3.829782988137075517e+00	7.312868000000000146e-01	-1.947817448310640853e-01
4.674674674674674790e-01	3.834104830679414544e+00	2.456437999999999955e-01	2.294561775088249655e-01
4.684684684684684575e-01	3.839187999477758684e+00	3.196087999999999707e-02	4.578919818456884672e-01
4.694694694694694914e-01	3.843851711392578085e+00	-3.177020799999999978e-01	8.494962178517398987e-01
4.704704704704704699e-01	3.847559007728100333e+00	-4.666325999999999530e-01	9.473972768532528121e-01
4.714714714714714483e-01	3.851218177181249924e+00	-5.896621600000000463e-01	1.110565708522440964e+00
4.724724724724724823e-01	3.854836381274965085e+00	-6.867907599999999446e-01	1.045298335854765615e+00
4.734734734734734607e-01	3.855817381826959434e+00	-7.450679199999999947e-01	1.175833081190116092e+00
4.744744744744744946e-01	3.852982457535637284e+00	-7.450679199999999947e-01	1.077932022188603289e+00
4.754754754754754731e-01	3.850128128209478806e+00	-8.486717599999999972e-01	1.306367826525466569e+00
4.764764764764764515e-01	3.850974138415649950e+00	-9.458003599999998956e-01	1.241100453857791219e+00
4.774774774774774855e-01	3.853737426942680955e+00	-8.810479599999999634e-01	1.241100453857791219e+00
4.784784784784784639e-01	3.854005356286588135e+00	-9.004736800000000541e-01	1.241100453857791219e+00
4.794794794794794979e-01	3.850316219608995727e+00	-9.004736800000000541e-01	1.273734140191629116e+00
4.804804804804804763e-01	3.845353567049775823e+00	-8.486717599999999972e-01	1.241100453857791219e+00
4.814814814814814548e-01	3.842143501981809095e+00	-7.774441199999999608e-01	1.077932022188603289e+00
4.824824824824824887e-01	3.840706337088033884e+00	-6.738402799999999582e-01	1.110565708522440964e+00
4.834834834834834671e-01	3.839401556707198182e+00	-5.767116799999999488e-01	1.077932022188603289e+00
4.844844844844845011e-01	3.837932800891407759e+00	-5.378602399999999895e-01	8.494962178517398987e-01
4.854854854854854795e-01	3.838098927656079518e+00	-4.213059199999999449e-01	7.515951588502269853e-01
4.864864864864864580e-01	3.840821428575767804e+00	-3.500782800000000750e-01	7.189614725163894215e-01
4.874874874874874919e-01	3.843638514658181737e+00	-2.853258800000000317e-01	4.905256681795260310e-01
4.884884884884884704e-01	3.842990307263631777e+00	2.548563999999999691e-02	7.515951588502269853e-01
4.894894894894895043e-01	3.837630640022653417e+00	4.334257600000001043e-01	-1.295143721633888190e-01
4.904904904904904828e-01	3.829597473741695790e+00	4.334257600000001043e-01	3.926246091780131731e-01
4.914914914914914612e-01	3.822138752190872513e+00	9.902964000000000766e-01	-4.884849218356027145e-01
4.924924924924924952e-01	3.817459209759489713e+00	1.216929799999999950e+00	-6.190196671709531362e-01
4.934934934934934736e-01	3.816553525083338005e+00	1.191028839999999978e+00	-3.579501765002521818e-01
4.944944944944945076e-01	3.818373373327924369e+00	1.398236519999999983e+00	-1.010623903177004790e+00
4.954954954954954860e-01	3.820393582347344719e+00	1.165127880000000005e+00	-5.863859808371156834e-01
4.964964964964965199e-01	3.821681234180038800e+00	1.339959359999999933e+00	-9.127228441754917654e-01
4.974974974974974984e-01	3.823010996187718114e+00	1.216929799999999950e+00	-6.842870398386284858e-01
4.984984984984984768e-01	3.825174212965147813e+00	1.022672600000000154e+00	-3.905838628340898566e-01
4.994994994994995108e-01	3.828557118777572654e+00	7.377620400000000078e-01	-3.905838628340898566e-01
5.005005005005005447e-01	3.832689985737438576e+00	2.197428399999999948e-01	1.641888048411497825e-01
5.015015015015015232e-01	3.836989807181178769e+00	9.023803999999999159e-02	4.252582955118507924e-01
5.025025025025025016e-01	3.841810894979616808e+00	-1.946725200000000155e-01	7.189614725163894215e-01
5.035035035035034801e-01	3.846919633129419314e+00	-4.407316399999999801e-01	9.147635905194151373e-01
5.045045045045044585e-01	3.850659878293201110e+00	-5.637612000000000734e-01	1.012664649520927940e+00
5.055055055055055480e-01	3.852507266864931612e+00	-6.997412400000000421e-01	1.045298335854765615e+00
5.065065065065065264e-01	3.853680792699382796e+00	-7.256422000000000150e-01	1.110565708522440964e+00
5.075075075075075048e-01	3.854214831716594514e+00	-7.062164799999999243e-01	1.175833081190116092e+00
5.085085085085084833e-01	3.853469696704546532e+00	-8.292460400000000176e-01	1.110565708522440964e+00
5.095095095095094617e-01	3.852599851178898138e+00	-8.875231999999999566e-01	1.404268885526979593e+00
5.105105105105105512e-01	3.852551713697252911e+00	-9.004736800000000541e-01	1.273734140191629116e+00
5.115115115115115296e-01	3.852218615254712653e+00	-8.875231999999999566e-01	1.273734140191629116e+00
5.125125125125125081e-01	3.850743508867020104e+00	-9.134241599999999295e-01	1.175833081190116092e+00
5.135135135135134865e-01	3.848593812468690256e+00	-8.745727199999999701e-01	1.371635199193141919e+00
5.145145145145144649e-01	3.845783612258314221e+00	-7.839193599999999540e-01	1.012664649520927940e+00
5.155155155155155544e-01	3.842287780493431448e+00	-7.126917200000000285e-01	1.208466767523953767e+00
5.165165165165165329e-01	3.839715202396634552e+00	-6.349888400000001099e-01	8.821299041855775735e-01
5.175175175175175113e-01	3.839421937347900826e+00	-5.184345200000000098e-01	7.515951588502269853e-01
5.185185185185184897e-01	3.840104142111782082e+00	-4.731078399999999462e-01	7.842288451840646601e-01
5.195195195195194682e-01	3.840341431589849197e+00	-3.954049599999999165e-01	7.515951588502269853e-01
5.205205205205205576e-01	3.841329847392967345e+00	-1.428706000000000143e-01	7.189614725163894215e-01
5.215215215215215361e-01	3.842708441862910718e+00	-2.399992000000000236e-01	6.536940998487140719e-01
5.225225225225225145e-01	3.840277519429670328e+00	2.909704799999999758e-01	1.020373171961676869e-03
5.235235235235234930e-01	3.832605018561813903e+00	3.816238400000000475e-01	1.315551185073121632e-01
5.245245245245244714e-01	3.823620540751646590e+00	6.730096400000000756e-01	-9.688068582955121355e-02
5.255255255255255609e-01	3.817259270266773807e+00	1.100375480000000072e+00	-7.821880988401412882e-01
5.265265265265265393e-01	3.815052179470114879e+00	1.029147840000000036e+00	-2.600491174987393794e-01
5.275275275275275177e-01	3.816565465464099915e+00	1.424137479999999734e+00	-1.108524962178517592e+00
5.285285285285284962e-01	3.819556313167210337e+00	1.158652640000000122e+00	-4.884849218356027145e-01
5.295295295295294746e-01	3.821856000267395803e+00	1.327008879999999946e+00	-9.127228441754917654e-01
5.305305305305305641e-01	3.822845113442788989e+00	1.210454560000000068e+00	-7.495544125063037244e-01
5.315315315315315425e-01	3.823424458015219685e+00	1.061524040000000113e+00	-6.516533535047908110e-01
5.325325325325325210e-01	3.825371551848063323e+00	8.543163600000001079e-01	-3.253164901664145625e-01
5.335335335335334994e-01	3.829632062471731935e+00	4.722772000000000081e-01	-1.295143721633888190e-01
5.345345345345344779e-01	3.835360205756417340e+00	1.226142399999999993e-01	4.578919818456884672e-01
5.355355355355355673e-01	3.840999303777034246e+00	-1.363953600000000210e-01	4.578919818456884672e-01
5.365365365365365458e-01	3.845664766299707438e+00	-3.824544800000000411e-01	9.800309631870904870e-01
5.375375375375375242e-01	3.849387439045838022e+00	-5.443354799999999827e-01	8.821299041855775735e-01
5.385385385385385026e-01	3.852466159539391644e+00	-6.155631200000000192e-01	1.110565708522440964e+00
5.395395395395394811e-01	3.854599820517312203e+00	-7.321174399999998972e-01	1.045298335854765615e+00
5.405405405405405705e-01	3.854879987069679714e+00	-6.997412400000000421e-01	1.045298335854765615e+00
5.415415415415415490e-01	3.853409746193684260e+00	-7.903945999999999472e-01	1.241100453857791219e+00
5.425425425425425274e-01	3.851995448105408393e+00	-8.745727199999999701e-01	1.306367826525466569e+00
5.435435435435435059e-01	3.851992388944500245e+00	-9.198994000000000337e-01	1.371635199193141919e+00
5.445445445445444843e-01	3.852670812052952698e+00	-8.939984399999999498e-01	1.208466767523953767e+00
5.455455455455455738e-01	3.852486697034661400e+00	-9.134241599999999295e-01	1.273734140191629116e+00
5.465465465465465522e-01	3.850666811902093922e+00	-8.939984399999999498e-01	1.241100453857791219e+00
5.475475475475475307e-01	3.847592784023397439e+00	-8.033450799999999337e-01	1.143199394856278639e+00
5.485485485485485091e-01	3.844451984832430558e+00	-7.580183999999999811e-01	1.045298335854765615e+00
5.495495495495495986e-01	3.842171381376148442e+00	-6.220383600000000124e-01	1.175833081190116092e+00
5.505505505505505770e-01	3.841090820477896184e+00	-5.378602399999999895e-01	7.842288451840646601e-01
5.515515515515515554e-01	3.841121360496885018e+00	-5.054840400000000233e-01	1.045298335854765615e+00
5.525525525525525339e-01	3.841545615348799902e+00	-4.018802000000000207e-01	6.863277861825517467e-01
5.535535535535535123e-01	3.841970267831410268e+00	-3.436030400000000262e-01	7.842288451840646601e-01
5.545545545545546018e-01	3.842178010477905747e+00	-2.918011200000000249e-01	5.557930408472013806e-01
5.555555555555555802e-01	3.840435910993126534e+00	2.585942800000000097e-01	5.884267271810389444e-01
5.565565565565565587e-01	3.835419778542761282e+00	4.269505200000000000e-01	-6.424699949571360813e-02
5.575575575575575371e-01	3.828720614371428521e+00	3.816238400000000475e-01	1.968224911749873740e-01
5.585585585585585155e-01	3.822646382942713306e+00	1.152177400000000018e+00	-6.516533535047908110e-01
5.595595595595596050e-01	3.818583918812640032e+00	1.055048800000000009e+00	-5.863859808371156834e-01
5.605605605605605835e-01	3.817391312911925016e+00	1.301107919999999973e+00	-6.842870398386284858e-01
5.615615615615615619e-01	3.818356466388373782e+00	1.242830760000000145e+00	-9.127228441754917654e-01
5.625625625625625403e-01	3.819877357203201207e+00	1.249306000000000250e+00	-5.537522945032778976e-01
5.635635635635635188e-01	3.821494322194061155e+00	1.255781239999999910e+00	-1.010623903177004790e+00
5.645645645645646082e-01	3.823597848364255647e+00	1.158652640000000122e+00	-5.211186081694403338e-01
5.655655655655655867e-01	3.826312591820566045e+00	9.449697200000000130e-01	-5.211186081694403338e-01
5.665665665665665651e-01	3.829734008011844271e+00	7.377620400000000078e-01	-1.947817448310640853e-01
5.675675675675675436e-01	3.834410178889609888e+00	2.456437999999999955e-01	1.968224911749873740e-01
5.685685685685685220e-01	3.840214240187325601e+00	3.843611999999999723e-02	4.252582955118507924e-01
5.695695695695696115e-01	3.846242110378701451e+00	-3.306525599999999843e-01	7.842288451840646601e-01
5.705705705705705899e-01	3.851486808754369662e+00	-4.601573600000000153e-01	1.012664649520927940e+00
5.715715715715715683e-01	3.854133899081584325e+00	-6.026126399999999217e-01	9.800309631870904870e-01
5.725725725725725468e-01	3.853661286444141520e+00	-6.932660000000000489e-01	1.143199394856278639e+00
5.735735735735735252e-01	3.852659760036226455e+00	-7.321174399999998972e-01	1.077932022188603289e+00
5.745745745745746147e-01	3.852759803774826963e+00	-7.385926799999998904e-01	1.110565708522440964e+00
5.755755755755755931e-01	3.852776450175622536e+00	-8.486717599999999972e-01	1.208466767523953767e+00
5.765765765765765716e-01	3.852648800381464067e+00	-9.458003599999998956e-01	1.273734140191629116e+00
5.775775775775775500e-01	3.853550448384601701e+00	-8.875231999999999566e-01	1.306367826525466569e+00
5.785785785785785285e-01	3.854216303410955113e+00	-9.069489200000000473e-01	1.241100453857791219e+00
5.795795795795796179e-01	3.852135190710811230e+00	-9.069489200000000473e-01	1.273734140191629116e+00
5.805805805805805964e-01	3.847431354916983626e+00	-8.486717599999999972e-01	1.273734140191629116e+00
5.815815815815815748e-01	3.843125629947176325e+00	-7.839193599999999540e-01	1.077932022188603289e+00
5.825825825825825532e-01	3.841410349638339827e+00	-6.673650399999999649e-01	1.143199394856278639e+00
5.835835835835835317e-01	3.840889727541747067e+00	-5.767116799999999488e-01	9.473972768532528121e-01
5.845845845845846211e-01	3.839994492021065575e+00	-5.378602399999999895e-01	9.147635905194151373e-01
5.855855855855855996e-01	3.839896750701596417e+00	-4.213059199999999449e-01	8.494962178517398987e-01
5.865865865865865780e-01	3.841128956125433369e+00	-3.565535200000000127e-01	8.168625315179022239e-01
5.875875875875875565e-01	3.842236026138837524e+00	-2.723753999999999897e-01	6.863277861825517467e-01
5.885885885885885349e-01	3.841592517125591577e+00	-1.234448800000000068e-01	6.210604135148766192e-01
5.895895895895896244e-01	3.837556904654242818e+00	4.658019600000000704e-01	1.020373171961676869e-03
5.905905905905906028e-01	3.830149488151441073e+00	4.140000400000000136e-01	1.968224911749873740e-01
5.915915915915915813e-01	3.822310942060939798e+00	9.643954399999999927e-01	-4.558512355017650397e-01
5.925925925925925597e-01	3.817217624298796963e+00	1.203979319999999964e+00	-8.148217851739789630e-01
5.935935935935935381e-01	3.816430476661214932e+00	1.178078360000000213e+00	-4.558512355017650397e-01
5.945945945945946276e-01	3.819270871682327595e+00	1.385286039999999996e+00	-1.108524962178517592e+00
5.955955955955956060e-01	3.822632393869758172e+00	1.152177400000000018e+00	-5.537522945032778976e-01
5.965965965965965845e-01	3.824065028383143439e+00	1.320533639999999842e+00	-8.800891578416540906e-01
5.975975975975975629e-01	3.823919217783154245e+00	1.197504080000000082e+00	-6.190196671709531362e-01
5.985985985985985414e-01	3.824191991699908311e+00	1.022672600000000154e+00	-3.579501765002521818e-01
5.995995995995996308e-01	3.826723465691636239e+00	7.183363200000001392e-01	-3.905838628340898566e-01
6.006006006006006093e-01	3.831181386546553824e+00	2.197428399999999948e-01	1.315551185073121632e-01
6.016016016016015877e-01	3.836210883513058167e+00	8.376279999999999837e-02	2.947235501765002597e-01
6.026026026026025662e-01	3.841808446231727903e+00	-1.946725200000000155e-01	8.821299041855775735e-01
6.036036036036035446e-01	3.847572340214992170e+00	-4.472068799999999733e-01	8.494962178517398987e-01
6.046046046046046341e-01	3.852183169971422405e+00	-5.637612000000000734e-01	1.110565708522440964e+00
6.056056056056056125e-01	3.855224436028701795e+00	-6.803155199999999514e-01	1.077932022188603289e+00
6.066066066066065909e-01	3.856252467396120931e+00	-7.256422000000000150e-01	1.143199394856278639e+00
6.076076076076075694e-01	3.854822573675674491e+00	-6.867907599999999446e-01	1.143199394856278639e+00
6.086086086086086588e-01	3.852407110013433389e+00	-8.421965199999998930e-01	1.175833081190116092e+00
6.096096096096096373e-01	3.851254362839866108e+00	-8.939984399999999498e-01	1.306367826525466569e+00
6.106106106106106157e-01	3.852173781997844326e+00	-8.939984399999999498e-01	1.273734140191629116e+00
6.116116116116115942e-01	3.853829315320728810e+00	-9.069489200000000473e-01	1.241100453857791219e+00
6.126126126126125726e-01	3.853237330324715160e+00	-9.134241599999999295e-01	1.306367826525466569e+00
6.136136136136136621e-01	3.849475010140195330e+00	-8.745727199999999701e-01	1.404268885526979593e+00
6.146146146146146405e-01	3.845416657519340919e+00	-7.968698400000000515e-01	1.045298335854765615e+00
6.156156156156156189e-01	3.842917093267215201e+00	-7.126917200000000285e-01	1.208466767523953767e+00
6.166166166166165974e-01	3.841095820232515834e+00	-6.349888400000001099e-01	8.494962178517398987e-01
6.176176176176175758e-01	3.839782995612908589e+00	-5.184345200000000098e-01	1.012664649520927940e+00
6.186186186186186653e-01	3.839714588704296272e+00	-4.860583200000000437e-01	7.842288451840646601e-01
6.196196196196196437e-01	3.840891190945497247e+00	-3.889297199999999788e-01	7.515951588502269853e-01
6.206206206206206222e-01	3.842286550002000478e+00	-1.299201200000000000e-01	6.863277861825517467e-01
6.216216216216216006e-01	3.842394249183493482e+00	-2.399992000000000236e-01	6.536940998487140719e-01
6.226226226226225791e-01	3.839944989762178906e+00	1.938418799999999942e-01	1.020373171961676869e-03
6.236236236236236685e-01	3.833940415282666159e+00	3.816238400000000475e-01	1.641888048411497825e-01
6.246246246246246470e-01	3.825495371577433801e+00	6.600591600000000891e-01	-1.295143721633888190e-01
6.256256256256256254e-01	3.818760992349646166e+00	1.100375480000000072e+00	-7.495544125063037244e-01
6.266266266266266038e-01	3.816681055630934072e+00	1.009722120000000167e+00	-2.600491174987393794e-01
6.276276276276275823e-01	3.817928712264192725e+00	1.404711760000000087e+00	-1.075891275844679917e+00
6.286286286286286717e-01	3.819617201394686301e+00	1.145702159999999914e+00	-5.537522945032778976e-01
6.296296296296296502e-01	3.820538351682658540e+00	1.307583159999999856e+00	-8.148217851739789630e-01
6.306306306306306286e-01	3.820850907917112682e+00	1.203979319999999964e+00	-7.495544125063037244e-01
6.316316316316316071e-01	3.821603548424851837e+00	1.035623080000000140e+00	-6.842870398386284858e-01
6.326326326326325855e-01	3.824730565326595499e+00	8.478411200000001147e-01	-3.905838628340898566e-01
6.336336336336336750e-01	3.830166192580497952e+00	4.593267200000000772e-01	-1.295143721633888190e-01
6.346346346346346534e-01	3.835345842401812977e+00	1.161389999999999922e-01	3.926246091780131731e-01
6.356356356356356319e-01	3.839615432714806431e+00	-1.493458400000000075e-01	4.252582955118507924e-01
6.366366366366366103e-01	3.844719222089068911e+00	-3.954049599999999165e-01	1.077932022188603289e+00
6.376376376376375887e-01	3.850465691871476803e+00	-5.508107199999999759e-01	9.800309631870904870e-01
6.386386386386386782e-01	3.853972011008481857e+00	-6.285136000000000056e-01	1.175833081190116092e+00
6.396396396396396566e-01	3.853695951775059747e+00	-7.256422000000000150e-01	1.077932022188603289e+00
6.406406406406406351e-01	3.851808555044995863e+00	-6.997412400000000421e-01	1.175833081190116092e+00
6.416416416416416135e-01	3.851063862382601677e+00	-8.033450799999999337e-01	1.045298335854765615e+00
6.426426426426425920e-01	3.851354724757149128e+00	-8.810479599999999634e-01	1.404268885526979593e+00
6.436436436436436814e-01	3.851917162815587492e+00	-9.198994000000000337e-01	1.241100453857791219e+00
6.446446446446446599e-01	3.852895740728235818e+00	-8.939984399999999498e-01	1.273734140191629116e+00
6.456456456456456383e-01	3.852774871329609052e+00	-9.069489200000000473e-01	1.273734140191629116e+00
6.466466466466466168e-01	3.849957963198652688e+00	-8.939984399999999498e-01	1.143199394856278639e+00
6.476476476476475952e-01	3.845938964382624281e+00	-8.033450799999999337e-01	1.208466767523953767e+00
6.486486486486486847e-01	3.842625660368705898e+00	-7.450679199999999947e-01	1.045298335854765615e+00
6.496496496496496631e-01	3.840097148907662294e+00	-6.285136000000000056e-01	1.143199394856278639e+00
6.506506506506506415e-01	3.838539573655895598e+00	-5.378602399999999895e-01	9.473972768532528121e-01
6.516516516516516200e-01	3.838493466351174721e+00	-5.054840400000000233e-01	9.800309631870904870e-01
6.526526526526525984e-01	3.839443245857512288e+00	-4.213059199999999449e-01	6.536940998487140719e-01
6.536536536536536879e-01	3.840575690287142852e+00	-3.436030400000000262e-01	1.045298335854765615e+00
6.546546546546546663e-01	3.841452721080104382e+00	-2.853258800000000317e-01	4.252582955118507924e-01
6.556556556556556448e-01	3.840558649816131709e+00	2.844952399999999826e-01	7.189614725163894215e-01
6.566566566566566232e-01	3.836019396411766813e+00	4.140000400000000136e-01	-9.688068582955121355e-02
6.576576576576576016e-01	3.828542403547791295e+00	3.751485999999999432e-01	2.620898638426626404e-01
6.586586586586586911e-01	3.820610320556352413e+00	1.132751680000000150e+00	-6.516533535047908110e-01
6.596596596596596696e-01	3.815348667782102687e+00	1.035623080000000140e+00	-5.863859808371156834e-01
6.606606606606606480e-01	3.815626382483164214e+00	1.281682200000000105e+00	-7.169207261724660496e-01
6.616616616616616264e-01	3.819546363938095546e+00	1.242830760000000145e+00	-9.127228441754917654e-01
6.626626626626626049e-01	3.822466737003689108e+00	1.242830760000000145e+00	-5.863859808371156834e-01
6.636636636636636943e-01	3.823444675935359083e+00	1.255781239999999910e+00	-9.453565305093293292e-01
6.646646646646646728e-01	3.824044542297880600e+00	1.158652640000000122e+00	-6.190196671709531362e-01
6.656656656656656512e-01	3.825965903271106860e+00	9.643954399999999927e-01	-4.558512355017650397e-01
6.666666666666666297e-01	3.830318952618692041e+00	7.248115600000000214e-01	-2.274154311649017046e-01
6.676676676676676081e-01	3.835376311874935329e+00	2.326933200000000090e-01	2.620898638426626404e-01
6.686686686686686976e-01	3.838766944902221034e+00	3.843611999999999723e-02	4.252582955118507924e-01
6.696696696696696760e-01	3.841628356446076253e+00	-3.306525599999999843e-01	8.494962178517398987e-01
6.706706706706706544e-01	3.846203948980227771e+00	-4.601573600000000153e-01	8.821299041855775735e-01
6.716716716716716329e-01	3.851577849646560914e+00	-6.090878800000000259e-01	1.077932022188603289e+00
6.726726726726726113e-01	3.855024234039039488e+00	-6.997412400000000421e-01	1.110565708522440964e+00
6.736736736736737008e-01	3.855046346551724845e+00	-7.385926799999998904e-01	1.012664649520927940e+00
6.746746746746746792e-01	3.852374044269190723e+00	-7.385926799999998904e-01	1.208466767523953767e+00
6.756756756756756577e-01	3.850212890246226038e+00	-8.357212800000000108e-01	1.143199394856278639e+00
6.766766766766766361e-01	3.851091343530769873e+00	-9.587508399999999931e-01	1.306367826525466569e+00
6.776776776776777256e-01	3.853163534567564330e+00	-8.875231999999999566e-01	1.012664649520927940e+00
6.786786786786787040e-01	3.853074183432446009e+00	-9.134241599999999295e-01	1.273734140191629116e+00
6.796796796796796825e-01	3.850329390103470750e+00	-8.939984399999999498e-01	1.208466767523953767e+00
6.806806806806806609e-01	3.846641621910160680e+00	-8.486717599999999972e-01	1.241100453857791219e+00
6.816816816816816393e-01	3.843474726819942955e+00	-7.903945999999999472e-01	1.077932022188603289e+00
6.826826826826827288e-01	3.841436379648694555e+00	-6.803155199999999514e-01	1.175833081190116092e+00
6.836836836836837072e-01	3.840600946912481106e+00	-5.767116799999999488e-01	9.147635905194151373e-01
6.846846846846846857e-01	3.840628044965757493e+00	-5.443354799999999827e-01	9.473972768532528121e-01
6.856856856856856641e-01	3.841280337604425110e+00	-4.213059199999999449e-01	8.168625315179022239e-01
6.866866866866866426e-01	3.842319741026146485e+00	-3.630287599999999504e-01	8.168625315179022239e-01
6.876876876876877320e-01	3.842586839649835717e+00	-2.659001599999999965e-01	5.884267271810389444e-01
6.886886886886887105e-01	3.840505098215577284e+00	-1.622963199999999939e-01	6.863277861825517467e-01
6.896896896896896889e-01	3.835741147545171259e+00	4.917029200000000433e-01	-3.161331316187596802e-02
6.906906906906906674e-01	3.829628728701725215e+00	4.140000400000000136e-01	2.620898638426626404e-01
6.916916916916916458e-01	3.823654761475804520e+00	9.514449600000001173e-01	-2.926828038325769432e-01
6.926926926926927353e-01	3.818920533617498503e+00	1.210454560000000068e+00	-8.474554715078166378e-01
6.936936936936937137e-01	3.816874160720060249e+00	1.171603120000000109e+00	-1.947817448310640853e-01
6.946946946946946921e-01	3.817937729518543044e+00	1.372335560000000010e+00	-1.239059707513868069e+00
6.956956956956956706e-01	3.820299180961562069e+00	1.145702159999999914e+00	-3.905838628340898566e-01
6.966966966966966490e-01	3.821997417748448811e+00	1.314058399999999960e+00	-1.108524962178517592e+00
6.976976976976977385e-01	3.823256768865693100e+00	1.178078360000000213e+00	-6.516533535047908110e-01
6.986986986986987169e-01	3.825385466223807374e+00	1.009722120000000167e+00	-3.905838628340898566e-01
6.996996996996996954e-01	3.828849594955246793e+00	7.248115600000000214e-01	-3.905838628340898566e-01
7.007007007007006738e-01	3.833615348906681319e+00	2.262180799999999881e-01	1.315551185073121632e-01
7.017017017017016522e-01	3.839170954586511364e+00	9.023803999999999159e-02	3.926246091780131731e-01
7.027027027027027417e-01	3.844411017004199405e+00	-1.881972800000000223e-01	7.515951588502269853e-01
7.037037037037037202e-01	3.848594670257412531e+00	-4.472068799999999733e-01	7.842288451840646601e-01
7.047047047047046986e-01	3.851697247003739832e+00	-5.572859600000000802e-01	1.143199394856278639e+00
7.057057057057056770e-01	3.853657583569561229e+00	-6.932660000000000489e-01	9.473972768532528121e-01
7.067067067067066555e-01	3.854056368140137412e+00	-7.126917200000000285e-01	1.143199394856278639e+00
7.077077077077077449e-01	3.853165093229654392e+00	-7.062164799999999243e-01	1.077932022188603289e+00
7.087087087087087234e-01	3.851851586209221523e+00	-8.421965199999998930e-01	1.404268885526979593e+00
7.097097097097097018e-01	3.851057121956949825e+00	-8.939984399999999498e-01	1.306367826525466569e+00
7.107107107107106803e-01	3.851848536070010987e+00	-8.939984399999999498e-01	1.339001512859304244e+00
7.117117117117116587e-01	3.853324819344775332e+00	-8.939984399999999498e-01	1.306367826525466569e+00
7.127127127127127482e-01	3.852398907976447351e+00	-9.134241599999999295e-01	1.208466767523953767e+00
7.137137137137137266e-01	3.848517449729482731e+00	-8.616222399999999837e-01	1.306367826525466569e+00
7.147147147147147050e-01	3.844917949527691725e+00	-7.839193599999999540e-01	1.077932022188603289e+00
7.157157157157156835e-01	3.843312463698353110e+00	-7.062164799999999243e-01	1.175833081190116092e+00
7.167167167167166619e-01	3.842417424241064250e+00	-6.349888400000001099e-01	9.800309631870904870e-01
7.177177177177177514e-01	3.841713755156272114e+00	-5.054840400000000233e-01	9.473972768532528121e-01
7.187187187187187298e-01	3.841483582373224959e+00	-4.795830800000000504e-01	8.494962178517398987e-01
7.197197197197197083e-01	3.841456594702231886e+00	-3.759792400000000478e-01	8.168625315179022239e-01
7.207207207207206867e-01	3.842059959998058272e+00	-1.363953600000000210e-01	6.863277861825517467e-01
7.217217217217216652e-01	3.842925555108809732e+00	-2.464744400000000168e-01	6.536940998487140719e-01
7.227227227227227546e-01	3.840371891546769501e+00	1.161389999999999922e-01	3.365405950579927752e-02
7.237237237237237331e-01	3.832696242263642361e+00	4.010495599999999716e-01	1.968224911749873740e-01
7.247247247247247115e-01	3.824833261733571188e+00	6.406334400000001095e-01	-6.424699949571360813e-02
7.257257257257256899e-01	3.820676591959253354e+00	1.087425000000000086e+00	-6.842870398386284858e-01
7.267267267267266684e-01	3.818554102049779519e+00	1.016197360000000049e+00	-3.253164901664145625e-01
7.277277277277277578e-01	3.817715552784013422e+00	1.398236519999999983e+00	-1.010623903177004790e+00
7.287287287287287363e-01	3.819077297883918476e+00	1.132751680000000150e+00	-5.537522945032778976e-01
7.297297297297297147e-01	3.821574419813875689e+00	1.307583159999999856e+00	-7.495544125063037244e-01
7.307307307307306932e-01	3.823889993422612488e+00	1.203979319999999964e+00	-8.148217851739789630e-01
7.317317317317316716e-01	3.825636564276168272e+00	1.055048800000000009e+00	-6.516533535047908110e-01
7.327327327327327611e-01	3.827108486121238773e+00	8.348906400000000172e-01	-3.253164901664145625e-01
7.337337337337337395e-01	3.830022692237479820e+00	4.528514799999999729e-01	1.020373171961676869e-03
7.347347347347347180e-01	3.835602696155721691e+00	1.096637599999999990e-01	3.599909228441755538e-01
7.357357357357356964e-01	3.842297906930686846e+00	-1.622963199999999939e-01	5.557930408472013806e-01
7.367367367367367859e-01	3.847491022209926115e+00	-4.018802000000000207e-01	9.473972768532528121e-01
7.377377377377377643e-01	3.850405100086744525e+00	-5.508107199999999759e-01	9.800309631870904870e-01
7.387387387387387427e-01	3.852138754267087073e+00	-6.155631200000000192e-01	1.110565708522440964e+00
7.397397397397397212e-01	3.853049739127309081e+00	-7.191669600000000218e-01	1.077932022188603289e+00
7.407407407407406996e-01	3.852509096503673902e+00	-6.997412400000000421e-01	1.143199394856278639e+00
7.417417417417417891e-01	3.851656308334353795e+00	-8.033450799999999337e-01	1.110565708522440964e+00
7.427427427427427675e-01	3.852330154465954060e+00	-8.810479599999999634e-01	1.339001512859304244e+00
7.437437437437437460e-01	3.854026832332041685e+00	-9.198994000000000337e-01	1.241100453857791219e+00
7.447447447447447244e-01	3.854706175315426808e+00	-8.939984399999999498e-01	1.339001512859304244e+00
7.457457457457457028e-01	3.852906095157051958e+00	-9.198994000000000337e-01	1.208466767523953767e+00
7.467467467467467923e-01	3.848992546555009664e+00	-8.875231999999999566e-01	1.404268885526979593e+00
7.477477477477477708e-01	3.844714662761250956e+00	-7.968698400000000515e-01	1.143199394856278639e+00
7.487487487487487492e-01	3.841589593064151487e+00	-7.450679199999999947e-01	1.077932022188603289e+00
7.497497497497497276e-01	3.840620891369497247e+00	-6.285136000000000056e-01	9.800309631870904870e-01
7.507507507507507061e-01	3.841539616977518001e+00	-5.378602399999999895e-01	8.494962178517398987e-01
7.517517517517517955e-01	3.842429801210633045e+00	-4.925335599999999814e-01	9.473972768532528121e-01
7.527527527527527740e-01	3.842551583549216332e+00	-4.083554400000000140e-01	6.863277861825517467e-01
7.537537537537537524e-01	3.843197312424400547e+00	-3.371277999999999775e-01	9.147635905194151373e-01
7.547547547547547309e-01	3.844056959074491520e+00	-2.853258800000000317e-01	4.578919818456884672e-01
7.557557557557557093e-01	3.841801467879879528e+00	3.298219200000001017e-01	8.494962178517398987e-01
7.567567567567567988e-01	3.834849094781012990e+00	3.945743200000000339e-01	-1.295143721633888190e-01
7.577577577577577772e-01	3.826827427326746189e+00	3.557228800000000746e-01	2.947235501765002597e-01
7.587587587587587556e-01	3.821682470627007611e+00	1.119801199999999941e+00	-7.821880988401412882e-01
7.597597597597597341e-01	3.819377574465409264e+00	1.029147840000000036e+00	-5.211186081694403338e-01
7.607607607607607125e-01	3.818727337988686354e+00	1.268731720000000118e+00	-7.821880988401412882e-01
7.617617617617618020e-01	3.819669496665796693e+00	1.229880280000000159e+00	-8.148217851739789630e-01
7.627627627627627804e-01	3.822025028786908862e+00	1.223405040000000055e+00	-5.537522945032778976e-01
7.637637637637637589e-01	3.824531460894938117e+00	1.236355520000000041e+00	-8.474554715078166378e-01
7.647647647647647373e-01	3.826102902382646054e+00	1.145702159999999914e+00	-5.863859808371156834e-01
7.657657657657657158e-01	3.827685615084629234e+00	9.449697200000000130e-01	-4.232175491679274204e-01
7.667667667667668052e-01	3.830955831774931930e+00	7.053858400000000417e-01	-2.274154311649017046e-01
7.677677677677677837e-01	3.835680232052402605e+00	2.262180799999999881e-01	2.620898638426626404e-01
7.687687687687687621e-01	3.840414508748848377e+00	2.548563999999999691e-02	5.231593545133637058e-01
7.697697697697697405e-01	3.844775967006711870e+00	-3.306525599999999843e-01	8.821299041855775735e-01
7.707707707707707190e-01	3.849063373622142237e+00	-4.601573600000000153e-01	9.473972768532528121e-01
7.717717717717718084e-01	3.852460796422162215e+00	-6.026126399999999217e-01	1.045298335854765615e+00
7.727727727727727869e-01	3.853783586368194403e+00	-6.932660000000000489e-01	1.175833081190116092e+00
7.737737737737737653e-01	3.853291898776440849e+00	-7.385926799999998904e-01	1.110565708522440964e+00
7.747747747747747438e-01	3.851940373073125645e+00	-7.450679199999999947e-01	1.241100453857791219e+00
7.757757757757757222e-01	3.850656720393760502e+00	-8.486717599999999972e-01	1.110565708522440964e+00
7.767767767767768117e-01	3.850752241228655670e+00	-9.393251199999999024e-01	1.306367826525466569e+00
7.777777777777777901e-01	3.852255001457644212e+00	-8.875231999999999566e-01	1.208466767523953767e+00
7.787787787787787686e-01	3.853033402151584408e+00	-9.134241599999999295e-01	1.273734140191629116e+00
7.797797797797797470e-01	3.851154981466112126e+00	-8.939984399999999498e-01	1.273734140191629116e+00
7.807807807807807254e-01	3.847225411897440495e+00	-8.551469999999999905e-01	1.306367826525466569e+00
7.817817817817818149e-01	3.843611488903363682e+00	-7.709688800000000786e-01	9.800309631870904870e-01
7.827827827827827933e-01	3.841319842725356537e+00	-6.738402799999999582e-01	1.241100453857791219e+00
7.837837837837837718e-01	3.839791138479191623e+00	-5.767116799999999488e-01	9.147635905194151373e-01
7.847847847847847502e-01	3.839070765658767925e+00	-5.378602399999999895e-01	9.800309631870904870e-01
7.857857857857857287e-01	3.839311582681785850e+00	-4.277811600000000491e-01	7.515951588502269853e-01
7.867867867867868181e-01	3.840070977773241800e+00	-3.630287599999999504e-01	7.842288451840646601e-01
7.877877877877877966e-01	3.840991135311167426e+00	-2.723753999999999897e-01	5.884267271810389444e-01
7.887887887887887750e-01	3.840500559302336914e+00	-1.881972800000000223e-01	7.189614725163894215e-01
7.897897897897897534e-01	3.836411507911505758e+00	5.176038800000000162e-01	1.020373171961676869e-03
7.907907907907907319e-01	3.829395659144462893e+00	3.945743200000000339e-01	2.620898638426626404e-01
7.917917917917918214e-01	3.822064659046331858e+00	9.255440000000001444e-01	-3.905838628340898566e-01
7.927927927927927998e-01	3.816978068154829984e+00	1.216929799999999950e+00	-8.148217851739789630e-01
7.937937937937937782e-01	3.816544505201989068e+00	1.171603120000000109e+00	-1.947817448310640853e-01
7.947947947947947567e-01	3.819789326693374676e+00	1.378810799999999892e+00	-1.141158648512355045e+00
7.957957957957957351e-01	3.822194505639723072e+00	1.139226920000000032e+00	-4.558512355017650397e-01
7.967967967967968246e-01	3.822030209890698860e+00	1.307583159999999856e+00	-9.127228441754917654e-01
7.977977977977978030e-01	3.822250741473241398e+00	1.178078360000000213e+00	-4.232175491679274204e-01
7.987987987987987815e-01	3.825009827055219080e+00	9.773459200000000902e-01	-4.558512355017650397e-01
7.997997997997997599e-01	3.828808657482448918e+00	7.248115600000000214e-01	-1.947817448310640853e-01
8.008008008008007383e-01	3.832490970056481316e+00	2.003171200000000152e-01	1.020373171961676869e-03
8.018018018018018278e-01	3.837077185096273713e+00	7.081231999999999804e-02	3.926246091780131731e-01
8.028028028028028062e-01	3.842333019545420392e+00	-2.076230000000000020e-01	6.210604135148766192e-01
8.038038038038037847e-01	3.846980182363845646e+00	-4.536821200000000776e-01	8.168625315179022239e-01
8.048048048048047631e-01	3.851071568298821912e+00	-5.572859600000000802e-01	1.045298335854765615e+00
8.058058058058058526e-01	3.853729304403013867e+00	-6.932660000000000489e-01	1.012664649520927940e+00
8.068068068068068310e-01	3.853197594389462743e+00	-7.126917200000000285e-01	1.241100453857791219e+00
8.078078078078078095e-01	3.851003834403027071e+00	-7.062164799999999243e-01	1.143199394856278639e+00
8.088088088088087879e-01	3.850102708549358876e+00	-8.421965199999998930e-01	1.143199394856278639e+00
8.098098098098097664e-01	3.850571267205342707e+00	-8.939984399999999498e-01	1.241100453857791219e+00
8.108108108108108558e-01	3.851491599761684093e+00	-9.069489200000000473e-01	1.339001512859304244e+00
8.118118118118118343e-01	3.852546718671954196e+00	-9.004736800000000541e-01	1.175833081190116092e+00
8.128128128128128127e-01	3.852107626336924273e+00	-9.004736800000000541e-01	1.273734140191629116e+00
8.138138138138137911e-01	3.848653775938799537e+00	-8.680974800000000879e-01	1.241100453857791219e+00
8.148148148148147696e-01	3.843677153953680037e+00	-7.903945999999999472e-01	1.208466767523953767e+00
8.158158158158158590e-01	3.839927185395798137e+00	-7.126917200000000285e-01	1.208466767523953767e+00
8.168168168168168375e-01	3.838444503306479572e+00	-6.349888400000001099e-01	1.077932022188603289e+00
8.178178178178178159e-01	3.838471146725926708e+00	-5.184345200000000098e-01	1.012664649520927940e+00
8.188188188188187944e-01	3.838962174369039193e+00	-4.795830800000000504e-01	8.821299041855775735e-01
8.198198198198197728e-01	3.840043216120626823e+00	-3.954049599999999165e-01	7.515951588502269853e-01
8.208208208208208623e-01	3.841925154070751081e+00	-1.299201200000000000e-01	7.189614725163894215e-01
8.218218218218218407e-01	3.842939459010605852e+00	-2.464744400000000168e-01	6.536940998487140719e-01
8.228228228228228192e-01	3.840356713395318256e+00	5.138659999999999756e-02	3.365405950579927752e-02
8.238238238238237976e-01	3.833189842004602887e+00	4.204752800000000068e-01	1.641888048411497825e-01
8.248248248248247760e-01	3.824222781139713589e+00	6.276829600000000120e-01	-3.161331316187596802e-02
8.258258258258258655e-01	3.817701089611690524e+00	1.087425000000000086e+00	-6.516533535047908110e-01
8.268268268268268439e-01	3.815541320325416486e+00	9.967716399999999588e-01	-2.926828038325769432e-01
8.278278278278278224e-01	3.816675147671290791e+00	1.385286039999999996e+00	-1.043257589510842243e+00
8.288288288288288008e-01	3.818528293936943374e+00	1.132751680000000150e+00	-5.863859808371156834e-01
8.298298298298297793e-01	3.819919732249457578e+00	1.294632679999999869e+00	-8.148217851739789630e-01
8.308308308308308687e-01	3.821833244530126628e+00	1.191028839999999978e+00	-7.821880988401412882e-01
8.318318318318318472e-01	3.824896118757218577e+00	1.022672600000000154e+00	-6.190196671709531362e-01
8.328328328328328256e-01	3.828289007404949817e+00	8.219401600000000307e-01	-4.558512355017650397e-01
8.338338338338338041e-01	3.831101920336376310e+00	4.334257600000001043e-01	1.020373171961676869e-03
8.348348348348347825e-01	3.833921739065420553e+00	1.096637599999999990e-01	3.599909228441755538e-01
8.358358358358358720e-01	3.838235694715999013e+00	-1.558210800000000007e-01	5.231593545133637058e-01
8.368368368368368504e-01	3.843850912019971755e+00	-4.018802000000000207e-01	8.821299041855775735e-01
8.378378378378378288e-01	3.848608482379875628e+00	-5.508107199999999759e-01	9.473972768532528121e-01
8.388388388388388073e-01	3.851406065030882342e+00	-6.155631200000000192e-01	1.045298335854765615e+00
8.398398398398397857e-01	3.852837259845553586e+00	-7.191669600000000218e-01	1.110565708522440964e+00
8.408408408408408752e-01	3.853018143242030291e+00	-6.997412400000000421e-01	1.110565708522440964e+00
8.418418418418418536e-01	3.852218735442149100e+00	-8.098203199999999269e-01	1.110565708522440964e+00
8.428428428428428321e-01	3.851681274131760979e+00	-8.745727199999999701e-01	1.339001512859304244e+00
8.438438438438438105e-01	3.851701104396895392e+00	-9.198994000000000337e-01	1.306367826525466569e+00
8.448448448448447889e-01	3.851399567143268143e+00	-8.939984399999999498e-01	1.339001512859304244e+00
8.458458458458458784e-01	3.850407282492602778e+00	-9.198994000000000337e-01	1.241100453857791219e+00
8.468468468468468568e-01	3.848572190175405527e+00	-8.875231999999999566e-01	1.273734140191629116e+00
8.478478478478478353e-01	3.845306158085691983e+00	-8.033450799999999337e-01	1.175833081190116092e+00
8.488488488488488137e-01	3.841563851504843363e+00	-7.515431599999999879e-01	1.175833081190116092e+00
8.498498498498497922e-01	3.839570732087297600e+00	-6.285136000000000056e-01	1.045298335854765615e+00
8.508508508508508816e-01	3.839605356423358540e+00	-5.313849999999999962e-01	9.800309631870904870e-01
8.518518518518518601e-01	3.840612062710557773e+00	-4.990087999999999191e-01	8.168625315179022239e-01
8.528528528528528385e-01	3.841637556985434188e+00	-4.083554400000000140e-01	8.168625315179022239e-01
8.538538538538538170e-01	3.841772215829131643e+00	-3.500782800000000750e-01	7.515951588502269853e-01
8.548548548548547954e-01	3.841439113852901599e+00	-2.723753999999999897e-01	5.557930408472013806e-01
8.558558558558558849e-01	3.840460809933385899e+00	3.686733600000000055e-01	6.210604135148766192e-01
8.568568568568568633e-01	3.836415794936671286e+00	3.751485999999999432e-01	-1.295143721633888190e-01
8.578578578578578417e-01	3.828769272732148732e+00	3.686733600000000055e-01	2.947235501765002597e-01
8.588588588588588202e-01	3.820754602923736698e+00	1.119801199999999941e+00	-6.190196671709531362e-01
8.598598598598597986e-01	3.816594358848316215e+00	1.022672600000000154e+00	-5.863859808371156834e-01
8.608608608608608881e-01	3.817709711473433298e+00	1.255781239999999910e+00	-6.842870398386284858e-01
8.618618618618618665e-01	3.821045258085033147e+00	1.229880280000000159e+00	-8.148217851739789630e-01
8.628628628628628450e-01	3.823204167572614498e+00	1.210454560000000068e+00	-6.190196671709531362e-01
8.638638638638638234e-01	3.824078240575832677e+00	1.249306000000000250e+00	-8.800891578416540906e-01
8.648648648648649129e-01	3.825063828762884199e+00	1.126276440000000045e+00	-6.516533535047908110e-01
8.658658658658658913e-01	3.827356464720286233e+00	9.384944800000000198e-01	-3.253164901664145625e-01
8.668668668668668698e-01	3.830993002128574521e+00	6.989106000000000485e-01	-2.274154311649017046e-01
8.678678678678678482e-01	3.834762932838085892e+00	2.197428399999999948e-01	3.599909228441755538e-01
8.688688688688688266e-01	3.838721493957144570e+00	1.901039999999999675e-02	4.252582955118507924e-01
8.698698698698699161e-01	3.843918069217997502e+00	-3.371277999999999775e-01	8.821299041855775735e-01
8.708708708708708945e-01	3.849148026860284677e+00	-4.731078399999999462e-01	8.821299041855775735e-01
8.718718718718718730e-01	3.851834638929804822e+00	-6.026126399999999217e-01	1.012664649520927940e+00
8.728728728728728514e-01	3.851623260011562522e+00	-6.932660000000000489e-01	1.143199394856278639e+00
8.738738738738738299e-01	3.850379542650468778e+00	-7.385926799999998904e-01	1.077932022188603289e+00
8.748748748748749193e-01	3.849763280237118668e+00	-7.385926799999998904e-01	1.110565708522440964e+00
8.758758758758758978e-01	3.850357195184812120e+00	-8.421965199999998930e-01	1.273734140191629116e+00
8.768768768768768762e-01	3.851757082293541412e+00	-9.458003599999998956e-01	1.339001512859304244e+00
8.778778778778778547e-01	3.852782731687956819e+00	-8.939984399999999498e-01	1.273734140191629116e+00
8.788788788788788331e-01	3.852526870317759311e+00	-9.134241599999999295e-01	1.371635199193141919e+00
8.798798798798799226e-01	3.850797191582790102e+00	-9.069489200000000473e-01	1.175833081190116092e+00
8.808808808808809010e-01	3.847587050975766143e+00	-8.357212800000000108e-01	1.339001512859304244e+00
8.818818818818818794e-01	3.843557787113245805e+00	-7.839193599999999540e-01	9.800309631870904870e-01
8.828828828828828579e-01	3.840492895519098671e+00	-6.738402799999999582e-01	1.208466767523953767e+00
8.838838838838838363e-01	3.839634783673350427e+00	-5.767116799999999488e-01	8.494962178517398987e-01
8.848848848848849258e-01	3.840325388098505321e+00	-5.378602399999999895e-01	9.473972768532528121e-01
8.858858858858859042e-01	3.841139768736813398e+00	-4.148306800000000072e-01	7.842288451840646601e-01
8.868868868868868827e-01	3.841733744639776127e+00	-3.630287599999999504e-01	8.168625315179022239e-01
8.878878878878878611e-01	3.842723705234892151e+00	-2.853258800000000317e-01	5.884267271810389444e-01
8.888888888888888395e-01	3.842651022541315520e+00	-1.946725200000000155e-01	7.189614725163894215e-01
8.898898898898899290e-01	3.838405944621920085e+00	5.305543600000000026e-01	-6.424699949571360813e-02
8.908908908908909074e-01	3.830720866011590342e+00	3.945743200000000339e-01	2.294561775088249655e-01
8.918918918918918859e-01	3.823419866597781436e+00	8.996430400000000605e-01	-3.905838628340898566e-01
8.928928928928928643e-01	3.818585339731266348e+00	1.191028839999999978e+00	-6.842870398386284858e-01
8.938938938938938428e-01	3.817291443771187343e+00	1.152177400000000018e+00	-2.600491174987393794e-01
8.948948948948949322e-01	3.819693110955935555e+00	1.359385079999999801e+00	-1.173792334846192720e+00
8.958958958958959107e-01	3.823048510112035725e+00	1.119801199999999941e+00	-3.579501765002521818e-01
8.968968968968968891e-01	3.824345654458371602e+00	1.294632679999999869e+00	-9.127228441754917654e-01
8.978978978978978676e-01	3.823906974938992676e+00	1.171603120000000109e+00	-5.537522945032778976e-01
8.988988988988988460e-01	3.824595062264539269e+00	9.967716399999999588e-01	-4.232175491679274204e-01
8.998998998998999355e-01	3.828053517374065517e+00	7.053858400000000417e-01	-2.926828038325769432e-01
9.009009009009009139e-01	3.832664114232887886e+00	2.067923600000000084e-01	9.892143217347457163e-02
9.019019019019018923e-01	3.836606370561340462e+00	5.786183999999999772e-02	4.252582955118507924e-01
9.029029029029028708e-01	3.840872563847791188e+00	-2.140982399999999952e-01	7.515951588502269853e-01
9.039039039039038492e-01	3.846378432532478353e+00	-4.536821200000000776e-01	9.800309631870904870e-01
9.049049049049049387e-01	3.851297604009493281e+00	-5.637612000000000734e-01	1.012664649520927940e+00
9.059059059059059171e-01	3.853628840776809117e+00	-6.867907599999999446e-01	1.143199394856278639e+00
9.069069069069068956e-01	3.853301835823066401e+00	-7.191669600000000218e-01	9.800309631870904870e-01
9.079079079079078740e-01	3.851372010561751935e+00	-6.997412400000000421e-01	1.110565708522440964e+00
9.089089089089088525e-01	3.850087579666933379e+00	-8.292460400000000176e-01	1.110565708522440964e+00
9.099099099099099419e-01	3.851808095598674431e+00	-8.939984399999999498e-01	1.339001512859304244e+00
9.109109109109109204e-01	3.854823553342112241e+00	-8.875231999999999566e-01	1.339001512859304244e+00
9.119119119119118988e-01	3.854793837311679017e+00	-9.004736800000000541e-01	1.241100453857791219e+00
9.129129129129128772e-01	3.851367208623792671e+00	-9.198994000000000337e-01	1.273734140191629116e+00
9.139139139139138557e-01	3.847315922585039072e+00	-8.680974800000000879e-01	1.306367826525466569e+00
9.149149149149149451e-01	3.843951351222166579e+00	-7.903945999999999472e-01	1.110565708522440964e+00
9.159159159159159236e-01	3.841525409729279694e+00	-7.062164799999999243e-01	1.143199394856278639e+00
9.169169169169169020e-01	3.840048803698299817e+00	-6.285136000000000056e-01	1.012664649520927940e+00
9.179179179179178805e-01	3.839419563807365154e+00	-5.184345200000000098e-01	8.494962178517398987e-01
9.189189189189188589e-01	3.839934795337941242e+00	-4.795830800000000504e-01	9.800309631870904870e-01
9.199199199199199484e-01	3.841118043597215870e+00	-3.889297199999999788e-01	6.863277861825517467e-01
9.209209209209209268e-01	3.842012326734347560e+00	-1.363953600000000210e-01	8.821299041855775735e-01
9.219219219219219053e-01	3.842232920508595662e+00	-2.464744400000000168e-01	6.536940998487140719e-01
9.229229229229228837e-01	3.840533767304578738e+00	-4.153200000000037417e-04	9.892143217347457163e-02
9.239239239239238621e-01	3.835517890110205386e+00	4.140000400000000136e-01	1.315551185073121632e-01
9.249249249249249516e-01	3.828091417599777557e+00	6.212077200000000188e-01	3.365405950579927752e-02
9.259259259259259300e-01	3.821166448077490063e+00	1.074474520000000100e+00	-7.495544125063037244e-01
9.269269269269269085e-01	3.818079465981744303e+00	9.773459200000000902e-01	-2.274154311649017046e-01
9.279279279279278869e-01	3.819481967096861386e+00	1.378810799999999892e+00	-9.779902168431670040e-01
9.289289289289288654e-01	3.822012380145402677e+00	1.126276440000000045e+00	-5.211186081694403338e-01
9.299299299299299548e-01	3.823031409266599123e+00	1.288157439999999765e+00	-7.169207261724660496e-01
9.309309309309309333e-01	3.823481244519146838e+00	1.178078360000000213e+00	-7.821880988401412882e-01
9.319319319319319117e-01	3.825164478405417512e+00	9.967716399999999588e-01	-5.537522945032778976e-01
9.329329329329328901e-01	3.828298608140292547e+00	8.219401600000000307e-01	-4.232175491679274204e-01
9.339339339339339796e-01	3.832234573439135872e+00	4.269505200000000000e-01	1.020373171961676869e-03
9.349349349349349581e-01	3.837234267243561092e+00	1.031885200000000058e-01	3.599909228441755538e-01
9.359359359359359365e-01	3.842880392469423256e+00	-1.622963199999999939e-01	5.231593545133637058e-01
9.369369369369369149e-01	3.847384094252145559e+00	-3.954049599999999165e-01	8.494962178517398987e-01
9.379379379379378934e-01	3.850552793661760287e+00	-5.508107199999999759e-01	1.012664649520927940e+00
9.389389389389389828e-01	3.852821461785672863e+00	-6.220383600000000124e-01	1.077932022188603289e+00
9.399399399399399613e-01	3.853253802998221289e+00	-7.256422000000000150e-01	1.110565708522440964e+00
9.409409409409409397e-01	3.851865201069422984e+00	-6.932660000000000489e-01	1.077932022188603289e+00
9.419419419419419182e-01	3.850284231533863899e+00	-8.162955600000000311e-01	1.175833081190116092e+00
9.429429429429428966e-01	3.849656331543785281e+00	-8.745727199999999701e-01	1.339001512859304244e+00
9.439439439439439861e-01	3.850346253245890082e+00	-9.328498800000000202e-01	1.208466767523953767e+00
9.449449449449449645e-01	3.852156833395682600e+00	-8.810479599999999634e-01	1.273734140191629116e+00
9.459459459459459429e-01	3.852943694438090816e+00	-9.198994000000000337e-01	1.241100453857791219e+00
9.469469469469469214e-01	3.850235312398242016e+00	-8.875231999999999566e-01	1.339001512859304244e+00
9.479479479479478998e-01	3.845660579871557516e+00	-8.098203199999999269e-01	1.208466767523953767e+00
9.489489489489489893e-01	3.842536827933590082e+00	-7.450679199999999947e-01	1.143199394856278639e+00
9.499499499499499677e-01	3.840762277435708860e+00	-6.285136000000000056e-01	1.143199394856278639e+00
9.509509509509509462e-01	3.839631574496874755e+00	-5.184345200000000098e-01	9.800309631870904870e-01
9.519519519519519246e-01	3.839799212273184548e+00	-4.860583200000000437e-01	9.147635905194151373e-01
9.529529529529529031e-01	3.840507272115587512e+00	-4.018802000000000207e-01	7.189614725163894215e-01
9.539539539539539925e-01	3.841275995955610423e+00	-3.500782800000000750e-01	8.168625315179022239e-01
9.549549549549549710e-01	3.842340116989375609e+00	-2.723753999999999897e-01	7.189614725163894215e-01
9.559559559559559494e-01	3.840905557892408950e+00	4.463762399999999797e-01	7.515951588502269853e-01
9.569569569569569278e-01	3.834649127277285352e+00	3.816238400000000475e-01	1.020373171961676869e-03
9.579579579579579063e-01	3.826597004851532535e+00	3.233466799999999974e-01	1.641888048411497825e-01
9.589589589589589957e-01	3.820417340585139154e+00	1.113325960000000059e+00	-4.884849218356027145e-01
9.599599599599599742e-01	3.816637886724940643e+00	1.022672600000000154e+00	-7.495544125063037244e-01
9.609609609609609526e-01	3.815645465155313776e+00	1.236355520000000041e+00	-6.516533535047908110e-01
9.619619619619619311e-01	3.817938226126676771e+00	1.229880280000000159e+00	-8.800891578416540906e-01
9.629629629629629095e-01	3.821708865512132292e+00	1.197504080000000082e+00	-5.863859808371156834e-01
9.639639639639639990e-01	3.824277084992204312e+00	1.236355520000000041e+00	-8.474554715078166378e-01
9.649649649649649774e-01	3.825227266855586894e+00	1.113325960000000059e+00	-6.190196671709531362e-01
9.659659659659659559e-01	3.826761363890800904e+00	9.255440000000001444e-01	-2.600491174987393794e-01
9.669669669669669343e-01	3.830671320202968744e+00	6.924353600000000553e-01	-1.621480584972264660e-01
9.679679679679679127e-01	3.835625627109013447e+00	2.003171200000000152e-01	3.273572365103378790e-01
9.689689689689690022e-01	3.839651791988202501e+00	1.253515999999999658e-02	5.884267271810389444e-01
9.699699699699699806e-01	3.843518781571263698e+00	-3.371277999999999775e-01	9.147635905194151373e-01
9.709709709709709591e-01	3.848069697748891738e+00	-4.731078399999999462e-01	9.473972768532528121e-01
9.719719719719719375e-01	3.851694959679540009e+00	-6.026126399999999217e-01	1.175833081190116092e+00
9.729729729729729160e-01	3.852981159499510255e+00	-6.867907599999999446e-01	1.110565708522440964e+00
9.739739739739740054e-01	3.852453261228658832e+00	-7.256422000000000150e-01	1.208466767523953767e+00
9.749749749749749839e-01	3.851057766719517605e+00	-7.450679199999999947e-01	1.143199394856278639e+00
9.759759759759759623e-01	3.849763538984111388e+00	-8.421965199999998930e-01	1.208466767523953767e+00
9.769769769769769407e-01	3.850159462780029074e+00	-9.587508399999999931e-01	1.241100453857791219e+00
9.779779779779779192e-01	3.851761884024356153e+00	-8.939984399999999498e-01	1.208466767523953767e+00
9.789789789789790087e-01	3.851618191187860862e+00	-9.198994000000000337e-01	1.306367826525466569e+00
9.799799799799799871e-01	3.849152379466397100e+00	-8.939984399999999498e-01	1.208466767523953767e+00
9.809809809809809655e-01	3.846273190969971445e+00	-8.421965199999998930e-01	1.306367826525466569e+00
9.819819819819819440e-01	3.843574886886899744e+00	-7.839193599999999540e-01	9.800309631870904870e-01
9.829829829829829224e-01	3.840921180385066691e+00	-6.803155199999999514e-01	1.241100453857791219e+00
9.839839839839840119e-01	3.839504286288080159e+00	-5.767116799999999488e-01	8.821299041855775735e-01
9.849849849849849903e-01	3.839905894338365488e+00	-5.378602399999999895e-01	9.800309631870904870e-01
9.859859859859859688e-01	3.840232942415043205e+00	-4.083554400000000140e-01	7.842288451840646601e-01
9.869869869869869472e-01	3.839640645185296020e+00	-3.630287599999999504e-01	7.842288451840646601e-01
9.879879879879879256e-01	3.839931606252087182e+00	-2.723753999999999897e-01	5.557930408472013806e-01
9.889889889889890151e-01	3.840574715290673513e+00	-2.011477600000000088e-01	7.842288451840646601e-01
9.899899899899899935e-01	3.837665545383377896e+00	5.370296000000001069e-01	-9.688068582955121355e-02
9.909909909909909720e-01	3.830217411232255564e+00	3.945743200000000339e-01	3.599909228441755538e-01
9.919919919919919504e-01	3.822290806713140920e+00	8.866925599999999630e-01	-3.905838628340898566e-01
9.929929929929930399e-01	3.817827887648828522e+00	1.178078360000000213e+00	-6.842870398386284858e-01
9.939939939939940183e-01	3.817279003448740049e+00	1.139226920000000032e+00	-3.253164901664145625e-01
9.949949949949949968e-01	3.818886790220807459e+00	1.346434599999999815e+00	-1.141158648512355045e+00
9.959959959959959752e-01	3.820906790211885173e+00	1.106850720000000177e+00	-4.558512355017650397e-01
9.969969969969969537e-01	3.822413832082753871e+00	1.288157439999999765e+00	-9.453565305093293292e-01
9.979979979979980431e-01	3.823388047784426202e+00	1.158652640000000122e+00	-5.537522945032778976e-01
9.989989989989990216e-01	3.825283341235192758e+00	9.902964000000000766e-01	-3.905838628340898566e-01
1.000000000000000000e+00	3.829127023052263379e+00	7.118610800000001460e-01	-3.579501765002521818e-01
