Time(s)\disp(mm)\Force(Lb)\Force(Lb)
0.000000000000000000e+00	3.867599522579078908e+00	4.658019600000000704e-01	5.557930408472013806e-01
1.001001001001000992e-03	3.859528490631316089e+00	8.089896800000000443e-01	1.315551185073121632e-01
2.002002002002001985e-03	3.854048609122993518e+00	1.022672600000000154e+00	-1.295143721633888190e-01
3.003003003003002977e-03	3.850245186852549573e+00	1.210454560000000068e+00	-2.926828038325769432e-01
4.004004004004003969e-03	3.846868485325058540e+00	1.430612719999999838e+00	-5.863859808371156834e-01
5.005005005005004962e-03	3.844305833700684794e+00	1.527741319999999847e+00	-6.516533535047908110e-01
6.006006006006005954e-03	3.843282550618110527e+00	1.611919440000000092e+00	-6.190196671709531362e-01
7.007007007007006946e-03	3.843225707747785158e+00	1.696097560000000115e+00	-8.474554715078166378e-01
8.008008008008007939e-03	3.842705842612281764e+00	1.592493720000000001e+00	-6.190196671709531362e-01
9.009009009009008931e-03	3.841427774309257082e+00	1.670196599999999920e+00	-7.821880988401412882e-01
1.001001001001000992e-02	3.839715760195762773e+00	1.618394679999999752e+00	-7.495544125063037244e-01
1.101101101101101092e-02	3.838241103155667577e+00	1.650770879999999829e+00	-7.169207261724660496e-01
1.201201201201201191e-02	3.838160432383828535e+00	1.631345159999999739e+00	-8.148217851739789630e-01
1.301301301301301290e-02	3.839086533198849960e+00	1.663721360000000038e+00	-6.842870398386284858e-01
1.401401401401401389e-02	3.840446216513509814e+00	1.501840359999999874e+00	-6.190196671709531362e-01
1.501501501501501488e-02	3.843055112102437221e+00	1.430612719999999838e+00	-4.558512355017650397e-01
1.601601601601601588e-02	3.845850303574630757e+00	1.100375480000000072e+00	-2.926828038325769432e-01
1.701701701701701513e-02	3.846834293253312165e+00	8.348906400000000172e-01	-6.424699949571360813e-02
1.801801801801801786e-02	3.847103280562630179e+00	7.571877599999999875e-01	1.315551185073121632e-01
1.901901901901902059e-02	3.848626712060055688e+00	4.463762399999999797e-01	4.905256681795260310e-01
2.002002002002001985e-02	3.850908440170915270e+00	2.844952399999999826e-01	5.231593545133637058e-01
2.102102102102101910e-02	3.853329192955730509e+00	5.138659999999999756e-02	8.168625315179022239e-01
2.202202202202202183e-02	3.856933301008521831e+00	-8.459344000000000585e-02	1.077932022188603289e+00
2.302302302302302456e-02	3.860957883119087608e+00	-1.622963199999999939e-01	9.800309631870904870e-01
2.402402402402402382e-02	3.862978525017446430e+00	-2.205734800000000162e-01	1.045298335854765615e+00
2.502502502502502307e-02	3.863173653325073786e+00	-2.788506400000000385e-01	1.143199394856278639e+00
2.602602602602602580e-02	3.863336447049661615e+00	-2.723753999999999897e-01	1.077932022188603289e+00
2.702702702702702853e-02	3.863995583102417530e+00	-2.788506400000000385e-01	1.110565708522440964e+00
2.802802802802802778e-02	3.864343600576019000e+00	-2.464744400000000168e-01	1.110565708522440964e+00
2.902902902902902704e-02	3.863539077671333200e+00	-2.918011200000000249e-01	1.045298335854765615e+00
3.003003003003002977e-02	3.862124534535009701e+00	-3.824544800000000411e-01	1.306367826525466569e+00
3.103103103103103250e-02	3.861274403331143912e+00	-3.954049599999999165e-01	1.143199394856278639e+00
3.203203203203203175e-02	3.861050090376781707e+00	-3.695039999999999436e-01	1.175833081190116092e+00
3.303303303303303101e-02	3.860264557065705038e+00	-4.083554400000000140e-01	1.175833081190116092e+00
3.403403403403403027e-02	3.858006845348984193e+00	-4.213059199999999449e-01	1.241100453857791219e+00
3.503503503503503647e-02	3.855206622120610938e+00	-3.824544800000000411e-01	1.175833081190116092e+00
3.603603603603603572e-02	3.853922807637637948e+00	-3.500782800000000750e-01	1.175833081190116092e+00
3.703703703703703498e-02	3.854782571721559581e+00	-3.047516000000000114e-01	1.175833081190116092e+00
3.803803803803804118e-02	3.856379616037414859e+00	-2.853258800000000317e-01	1.143199394856278639e+00
3.903903903903904044e-02	3.857366676481737588e+00	-2.140982399999999952e-01	1.110565708522440964e+00
4.004004004004003969e-02	3.857431779368279301e+00	-2.270487200000000094e-01	1.077932022188603289e+00
4.104104104104103895e-02	3.857340496057382051e+00	-1.881972800000000223e-01	1.012664649520927940e+00
4.204204204204203821e-02	3.858698256141758876e+00	-1.558210800000000007e-01	1.045298335854765615e+00
4.304304304304304440e-02	3.861604317282296694e+00	-2.270487200000000094e-01	9.800309631870904870e-01
4.404404404404404366e-02	3.864265274477802325e+00	-1.558210800000000007e-01	9.147635905194151373e-01
4.504504504504504292e-02	3.866156365832482678e+00	-1.104944000000000065e-01	9.473972768532528121e-01
4.604604604604604912e-02	3.868069037462080306e+00	-5.869248000000000520e-02	8.821299041855775735e-01
4.704704704704704837e-02	3.869707181360995119e+00	-1.984104000000000423e-02	8.821299041855775735e-01
4.804804804804804763e-02	3.870624592125561758e+00	1.161389999999999922e-01	9.473972768532528121e-01
4.904904904904904689e-02	3.870613613395570418e+00	3.362971600000000394e-01	5.231593545133637058e-01
5.005005005005004615e-02	3.868214609757790967e+00	4.787524399999999458e-01	2.620898638426626404e-01
5.105105105105105234e-02	3.863296916519343593e+00	7.960392000000000579e-01	2.947235501765002597e-01
5.205205205205205160e-02	3.858373708124314128e+00	1.003246880000000063e+00	-2.600491174987393794e-01
5.305305305305305086e-02	3.854436629090192135e+00	1.216929799999999950e+00	-9.688068582955121355e-02
5.405405405405405705e-02	3.850411599613739799e+00	1.411186999999999969e+00	-6.516533535047908110e-01
5.505505505505505631e-02	3.846333905291991595e+00	1.501840359999999874e+00	-6.190196671709531362e-01
5.605605605605605557e-02	3.843625784210670471e+00	1.586018479999999897e+00	-6.516533535047908110e-01
5.705705705705705483e-02	3.842756589129832978e+00	1.670196599999999920e+00	-9.127228441754917654e-01
5.805805805805805409e-02	3.842121459347459744e+00	1.598968959999999884e+00	-6.190196671709531362e-01
5.905905905905906028e-02	3.841378058995797762e+00	1.663721360000000038e+00	-9.127228441754917654e-01
6.006006006006005954e-02	3.842042470762264461e+00	1.605444199999999988e+00	-6.516533535047908110e-01
6.106106106106105880e-02	3.843190290803726317e+00	1.644295639999999947e+00	-7.821880988401412882e-01
6.206206206206206499e-02	3.843184371706778180e+00	1.631345159999999739e+00	-6.516533535047908110e-01
6.306306306306305731e-02	3.842895339818758416e+00	1.637820399999999843e+00	-7.495544125063037244e-01
6.406406406406406351e-02	3.843102798063849246e+00	1.482414640000000006e+00	-4.558512355017650397e-01
6.506506506506506970e-02	3.843689169350505086e+00	1.417662239999999851e+00	-5.863859808371156834e-01
6.606606606606606202e-02	3.844959405266520580e+00	1.074474520000000100e+00	-2.926828038325769432e-01
6.706706706706706822e-02	3.846748342013822874e+00	8.219401600000000307e-01	-9.688068582955121355e-02
6.806806806806806054e-02	3.848119378001214841e+00	7.312868000000000146e-01	2.294561775088249655e-01
6.906906906906906674e-02	3.849344717678791383e+00	4.399010000000000420e-01	4.578919818456884672e-01
7.007007007007007293e-02	3.852393597286476457e+00	2.844952399999999826e-01	6.863277861825517467e-01
7.107107107107106525e-02	3.857470664781500247e+00	4.491135999999999739e-02	8.168625315179022239e-01
7.207207207207207145e-02	3.862060658614228981e+00	-8.459344000000000585e-02	8.821299041855775735e-01
7.307307307307307764e-02	3.864663486591180863e+00	-1.687715600000000149e-01	1.110565708522440964e+00
7.407407407407406996e-02	3.865856150322182661e+00	-2.335239600000000026e-01	1.012664649520927940e+00
7.507507507507507616e-02	3.866071000712199890e+00	-2.788506400000000385e-01	1.143199394856278639e+00
7.607607607607608236e-02	3.865197645081771771e+00	-2.723753999999999897e-01	1.077932022188603289e+00
7.707707707707707467e-02	3.863814781054325298e+00	-2.723753999999999897e-01	1.175833081190116092e+00
7.807807807807808087e-02	3.862844118526673309e+00	-2.464744400000000168e-01	1.077932022188603289e+00
7.907907907907907319e-02	3.862562898002630529e+00	-2.853258800000000317e-01	1.208466767523953767e+00
8.008008008008007939e-02	3.862569385360012930e+00	-3.824544800000000411e-01	1.110565708522440964e+00
8.108108108108108558e-02	3.862294150812231486e+00	-3.954049599999999165e-01	1.208466767523953767e+00
8.208208208208207790e-02	3.861553178335852987e+00	-3.695039999999999436e-01	1.110565708522440964e+00
8.308308308308308410e-02	3.860140384427104276e+00	-4.083554400000000140e-01	1.273734140191629116e+00
8.408408408408407642e-02	3.857888888489035217e+00	-4.148306800000000072e-01	1.045298335854765615e+00
8.508508508508508261e-02	3.855768265900998859e+00	-3.889297199999999788e-01	1.273734140191629116e+00
8.608608608608608881e-02	3.854963816268130117e+00	-3.500782800000000750e-01	1.110565708522440964e+00
8.708708708708708113e-02	3.854882303397308085e+00	-3.112268400000000046e-01	1.241100453857791219e+00
8.808808808808808732e-02	3.854433298263758800e+00	-2.918011200000000249e-01	1.045298335854765615e+00
8.908908908908909352e-02	3.854533931787117229e+00	-2.270487200000000094e-01	1.077932022188603289e+00
9.009009009009008584e-02	3.856359701361544268e+00	-2.335239600000000026e-01	9.800309631870904870e-01
9.109109109109109204e-02	3.858346479381821403e+00	-2.011477600000000088e-01	9.800309631870904870e-01
9.209209209209209823e-02	3.858713487657120300e+00	-1.622963199999999939e-01	9.800309631870904870e-01
9.309309309309309055e-02	3.859237517460150535e+00	-2.270487200000000094e-01	1.012664649520927940e+00
9.409409409409409675e-02	3.861900541672887766e+00	-1.558210800000000007e-01	9.473972768532528121e-01
9.509509509509508907e-02	3.865133139133128726e+00	-1.104944000000000065e-01	9.473972768532528121e-01
9.609609609609609526e-02	3.867187805038548643e+00	-5.869248000000000520e-02	9.473972768532528121e-01
9.709709709709710146e-02	3.868177076220821853e+00	-3.279152000000000455e-02	9.147635905194151373e-01
9.809809809809809378e-02	3.868240454313223164e+00	1.290894800000000064e-01	8.494962178517398987e-01
9.909909909909909997e-02	3.867435784058046888e+00	3.298219200000001017e-01	3.926246091780131731e-01
1.001001001001000923e-01	3.865837205028084256e+00	4.787524399999999458e-01	4.578919818456884672e-01
1.011011011011010985e-01	3.862985111937910609e+00	7.766134800000000782e-01	1.968224911749873740e-01
1.021021021021021047e-01	3.858295165717490871e+00	9.902964000000000766e-01	-1.621480584972264660e-01
1.031031031031030970e-01	3.852794442477348813e+00	1.191028839999999978e+00	-1.947817448310640853e-01
1.041041041041041032e-01	3.849078481635034965e+00	1.385286039999999996e+00	-4.558512355017650397e-01
1.051051051051051094e-01	3.847298919821907415e+00	1.508315599999999979e+00	-6.190196671709531362e-01
1.061061061061061017e-01	3.845012191050767303e+00	1.573067999999999911e+00	-4.232175491679274204e-01
1.071071071071071079e-01	3.841954110282663759e+00	1.676671840000000024e+00	-9.453565305093293292e-01
1.081081081081081141e-01	3.840154268864808706e+00	1.573067999999999911e+00	-5.537522945032778976e-01
1.091091091091091064e-01	3.840209784969672580e+00	1.650770879999999829e+00	-9.127228441754917654e-01
1.101101101101101126e-01	3.840750230799895082e+00	1.592493720000000001e+00	-7.169207261724660496e-01
1.111111111111111049e-01	3.840966148649203049e+00	1.644295639999999947e+00	-8.148217851739789630e-01
1.121121121121121111e-01	3.841196025945463166e+00	1.611919440000000092e+00	-8.148217851739789630e-01
1.131131131131131173e-01	3.841517713604493789e+00	1.624869920000000079e+00	-6.842870398386284858e-01
1.141141141141141097e-01	3.842107070286322479e+00	1.475939400000000123e+00	-5.863859808371156834e-01
1.151151151151151159e-01	3.843306448202310932e+00	1.411186999999999969e+00	-4.558512355017650397e-01
1.161161161161161082e-01	3.844558563394298467e+00	1.061524040000000113e+00	-2.600491174987393794e-01
1.171171171171171144e-01	3.845404162538034853e+00	8.219401600000000307e-01	-3.161331316187596802e-02
1.181181181181181206e-01	3.846502024432850053e+00	7.377620400000000078e-01	6.628774583963688294e-02
1.191191191191191129e-01	3.848592605953139678e+00	4.399010000000000420e-01	4.905256681795260310e-01
1.201201201201201191e-01	3.851625939980574120e+00	2.715447599999999961e-01	4.578919818456884672e-01
1.211211211211211253e-01	3.854963960312498106e+00	4.491135999999999739e-02	9.473972768532528121e-01
1.221221221221221176e-01	3.858247690859570866e+00	-1.040191599999999994e-01	8.821299041855775735e-01
1.231231231231231238e-01	3.861219650243841617e+00	-1.752468000000000081e-01	1.110565708522440964e+00
1.241241241241241300e-01	3.862738240400194645e+00	-2.335239600000000026e-01	1.077932022188603289e+00
1.251251251251251362e-01	3.862477349509397140e+00	-2.788506400000000385e-01	1.143199394856278639e+00
1.261261261261261146e-01	3.861791054042381433e+00	-2.788506400000000385e-01	1.143199394856278639e+00
1.271271271271271208e-01	3.861220795432765307e+00	-2.853258800000000317e-01	1.175833081190116092e+00
1.281281281281281270e-01	3.860474556359028586e+00	-2.399992000000000236e-01	1.077932022188603289e+00
1.291291291291291332e-01	3.859975221758169095e+00	-2.918011200000000249e-01	1.143199394856278639e+00
1.301301301301301394e-01	3.860120819088389332e+00	-3.889297199999999788e-01	1.175833081190116092e+00
1.311311311311311179e-01	3.860341663583678695e+00	-3.954049599999999165e-01	1.208466767523953767e+00
1.321321321321321240e-01	3.859377963246231058e+00	-3.695039999999999436e-01	1.208466767523953767e+00
1.331331331331331302e-01	3.856879520015611185e+00	-4.083554400000000140e-01	1.208466767523953767e+00
1.341341341341341364e-01	3.854152570411380374e+00	-4.083554400000000140e-01	1.241100453857791219e+00
1.351351351351351426e-01	3.852195276702410798e+00	-3.759792400000000478e-01	1.241100453857791219e+00
1.361361361361361211e-01	3.851120855208099769e+00	-3.500782800000000750e-01	1.143199394856278639e+00
1.371371371371371273e-01	3.851145018384750873e+00	-3.047516000000000114e-01	1.110565708522440964e+00
1.381381381381381335e-01	3.851954942656147018e+00	-2.918011200000000249e-01	1.077932022188603289e+00
1.391391391391391397e-01	3.852930901875340819e+00	-2.205734800000000162e-01	1.077932022188603289e+00
1.401401401401401459e-01	3.854163910320494324e+00	-2.335239600000000026e-01	1.045298335854765615e+00
1.411411411411411521e-01	3.855811190697510771e+00	-2.011477600000000088e-01	1.077932022188603289e+00
1.421421421421421305e-01	3.857639480913634067e+00	-1.687715600000000149e-01	1.077932022188603289e+00
1.431431431431431367e-01	3.859325170880393063e+00	-2.205734800000000162e-01	9.800309631870904870e-01
1.441441441441441429e-01	3.860504108016418190e+00	-1.558210800000000007e-01	9.473972768532528121e-01
1.451451451451451491e-01	3.861288019286893469e+00	-1.169696400000000136e-01	8.168625315179022239e-01
1.461461461461461553e-01	3.862422371413058109e+00	-7.164296000000000553e-02	9.147635905194151373e-01
1.471471471471471337e-01	3.864396768122145165e+00	-3.279152000000000455e-02	8.821299041855775735e-01
1.481481481481481399e-01	3.866447983387577114e+00	1.096637599999999990e-01	8.168625315179022239e-01
1.491491491491491461e-01	3.866363023310627867e+00	3.233466799999999974e-01	5.231593545133637058e-01
1.501501501501501523e-01	3.862957644750312891e+00	4.658019600000000704e-01	3.926246091780131731e-01
1.511511511511511585e-01	3.858147586783442051e+00	7.636630000000000917e-01	2.620898638426626404e-01
1.521521521521521647e-01	3.853947046273412891e+00	9.708706800000000969e-01	-1.621480584972264660e-01
1.531531531531531432e-01	3.850274492386657865e+00	1.184553600000000095e+00	-2.274154311649017046e-01
1.541541541541541493e-01	3.847101607672089862e+00	1.385286039999999996e+00	-5.863859808371156834e-01
1.551551551551551555e-01	3.844674548914036372e+00	1.514790839999999861e+00	-6.516533535047908110e-01
1.561561561561561617e-01	3.842821734815370149e+00	1.566592759999999807e+00	-5.211186081694403338e-01
1.571571571571571679e-01	3.841820466363436548e+00	1.663721360000000038e+00	-8.148217851739789630e-01
1.581581581581581464e-01	3.841055837932346506e+00	1.566592759999999807e+00	-5.863859808371156834e-01
1.591591591591591526e-01	3.839454242243560689e+00	1.644295639999999947e+00	-7.495544125063037244e-01
1.601601601601601588e-01	3.838367628059934589e+00	1.598968959999999884e+00	-6.842870398386284858e-01
1.611611611611611650e-01	3.838942205486143511e+00	1.611919440000000092e+00	-7.169207261724660496e-01
1.621621621621621712e-01	3.839535675580027174e+00	1.618394679999999752e+00	-8.800891578416540906e-01
1.631631631631631496e-01	3.839362517571303535e+00	1.618394679999999752e+00	-7.821880988401412882e-01
1.641641641641641558e-01	3.839397377481234663e+00	1.488889879999999888e+00	-5.211186081694403338e-01
1.651651651651651620e-01	3.839861748107367578e+00	1.398236519999999983e+00	-5.863859808371156834e-01
1.661661661661661682e-01	3.840731829413637222e+00	1.048573559999999905e+00	-1.621480584972264660e-01
1.671671671671671744e-01	3.842300540814918008e+00	8.025144400000000511e-01	-6.424699949571360813e-02
1.681681681681681528e-01	3.844572391936200262e+00	7.118610800000001460e-01	2.947235501765002597e-01
1.691691691691691590e-01	3.847241084350430107e+00	4.269505200000000000e-01	4.578919818456884672e-01
1.701701701701701652e-01	3.850303360343734660e+00	2.521190400000000165e-01	5.884267271810389444e-01
1.711711711711711714e-01	3.854467735633694936e+00	2.548563999999999691e-02	6.863277861825517467e-01
1.721721721721721776e-01	3.858912891448684324e+00	-9.754392000000000618e-02	9.473972768532528121e-01
1.731731731731731838e-01	3.861366742770010685e+00	-1.752468000000000081e-01	1.012664649520927940e+00
1.741741741741741623e-01	3.861742327362092997e+00	-2.335239600000000026e-01	1.143199394856278639e+00
1.751751751751751685e-01	3.861254663601312309e+00	-2.723753999999999897e-01	1.143199394856278639e+00
1.761761761761761746e-01	3.860410488242918881e+00	-2.853258800000000317e-01	1.143199394856278639e+00
1.771771771771771808e-01	3.860046264056411491e+00	-2.853258800000000317e-01	1.175833081190116092e+00
1.781781781781781870e-01	3.860553954465336446e+00	-2.464744400000000168e-01	1.045298335854765615e+00
1.791791791791791655e-01	3.860717897055554015e+00	-2.853258800000000317e-01	1.208466767523953767e+00
1.801801801801801717e-01	3.860188640820140904e+00	-3.954049599999999165e-01	1.110565708522440964e+00
1.811811811811811779e-01	3.860405564895206254e+00	-4.018802000000000207e-01	1.241100453857791219e+00
1.821821821821821841e-01	3.860564345609151626e+00	-3.759792400000000478e-01	1.143199394856278639e+00
1.831831831831831903e-01	3.858262503138671473e+00	-4.018802000000000207e-01	1.273734140191629116e+00
1.841841841841841965e-01	3.854493653370930861e+00	-4.148306800000000072e-01	1.110565708522440964e+00
1.851851851851851749e-01	3.852197030951223233e+00	-3.759792400000000478e-01	1.306367826525466569e+00
1.861861861861861811e-01	3.852069752237230027e+00	-3.630287599999999504e-01	1.077932022188603289e+00
1.871871871871871873e-01	3.852260576058422981e+00	-3.047516000000000114e-01	1.208466767523953767e+00
1.881881881881881935e-01	3.851774965530902595e+00	-3.047516000000000114e-01	1.012664649520927940e+00
1.891891891891891997e-01	3.852090289593584682e+00	-2.205734800000000162e-01	1.143199394856278639e+00
1.901901901901901781e-01	3.853458520612961458e+00	-2.335239600000000026e-01	9.800309631870904870e-01
1.911911911911911843e-01	3.854721174135156136e+00	-1.946725200000000155e-01	1.045298335854765615e+00
1.921921921921921905e-01	3.856197308274987190e+00	-1.687715600000000149e-01	9.473972768532528121e-01
1.931931931931931967e-01	3.858342328237576613e+00	-2.205734800000000162e-01	1.012664649520927940e+00
1.941941941941942029e-01	3.860662623827263662e+00	-1.622963199999999939e-01	9.800309631870904870e-01
1.951951951951951814e-01	3.862420603697061416e+00	-1.234448800000000068e-01	9.800309631870904870e-01
1.961961961961961876e-01	3.863749804616500860e+00	-6.516772000000001230e-02	8.168625315179022239e-01
1.971971971971971938e-01	3.866111303172788283e+00	-3.926676000000000472e-02	8.168625315179022239e-01
1.981981981981981999e-01	3.869197488944381647e+00	1.096637599999999990e-01	8.494962178517398987e-01
1.991991991991992061e-01	3.869997626334258811e+00	3.492476399999999703e-01	5.231593545133637058e-01
2.002002002002001846e-01	3.866878419382662635e+00	4.593267200000000772e-01	4.252582955118507924e-01
2.012012012012011908e-01	3.861388807346856300e+00	7.183363200000001392e-01	2.294561775088249655e-01
2.022022022022021970e-01	3.856108977538090343e+00	9.708706800000000969e-01	-1.621480584972264660e-01
2.032032032032032032e-01	3.852283228878637722e+00	1.171603120000000109e+00	-1.947817448310640853e-01
2.042042042042042094e-01	3.849445420338680979e+00	1.372335560000000010e+00	-3.905838628340898566e-01
2.052052052052052156e-01	3.846944373426013364e+00	1.501840359999999874e+00	-7.169207261724660496e-01
2.062062062062061940e-01	3.844996747008286420e+00	1.553642280000000042e+00	-4.232175491679274204e-01
2.072072072072072002e-01	3.843756246826870893e+00	1.657246119999999934e+00	-9.127228441754917654e-01
2.082082082082082064e-01	3.842389060705655002e+00	1.553642280000000042e+00	-5.863859808371156834e-01
2.092092092092092126e-01	3.840624132688636561e+00	1.624869920000000079e+00	-7.821880988401412882e-01
2.102102102102102188e-01	3.839902255245348339e+00	1.573067999999999911e+00	-6.516533535047908110e-01
2.112112112112111972e-01	3.840859702940565334e+00	1.618394679999999752e+00	-7.169207261724660496e-01
2.122122122122122034e-01	3.841540021142291650e+00	1.605444199999999988e+00	-6.516533535047908110e-01
2.132132132132132096e-01	3.840905684707489165e+00	1.605444199999999988e+00	-8.474554715078166378e-01
2.142142142142142158e-01	3.840891074659897875e+00	1.456513680000000033e+00	-5.537522945032778976e-01
2.152152152152152220e-01	3.842066934713753490e+00	1.391761279999999878e+00	-5.863859808371156834e-01
2.162162162162162282e-01	3.843146987657315439e+00	1.042098320000000022e+00	-3.905838628340898566e-01
2.172172172172172067e-01	3.845089718067680629e+00	8.025144400000000511e-01	1.020373171961676869e-03
2.182182182182182129e-01	3.848660275612344250e+00	7.118610800000001460e-01	1.315551185073121632e-01
2.192192192192192191e-01	3.851718786263825134e+00	4.204752800000000068e-01	5.884267271810389444e-01
2.202202202202202252e-01	3.853469695518516147e+00	2.456437999999999955e-01	5.557930408472013806e-01
2.212212212212212314e-01	3.855757497805754941e+00	1.901039999999999675e-02	9.147635905194151373e-01
2.222222222222222099e-01	3.859244948760217842e+00	-1.040191599999999994e-01	8.821299041855775735e-01
2.232232232232232161e-01	3.862532154702182474e+00	-1.687715600000000149e-01	1.012664649520927940e+00
2.242242242242242223e-01	3.864110847186941644e+00	-2.335239600000000026e-01	1.012664649520927940e+00
2.252252252252252285e-01	3.863845050424532968e+00	-2.723753999999999897e-01	1.208466767523953767e+00
2.262262262262262347e-01	3.863430776009568746e+00	-2.723753999999999897e-01	9.800309631870904870e-01
2.272272272272272131e-01	3.864247416931661849e+00	-2.723753999999999897e-01	1.208466767523953767e+00
2.282282282282282193e-01	3.865154370936687567e+00	-2.399992000000000236e-01	1.143199394856278639e+00
2.292292292292292255e-01	3.864702099315885153e+00	-2.982763600000000181e-01	1.241100453857791219e+00
2.302302302302302317e-01	3.863856426850048820e+00	-3.889297199999999788e-01	1.208466767523953767e+00
2.312312312312312379e-01	3.864080704793027898e+00	-3.954049599999999165e-01	1.208466767523953767e+00
2.322322322322322163e-01	3.864066008433673094e+00	-3.889297199999999788e-01	1.208466767523953767e+00
2.332332332332332225e-01	3.861499901536860069e+00	-4.148306800000000072e-01	1.208466767523953767e+00
2.342342342342342287e-01	3.857415619579608101e+00	-4.213059199999999449e-01	1.143199394856278639e+00
2.352352352352352349e-01	3.855024518990233240e+00	-3.824544800000000411e-01	1.273734140191629116e+00
2.362362362362362411e-01	3.855290599626874037e+00	-3.565535200000000127e-01	1.175833081190116092e+00
2.372372372372372473e-01	3.856312556892405041e+00	-3.112268400000000046e-01	1.175833081190116092e+00
2.382382382382382258e-01	3.856291288740203882e+00	-2.982763600000000181e-01	1.143199394856278639e+00
2.392392392392392320e-01	3.855896067455874210e+00	-2.205734800000000162e-01	1.045298335854765615e+00
2.402402402402402382e-01	3.856593951162309519e+00	-2.270487200000000094e-01	1.077932022188603289e+00
2.412412412412412444e-01	3.857943321602754772e+00	-1.946725200000000155e-01	9.147635905194151373e-01
2.422422422422422505e-01	3.858795420095570083e+00	-1.622963199999999939e-01	1.012664649520927940e+00
2.432432432432432290e-01	3.859457973035925082e+00	-2.140982399999999952e-01	9.473972768532528121e-01
2.442442442442442352e-01	3.861174697241423370e+00	-1.622963199999999939e-01	9.800309631870904870e-01
2.452452452452452414e-01	3.864213563457550737e+00	-1.104944000000000065e-01	9.147635905194151373e-01
2.462462462462462476e-01	3.867279162039533702e+00	-5.869248000000000520e-02	9.473972768532528121e-01
2.472472472472472538e-01	3.869292297549166371e+00	-1.984104000000000423e-02	8.821299041855775735e-01
2.482482482482482600e-01	3.870090867598517725e+00	9.023803999999999159e-02	8.821299041855775735e-01
2.492492492492492384e-01	3.869191230632387235e+00	3.557228800000000746e-01	5.557930408472013806e-01
2.502502502502502724e-01	3.866352344333513269e+00	4.334257600000001043e-01	3.599909228441755538e-01
2.512512512512512508e-01	3.862209831751828748e+00	6.989106000000000485e-01	2.947235501765002597e-01
2.522522522522522292e-01	3.857535693748976868e+00	9.384944800000000198e-01	-9.688068582955121355e-02
2.532532532532532632e-01	3.853181610729892625e+00	1.171603120000000109e+00	-1.947817448310640853e-01
2.542542542542542416e-01	3.849774752421210700e+00	1.346434599999999815e+00	-5.537522945032778976e-01
2.552552552552552756e-01	3.847423901352475362e+00	1.527741319999999847e+00	-5.863859808371156834e-01
2.562562562562562540e-01	3.845775815451578872e+00	1.540691800000000056e+00	-5.537522945032778976e-01
2.572572572572572325e-01	3.844162474566192866e+00	1.650770879999999829e+00	-8.474554715078166378e-01
2.582582582582582664e-01	3.842403450542592580e+00	1.540691800000000056e+00	-6.190196671709531362e-01
2.592592592592592449e-01	3.841052660045721101e+00	1.631345159999999739e+00	-7.495544125063037244e-01
2.602602602602602788e-01	3.840709558640169607e+00	1.573067999999999911e+00	-7.169207261724660496e-01
2.612612612612612573e-01	3.841227732778219384e+00	1.598968959999999884e+00	-7.169207261724660496e-01
2.622622622622622357e-01	3.841699943515642701e+00	1.605444199999999988e+00	-7.821880988401412882e-01
2.632632632632632697e-01	3.841614400043958266e+00	1.605444199999999988e+00	-5.863859808371156834e-01
2.642642642642642481e-01	3.841633303314581305e+00	1.469464160000000019e+00	-5.211186081694403338e-01
2.652652652652652820e-01	3.842464745436505513e+00	1.378810799999999892e+00	-4.232175491679274204e-01
2.662662662662662605e-01	3.843551825935083155e+00	1.022672600000000154e+00	-3.579501765002521818e-01
2.672672672672672389e-01	3.844503204684311726e+00	7.895639599999999536e-01	-9.688068582955121355e-02
2.682682682682682729e-01	3.846325372720924118e+00	7.053858400000000417e-01	9.892143217347457163e-02
2.692692692692692513e-01	3.849821923262069845e+00	4.010495599999999716e-01	4.578919818456884672e-01
2.702702702702702853e-01	3.854528943141216857e+00	2.521190400000000165e-01	6.210604135148766192e-01
2.712712712712712637e-01	3.858525279471082037e+00	1.901039999999999675e-02	7.189614725163894215e-01
2.722722722722722422e-01	3.860242498494648178e+00	-1.104944000000000065e-01	1.077932022188603289e+00
2.732732732732732761e-01	3.861204014589890043e+00	-1.752468000000000081e-01	1.077932022188603289e+00
2.742742742742742545e-01	3.862920789166747415e+00	-2.464744400000000168e-01	1.110565708522440964e+00
2.752752752752752885e-01	3.864027976853740665e+00	-2.788506400000000385e-01	1.045298335854765615e+00
2.762762762762762669e-01	3.863719086387208179e+00	-2.723753999999999897e-01	1.110565708522440964e+00
2.772772772772773009e-01	3.862805287608967575e+00	-2.788506400000000385e-01	1.012664649520927940e+00
2.782782782782782793e-01	3.862105500401436409e+00	-2.529496800000000101e-01	1.077932022188603289e+00
2.792792792792792578e-01	3.862299328234536144e+00	-3.047516000000000114e-01	1.143199394856278639e+00
2.802802802802802917e-01	3.862625164796907207e+00	-3.889297199999999788e-01	1.273734140191629116e+00
2.812812812812812702e-01	3.861539641146678470e+00	-4.018802000000000207e-01	1.241100453857791219e+00
2.822822822822823041e-01	3.859448053550115887e+00	-3.889297199999999788e-01	1.208466767523953767e+00
2.832832832832832826e-01	3.857403813319689068e+00	-4.083554400000000140e-01	1.273734140191629116e+00
2.842842842842842610e-01	3.855409460028901503e+00	-4.148306800000000072e-01	1.175833081190116092e+00
2.852852852852852950e-01	3.853706027324031780e+00	-3.824544800000000411e-01	1.273734140191629116e+00
2.862862862862862734e-01	3.852709336927661266e+00	-3.565535200000000127e-01	1.110565708522440964e+00
2.872872872872873073e-01	3.852428841939255832e+00	-3.112268400000000046e-01	1.143199394856278639e+00
2.882882882882882858e-01	3.852876138739435241e+00	-2.982763600000000181e-01	1.110565708522440964e+00
2.892892892892892642e-01	3.853753475085130109e+00	-2.140982399999999952e-01	1.208466767523953767e+00
2.902902902902902982e-01	3.854575450970031625e+00	-2.399992000000000236e-01	9.800309631870904870e-01
2.912912912912912766e-01	3.855446415893359458e+00	-1.946725200000000155e-01	1.077932022188603289e+00
2.922922922922923106e-01	3.856758107222729492e+00	-1.752468000000000081e-01	8.821299041855775735e-01
2.932932932932932890e-01	3.858182180205895762e+00	-2.205734800000000162e-01	1.012664649520927940e+00
2.942942942942942675e-01	3.859526321503219393e+00	-1.687715600000000149e-01	9.147635905194151373e-01
2.952952952952953014e-01	3.861819894699066946e+00	-1.234448800000000068e-01	1.077932022188603289e+00
2.962962962962962798e-01	3.864988687033808379e+00	-6.516772000000001230e-02	9.473972768532528121e-01
2.972972972972973138e-01	3.867366638902827614e+00	-3.926676000000000472e-02	9.473972768532528121e-01
2.982982982982982922e-01	3.868754984773676853e+00	9.023803999999999159e-02	7.842288451840646601e-01
2.992992992992992707e-01	3.868920808961111124e+00	3.427723999999999771e-01	6.210604135148766192e-01
3.003003003003003046e-01	3.865785495699972429e+00	4.463762399999999797e-01	3.926246091780131731e-01
3.013013013013012831e-01	3.859903532416739669e+00	6.924353600000000553e-01	3.273572365103378790e-01
3.023023023023023170e-01	3.854745469506234201e+00	9.384944800000000198e-01	-1.621480584972264660e-01
3.033033033033032955e-01	3.851399075244180015e+00	1.152177400000000018e+00	-1.947817448310640853e-01
3.043043043043043294e-01	3.848683127054071562e+00	1.359385079999999801e+00	-4.884849218356027145e-01
3.053053053053053079e-01	3.846207371294045885e+00	1.501840359999999874e+00	-7.169207261724660496e-01
3.063063063063062863e-01	3.844243171308841411e+00	1.534216559999999951e+00	-3.905838628340898566e-01
3.073073073073073203e-01	3.842371569814167831e+00	1.631345159999999739e+00	-8.148217851739789630e-01
3.083083083083082987e-01	3.840145609318104114e+00	1.527741319999999847e+00	-5.211186081694403338e-01
3.093093093093093326e-01	3.838796576308514119e+00	1.611919440000000092e+00	-8.148217851739789630e-01
3.103103103103103111e-01	3.839062141532440631e+00	1.560117519999999924e+00	-6.190196671709531362e-01
3.113113113113112895e-01	3.838991675926212821e+00	1.586018479999999897e+00	-7.169207261724660496e-01
3.123123123123123235e-01	3.837951534218974281e+00	1.579543240000000015e+00	-7.169207261724660496e-01
3.133133133133133019e-01	3.838050650006191500e+00	1.592493720000000001e+00	-6.842870398386284858e-01
3.143143143143143359e-01	3.839844157876350028e+00	1.443563199999999824e+00	-4.558512355017650397e-01
3.153153153153153143e-01	3.841828995048885531e+00	1.378810799999999892e+00	-5.537522945032778976e-01
3.163163163163162928e-01	3.842980710123482968e+00	1.022672600000000154e+00	-1.295143721633888190e-01
3.173173173173173267e-01	3.843517902749098436e+00	7.830887200000000714e-01	-6.424699949571360813e-02
3.183183183183183051e-01	3.844850369589793093e+00	6.924353600000000553e-01	2.294561775088249655e-01
3.193193193193193391e-01	3.848005930962266063e+00	3.945743200000000339e-01	4.578919818456884672e-01
3.203203203203203175e-01	3.851404746291553494e+00	2.391685600000000023e-01	6.210604135148766192e-01
3.213213213213212960e-01	3.853679426607719005e+00	-4.153200000000037417e-04	7.842288451840646601e-01
3.223223223223223299e-01	3.857044730687403611e+00	-1.169696400000000136e-01	8.168625315179022239e-01
3.233233233233233084e-01	3.861986328594557261e+00	-1.752468000000000081e-01	1.077932022188603289e+00
3.243243243243243423e-01	3.864322707113129418e+00	-2.464744400000000168e-01	1.012664649520927940e+00
3.253253253253253208e-01	3.862507234829361202e+00	-2.853258800000000317e-01	1.241100453857791219e+00
3.263263263263262992e-01	3.860178057375904359e+00	-2.918011200000000249e-01	1.012664649520927940e+00
3.273273273273273332e-01	3.860274805162268841e+00	-2.853258800000000317e-01	1.208466767523953767e+00
3.283283283283283116e-01	3.861877226205996383e+00	-2.529496800000000101e-01	1.045298335854765615e+00
3.293293293293293456e-01	3.862275856341709890e+00	-2.982763600000000181e-01	1.175833081190116092e+00
3.303303303303303240e-01	3.860844995541888647e+00	-3.889297199999999788e-01	9.800309631870904870e-01
3.313313313313313024e-01	3.859192822371109610e+00	-4.083554400000000140e-01	1.273734140191629116e+00
3.323323323323323364e-01	3.857812011827614462e+00	-3.824544800000000411e-01	1.143199394856278639e+00
3.333333333333333148e-01	3.856453800128265996e+00	-4.148306800000000072e-01	1.339001512859304244e+00
3.343343343343343488e-01	3.855296903600747616e+00	-4.213059199999999449e-01	1.208466767523953767e+00
3.353353353353353272e-01	3.854225726379311379e+00	-3.889297199999999788e-01	1.208466767523953767e+00
3.363363363363363057e-01	3.853348006359344158e+00	-3.565535200000000127e-01	1.208466767523953767e+00
3.373373373373373396e-01	3.852769727088611429e+00	-3.112268400000000046e-01	1.045298335854765615e+00
3.383383383383383181e-01	3.852502100296971932e+00	-3.047516000000000114e-01	1.077932022188603289e+00
3.393393393393393520e-01	3.852861175993455234e+00	-2.270487200000000094e-01	1.175833081190116092e+00
3.403403403403403304e-01	3.853671945903523799e+00	-2.335239600000000026e-01	1.045298335854765615e+00
3.413413413413413644e-01	3.854604837284965058e+00	-2.076230000000000020e-01	1.045298335854765615e+00
3.423423423423423428e-01	3.855862332625284328e+00	-1.622963199999999939e-01	1.143199394856278639e+00
3.433433433433433213e-01	3.857433107508981163e+00	-2.140982399999999952e-01	9.473972768532528121e-01
3.443443443443443552e-01	3.859113630715439669e+00	-1.687715600000000149e-01	1.045298335854765615e+00
3.453453453453453337e-01	3.861301421479862661e+00	-1.234448800000000068e-01	8.821299041855775735e-01
3.463463463463463676e-01	3.864178829208582133e+00	-6.516772000000001230e-02	9.800309631870904870e-01
3.473473473473473461e-01	3.867044773765614618e+00	-3.926676000000000472e-02	8.168625315179022239e-01
3.483483483483483245e-01	3.869008689933592482e+00	7.081231999999999804e-02	8.821299041855775735e-01
3.493493493493493585e-01	3.868861406713983264e+00	3.427723999999999771e-01	5.557930408472013806e-01
3.503503503503503369e-01	3.865909477995577603e+00	4.399010000000000420e-01	3.599909228441755538e-01
3.513513513513513709e-01	3.861418166466592972e+00	6.730096400000000756e-01	3.273572365103378790e-01
3.523523523523523493e-01	3.857093292292166353e+00	9.255440000000001444e-01	-9.688068582955121355e-02
3.533533533533533277e-01	3.853243293780496792e+00	1.152177400000000018e+00	-2.274154311649017046e-01
3.543543543543543617e-01	3.849526605780532407e+00	1.333484120000000051e+00	-4.558512355017650397e-01
3.553553553553553401e-01	3.846172757474344728e+00	1.508315599999999979e+00	-6.516533535047908110e-01
3.563563563563563741e-01	3.843525319603104951e+00	1.521266079999999965e+00	-4.884849218356027145e-01
3.573573573573573525e-01	3.841571389625931587e+00	1.637820399999999843e+00	-8.148217851739789630e-01
3.583583583583583310e-01	3.840263819106586318e+00	1.521266079999999965e+00	-5.537522945032778976e-01
3.593593593593593649e-01	3.839450494108282541e+00	1.605444199999999988e+00	-7.495544125063037244e-01
3.603603603603603434e-01	3.839070734507282534e+00	1.553642280000000042e+00	-6.190196671709531362e-01
3.613613613613613773e-01	3.839213771035318246e+00	1.579543240000000015e+00	-6.516533535047908110e-01
3.623623623623623557e-01	3.839454477441181623e+00	1.573067999999999911e+00	-7.169207261724660496e-01
3.633633633633633342e-01	3.839409583271272908e+00	1.573067999999999911e+00	-7.495544125063037244e-01
3.643643643643643681e-01	3.840017815296832282e+00	1.443563199999999824e+00	-5.211186081694403338e-01
3.653653653653653466e-01	3.841816854647989388e+00	1.372335560000000010e+00	-4.232175491679274204e-01
3.663663663663663805e-01	3.843781244097857375e+00	1.009722120000000167e+00	-2.274154311649017046e-01
3.673673673673673590e-01	3.845577233608874934e+00	7.766134800000000782e-01	-9.688068582955121355e-02
3.683683683683683929e-01	3.847400707191897418e+00	6.859601199999999510e-01	1.968224911749873740e-01
3.693693693693693714e-01	3.849043773082427400e+00	3.945743200000000339e-01	6.536940998487140719e-01
3.703703703703703498e-01	3.851192939872084775e+00	2.326933200000000090e-01	5.557930408472013806e-01
3.713713713713713838e-01	3.854592952755548030e+00	-4.153200000000037417e-04	9.473972768532528121e-01
3.723723723723723622e-01	3.858274297891719495e+00	-1.234448800000000068e-01	9.147635905194151373e-01
3.733733733733733962e-01	3.860485462166640680e+00	-1.881972800000000223e-01	1.045298335854765615e+00
3.743743743743743746e-01	3.860502532026184319e+00	-2.529496800000000101e-01	1.077932022188603289e+00
3.753753753753753530e-01	3.859726286660723371e+00	-2.918011200000000249e-01	1.077932022188603289e+00
3.763763763763763870e-01	3.860124299516644708e+00	-2.853258800000000317e-01	1.208466767523953767e+00
3.773773773773773654e-01	3.860897896574745136e+00	-2.853258800000000317e-01	1.110565708522440964e+00
3.783783783783783994e-01	3.860165460439410445e+00	-2.529496800000000101e-01	1.175833081190116092e+00
3.793793793793793778e-01	3.858809189745882495e+00	-3.047516000000000114e-01	1.208466767523953767e+00
3.803803803803803563e-01	3.858624016552615998e+00	-3.889297199999999788e-01	1.241100453857791219e+00
3.813813813813813902e-01	3.859297200216725621e+00	-4.018802000000000207e-01	1.175833081190116092e+00
3.823823823823823687e-01	3.859467964651916105e+00	-3.824544800000000411e-01	1.208466767523953767e+00
3.833833833833834026e-01	3.858457844220528621e+00	-4.213059199999999449e-01	1.045298335854765615e+00
3.843843843843843811e-01	3.856782075372778618e+00	-4.148306800000000072e-01	1.241100453857791219e+00
3.853853853853853595e-01	3.855478770858040694e+00	-3.889297199999999788e-01	1.241100453857791219e+00
3.863863863863863934e-01	3.854489998921039717e+00	-3.565535200000000127e-01	1.241100453857791219e+00
3.873873873873873719e-01	3.853283681282416051e+00	-3.112268400000000046e-01	1.175833081190116092e+00
3.883883883883884058e-01	3.852528527453468854e+00	-2.982763600000000181e-01	1.175833081190116092e+00
3.893893893893893843e-01	3.852706183501249715e+00	-2.335239600000000026e-01	1.143199394856278639e+00
3.903903903903903627e-01	3.853207745832710973e+00	-2.464744400000000168e-01	1.012664649520927940e+00
3.913913913913913967e-01	3.854184482614518181e+00	-2.076230000000000020e-01	1.045298335854765615e+00
3.923923923923923751e-01	3.856112039604052466e+00	-1.687715600000000149e-01	1.012664649520927940e+00
3.933933933933934091e-01	3.858437517164124309e+00	-2.140982399999999952e-01	1.012664649520927940e+00
3.943943943943943875e-01	3.860588655203251118e+00	-1.687715600000000149e-01	9.800309631870904870e-01
3.953953953953953659e-01	3.862386161658410533e+00	-1.169696400000000136e-01	9.800309631870904870e-01
3.963963963963963999e-01	3.864278885031513955e+00	-7.164296000000000553e-02	9.147635905194151373e-01
3.973973973973973783e-01	3.867059121908015040e+00	-3.926676000000000472e-02	9.800309631870904870e-01
3.983983983983984123e-01	3.869442396797797112e+00	6.433707999999999094e-02	7.515951588502269853e-01
3.993993993993993907e-01	3.868526933110899790e+00	3.427723999999999771e-01	6.863277861825517467e-01
4.004004004004003692e-01	3.864043536417287150e+00	4.269505200000000000e-01	3.599909228441755538e-01
4.014014014014014031e-01	3.859228882793340532e+00	6.471086800000001027e-01	4.252582955118507924e-01
4.024024024024023816e-01	3.856146258879526556e+00	9.125935200000000469e-01	-9.688068582955121355e-02
4.034034034034034155e-01	3.853331782545168505e+00	1.145702159999999914e+00	-6.424699949571360813e-02
4.044044044044043940e-01	3.849547548965831734e+00	1.314058399999999960e+00	-4.884849218356027145e-01
4.054054054054054279e-01	3.846158397699822817e+00	1.501840359999999874e+00	-4.884849218356027145e-01
4.064064064064064064e-01	3.844346693903947898e+00	1.495365119999999770e+00	-4.884849218356027145e-01
4.074074074074073848e-01	3.843241770368127863e+00	1.618394679999999752e+00	-7.821880988401412882e-01
4.084084084084084187e-01	3.842005473555185180e+00	1.514790839999999861e+00	-5.537522945032778976e-01
4.094094094094093972e-01	3.841151545447804239e+00	1.586018479999999897e+00	-7.821880988401412882e-01
4.104104104104104311e-01	3.841181120392763049e+00	1.547167039999999716e+00	-6.190196671709531362e-01
4.114114114114114096e-01	3.841555124563781565e+00	1.573067999999999911e+00	-6.842870398386284858e-01
4.124124124124123880e-01	3.841777616277098684e+00	1.560117519999999924e+00	-6.842870398386284858e-01
4.134134134134134220e-01	3.842060230218112604e+00	1.566592759999999807e+00	-7.169207261724660496e-01
4.144144144144144004e-01	3.842368415852991603e+00	1.437087959999999942e+00	-4.884849218356027145e-01
4.154154154154154344e-01	3.842807794325499238e+00	1.359385079999999801e+00	-4.558512355017650397e-01
4.164164164164164128e-01	3.844081610522387393e+00	9.902964000000000766e-01	-1.295143721633888190e-01
4.174174174174173912e-01	3.846180858325547902e+00	7.701382400000000850e-01	1.020373171961676869e-03
4.184184184184184252e-01	3.848266040667776000e+00	6.924353600000000553e-01	1.968224911749873740e-01
4.194194194194194036e-01	3.850285573113966464e+00	3.816238400000000475e-01	4.578919818456884672e-01
4.204204204204204376e-01	3.853227771461111839e+00	2.391685600000000023e-01	7.842288451840646601e-01
4.214214214214214160e-01	3.857411148437950743e+00	-6.890560000000003904e-03	8.821299041855775735e-01
4.224224224224223945e-01	3.861090728049209719e+00	-1.104944000000000065e-01	1.077932022188603289e+00
4.234234234234234284e-01	3.862407018357565835e+00	-1.817220400000000013e-01	9.800309631870904870e-01
4.244244244244244069e-01	3.862478005238962897e+00	-2.464744400000000168e-01	1.077932022188603289e+00
4.254254254254254408e-01	3.862942217860039218e+00	-2.788506400000000385e-01	1.077932022188603289e+00
4.264264264264264193e-01	3.863018494109743184e+00	-2.853258800000000317e-01	1.077932022188603289e+00
4.274274274274273977e-01	3.862262349794410188e+00	-2.723753999999999897e-01	1.143199394856278639e+00
4.284284284284284317e-01	3.861733705414791551e+00	-2.464744400000000168e-01	1.012664649520927940e+00
4.294294294294294101e-01	3.861624581536362566e+00	-3.047516000000000114e-01	1.273734140191629116e+00
4.304304304304304440e-01	3.861374749844887155e+00	-3.889297199999999788e-01	1.143199394856278639e+00
4.314314314314314225e-01	3.861112926571055759e+00	-4.018802000000000207e-01	1.306367826525466569e+00
4.324324324324324564e-01	3.860631494809916742e+00	-3.824544800000000411e-01	1.077932022188603289e+00
4.334334334334334349e-01	3.858966136611856612e+00	-4.213059199999999449e-01	1.339001512859304244e+00
4.344344344344344133e-01	3.856250070861075852e+00	-4.277811600000000491e-01	1.110565708522440964e+00
4.354354354354354473e-01	3.853958711875220100e+00	-3.824544800000000411e-01	1.273734140191629116e+00
4.364364364364364257e-01	3.853173074113771079e+00	-3.630287599999999504e-01	1.045298335854765615e+00
4.374374374374374597e-01	3.853532188489306787e+00	-3.047516000000000114e-01	1.306367826525466569e+00
4.384384384384384381e-01	3.854271237369823133e+00	-3.112268400000000046e-01	1.012664649520927940e+00
4.394394394394394165e-01	3.855244265532336900e+00	-2.270487200000000094e-01	1.175833081190116092e+00
4.404404404404404505e-01	3.855777387160036263e+00	-2.270487200000000094e-01	1.110565708522440964e+00
4.414414414414414289e-01	3.855434591818511336e+00	-2.076230000000000020e-01	1.045298335854765615e+00
4.424424424424424629e-01	3.855678590321148125e+00	-1.558210800000000007e-01	1.045298335854765615e+00
4.434434434434434413e-01	3.857598689637651290e+00	-2.205734800000000162e-01	9.473972768532528121e-01
4.444444444444444198e-01	3.860619709573353209e+00	-1.558210800000000007e-01	9.147635905194151373e-01
4.454454454454454537e-01	3.863659951323649366e+00	-1.169696400000000136e-01	9.473972768532528121e-01
4.464464464464464322e-01	3.865362363523680234e+00	-5.869248000000000520e-02	8.821299041855775735e-01
4.474474474474474661e-01	3.866109699452145776e+00	-3.926676000000000472e-02	9.147635905194151373e-01
4.484484484484484446e-01	3.867928604053919805e+00	5.138659999999999756e-02	8.821299041855775735e-01
4.494494494494494230e-01	3.869604256461402159e+00	3.362971600000000394e-01	5.884267271810389444e-01
4.504504504504504570e-01	3.867861037239034960e+00	4.334257600000001043e-01	3.599909228441755538e-01
4.514514514514514354e-01	3.862914274874762910e+00	6.341582000000000052e-01	3.926246091780131731e-01
4.524524524524524693e-01	3.857336643299403178e+00	9.061182800000000537e-01	-3.161331316187596802e-02
4.534534534534534478e-01	3.852723703312625148e+00	1.132751680000000150e+00	-1.947817448310640853e-01
4.544544544544544262e-01	3.849460362213131592e+00	1.301107919999999973e+00	-3.905838628340898566e-01
4.554554554554554602e-01	3.846957836443532841e+00	1.501840359999999874e+00	-6.842870398386284858e-01
4.564564564564564386e-01	3.844515785430143051e+00	1.495365119999999770e+00	-3.905838628340898566e-01
4.574574574574574726e-01	3.842398638857893012e+00	1.618394679999999752e+00	-8.148217851739789630e-01
4.584584584584584510e-01	3.841078111150715735e+00	1.495365119999999770e+00	-4.884849218356027145e-01
4.594594594594594295e-01	3.840392763186284419e+00	1.573067999999999911e+00	-7.169207261724660496e-01
4.604604604604604634e-01	3.839885359854426472e+00	1.527741319999999847e+00	-6.842870398386284858e-01
4.614614614614614418e-01	3.839423750774304533e+00	1.553642280000000042e+00	-6.516533535047908110e-01
4.624624624624624758e-01	3.839606921323277522e+00	1.553642280000000042e+00	-7.169207261724660496e-01
4.634634634634634542e-01	3.840552857478833459e+00	1.553642280000000042e+00	-6.842870398386284858e-01
4.644644644644644327e-01	3.841633948376593555e+00	1.430612719999999838e+00	-4.884849218356027145e-01
4.654654654654654666e-01	3.843110783962337518e+00	1.346434599999999815e+00	-3.579501765002521818e-01
4.664664664664664451e-01	3.844804622325502574e+00	9.902964000000000766e-01	-2.274154311649017046e-01
4.674674674674674790e-01	3.845870293243794258e+00	7.571877599999999875e-01	-3.161331316187596802e-02
4.684684684684684575e-01	3.847171503615097521e+00	6.730096400000000756e-01	2.294561775088249655e-01
4.694694694694694914e-01	3.849336907678041264e+00	3.816238400000000475e-01	5.884267271810389444e-01
4.704704704704704699e-01	3.851544783105235847e+00	2.262180799999999881e-01	5.884267271810389444e-01
4.714714714714714483e-01	3.854213796406684267e+00	-6.890560000000003904e-03	9.473972768532528121e-01
4.724724724724724823e-01	3.858065152929351260e+00	-1.363953600000000210e-01	9.147635905194151373e-01
4.734734734734734607e-01	3.861630910234338909e+00	-1.817220400000000013e-01	1.175833081190116092e+00
4.744744744744744946e-01	3.863078269426977851e+00	-2.464744400000000168e-01	1.045298335854765615e+00
4.754754754754754731e-01	3.862432664331968635e+00	-2.723753999999999897e-01	1.241100453857791219e+00
4.764764764764764515e-01	3.860769773241774949e+00	-2.853258800000000317e-01	1.012664649520927940e+00
4.774774774774774855e-01	3.859404935647101187e+00	-2.853258800000000317e-01	1.208466767523953767e+00
4.784784784784784639e-01	3.859571368696923077e+00	-2.464744400000000168e-01	1.045298335854765615e+00
4.794794794794794979e-01	3.860878800491146734e+00	-3.112268400000000046e-01	1.143199394856278639e+00
4.804804804804804763e-01	3.861543093282407746e+00	-3.824544800000000411e-01	1.273734140191629116e+00
4.814814814814814548e-01	3.860917828120828510e+00	-4.018802000000000207e-01	1.143199394856278639e+00
4.824824824824824887e-01	3.859274704613052442e+00	-3.824544800000000411e-01	1.208466767523953767e+00
4.834834834834834671e-01	3.856700731209089295e+00	-4.148306800000000072e-01	1.175833081190116092e+00
4.844844844844845011e-01	3.854186203446305914e+00	-4.213059199999999449e-01	1.241100453857791219e+00
4.854854854854854795e-01	3.852691845004392324e+00	-3.954049599999999165e-01	1.241100453857791219e+00
4.864864864864864580e-01	3.851858671061595629e+00	-3.565535200000000127e-01	1.208466767523953767e+00
4.874874874874874919e-01	3.851689819098859324e+00	-3.241773200000000466e-01	1.110565708522440964e+00
4.884884884884884704e-01	3.852512547079467886e+00	-3.047516000000000114e-01	1.175833081190116092e+00
4.894894894894895043e-01	3.853347306438054343e+00	-2.205734800000000162e-01	1.012664649520927940e+00
4.904904904904904828e-01	3.853425889646552527e+00	-2.399992000000000236e-01	1.110565708522440964e+00
4.914914914914914612e-01	3.853604318036988996e+00	-2.076230000000000020e-01	1.045298335854765615e+00
4.924924924924924952e-01	3.854819157094998339e+00	-1.687715600000000149e-01	1.045298335854765615e+00
4.934934934934934736e-01	3.857095604543149037e+00	-2.205734800000000162e-01	1.012664649520927940e+00
4.944944944944945076e-01	3.859764252145029939e+00	-1.752468000000000081e-01	9.473972768532528121e-01
4.954954954954954860e-01	3.861817892233222693e+00	-1.234448800000000068e-01	1.012664649520927940e+00
4.964964964964965199e-01	3.862990987021069689e+00	-7.164296000000000553e-02	8.821299041855775735e-01
4.974974974974974984e-01	3.864283452211285663e+00	-3.926676000000000472e-02	8.821299041855775735e-01
4.984984984984984768e-01	3.866285211900503782e+00	5.138659999999999756e-02	8.168625315179022239e-01
4.994994994994995108e-01	3.867349401259327468e+00	3.362971600000000394e-01	6.863277861825517467e-01
5.005005005005005447e-01	3.865038368924482270e+00	4.269505200000000000e-01	3.926246091780131731e-01
5.015015015015015232e-01	3.859869833870936517e+00	6.341582000000000052e-01	4.578919818456884672e-01
5.025025025025025016e-01	3.855007159593385690e+00	8.931677999999999562e-01	-1.621480584972264660e-01
5.035035035035034801e-01	3.851499963361034951e+00	1.132751680000000150e+00	-1.621480584972264660e-01
5.045045045045044585e-01	3.847860113306645680e+00	1.288157439999999765e+00	-4.884849218356027145e-01
5.055055055055055480e-01	3.843963030278975790e+00	1.475939400000000123e+00	-5.537522945032778976e-01
5.065065065065065264e-01	3.841392364837416196e+00	1.482414640000000006e+00	-5.211186081694403338e-01
5.075075075075075048e-01	3.840682330050074977e+00	1.598968959999999884e+00	-6.842870398386284858e-01
5.085085085085084833e-01	3.840509997866814462e+00	1.495365119999999770e+00	-5.537522945032778976e-01
5.095095095095094617e-01	3.839467379889958565e+00	1.579543240000000015e+00	-6.842870398386284858e-01
5.105105105105105512e-01	3.838053905851861458e+00	1.534216559999999951e+00	-6.516533535047908110e-01
5.115115115115115296e-01	3.838328805061377746e+00	1.553642280000000042e+00	-6.516533535047908110e-01
5.125125125125125081e-01	3.840291138034262808e+00	1.553642280000000042e+00	-7.495544125063037244e-01
5.135135135135134865e-01	3.841357071613761054e+00	1.560117519999999924e+00	-6.516533535047908110e-01
5.145145145145144649e-01	3.841032812972985599e+00	1.430612719999999838e+00	-4.884849218356027145e-01
5.155155155155155544e-01	3.841053155725438373e+00	1.339959359999999933e+00	-4.558512355017650397e-01
5.165165165165165329e-01	3.841872730027079630e+00	9.838211600000000834e-01	-1.295143721633888190e-01
5.175175175175175113e-01	3.843193806222474418e+00	7.442372800000001121e-01	-3.161331316187596802e-02
5.185185185185184897e-01	3.845291462492363532e+00	6.730096400000000756e-01	2.620898638426626404e-01
5.195195195195194682e-01	3.848217283155850765e+00	3.751485999999999432e-01	5.231593545133637058e-01
5.205205205205205576e-01	3.851538879832274720e+00	2.197428399999999948e-01	5.884267271810389444e-01
5.215215215215215361e-01	3.855244476262445374e+00	-2.631628000000000439e-02	8.168625315179022239e-01
5.225225225225225145e-01	3.859144258259983751e+00	-1.104944000000000065e-01	1.012664649520927940e+00
5.235235235235234930e-01	3.861584588201182999e+00	-1.881972800000000223e-01	9.473972768532528121e-01
5.245245245245244714e-01	3.861627673295364271e+00	-2.399992000000000236e-01	1.077932022188603289e+00
5.255255255255255609e-01	3.860843561245270728e+00	-2.723753999999999897e-01	1.110565708522440964e+00
5.265265265265265393e-01	3.860867045831996247e+00	-2.853258800000000317e-01	1.110565708522440964e+00
5.275275275275275177e-01	3.861458677331614631e+00	-2.788506400000000385e-01	1.110565708522440964e+00
5.285285285285284962e-01	3.861274684717080241e+00	-2.464744400000000168e-01	1.208466767523953767e+00
5.295295295295294746e-01	3.860181718629205339e+00	-3.177020799999999978e-01	1.143199394856278639e+00
5.305305305305305641e-01	3.859589478869944301e+00	-4.018802000000000207e-01	1.241100453857791219e+00
5.315315315315315425e-01	3.859701155888484614e+00	-4.018802000000000207e-01	9.800309631870904870e-01
5.325325325325325210e-01	3.859256809909235919e+00	-3.954049599999999165e-01	8.821299041855775735e-01
5.335335335335334994e-01	3.857170647596261936e+00	-4.083554400000000140e-01	1.241100453857791219e+00
5.345345345345344779e-01	3.853738119792054384e+00	-4.213059199999999449e-01	1.175833081190116092e+00
5.355355355355355673e-01	3.851089018913699036e+00	-3.889297199999999788e-01	1.371635199193141919e+00
5.365365365365365458e-01	3.850383290541574244e+00	-3.565535200000000127e-01	1.143199394856278639e+00
5.375375375375375242e-01	3.850800594097410379e+00	-3.112268400000000046e-01	1.208466767523953767e+00
5.385385385385385026e-01	3.851776648695408145e+00	-3.112268400000000046e-01	1.110565708522440964e+00
5.395395395395394811e-01	3.852758283668615835e+00	-2.335239600000000026e-01	1.110565708522440964e+00
5.405405405405405705e-01	3.853462172461842528e+00	-2.464744400000000168e-01	1.012664649520927940e+00
5.415415415415415490e-01	3.854682257935588385e+00	-2.140982399999999952e-01	1.110565708522440964e+00
5.425425425425425274e-01	3.856173714017188559e+00	-1.752468000000000081e-01	9.473972768532528121e-01
5.435435435435435059e-01	3.857071475930077487e+00	-2.205734800000000162e-01	1.077932022188603289e+00
5.445445445445444843e-01	3.858291471235565595e+00	-1.687715600000000149e-01	9.800309631870904870e-01
5.455455455455455738e-01	3.860884724013052605e+00	-1.234448800000000068e-01	9.147635905194151373e-01
5.465465465465465522e-01	3.863782272116705219e+00	-7.164296000000000553e-02	9.147635905194151373e-01
5.475475475475475307e-01	3.865724812996034210e+00	-3.926676000000000472e-02	9.147635905194151373e-01
5.485485485485485091e-01	3.867192059385505587e+00	5.786183999999999772e-02	9.147635905194151373e-01
5.495495495495495986e-01	3.867997959069707115e+00	3.362971600000000394e-01	6.210604135148766192e-01
5.505505505505505770e-01	3.866333197787661380e+00	4.334257600000001043e-01	3.599909228441755538e-01
5.515515515515515554e-01	3.862064325092738670e+00	6.212077200000000188e-01	4.578919818456884672e-01
5.525525525525525339e-01	3.857203959517620184e+00	8.866925599999999630e-01	-3.161331316187596802e-02
5.535535535535535123e-01	3.852738855957505759e+00	1.119801199999999941e+00	-1.295143721633888190e-01
5.545545545545546018e-01	3.848438882635725200e+00	1.275206959999999778e+00	-3.905838628340898566e-01
5.555555555555555802e-01	3.845207804066667290e+00	1.482414640000000006e+00	-6.842870398386284858e-01
5.565565565565565587e-01	3.844086503237403640e+00	1.462988919999999915e+00	-3.905838628340898566e-01
5.575575575575575371e-01	3.843683770745640160e+00	1.592493720000000001e+00	-8.148217851739789630e-01
5.585585585585585155e-01	3.842166217594947586e+00	1.475939400000000123e+00	-3.905838628340898566e-01
5.595595595595596050e-01	3.840286492245760908e+00	1.566592759999999807e+00	-7.169207261724660496e-01
5.605605605605605835e-01	3.839640491390865940e+00	1.514790839999999861e+00	-5.863859808371156834e-01
5.615615615615615619e-01	3.840448955389438979e+00	1.547167039999999716e+00	-6.516533535047908110e-01
5.625625625625625403e-01	3.841660736520151165e+00	1.534216559999999951e+00	-5.863859808371156834e-01
5.635635635635635188e-01	3.842035099597382874e+00	1.534216559999999951e+00	-6.516533535047908110e-01
5.645645645645646082e-01	3.842101257106961043e+00	1.404711760000000087e+00	-5.211186081694403338e-01
5.655655655655655867e-01	3.843228391794351051e+00	1.327008879999999946e+00	-4.232175491679274204e-01
5.665665665665665651e-01	3.844965087325648678e+00	9.643954399999999927e-01	-1.621480584972264660e-01
5.675675675675675436e-01	3.846191470422779091e+00	7.442372800000001121e-01	3.365405950579927752e-02
5.685685685685685220e-01	3.847414115743590823e+00	6.600591600000000891e-01	2.294561775088249655e-01
5.695695695695696115e-01	3.849801303061726188e+00	3.686733600000000055e-01	5.557930408472013806e-01
5.705705705705705899e-01	3.853274067053614083e+00	2.132676000000000016e-01	6.210604135148766192e-01
5.715715715715715683e-01	3.856960734934679280e+00	-6.890560000000003904e-03	9.473972768532528121e-01
5.725725725725725468e-01	3.859992168558641801e+00	-1.299201200000000000e-01	9.473972768532528121e-01
5.735735735735735252e-01	3.861411992280085137e+00	-1.881972800000000223e-01	1.110565708522440964e+00
5.745745745745746147e-01	3.861495867721041808e+00	-2.464744400000000168e-01	1.045298335854765615e+00
5.755755755755755931e-01	3.861835588959362742e+00	-2.788506400000000385e-01	1.175833081190116092e+00
5.765765765765765716e-01	3.862482679839009059e+00	-2.723753999999999897e-01	1.110565708522440964e+00
5.775775775775775500e-01	3.862369950407119390e+00	-2.788506400000000385e-01	1.175833081190116092e+00
5.785785785785785285e-01	3.861748951407766306e+00	-2.464744400000000168e-01	1.077932022188603289e+00
5.795795795795796179e-01	3.861249251330916010e+00	-3.112268400000000046e-01	1.306367826525466569e+00
5.805805805805805964e-01	3.860982732727905820e+00	-4.018802000000000207e-01	1.143199394856278639e+00
5.815815815815815748e-01	3.860748240901417994e+00	-4.018802000000000207e-01	1.273734140191629116e+00
5.825825825825825532e-01	3.859622929799350732e+00	-3.824544800000000411e-01	1.077932022188603289e+00
5.835835835835835317e-01	3.856511448255908636e+00	-4.277811600000000491e-01	1.273734140191629116e+00
5.845845845845846211e-01	3.852657212883014992e+00	-4.277811600000000491e-01	1.077932022188603289e+00
5.855855855855855996e-01	3.851488063653274452e+00	-3.954049599999999165e-01	1.208466767523953767e+00
5.865865865865865780e-01	3.853157190386216957e+00	-3.630287599999999504e-01	1.175833081190116092e+00
5.875875875875875565e-01	3.854083657579530087e+00	-3.177020799999999978e-01	1.077932022188603289e+00
5.885885885885885349e-01	3.852941265133988935e+00	-3.112268400000000046e-01	1.208466767523953767e+00
5.895895895895896244e-01	3.851897032923330855e+00	-2.335239600000000026e-01	1.110565708522440964e+00
5.905905905905906028e-01	3.852900483714286395e+00	-2.399992000000000236e-01	1.143199394856278639e+00
5.915915915915915813e-01	3.854893988065437149e+00	-2.076230000000000020e-01	7.515951588502269853e-01
5.925925925925925597e-01	3.855870163774340220e+00	-1.752468000000000081e-01	1.045298335854765615e+00
5.935935935935935381e-01	3.856662345896276545e+00	-2.270487200000000094e-01	9.147635905194151373e-01
5.945945945945946276e-01	3.859001750580475232e+00	-1.687715600000000149e-01	1.012664649520927940e+00
5.955955955955956060e-01	3.862291418656140340e+00	-1.234448800000000068e-01	9.473972768532528121e-01
5.965965965965965845e-01	3.864842278869312864e+00	-6.516772000000001230e-02	1.110565708522440964e+00
5.975975975975975629e-01	3.866057329470005133e+00	-4.574200000000000488e-02	8.821299041855775735e-01
5.985985985985985414e-01	3.866812582963909506e+00	2.548563999999999691e-02	8.821299041855775735e-01
5.995995995995996308e-01	3.867105231872401294e+00	3.492476399999999703e-01	6.210604135148766192e-01
6.006006006006006093e-01	3.865040983275024544e+00	4.334257600000001043e-01	2.620898638426626404e-01
6.016016016016015877e-01	3.860397328363642355e+00	6.147324800000000256e-01	4.252582955118507924e-01
6.026026026026025662e-01	3.855300457856594143e+00	8.672668400000000943e-01	-9.688068582955121355e-02
6.036036036036035446e-01	3.851088232081336660e+00	1.113325960000000059e+00	-1.295143721633888190e-01
6.046046046046046341e-01	3.847770420236592770e+00	1.262256480000000014e+00	-4.232175491679274204e-01
6.056056056056056125e-01	3.845069568034590102e+00	1.482414640000000006e+00	-5.863859808371156834e-01
6.066066066066065909e-01	3.843309935854265724e+00	1.462988919999999915e+00	-4.558512355017650397e-01
6.076076076076075694e-01	3.842818389094788678e+00	1.592493720000000001e+00	-7.495544125063037244e-01
6.086086086086086588e-01	3.842475951713685500e+00	1.475939400000000123e+00	-5.863859808371156834e-01
6.096096096096096373e-01	3.841435241033595016e+00	1.553642280000000042e+00	-6.516533535047908110e-01
6.106106106106106157e-01	3.840231364921313340e+00	1.501840359999999874e+00	-6.516533535047908110e-01
6.116116116116115942e-01	3.839439976892507822e+00	1.534216559999999951e+00	-5.863859808371156834e-01
6.126126126126125726e-01	3.839478472078469817e+00	1.527741319999999847e+00	-6.842870398386284858e-01
6.136136136136136621e-01	3.840249378352174947e+00	1.521266079999999965e+00	-6.190196671709531362e-01
6.146146146146146405e-01	3.841222283348684652e+00	1.404711760000000087e+00	-4.232175491679274204e-01
6.156156156156156189e-01	3.842406366314479627e+00	1.307583159999999856e+00	-3.905838628340898566e-01
6.166166166166165974e-01	3.844057640018288424e+00	9.643954399999999927e-01	-1.947817448310640853e-01
6.176176176176175758e-01	3.846218501108253029e+00	7.377620400000000078e-01	6.628774583963688294e-02
6.186186186186186653e-01	3.848719640766811612e+00	6.600591600000000891e-01	1.968224911749873740e-01
6.196196196196196437e-01	3.851297499858624462e+00	3.492476399999999703e-01	4.905256681795260310e-01
6.206206206206206222e-01	3.853875563090480849e+00	2.197428399999999948e-01	5.884267271810389444e-01
6.216216216216216006e-01	3.856320077766516530e+00	-1.336580000000000407e-02	9.147635905194151373e-01
6.226226226226225791e-01	3.858423089033702791e+00	-1.299201200000000000e-01	9.800309631870904870e-01
6.236236236236236685e-01	3.860414316772682319e+00	-1.881972800000000223e-01	1.045298335854765615e+00
6.246246246246246470e-01	3.861945294535105155e+00	-2.529496800000000101e-01	1.143199394856278639e+00
6.256256256256256254e-01	3.861771455732986524e+00	-2.788506400000000385e-01	1.110565708522440964e+00
6.266266266266266038e-01	3.860518843049698834e+00	-2.853258800000000317e-01	1.110565708522440964e+00
6.276276276276275823e-01	3.860407003553304683e+00	-2.853258800000000317e-01	1.077932022188603289e+00
6.286286286286286717e-01	3.861373569311386866e+00	-2.594249200000000033e-01	1.077932022188603289e+00
6.296296296296296502e-01	3.861382089661999917e+00	-3.112268400000000046e-01	1.143199394856278639e+00
6.306306306306306286e-01	3.860180729516274223e+00	-3.889297199999999788e-01	1.208466767523953767e+00
6.316316316316316071e-01	3.859405091479117811e+00	-4.148306800000000072e-01	1.208466767523953767e+00
6.326326326326325855e-01	3.858955843156433474e+00	-3.824544800000000411e-01	1.306367826525466569e+00
6.336336336336336750e-01	3.856910307589796805e+00	-4.148306800000000072e-01	1.241100453857791219e+00
6.346346346346346534e-01	3.853279958802799943e+00	-4.277811600000000491e-01	1.241100453857791219e+00
6.356356356356356319e-01	3.850438057072246956e+00	-3.954049599999999165e-01	1.241100453857791219e+00
6.366366366366366103e-01	3.850087801510423180e+00	-3.630287599999999504e-01	1.175833081190116092e+00
6.376376376376375887e-01	3.851621283433104725e+00	-3.047516000000000114e-01	1.110565708522440964e+00
6.386386386386386782e-01	3.853171388441698042e+00	-3.112268400000000046e-01	1.012664649520927940e+00
6.396396396396396566e-01	3.853503242075121182e+00	-2.270487200000000094e-01	1.143199394856278639e+00
6.406406406406406351e-01	3.852916421884083675e+00	-2.399992000000000236e-01	1.012664649520927940e+00
6.416416416416416135e-01	3.852737239880347442e+00	-2.076230000000000020e-01	1.143199394856278639e+00
6.426426426426425920e-01	3.853871700588104687e+00	-1.752468000000000081e-01	1.045298335854765615e+00
6.436436436436436814e-01	3.856287649836839471e+00	-2.270487200000000094e-01	1.110565708522440964e+00
6.446446446446446599e-01	3.859267615509903493e+00	-1.622963199999999939e-01	8.494962178517398987e-01
6.456456456456456383e-01	3.861678210618629592e+00	-1.234448800000000068e-01	1.045298335854765615e+00
6.466466466466466168e-01	3.863572841619238307e+00	-7.164296000000000553e-02	8.821299041855775735e-01
6.476476476476475952e-01	3.865929496605155613e+00	-2.631628000000000439e-02	9.473972768532528121e-01
6.486486486486486847e-01	3.868308853525842306e+00	3.196087999999999707e-02	7.842288451840646601e-01
6.496496496496496631e-01	3.869321792528886750e+00	3.492476399999999703e-01	7.842288451840646601e-01
6.506506506506506415e-01	3.867369062311945438e+00	4.399010000000000420e-01	2.947235501765002597e-01
6.516516516516516200e-01	3.861443839597369809e+00	5.888315200000000527e-01	4.905256681795260310e-01
6.526526526526525984e-01	3.854053755380927537e+00	8.737420800000000876e-01	-9.688068582955121355e-02
6.536536536536536879e-01	3.849283447461449903e+00	1.093900239999999968e+00	-1.947817448310640853e-01
6.546546546546546663e-01	3.847068068044581679e+00	1.262256480000000014e+00	-3.905838628340898566e-01
6.556556556556556448e-01	3.844815499361749378e+00	1.469464160000000019e+00	-6.190196671709531362e-01
6.566566566566566232e-01	3.842916263472909044e+00	1.437087959999999942e+00	-3.905838628340898566e-01
6.576576576576576016e-01	3.842802164032241841e+00	1.573067999999999911e+00	-7.169207261724660496e-01
6.586586586586586911e-01	3.843031271904227886e+00	1.469464160000000019e+00	-4.232175491679274204e-01
6.596596596596596696e-01	3.841786660081713656e+00	1.540691800000000056e+00	-6.842870398386284858e-01
6.606606606606606480e-01	3.839802182449028045e+00	1.495365119999999770e+00	-4.884849218356027145e-01
6.616616616616616264e-01	3.839020398526082900e+00	1.514790839999999861e+00	-6.190196671709531362e-01
6.626626626626626049e-01	3.839825535861903560e+00	1.521266079999999965e+00	-5.863859808371156834e-01
6.636636636636636943e-01	3.840742718642863540e+00	1.521266079999999965e+00	-6.842870398386284858e-01
6.646646646646646728e-01	3.841241793980105346e+00	1.391761279999999878e+00	-4.558512355017650397e-01
6.656656656656656512e-01	3.842374969226379999e+00	1.307583159999999856e+00	-4.884849218356027145e-01
6.666666666666666297e-01	3.844429867876197893e+00	9.643954399999999927e-01	-9.688068582955121355e-02
6.676676676676676081e-01	3.846749898776032239e+00	7.377620400000000078e-01	3.365405950579927752e-02
6.686686686686686976e-01	3.848975829277542449e+00	6.471086800000001027e-01	2.947235501765002597e-01
6.696696696696696760e-01	3.850649577229661613e+00	3.557228800000000746e-01	5.884267271810389444e-01
6.706706706706706544e-01	3.851966204168183694e+00	2.132676000000000016e-01	6.863277861825517467e-01
6.716716716716716329e-01	3.854658083293294624e+00	-3.279152000000000455e-02	9.800309631870904870e-01
6.726726726726726113e-01	3.858750433468441710e+00	-1.299201200000000000e-01	1.012664649520927940e+00
6.736736736736737008e-01	3.861834296512405729e+00	-1.946725200000000155e-01	1.077932022188603289e+00
6.746746746746746792e-01	3.862726942278839282e+00	-2.594249200000000033e-01	1.012664649520927940e+00
6.756756756756756577e-01	3.861604415206822516e+00	-2.853258800000000317e-01	1.143199394856278639e+00
6.766766766766766361e-01	3.859683389301905798e+00	-2.982763600000000181e-01	1.110565708522440964e+00
6.776776776776777256e-01	3.859152911540689956e+00	-2.788506400000000385e-01	1.143199394856278639e+00
6.786786786786787040e-01	3.859750156045322900e+00	-2.594249200000000033e-01	1.077932022188603289e+00
6.796796796796796825e-01	3.859873772535282743e+00	-3.112268400000000046e-01	1.241100453857791219e+00
6.806806806806806609e-01	3.859884042272137439e+00	-4.018802000000000207e-01	1.208466767523953767e+00
6.816816816816816393e-01	3.859672821093593775e+00	-4.018802000000000207e-01	1.273734140191629116e+00
6.826826826826827288e-01	3.858177602737965728e+00	-3.954049599999999165e-01	1.077932022188603289e+00
6.836836836836837072e-01	3.855975891599789485e+00	-4.213059199999999449e-01	1.371635199193141919e+00
6.846846846846846857e-01	3.854064311408393451e+00	-4.148306800000000072e-01	1.110565708522440964e+00
6.856856856856856641e-01	3.852431401678332978e+00	-3.889297199999999788e-01	1.339001512859304244e+00
6.866866866866866426e-01	3.851178058874548338e+00	-3.630287599999999504e-01	1.077932022188603289e+00
6.876876876876877320e-01	3.850631896945040378e+00	-3.177020799999999978e-01	1.273734140191629116e+00
6.886886886886887105e-01	3.850863624230575155e+00	-3.177020799999999978e-01	1.012664649520927940e+00
6.896896896896896889e-01	3.851591728388331859e+00	-2.399992000000000236e-01	1.110565708522440964e+00
6.906906906906906674e-01	3.852291062908777430e+00	-2.399992000000000236e-01	1.012664649520927940e+00
6.916916916916916458e-01	3.853486732470962739e+00	-2.270487200000000094e-01	1.143199394856278639e+00
6.926926926926927353e-01	3.855749841501718400e+00	-1.687715600000000149e-01	1.110565708522440964e+00
6.936936936936937137e-01	3.857883985129290760e+00	-2.270487200000000094e-01	9.800309631870904870e-01
6.946946946946946921e-01	3.859496749591840192e+00	-1.687715600000000149e-01	1.077932022188603289e+00
6.956956956956956706e-01	3.861386971431750581e+00	-1.299201200000000000e-01	9.147635905194151373e-01
6.966966966966966490e-01	3.862828962503618069e+00	-7.811819999999999875e-02	9.473972768532528121e-01
6.976976976976977385e-01	3.863571530144370048e+00	-5.221724000000000504e-02	8.494962178517398987e-01
6.986986986986987169e-01	3.865015795268792687e+00	1.901039999999999675e-02	8.168625315179022239e-01
6.996996996996996954e-01	3.866197366453198114e+00	3.492476399999999703e-01	8.168625315179022239e-01
7.007007007007006738e-01	3.864453338933496518e+00	4.399010000000000420e-01	2.620898638426626404e-01
7.017017017017016522e-01	3.859966765905793018e+00	5.888315200000000527e-01	4.578919818456884672e-01
7.027027027027027417e-01	3.854768623591788845e+00	8.672668400000000943e-01	1.020373171961676869e-03
7.037037037037037202e-01	3.850397695098287887e+00	1.106850720000000177e+00	-1.295143721633888190e-01
7.047047047047046986e-01	3.847367293017607714e+00	1.249306000000000250e+00	-3.253164901664145625e-01
7.057057057057056770e-01	3.844625219811513617e+00	1.450038439999999929e+00	-5.863859808371156834e-01
7.067067067067066555e-01	3.842078756283631602e+00	1.437087959999999942e+00	-3.905838628340898566e-01
7.077077077077077449e-01	3.841156882837074349e+00	1.573067999999999911e+00	-8.148217851739789630e-01
7.087087087087087234e-01	3.841066246627906189e+00	1.462988919999999915e+00	-4.884849218356027145e-01
7.097097097097097018e-01	3.840139650784775149e+00	1.540691800000000056e+00	-6.842870398386284858e-01
7.107107107107106803e-01	3.839048154418316372e+00	1.482414640000000006e+00	-5.863859808371156834e-01
7.117117117117116587e-01	3.838838759484703100e+00	1.508315599999999979e+00	-5.537522945032778976e-01
7.127127127127127482e-01	3.839623885883529208e+00	1.514790839999999861e+00	-6.842870398386284858e-01
7.137137137137137266e-01	3.840970495898471615e+00	1.508315599999999979e+00	-5.537522945032778976e-01
7.147147147147147050e-01	3.841533011021326161e+00	1.365860319999999906e+00	-4.558512355017650397e-01
7.157157157157156835e-01	3.841189944734116679e+00	1.314058399999999960e+00	-3.905838628340898566e-01
7.167167167167166619e-01	3.842047860177380425e+00	9.449697200000000130e-01	-1.947817448310640853e-01
7.177177177177177514e-01	3.844432358745434986e+00	7.183363200000001392e-01	6.628774583963688294e-02
7.187187187187187298e-01	3.846249549831825654e+00	6.471086800000001027e-01	2.294561775088249655e-01
7.197197197197197083e-01	3.847340022448367147e+00	3.492476399999999703e-01	5.884267271810389444e-01
7.207207207207206867e-01	3.849797002794550949e+00	2.067923600000000084e-01	6.210604135148766192e-01
7.217217217217216652e-01	3.854251355405167612e+00	-4.574200000000000488e-02	9.473972768532528121e-01
7.227227227227227546e-01	3.858601167988421565e+00	-1.299201200000000000e-01	9.473972768532528121e-01
7.237237237237237331e-01	3.860893375183501508e+00	-2.011477600000000088e-01	1.012664649520927940e+00
7.247247247247247115e-01	3.861609959383245805e+00	-2.464744400000000168e-01	1.045298335854765615e+00
7.257257257257256899e-01	3.861802183059288573e+00	-2.723753999999999897e-01	1.143199394856278639e+00
7.267267267267266684e-01	3.861516419576267456e+00	-2.853258800000000317e-01	1.143199394856278639e+00
7.277277277277277578e-01	3.860579936614543684e+00	-2.853258800000000317e-01	1.110565708522440964e+00
7.287287287287287363e-01	3.859068867023311977e+00	-2.723753999999999897e-01	1.110565708522440964e+00
7.297297297297297147e-01	3.857804697678653305e+00	-3.241773200000000466e-01	1.175833081190116092e+00
7.307307307307306932e-01	3.857956968980499557e+00	-4.018802000000000207e-01	1.208466767523953767e+00
7.317317317317316716e-01	3.858951269141345897e+00	-4.018802000000000207e-01	1.175833081190116092e+00
7.327327327327327611e-01	3.858712355491628276e+00	-4.018802000000000207e-01	1.208466767523953767e+00
7.337337337337337395e-01	3.856519790160816363e+00	-4.213059199999999449e-01	1.273734140191629116e+00
7.347347347347347180e-01	3.853619223607929634e+00	-4.213059199999999449e-01	1.241100453857791219e+00
7.357357357357356964e-01	3.851562273124160107e+00	-3.954049599999999165e-01	1.175833081190116092e+00
7.367367367367367859e-01	3.850804766634059906e+00	-3.630287599999999504e-01	1.273734140191629116e+00
7.377377377377377643e-01	3.850284637129829157e+00	-3.177020799999999978e-01	1.110565708522440964e+00
7.387387387387387427e-01	3.849366688324615371e+00	-3.177020799999999978e-01	1.306367826525466569e+00
7.397397397397397212e-01	3.849526283254550929e+00	-2.399992000000000236e-01	1.045298335854765615e+00
7.407407407407406996e-01	3.851609705426582764e+00	-2.464744400000000168e-01	1.110565708522440964e+00
7.417417417417417891e-01	3.853681331640808505e+00	-2.205734800000000162e-01	9.473972768532528121e-01
7.427427427427427675e-01	3.854644078861884093e+00	-1.881972800000000223e-01	1.012664649520927940e+00
7.437437437437437460e-01	3.856272768954380314e+00	-2.205734800000000162e-01	9.800309631870904870e-01
7.447447447447447244e-01	3.859285484044215231e+00	-1.817220400000000013e-01	8.821299041855775735e-01
7.457457457457457028e-01	3.861659759582798834e+00	-1.234448800000000068e-01	1.012664649520927940e+00
7.467467467467467923e-01	3.862693252139592914e+00	-6.516772000000001230e-02	9.800309631870904870e-01
7.477477477477477708e-01	3.864382372842861013e+00	-4.574200000000000488e-02	8.821299041855775735e-01
7.487487487487487492e-01	3.866877678430442611e+00	2.548563999999999691e-02	8.821299041855775735e-01
7.497497497497497276e-01	3.867750365550166158e+00	3.362971600000000394e-01	7.515951588502269853e-01
7.507507507507507061e-01	3.865963081775676713e+00	4.399010000000000420e-01	2.947235501765002597e-01
7.517517517517517955e-01	3.862383260073544822e+00	5.953067600000000459e-01	5.884267271810389444e-01
7.527527527527527740e-01	3.858066325684850195e+00	8.284154000000000240e-01	-1.947817448310640853e-01
7.537537537537537524e-01	3.853581905881819036e+00	1.100375480000000072e+00	-3.161331316187596802e-02
7.547547547547547309e-01	3.849489289653416524e+00	1.229880280000000159e+00	-4.232175491679274204e-01
7.557557557557557093e-01	3.846521412978934240e+00	1.372335560000000010e+00	-4.884849218356027145e-01
7.567567567567567988e-01	3.844448893832857372e+00	1.417662239999999851e+00	-3.905838628340898566e-01
7.577577577577577772e-01	3.842486266216549318e+00	1.547167039999999716e+00	-6.842870398386284858e-01
7.587587587587587556e-01	3.840614177864276613e+00	1.437087959999999942e+00	-4.884849218356027145e-01
7.597597597597597341e-01	3.839467067069074702e+00	1.521266079999999965e+00	-7.169207261724660496e-01
7.607607607607607125e-01	3.839390429450871611e+00	1.475939400000000123e+00	-6.190196671709531362e-01
7.617617617617618020e-01	3.839872167539686298e+00	1.488889879999999888e+00	-6.190196671709531362e-01
7.627627627627627804e-01	3.840531370741436135e+00	1.488889879999999888e+00	-6.516533535047908110e-01
7.637637637637637589e-01	3.841297119293360485e+00	1.482414640000000006e+00	-5.863859808371156834e-01
7.647647647647647373e-01	3.841600314850416531e+00	1.307583159999999856e+00	-3.905838628340898566e-01
7.657657657657657158e-01	3.841542218029275979e+00	1.281682200000000105e+00	-4.884849218356027145e-01
7.667667667667668052e-01	3.842409263204671799e+00	9.384944800000000198e-01	-9.688068582955121355e-02
7.677677677677677837e-01	3.844501161869199546e+00	6.989106000000000485e-01	3.365405950579927752e-02
7.687687687687687621e-01	3.846522894128594938e+00	6.471086800000001027e-01	2.947235501765002597e-01
7.697697697697697405e-01	3.848247641270363228e+00	3.298219200000001017e-01	5.231593545133637058e-01
7.707707707707707190e-01	3.851140955706122249e+00	2.067923600000000084e-01	6.863277861825517467e-01
7.717717717717718084e-01	3.855427682788385546e+00	-3.926676000000000472e-02	8.494962178517398987e-01
7.727727727727727869e-01	3.859464015950802018e+00	-1.299201200000000000e-01	1.077932022188603289e+00
7.737737737737737653e-01	3.862127701790767809e+00	-1.881972800000000223e-01	1.012664649520927940e+00
7.747747747747747438e-01	3.863452472996087739e+00	-2.529496800000000101e-01	1.143199394856278639e+00
7.757757757757757222e-01	3.863256161190908866e+00	-2.723753999999999897e-01	1.143199394856278639e+00
7.767767767767768117e-01	3.861307465955011953e+00	-2.853258800000000317e-01	1.110565708522440964e+00
7.777777777777777901e-01	3.858985295516252911e+00	-2.723753999999999897e-01	1.110565708522440964e+00
7.787787787787787686e-01	3.858480075138001286e+00	-2.723753999999999897e-01	1.143199394856278639e+00
7.797797797797797470e-01	3.860064078127685150e+00	-3.306525599999999843e-01	1.241100453857791219e+00
7.807807807807807254e-01	3.861698673913612101e+00	-3.889297199999999788e-01	1.208466767523953767e+00
7.817817817817818149e-01	3.861207669853228275e+00	-3.954049599999999165e-01	1.241100453857791219e+00
7.827827827827827933e-01	3.858596158954877176e+00	-3.954049599999999165e-01	1.208466767523953767e+00
7.837837837837837718e-01	3.855776403178148737e+00	-4.277811600000000491e-01	1.339001512859304244e+00
7.847847847847847502e-01	3.853920119614801187e+00	-4.213059199999999449e-01	1.241100453857791219e+00
7.857857857857857287e-01	3.852929838878413005e+00	-3.889297199999999788e-01	1.306367826525466569e+00
7.867867867867868181e-01	3.852461008849059620e+00	-3.695039999999999436e-01	1.175833081190116092e+00
7.877877877877877966e-01	3.852022539315546279e+00	-3.241773200000000466e-01	1.208466767523953767e+00
7.887887887887887750e-01	3.851673670475797451e+00	-3.177020799999999978e-01	1.077932022188603289e+00
7.897897897897897534e-01	3.851949346693785081e+00	-2.205734800000000162e-01	1.208466767523953767e+00
7.907907907907907319e-01	3.852838678901894465e+00	-2.335239600000000026e-01	1.012664649520927940e+00
7.917917917917918214e-01	3.854132157417091253e+00	-2.140982399999999952e-01	1.110565708522440964e+00
7.927927927927927998e-01	3.855835876447143207e+00	-1.817220400000000013e-01	9.800309631870904870e-01
7.937937937937937782e-01	3.857835594296413984e+00	-2.270487200000000094e-01	1.012664649520927940e+00
7.947947947947947567e-01	3.860105634785913509e+00	-1.622963199999999939e-01	9.147635905194151373e-01
7.957957957957957351e-01	3.862704602342621474e+00	-1.234448800000000068e-01	8.494962178517398987e-01
7.967967967967968246e-01	3.864944104402836977e+00	-7.164296000000000553e-02	9.147635905194151373e-01
7.977977977977978030e-01	3.866586756100328870e+00	-3.926676000000000472e-02	7.842288451840646601e-01
7.987987987987987815e-01	3.868443167276805816e+00	1.253515999999999658e-02	9.800309631870904870e-01
7.997997997997997599e-01	3.869369976413070678e+00	3.103962000000000110e-01	6.863277861825517467e-01
8.008008008008007383e-01	3.866864627882302230e+00	4.463762399999999797e-01	4.252582955118507924e-01
8.018018018018018278e-01	3.861333832226964358e+00	5.758810400000000662e-01	5.231593545133637058e-01
8.028028028028028062e-01	3.856109692777960785e+00	8.219401600000000307e-01	3.365405950579927752e-02
8.038038038038037847e-01	3.853240729519179730e+00	1.067999279999999995e+00	-2.600491174987393794e-01
8.048048048048047631e-01	3.851127631259562367e+00	1.223405040000000055e+00	-2.600491174987393794e-01
8.058058058058058526e-01	3.847945188141615791e+00	1.352909840000000141e+00	-6.842870398386284858e-01
8.068068068068068310e-01	3.844939031401571228e+00	1.398236519999999983e+00	-2.926828038325769432e-01
8.078078078078078095e-01	3.843484701331673747e+00	1.534216559999999951e+00	-7.821880988401412882e-01
8.088088088088087879e-01	3.842725854284806619e+00	1.424137479999999734e+00	-4.884849218356027145e-01
8.098098098098097664e-01	3.842088946374083935e+00	1.508315599999999979e+00	-6.190196671709531362e-01
8.108108108108108558e-01	3.842120986526505355e+00	1.462988919999999915e+00	-5.537522945032778976e-01
8.118118118118118343e-01	3.842378631481517370e+00	1.488889879999999888e+00	-5.537522945032778976e-01
8.128128128128128127e-01	3.842108882183985941e+00	1.469464160000000019e+00	-6.190196671709531362e-01
8.138138138138137911e-01	3.842036275794505240e+00	1.482414640000000006e+00	-5.863859808371156834e-01
8.148148148148147696e-01	3.842786375997403248e+00	1.288157439999999765e+00	-5.537522945032778976e-01
8.158158158158158590e-01	3.843800724809147695e+00	1.262256480000000014e+00	-3.579501765002521818e-01
8.168168168168168375e-01	3.844588005468511760e+00	9.384944800000000198e-01	-1.621480584972264660e-01
8.178178178178178159e-01	3.845265362426486089e+00	6.989106000000000485e-01	1.641888048411497825e-01
8.188188188188187944e-01	3.846482421706361787e+00	6.341582000000000052e-01	2.294561775088249655e-01
8.198198198198197728e-01	3.848931130015599944e+00	3.362971600000000394e-01	6.536940998487140719e-01
8.208208208208208623e-01	3.852550469695165347e+00	1.744161599999999868e-01	5.557930408472013806e-01
8.218218218218218407e-01	3.856417037768768985e+00	-4.574200000000000488e-02	9.473972768532528121e-01
8.228228228228228192e-01	3.859410958737469866e+00	-1.363953600000000210e-01	9.800309631870904870e-01
8.238238238238237976e-01	3.861362571172322511e+00	-1.946725200000000155e-01	1.045298335854765615e+00
8.248248248248247760e-01	3.862361302287037113e+00	-2.594249200000000033e-01	1.077932022188603289e+00
8.258258258258258655e-01	3.861839457341976978e+00	-2.723753999999999897e-01	1.208466767523953767e+00
8.268268268268268439e-01	3.860380348553821062e+00	-2.788506400000000385e-01	1.045298335854765615e+00
8.278278278278278224e-01	3.859887094929585150e+00	-2.723753999999999897e-01	1.143199394856278639e+00
8.288288288288288008e-01	3.860952173104848395e+00	-2.659001599999999965e-01	1.012664649520927940e+00
8.298298298298297793e-01	3.861924473505717437e+00	-3.177020799999999978e-01	1.241100453857791219e+00
8.308308308308308687e-01	3.861174890391640524e+00	-4.018802000000000207e-01	1.175833081190116092e+00
8.318318318318318472e-01	3.859179763330148116e+00	-3.954049599999999165e-01	1.241100453857791219e+00
8.328328328328328256e-01	3.857594051260120782e+00	-3.889297199999999788e-01	1.208466767523953767e+00
8.338338338338338041e-01	3.856883537210031410e+00	-4.277811600000000491e-01	1.273734140191629116e+00
8.348348348348347825e-01	3.855438416726090889e+00	-4.277811600000000491e-01	1.241100453857791219e+00
8.358358358358358720e-01	3.852496718359555317e+00	-3.889297199999999788e-01	1.241100453857791219e+00
8.368368368368368504e-01	3.850207821885171189e+00	-3.695039999999999436e-01	1.208466767523953767e+00
8.378378378378378288e-01	3.850168706677337127e+00	-3.177020799999999978e-01	1.175833081190116092e+00
8.388388388388388073e-01	3.851129163699786417e+00	-3.177020799999999978e-01	1.110565708522440964e+00
8.398398398398397857e-01	3.851796487023719351e+00	-2.399992000000000236e-01	9.473972768532528121e-01
8.408408408408408752e-01	3.852504418512757045e+00	-2.464744400000000168e-01	1.110565708522440964e+00
8.418418418418418536e-01	3.853557726356213298e+00	-2.140982399999999952e-01	1.077932022188603289e+00
8.428428428428428321e-01	3.855040523838494604e+00	-1.752468000000000081e-01	1.110565708522440964e+00
8.438438438438438105e-01	3.857253263182395031e+00	-2.270487200000000094e-01	9.473972768532528121e-01
8.448448448448447889e-01	3.859357522817848274e+00	-1.752468000000000081e-01	1.077932022188603289e+00
8.458458458458458784e-01	3.860082176648652830e+00	-1.169696400000000136e-01	9.473972768532528121e-01
8.468468468468468568e-01	3.860191863661440070e+00	-7.811819999999999875e-02	1.012664649520927940e+00
8.478478478478478353e-01	3.861994755631410037e+00	-5.869248000000000520e-02	8.168625315179022239e-01
8.488488488488488137e-01	3.865923217358190556e+00	1.253515999999999658e-02	1.012664649520927940e+00
8.498498498498497922e-01	3.868599254015356426e+00	3.103962000000000110e-01	6.210604135148766192e-01
8.508508508508508816e-01	3.866664037818510202e+00	4.399010000000000420e-01	2.620898638426626404e-01
8.518518518518518601e-01	3.861350257353595161e+00	5.823562799999999484e-01	5.884267271810389444e-01
8.528528528528528385e-01	3.855651405929970021e+00	8.154649200000001485e-01	1.020373171961676869e-03
8.538538538538538170e-01	3.850567479437627227e+00	1.080949760000000204e+00	-1.295143721633888190e-01
8.548548548548547954e-01	3.846550743542464623e+00	1.203979319999999964e+00	-3.905838628340898566e-01
8.558558558558558849e-01	3.843895733187419506e+00	1.359385079999999801e+00	-6.190196671709531362e-01
8.568568568568568633e-01	3.841913493646957445e+00	1.391761279999999878e+00	-4.558512355017650397e-01
8.578578578578578417e-01	3.840345885663080772e+00	1.534216559999999951e+00	-6.842870398386284858e-01
8.588588588588588202e-01	3.839528950203614066e+00	1.430612719999999838e+00	-5.863859808371156834e-01
8.598598598598597986e-01	3.839044277013870410e+00	1.508315599999999979e+00	-6.190196671709531362e-01
8.608608608608608881e-01	3.838400930442305903e+00	1.456513680000000033e+00	-5.211186081694403338e-01
8.618618618618618665e-01	3.838694800415289876e+00	1.469464160000000019e+00	-6.190196671709531362e-01
8.628628628628628450e-01	3.840862749014538391e+00	1.482414640000000006e+00	-6.516533535047908110e-01
8.638638638638638234e-01	3.842929624085853479e+00	1.462988919999999915e+00	-5.537522945032778976e-01
8.648648648648649129e-01	3.843110610509977931e+00	1.294632679999999869e+00	-3.905838628340898566e-01
8.658658658658658913e-01	3.842960821557151796e+00	1.268731720000000118e+00	-4.232175491679274204e-01
8.668668668668668698e-01	3.843888731562507211e+00	9.190687600000001511e-01	-6.424699949571360813e-02
8.678678678678678482e-01	3.845229656497761717e+00	7.053858400000000417e-01	6.628774583963688294e-02
8.688688688688688266e-01	3.847008408910333799e+00	6.276829600000000120e-01	2.947235501765002597e-01
8.698698698698699161e-01	3.849985268839941632e+00	3.233466799999999974e-01	5.884267271810389444e-01
8.708708708708708945e-01	3.853439242096815320e+00	1.938418799999999942e-01	6.863277861825517467e-01
8.718718718718718730e-01	3.855982398760532615e+00	-5.221724000000000504e-02	8.494962178517398987e-01
8.728728728728728514e-01	3.857734114272949988e+00	-1.428706000000000143e-01	1.045298335854765615e+00
8.738738738738738299e-01	3.859570844677918888e+00	-2.011477600000000088e-01	9.800309631870904870e-01
8.748748748748749193e-01	3.860660976084199891e+00	-2.594249200000000033e-01	1.110565708522440964e+00
8.758758758758758978e-01	3.859642768438718452e+00	-2.659001599999999965e-01	1.077932022188603289e+00
8.768768768768768762e-01	3.858041107927573599e+00	-2.918011200000000249e-01	1.143199394856278639e+00
8.778778778778778547e-01	3.858131846246148910e+00	-2.918011200000000249e-01	1.143199394856278639e+00
8.788788788788788331e-01	3.859124479037905342e+00	-2.723753999999999897e-01	1.077932022188603289e+00
8.798798798798799226e-01	3.859598256771930025e+00	-3.371277999999999775e-01	1.143199394856278639e+00
8.808808808808809010e-01	3.859425897681888262e+00	-4.018802000000000207e-01	1.273734140191629116e+00
8.818818818818818794e-01	3.858165203818902711e+00	-4.083554400000000140e-01	1.175833081190116092e+00
8.828828828828828579e-01	3.855697659277789402e+00	-4.018802000000000207e-01	1.208466767523953767e+00
8.838838838838838363e-01	3.852751779563238443e+00	-4.213059199999999449e-01	1.273734140191629116e+00
8.848848848848849258e-01	3.850165941872688791e+00	-4.277811600000000491e-01	1.208466767523953767e+00
8.858858858858859042e-01	3.849029383706099594e+00	-3.889297199999999788e-01	1.306367826525466569e+00
8.868868868868868827e-01	3.849448490363243103e+00	-3.759792400000000478e-01	1.175833081190116092e+00
8.878878878878878611e-01	3.850013809348761917e+00	-3.241773200000000466e-01	1.175833081190116092e+00
8.888888888888888395e-01	3.850085007096451406e+00	-3.112268400000000046e-01	1.077932022188603289e+00
8.898898898898899290e-01	3.850338717639536057e+00	-2.335239600000000026e-01	1.110565708522440964e+00
8.908908908908909074e-01	3.851165135355992586e+00	-2.529496800000000101e-01	1.012664649520927940e+00
8.918918918918918859e-01	3.852422974831444691e+00	-2.140982399999999952e-01	1.045298335854765615e+00
8.928928928928928643e-01	3.854084114223979007e+00	-1.752468000000000081e-01	9.800309631870904870e-01
8.938938938938938428e-01	3.856319631986621310e+00	-2.205734800000000162e-01	1.110565708522440964e+00
8.948948948948949322e-01	3.858908064792876846e+00	-1.752468000000000081e-01	9.473972768532528121e-01
8.958958958958959107e-01	3.860964227338971710e+00	-1.299201200000000000e-01	1.012664649520927940e+00
8.968968968968968891e-01	3.862172310566044153e+00	-9.106868000000001295e-02	8.821299041855775735e-01
8.978978978978978676e-01	3.863490570694360304e+00	-5.869248000000000520e-02	9.473972768532528121e-01
8.988988988988988460e-01	3.865362614543850217e+00	6.059919999999996421e-03	7.842288451840646601e-01
8.998998998998999355e-01	3.866269511816168514e+00	2.521190400000000165e-01	7.189614725163894215e-01
9.009009009009009139e-01	3.864701786080466661e+00	4.399010000000000420e-01	2.294561775088249655e-01
9.019019019019018923e-01	3.861287564037722220e+00	5.629305600000000798e-01	5.231593545133637058e-01
9.029029029029028708e-01	3.857112898584263316e+00	8.089896800000000443e-01	1.020373171961676869e-03
9.039039039039038492e-01	3.852437026102182749e+00	1.074474520000000100e+00	-1.947817448310640853e-01
9.049049049049049387e-01	3.848107593653447900e+00	1.197504080000000082e+00	-2.600491174987393794e-01
9.059059059059059171e-01	3.845286477964007243e+00	1.398236519999999983e+00	-5.863859808371156834e-01
9.069069069069068956e-01	3.843656231774816856e+00	1.391761279999999878e+00	-3.253164901664145625e-01
9.079079079079078740e-01	3.841840846357177153e+00	1.534216559999999951e+00	-7.169207261724660496e-01
9.089089089089088525e-01	3.840061002773524468e+00	1.424137479999999734e+00	-4.558512355017650397e-01
9.099099099099099419e-01	3.839556388661010455e+00	1.488889879999999888e+00	-7.495544125063037244e-01
9.109109109109109204e-01	3.839320364904072136e+00	1.450038439999999929e+00	-4.884849218356027145e-01
9.119119119119118988e-01	3.838308946987703418e+00	1.469464160000000019e+00	-6.190196671709531362e-01
9.129129129129128772e-01	3.838159511393510304e+00	1.475939400000000123e+00	-5.211186081694403338e-01
9.139139139139138557e-01	3.839714500425015054e+00	1.469464160000000019e+00	-5.863859808371156834e-01
9.149149149149149451e-01	3.841683493176981656e+00	1.320533639999999842e+00	-3.579501765002521818e-01
9.159159159159159236e-01	3.843401242062761014e+00	1.275206959999999778e+00	-3.905838628340898566e-01
9.169169169169169020e-01	3.845118408023076473e+00	9.125935200000000469e-01	-9.688068582955121355e-02
9.179179179179178805e-01	3.846638612554814429e+00	6.989106000000000485e-01	9.892143217347457163e-02
9.189189189189188589e-01	3.847748310918873926e+00	6.276829600000000120e-01	2.294561775088249655e-01
9.199199199199199484e-01	3.849454666290716975e+00	3.298219200000001017e-01	5.884267271810389444e-01
9.209209209209209268e-01	3.852788286164224640e+00	1.808914000000000077e-01	7.189614725163894215e-01
9.219219219219219053e-01	3.856920702568959580e+00	-4.574200000000000488e-02	9.800309631870904870e-01
9.229229229229228837e-01	3.860063592430082124e+00	-1.493458400000000075e-01	9.800309631870904870e-01
9.239239239239238621e-01	3.861162467815540289e+00	-2.076230000000000020e-01	1.077932022188603289e+00
9.249249249249249516e-01	3.860716749951914828e+00	-2.594249200000000033e-01	1.077932022188603289e+00
9.259259259259259300e-01	3.860027346392872705e+00	-2.723753999999999897e-01	1.143199394856278639e+00
9.269269269269269085e-01	3.859558763713502039e+00	-2.853258800000000317e-01	1.012664649520927940e+00
9.279279279279278869e-01	3.859250887962817789e+00	-2.853258800000000317e-01	1.175833081190116092e+00
9.289289289289288654e-01	3.859162680183186644e+00	-2.529496800000000101e-01	1.077932022188603289e+00
9.299299299299299548e-01	3.859190271956723706e+00	-3.306525599999999843e-01	1.241100453857791219e+00
9.309309309309309333e-01	3.859351745884011198e+00	-3.954049599999999165e-01	1.208466767523953767e+00
9.319319319319319117e-01	3.859494070993475745e+00	-4.018802000000000207e-01	1.208466767523953767e+00
9.329329329329328901e-01	3.858613435209382381e+00	-3.954049599999999165e-01	1.143199394856278639e+00
9.339339339339339796e-01	3.856059181919319734e+00	-4.277811600000000491e-01	1.339001512859304244e+00
9.349349349349349581e-01	3.852817968397892479e+00	-4.277811600000000491e-01	1.110565708522440964e+00
9.359359359359359365e-01	3.850437699001533431e+00	-3.824544800000000411e-01	1.241100453857791219e+00
9.369369369369369149e-01	3.849856730167438013e+00	-3.630287599999999504e-01	1.208466767523953767e+00
9.379379379379378934e-01	3.850801846668125084e+00	-3.241773200000000466e-01	1.110565708522440964e+00
9.389389389389389828e-01	3.851674385185035909e+00	-3.112268400000000046e-01	1.175833081190116092e+00
9.399399399399399613e-01	3.851729377296754020e+00	-2.399992000000000236e-01	1.143199394856278639e+00
9.409409409409409397e-01	3.852093247608605164e+00	-2.399992000000000236e-01	1.077932022188603289e+00
9.419419419419419182e-01	3.853327244727218215e+00	-2.205734800000000162e-01	1.012664649520927940e+00
9.429429429429428966e-01	3.854453261488552496e+00	-1.817220400000000013e-01	1.143199394856278639e+00
9.439439439439439861e-01	3.855357840963851590e+00	-2.335239600000000026e-01	9.473972768532528121e-01
9.449449449449449645e-01	3.857437779812562528e+00	-1.752468000000000081e-01	9.800309631870904870e-01
9.459459459459459429e-01	3.860812571000598492e+00	-1.299201200000000000e-01	1.012664649520927940e+00
9.469469469469469214e-01	3.863934029744392706e+00	-7.811819999999999875e-02	9.800309631870904870e-01
9.479479479479478998e-01	3.866198655177241594e+00	-3.926676000000000472e-02	8.168625315179022239e-01
9.489489489489489893e-01	3.867971560472255987e+00	1.253515999999999658e-02	1.110565708522440964e+00
9.499499499499499677e-01	3.868572480714395745e+00	2.391685600000000023e-01	6.863277861825517467e-01
9.509509509509509462e-01	3.866522566218699719e+00	4.528514799999999729e-01	4.252582955118507924e-01
9.519519519519519246e-01	3.861488774762877885e+00	5.564553199999999755e-01	4.252582955118507924e-01
9.529529529529529031e-01	3.855288247844641525e+00	7.960392000000000579e-01	3.365405950579927752e-02
9.539539539539539925e-01	3.850599503712759386e+00	1.067999279999999995e+00	-2.274154311649017046e-01
9.549549549549549710e-01	3.848034808224372938e+00	1.184553600000000095e+00	-3.253164901664145625e-01
9.559559559559559494e-01	3.846074136416952616e+00	1.378810799999999892e+00	-5.537522945032778976e-01
9.569569569569569278e-01	3.844244884229145676e+00	1.372335560000000010e+00	-3.905838628340898566e-01
9.579579579579579063e-01	3.843134195178282919e+00	1.521266079999999965e+00	-6.190196671709531362e-01
9.589589589589589957e-01	3.842456361485721228e+00	1.417662239999999851e+00	-5.211186081694403338e-01
9.599599599599599742e-01	3.841881257869746324e+00	1.488889879999999888e+00	-5.211186081694403338e-01
9.609609609609609526e-01	3.841086668773963986e+00	1.430612719999999838e+00	-6.516533535047908110e-01
9.619619619619619311e-01	3.839793491511584556e+00	1.456513680000000033e+00	-5.211186081694403338e-01
9.629629629629629095e-01	3.839384371769754001e+00	1.462988919999999915e+00	-7.169207261724660496e-01
9.639639639639639990e-01	3.841027695521039398e+00	1.462988919999999915e+00	-5.211186081694403338e-01
9.649649649649649774e-01	3.843440647637938579e+00	1.320533639999999842e+00	-4.558512355017650397e-01
9.659659659659659559e-01	3.844910147551042101e+00	1.268731720000000118e+00	-3.579501765002521818e-01
9.669669669669669343e-01	3.845059596899268239e+00	9.190687600000001511e-01	-9.688068582955121355e-02
9.679679679679679127e-01	3.844635538827802179e+00	6.924353600000000553e-01	6.628774583963688294e-02
9.689689689689690022e-01	3.845507667770896365e+00	6.276829600000000120e-01	2.947235501765002597e-01
9.699699699699699806e-01	3.849091582576201542e+00	3.168714400000000042e-01	5.231593545133637058e-01
9.709709709709709591e-01	3.853745624727846764e+00	1.808914000000000077e-01	6.863277861825517467e-01
9.719719719719719375e-01	3.856920501433716009e+00	-6.516772000000001230e-02	9.473972768532528121e-01
9.729729729729729160e-01	3.859069270485942837e+00	-1.493458400000000075e-01	9.800309631870904870e-01
9.739739739739740054e-01	3.861526758341520704e+00	-2.011477600000000088e-01	1.012664649520927940e+00
9.749749749749749839e-01	3.863216276763520973e+00	-2.529496800000000101e-01	1.175833081190116092e+00
9.759759759759759623e-01	3.862859936951453133e+00	-2.723753999999999897e-01	1.045298335854765615e+00
9.769769769769769407e-01	3.861446677955536089e+00	-2.918011200000000249e-01	1.175833081190116092e+00
9.779779779779779192e-01	3.860290873542497891e+00	-2.788506400000000385e-01	1.045298335854765615e+00
9.789789789789790087e-01	3.859553710227164203e+00	-2.659001599999999965e-01	1.143199394856278639e+00
9.799799799799799871e-01	3.859317677648632205e+00	-3.371277999999999775e-01	1.143199394856278639e+00
9.809809809809809655e-01	3.859299428527460663e+00	-4.148306800000000072e-01	1.273734140191629116e+00
9.819819819819819440e-01	3.858526006692213794e+00	-4.018802000000000207e-01	1.143199394856278639e+00
9.829829829829829224e-01	3.856863598444964403e+00	-3.889297199999999788e-01	1.208466767523953767e+00
9.839839839839840119e-01	3.855049318596023067e+00	-4.213059199999999449e-01	1.241100453857791219e+00
9.849849849849849903e-01	3.853333041182513963e+00	-4.277811600000000491e-01	1.241100453857791219e+00
9.859859859859859688e-01	3.851610455233484220e+00	-3.824544800000000411e-01	1.273734140191629116e+00
9.869869869869869472e-01	3.850188841083869384e+00	-3.695039999999999436e-01	1.241100453857791219e+00
9.879879879879879256e-01	3.849793305178934144e+00	-3.112268400000000046e-01	1.175833081190116092e+00
9.889889889889890151e-01	3.850839357761567161e+00	-3.241773200000000466e-01	1.143199394856278639e+00
9.899899899899899935e-01	3.852426092850595563e+00	-2.399992000000000236e-01	1.110565708522440964e+00
9.909909909909909720e-01	3.853425879513505237e+00	-2.464744400000000168e-01	1.012664649520927940e+00
9.919919919919919504e-01	3.854337270042706098e+00	-2.270487200000000094e-01	1.045298335854765615e+00
9.929929929929930399e-01	3.855656051781319871e+00	-1.881972800000000223e-01	1.012664649520927940e+00
9.939939939939940183e-01	3.856964527815784916e+00	-2.270487200000000094e-01	1.045298335854765615e+00
9.949949949949949968e-01	3.858924671309505783e+00	-1.817220400000000013e-01	9.147635905194151373e-01
9.959959959959959752e-01	3.861871400591692982e+00	-1.234448800000000068e-01	1.012664649520927940e+00
9.969969969969969537e-01	3.863846155628408496e+00	-8.459344000000000585e-02	9.473972768532528121e-01
9.979979979979980431e-01	3.864093478787829383e+00	-4.574200000000000488e-02	8.821299041855775735e-01
9.989989989989990216e-01	3.865339202811477470e+00	6.059919999999996421e-03	8.494962178517398987e-01
1.000000000000000000e+00	3.869272088871463566e+00	1.808914000000000077e-01	8.494962178517398987e-01
