Time(s)\disp(mm)\Force(Lb)\Force(Lb)
0.000000000000000000e+00	3.840835890678694575e+00	-6.608898000000000827e-01	7.515951588502269853e-01
1.000250062515629012e-03	3.841246515148688534e+00	-4.731078399999999462e-01	4.578919818456884672e-01
2.000500125031258025e-03	3.840256036401823447e+00	-2.399992000000000236e-01	2.620898638426626404e-01
3.000750187546886820e-03	3.837110641315649495e+00	1.420399599999999929e-01	1.020373171961676869e-03
4.001000250062516049e-03	3.833443305361568854e+00	4.658019600000000704e-01	-3.253164901664145625e-01
5.001250312578145278e-03	3.830996165661868069e+00	8.478411200000001147e-01	-6.842870398386284858e-01
6.001500375093773640e-03	3.828063641807251560e+00	1.281682200000000105e+00	-9.779902168431670040e-01
7.001750437609402869e-03	3.822473923055271783e+00	1.806176639999999889e+00	-1.663297629853757176e+00
8.002000500125032098e-03	3.816136672951338404e+00	2.149364359999999863e+00	-2.054901865859808829e+00
9.002250562640661327e-03	3.812813419959028671e+00	2.647957840000000118e+00	-2.772842965204236343e+00
1.000250062515629056e-02	3.812788028373611748e+00	2.712710240000000272e+00	-2.218070297528996981e+00
1.100275068767191979e-02	3.812390246753479150e+00	2.822789320000000490e+00	-3.164447201210287997e+00
1.200300075018754728e-02	3.808843581211477591e+00	2.654433080000000444e+00	-2.283337670196671887e+00
1.300325081270317651e-02	3.802844547906400585e+00	2.796888360000000517e+00	-2.968645083207262392e+00
1.400350087521880574e-02	3.796550203558117786e+00	2.298294879999999818e+00	-2.315971356530509784e+00
1.500375093773443497e-02	3.791960768945080495e+00	2.071661479999999944e+00	-2.054901865859808829e+00
1.600400100025006420e-02	3.789783018223538580e+00	1.268731720000000118e+00	-1.239059707513868069e+00
1.700425106276569343e-02	3.789028086582173938e+00	6.406334400000001095e-01	-4.884849218356027145e-01
1.800450112528132265e-02	3.789989115802568698e+00	2.456437999999999955e-01	-3.253164901664145625e-01
1.900475118779695188e-02	3.795762718544317238e+00	-2.853258800000000317e-01	3.926246091780131731e-01
2.000500125031258111e-02	3.807228691681149968e+00	-4.990087999999999191e-01	2.947235501765002597e-01
2.100525131282821034e-02	3.819341555514868869e+00	-6.414640799999999921e-01	9.147635905194151373e-01
2.200550137534383957e-02	3.827365742451388719e+00	-7.126917200000000285e-01	6.536940998487140719e-01
2.300575143785946880e-02	3.832550499694327595e+00	-8.421965199999998930e-01	9.147635905194151373e-01
2.400600150037509456e-02	3.837338773038365236e+00	-7.385926799999998904e-01	8.494962178517398987e-01
2.500625156289072379e-02	3.840953269819730842e+00	-6.608898000000000827e-01	7.515951588502269853e-01
2.600650162540635302e-02	3.841835437163134248e+00	-4.795830800000000504e-01	5.557930408472013806e-01
2.700675168792198225e-02	3.840054362128099363e+00	-2.529496800000000101e-01	3.926246091780131731e-01
2.800700175043761148e-02	3.836663928162604265e+00	1.420399599999999929e-01	-3.161331316187596802e-02
2.900725181295324070e-02	3.832863261003139232e+00	4.528514799999999729e-01	-2.600491174987393794e-01
3.000750187546886993e-02	3.829742100846219799e+00	8.672668400000000943e-01	-7.495544125063037244e-01
3.100775193798449916e-02	3.826727449652332247e+00	1.268731720000000118e+00	-9.127228441754917654e-01
3.200800200050012839e-02	3.822081470803506686e+00	1.793226159999999902e+00	-1.630663943519919501e+00
3.300825206301575415e-02	3.816370315940583957e+00	2.129938640000000216e+00	-1.989634493192133702e+00
3.400850212553138685e-02	3.812240421135918655e+00	2.615581640000000263e+00	-2.707575592536560993e+00
3.500875218804701261e-02	3.810213296303448960e+00	2.680334040000000417e+00	-2.315971356530509784e+00
3.600900225056264531e-02	3.807857137645207501e+00	2.790413120000000191e+00	-3.164447201210287997e+00
3.700925231307827107e-02	3.803985800326330935e+00	2.628532120000000027e+00	-2.511773474533535389e+00
3.800950237559390377e-02	3.799671050473949485e+00	2.777462640000000427e+00	-2.870744024205749145e+00
3.900975243810952953e-02	3.795653759174228536e+00	2.259443440000000081e+00	-2.479139788199697936e+00
4.001000250062516223e-02	3.792116910611697644e+00	2.052235759999999853e+00	-1.826466061522945328e+00
4.101025256314078798e-02	3.789146844823712001e+00	1.249306000000000250e+00	-1.239059707513868069e+00
4.201050262565642068e-02	3.787919312295439767e+00	6.341582000000000052e-01	-5.863859808371156834e-01
4.301075268817204644e-02	3.790520823436062336e+00	2.067923600000000084e-01	-3.579501765002521818e-01
4.401100275068767914e-02	3.797241090018876442e+00	-2.918011200000000249e-01	4.578919818456884672e-01
4.501125281320330490e-02	3.806347330139747243e+00	-5.054840400000000233e-01	1.641888048411497825e-01
4.601150287571893760e-02	3.815761878103595350e+00	-6.414640799999999921e-01	8.821299041855775735e-01
4.701175293823456336e-02	3.824595005197482411e+00	-7.191669600000000218e-01	5.231593545133637058e-01
4.801200300075018912e-02	3.832477662370526783e+00	-8.421965199999998930e-01	1.208466767523953767e+00
4.901225306326582182e-02	3.838117449505804579e+00	-7.515431599999999879e-01	9.147635905194151373e-01
5.001250312578144758e-02	3.840788194024458146e+00	-6.738402799999999582e-01	8.494962178517398987e-01
5.101275318829708028e-02	3.840770471042274981e+00	-4.925335599999999814e-01	7.189614725163894215e-01
5.201300325081270604e-02	3.838608587933928895e+00	-2.659001599999999965e-01	1.641888048411497825e-01
5.301325331332833873e-02	3.835584204981360656e+00	1.290894800000000064e-01	3.365405950579927752e-02
5.401350337584396449e-02	3.832503072234867414e+00	4.269505200000000000e-01	-4.558512355017650397e-01
5.501375343835959719e-02	3.828921851755839878e+00	8.089896800000000443e-01	-7.169207261724660496e-01
5.601400350087522295e-02	3.824479868447046016e+00	1.249306000000000250e+00	-1.043257589510842243e+00
5.701425356339085565e-02	3.819719134228328983e+00	1.780275679999999916e+00	-1.532762884518406477e+00
5.801450362590648141e-02	3.815997949632781161e+00	2.110512920000000125e+00	-2.022268179525970933e+00
5.901475368842211411e-02	3.813853002799441949e+00	2.609106400000000381e+00	-2.413872415532022586e+00
6.001500375093773987e-02	3.812186009065940517e+00	2.660908319999999883e+00	-2.185436611195159529e+00
6.101525381345337257e-02	3.809743893967815431e+00	2.777462640000000427e+00	-2.968645083207262392e+00
6.201550387596899833e-02	3.805903576937103683e+00	2.622056880000000589e+00	-2.446506101865860039e+00
6.301575393848463102e-02	3.800955973182567948e+00	2.751561680000000454e+00	-2.936011396873424495e+00
6.401600400100025678e-02	3.795556073625023341e+00	2.259443440000000081e+00	-2.348605042864347237e+00
6.501625406351588254e-02	3.790047816906212397e+00	2.019859559999999998e+00	-2.022268179525970933e+00
6.601650412603150830e-02	3.786142470648431235e+00	1.223405040000000055e+00	-1.271693393847705744e+00
6.701675418854714794e-02	3.786503620371683088e+00	6.147324800000000256e-01	-4.232175491679274204e-01
6.801700425106277370e-02	3.791081290009685301e+00	2.067923600000000084e-01	-1.621480584972264660e-01
6.901725431357839946e-02	3.797768070108460847e+00	-3.112268400000000046e-01	4.252582955118507924e-01
7.001750437609402522e-02	3.805988904873294221e+00	-5.184345200000000098e-01	3.599909228441755538e-01
7.101775443860966486e-02	3.815688400349588782e+00	-6.544145599999999785e-01	7.842288451840646601e-01
7.201800450112529062e-02	3.825348734792707983e+00	-7.321174399999998972e-01	6.863277861825517467e-01
7.301825456364091638e-02	3.833227904234856265e+00	-8.551469999999999905e-01	9.147635905194151373e-01
7.401850462615654214e-02	3.838135274350257919e+00	-7.644936400000000853e-01	8.494962178517398987e-01
7.501875468867218177e-02	3.839705642311972422e+00	-6.738402799999999582e-01	7.189614725163894215e-01
7.601900475118780753e-02	3.839073436950459328e+00	-5.054840400000000233e-01	5.884267271810389444e-01
7.701925481370343329e-02	3.837662812905560106e+00	-2.853258800000000317e-01	2.947235501765002597e-01
7.801950487621905905e-02	3.835712319529359871e+00	1.096637599999999990e-01	3.365405950579927752e-02
7.901975493873469869e-02	3.832569430678602451e+00	4.399010000000000420e-01	-3.579501765002521818e-01
8.002000500125032445e-02	3.828177487699914838e+00	8.284154000000000240e-01	-6.516533535047908110e-01
8.102025506376595021e-02	3.824191137383132766e+00	1.242830760000000145e+00	-1.141158648512355045e+00
8.202050512628157597e-02	3.821548137726266337e+00	1.747899480000000061e+00	-1.369594452849218325e+00
8.302075518879720173e-02	3.818500333002402325e+00	2.110512920000000125e+00	-1.891733434190620455e+00
8.402100525131284137e-02	3.814495966456054266e+00	2.583205440000000408e+00	-2.511773474533535389e+00
8.502125531382846713e-02	3.811678482219921005e+00	2.654433080000000444e+00	-2.218070297528996981e+00
8.602150537634409289e-02	3.809911596539295786e+00	2.758036920000000336e+00	-2.936011396873424495e+00
8.702175543885971865e-02	3.806446354643597818e+00	2.596155920000000172e+00	-2.413872415532022586e+00
8.802200550137535828e-02	3.800979504956814470e+00	2.738611200000000245e+00	-3.033912455874937741e+00
8.902225556389098404e-02	3.795316000521685051e+00	2.252968199999999754e+00	-2.381238729198184689e+00
9.002250562640660980e-02	3.790575279119124286e+00	2.039285280000000089e+00	-2.283337670196671887e+00
9.102275568892223556e-02	3.787876486991836433e+00	1.223405040000000055e+00	-1.271693393847705744e+00
9.202300575143787520e-02	3.788333447899190798e+00	6.147324800000000256e-01	-5.863859808371156834e-01
9.302325581395350096e-02	3.791789885640902469e+00	2.067923600000000084e-01	-3.161331316187596802e-02
9.402350587646912672e-02	3.797134263318821201e+00	-3.177020799999999978e-01	5.231593545133637058e-01
9.502375593898475248e-02	3.804185091891934878e+00	-5.054840400000000233e-01	3.926246091780131731e-01
9.602400600150037824e-02	3.813479636410567419e+00	-6.544145599999999785e-01	8.821299041855775735e-01
9.702425606401601788e-02	3.823754041031455664e+00	-7.256422000000000150e-01	4.905256681795260310e-01
9.802450612653164363e-02	3.832896252350828536e+00	-8.486717599999999972e-01	6.863277861825517467e-01
9.902475618904726939e-02	3.839470984740690707e+00	-7.580183999999999811e-01	7.842288451840646601e-01
1.000250062515628952e-01	3.842231606695417856e+00	-6.673650399999999649e-01	6.536940998487140719e-01
1.010252563140785348e-01	3.841853778097684913e+00	-4.860583200000000437e-01	6.536940998487140719e-01
1.020255063765941606e-01	3.840402142516181616e+00	-2.788506400000000385e-01	3.926246091780131731e-01
1.030257564391097863e-01	3.837767092572454075e+00	1.096637599999999990e-01	3.365405950579927752e-02
1.040260065016254121e-01	3.832843663518437083e+00	4.463762399999999797e-01	-2.600491174987393794e-01
1.050262565641410517e-01	3.827286550601917359e+00	8.284154000000000240e-01	-8.148217851739789630e-01
1.060265066266566775e-01	3.823988187882854550e+00	1.229880280000000159e+00	-1.010623903177004790e+00
1.070267566891723032e-01	3.822329920981544671e+00	1.760849959999999825e+00	-1.565396570852244151e+00
1.080270067516879290e-01	3.819443797164231658e+00	2.091087200000000035e+00	-2.185436611195159529e+00
1.090272568142035686e-01	3.815714336601602419e+00	2.583205440000000408e+00	-2.511773474533535389e+00
1.100275068767191944e-01	3.813747845618052690e+00	2.641482600000000236e+00	-2.185436611195159529e+00
1.110277569392348201e-01	3.812692212999035490e+00	2.745086440000000128e+00	-3.033912455874937741e+00
1.120280070017504459e-01	3.808977463260505569e+00	2.589680680000000734e+00	-2.218070297528996981e+00
1.130282570642660717e-01	3.802313610939839883e+00	2.732135959999999919e+00	-3.066546142208775194e+00
1.140285071267817113e-01	3.795623449449375020e+00	2.227067239999999781e+00	-2.218070297528996981e+00
1.150287571892973371e-01	3.790662647349538616e+00	2.026334799999999881e+00	-2.087535552193646726e+00
1.160290072518129628e-01	3.788518817388008664e+00	1.203979319999999964e+00	-1.239059707513868069e+00
1.170292573143285886e-01	3.789820554253152451e+00	6.082572400000001434e-01	-4.232175491679274204e-01
1.180295073768442282e-01	3.793482942345266729e+00	2.003171200000000152e-01	-3.253164901664145625e-01
1.190297574393598540e-01	3.798996877552940354e+00	-3.047516000000000114e-01	4.905256681795260310e-01
1.200300075018754797e-01	3.806766108147497718e+00	-5.119592800000000166e-01	2.620898638426626404e-01
1.210302575643911055e-01	3.816707597819419817e+00	-6.479393199999999853e-01	8.168625315179022239e-01
1.220305076269067451e-01	3.827483772540475115e+00	-7.321174399999998972e-01	6.863277861825517467e-01
1.230307576894223709e-01	3.835920177129826580e+00	-8.616222399999999837e-01	9.147635905194151373e-01
1.240310077519379967e-01	3.840438597756979711e+00	-7.644936400000000853e-01	7.515951588502269853e-01
1.250312578144536224e-01	3.842605337789196884e+00	-6.673650399999999649e-01	7.842288451840646601e-01
1.260315078769692620e-01	3.843190989079238840e+00	-5.184345200000000098e-01	5.884267271810389444e-01
1.270317579394848739e-01	3.841826674613469272e+00	-2.659001599999999965e-01	3.273572365103378790e-01
1.280320080020005136e-01	3.838812478825278429e+00	1.226142399999999993e-01	1.020373171961676869e-03
1.290322580645161532e-01	3.834795360429242628e+00	4.399010000000000420e-01	-2.926828038325769432e-01
1.300325081270317651e-01	3.831385998121594749e+00	8.154649200000001485e-01	-6.190196671709531362e-01
1.310327581895474047e-01	3.829253293777870049e+00	1.229880280000000159e+00	-9.779902168431670040e-01
1.320330082520630166e-01	3.825960289656109570e+00	1.741424239999999957e+00	-1.500129198184569024e+00
1.330332583145786562e-01	3.820192037508005178e+00	2.084611959999999709e+00	-2.022268179525970933e+00
1.340335083770942959e-01	3.814923339930631041e+00	2.583205440000000408e+00	-2.511773474533535389e+00
1.350337584396099078e-01	3.813193207388962946e+00	2.628532120000000027e+00	-2.120169238527484179e+00
1.360340085021255474e-01	3.812971468920427043e+00	2.738611200000000245e+00	-3.001278769541099845e+00
1.370342585646411870e-01	3.809884341431532206e+00	2.589680680000000734e+00	-2.087535552193646726e+00
1.380345086271567989e-01	3.803938138372072064e+00	2.719185480000000155e+00	-3.033912455874937741e+00
1.390347586896724386e-01	3.798264017521136626e+00	2.233542480000000108e+00	-2.120169238527484179e+00
1.400350087521880504e-01	3.794017913712673273e+00	1.987483359999999921e+00	-2.185436611195159529e+00
1.410352588147036901e-01	3.791004705673420627e+00	1.191028839999999978e+00	-1.304327080181543197e+00
1.420355088772193297e-01	3.789809669818733795e+00	5.953067600000000459e-01	-5.211186081694403338e-01
1.430357589397349416e-01	3.791817797728565864e+00	2.003171200000000152e-01	-4.884849218356027145e-01
1.440360090022505812e-01	3.798215984085929975e+00	-2.982763600000000181e-01	5.557930408472013806e-01
1.450362590647661931e-01	3.808416599553194004e+00	-5.184345200000000098e-01	2.294561775088249655e-01
1.460365091272818328e-01	3.819731132196161560e+00	-6.349888400000001099e-01	1.208466767523953767e+00
1.470367591897974724e-01	3.829282233881434294e+00	-7.450679199999999947e-01	7.842288451840646601e-01
1.480370092523130843e-01	3.836123328363655549e+00	-8.616222399999999837e-01	9.473972768532528121e-01
1.490372593148287239e-01	3.840542669753574945e+00	-7.709688800000000786e-01	7.842288451840646601e-01
1.500375093773443635e-01	3.842544673158831081e+00	-6.738402799999999582e-01	6.536940998487140719e-01
1.510377594398599754e-01	3.842440806618450111e+00	-5.054840400000000233e-01	4.578919818456884672e-01
1.520380095023756151e-01	3.841151155731962863e+00	-2.723753999999999897e-01	3.599909228441755538e-01
1.530382595648912269e-01	3.839027724444068923e+00	1.096637599999999990e-01	1.020373171961676869e-03
1.540385096274068666e-01	3.835563716629165842e+00	4.269505200000000000e-01	-1.295143721633888190e-01
1.550387596899225062e-01	3.830844706869640959e+00	8.025144400000000511e-01	-4.558512355017650397e-01
1.560390097524381181e-01	3.826155030889709874e+00	1.216929799999999950e+00	-9.779902168431670040e-01
1.570392598149537577e-01	3.822301948110083281e+00	1.715523279999999984e+00	-1.402228139183055999e+00
1.580395098774693974e-01	3.818777083750029444e+00	2.078136719999999826e+00	-2.152802924861321632e+00
1.590397599399850093e-01	3.815669439282125985e+00	2.563779720000000317e+00	-2.577040847201210738e+00
1.600400100025006489e-01	3.813908572236669681e+00	2.615581640000000263e+00	-2.120169238527484179e+00
1.610402600650162608e-01	3.812153214357488107e+00	2.719185480000000155e+00	-3.066546142208775194e+00
1.620405101275319004e-01	3.807843461533142015e+00	2.550829240000000553e+00	-2.218070297528996981e+00
1.630407601900475401e-01	3.801410722959252197e+00	2.699759760000000064e+00	-2.903377710539586598e+00
1.640410102525631519e-01	3.794739534326115660e+00	2.201166280000000253e+00	-2.250703983862834434e+00
1.650412603150787916e-01	3.789091775005783092e+00	1.987483359999999921e+00	-1.891733434190620455e+00
1.660415103775944035e-01	3.786592755556228429e+00	1.184553600000000095e+00	-1.369594452849218325e+00
1.670417604401100431e-01	3.788439700278096733e+00	5.694058000000000730e-01	-3.905838628340898566e-01
1.680420105026256827e-01	3.793377897011158684e+00	1.808914000000000077e-01	-2.274154311649017046e-01
1.690422605651412946e-01	3.800489319448332015e+00	-3.306525599999999843e-01	4.905256681795260310e-01
1.700425106276569343e-01	3.809322441983921337e+00	-5.378602399999999895e-01	3.599909228441755538e-01
1.710427606901725739e-01	3.818333710150696891e+00	-6.544145599999999785e-01	7.842288451840646601e-01
1.720430107526881858e-01	3.826468857163829451e+00	-7.450679199999999947e-01	6.863277861825517467e-01
1.730432608152038254e-01	3.833870970975345127e+00	-8.680974800000000879e-01	9.800309631870904870e-01
1.740435108777194373e-01	3.839789979031078104e+00	-7.709688800000000786e-01	8.494962178517398987e-01
1.750437609402350769e-01	3.842401841796500683e+00	-6.932660000000000489e-01	7.515951588502269853e-01
1.760440110027507166e-01	3.841406773372333827e+00	-5.184345200000000098e-01	5.557930408472013806e-01
1.770442610652663284e-01	3.838406013285164953e+00	-2.918011200000000249e-01	3.926246091780131731e-01
1.780445111277819681e-01	3.835111994054955176e+00	9.671327999999999869e-02	6.628774583963688294e-02
1.790447611902975800e-01	3.832104872355409420e+00	3.945743200000000339e-01	-3.253164901664145625e-01
1.800450112528132196e-01	3.828609748694604686e+00	7.960392000000000579e-01	-6.190196671709531362e-01
1.810452613153288592e-01	3.824562576082945142e+00	1.184553600000000095e+00	-1.010623903177004790e+00
1.820455113778444711e-01	3.821227608092271577e+00	1.702572799999999775e+00	-1.500129198184569024e+00
1.830457614403601108e-01	3.818408969986454071e+00	2.032810039999999763e+00	-2.087535552193646726e+00
1.840460115028757504e-01	3.815150527835457162e+00	2.576730200000000082e+00	-2.479139788199697936e+00
1.850462615653913623e-01	3.812691577045665969e+00	2.583205440000000408e+00	-2.120169238527484179e+00
1.860465116279070019e-01	3.811322890476087633e+00	2.699759760000000064e+00	-2.903377710539586598e+00
1.870467616904226138e-01	3.807986347573904862e+00	2.544354000000000227e+00	-2.250703983862834434e+00
1.880470117529382534e-01	3.801893445115104075e+00	2.686809280000000300e+00	-2.870744024205749145e+00
1.890472618154538931e-01	3.795935568702410556e+00	2.168790079999999953e+00	-2.315971356530509784e+00
1.900475118779695050e-01	3.791207543101420718e+00	1.968057640000000053e+00	-1.826466061522945328e+00
1.910477619404851446e-01	3.787637217556393487e+00	1.152177400000000018e+00	-1.304327080181543197e+00
1.920480120030007565e-01	3.786971345566595648e+00	5.694058000000000730e-01	-3.253164901664145625e-01
1.930482620655163961e-01	3.790096867783224077e+00	1.614656800000000003e-01	-4.232175491679274204e-01
1.940485121280320358e-01	3.796311059033389057e+00	-3.306525599999999843e-01	3.273572365103378790e-01
1.950487621905476476e-01	3.805382558744876409e+00	-5.378602399999999895e-01	3.926246091780131731e-01
1.960490122530632873e-01	3.816435542736274389e+00	-6.608898000000000827e-01	7.189614725163894215e-01
1.970492623155789269e-01	3.826625812070192811e+00	-7.385926799999998904e-01	9.473972768532528121e-01
1.980495123780945388e-01	3.833547482709292797e+00	-8.810479599999999634e-01	9.473972768532528121e-01
1.990497624406101784e-01	3.837770000252723968e+00	-7.774441199999999608e-01	9.800309631870904870e-01
2.000500125031257903e-01	3.840386450798142448e+00	-6.932660000000000489e-01	9.473972768532528121e-01
2.010502625656414299e-01	3.840824359688049583e+00	-5.249097599999998920e-01	5.557930408472013806e-01
2.020505126281570696e-01	3.839112871523187476e+00	-2.982763600000000181e-01	2.620898638426626404e-01
2.030507626906726815e-01	3.836444677789665469e+00	9.023803999999999159e-02	-3.161331316187596802e-02
2.040510127531883211e-01	3.833224535645108233e+00	3.945743200000000339e-01	-4.558512355017650397e-01
2.050512628157039607e-01	3.829559614269325785e+00	7.766134800000000782e-01	-5.537522945032778976e-01
2.060515128782195726e-01	3.826337647835300615e+00	1.191028839999999978e+00	-1.173792334846192720e+00
2.070517629407352123e-01	3.823395640637804682e+00	1.689622319999999789e+00	-1.239059707513868069e+00
2.080520130032508241e-01	3.819184207630672567e+00	2.013384319999999672e+00	-1.891733434190620455e+00
2.090522630657664638e-01	3.813737798435588466e+00	2.557304479999999991e+00	-2.544407160867373285e+00
2.100525131282821034e-01	3.809610501147480566e+00	2.563779720000000317e+00	-2.054901865859808829e+00
2.110527631907977153e-01	3.808431324601200707e+00	2.686809280000000300e+00	-3.033912455874937741e+00
2.120530132533133549e-01	3.807297745861661920e+00	2.518453040000000698e+00	-2.250703983862834434e+00
2.130532633158289668e-01	3.802255750307151683e+00	2.660908319999999883e+00	-2.968645083207262392e+00
2.140535133783446065e-01	3.794784700575354552e+00	2.181740560000000162e+00	-2.283337670196671887e+00
2.150537634408602461e-01	3.789416211534410994e+00	1.929206199999999871e+00	-1.793832375189107875e+00
2.160540135033758580e-01	3.787703829162144320e+00	1.165127880000000005e+00	-1.108524962178517592e+00
2.170542635658914976e-01	3.788993475477911321e+00	5.370296000000001069e-01	-3.905838628340898566e-01
2.180545136284071372e-01	3.792520777135517829e+00	1.485152000000000139e-01	-1.295143721633888190e-01
2.190547636909227491e-01	3.797678587150687068e+00	-3.436030400000000262e-01	3.273572365103378790e-01
2.200550137534383888e-01	3.804990533333153735e+00	-5.572859600000000802e-01	3.599909228441755538e-01
2.210552638159540007e-01	3.814571798419871040e+00	-6.673650399999999649e-01	7.842288451840646601e-01
2.220555138784696403e-01	3.824881344328496802e+00	-7.450679199999999947e-01	7.189614725163894215e-01
2.230557639409852799e-01	3.834162510761844445e+00	-8.810479599999999634e-01	9.473972768532528121e-01
2.240560140035008918e-01	3.840265277815923639e+00	-7.774441199999999608e-01	9.473972768532528121e-01
2.250562640660165314e-01	3.841905448518722288e+00	-6.867907599999999446e-01	8.168625315179022239e-01
2.260565141285321433e-01	3.840978848928465972e+00	-5.249097599999998920e-01	5.884267271810389444e-01
2.270567641910477830e-01	3.839420122305600369e+00	-2.982763600000000181e-01	3.926246091780131731e-01
2.280570142535634226e-01	3.836367886503448066e+00	7.081231999999999804e-02	3.365405950579927752e-02
2.290572643160790345e-01	3.831534744089792444e+00	3.945743200000000339e-01	-2.926828038325769432e-01
2.300575143785946741e-01	3.827356806456605032e+00	7.766134800000000782e-01	-6.190196671709531362e-01
2.310577644411103138e-01	3.825296525796474167e+00	1.184553600000000095e+00	-9.779902168431670040e-01
2.320580145036259256e-01	3.823307591922429083e+00	1.644295639999999947e+00	-1.467495511850731349e+00
2.330582645661415653e-01	3.819593532550117132e+00	2.019859559999999998e+00	-1.924367120524458352e+00
2.340585146286571772e-01	3.815632543110694996e+00	2.518453040000000698e+00	-2.544407160867373285e+00
2.350587646911728168e-01	3.813213806248858972e+00	2.557304479999999991e+00	-2.087535552193646726e+00
2.360590147536884564e-01	3.811368947573725574e+00	2.667383560000000209e+00	-3.033912455874937741e+00
2.370592648162040683e-01	3.807850186940436199e+00	2.492552079999999837e+00	-2.185436611195159529e+00
2.380595148787197080e-01	3.801971442683908187e+00	2.647957840000000118e+00	-2.936011396873424495e+00
2.390597649412353476e-01	3.795393947870161711e+00	2.155839599999999745e+00	-2.152802924861321632e+00
2.400600150037509595e-01	3.790693500590958998e+00	1.922730959999999989e+00	-1.891733434190620455e+00
2.410602650662665991e-01	3.788514036893747328e+00	1.139226920000000032e+00	-1.010623903177004790e+00
2.420605151287822110e-01	3.788304892200823559e+00	5.370296000000001069e-01	-4.232175491679274204e-01
2.430607651912978506e-01	3.791232060600442377e+00	1.614656800000000003e-01	-1.621480584972264660e-01
2.440610152538134903e-01	3.798023731467056852e+00	-3.565535200000000127e-01	3.273572365103378790e-01
2.450612653163291021e-01	3.806894492232781424e+00	-5.508107199999999759e-01	4.252582955118507924e-01
2.460615153788447418e-01	3.815698582088350665e+00	-6.673650399999999649e-01	8.168625315179022239e-01
2.470617654413603537e-01	3.823946217194373887e+00	-7.644936400000000853e-01	4.578919818456884672e-01
2.480620155038759933e-01	3.832074797013815370e+00	-8.745727199999999701e-01	9.800309631870904870e-01
2.490622655663916329e-01	3.838953949141812316e+00	-7.709688800000000786e-01	7.515951588502269853e-01
2.500625156289072448e-01	3.842432326750101712e+00	-6.803155199999999514e-01	1.012664649520927940e+00
2.510627656914228845e-01	3.842254749238428246e+00	-5.313849999999999962e-01	6.536940998487140719e-01
2.520630157539385241e-01	3.840019277525091201e+00	-3.112268400000000046e-01	5.231593545133637058e-01
2.530632658164541637e-01	3.836714656756742059e+00	7.081231999999999804e-02	6.628774583963688294e-02
2.540635158789697479e-01	3.832431067120688262e+00	3.816238400000000475e-01	-3.253164901664145625e-01
2.550637659414853875e-01	3.828182061776224110e+00	7.701382400000000850e-01	-7.169207261724660496e-01
2.560640160040010271e-01	3.825173920400693373e+00	1.171603120000000109e+00	-1.075891275844679917e+00
2.570642660665166668e-01	3.823027422330635527e+00	1.670196599999999920e+00	-1.434861825516893896e+00
2.580645161290323064e-01	3.820269197323778343e+00	1.993958600000000025e+00	-1.826466061522945328e+00
2.590647661915478905e-01	3.816488305341835918e+00	2.550829240000000553e+00	-2.479139788199697936e+00
2.600650162540635302e-01	3.813464200152020034e+00	2.544354000000000227e+00	-1.957000806858295805e+00
2.610652663165791698e-01	3.811532676357894722e+00	2.667383560000000209e+00	-2.805476651538073796e+00
2.620655163790948095e-01	3.808181225037418738e+00	2.486076839999999510e+00	-2.250703983862834434e+00
2.630657664416104491e-01	3.802642374037366491e+00	2.641482600000000236e+00	-2.740209278870398890e+00
2.640660165041260332e-01	3.796502747104587350e+00	2.149364359999999863e+00	-2.381238729198184689e+00
2.650662665666416729e-01	3.791522316265262038e+00	1.922730959999999989e+00	-1.989634493192133702e+00
2.660665166291573125e-01	3.789057402259041307e+00	1.126276440000000045e+00	-1.141158648512355045e+00
2.670667666916729521e-01	3.789351910240505550e+00	5.370296000000001069e-01	-6.190196671709531362e-01
2.680670167541885918e-01	3.792717557183340915e+00	1.226142399999999993e-01	-2.274154311649017046e-01
2.690672668167042314e-01	3.799276361853363149e+00	-3.500782800000000750e-01	6.210604135148766192e-01
2.700675168792198155e-01	3.807474412528538021e+00	-5.572859600000000802e-01	2.620898638426626404e-01
2.710677669417354552e-01	3.816335691459400881e+00	-6.738402799999999582e-01	9.473972768532528121e-01
2.720680170042510948e-01	3.825672042275896967e+00	-7.515431599999999879e-01	5.884267271810389444e-01
2.730682670667667344e-01	3.833690353840167653e+00	-8.745727199999999701e-01	9.473972768532528121e-01
2.740685171292823741e-01	3.838891698945228192e+00	-7.968698400000000515e-01	6.536940998487140719e-01
2.750687671917979582e-01	3.842138141579382271e+00	-6.932660000000000489e-01	7.515951588502269853e-01
2.760690172543135978e-01	3.843411491626022691e+00	-5.184345200000000098e-01	6.536940998487140719e-01
2.770692673168292375e-01	3.841005187152926936e+00	-3.047516000000000114e-01	3.599909228441755538e-01
2.780695173793448771e-01	3.836527296066720272e+00	7.081231999999999804e-02	6.628774583963688294e-02
2.790697674418605168e-01	3.833500637963351831e+00	3.945743200000000339e-01	-1.947817448310640853e-01
2.800700175043761009e-01	3.831494905248240102e+00	7.636630000000000917e-01	-6.842870398386284858e-01
2.810702675668917405e-01	3.828643206305189839e+00	1.178078360000000213e+00	-1.043257589510842243e+00
2.820705176294073802e-01	3.825082963365183719e+00	1.663721360000000038e+00	-1.434861825516893896e+00
2.830707676919230198e-01	3.820965507660623928e+00	1.981008119999999817e+00	-1.989634493192133702e+00
2.840710177544386594e-01	3.816732968830061079e+00	2.557304479999999991e+00	-2.381238729198184689e+00
2.850712678169542436e-01	3.814180606525151340e+00	2.518453040000000698e+00	-2.120169238527484179e+00
2.860715178794698832e-01	3.813027286973212249e+00	2.660908319999999883e+00	-2.903377710539586598e+00
2.870717679419855228e-01	3.809877319900745185e+00	2.479601600000000072e+00	-2.152802924861321632e+00
2.880720180045011625e-01	3.803466312015671758e+00	2.635007360000000354e+00	-2.838110337871911693e+00
2.890722680670168021e-01	3.796482392139802986e+00	2.142889119999999981e+00	-2.152802924861321632e+00
2.900725181295323862e-01	3.791774921219069228e+00	1.929206199999999871e+00	-1.891733434190620455e+00
2.910727681920480259e-01	3.789992503474029828e+00	1.126276440000000045e+00	-1.141158648512355045e+00
2.920730182545636655e-01	3.790357764258839524e+00	5.435048399999999891e-01	-3.579501765002521818e-01
2.930732683170793051e-01	3.792981792867283986e+00	1.420399599999999929e-01	-2.600491174987393794e-01
2.940735183795949448e-01	3.798843120798638395e+00	-3.565535200000000127e-01	6.210604135148766192e-01
2.950737684421105844e-01	3.807462963499500308e+00	-5.572859600000000802e-01	3.273572365103378790e-01
2.960740185046261685e-01	3.817092928339545388e+00	-6.673650399999999649e-01	1.077932022188603289e+00
2.970742685671418082e-01	3.826312856196049328e+00	-7.580183999999999811e-01	4.905256681795260310e-01
2.980745186296574478e-01	3.833761950763373783e+00	-8.810479599999999634e-01	9.800309631870904870e-01
2.990747686921730875e-01	3.838403686172832785e+00	-7.774441199999999608e-01	5.884267271810389444e-01
3.000750187546887271e-01	3.840951323159996100e+00	-6.932660000000000489e-01	5.884267271810389444e-01
3.010752688172043112e-01	3.842353332620759065e+00	-5.249097599999998920e-01	6.863277861825517467e-01
3.020755188797199509e-01	3.842200012736946668e+00	-2.982763600000000181e-01	1.315551185073121632e-01
3.030757689422355905e-01	3.840018841151219497e+00	8.376279999999999837e-02	3.599909228441755538e-01
3.040760190047512301e-01	3.835882057177320892e+00	3.751485999999999432e-01	-2.274154311649017046e-01
3.050762690672668698e-01	3.830839968633521497e+00	7.571877599999999875e-01	-4.232175491679274204e-01
3.060765191297824539e-01	3.826541552315274597e+00	1.165127880000000005e+00	-7.821880988401412882e-01
3.070767691922980935e-01	3.823011971679389109e+00	1.631345159999999739e+00	-1.304327080181543197e+00
3.080770192548137332e-01	3.819485036367971098e+00	1.981008119999999817e+00	-2.120169238527484179e+00
3.090772693173293728e-01	3.816432168681632486e+00	2.524928280000000136e+00	-2.511773474533535389e+00
3.100775193798450124e-01	3.814292467682674825e+00	2.518453040000000698e+00	-2.185436611195159529e+00
3.110777694423605966e-01	3.812721302400232215e+00	2.654433080000000444e+00	-2.838110337871911693e+00
3.120780195048762362e-01	3.810686624248254883e+00	2.473126360000000190e+00	-2.022268179525970933e+00
3.130782695673918758e-01	3.806439375031849703e+00	2.615581640000000263e+00	-2.707575592536560993e+00
3.140785196299075155e-01	3.799878259195919927e+00	2.129938640000000216e+00	-1.989634493192133702e+00
3.150787696924231551e-01	3.793478702581992934e+00	1.909780479999999780e+00	-2.022268179525970933e+00
3.160790197549387948e-01	3.789716882536571241e+00	1.113325960000000059e+00	-1.075891275844679917e+00
3.170792698174543789e-01	3.789707344513168596e+00	5.240791200000000094e-01	-4.884849218356027145e-01
3.180795198799700185e-01	3.793748717725530906e+00	1.420399599999999929e-01	-4.884849218356027145e-01
3.190797699424856582e-01	3.801041857909744248e+00	-3.630287599999999504e-01	5.231593545133637058e-01
3.200800200050012978e-01	3.809827878726437689e+00	-5.572859600000000802e-01	3.599909228441755538e-01
3.210802700675169374e-01	3.818768967726372754e+00	-6.803155199999999514e-01	8.494962178517398987e-01
3.220805201300325216e-01	3.827247193143708870e+00	-7.580183999999999811e-01	7.189614725163894215e-01
3.230807701925481612e-01	3.834888664209223030e+00	-8.810479599999999634e-01	9.473972768532528121e-01
3.240810202550638008e-01	3.840469014418375515e+00	-7.903945999999999472e-01	9.800309631870904870e-01
3.250812703175794405e-01	3.842551268256515495e+00	-7.062164799999999243e-01	5.884267271810389444e-01
3.260815203800950801e-01	3.842408713077764659e+00	-5.443354799999999827e-01	5.884267271810389444e-01
3.270817704426106642e-01	3.841509893870417525e+00	-3.112268400000000046e-01	3.599909228441755538e-01
3.280820205051263039e-01	3.838457585593511912e+00	7.081231999999999804e-02	1.020373171961676869e-03
3.290822705676419435e-01	3.833404692700755678e+00	3.751485999999999432e-01	-1.295143721633888190e-01
3.300825206301575832e-01	3.829279500934450020e+00	7.636630000000000917e-01	-5.211186081694403338e-01
3.310827706926732228e-01	3.827041460303535647e+00	1.145702159999999914e+00	-1.010623903177004790e+00
3.320830207551888069e-01	3.824736123702955126e+00	1.624869920000000079e+00	-1.434861825516893896e+00
3.330832708177044466e-01	3.820635663774710089e+00	1.961582399999999726e+00	-1.891733434190620455e+00
3.340835208802200862e-01	3.816011278538005147e+00	2.537878760000000344e+00	-2.413872415532022586e+00
3.350837709427357258e-01	3.813579638692940588e+00	2.499027319999999719e+00	-2.218070297528996981e+00
3.360840210052513655e-01	3.812686135808561971e+00	2.622056880000000589e+00	-3.001278769541099845e+00
3.370842710677669496e-01	3.809631193630572010e+00	2.447225399999999773e+00	-2.087535552193646726e+00
3.380845211302825892e-01	3.802889487576149197e+00	2.602631160000000055e+00	-2.838110337871911693e+00
3.390847711927982289e-01	3.795214695873571298e+00	2.097562439999999917e+00	-2.054901865859808829e+00
3.400850212553138685e-01	3.790558886441635966e+00	1.877404279999999925e+00	-1.859099747856782781e+00
3.410852713178295081e-01	3.789481253042893627e+00	1.093900239999999968e+00	-1.075891275844679917e+00
3.420855213803451478e-01	3.789867243064258151e+00	5.111286400000001340e-01	-4.232175491679274204e-01
3.430857714428607319e-01	3.792298859141113532e+00	1.226142399999999993e-01	-2.274154311649017046e-01
3.440860215053763715e-01	3.798820505594211028e+00	-3.695039999999999436e-01	4.578919818456884672e-01
3.450862715678920112e-01	3.807890039138307259e+00	-5.831869200000000530e-01	3.926246091780131731e-01
3.460865216304076508e-01	3.816882785330819150e+00	-6.932660000000000489e-01	9.473972768532528121e-01
3.470867716929232905e-01	3.825269691519246784e+00	-7.644936400000000853e-01	8.168625315179022239e-01
3.480870217554388746e-01	3.832536357730550236e+00	-8.810479599999999634e-01	9.147635905194151373e-01
3.490872718179545142e-01	3.837544755155874121e+00	-7.903945999999999472e-01	9.800309631870904870e-01
3.500875218804701539e-01	3.840151470066964556e+00	-7.126917200000000285e-01	7.189614725163894215e-01
3.510877719429857935e-01	3.841022884530481907e+00	-5.443354799999999827e-01	6.210604135148766192e-01
3.520880220055014331e-01	3.839861170029258197e+00	-3.241773200000000466e-01	1.968224911749873740e-01
3.530882720680170173e-01	3.836315129261786971e+00	3.843611999999999723e-02	-1.621480584972264660e-01
3.540885221305326569e-01	3.832315147059340621e+00	3.621981200000000678e-01	-1.621480584972264660e-01
3.550887721930482965e-01	3.830138380594162673e+00	7.248115600000000214e-01	-7.495544125063037244e-01
3.560890222555639362e-01	3.828536614554224560e+00	1.126276440000000045e+00	-6.516533535047908110e-01
3.570892723180795758e-01	3.824234368366013381e+00	1.605444199999999988e+00	-1.173792334846192720e+00
3.580895223805951599e-01	3.817772416491209686e+00	1.942156679999999858e+00	-1.728565002521432525e+00
3.590897724431107996e-01	3.813144798320727613e+00	2.511977800000000371e+00	-2.381238729198184689e+00
3.600900225056264392e-01	3.811700504115987709e+00	2.466651119999999864e+00	-2.120169238527484179e+00
3.610902725681420788e-01	3.811150597562158016e+00	2.609106400000000381e+00	-3.164447201210287997e+00
3.620905226306577185e-01	3.808714850638128979e+00	2.421324440000000244e+00	-2.087535552193646726e+00
3.630907726931733581e-01	3.803260221253666806e+00	2.576730200000000082e+00	-3.066546142208775194e+00
3.640910227556889422e-01	3.796737400396092532e+00	2.091087200000000035e+00	-1.793832375189107875e+00
3.650912728182045819e-01	3.792379088912542606e+00	1.857978559999999835e+00	-1.728565002521432525e+00
3.660915228807202215e-01	3.790461278628778796e+00	1.074474520000000100e+00	-1.075891275844679917e+00
3.670917729432358612e-01	3.789447915149611656e+00	5.046534000000000297e-01	-1.621480584972264660e-01
3.680920230057515008e-01	3.790750489112373334e+00	1.096637599999999990e-01	-3.579501765002521818e-01
3.690922730682670849e-01	3.797007204321575458e+00	-3.824544800000000411e-01	4.578919818456884672e-01
3.700925231307827246e-01	3.807000323996293734e+00	-5.702364399999999556e-01	2.947235501765002597e-01
3.710927731932983642e-01	3.817309300292971663e+00	-6.932660000000000489e-01	8.168625315179022239e-01
3.720930232558140038e-01	3.826301864390975194e+00	-7.774441199999999608e-01	6.210604135148766192e-01
3.730932733183296435e-01	3.833463280090009029e+00	-8.875231999999999566e-01	9.147635905194151373e-01
3.740935233808452276e-01	3.838095921076612793e+00	-8.098203199999999269e-01	7.842288451840646601e-01
3.750937734433608672e-01	3.840017908957150894e+00	-7.062164799999999243e-01	9.473972768532528121e-01
3.760940235058765069e-01	3.840029137853805619e+00	-5.508107199999999759e-01	5.231593545133637058e-01
3.770942735683921465e-01	3.838899258898810896e+00	-3.306525599999999843e-01	4.252582955118507924e-01
3.780945236309077861e-01	3.836708310821887569e+00	3.196087999999999707e-02	1.020373171961676869e-03
3.790947736934233703e-01	3.834038397802490561e+00	3.362971600000000394e-01	-2.274154311649017046e-01
3.800950237559390099e-01	3.831282104199844163e+00	7.248115600000000214e-01	-6.516533535047908110e-01
3.810952738184546496e-01	3.827522575524474391e+00	1.126276440000000045e+00	-9.779902168431670040e-01
3.820955238809702892e-01	3.822833333180916782e+00	1.579543240000000015e+00	-1.304327080181543197e+00
3.830957739434859288e-01	3.818787978207079714e+00	1.935681439999999975e+00	-1.859099747856782781e+00
3.840960240060015130e-01	3.816225508676270195e+00	2.479601600000000072e+00	-2.381238729198184689e+00
3.850962740685171526e-01	3.814148371719346731e+00	2.460175879999999982e+00	-1.989634493192133702e+00
3.860965241310327922e-01	3.810794479211395469e+00	2.589680680000000734e+00	-2.903377710539586598e+00
3.870967741935484319e-01	3.806393770180023228e+00	2.414849199999999918e+00	-2.120169238527484179e+00
3.880970242560640715e-01	3.802316221002700392e+00	2.583205440000000408e+00	-2.772842965204236343e+00
3.890972743185797111e-01	3.798179750382928876e+00	2.065186240000000062e+00	-2.120169238527484179e+00
3.900975243810952953e-01	3.793381076189885626e+00	1.857978559999999835e+00	-1.859099747856782781e+00
3.910977744436109349e-01	3.789146391745085829e+00	1.067999279999999995e+00	-1.108524962178517592e+00
3.920980245061265745e-01	3.787725413456000112e+00	4.917029200000000433e-01	-3.253164901664145625e-01
3.930982745686422142e-01	3.790506616988734034e+00	1.096637599999999990e-01	-2.600491174987393794e-01
3.940985246311578538e-01	3.797140317477330829e+00	-3.889297199999999788e-01	5.231593545133637058e-01
3.950987746936734379e-01	3.806433021902341007e+00	-5.767116799999999488e-01	3.273572365103378790e-01
3.960990247561890776e-01	3.816560412192306462e+00	-6.997412400000000421e-01	9.147635905194151373e-01
3.970992748187047172e-01	3.825767771928981542e+00	-7.709688800000000786e-01	6.210604135148766192e-01
3.980995248812203569e-01	3.833641718388891118e+00	-8.875231999999999566e-01	9.800309631870904870e-01
3.990997749437359965e-01	3.839358711652915090e+00	-7.968698400000000515e-01	8.821299041855775735e-01
4.001000250062515806e-01	3.841368878124264974e+00	-7.191669600000000218e-01	8.821299041855775735e-01
4.011002750687672203e-01	3.840513685726814064e+00	-5.572859600000000802e-01	5.557930408472013806e-01
4.021005251312828599e-01	3.838978559895946496e+00	-3.241773200000000466e-01	4.905256681795260310e-01
4.031007751937984995e-01	3.836720010156886573e+00	3.196087999999999707e-02	-3.161331316187596802e-02
4.041010252563141392e-01	3.833047978082429363e+00	3.362971600000000394e-01	-2.926828038325769432e-01
4.051012753188297233e-01	3.829054649457105608e+00	7.377620400000000078e-01	-6.190196671709531362e-01
4.061015253813453629e-01	3.825858593978877842e+00	1.106850720000000177e+00	-1.206426021180030395e+00
4.071017754438610026e-01	3.822804675424431586e+00	1.592493720000000001e+00	-1.206426021180030395e+00
4.081020255063766422e-01	3.818889666612412359e+00	1.916255719999999885e+00	-2.054901865859808829e+00
4.091022755688922818e-01	3.815279488238443317e+00	2.492552079999999837e+00	-2.185436611195159529e+00
4.101025256314079215e-01	3.813529511973205555e+00	2.453700639999999655e+00	-1.826466061522945328e+00
4.111027756939235056e-01	3.812317482445496175e+00	2.583205440000000408e+00	-2.805476651538073796e+00
4.121030257564391452e-01	3.809168884821673817e+00	2.395423479999999827e+00	-2.022268179525970933e+00
4.131032758189547849e-01	3.803324131764494354e+00	2.557304479999999991e+00	-2.805476651538073796e+00
4.141035258814704245e-01	3.796365964586955410e+00	2.058711000000000180e+00	-2.381238729198184689e+00
4.151037759439860642e-01	3.790828740964241828e+00	1.845028079999999848e+00	-1.728565002521432525e+00
4.161040260065016483e-01	3.788054082150707824e+00	1.061524040000000113e+00	-1.108524962178517592e+00
4.171042760690172879e-01	3.788649827170150086e+00	4.917029200000000433e-01	-1.621480584972264660e-01
4.181045261315329276e-01	3.793019772341881701e+00	1.031885200000000058e-01	-1.621480584972264660e-01
4.191047761940485672e-01	3.800000658427163724e+00	-3.889297199999999788e-01	5.231593545133637058e-01
4.201050262565642068e-01	3.807500797115496827e+00	-5.702364399999999556e-01	5.231593545133637058e-01
4.211052763190797910e-01	3.815201061376560343e+00	-6.997412400000000421e-01	7.515951588502269853e-01
4.221055263815954306e-01	3.824375164165736862e+00	-7.774441199999999608e-01	6.536940998487140719e-01
4.231057764441110702e-01	3.833919349754323136e+00	-8.875231999999999566e-01	9.147635905194151373e-01
4.241060265066267099e-01	3.839955739580273697e+00	-7.903945999999999472e-01	7.515951588502269853e-01
4.251062765691423495e-01	3.841062440747415874e+00	-7.191669600000000218e-01	8.494962178517398987e-01
4.261065266316579336e-01	3.839996836785646739e+00	-5.443354799999999827e-01	4.905256681795260310e-01
4.271067766941735733e-01	3.838866841931865448e+00	-3.306525599999999843e-01	3.599909228441755538e-01
4.281070267566892129e-01	3.836715009586923131e+00	3.843611999999999723e-02	1.641888048411497825e-01
4.291072768192048525e-01	3.833188367813898711e+00	3.427723999999999771e-01	-3.253164901664145625e-01
4.301075268817204922e-01	3.829601501818051368e+00	7.183363200000001392e-01	-5.211186081694403338e-01
4.311077769442361318e-01	3.825964328984007512e+00	1.113325960000000059e+00	-1.141158648512355045e+00
4.321080270067517159e-01	3.822037628118323038e+00	1.592493720000000001e+00	-1.336960766515380872e+00
4.331082770692673556e-01	3.818951222280025704e+00	1.903305239999999898e+00	-1.859099747856782781e+00
4.341085271317829952e-01	3.816825853424532067e+00	2.492552079999999837e+00	-2.315971356530509784e+00
4.351087771942986349e-01	3.814727153822127903e+00	2.440750159999999891e+00	-1.891733434190620455e+00
4.361090272568142745e-01	3.812169892933772175e+00	2.583205440000000408e+00	-2.870744024205749145e+00
4.371092773193298586e-01	3.808612321499485365e+00	2.395423479999999827e+00	-2.120169238527484179e+00
4.381095273818454983e-01	3.803499659078620976e+00	2.550829240000000553e+00	-2.740209278870398890e+00
4.391097774443611379e-01	3.796834991811426363e+00	2.071661479999999944e+00	-2.120169238527484179e+00
4.401100275068767775e-01	3.790759522021075689e+00	1.825602359999999980e+00	-1.859099747856782781e+00
4.411102775693924172e-01	3.789141903845556048e+00	1.042098320000000022e+00	-9.779902168431670040e-01
4.421105276319080013e-01	3.792235035234498230e+00	4.463762399999999797e-01	-3.253164901664145625e-01
4.431107776944236409e-01	3.796060080106762324e+00	1.031885200000000058e-01	-1.621480584972264660e-01
4.441110277569392806e-01	3.799467514730989315e+00	-3.954049599999999165e-01	4.905256681795260310e-01
4.451112778194549202e-01	3.805734592858631249e+00	-5.767116799999999488e-01	4.252582955118507924e-01
4.461115278819705599e-01	3.815651070919128252e+00	-6.997412400000000421e-01	8.168625315179022239e-01
4.471117779444861440e-01	3.826077593932955878e+00	-7.774441199999999608e-01	7.189614725163894215e-01
4.481120280070017836e-01	3.835097857914567143e+00	-8.939984399999999498e-01	9.473972768532528121e-01
4.491122780695174233e-01	3.841543630392258546e+00	-7.903945999999999472e-01	8.168625315179022239e-01
4.501125281320330629e-01	3.843577647401825281e+00	-7.126917200000000285e-01	7.189614725163894215e-01
4.511127781945487025e-01	3.842148749024437482e+00	-5.508107199999999759e-01	6.863277861825517467e-01
4.521130282570642867e-01	3.840160557872434488e+00	-3.306525599999999843e-01	3.926246091780131731e-01
4.531132783195799263e-01	3.838106398509718797e+00	3.196087999999999707e-02	2.294561775088249655e-01
4.541135283820955659e-01	3.834619841534254281e+00	3.362971600000000394e-01	-2.926828038325769432e-01
4.551137784446112056e-01	3.829973876630796248e+00	7.183363200000001392e-01	-4.884849218356027145e-01
4.561140285071268452e-01	3.826118035879745527e+00	1.106850720000000177e+00	-1.108524962178517592e+00
4.571142785696424848e-01	3.823430122898276995e+00	1.573067999999999911e+00	-1.532762884518406477e+00
4.581145286321580690e-01	3.820779284334597126e+00	1.909780479999999780e+00	-1.924367120524458352e+00
4.591147786946737086e-01	3.818134775090507915e+00	2.460175879999999982e+00	-2.609674533535048635e+00
4.601150287571893482e-01	3.816150406047013721e+00	2.434274920000000009e+00	-1.761198688855269978e+00
4.611152788197049879e-01	3.814632844176137905e+00	2.563779720000000317e+00	-2.870744024205749145e+00
4.621155288822206275e-01	3.811626432973513889e+00	2.382473000000000063e+00	-1.826466061522945328e+00
4.631157789447362116e-01	3.804976493985718466e+00	2.531403520000000018e+00	-2.674941906202723541e+00
4.641160290072518513e-01	3.796563245629379857e+00	2.019859559999999998e+00	-2.087535552193646726e+00
4.651162790697674909e-01	3.791144537354306898e+00	1.812651879999999993e+00	-1.924367120524458352e+00
4.661165291322831306e-01	3.790267335753410460e+00	1.029147840000000036e+00	-1.108524962178517592e+00
4.671167791947987702e-01	3.791793530047494087e+00	4.593267200000000772e-01	-4.884849218356027145e-01
4.681170292573143543e-01	3.794597367420901701e+00	9.671327999999999869e-02	-1.295143721633888190e-01
4.691172793198299940e-01	3.800058819660042442e+00	-4.083554400000000140e-01	4.578919818456884672e-01
4.701175293823456336e-01	3.809203659916590823e+00	-5.896621600000000463e-01	4.905256681795260310e-01
4.711177794448612732e-01	3.820071945400646207e+00	-7.062164799999999243e-01	9.800309631870904870e-01
4.721180295073769129e-01	3.829307500877547454e+00	-7.839193599999999540e-01	6.536940998487140719e-01
4.731182795698924970e-01	3.835581035282113582e+00	-8.810479599999999634e-01	1.143199394856278639e+00
4.741185296324081366e-01	3.839604007413496944e+00	-8.033450799999999337e-01	7.842288451840646601e-01
4.751187796949237763e-01	3.842112196724119411e+00	-7.191669600000000218e-01	7.189614725163894215e-01
4.761190297574394159e-01	3.843029381083589158e+00	-5.508107199999999759e-01	5.231593545133637058e-01
4.771192798199550555e-01	3.841779241132167400e+00	-3.371277999999999775e-01	3.599909228441755538e-01
4.781195298824706952e-01	3.838107650853054498e+00	1.901039999999999675e-02	3.365405950579927752e-02
4.791197799449862793e-01	3.833064036092521665e+00	3.298219200000001017e-01	-9.688068582955121355e-02
4.801200300075019189e-01	3.829085730511629038e+00	7.118610800000001460e-01	-5.863859808371156834e-01
4.811202800700175586e-01	3.827143341831449774e+00	1.106850720000000177e+00	-8.148217851739789630e-01
4.821205301325331982e-01	3.824575970120600577e+00	1.566592759999999807e+00	-1.336960766515380872e+00
4.831207801950488379e-01	3.819528675785588412e+00	1.883879520000000030e+00	-1.859099747856782781e+00
4.841210302575644220e-01	3.814656904165342421e+00	2.434274920000000009e+00	-2.413872415532022586e+00
4.851212803200800616e-01	3.812592486230924393e+00	2.395423479999999827e+00	-1.891733434190620455e+00
4.861215303825957013e-01	3.811772625898319333e+00	2.544354000000000227e+00	-2.870744024205749145e+00
4.871217804451113409e-01	3.809133897522956502e+00	2.356572039999999646e+00	-2.054901865859808829e+00
4.881220305076269805e-01	3.803870433401173479e+00	2.518453040000000698e+00	-2.674941906202723541e+00
4.891222805701425647e-01	3.797512914121537797e+00	2.013384319999999672e+00	-2.054901865859808829e+00
4.901225306326582043e-01	3.792277564840691451e+00	1.806176639999999889e+00	-1.859099747856782781e+00
4.911227806951738439e-01	3.789570926540629436e+00	1.016197360000000049e+00	-1.075891275844679917e+00
4.921230307576894836e-01	3.789446847433213694e+00	4.528514799999999729e-01	-2.926828038325769432e-01
4.931232808202051232e-01	3.791971666196343183e+00	6.433707999999999094e-02	-2.274154311649017046e-01
4.941235308827207073e-01	3.797951490121683982e+00	-4.148306800000000072e-01	5.231593545133637058e-01
4.951237809452363470e-01	3.807254457019585647e+00	-6.026126399999999217e-01	3.599909228441755538e-01
4.961240310077519866e-01	3.817499141217805203e+00	-7.062164799999999243e-01	1.012664649520927940e+00
4.971242810702676262e-01	3.826064955456867533e+00	-7.774441199999999608e-01	7.189614725163894215e-01
4.981245311327832659e-01	3.833052659600638901e+00	-8.875231999999999566e-01	1.143199394856278639e+00
4.991247811952988500e-01	3.839263241657961956e+00	-8.162955600000000311e-01	8.494962178517398987e-01
5.001250312578144896e-01	3.843128146398407274e+00	-7.191669600000000218e-01	8.494962178517398987e-01
5.011252813203301848e-01	3.843298388458256554e+00	-5.702364399999999556e-01	6.210604135148766192e-01
5.021255313828457689e-01	3.840720985057521908e+00	-3.371277999999999775e-01	4.252582955118507924e-01
5.031257814453613531e-01	3.836834372360585110e+00	1.253515999999999658e-02	9.892143217347457163e-02
5.041260315078770482e-01	3.833379490286881630e+00	3.168714400000000042e-01	-9.688068582955121355e-02
5.051262815703926323e-01	3.831438261512555066e+00	6.730096400000000756e-01	-4.884849218356027145e-01
5.061265316329083275e-01	3.828817939029542927e+00	1.087425000000000086e+00	-6.842870398386284858e-01
5.071267816954239116e-01	3.823443038625693013e+00	1.534216559999999951e+00	-1.500129198184569024e+00
5.081270317579394957e-01	3.817529192701366814e+00	1.877404279999999925e+00	-1.859099747856782781e+00
5.091272818204551909e-01	3.814083829554639316e+00	2.434274920000000009e+00	-2.577040847201210738e+00
5.101275318829707750e-01	3.812878522379724799e+00	2.388948239999999945e+00	-2.087535552193646726e+00
5.111277819454864701e-01	3.811325872478226628e+00	2.518453040000000698e+00	-2.805476651538073796e+00
5.121280320080020543e-01	3.807744452854640471e+00	2.343621559999999882e+00	-2.250703983862834434e+00
5.131282820705176384e-01	3.802942251383086614e+00	2.505502560000000045e+00	-2.511773474533535389e+00
5.141285321330333336e-01	3.798036347113808553e+00	2.019859559999999998e+00	-1.989634493192133702e+00
5.151287821955489177e-01	3.793275277790086886e+00	1.780275679999999916e+00	-1.565396570852244151e+00
5.161290322580646128e-01	3.789492484115065007e+00	1.009722120000000167e+00	-9.127228441754917654e-01
5.171292823205801970e-01	3.788570528904276369e+00	4.334257600000001043e-01	-1.295143721633888190e-01
5.181295323830957811e-01	3.791918887757454559e+00	7.081231999999999804e-02	-1.947817448310640853e-01
5.191297824456114762e-01	3.798866266626428345e+00	-4.277811600000000491e-01	4.578919818456884672e-01
5.201300325081270604e-01	3.807649570078482704e+00	-6.026126399999999217e-01	2.947235501765002597e-01
5.211302825706427555e-01	3.817068577867632317e+00	-7.062164799999999243e-01	9.473972768532528121e-01
5.221305326331583396e-01	3.826256121831984824e+00	-8.098203199999999269e-01	6.210604135148766192e-01
5.231307826956739238e-01	3.833884907767061812e+00	-9.004736800000000541e-01	1.241100453857791219e+00
5.241310327581896189e-01	3.838557485778236966e+00	-8.162955600000000311e-01	9.473972768532528121e-01
5.251312828207052030e-01	3.840237931609783661e+00	-7.321174399999998972e-01	7.842288451840646601e-01
5.261315328832208982e-01	3.839814558492663732e+00	-5.767116799999999488e-01	6.863277861825517467e-01
5.271317829457364823e-01	3.837993850735833767e+00	-3.695039999999999436e-01	3.926246091780131731e-01
5.281320330082520664e-01	3.835861511427374193e+00	-4.153200000000037417e-04	9.892143217347457163e-02
5.291322830707677616e-01	3.834232691548498995e+00	3.103962000000000110e-01	-2.274154311649017046e-01
5.301325331332833457e-01	3.832395702778713886e+00	6.859601199999999510e-01	-5.863859808371156834e-01
5.311327831957990409e-01	3.828934932071139219e+00	1.061524040000000113e+00	-6.842870398386284858e-01
5.321330332583146250e-01	3.823689384541169023e+00	1.527741319999999847e+00	-1.239059707513868069e+00
5.331332833208302091e-01	3.818483099479783593e+00	1.857978559999999835e+00	-1.924367120524458352e+00
5.341335333833459043e-01	3.814993734515113921e+00	2.427799679999999682e+00	-2.120169238527484179e+00
5.351337834458614884e-01	3.812892576676717660e+00	2.375997759999999737e+00	-2.022268179525970933e+00
5.361340335083771835e-01	3.810638229379126329e+00	2.505502560000000045e+00	-2.805476651538073796e+00
5.371342835708927677e-01	3.806706220294268750e+00	2.324195839999999791e+00	-2.054901865859808829e+00
5.381345336334084628e-01	3.801140072437995787e+00	2.479601600000000072e+00	-2.740209278870398890e+00
5.391347836959240469e-01	3.795888133880344295e+00	1.981008119999999817e+00	-2.022268179525970933e+00
5.401350337584396311e-01	3.792230663111683775e+00	1.773800439999999812e+00	-1.728565002521432525e+00
5.411352838209553262e-01	3.790038309198297650e+00	9.902964000000000766e-01	-1.075891275844679917e+00
5.421355338834709103e-01	3.789949552480825101e+00	4.269505200000000000e-01	-1.947817448310640853e-01
5.431357839459866055e-01	3.793301216781134855e+00	5.786183999999999772e-02	-1.621480584972264660e-01
5.441360340085021896e-01	3.800000294144240343e+00	-4.213059199999999449e-01	4.905256681795260310e-01
5.451362840710177737e-01	3.808009680581735168e+00	-6.155631200000000192e-01	3.599909228441755538e-01
5.461365341335334689e-01	3.815576232623162589e+00	-7.062164799999999243e-01	8.821299041855775735e-01
5.471367841960490530e-01	3.823549485218656230e+00	-7.903945999999999472e-01	6.863277861825517467e-01
5.481370342585647482e-01	3.832505041987499528e+00	-9.134241599999999295e-01	9.473972768532528121e-01
5.491372843210803323e-01	3.839382797217298915e+00	-8.162955600000000311e-01	8.494962178517398987e-01
5.501375343835959164e-01	3.841645917232928475e+00	-7.321174399999998972e-01	7.842288451840646601e-01
5.511377844461116116e-01	3.840914748191099015e+00	-5.702364399999999556e-01	7.189614725163894215e-01
5.521380345086271957e-01	3.839289357075222675e+00	-3.630287599999999504e-01	2.947235501765002597e-01
5.531382845711428908e-01	3.836798616096402714e+00	-6.890560000000003904e-03	1.315551185073121632e-01
5.541385346336584750e-01	3.833415222187717575e+00	3.039209600000000178e-01	-1.947817448310640853e-01
5.551387846961740591e-01	3.829854662215459893e+00	6.794848799999999578e-01	-5.211186081694403338e-01
5.561390347586897542e-01	3.826689753887347667e+00	1.055048800000000009e+00	-9.453565305093293292e-01
5.571392848212053384e-01	3.823780480943874238e+00	1.534216559999999951e+00	-1.239059707513868069e+00
5.581395348837210335e-01	3.820226306495262847e+00	1.845028079999999848e+00	-1.924367120524458352e+00
5.591397849462366176e-01	3.816151841232259923e+00	2.427799679999999682e+00	-2.152802924861321632e+00
5.601400350087522018e-01	3.813042067066331864e+00	2.356572039999999646e+00	-1.957000806858295805e+00
5.611402850712678969e-01	3.810289336112500980e+00	2.492552079999999837e+00	-2.805476651538073796e+00
5.621405351337834810e-01	3.805738781800841242e+00	2.317720599999999909e+00	-2.120169238527484179e+00
5.631407851962991762e-01	3.800402614460858253e+00	2.473126360000000190e+00	-2.838110337871911693e+00
5.641410352588147603e-01	3.796525141872073572e+00	1.987483359999999921e+00	-2.022268179525970933e+00
5.651412853213303444e-01	3.793658882521653286e+00	1.773800439999999812e+00	-1.989634493192133702e+00
5.661415353838460396e-01	3.791365476890701025e+00	9.967716399999999588e-01	-8.474554715078166378e-01
5.671417854463616237e-01	3.791317603726715113e+00	4.269505200000000000e-01	-2.600491174987393794e-01
5.681420355088773189e-01	3.794737467793424468e+00	5.138659999999999756e-02	3.365405950579927752e-02
5.691422855713929030e-01	3.800400032417370788e+00	-4.213059199999999449e-01	6.536940998487140719e-01
5.701425356339084871e-01	3.807264916544167210e+00	-6.090878800000000259e-01	3.273572365103378790e-01
5.711427856964241823e-01	3.815991528887845874e+00	-7.191669600000000218e-01	7.842288451840646601e-01
5.721430357589397664e-01	3.825745463001905655e+00	-7.903945999999999472e-01	5.884267271810389444e-01
5.731432858214554615e-01	3.834631658705492718e+00	-9.069489200000000473e-01	6.863277861825517467e-01
5.741435358839710457e-01	3.841169736863152551e+00	-8.227708000000000244e-01	9.800309631870904870e-01
5.751437859464866298e-01	3.843525318397947199e+00	-7.191669600000000218e-01	8.821299041855775735e-01
5.761440360090023249e-01	3.842215174840516223e+00	-5.637612000000000734e-01	7.515951588502269853e-01
5.771442860715179091e-01	3.840104375674906922e+00	-3.630287599999999504e-01	5.884267271810389444e-01
5.781445361340336042e-01	3.838081737142353678e+00	-4.153200000000037417e-04	3.365405950579927752e-02
5.791447861965491883e-01	3.835009263723293316e+00	3.039209600000000178e-01	-1.621480584972264660e-01
5.801450362590647725e-01	3.830891774448774267e+00	6.665344000000000824e-01	-6.516533535047908110e-01
5.811452863215804676e-01	3.827183106662518597e+00	1.067999279999999995e+00	-9.779902168431670040e-01
5.821455363840960517e-01	3.823801885366865605e+00	1.501840359999999874e+00	-1.271693393847705744e+00
5.831457864466117469e-01	3.819853925458009059e+00	1.857978559999999835e+00	-1.826466061522945328e+00
5.841460365091273310e-01	3.816659013320737870e+00	2.421324440000000244e+00	-2.250703983862834434e+00
5.851462865716430262e-01	3.814783000514680111e+00	2.356572039999999646e+00	-1.761198688855269978e+00
5.861465366341586103e-01	3.812243031737862609e+00	2.486076839999999510e+00	-2.870744024205749145e+00
5.871467866966741944e-01	3.808210893596054802e+00	2.298294879999999818e+00	-1.957000806858295805e+00
5.881470367591898896e-01	3.803227666357871239e+00	2.466651119999999864e+00	-2.805476651538073796e+00
5.891472868217054737e-01	3.797515001679710789e+00	1.987483359999999921e+00	-1.924367120524458352e+00
5.901475368842211688e-01	3.792318339541485006e+00	1.754374719999999943e+00	-1.891733434190620455e+00
5.911477869467367530e-01	3.789645049688623146e+00	9.773459200000000902e-01	-1.043257589510842243e+00
5.921480370092523371e-01	3.789844966271758153e+00	4.140000400000000136e-01	-2.600491174987393794e-01
5.931482870717680322e-01	3.792361195180076194e+00	5.786183999999999772e-02	-1.947817448310640853e-01
5.941485371342836164e-01	3.798031068679232458e+00	-4.342563999999999869e-01	5.884267271810389444e-01
5.951487871967993115e-01	3.807352226258803540e+00	-6.090878800000000259e-01	4.578919818456884672e-01
5.961490372593148956e-01	3.818296261893709076e+00	-7.191669600000000218e-01	9.473972768532528121e-01
5.971492873218304798e-01	3.828434232757305988e+00	-7.903945999999999472e-01	6.863277861825517467e-01
5.981495373843461749e-01	3.836553911286366692e+00	-9.069489200000000473e-01	9.800309631870904870e-01
5.991497874468617590e-01	3.841676917213513676e+00	-8.292460400000000176e-01	8.168625315179022239e-01
6.001500375093774542e-01	3.843068756784757678e+00	-7.256422000000000150e-01	8.821299041855775735e-01
6.011502875718930383e-01	3.841501455562166267e+00	-5.637612000000000734e-01	5.557930408472013806e-01
6.021505376344086224e-01	3.839248781913434438e+00	-3.565535200000000127e-01	4.252582955118507924e-01
6.031507876969243176e-01	3.837675095312741647e+00	-6.890560000000003904e-03	6.628774583963688294e-02
6.041510377594399017e-01	3.835581255326099726e+00	2.909704799999999758e-01	-6.424699949571360813e-02
6.051512878219555969e-01	3.831536278415185848e+00	6.859601199999999510e-01	-5.537522945032778976e-01
6.061515378844711810e-01	3.827115817096763184e+00	1.055048800000000009e+00	-8.800891578416540906e-01
6.071517879469867651e-01	3.824523280547358350e+00	1.495365119999999770e+00	-1.369594452849218325e+00
6.081520380095024603e-01	3.822194737539349241e+00	1.838552839999999744e+00	-1.826466061522945328e+00
6.091522880720180444e-01	3.818376981710332796e+00	2.421324440000000244e+00	-2.348605042864347237e+00
6.101525381345337395e-01	3.815023459900187763e+00	2.350096800000000208e+00	-1.728565002521432525e+00
6.111527881970493237e-01	3.812922802237980857e+00	2.486076839999999510e+00	-2.772842965204236343e+00
6.121530382595649078e-01	3.809445457780891164e+00	2.298294879999999818e+00	-1.793832375189107875e+00
6.131532883220806029e-01	3.803285562976657985e+00	2.447225399999999773e+00	-2.838110337871911693e+00
6.141535383845961871e-01	3.796558000624146612e+00	1.961582399999999726e+00	-1.989634493192133702e+00
6.151537884471118822e-01	3.792127544758513658e+00	1.747899480000000061e+00	-1.891733434190620455e+00
6.161540385096274663e-01	3.790807070117693023e+00	9.643954399999999927e-01	-1.304327080181543197e+00
6.171542885721430505e-01	3.791768193780669094e+00	4.204752800000000068e-01	-2.274154311649017046e-01
6.181545386346587456e-01	3.794709627959922393e+00	5.138659999999999756e-02	-3.253164901664145625e-01
6.191547886971743297e-01	3.800064185286657903e+00	-4.277811600000000491e-01	8.168625315179022239e-01
6.201550387596900249e-01	3.807990362318190325e+00	-6.090878800000000259e-01	3.926246091780131731e-01
6.211552888222056090e-01	3.817556021618169204e+00	-7.191669600000000218e-01	1.143199394856278639e+00
6.221555388847211931e-01	3.826438760770492831e+00	-8.098203199999999269e-01	6.536940998487140719e-01
6.231557889472368883e-01	3.833107748323092867e+00	-9.134241599999999295e-01	9.800309631870904870e-01
6.241560390097524724e-01	3.837957215337350014e+00	-8.162955600000000311e-01	7.842288451840646601e-01
6.251562890722681676e-01	3.841068022803582060e+00	-7.321174399999998972e-01	8.168625315179022239e-01
6.261565391347837517e-01	3.842397186769599848e+00	-5.767116799999999488e-01	4.252582955118507924e-01
6.271567891972993358e-01	3.842154017315708270e+00	-3.630287599999999504e-01	5.231593545133637058e-01
6.281570392598150310e-01	3.839365831663784867e+00	-6.890560000000003904e-03	1.641888048411497825e-01
6.291572893223306151e-01	3.834368619201423911e+00	2.974457200000000245e-01	-6.424699949571360813e-02
6.301575393848463102e-01	3.829696038830069149e+00	6.665344000000000824e-01	-3.253164901664145625e-01
6.311577894473618944e-01	3.826468265863324447e+00	1.035623080000000140e+00	-1.010623903177004790e+00
6.321580395098775895e-01	3.823837716548576182e+00	1.501840359999999874e+00	-1.271693393847705744e+00
6.331582895723931736e-01	3.820601837625698494e+00	1.819127120000000097e+00	-1.924367120524458352e+00
6.341585396349087578e-01	3.816803406419309930e+00	2.421324440000000244e+00	-2.348605042864347237e+00
6.351587896974244529e-01	3.814355790027217807e+00	2.330671080000000117e+00	-1.826466061522945328e+00
6.361590397599400371e-01	3.813013552824456198e+00	2.473126360000000190e+00	-2.740209278870398890e+00
6.371592898224557322e-01	3.809189888923268708e+00	2.278869160000000171e+00	-1.891733434190620455e+00
6.381595398849713163e-01	3.802641923889086950e+00	2.440750159999999891e+00	-2.544407160867373285e+00
6.391597899474869005e-01	3.797086372783113006e+00	1.955107160000000066e+00	-1.957000806858295805e+00
6.401600400100025956e-01	3.793389562407852633e+00	1.721998519999999866e+00	-1.565396570852244151e+00
6.411602900725181797e-01	3.790401472311128117e+00	9.643954399999999927e-01	-1.108524962178517592e+00
6.421605401350338749e-01	3.789857859551422958e+00	3.945743200000000339e-01	-1.947817448310640853e-01
6.431607901975494590e-01	3.794105776350733983e+00	4.491135999999999739e-02	-1.621480584972264660e-01
6.441610402600650431e-01	3.801900618714094016e+00	-4.472068799999999733e-01	4.578919818456884672e-01
6.451612903225807383e-01	3.810346358920141618e+00	-6.285136000000000056e-01	4.905256681795260310e-01
6.461615403850963224e-01	3.818484020441236471e+00	-7.321174399999998972e-01	9.800309631870904870e-01
6.471617904476120176e-01	3.826288319645891889e+00	-7.968698400000000515e-01	5.557930408472013806e-01
6.481620405101276017e-01	3.833230520826079957e+00	-9.134241599999999295e-01	1.012664649520927940e+00
6.491622905726431858e-01	3.839012931772612269e+00	-8.292460400000000176e-01	7.189614725163894215e-01
6.501625406351588810e-01	3.842748810682066196e+00	-7.450679199999999947e-01	7.842288451840646601e-01
6.511627906976744651e-01	3.842904172721590683e+00	-5.702364399999999556e-01	6.536940998487140719e-01
6.521630407601901602e-01	3.840310071840515427e+00	-3.695039999999999436e-01	3.926246091780131731e-01
6.531632908227057444e-01	3.837777265806189497e+00	-6.890560000000003904e-03	1.315551185073121632e-01
6.541635408852213285e-01	3.835387949875394664e+00	2.909704799999999758e-01	-1.621480584972264660e-01
6.551637909477370236e-01	3.831193249154817515e+00	6.600591600000000891e-01	-4.232175491679274204e-01
6.561640410102526078e-01	3.826378004444044745e+00	1.029147840000000036e+00	-8.800891578416540906e-01
6.571642910727683029e-01	3.823133863896642115e+00	1.469464160000000019e+00	-1.271693393847705744e+00
6.581645411352838870e-01	3.820124075467406843e+00	1.806176639999999889e+00	-1.793832375189107875e+00
6.591647911977994712e-01	3.816183890286684921e+00	2.388948239999999945e+00	-2.283337670196671887e+00
6.601650412603151663e-01	3.813130847246899435e+00	2.311245360000000026e+00	-1.891733434190620455e+00
6.611652913228307504e-01	3.811580014263050931e+00	2.447225399999999773e+00	-2.642308219868886088e+00
6.621655413853464456e-01	3.809490108894641125e+00	2.259443440000000081e+00	-1.989634493192133702e+00
6.631657914478620297e-01	3.805171827951187247e+00	2.421324440000000244e+00	-2.511773474533535389e+00
6.641660415103776138e-01	3.799019062024813653e+00	1.929206199999999871e+00	-1.957000806858295805e+00
6.651662915728933090e-01	3.793025363474579414e+00	1.721998519999999866e+00	-1.467495511850731349e+00
6.661665416354088931e-01	3.789377737477863217e+00	9.320192400000000266e-01	-1.108524962178517592e+00
6.671667916979245883e-01	3.789513149088961974e+00	3.751485999999999432e-01	-3.579501765002521818e-01
6.681670417604401724e-01	3.793297363529402499e+00	4.491135999999999739e-02	-2.600491174987393794e-01
6.691672918229557565e-01	3.799314947842915124e+00	-4.472068799999999733e-01	3.273572365103378790e-01
6.701675418854714517e-01	3.807020660952826319e+00	-6.285136000000000056e-01	5.231593545133637058e-01
6.711677919479870358e-01	3.816779292103503529e+00	-7.385926799999998904e-01	7.842288451840646601e-01
6.721680420105027309e-01	3.826978389954236004e+00	-8.033450799999999337e-01	9.800309631870904870e-01
6.731682920730183151e-01	3.834335585705483496e+00	-9.198994000000000337e-01	1.143199394856278639e+00
6.741685421355338992e-01	3.838198207889863767e+00	-8.227708000000000244e-01	8.821299041855775735e-01
6.751687921980495943e-01	3.840332216032993795e+00	-7.515431599999999879e-01	8.494962178517398987e-01
6.761690422605651785e-01	3.841247957700643756e+00	-5.831869200000000530e-01	5.557930408472013806e-01
6.771692923230808736e-01	3.840322887977625221e+00	-3.695039999999999436e-01	3.365405950579927752e-02
6.781695423855964577e-01	3.837656659226308609e+00	-3.926676000000000472e-02	9.892143217347457163e-02
6.791697924481121529e-01	3.834382225982325920e+00	2.585942800000000097e-01	-2.274154311649017046e-01
6.801700425106277370e-01	3.831064037365440544e+00	6.535839199999999849e-01	-2.926828038325769432e-01
6.811702925731433211e-01	3.827381399086124070e+00	1.009722120000000167e+00	-8.474554715078166378e-01
6.821705426356590163e-01	3.824029741212787048e+00	1.443563199999999824e+00	-1.271693393847705744e+00
6.831707926981746004e-01	3.820963919517085916e+00	1.786750920000000020e+00	-1.565396570852244151e+00
6.841710427606902956e-01	3.816792326188284346e+00	2.375997759999999737e+00	-2.283337670196671887e+00
6.851712928232058797e-01	3.812942876315841279e+00	2.298294879999999818e+00	-1.859099747856782781e+00
6.861715428857214638e-01	3.811215298686664532e+00	2.427799679999999682e+00	-2.805476651538073796e+00
6.871717929482371590e-01	3.808941735001442730e+00	2.240017719999999990e+00	-2.152802924861321632e+00
6.881720430107527431e-01	3.803406263788420727e+00	2.408373960000000036e+00	-2.609674533535048635e+00
6.891722930732684382e-01	3.796642788305969685e+00	1.922730959999999989e+00	-1.891733434190620455e+00
6.901725431357840224e-01	3.792274488009385269e+00	1.709048039999999880e+00	-1.565396570852244151e+00
6.911727931982996065e-01	3.790802066806202131e+00	9.190687600000001511e-01	-8.800891578416540906e-01
6.921730432608153016e-01	3.790765833463674017e+00	3.751485999999999432e-01	-2.600491174987393794e-01
6.931732933233308858e-01	3.792982149287301041e+00	1.901039999999999675e-02	-3.161331316187596802e-02
6.941735433858465809e-01	3.799240560498797326e+00	-4.666325999999999530e-01	3.599909228441755538e-01
6.951737934483621650e-01	3.808323972506966637e+00	-6.414640799999999921e-01	4.252582955118507924e-01
6.961740435108777492e-01	3.817645642653241023e+00	-7.321174399999998972e-01	8.821299041855775735e-01
6.971742935733934443e-01	3.826164578310457198e+00	-8.162955600000000311e-01	7.189614725163894215e-01
6.981745436359090284e-01	3.833393646900521201e+00	-9.198994000000000337e-01	1.077932022188603289e+00
6.991747936984247236e-01	3.838432344478915681e+00	-8.292460400000000176e-01	8.168625315179022239e-01
7.001750437609403077e-01	3.840935721163678540e+00	-7.515431599999999879e-01	8.494962178517398987e-01
7.011752938234558918e-01	3.841493305239986000e+00	-5.961373999999999285e-01	6.536940998487140719e-01
7.021755438859715870e-01	3.840152862288094049e+00	-3.695039999999999436e-01	3.926246091780131731e-01
7.031757939484871711e-01	3.836786792831075044e+00	-1.984104000000000423e-02	1.641888048411497825e-01
7.041760440110028663e-01	3.833126164129091240e+00	2.715447599999999961e-01	-1.295143721633888190e-01
7.051762940735184504e-01	3.830183400188411635e+00	6.341582000000000052e-01	-5.863859808371156834e-01
7.061765441360340345e-01	3.826724241596365150e+00	9.967716399999999588e-01	-7.495544125063037244e-01
7.071767941985497297e-01	3.822656231801363713e+00	1.456513680000000033e+00	-1.336960766515380872e+00
7.081770442610653138e-01	3.818635727440043759e+00	1.773800439999999812e+00	-1.761198688855269978e+00
7.091772943235810089e-01	3.815041399245540088e+00	2.382473000000000063e+00	-2.250703983862834434e+00
7.101775443860965931e-01	3.813351143960058920e+00	2.285344400000000054e+00	-1.761198688855269978e+00
7.111777944486121772e-01	3.813058104596112940e+00	2.421324440000000244e+00	-2.772842965204236343e+00
7.121780445111278723e-01	3.810493032072920894e+00	2.233542480000000108e+00	-1.924367120524458352e+00
7.131782945736434565e-01	3.804136620432917226e+00	2.388948239999999945e+00	-2.740209278870398890e+00
7.141785446361591516e-01	3.796963003391321312e+00	1.916255719999999885e+00	-1.891733434190620455e+00
7.151787946986747357e-01	3.792740385671921732e+00	1.683147080000000129e+00	-1.728565002521432525e+00
7.161790447611903199e-01	3.791511256371965732e+00	9.061182800000000537e-01	-7.821880988401412882e-01
7.171792948237060150e-01	3.791421867993310713e+00	3.816238400000000475e-01	-1.621480584972264660e-01
7.181795448862215991e-01	3.793424929386590705e+00	6.059919999999996421e-03	1.020373171961676869e-03
7.191797949487372943e-01	3.799020232807789110e+00	-4.536821200000000776e-01	3.926246091780131731e-01
7.201800450112528784e-01	3.807467168635076060e+00	-6.414640799999999921e-01	3.599909228441755538e-01
7.211802950737684625e-01	3.817475218839778250e+00	-7.256422000000000150e-01	8.494962178517398987e-01
7.221805451362841577e-01	3.827517199723029062e+00	-8.098203199999999269e-01	3.926246091780131731e-01
7.231807951987997418e-01	3.835472872902179198e+00	-9.263746400000000270e-01	1.208466767523953767e+00
7.241810452613154370e-01	3.840373329603942842e+00	-8.357212800000000108e-01	6.536940998487140719e-01
7.251812953238310211e-01	3.842848831274980004e+00	-7.450679199999999947e-01	1.110565708522440964e+00
7.261815453863467162e-01	3.842712815385036063e+00	-5.831869200000000530e-01	6.536940998487140719e-01
7.271817954488623004e-01	3.839976662496547011e+00	-3.889297199999999788e-01	5.231593545133637058e-01
7.281820455113778845e-01	3.836728656564314832e+00	-2.631628000000000439e-02	1.315551185073121632e-01
7.291822955738935796e-01	3.833942963626814304e+00	2.780200000000000449e-01	-1.947817448310640853e-01
7.301825456364091638e-01	3.830985418503660256e+00	6.212077200000000188e-01	-7.169207261724660496e-01
7.311827956989248589e-01	3.827854132410662302e+00	1.016197360000000049e+00	-7.495544125063037244e-01
7.321830457614404430e-01	3.824593101615588964e+00	1.430612719999999838e+00	-1.336960766515380872e+00
7.331832958239560272e-01	3.821075848214978699e+00	1.786750920000000020e+00	-1.565396570852244151e+00
7.341835458864717223e-01	3.817672559782600672e+00	2.317720599999999909e+00	-2.152802924861321632e+00
7.351837959489873064e-01	3.815143992523420291e+00	2.272393919999999845e+00	-1.826466061522945328e+00
7.361840460115030016e-01	3.812897735586788794e+00	2.414849199999999918e+00	-2.674941906202723541e+00
7.371842960740185857e-01	3.809004795935992060e+00	2.220591999999999899e+00	-2.120169238527484179e+00
7.381845461365341698e-01	3.803304029381672446e+00	2.388948239999999945e+00	-2.577040847201210738e+00
7.391847961990498650e-01	3.797408728210573514e+00	1.896830000000000016e+00	-2.022268179525970933e+00
7.401850462615654491e-01	3.792878168409492545e+00	1.689622319999999789e+00	-1.859099747856782781e+00
7.411852963240811443e-01	3.790325143593382240e+00	8.996430400000000605e-01	-1.043257589510842243e+00
7.421855463865967284e-01	3.789755051759385207e+00	3.751485999999999432e-01	-1.295143721633888190e-01
7.431857964491123125e-01	3.792568682370007771e+00	6.059919999999996421e-03	-1.295143721633888190e-01
7.441860465116280077e-01	3.799683437745201342e+00	-4.601573600000000153e-01	7.189614725163894215e-01
7.451862965741435918e-01	3.808772630933934700e+00	-6.220383600000000124e-01	2.947235501765002597e-01
7.461865466366592869e-01	3.817671871738843148e+00	-7.256422000000000150e-01	1.012664649520927940e+00
7.471867966991748711e-01	3.826395160955547325e+00	-8.162955600000000311e-01	4.905256681795260310e-01
7.481870467616904552e-01	3.834466106000245400e+00	-9.198994000000000337e-01	9.800309631870904870e-01
7.491872968242061503e-01	3.840781967330754387e+00	-8.421965199999998930e-01	9.473972768532528121e-01
7.501875468867217345e-01	3.844511002638169916e+00	-7.580183999999999811e-01	8.494962178517398987e-01
7.511877969492374296e-01	3.844728449511130020e+00	-5.896621600000000463e-01	6.536940998487140719e-01
7.521880470117530137e-01	3.841883021807645626e+00	-3.630287599999999504e-01	4.252582955118507924e-01
7.531882970742685979e-01	3.838444256388727549e+00	-3.279152000000000455e-02	1.641888048411497825e-01
7.541885471367842930e-01	3.835897034134691630e+00	2.585942800000000097e-01	-1.621480584972264660e-01
7.551887971992998771e-01	3.832894227738878001e+00	6.600591600000000891e-01	-4.232175491679274204e-01
7.561890472618155723e-01	3.828441392360090845e+00	1.009722120000000167e+00	-8.148217851739789630e-01
7.571892973243311564e-01	3.823969977827923028e+00	1.430612719999999838e+00	-1.304327080181543197e+00
7.581895473868467406e-01	3.820616350589749466e+00	1.773800439999999812e+00	-1.728565002521432525e+00
7.591897974493624357e-01	3.817829782413635797e+00	2.317720599999999909e+00	-2.218070297528996981e+00
7.601900475118780198e-01	3.814804652035756583e+00	2.272393919999999845e+00	-1.891733434190620455e+00
7.611902975743937150e-01	3.811741168158375270e+00	2.395423479999999827e+00	-2.609674533535048635e+00
7.621905476369092991e-01	3.808991270197595203e+00	2.201166280000000253e+00	-1.989634493192133702e+00
7.631907976994248832e-01	3.805068078741897786e+00	2.375997759999999737e+00	-2.577040847201210738e+00
7.641910477619405784e-01	3.798665578558488853e+00	1.877404279999999925e+00	-1.957000806858295805e+00
7.651912978244561625e-01	3.791813993975254427e+00	1.683147080000000129e+00	-1.630663943519919501e+00
7.661915478869718577e-01	3.787815699823510407e+00	8.866925599999999630e-01	-1.075891275844679917e+00
7.671917979494874418e-01	3.788521560995500526e+00	3.621981200000000678e-01	-9.688068582955121355e-02
7.681920480120030259e-01	3.793823163193279058e+00	1.253515999999999658e-02	-1.295143721633888190e-01
7.691922980745187211e-01	3.801457713323785015e+00	-4.536821200000000776e-01	8.168625315179022239e-01
7.701925481370343052e-01	3.809609677773270864e+00	-6.349888400000001099e-01	3.273572365103378790e-01
7.711927981995500003e-01	3.818295974189663156e+00	-7.450679199999999947e-01	1.012664649520927940e+00
7.721930482620655845e-01	3.826809242535221145e+00	-8.162955600000000311e-01	5.557930408472013806e-01
7.731932983245812796e-01	3.833965348295963249e+00	-9.328498800000000202e-01	8.821299041855775735e-01
7.741935483870968637e-01	3.839133141873117161e+00	-8.292460400000000176e-01	7.842288451840646601e-01
7.751937984496124479e-01	3.841873313833824355e+00	-7.580183999999999811e-01	6.210604135148766192e-01
7.761940485121281430e-01	3.842498344659102560e+00	-5.896621600000000463e-01	8.168625315179022239e-01
7.771942985746437271e-01	3.841482803740603913e+00	-3.759792400000000478e-01	3.273572365103378790e-01
7.781945486371594223e-01	3.839255668650743303e+00	-2.631628000000000439e-02	2.947235501765002597e-01
7.791947986996750064e-01	3.835917898762067679e+00	2.585942800000000097e-01	-3.161331316187596802e-02
7.801950487621905905e-01	3.831092214448685418e+00	6.276829600000000120e-01	-4.558512355017650397e-01
7.811952988247062857e-01	3.826207356373269697e+00	9.967716399999999588e-01	-9.127228441754917654e-01
7.821955488872218698e-01	3.823098024718755372e+00	1.437087959999999942e+00	-1.271693393847705744e+00
7.831957989497375650e-01	3.820618015005377455e+00	1.754374719999999943e+00	-1.957000806858295805e+00
7.841960490122531491e-01	3.817336315490004406e+00	2.350096800000000208e+00	-2.185436611195159529e+00
7.851962990747687332e-01	3.814519635239196571e+00	2.252968199999999754e+00	-1.826466061522945328e+00
7.861965491372844284e-01	3.813064856519725598e+00	2.388948239999999945e+00	-2.609674533535048635e+00
7.871967991998000125e-01	3.810699706561328171e+00	2.214116760000000017e+00	-1.663297629853757176e+00
7.881970492623157076e-01	3.805146614366256230e+00	2.375997759999999737e+00	-2.609674533535048635e+00
7.891972993248312918e-01	3.797899886901215272e+00	1.877404279999999925e+00	-1.761198688855269978e+00
7.901975493873468759e-01	3.792528158157360441e+00	1.650770879999999829e+00	-1.859099747856782781e+00
7.911977994498625710e-01	3.790701413403412712e+00	9.061182800000000537e-01	-1.010623903177004790e+00
7.921980495123781552e-01	3.791685239147337683e+00	3.621981200000000678e-01	-1.947817448310640853e-01
7.931982995748938503e-01	3.794838037398405195e+00	-6.890560000000003904e-03	-6.424699949571360813e-02
7.941985496374094344e-01	3.800161299687802696e+00	-4.666325999999999530e-01	6.536940998487140719e-01
7.951987996999250186e-01	3.807325562401571162e+00	-6.479393199999999853e-01	5.231593545133637058e-01
7.961990497624407137e-01	3.816219934414761816e+00	-7.515431599999999879e-01	9.147635905194151373e-01
7.971992998249562978e-01	3.826117373682377032e+00	-8.162955600000000311e-01	8.168625315179022239e-01
7.981995498874719930e-01	3.834336313703431642e+00	-9.263746400000000270e-01	8.821299041855775735e-01
7.991997999499875771e-01	3.838877626922926556e+00	-8.421965199999998930e-01	8.821299041855775735e-01
8.002000500125031612e-01	3.840887205734043519e+00	-7.515431599999999879e-01	6.863277861825517467e-01
8.012003000750188564e-01	3.842214236923481963e+00	-5.896621600000000463e-01	6.536940998487140719e-01
8.022005501375344405e-01	3.842010354352604740e+00	-3.824544800000000411e-01	4.252582955118507924e-01
8.032008002000501357e-01	3.838706763725046489e+00	-3.279152000000000455e-02	1.315551185073121632e-01
8.042010502625657198e-01	3.833738703189843555e+00	2.456437999999999955e-01	-3.161331316187596802e-02
8.052013003250813039e-01	3.829651619159263554e+00	6.147324800000000256e-01	-4.232175491679274204e-01
8.062015503875969991e-01	3.827046003176430400e+00	9.967716399999999588e-01	-7.495544125063037244e-01
8.072018004501125832e-01	3.824763302512151242e+00	1.411186999999999969e+00	-1.206426021180030395e+00
8.082020505126282783e-01	3.821110751478122403e+00	1.747899480000000061e+00	-1.728565002521432525e+00
8.092023005751438625e-01	3.816312442887885403e+00	2.298294879999999818e+00	-2.250703983862834434e+00
8.102025506376594466e-01	3.813233635889183848e+00	2.240017719999999990e+00	-1.859099747856782781e+00
8.112028007001751417e-01	3.812524681759824396e+00	2.363047279999999972e+00	-2.674941906202723541e+00
8.122030507626907259e-01	3.810395767319829208e+00	2.181740560000000162e+00	-1.924367120524458352e+00
8.132033008252064210e-01	3.804393402948561764e+00	2.350096800000000208e+00	-2.577040847201210738e+00
8.142035508877220051e-01	3.796827744550869799e+00	1.864453799999999939e+00	-1.924367120524458352e+00
8.152038009502377003e-01	3.791733113414337275e+00	1.650770879999999829e+00	-1.663297629853757176e+00
8.162040510127532844e-01	3.790747363308026863e+00	8.866925599999999630e-01	-8.800891578416540906e-01
8.172043010752688685e-01	3.792190586443953570e+00	3.362971600000000394e-01	-2.926828038325769432e-01
8.182045511377845637e-01	3.794798124891198832e+00	-1.336580000000000407e-02	-1.295143721633888190e-01
8.192048012003001478e-01	3.799596971510866616e+00	-4.925335599999999814e-01	6.210604135148766192e-01
8.202050512628158430e-01	3.807519087540193858e+00	-6.414640799999999921e-01	4.905256681795260310e-01
8.212053013253314271e-01	3.817427845320022772e+00	-7.385926799999998904e-01	9.800309631870904870e-01
8.222055513878470112e-01	3.826668846217582853e+00	-8.162955600000000311e-01	9.147635905194151373e-01
8.232058014503627064e-01	3.833507664457894037e+00	-9.328498800000000202e-01	8.821299041855775735e-01
8.242060515128782905e-01	3.837884332862676384e+00	-8.421965199999998930e-01	8.821299041855775735e-01
8.252063015753939856e-01	3.840469413152660216e+00	-7.774441199999999608e-01	7.515951588502269853e-01
8.262065516379095698e-01	3.841768040740685564e+00	-6.026126399999999217e-01	4.905256681795260310e-01
8.272068017004251539e-01	3.841163981937088412e+00	-4.083554400000000140e-01	3.926246091780131731e-01
8.282070517629408490e-01	3.838195457732726190e+00	-5.221724000000000504e-02	-6.424699949571360813e-02
8.292073018254564332e-01	3.834216597685102368e+00	2.521190400000000165e-01	3.365405950579927752e-02
8.302075518879721283e-01	3.830656585006371628e+00	6.147324800000000256e-01	-4.232175491679274204e-01
8.312078019504877124e-01	3.827534074910003969e+00	9.902964000000000766e-01	-5.537522945032778976e-01
8.322080520130032966e-01	3.824262946001042440e+00	1.404711760000000087e+00	-1.108524962178517592e+00
8.332083020755189917e-01	3.820213492871032290e+00	1.734948999999999852e+00	-1.565396570852244151e+00
8.342085521380345758e-01	3.815800549817823129e+00	2.291819639999999936e+00	-2.250703983862834434e+00
8.352088022005502710e-01	3.813110983218927608e+00	2.233542480000000108e+00	-1.793832375189107875e+00
8.362090522630658551e-01	3.812750974971827578e+00	2.356572039999999646e+00	-2.805476651538073796e+00
8.372093023255814392e-01	3.811192586518588499e+00	2.175265319999999836e+00	-1.793832375189107875e+00
8.382095523880971344e-01	3.805220247606348138e+00	2.343621559999999882e+00	-2.609674533535048635e+00
8.392098024506127185e-01	3.797187614607794082e+00	1.845028079999999848e+00	-1.695931316187594851e+00
8.402100525131284137e-01	3.791563884834836529e+00	1.644295639999999947e+00	-1.565396570852244151e+00
8.412103025756439978e-01	3.789464034627463285e+00	8.478411200000001147e-01	-9.453565305093293292e-01
8.422105526381595819e-01	3.789870046973558448e+00	3.362971600000000394e-01	-1.621480584972264660e-01
8.432108027006752771e-01	3.792938317189082031e+00	-2.631628000000000439e-02	-2.600491174987393794e-01
8.442110527631908612e-01	3.799471394604950536e+00	-4.731078399999999462e-01	5.557930408472013806e-01
8.452113028257065563e-01	3.808252286415281240e+00	-6.479393199999999853e-01	4.578919818456884672e-01
8.462115528882221405e-01	3.817156424506433332e+00	-7.515431599999999879e-01	8.821299041855775735e-01
8.472118029507377246e-01	3.825802171528914997e+00	-8.292460400000000176e-01	7.842288451840646601e-01
8.482120530132534197e-01	3.833589055385604016e+00	-9.263746400000000270e-01	1.110565708522440964e+00
8.492123030757690039e-01	3.839005760400119094e+00	-8.551469999999999905e-01	6.863277861825517467e-01
8.502125531382846990e-01	3.841925199259729418e+00	-7.644936400000000853e-01	9.473972768532528121e-01
8.512128032008002831e-01	3.842596993643659253e+00	-6.026126399999999217e-01	5.231593545133637058e-01
8.522130532633158673e-01	3.840711428665660065e+00	-3.889297199999999788e-01	4.578919818456884672e-01
8.532133033258315624e-01	3.837118445356662466e+00	-5.869248000000000520e-02	9.892143217347457163e-02
8.542135533883471465e-01	3.833803420346866275e+00	2.391685600000000023e-01	-1.295143721633888190e-01
8.552138034508628417e-01	3.831271573780559603e+00	6.017820000000000391e-01	-4.558512355017650397e-01
8.562140535133784258e-01	3.827956625921240530e+00	9.643954399999999927e-01	-7.495544125063037244e-01
8.572143035758940099e-01	3.823322736591715731e+00	1.385286039999999996e+00	-1.141158648512355045e+00
8.582145536384097051e-01	3.818927719571715507e+00	1.696097560000000115e+00	-1.630663943519919501e+00
8.592148037009252892e-01	3.815808684920371618e+00	2.304770120000000144e+00	-2.120169238527484179e+00
8.602150537634409844e-01	3.813712228564630546e+00	2.201166280000000253e+00	-1.793832375189107875e+00
8.612153038259565685e-01	3.811969662906114387e+00	2.343621559999999882e+00	-2.707575592536560993e+00
8.622155538884722636e-01	3.808870887743682321e+00	2.162314840000000071e+00	-1.891733434190620455e+00
8.632158039509878478e-01	3.803209141459114484e+00	2.324195839999999791e+00	-2.544407160867373285e+00
8.642160540135034319e-01	3.797134875033608470e+00	1.851503319999999952e+00	-1.826466061522945328e+00
8.652163040760191270e-01	3.793539213195643356e+00	1.618394679999999752e+00	-1.598030257186082048e+00
8.662165541385347112e-01	3.792102170847479581e+00	8.478411200000001147e-01	-9.127228441754917654e-01
8.672168042010504063e-01	3.791738158974128581e+00	3.103962000000000110e-01	-6.424699949571360813e-02
8.682170542635659904e-01	3.793889348040572429e+00	-4.574200000000000488e-02	-9.688068582955121355e-02
8.692173043260815746e-01	3.799669081118641323e+00	-4.860583200000000437e-01	5.884267271810389444e-01
8.702175543885972697e-01	3.807435163955155133e+00	-6.673650399999999649e-01	3.926246091780131731e-01
8.712178044511128538e-01	3.815774904283462110e+00	-7.450679199999999947e-01	9.473972768532528121e-01
8.722180545136285490e-01	3.824735742858964116e+00	-8.357212800000000108e-01	6.863277861825517467e-01
8.732183045761441331e-01	3.833316935911047274e+00	-9.328498800000000202e-01	1.143199394856278639e+00
8.742185546386597172e-01	3.839530611440987062e+00	-8.421965199999998930e-01	1.012664649520927940e+00
8.752188047011754124e-01	3.842430370040431864e+00	-7.774441199999999608e-01	9.473972768532528121e-01
8.762190547636909965e-01	3.842187026928138849e+00	-6.220383600000000124e-01	6.210604135148766192e-01
8.772193048262066917e-01	3.839625234315747093e+00	-4.148306800000000072e-01	5.231593545133637058e-01
8.782195548887222758e-01	3.836544328319303254e+00	-7.164296000000000553e-02	3.365405950579927752e-02
8.792198049512378599e-01	3.834797283086421427e+00	2.262180799999999881e-01	-2.926828038325769432e-01
8.802200550137535551e-01	3.833453531860496089e+00	6.082572400000001434e-01	-4.232175491679274204e-01
8.812203050762691392e-01	3.829770487272781132e+00	9.708706800000000969e-01	-1.010623903177004790e+00
8.822205551387848343e-01	3.824186792027378434e+00	1.372335560000000010e+00	-9.453565305093293292e-01
8.832208052013004185e-01	3.819596020170967332e+00	1.721998519999999866e+00	-1.695931316187594851e+00
8.842210552638160026e-01	3.816805948525157532e+00	2.285344400000000054e+00	-1.957000806858295805e+00
8.852213053263316977e-01	3.814579407056534421e+00	2.201166280000000253e+00	-1.663297629853757176e+00
8.862215553888472819e-01	3.811812869280697846e+00	2.337146319999999999e+00	-2.772842965204236343e+00
8.872218054513629770e-01	3.808017648772227037e+00	2.142889119999999981e+00	-1.957000806858295805e+00
8.882220555138785612e-01	3.803152639606830476e+00	2.317720599999999909e+00	-2.577040847201210738e+00
8.892223055763941453e-01	3.798041708650958359e+00	1.832077599999999862e+00	-2.022268179525970933e+00
8.902225556389098404e-01	3.794035017934764831e+00	1.611919440000000092e+00	-1.467495511850731349e+00
8.912228057014254246e-01	3.791696185264188834e+00	8.413658800000000104e-01	-9.127228441754917654e-01
8.922230557639411197e-01	3.791328898681295634e+00	3.168714400000000042e-01	-6.424699949571360813e-02
8.932233058264567038e-01	3.793745717063226497e+00	-1.336580000000000407e-02	2.947235501765002597e-01
8.942235558889722880e-01	3.799119771846906524e+00	-4.795830800000000504e-01	5.557930408472013806e-01
8.952238059514879831e-01	3.807030224542779617e+00	-6.544145599999999785e-01	4.905256681795260310e-01
8.962240560140035672e-01	3.816970953917092846e+00	-7.644936400000000853e-01	8.168625315179022239e-01
8.972243060765192624e-01	3.827309010310564474e+00	-8.421965199999998930e-01	6.863277861825517467e-01
8.982245561390348465e-01	3.835889857109562318e+00	-9.328498800000000202e-01	1.012664649520927940e+00
8.992248062015504306e-01	3.841223054741159881e+00	-8.421965199999998930e-01	1.045298335854765615e+00
9.002250562640661258e-01	3.842523901813108989e+00	-7.644936400000000853e-01	8.821299041855775735e-01
9.012253063265817099e-01	3.841168075693677686e+00	-6.090878800000000259e-01	7.515951588502269853e-01
9.022255563890974051e-01	3.839836544200650792e+00	-4.083554400000000140e-01	4.252582955118507924e-01
9.032258064516129892e-01	3.838456526136287295e+00	-5.221724000000000504e-02	2.947235501765002597e-01
9.042260565141285733e-01	3.835108602864061744e+00	2.326933200000000090e-01	-2.926828038325769432e-01
9.052263065766442685e-01	3.830526495061886916e+00	5.953067600000000459e-01	-4.232175491679274204e-01
9.062265566391598526e-01	3.826854903292162380e+00	9.579201999999999995e-01	-8.474554715078166378e-01
9.072268067016755477e-01	3.823946061834516019e+00	1.378810799999999892e+00	-1.173792334846192720e+00
9.082270567641911319e-01	3.820887451109510113e+00	1.696097560000000115e+00	-1.630663943519919501e+00
9.092273068267068270e-01	3.817831944761461038e+00	2.272393919999999845e+00	-2.120169238527484179e+00
9.102275568892224111e-01	3.814764537985119830e+00	2.194691039999999926e+00	-1.761198688855269978e+00
9.112278069517379953e-01	3.811752110064833943e+00	2.324195839999999791e+00	-2.642308219868886088e+00
9.122280570142536904e-01	3.808960853981655514e+00	2.136413880000000098e+00	-1.859099747856782781e+00
9.132283070767692745e-01	3.805000264955320066e+00	2.304770120000000144e+00	-2.511773474533535389e+00
9.142285571392849697e-01	3.798888189904758850e+00	1.825602359999999980e+00	-1.793832375189107875e+00
9.152288072018005538e-01	3.793046290218128558e+00	1.605444199999999988e+00	-1.630663943519919501e+00
9.162290572643161379e-01	3.790692225111175873e+00	8.219401600000000307e-01	-9.127228441754917654e-01
9.172293073268318331e-01	3.792068217913145300e+00	3.233466799999999974e-01	-2.926828038325769432e-01
9.182295573893474172e-01	3.795577575008022730e+00	-3.926676000000000472e-02	-3.161331316187596802e-02
9.192298074518631124e-01	3.800690716751663700e+00	-4.925335599999999814e-01	5.557930408472013806e-01
9.202300575143786965e-01	3.807915657615317251e+00	-6.544145599999999785e-01	4.578919818456884672e-01
9.212303075768942806e-01	3.816842230415138371e+00	-7.580183999999999811e-01	9.147635905194151373e-01
9.222305576394099758e-01	3.826019041939632270e+00	-8.227708000000000244e-01	7.515951588502269853e-01
9.232308077019255599e-01	3.834254897786663729e+00	-9.458003599999998956e-01	1.012664649520927940e+00
9.242310577644412550e-01	3.840550233025384674e+00	-8.421965199999998930e-01	9.147635905194151373e-01
9.252313078269568392e-01	3.844098826953758596e+00	-7.644936400000000853e-01	7.842288451840646601e-01
9.262315578894724233e-01	3.844822263499528159e+00	-5.961373999999999285e-01	7.842288451840646601e-01
9.272318079519881184e-01	3.842894573267962688e+00	-4.083554400000000140e-01	4.578919818456884672e-01
9.282320580145037026e-01	3.838949462193582463e+00	-5.869248000000000520e-02	3.926246091780131731e-01
9.292323080770193977e-01	3.834421678206554773e+00	2.197428399999999948e-01	-1.947817448310640853e-01
9.302325581395349818e-01	3.830605534351225305e+00	5.823562799999999484e-01	-3.579501765002521818e-01
9.312328082020505660e-01	3.827918422169894530e+00	9.449697200000000130e-01	-9.127228441754917654e-01
9.322330582645662611e-01	3.825487956330801964e+00	1.378810799999999892e+00	-1.532762884518406477e+00
9.332333083270818452e-01	3.821884105939584497e+00	1.702572799999999775e+00	-1.630663943519919501e+00
9.342335583895975404e-01	3.817701448222979188e+00	2.298294879999999818e+00	-2.283337670196671887e+00
9.352338084521131245e-01	3.815248288995776171e+00	2.181740560000000162e+00	-1.467495511850731349e+00
9.362340585146287086e-01	3.814338616518921476e+00	2.324195839999999791e+00	-2.674941906202723541e+00
9.372343085771444038e-01	3.811752536526605173e+00	2.129938640000000216e+00	-1.663297629853757176e+00
9.382345586396599879e-01	3.805502475936812345e+00	2.298294879999999818e+00	-2.446506101865860039e+00
9.392348087021756831e-01	3.797545096791938413e+00	1.838552839999999744e+00	-1.891733434190620455e+00
9.402350587646912672e-01	3.791628295024440654e+00	1.579543240000000015e+00	-1.663297629853757176e+00
9.412353088272068513e-01	3.789268257804188966e+00	8.348906400000000172e-01	-9.127228441754917654e-01
9.422355588897225465e-01	3.790037712935338199e+00	2.974457200000000245e-01	-2.274154311649017046e-01
9.432358089522381306e-01	3.793755495944579170e+00	-2.631628000000000439e-02	6.628774583963688294e-02
9.442360590147538257e-01	3.800073699504402658e+00	-4.795830800000000504e-01	5.884267271810389444e-01
9.452363090772694099e-01	3.808563123284790297e+00	-6.673650399999999649e-01	4.578919818456884672e-01
9.462365591397849940e-01	3.818393061727163751e+00	-7.580183999999999811e-01	1.110565708522440964e+00
9.472368092023006891e-01	3.827301748705715490e+00	-8.292460400000000176e-01	4.905256681795260310e-01
9.482370592648162733e-01	3.833930481460468886e+00	-9.458003599999998956e-01	1.045298335854765615e+00
9.492373093273319684e-01	3.838897370198369519e+00	-8.551469999999999905e-01	7.189614725163894215e-01
9.502375593898475525e-01	3.841985427309286827e+00	-7.709688800000000786e-01	7.515951588502269853e-01
9.512378094523631367e-01	3.842584113107218258e+00	-6.090878800000000259e-01	6.863277861825517467e-01
9.522380595148788318e-01	3.841681345153188598e+00	-4.083554400000000140e-01	4.905256681795260310e-01
9.532383095773944159e-01	3.839813185066663248e+00	-7.164296000000000553e-02	1.968224911749873740e-01
9.542385596399101111e-01	3.836287247670833622e+00	2.197428399999999948e-01	6.628774583963688294e-02
9.552388097024256952e-01	3.831843124654396693e+00	5.758810400000000662e-01	-4.884849218356027145e-01
9.562390597649413904e-01	3.827974498657432001e+00	9.514449600000001173e-01	-6.190196671709531362e-01
9.572393098274569745e-01	3.823889535077650947e+00	1.346434599999999815e+00	-1.336960766515380872e+00
9.582395598899725586e-01	3.818845722120207231e+00	1.689622319999999789e+00	-1.761198688855269978e+00
9.592398099524882538e-01	3.815181764850401613e+00	2.285344400000000054e+00	-2.185436611195159529e+00
9.602400600150038379e-01	3.814186340537490949e+00	2.175265319999999836e+00	-1.695931316187594851e+00
9.612403100775195330e-01	3.812655318550393968e+00	2.317720599999999909e+00	-2.577040847201210738e+00
9.622405601400351172e-01	3.807780924217774920e+00	2.116988160000000008e+00	-1.859099747856782781e+00
9.632408102025507013e-01	3.801394838523152409e+00	2.291819639999999936e+00	-2.479139788199697936e+00
9.642410602650663964e-01	3.796509700777236596e+00	1.819127120000000097e+00	-1.891733434190620455e+00
9.652413103275819806e-01	3.793703110008697532e+00	1.579543240000000015e+00	-1.695931316187594851e+00
9.662415603900976757e-01	3.791925047332395771e+00	8.219401600000000307e-01	-7.495544125063037244e-01
9.672418104526132598e-01	3.790896370172023300e+00	2.844952399999999826e-01	-1.621480584972264660e-01
9.682420605151288440e-01	3.792231841667961678e+00	-4.574200000000000488e-02	-1.295143721633888190e-01
9.692423105776445391e-01	3.797865073679259851e+00	-5.054840400000000233e-01	6.536940998487140719e-01
9.702425606401601232e-01	3.807521060547459424e+00	-6.673650399999999649e-01	4.578919818456884672e-01
9.712428107026758184e-01	3.818240827993284014e+00	-7.644936400000000853e-01	9.473972768532528121e-01
9.722430607651914025e-01	3.827550580537490088e+00	-8.421965199999998930e-01	6.536940998487140719e-01
9.732433108277069866e-01	3.835379798829150921e+00	-9.458003599999998956e-01	1.110565708522440964e+00
9.742435608902226818e-01	3.840955508234665139e+00	-8.486717599999999972e-01	8.821299041855775735e-01
9.752438109527382659e-01	3.842641666559646119e+00	-7.839193599999999540e-01	9.473972768532528121e-01
9.762440610152539611e-01	3.841695429075854484e+00	-6.220383600000000124e-01	6.210604135148766192e-01
9.772443110777695452e-01	3.840476369431709447e+00	-4.148306800000000072e-01	4.578919818456884672e-01
9.782445611402851293e-01	3.838905374069203180e+00	-7.811819999999999875e-02	1.315551185073121632e-01
9.792448112028008245e-01	3.836170019310388035e+00	2.197428399999999948e-01	6.628774583963688294e-02
9.802450612653164086e-01	3.832324186661429266e+00	5.888315200000000527e-01	-4.232175491679274204e-01
9.812453113278321037e-01	3.827373778251977665e+00	9.320192400000000266e-01	-6.516533535047908110e-01
9.822455613903476879e-01	3.821910974032916464e+00	1.346434599999999815e+00	-1.434861825516893896e+00
9.832458114528632720e-01	3.817549140334159485e+00	1.663721360000000038e+00	-1.826466061522945328e+00
9.842460615153789671e-01	3.814863093093601165e+00	2.259443440000000081e+00	-2.087535552193646726e+00
9.852463115778945513e-01	3.813366641930661771e+00	2.149364359999999863e+00	-1.891733434190620455e+00
9.862465616404102464e-01	3.812364132986584941e+00	2.298294879999999818e+00	-2.511773474533535389e+00
9.872468117029258305e-01	3.809813920495447981e+00	2.110512920000000125e+00	-1.957000806858295805e+00
9.882470617654414147e-01	3.804296979092677944e+00	2.278869160000000171e+00	-2.218070297528996981e+00
9.892473118279571098e-01	3.797676753166081109e+00	1.793226159999999902e+00	-1.663297629853757176e+00
9.902475618904726939e-01	3.792472205322883649e+00	1.573067999999999911e+00	-1.434861825516893896e+00
9.912478119529883891e-01	3.789580580160622159e+00	7.830887200000000714e-01	-8.474554715078166378e-01
9.922480620155039732e-01	3.789525169708293895e+00	2.844952399999999826e-01	-1.621480584972264660e-01
9.932483120780195573e-01	3.792586260861710024e+00	-5.221724000000000504e-02	-2.600491174987393794e-01
9.942485621405352525e-01	3.798959626848746218e+00	-4.990087999999999191e-01	5.557930408472013806e-01
9.952488122030508366e-01	3.808575367986609006e+00	-6.803155199999999514e-01	3.599909228441755538e-01
9.962490622655665318e-01	3.818899197449181937e+00	-7.774441199999999608e-01	1.110565708522440964e+00
9.972493123280821159e-01	3.826724804717928308e+00	-8.357212800000000108e-01	7.842288451840646601e-01
9.982495623905977000e-01	3.832007739784017097e+00	-9.458003599999998956e-01	1.143199394856278639e+00
9.992498124531133952e-01	3.836492301414187178e+00	-8.745727199999999701e-01	1.077932022188603289e+00
1.000250062515628979e+00	3.840470410197932338e+00	-7.903945999999999472e-01	6.863277861825517467e-01
1.001250312578144674e+00	3.842537072062446324e+00	-6.155631200000000192e-01	6.536940998487140719e-01
1.002250562640660370e+00	3.841821568909464357e+00	-4.277811600000000491e-01	3.273572365103378790e-01
1.003250812703175843e+00	3.839155078400003251e+00	-9.754392000000000618e-02	1.315551185073121632e-01
1.004251062765691538e+00	3.835288211384796586e+00	2.132676000000000016e-01	-6.424699949571360813e-02
1.005251312828207233e+00	3.830820673119907926e+00	5.758810400000000662e-01	-3.579501765002521818e-01
1.006251562890722706e+00	3.827137649178422141e+00	9.190687600000001511e-01	-6.842870398386284858e-01
1.007251812953238401e+00	3.823991507512288113e+00	1.333484120000000051e+00	-1.075891275844679917e+00
1.008252063015754096e+00	3.819847722701089854e+00	1.644295639999999947e+00	-1.695931316187594851e+00
1.009252313078269570e+00	3.815592381777070496e+00	2.259443440000000081e+00	-1.989634493192133702e+00
1.010252563140785265e+00	3.813192963680555714e+00	2.142889119999999981e+00	-1.826466061522945328e+00
1.011252813203300960e+00	3.811762355415485803e+00	2.285344400000000054e+00	-2.642308219868886088e+00
1.012253063265816655e+00	3.808557407629149516e+00	2.084611959999999709e+00	-1.859099747856782781e+00
1.013253313328332128e+00	3.802996578686447471e+00	2.246492959999999872e+00	-2.479139788199697936e+00
1.014253563390847823e+00	3.797025954315272678e+00	1.799701400000000007e+00	-1.761198688855269978e+00
1.015253813453363518e+00	3.792512831032664344e+00	1.521266079999999965e+00	-1.532762884518406477e+00
1.016254063515878991e+00	3.790560108982424570e+00	8.025144400000000511e-01	-8.148217851739789630e-01
1.017254313578394687e+00	3.791418171285711569e+00	2.974457200000000245e-01	-6.424699949571360813e-02
1.018254563640910382e+00	3.794050730220669632e+00	-7.164296000000000553e-02	-6.424699949571360813e-02
1.019254813703425855e+00	3.798433612262768655e+00	-5.249097599999998920e-01	5.231593545133637058e-01
1.020255063765941550e+00	3.806336221879882409e+00	-6.803155199999999514e-01	4.905256681795260310e-01
1.021255313828457245e+00	3.816816861668147265e+00	-7.709688800000000786e-01	1.012664649520927940e+00
1.022255563890972940e+00	3.826149880551279026e+00	-8.551469999999999905e-01	6.863277861825517467e-01
1.023255813953488413e+00	3.833318793038020811e+00	-9.652260799999999863e-01	1.045298335854765615e+00
1.024256064016004109e+00	3.838835570801325758e+00	-8.680974800000000879e-01	9.473972768532528121e-01
1.025256314078519804e+00	3.841377269893898383e+00	-7.774441199999999608e-01	8.821299041855775735e-01
1.026256564141035277e+00	3.840761355924441567e+00	-6.155631200000000192e-01	7.515951588502269853e-01
1.027256814203550972e+00	3.839251134629015461e+00	-4.277811600000000491e-01	3.926246091780131731e-01
1.028257064266066667e+00	3.838266196112320117e+00	-9.106868000000001295e-02	2.620898638426626404e-01
1.029257314328582362e+00	3.836422270493605069e+00	2.132676000000000016e-01	-9.688068582955121355e-02
1.030257564391097835e+00	3.832075194974921661e+00	5.629305600000000798e-01	-3.905838628340898566e-01
1.031257814453613531e+00	3.827085505955371669e+00	9.190687600000001511e-01	-7.821880988401412882e-01
1.032258064516129226e+00	3.824044102108846044e+00	1.327008879999999946e+00	-1.010623903177004790e+00
1.033258314578644699e+00	3.821535589220192985e+00	1.657246119999999934e+00	-1.598030257186082048e+00
1.034258564641160394e+00	3.817367714062189776e+00	2.246492959999999872e+00	-1.989634493192133702e+00
1.035258814703676089e+00	3.813154172947425202e+00	2.129938640000000216e+00	-1.826466061522945328e+00
1.036259064766191562e+00	3.811094032266646892e+00	2.265918679999999963e+00	-2.674941906202723541e+00
1.037259314828707257e+00	3.809611351798438683e+00	2.071661479999999944e+00	-1.891733434190620455e+00
1.038259564891222952e+00	3.806067540724234366e+00	2.252968199999999754e+00	-2.740209278870398890e+00
1.039259814953738648e+00	3.800777345191107770e+00	1.799701400000000007e+00	-1.630663943519919501e+00
1.040260065016254121e+00	3.795664267701527983e+00	1.553642280000000042e+00	-1.630663943519919501e+00
1.041260315078769816e+00	3.792088482454214926e+00	7.895639599999999536e-01	-7.495544125063037244e-01
1.042260565141285511e+00	3.791183830411360312e+00	2.844952399999999826e-01	-6.424699949571360813e-02
1.043260815203800984e+00	3.793674429962136330e+00	-5.869248000000000520e-02	3.365405950579927752e-02
1.044261065266316679e+00	3.799197287129627121e+00	-5.184345200000000098e-01	6.210604135148766192e-01
1.045261315328832374e+00	3.807065649959290532e+00	-6.803155199999999514e-01	4.252582955118507924e-01
1.046261565391347848e+00	3.816650930490702809e+00	-7.709688800000000786e-01	9.147635905194151373e-01
1.047261815453863543e+00	3.826331389482715561e+00	-8.421965199999998930e-01	7.842288451840646601e-01
1.048262065516379238e+00	3.834387060665708891e+00	-9.522755999999999998e-01	8.494962178517398987e-01
1.049262315578894933e+00	3.840362510852786571e+00	-8.551469999999999905e-01	8.494962178517398987e-01
1.050262565641410406e+00	3.843497149603920082e+00	-7.839193599999999540e-01	9.800309631870904870e-01
1.051262815703926101e+00	3.843127182702422484e+00	-6.155631200000000192e-01	7.515951588502269853e-01
1.052263065766441796e+00	3.840517986478857893e+00	-4.083554400000000140e-01	5.557930408472013806e-01
1.053263315828957269e+00	3.837598693130631400e+00	-1.104944000000000065e-01	3.365405950579927752e-02
1.054263565891472965e+00	3.835064833983228727e+00	2.132676000000000016e-01	-9.688068582955121355e-02
1.055263815953988660e+00	3.832041675227334299e+00	5.564553199999999755e-01	-5.211186081694403338e-01
1.056264066016504133e+00	3.828108785158695238e+00	9.061182800000000537e-01	-8.474554715078166378e-01
1.057264316079019828e+00	3.824076368146189786e+00	1.307583159999999856e+00	-1.108524962178517592e+00
1.058264566141535523e+00	3.820098772230103190e+00	1.650770879999999829e+00	-1.598030257186082048e+00
1.059264816204051218e+00	3.816371282155843758e+00	2.240017719999999990e+00	-2.120169238527484179e+00
1.060265066266566691e+00	3.814060952245680092e+00	2.123463399999999890e+00	-1.598030257186082048e+00
1.061265316329082387e+00	3.812858580518035279e+00	2.265918679999999963e+00	-2.674941906202723541e+00
1.062265566391598082e+00	3.809789270148358220e+00	2.071661479999999944e+00	-1.793832375189107875e+00
1.063265816454113555e+00	3.803167526561212153e+00	2.252968199999999754e+00	-2.511773474533535389e+00
1.064266066516629250e+00	3.796293989503726429e+00	1.767325200000000152e+00	-1.826466061522945328e+00
1.065266316579144945e+00	3.792899984971134231e+00	1.560117519999999924e+00	-1.598030257186082048e+00
1.066266566641660418e+00	3.792047324472747949e+00	7.830887200000000714e-01	-8.800891578416540906e-01
1.067266816704176113e+00	3.792269721499603286e+00	2.650695199999999474e-01	-6.424699949571360813e-02
1.068267066766691809e+00	3.795059311818841152e+00	-7.164296000000000553e-02	-3.161331316187596802e-02
1.069267316829207504e+00	3.801300711339649308e+00	-5.184345200000000098e-01	6.536940998487140719e-01
1.070267566891722977e+00	3.809670137388840860e+00	-6.867907599999999446e-01	5.557930408472013806e-01
1.071267816954238672e+00	3.818835247309852576e+00	-7.644936400000000853e-01	9.473972768532528121e-01
1.072268067016754367e+00	3.827719402505845192e+00	-8.486717599999999972e-01	6.863277861825517467e-01
1.073268317079269840e+00	3.835068488708309076e+00	-9.652260799999999863e-01	1.045298335854765615e+00
1.074268567141785535e+00	3.840302565872765417e+00	-8.551469999999999905e-01	9.473972768532528121e-01
1.075268817204301230e+00	3.843078752538258591e+00	-7.903945999999999472e-01	9.147635905194151373e-01
1.076269067266816926e+00	3.842935194989289815e+00	-6.090878800000000259e-01	6.210604135148766192e-01
1.077269317329332399e+00	3.840674229970483466e+00	-4.213059199999999449e-01	5.231593545133637058e-01
1.078269567391848094e+00	3.837974208959579858e+00	-8.459344000000000585e-02	1.315551185073121632e-01
1.079269817454363789e+00	3.835382125529004593e+00	2.132676000000000016e-01	-1.621480584972264660e-01
1.080270067516879262e+00	3.832489634256385447e+00	5.499800799999999823e-01	-4.558512355017650397e-01
1.081270317579394957e+00	3.829394214111895067e+00	9.190687600000001511e-01	-7.169207261724660496e-01
1.082270567641910652e+00	3.826031230722156451e+00	1.320533639999999842e+00	-1.271693393847705744e+00
1.083270817704426126e+00	3.821268816693699222e+00	1.637820399999999843e+00	-1.565396570852244151e+00
1.084271067766941821e+00	3.815903123689172727e+00	2.227067239999999781e+00	-2.120169238527484179e+00
1.085271317829457516e+00	3.813282455379735314e+00	2.116988160000000008e+00	-1.532762884518406477e+00
1.086271567891973211e+00	3.812876313312225651e+00	2.259443440000000081e+00	-2.707575592536560993e+00
1.087271817954488684e+00	3.809944785160947589e+00	2.065186240000000062e+00	-1.728565002521432525e+00
1.088272068017004379e+00	3.803529288262740060e+00	2.233542480000000108e+00	-2.577040847201210738e+00
1.089272318079520074e+00	3.796975751724005477e+00	1.767325200000000152e+00	-1.891733434190620455e+00
1.090272568142035547e+00	3.792384392827520934e+00	1.527741319999999847e+00	-1.565396570852244151e+00
1.091272818204551243e+00	3.790310302428094857e+00	7.701382400000000850e-01	-1.141158648512355045e+00
1.092273068267066938e+00	3.791656090940284329e+00	2.456437999999999955e-01	6.628774583963688294e-02
1.093273318329582411e+00	3.796436127567782481e+00	-7.164296000000000553e-02	-6.424699949571360813e-02
1.094273568392098106e+00	3.802989020549571553e+00	-5.313849999999999962e-01	8.494962178517398987e-01
1.095273818454613801e+00	3.809837108378802295e+00	-6.867907599999999446e-01	5.557930408472013806e-01
1.096274068517129496e+00	3.816846221478472856e+00	-7.709688800000000786e-01	9.800309631870904870e-01
1.097274318579644969e+00	3.824504405387266104e+00	-8.486717599999999972e-01	6.536940998487140719e-01
1.098274568642160665e+00	3.832769003038617228e+00	-9.458003599999998956e-01	9.147635905194151373e-01
1.099274818704676360e+00	3.840189402707266275e+00	-8.680974800000000879e-01	6.536940998487140719e-01
1.100275068767191833e+00	3.844646650080000949e+00	-7.774441199999999608e-01	9.147635905194151373e-01
1.101275318829707528e+00	3.845156460241120122e+00	-6.155631200000000192e-01	6.210604135148766192e-01
1.102275568892223223e+00	3.842766240118294263e+00	-4.277811600000000491e-01	6.210604135148766192e-01
1.103275818954738696e+00	3.839814178351760088e+00	-9.754392000000000618e-02	3.273572365103378790e-01
1.104276069017254391e+00	3.837152920267926426e+00	1.938418799999999942e-01	-9.688068582955121355e-02
1.105276319079770087e+00	3.833446594959262210e+00	5.629305600000000798e-01	-3.253164901664145625e-01
1.106276569142285782e+00	3.828386411548731605e+00	9.061182800000000537e-01	-8.800891578416540906e-01
1.107276819204801255e+00	3.823467629691930547e+00	1.301107919999999973e+00	-1.108524962178517592e+00
1.108277069267316950e+00	3.819690349324670553e+00	1.644295639999999947e+00	-1.695931316187594851e+00
1.109277319329832645e+00	3.816946082289725872e+00	2.207641520000000135e+00	-2.120169238527484179e+00
1.110277569392348118e+00	3.814561152428498136e+00	2.104037679999999799e+00	-1.532762884518406477e+00
1.111277819454863813e+00	3.811691229028738359e+00	2.259443440000000081e+00	-2.511773474533535389e+00
1.112278069517379508e+00	3.808032847386741970e+00	2.039285280000000089e+00	-1.793832375189107875e+00
1.113278319579894982e+00	3.803742347354017728e+00	2.227067239999999781e+00	-2.283337670196671887e+00
1.114278569642410677e+00	3.798805127021770645e+00	1.741424239999999957e+00	-1.859099747856782781e+00
1.115278819704926372e+00	3.793963833423081855e+00	1.521266079999999965e+00	-1.402228139183055999e+00
1.116279069767442067e+00	3.791282253574149497e+00	7.766134800000000782e-01	-1.010623903177004790e+00
1.117279319829957540e+00	3.792002653434076720e+00	2.650695199999999474e-01	-6.424699949571360813e-02
1.118279569892473235e+00	3.795465888832647572e+00	-7.811819999999999875e-02	1.020373171961676869e-03
1.119279819954988930e+00	3.801002915850994146e+00	-5.313849999999999962e-01	6.210604135148766192e-01
1.120280070017504404e+00	3.808832101634469502e+00	-6.867907599999999446e-01	4.905256681795260310e-01
1.121280320080020099e+00	3.818380022017703990e+00	-7.774441199999999608e-01	1.045298335854765615e+00
1.122280570142535794e+00	3.827322907439052457e+00	-8.486717599999999972e-01	7.189614725163894215e-01
1.123280820205051489e+00	3.833915858800508669e+00	-9.587508399999999931e-01	1.012664649520927940e+00
1.124281070267566962e+00	3.838501439448668506e+00	-8.551469999999999905e-01	9.800309631870904870e-01
1.125281320330082657e+00	3.841249847548639629e+00	-7.839193599999999540e-01	7.515951588502269853e-01
1.126281570392598352e+00	3.841593117152611647e+00	-6.220383600000000124e-01	7.189614725163894215e-01
1.127281820455113825e+00	3.840254958367951499e+00	-4.213059199999999449e-01	6.536940998487140719e-01
1.128282070517629521e+00	3.838627892675179343e+00	-9.106868000000001295e-02	2.294561775088249655e-01
1.129282320580145216e+00	3.836381238414336980e+00	1.873666400000000010e-01	-1.295143721633888190e-01
1.130282570642660689e+00	3.832418676089077714e+00	5.499800799999999823e-01	-3.905838628340898566e-01
1.131282820705176384e+00	3.828000585551782464e+00	8.866925599999999630e-01	-7.495544125063037244e-01
1.132283070767692079e+00	3.824966940580534214e+00	1.288157439999999765e+00	-1.108524962178517592e+00
1.133283320830207774e+00	3.821940631730086135e+00	1.624869920000000079e+00	-1.598030257186082048e+00
1.134283570892723247e+00	3.817341690126994536e+00	2.188215800000000044e+00	-2.022268179525970933e+00
1.135283820955238943e+00	3.813154260011139218e+00	2.078136719999999826e+00	-1.728565002521432525e+00
1.136284071017754638e+00	3.811163692836003314e+00	2.240017719999999990e+00	-2.381238729198184689e+00
1.137284321080270111e+00	3.809205786906263658e+00	2.032810039999999763e+00	-1.826466061522945328e+00
1.138284571142785806e+00	3.804839245813418813e+00	2.207641520000000135e+00	-2.152802924861321632e+00
1.139284821205301501e+00	3.799028870331091046e+00	1.715523279999999984e+00	-1.859099747856782781e+00
1.140285071267816974e+00	3.793764466868498442e+00	1.514790839999999861e+00	-1.369594452849218325e+00
1.141285321330332669e+00	3.790439565058442817e+00	7.442372800000001121e-01	-9.453565305093293292e-01
1.142285571392848365e+00	3.790429243442435592e+00	2.326933200000000090e-01	-2.600491174987393794e-01
1.143285821455364060e+00	3.793607433178607824e+00	-9.754392000000000618e-02	-6.424699949571360813e-02
1.144286071517879533e+00	3.798933766337242002e+00	-5.249097599999998920e-01	3.926246091780131731e-01
1.145286321580395228e+00	3.806607481766622669e+00	-6.932660000000000489e-01	7.189614725163894215e-01
1.146286571642910923e+00	3.816477575924328569e+00	-7.839193599999999540e-01	9.800309631870904870e-01
1.147286821705426396e+00	3.826638329132639793e+00	-8.486717599999999972e-01	9.147635905194151373e-01
1.148287071767942091e+00	3.834854353426466300e+00	-9.652260799999999863e-01	1.175833081190116092e+00
1.149287321830457786e+00	3.839815396575776862e+00	-8.745727199999999701e-01	9.473972768532528121e-01
1.150287571892973260e+00	3.841703103035622568e+00	-7.968698400000000515e-01	7.842288451840646601e-01
1.151287821955488955e+00	3.841921151565209414e+00	-6.155631200000000192e-01	6.536940998487140719e-01
1.152288072018004650e+00	3.841615063399316465e+00	-4.277811600000000491e-01	1.968224911749873740e-01
1.153288322080520345e+00	3.840363861651702404e+00	-1.169696400000000136e-01	2.294561775088249655e-01
1.154288572143035818e+00	3.836967262467735118e+00	1.873666400000000010e-01	-6.424699949571360813e-02
1.155288822205551513e+00	3.831711092975782940e+00	5.240791200000000094e-01	-2.926828038325769432e-01
1.156289072268067208e+00	3.826469757919511938e+00	8.802173200000000808e-01	-4.884849218356027145e-01
1.157289322330582682e+00	3.822458337704556008e+00	1.288157439999999765e+00	-1.010623903177004790e+00
1.158289572393098377e+00	3.818830597452128828e+00	1.611919440000000092e+00	-1.467495511850731349e+00
1.159289822455614072e+00	3.814701071039015456e+00	2.162314840000000071e+00	-2.185436611195159529e+00
1.160290072518129545e+00	3.811600052134528571e+00	2.071661479999999944e+00	-1.663297629853757176e+00
1.161290322580645240e+00	3.810279835352849531e+00	2.220591999999999899e+00	-2.544407160867373285e+00
1.162290572643160935e+00	3.808259381565968216e+00	2.019859559999999998e+00	-1.793832375189107875e+00
1.163290822705676630e+00	3.803583100071752376e+00	2.181740560000000162e+00	-2.315971356530509784e+00
1.164291072768192103e+00	3.797061600520905689e+00	1.728473759999999970e+00	-1.663297629853757176e+00
1.165291322830707799e+00	3.791312578213336781e+00	1.488889879999999888e+00	-1.532762884518406477e+00
1.166291572893223494e+00	3.788971546952061509e+00	7.571877599999999875e-01	-8.148217851739789630e-01
1.167291822955738967e+00	3.790505967947539467e+00	2.391685600000000023e-01	-1.947817448310640853e-01
1.168292073018254662e+00	3.794346546468642334e+00	-9.754392000000000618e-02	-6.424699949571360813e-02
1.169292323080770357e+00	3.799252597102042106e+00	-5.443354799999999827e-01	5.884267271810389444e-01
1.170292573143286052e+00	3.806149886422411921e+00	-6.867907599999999446e-01	4.578919818456884672e-01
1.171292823205801525e+00	3.816160577690165034e+00	-7.839193599999999540e-01	1.012664649520927940e+00
1.172293073268317221e+00	3.826972077048134135e+00	-8.616222399999999837e-01	6.863277861825517467e-01
1.173293323330832916e+00	3.834764801206903329e+00	-9.652260799999999863e-01	1.077932022188603289e+00
1.174293573393348389e+00	3.839106859856888043e+00	-8.745727199999999701e-01	8.168625315179022239e-01
1.175293823455864084e+00	3.841721059157291673e+00	-7.839193599999999540e-01	8.821299041855775735e-01
1.176294073518379779e+00	3.842493202243563388e+00	-6.479393199999999853e-01	6.863277861825517467e-01
1.177294323580895252e+00	3.840760523458991216e+00	-4.407316399999999801e-01	3.926246091780131731e-01
1.178294573643410947e+00	3.837640094300471372e+00	-1.169696400000000136e-01	1.641888048411497825e-01
1.179294823705926643e+00	3.834549347119188933e+00	1.808914000000000077e-01	-3.161331316187596802e-02
1.180295073768442338e+00	3.831590893237285300e+00	5.240791200000000094e-01	-3.905838628340898566e-01
1.181295323830957811e+00	3.828450103073192334e+00	8.931677999999999562e-01	-6.842870398386284858e-01
1.182295573893473506e+00	3.825066948056904614e+00	1.268731720000000118e+00	-1.141158648512355045e+00
1.183295823955989201e+00	3.821075417896775406e+00	1.605444199999999988e+00	-1.500129198184569024e+00
1.184296074018504674e+00	3.816733072690690065e+00	2.142889119999999981e+00	-2.054901865859808829e+00
1.185296324081020369e+00	3.813714248340238200e+00	2.065186240000000062e+00	-1.630663943519919501e+00
1.186296574143536064e+00	3.812206323687846954e+00	2.214116760000000017e+00	-2.544407160867373285e+00
1.187296824206051538e+00	3.809220137054587951e+00	2.013384319999999672e+00	-1.630663943519919501e+00
1.188297074268567233e+00	3.803373855288011640e+00	2.188215800000000044e+00	-2.413872415532022586e+00
1.189297324331082928e+00	3.797546425682178928e+00	1.683147080000000129e+00	-1.630663943519919501e+00
1.190297574393598623e+00	3.793986980300268375e+00	1.469464160000000019e+00	-1.467495511850731349e+00
1.191297824456114096e+00	3.791792683934759989e+00	7.507125199999999943e-01	-6.516533535047908110e-01
1.192298074518629791e+00	3.790559553377220503e+00	2.326933200000000090e-01	-1.295143721633888190e-01
1.193298324581145486e+00	3.791989297148836702e+00	-9.106868000000001295e-02	1.020373171961676869e-03
1.194298574643660960e+00	3.797093037866893894e+00	-5.378602399999999895e-01	5.557930408472013806e-01
1.195298824706176655e+00	3.805763269340365795e+00	-6.932660000000000489e-01	2.947235501765002597e-01
1.196299074768692350e+00	3.817355371653189167e+00	-7.968698400000000515e-01	1.045298335854765615e+00
1.197299324831207823e+00	3.828303607140732812e+00	-8.486717599999999972e-01	5.557930408472013806e-01
1.198299574893723518e+00	3.834773729243122986e+00	-9.522755999999999998e-01	1.306367826525466569e+00
1.199299824956239213e+00	3.838195139822304203e+00	-8.745727199999999701e-01	7.842288451840646601e-01
1.200300075018754908e+00	3.841309052406820523e+00	-8.033450799999999337e-01	1.012664649520927940e+00
1.201300325081270381e+00	3.842450215209117115e+00	-6.414640799999999921e-01	7.515951588502269853e-01
1.202300575143786077e+00	3.839878214206119633e+00	-4.342563999999999869e-01	5.231593545133637058e-01
1.203300825206301772e+00	3.836300670252118294e+00	-1.234448800000000068e-01	1.315551185073121632e-01
1.204301075268817245e+00	3.834400721377798416e+00	1.808914000000000077e-01	3.365405950579927752e-02
1.205301325331332940e+00	3.832979581122890611e+00	5.305543600000000026e-01	-5.211186081694403338e-01
1.206301575393848635e+00	3.830224166774406136e+00	8.866925599999999630e-01	-5.211186081694403338e-01
1.207301825456364108e+00	3.826437799090328440e+00	1.275206959999999778e+00	-1.206426021180030395e+00
1.208302075518879803e+00	3.822288637449060111e+00	1.598968959999999884e+00	-1.434861825516893896e+00
1.209302325581395499e+00	3.817991899192856753e+00	2.155839599999999745e+00	-1.859099747856782781e+00
1.210302575643911194e+00	3.814697132483760189e+00	2.052235759999999853e+00	-1.695931316187594851e+00
1.211302825706426667e+00	3.812482423370000095e+00	2.207641520000000135e+00	-2.479139788199697936e+00
1.212303075768942362e+00	3.808800456080137398e+00	2.006909079999999790e+00	-1.859099747856782781e+00
1.213303325831458057e+00	3.802967496982538886e+00	2.188215800000000044e+00	-2.479139788199697936e+00
1.214303575893973530e+00	3.797408916525623290e+00	1.689622319999999789e+00	-1.695931316187594851e+00
1.215303825956489225e+00	3.793639964161339861e+00	1.462988919999999915e+00	-1.532762884518406477e+00
1.216304076019004921e+00	3.791364708988807397e+00	7.118610800000001460e-01	-7.821880988401412882e-01
1.217304326081520616e+00	3.790538942226654218e+00	2.197428399999999948e-01	3.365405950579927752e-02
1.218304576144036089e+00	3.793021945121365590e+00	-1.104944000000000065e-01	-3.161331316187596802e-02
1.219304826206551784e+00	3.800072787198829349e+00	-5.378602399999999895e-01	7.515951588502269853e-01
1.220305076269067479e+00	3.809195266179715045e+00	-7.062164799999999243e-01	3.926246091780131731e-01
1.221305326331582952e+00	3.817897306269284918e+00	-7.839193599999999540e-01	9.800309631870904870e-01
1.222305576394098647e+00	3.825915153019125103e+00	-8.745727199999999701e-01	7.189614725163894215e-01
1.223305826456614342e+00	3.832724149363970323e+00	-9.652260799999999863e-01	9.800309631870904870e-01
1.224306076519129816e+00	3.838221247124292912e+00	-8.680974800000000879e-01	9.800309631870904870e-01
1.225306326581645511e+00	3.842191976477332016e+00	-7.839193599999999540e-01	9.473972768532528121e-01
1.226306576644161206e+00	3.843009314659051157e+00	-6.349888400000001099e-01	6.863277861825517467e-01
1.227306826706676901e+00	3.840812026811550428e+00	-4.407316399999999801e-01	4.578919818456884672e-01
1.228307076769192374e+00	3.837938098829744682e+00	-1.169696400000000136e-01	2.294561775088249655e-01
1.229307326831708069e+00	3.835442120543529843e+00	1.744161599999999868e-01	-9.688068582955121355e-02
1.230307576894223764e+00	3.832632175365636495e+00	5.370296000000001069e-01	-4.232175491679274204e-01
1.231307826956739238e+00	3.828896447183676610e+00	8.737420800000000876e-01	-7.821880988401412882e-01
1.232308077019254933e+00	3.824375738766612631e+00	1.281682200000000105e+00	-1.075891275844679917e+00
1.233308327081770628e+00	3.820013646099135407e+00	1.566592759999999807e+00	-1.565396570852244151e+00
1.234308577144286101e+00	3.817329980014480650e+00	2.129938640000000216e+00	-1.957000806858295805e+00
1.235308827206801796e+00	3.816293113296117756e+00	2.045760519999999971e+00	-1.663297629853757176e+00
1.236309077269317491e+00	3.814334221614617881e+00	2.194691039999999926e+00	-2.446506101865860039e+00
1.237309327331833186e+00	3.809863116854614429e+00	1.981008119999999817e+00	-1.728565002521432525e+00
1.238309577394348659e+00	3.804227602711386158e+00	2.168790079999999953e+00	-2.381238729198184689e+00
1.239309827456864355e+00	3.798636880794971749e+00	1.683147080000000129e+00	-1.728565002521432525e+00
1.240310077519380050e+00	3.793427441272207101e+00	1.462988919999999915e+00	-1.532762884518406477e+00
1.241310327581895523e+00	3.790461461467065529e+00	7.312868000000000146e-01	-9.779902168431670040e-01
1.242310577644411218e+00	3.791390329262473546e+00	2.132676000000000016e-01	3.365405950579927752e-02
1.243310827706926913e+00	3.795540755122728704e+00	-9.754392000000000618e-02	-3.161331316187596802e-02
1.244311077769442386e+00	3.801867831312003343e+00	-5.378602399999999895e-01	7.842288451840646601e-01
1.245311327831958081e+00	3.809203696001065342e+00	-7.062164799999999243e-01	3.599909228441755538e-01
1.246311577894473777e+00	3.816311919712862100e+00	-7.774441199999999608e-01	1.012664649520927940e+00
1.247311827956989472e+00	3.824182119519527578e+00	-8.551469999999999905e-01	6.210604135148766192e-01
1.248312078019504945e+00	3.833750581150371595e+00	-9.652260799999999863e-01	7.515951588502269853e-01
1.249312328082020640e+00	3.841920174861569226e+00	-8.680974800000000879e-01	9.800309631870904870e-01
1.250312578144536335e+00	3.845145971184177114e+00	-7.968698400000000515e-01	6.863277861825517467e-01
1.251312828207051808e+00	3.844294022911616704e+00	-6.349888400000001099e-01	9.800309631870904870e-01
1.252313078269567503e+00	3.842134157100960845e+00	-4.342563999999999869e-01	5.231593545133637058e-01
1.253313328332083199e+00	3.839912608454994380e+00	-1.234448800000000068e-01	2.947235501765002597e-01
1.254313578394598672e+00	3.837100675548267947e+00	1.679409199999999935e-01	6.628774583963688294e-02
1.255313828457114367e+00	3.832882096239492054e+00	5.176038800000000162e-01	-4.884849218356027145e-01
1.256314078519630062e+00	3.828495607454144078e+00	8.607915999999999901e-01	-8.800891578416540906e-01
1.257314328582145757e+00	3.825083481047578449e+00	1.268731720000000118e+00	-1.141158648512355045e+00
1.258314578644661230e+00	3.821596484901460311e+00	1.598968959999999884e+00	-1.630663943519919501e+00
1.259314828707176925e+00	3.817851738034046427e+00	2.129938640000000216e+00	-1.859099747856782781e+00
1.260315078769692620e+00	3.814724119080527664e+00	2.045760519999999971e+00	-1.467495511850731349e+00
1.261315328832208094e+00	3.812168642075997038e+00	2.188215800000000044e+00	-2.446506101865860039e+00
1.262315578894723789e+00	3.809330689047133678e+00	1.993958600000000025e+00	-1.532762884518406477e+00
1.263315828957239484e+00	3.804990345905369331e+00	2.162314840000000071e+00	-2.511773474533535389e+00
1.264316079019755179e+00	3.799218664706096149e+00	1.696097560000000115e+00	-1.728565002521432525e+00
1.265316329082270652e+00	3.794361983366412172e+00	1.462988919999999915e+00	-1.565396570852244151e+00
1.266316579144786347e+00	3.792521318387023666e+00	6.989106000000000485e-01	-8.800891578416540906e-01
1.267316829207302042e+00	3.793383887801963894e+00	2.067923600000000084e-01	-3.161331316187596802e-02
1.268317079269817516e+00	3.795981516569779224e+00	-1.104944000000000065e-01	1.020373171961676869e-03
1.269317329332333211e+00	3.800680913999038957e+00	-5.637612000000000734e-01	6.210604135148766192e-01
1.270317579394848906e+00	3.807844692118287799e+00	-7.126917200000000285e-01	6.863277861825517467e-01
1.271317829457364379e+00	3.816421732471936501e+00	-7.903945999999999472e-01	9.473972768532528121e-01
1.272318079519880074e+00	3.825204537930180226e+00	-8.616222399999999837e-01	7.842288451840646601e-01
1.273318329582395769e+00	3.833442266479018201e+00	-9.652260799999999863e-01	9.147635905194151373e-01
1.274318579644911464e+00	3.839653734570036558e+00	-8.680974800000000879e-01	8.168625315179022239e-01
1.275318829707426938e+00	3.842704269303871545e+00	-7.903945999999999472e-01	8.168625315179022239e-01
1.276319079769942633e+00	3.843488559372236324e+00	-6.285136000000000056e-01	7.189614725163894215e-01
1.277319329832458328e+00	3.842874640746361870e+00	-4.407316399999999801e-01	5.557930408472013806e-01
1.278319579894973801e+00	3.840320986543850790e+00	-1.169696400000000136e-01	1.968224911749873740e-01
1.279319829957489496e+00	3.835935830986040518e+00	1.679409199999999935e-01	1.020373171961676869e-03
1.280320080020005191e+00	3.831237291245737087e+00	5.240791200000000094e-01	-3.579501765002521818e-01
1.281320330082520664e+00	3.827216992313281274e+00	8.607915999999999901e-01	-7.169207261724660496e-01
1.282320580145036359e+00	3.823671312332943550e+00	1.255781239999999910e+00	-1.108524962178517592e+00
1.283320830207552055e+00	3.820396755150427648e+00	1.566592759999999807e+00	-1.532762884518406477e+00
1.284321080270067750e+00	3.817096934727305158e+00	2.168790079999999953e+00	-2.022268179525970933e+00
1.285321330332583223e+00	3.814001202999017792e+00	2.039285280000000089e+00	-1.532762884518406477e+00
1.286321580395098918e+00	3.812255142621990167e+00	2.188215800000000044e+00	-2.544407160867373285e+00
1.287321830457614613e+00	3.810686138137874934e+00	1.974532879999999935e+00	-1.695931316187594851e+00
1.288322080520130086e+00	3.806062501366016093e+00	2.162314840000000071e+00	-2.479139788199697936e+00
1.289322330582645781e+00	3.798499729682115689e+00	1.696097560000000115e+00	-1.663297629853757176e+00
1.290322580645161477e+00	3.792024327205889556e+00	1.462988919999999915e+00	-1.434861825516893896e+00
1.291322830707676950e+00	3.789624991431078005e+00	6.989106000000000485e-01	-7.495544125063037244e-01
1.292323080770192645e+00	3.791283271566791235e+00	2.197428399999999948e-01	-9.688068582955121355e-02
1.293323330832708340e+00	3.795678593872291895e+00	-1.234448800000000068e-01	6.628774583963688294e-02
1.294323580895224035e+00	3.801404225262810410e+00	-5.508107199999999759e-01	6.210604135148766192e-01
1.295323830957739508e+00	3.808376778109807681e+00	-7.062164799999999243e-01	6.863277861825517467e-01
1.296324081020255203e+00	3.817527902843963705e+00	-7.968698400000000515e-01	9.473972768532528121e-01
1.297324331082770899e+00	3.827333077257767613e+00	-8.616222399999999837e-01	9.473972768532528121e-01
1.298324581145286372e+00	3.834445487281782583e+00	-9.652260799999999863e-01	9.800309631870904870e-01
1.299324831207802067e+00	3.838059388631172020e+00	-8.875231999999999566e-01	7.842288451840646601e-01
1.300325081270317762e+00	3.839760551264609578e+00	-8.098203199999999269e-01	7.515951588502269853e-01
1.301325331332833235e+00	3.840889830519397474e+00	-6.349888400000001099e-01	5.557930408472013806e-01
1.302325581395348930e+00	3.841133908722027090e+00	-4.407316399999999801e-01	6.210604135148766192e-01
1.303325831457864625e+00	3.839107886142608450e+00	-1.363953600000000210e-01	6.628774583963688294e-02
1.304326081520380320e+00	3.835105898863519602e+00	1.679409199999999935e-01	2.294561775088249655e-01
1.305326331582895794e+00	3.831078357347581953e+00	5.111286400000001340e-01	-3.253164901664145625e-01
1.306326581645411489e+00	3.828082829063648607e+00	8.543163600000001079e-01	-5.863859808371156834e-01
1.307326831707927184e+00	3.825001660693243544e+00	1.236355520000000041e+00	-1.043257589510842243e+00
1.308327081770442657e+00	3.820213443920092988e+00	1.553642280000000042e+00	-1.630663943519919501e+00
1.309327331832958352e+00	3.815128266472747054e+00	2.142889119999999981e+00	-2.185436611195159529e+00
1.310327581895474047e+00	3.812562522770917450e+00	2.013384319999999672e+00	-1.565396570852244151e+00
1.311327831957989742e+00	3.811864183200726952e+00	2.181740560000000162e+00	-2.544407160867373285e+00
1.312328082020505216e+00	3.809465265578366289e+00	1.968057640000000053e+00	-1.565396570852244151e+00
1.313328332083020911e+00	3.803686082709196725e+00	2.142889119999999981e+00	-2.250703983862834434e+00
1.314328582145536606e+00	3.797227380108829209e+00	1.689622319999999789e+00	-1.630663943519919501e+00
1.315328832208052079e+00	3.793292111690149238e+00	1.430612719999999838e+00	-1.336960766515380872e+00
1.316329082270567774e+00	3.791789117991342994e+00	6.924353600000000553e-01	-8.474554715078166378e-01
1.317329332333083469e+00	3.791907471327141010e+00	1.873666400000000010e-01	-9.688068582955121355e-02
1.318329582395598942e+00	3.794002449242427133e+00	-1.169696400000000136e-01	-3.161331316187596802e-02
1.319329832458114637e+00	3.798900308506055090e+00	-5.572859600000000802e-01	6.210604135148766192e-01
1.320330082520630333e+00	3.807069609600158167e+00	-7.062164799999999243e-01	5.884267271810389444e-01
1.321330332583146028e+00	3.816872805886481590e+00	-7.839193599999999540e-01	9.800309631870904870e-01
1.322330582645661501e+00	3.825979612357219839e+00	-8.810479599999999634e-01	7.515951588502269853e-01
1.323330832708177196e+00	3.833352786914601573e+00	-9.652260799999999863e-01	1.143199394856278639e+00
1.324331082770692891e+00	3.838287436815539966e+00	-8.875231999999999566e-01	7.515951588502269853e-01
1.325331332833208364e+00	3.841117362416086589e+00	-8.098203199999999269e-01	1.012664649520927940e+00
1.326331582895724059e+00	3.842547717173475430e+00	-6.479393199999999853e-01	5.557930408472013806e-01
1.327331832958239755e+00	3.841612941049173280e+00	-4.536821200000000776e-01	4.905256681795260310e-01
1.328332083020755228e+00	3.838132427762339205e+00	-1.363953600000000210e-01	2.294561775088249655e-01
1.329332333083270923e+00	3.834220315468647389e+00	1.679409199999999935e-01	-9.688068582955121355e-02
1.330332583145786618e+00	3.831091443825772824e+00	4.981781600000000365e-01	-3.253164901664145625e-01
1.331332833208302313e+00	3.827899164526518128e+00	8.607915999999999901e-01	-5.863859808371156834e-01
1.332333083270817786e+00	3.824225889344630147e+00	1.223405040000000055e+00	-1.206426021180030395e+00
1.333333333333333481e+00	3.820528303678008442e+00	1.553642280000000042e+00	-1.532762884518406477e+00
1.334333583395849177e+00	3.817260741796634438e+00	2.136413880000000098e+00	-1.989634493192133702e+00
1.335333833458364650e+00	3.815038805909904518e+00	2.013384319999999672e+00	-1.663297629853757176e+00
1.336334083520880345e+00	3.813226789483941115e+00	2.168790079999999953e+00	-2.511773474533535389e+00
1.337334333583396040e+00	3.809347104724194022e+00	1.968057640000000053e+00	-1.695931316187594851e+00
1.338334583645911513e+00	3.802577879414594797e+00	2.136413880000000098e+00	-2.283337670196671887e+00
1.339334833708427208e+00	3.796296417524747113e+00	1.676671840000000024e+00	-1.761198688855269978e+00
1.340335083770942903e+00	3.793560592595324632e+00	1.443563199999999824e+00	-1.434861825516893896e+00
1.341335333833458598e+00	3.792474921770786711e+00	6.859601199999999510e-01	-8.474554715078166378e-01
1.342335583895974072e+00	3.791404789190692348e+00	2.132676000000000016e-01	6.628774583963688294e-02
1.343335833958489767e+00	3.793327655439458379e+00	-1.234448800000000068e-01	-3.161331316187596802e-02
1.344336084021005462e+00	3.799975209559838696e+00	-5.572859600000000802e-01	7.515951588502269853e-01
1.345336334083520935e+00	3.808759857778792224e+00	-7.126917200000000285e-01	4.578919818456884672e-01
1.346336584146036630e+00	3.817616925139191153e+00	-7.903945999999999472e-01	9.800309631870904870e-01
1.347336834208552325e+00	3.826549182246826497e+00	-8.810479599999999634e-01	6.536940998487140719e-01
1.348337084271067798e+00	3.834504013783520904e+00	-9.717013200000000905e-01	1.241100453857791219e+00
1.349337334333583494e+00	3.839870612738226718e+00	-8.810479599999999634e-01	8.494962178517398987e-01
1.350337584396099189e+00	3.842665791678428366e+00	-8.098203199999999269e-01	1.175833081190116092e+00
1.351337834458614884e+00	3.843351712336057879e+00	-6.479393199999999853e-01	6.863277861825517467e-01
1.352338084521130357e+00	3.842043759194515573e+00	-4.666325999999999530e-01	4.578919818456884672e-01
1.353338334583646052e+00	3.839252479732991219e+00	-1.428706000000000143e-01	9.892143217347457163e-02
1.354338584646161747e+00	3.835941465343343904e+00	1.549904400000000071e-01	-2.274154311649017046e-01
1.355338834708677220e+00	3.832767046567848279e+00	5.111286400000001340e-01	-1.621480584972264660e-01
1.356339084771192915e+00	3.829686778581047335e+00	8.413658800000000104e-01	-7.495544125063037244e-01
1.357339334833708611e+00	3.826433907799445588e+00	1.216929799999999950e+00	-8.474554715078166378e-01
1.358339584896224306e+00	3.822299511783930459e+00	1.560117519999999924e+00	-1.434861825516893896e+00
1.359339834958739779e+00	3.817391426063326598e+00	2.142889119999999981e+00	-1.957000806858295805e+00
1.360340085021255474e+00	3.813496563808156825e+00	2.000433839999999908e+00	-1.565396570852244151e+00
1.361340335083771169e+00	3.811071020858844971e+00	2.155839599999999745e+00	-2.577040847201210738e+00
1.362340585146286642e+00	3.808465794930055104e+00	1.942156679999999858e+00	-1.859099747856782781e+00
1.363340835208802337e+00	3.804509186310172986e+00	2.129938640000000216e+00	-2.250703983862834434e+00
1.364341085271318033e+00	3.799781096671849046e+00	1.689622319999999789e+00	-1.761198688855269978e+00
1.365341335333833506e+00	3.795837495865132194e+00	1.430612719999999838e+00	-1.271693393847705744e+00
1.366341585396349201e+00	3.793357042429065462e+00	6.794848799999999578e-01	-7.495544125063037244e-01
1.367341835458864896e+00	3.792539171273670462e+00	1.808914000000000077e-01	-3.161331316187596802e-02
1.368342085521380591e+00	3.794586517501124412e+00	-1.363953600000000210e-01	6.628774583963688294e-02
1.369342335583896064e+00	3.800091923520727555e+00	-5.702364399999999556e-01	5.884267271810389444e-01
1.370342585646411759e+00	3.807851763619339636e+00	-7.126917200000000285e-01	4.578919818456884672e-01
1.371342835708927455e+00	3.816618614720744596e+00	-8.098203199999999269e-01	9.473972768532528121e-01
1.372343085771442928e+00	3.825720752562650429e+00	-8.680974800000000879e-01	7.189614725163894215e-01
1.373343335833958623e+00	3.833686318894347966e+00	-9.911270399999999592e-01	1.110565708522440964e+00
1.374343585896474318e+00	3.839058441563774959e+00	-8.745727199999999701e-01	9.800309631870904870e-01
1.375343835958989791e+00	3.841879427992950458e+00	-8.098203199999999269e-01	8.494962178517398987e-01
1.376344086021505486e+00	3.842362325627989517e+00	-6.414640799999999921e-01	8.821299041855775735e-01
1.377344336084021181e+00	3.840888792757597869e+00	-4.472068799999999733e-01	3.273572365103378790e-01
1.378344586146536876e+00	3.838473772287021912e+00	-1.428706000000000143e-01	3.273572365103378790e-01
1.379344836209052350e+00	3.835294073351627198e+00	1.549904400000000071e-01	-1.295143721633888190e-01
1.380345086271568045e+00	3.831737834512773944e+00	5.046534000000000297e-01	-3.253164901664145625e-01
1.381345336334083740e+00	3.828871608959174555e+00	8.543163600000001079e-01	-6.842870398386284858e-01
1.382345586396599213e+00	3.825860688707031443e+00	1.216929799999999950e+00	-1.043257589510842243e+00
1.383345836459114908e+00	3.821147078067919534e+00	1.527741319999999847e+00	-1.402228139183055999e+00
1.384346086521630603e+00	3.816005464663793756e+00	2.110512920000000125e+00	-1.924367120524458352e+00
1.385346336584146076e+00	3.812862781427393433e+00	1.987483359999999921e+00	-1.369594452849218325e+00
1.386346586646661772e+00	3.811596454049753113e+00	2.149364359999999863e+00	-2.446506101865860039e+00
1.387346836709177467e+00	3.810075501211166671e+00	1.942156679999999858e+00	-1.695931316187594851e+00
1.388347086771693162e+00	3.806087970283734911e+00	2.110512920000000125e+00	-2.348605042864347237e+00
1.389347336834208635e+00	3.799120195664643873e+00	1.663721360000000038e+00	-1.630663943519919501e+00
1.390347586896724330e+00	3.792530202271810591e+00	1.417662239999999851e+00	-1.500129198184569024e+00
1.391347836959240025e+00	3.790694609611963362e+00	6.859601199999999510e-01	-8.148217851739789630e-01
1.392348087021755498e+00	3.793240684832766885e+00	1.679409199999999935e-01	-3.161331316187596802e-02
1.393348337084271193e+00	3.797003973103152852e+00	-1.299201200000000000e-01	3.365405950579927752e-02
1.394348587146786889e+00	3.801699202049080295e+00	-5.637612000000000734e-01	7.189614725163894215e-01
1.395348837209302362e+00	3.808554794272324351e+00	-7.191669600000000218e-01	5.884267271810389444e-01
1.396349087271818057e+00	3.817146050579848460e+00	-7.903945999999999472e-01	9.147635905194151373e-01
1.397349337334333752e+00	3.826612311911547160e+00	-8.680974800000000879e-01	7.842288451840646601e-01
1.398349587396849447e+00	3.835605268650335908e+00	-9.781765600000000838e-01	9.800309631870904870e-01
1.399349837459364920e+00	3.841369609116108030e+00	-8.875231999999999566e-01	1.012664649520927940e+00
1.400350087521880615e+00	3.843219980475842235e+00	-8.162955600000000311e-01	8.494962178517398987e-01
1.401350337584396311e+00	3.843494514132619777e+00	-6.479393199999999853e-01	7.515951588502269853e-01
1.402350587646911784e+00	3.842635504122437151e+00	-4.601573600000000153e-01	4.252582955118507924e-01
1.403350837709427479e+00	3.839405738865349083e+00	-1.493458400000000075e-01	2.947235501765002597e-01
1.404351087771943174e+00	3.835182228697882501e+00	1.485152000000000139e-01	-1.295143721633888190e-01
1.405351337834458869e+00	3.831704689977141864e+00	4.852276800000000501e-01	-4.232175491679274204e-01
1.406351587896974342e+00	3.828632320946675272e+00	8.348906400000000172e-01	-7.495544125063037244e-01
1.407351837959490037e+00	3.825963944772368563e+00	1.203979319999999964e+00	-1.369594452849218325e+00
1.408352088022005733e+00	3.823531006226535300e+00	1.560117519999999924e+00	-1.402228139183055999e+00
1.409352338084521206e+00	3.820437205386623791e+00	2.091087200000000035e+00	-1.989634493192133702e+00
1.410352588147036901e+00	3.817198319945337204e+00	1.993958600000000025e+00	-1.304327080181543197e+00
1.411352838209552596e+00	3.814175193692883603e+00	2.129938640000000216e+00	-2.446506101865860039e+00
1.412353088272068069e+00	3.810114426560466949e+00	1.935681439999999975e+00	-1.598030257186082048e+00
1.413353338334583764e+00	3.804583611159257917e+00	2.104037679999999799e+00	-2.381238729198184689e+00
1.414353588397099459e+00	3.798732882200245964e+00	1.644295639999999947e+00	-1.695931316187594851e+00
1.415353838459615154e+00	3.793959484796324055e+00	1.424137479999999734e+00	-1.663297629853757176e+00
1.416354088522130628e+00	3.791306854189310904e+00	6.600591600000000891e-01	-6.842870398386284858e-01
1.417354338584646323e+00	3.791187481389383329e+00	1.808914000000000077e-01	3.365405950579927752e-02
1.418354588647162018e+00	3.793717819103464617e+00	-1.299201200000000000e-01	9.892143217347457163e-02
1.419354838709677491e+00	3.799207453306951532e+00	-5.896621600000000463e-01	8.168625315179022239e-01
1.420355088772193186e+00	3.807586943376230160e+00	-7.191669600000000218e-01	4.905256681795260310e-01
1.421355338834708881e+00	3.817422637878601144e+00	-8.098203199999999269e-01	1.077932022188603289e+00
1.422355588897224354e+00	3.826505661559230553e+00	-8.810479599999999634e-01	5.884267271810389444e-01
1.423355838959740050e+00	3.833928427310337117e+00	-9.781765600000000838e-01	9.800309631870904870e-01
1.424356089022255745e+00	3.839631940406623922e+00	-8.939984399999999498e-01	7.515951588502269853e-01
1.425356339084771440e+00	3.842968176058640495e+00	-8.033450799999999337e-01	8.168625315179022239e-01
1.426356589147286913e+00	3.843990911583400116e+00	-6.479393199999999853e-01	7.515951588502269853e-01
1.427356839209802608e+00	3.843314105676037595e+00	-4.601573600000000153e-01	5.557930408472013806e-01
1.428357089272318303e+00	3.840674089159759497e+00	-1.428706000000000143e-01	1.641888048411497825e-01
1.429357339334833776e+00	3.836380556372697814e+00	1.549904400000000071e-01	1.315551185073121632e-01
1.430357589397349471e+00	3.831961745058601210e+00	4.981781600000000365e-01	-3.905838628340898566e-01
1.431357839459865167e+00	3.828290952213011966e+00	8.284154000000000240e-01	-4.884849218356027145e-01
1.432358089522380640e+00	3.824825974848941712e+00	1.210454560000000068e+00	-1.173792334846192720e+00
1.433358339584896335e+00	3.821035469234220550e+00	1.521266079999999965e+00	-1.630663943519919501e+00
1.434358589647412030e+00	3.817808060117154234e+00	2.104037679999999799e+00	-1.957000806858295805e+00
1.435358839709927725e+00	3.815785802035489116e+00	1.981008119999999817e+00	-1.532762884518406477e+00
1.436359089772443198e+00	3.813524571205857860e+00	2.129938640000000216e+00	-2.446506101865860039e+00
1.437359339834958893e+00	3.809376094993693229e+00	1.922730959999999989e+00	-1.663297629853757176e+00
1.438359589897474589e+00	3.803589292482058237e+00	2.104037679999999799e+00	-2.283337670196671887e+00
1.439359839959990062e+00	3.797884546071777390e+00	1.637820399999999843e+00	-1.695931316187594851e+00
1.440360090022505757e+00	3.793885175907589780e+00	1.404711760000000087e+00	-1.402228139183055999e+00
1.441360340085021452e+00	3.792117069947676722e+00	6.600591600000000891e-01	-9.127228441754917654e-01
1.442360590147536925e+00	3.792627653398986443e+00	1.614656800000000003e-01	-1.295143721633888190e-01
1.443360840210052620e+00	3.795559348690827228e+00	-1.493458400000000075e-01	-6.424699949571360813e-02
1.444361090272568315e+00	3.800676995296507599e+00	-5.702364399999999556e-01	7.189614725163894215e-01
1.445361340335084011e+00	3.807436526111861230e+00	-7.256422000000000150e-01	5.557930408472013806e-01
1.446361590397599484e+00	3.815528768230364687e+00	-8.033450799999999337e-01	1.143199394856278639e+00
1.447361840460115179e+00	3.824730280128214144e+00	-8.745727199999999701e-01	7.189614725163894215e-01
1.448362090522630874e+00	3.833785838051763317e+00	-9.717013200000000905e-01	1.045298335854765615e+00
1.449362340585146347e+00	3.840398381098649505e+00	-8.875231999999999566e-01	8.494962178517398987e-01
1.450362590647662042e+00	3.843208514968709633e+00	-8.162955600000000311e-01	9.147635905194151373e-01
1.451362840710177737e+00	3.842840359722002219e+00	-6.479393199999999853e-01	6.536940998487140719e-01
1.452363090772693432e+00	3.841178306044326085e+00	-4.666325999999999530e-01	5.884267271810389444e-01
1.453363340835208906e+00	3.839283760767291387e+00	-1.428706000000000143e-01	6.628774583963688294e-02
1.454363590897724601e+00	3.836409683804847148e+00	1.549904400000000071e-01	1.315551185073121632e-01
1.455363840960240296e+00	3.832254357546233781e+00	4.917029200000000433e-01	-3.579501765002521818e-01
1.456364091022755769e+00	3.827742920962216466e+00	8.284154000000000240e-01	-4.884849218356027145e-01
1.457364341085271464e+00	3.823624272885744801e+00	1.191028839999999978e+00	-1.239059707513868069e+00
1.458364591147787159e+00	3.820112752157491798e+00	1.508315599999999979e+00	-1.630663943519919501e+00
1.459364841210302632e+00	3.817198460539872329e+00	2.097562439999999917e+00	-1.924367120524458352e+00
1.460365091272818328e+00	3.815179292307697256e+00	1.955107160000000066e+00	-1.663297629853757176e+00
1.461365341335334023e+00	3.813365738053524634e+00	2.116988160000000008e+00	-2.283337670196671887e+00
1.462365591397849718e+00	3.809756093287817613e+00	1.903305239999999898e+00	-1.630663943519919501e+00
1.463365841460365191e+00	3.804315535543464577e+00	2.084611959999999709e+00	-2.022268179525970933e+00
1.464366091522880886e+00	3.798720132324433951e+00	1.618394679999999752e+00	-1.532762884518406477e+00
1.465366341585396581e+00	3.793868327840831611e+00	1.378810799999999892e+00	-1.500129198184569024e+00
1.466366591647912054e+00	3.790905331286962721e+00	6.471086800000001027e-01	-8.800891578416540906e-01
1.467366841710427749e+00	3.791166143308257297e+00	1.485152000000000139e-01	1.020373171961676869e-03
1.468367091772943445e+00	3.794466995533623876e+00	-1.493458400000000075e-01	-3.253164901664145625e-01
1.469367341835458918e+00	3.800262994179067988e+00	-5.896621600000000463e-01	7.189614725163894215e-01
1.470367591897974613e+00	3.808511540276836360e+00	-7.126917200000000285e-01	5.557930408472013806e-01
1.471367841960490308e+00	3.817801574165990086e+00	-7.968698400000000515e-01	1.110565708522440964e+00
1.472368092023006003e+00	3.826063391734519925e+00	-8.810479599999999634e-01	8.821299041855775735e-01
1.473368342085521476e+00	3.833108335003498457e+00	-9.781765600000000838e-01	1.045298335854765615e+00
1.474368592148037171e+00	3.838851896164669597e+00	-8.875231999999999566e-01	1.077932022188603289e+00
1.475368842210552867e+00	3.841655305603195458e+00	-8.162955600000000311e-01	7.515951588502269853e-01
1.476369092273068340e+00	3.841586247991009007e+00	-6.479393199999999853e-01	6.210604135148766192e-01
1.477369342335584035e+00	3.841138800127235076e+00	-4.731078399999999462e-01	4.252582955118507924e-01
1.478369592398099730e+00	3.840827717218401549e+00	-1.622963199999999939e-01	1.968224911749873740e-01
1.479369842460615203e+00	3.838199928672909156e+00	1.355647199999999997e-01	1.020373171961676869e-03
1.480370092523130898e+00	3.832608284869263304e+00	4.917029200000000433e-01	-2.600491174987393794e-01
1.481370342585646593e+00	3.827077222829374126e+00	8.219401600000000307e-01	-6.516533535047908110e-01
1.482370592648162289e+00	3.823302174215935434e+00	1.191028839999999978e+00	-1.010623903177004790e+00
1.483370842710677762e+00	3.819807629796875492e+00	1.501840359999999874e+00	-1.630663943519919501e+00
1.484371092773193457e+00	3.816268058946090225e+00	2.065186240000000062e+00	-1.891733434190620455e+00
1.485371342835709152e+00	3.813493947454887234e+00	1.948631919999999962e+00	-1.565396570852244151e+00
1.486371592898224625e+00	3.810906691987329786e+00	2.104037679999999799e+00	-2.413872415532022586e+00
1.487371842960740320e+00	3.807627953317248348e+00	1.903305239999999898e+00	-1.598030257186082048e+00
1.488372093023256015e+00	3.803273104937017202e+00	2.071661479999999944e+00	-2.348605042864347237e+00
1.489372343085771488e+00	3.798119919263000632e+00	1.586018479999999897e+00	-1.500129198184569024e+00
1.490372593148287184e+00	3.793382047817140723e+00	1.404711760000000087e+00	-1.304327080181543197e+00
1.491372843210802879e+00	3.790780261617042513e+00	6.341582000000000052e-01	-8.474554715078166378e-01
1.492373093273318574e+00	3.791780832337372065e+00	1.614656800000000003e-01	1.020373171961676869e-03
1.493373343335834047e+00	3.795817626614578000e+00	-1.558210800000000007e-01	1.020373171961676869e-03
1.494373593398349742e+00	3.801242917177423575e+00	-5.831869200000000530e-01	6.536940998487140719e-01
1.495373843460865437e+00	3.808060022329860406e+00	-7.321174399999998972e-01	5.884267271810389444e-01
1.496374093523380910e+00	3.816325479725958036e+00	-8.227708000000000244e-01	1.012664649520927940e+00
1.497374343585896606e+00	3.824912802045811855e+00	-8.745727199999999701e-01	8.168625315179022239e-01
1.498374593648412301e+00	3.832621424346635219e+00	-9.652260799999999863e-01	1.012664649520927940e+00
1.499374843710927996e+00	3.837843397945197577e+00	-8.875231999999999566e-01	1.012664649520927940e+00
1.500375093773443469e+00	3.840198375975313994e+00	-8.292460400000000176e-01	9.147635905194151373e-01
1.501375343835959164e+00	3.841260628127720622e+00	-6.479393199999999853e-01	7.515951588502269853e-01
1.502375593898474859e+00	3.841167378822815337e+00	-4.666325999999999530e-01	4.905256681795260310e-01
1.503375843960990332e+00	3.838771802038385861e+00	-1.687715600000000149e-01	2.620898638426626404e-01
1.504376094023506027e+00	3.834467253548087484e+00	1.161389999999999922e-01	-6.424699949571360813e-02
1.505376344086021723e+00	3.830214998074988664e+00	4.658019600000000704e-01	-1.947817448310640853e-01
1.506376594148537196e+00	3.827699453706105093e+00	8.089896800000000443e-01	-6.190196671709531362e-01
1.507376844211052891e+00	3.825499767853808297e+00	1.178078360000000213e+00	-8.474554715078166378e-01
1.508377094273568586e+00	3.820643275091175628e+00	1.488889879999999888e+00	-1.500129198184569024e+00
1.509377344336084281e+00	3.814675693641696785e+00	2.013384319999999672e+00	-1.924367120524458352e+00
1.510377594398599754e+00	3.812039621961702984e+00	1.935681439999999975e+00	-1.598030257186082048e+00
1.511377844461115449e+00	3.812408802166723287e+00	2.078136719999999826e+00	-2.674941906202723541e+00
1.512378094523631145e+00	3.811336483832701738e+00	1.883879520000000030e+00	-1.630663943519919501e+00
1.513378344586146618e+00	3.806725429753357925e+00	2.052235759999999853e+00	-2.446506101865860039e+00
1.514378594648662313e+00	3.799904658269952495e+00	1.586018479999999897e+00	-1.336960766515380872e+00
1.515378844711178008e+00	3.793747585346194384e+00	1.365860319999999906e+00	-1.206426021180030395e+00
1.516379094773693481e+00	3.791417694797536431e+00	6.276829600000000120e-01	-5.863859808371156834e-01
1.517379344836209176e+00	3.792826125785670133e+00	1.485152000000000139e-01	6.628774583963688294e-02
1.518379594898724871e+00	3.795226421103881975e+00	-1.687715600000000149e-01	6.628774583963688294e-02
1.519379844961240567e+00	3.798787396107930814e+00	-5.896621600000000463e-01	5.231593545133637058e-01
1.520380095023756040e+00	3.805951689634325064e+00	-7.385926799999998904e-01	4.905256681795260310e-01
1.521380345086271735e+00	3.816631625816698126e+00	-8.098203199999999269e-01	9.147635905194151373e-01
1.522380595148787430e+00	3.827281383141415194e+00	-8.939984399999999498e-01	8.494962178517398987e-01
1.523380845211302903e+00	3.834912779731430632e+00	-9.781765600000000838e-01	1.110565708522440964e+00
1.524381095273818598e+00	3.839958286374901331e+00	-8.810479599999999634e-01	1.077932022188603289e+00
1.525381345336334293e+00	3.842871206173207987e+00	-8.292460400000000176e-01	1.110565708522440964e+00
1.526381595398849766e+00	3.842929825051292880e+00	-6.479393199999999853e-01	6.536940998487140719e-01
1.527381845461365462e+00	3.841238861707793273e+00	-4.731078399999999462e-01	5.884267271810389444e-01
1.528382095523881157e+00	3.839187063515297371e+00	-1.622963199999999939e-01	1.315551185073121632e-01
1.529382345586396852e+00	3.836383658619548331e+00	1.355647199999999997e-01	-9.688068582955121355e-02
1.530382595648912325e+00	3.832745075728910322e+00	4.722772000000000081e-01	-3.579501765002521818e-01
1.531382845711428020e+00	3.828674871840414884e+00	8.154649200000001485e-01	-7.169207261724660496e-01
1.532383095773943715e+00	3.824122082761159724e+00	1.171603120000000109e+00	-9.127228441754917654e-01
1.533383345836459188e+00	3.819565204652820345e+00	1.508315599999999979e+00	-1.369594452849218325e+00
1.534383595898974884e+00	3.816229949394318144e+00	1.981008119999999817e+00	-1.989634493192133702e+00
1.535383845961490579e+00	3.815023560167917882e+00	1.929206199999999871e+00	-1.402228139183055999e+00
1.536384096024006052e+00	3.814497217902090398e+00	2.078136719999999826e+00	-2.511773474533535389e+00
1.537384346086521747e+00	3.811238033631171529e+00	1.877404279999999925e+00	-1.663297629853757176e+00
1.538384596149037442e+00	3.804349655606721115e+00	2.052235759999999853e+00	-2.315971356530509784e+00
1.539384846211553137e+00	3.797511421272919740e+00	1.553642280000000042e+00	-1.630663943519919501e+00
1.540385096274068610e+00	3.794204838472469365e+00	1.359385079999999801e+00	-1.402228139183055999e+00
1.541385346336584306e+00	3.793330235533215244e+00	6.212077200000000188e-01	-7.495544125063037244e-01
1.542385596399100001e+00	3.793294736604525763e+00	1.355647199999999997e-01	1.020373171961676869e-03
1.543385846461615474e+00	3.795344323415412724e+00	-1.558210800000000007e-01	6.628774583963688294e-02
1.544386096524131169e+00	3.800536610647744062e+00	-5.896621600000000463e-01	5.884267271810389444e-01
1.545386346586646864e+00	3.808349867608686878e+00	-7.450679199999999947e-01	5.231593545133637058e-01
1.546386596649162559e+00	3.817376703777148439e+00	-8.098203199999999269e-01	1.045298335854765615e+00
1.547386846711678032e+00	3.826156099861634630e+00	-9.004736800000000541e-01	7.189614725163894215e-01
1.548387096774193727e+00	3.833711230008131743e+00	-9.846517999999999660e-01	1.110565708522440964e+00
1.549387346836709423e+00	3.839293675500001335e+00	-8.939984399999999498e-01	9.473972768532528121e-01
1.550387596899224896e+00	3.842644583113588475e+00	-8.227708000000000244e-01	1.012664649520927940e+00
1.551387846961740591e+00	3.843860996431124111e+00	-6.803155199999999514e-01	7.515951588502269853e-01
1.552388097024256286e+00	3.842963794358941865e+00	-4.731078399999999462e-01	5.231593545133637058e-01
1.553388347086771759e+00	3.840119134120297151e+00	-1.687715600000000149e-01	2.620898638426626404e-01
1.554388597149287454e+00	3.836296950930714100e+00	1.290894800000000064e-01	6.628774583963688294e-02
1.555388847211803149e+00	3.832912324158034956e+00	4.722772000000000081e-01	-4.232175491679274204e-01
1.556389097274318845e+00	3.829979251611878688e+00	8.025144400000000511e-01	-5.863859808371156834e-01
1.557389347336834318e+00	3.826368298730760120e+00	1.152177400000000018e+00	-1.075891275844679917e+00
1.558389597399350013e+00	3.821861898871313112e+00	1.514790839999999861e+00	-1.402228139183055999e+00
1.559389847461865708e+00	3.817639802885250067e+00	1.929206199999999871e+00	-1.924367120524458352e+00
1.560390097524381181e+00	3.814993412823158181e+00	1.916255719999999885e+00	-1.304327080181543197e+00
1.561390347586896876e+00	3.812991790715468898e+00	2.065186240000000062e+00	-2.446506101865860039e+00
1.562390597649412571e+00	3.809122223481236080e+00	1.864453799999999939e+00	-1.630663943519919501e+00
1.563390847711928044e+00	3.803608810936818241e+00	2.045760519999999971e+00	-2.348605042864347237e+00
1.564391097774443740e+00	3.799363808928981179e+00	1.547167039999999716e+00	-1.859099747856782781e+00
1.565391347836959435e+00	3.796809911959027950e+00	1.365860319999999906e+00	-1.336960766515380872e+00
1.566391597899475130e+00	3.794367984905224755e+00	6.147324800000000256e-01	-8.148217851739789630e-01
1.567391847961990603e+00	3.793459538092740502e+00	1.485152000000000139e-01	2.620898638426626404e-01
1.568392098024506298e+00	3.796465349255864652e+00	-1.558210800000000007e-01	9.892143217347457163e-02
1.569392348087021993e+00	3.802797216240985545e+00	-5.896621600000000463e-01	7.842288451840646601e-01
1.570392598149537466e+00	3.810622228352401386e+00	-7.321174399999998972e-01	5.884267271810389444e-01
1.571392848212053162e+00	3.818702666467143736e+00	-8.227708000000000244e-01	1.012664649520927940e+00
1.572393098274568857e+00	3.826455307296548369e+00	-8.810479599999999634e-01	6.210604135148766192e-01
1.573393348337084330e+00	3.833531113433356285e+00	-9.846517999999999660e-01	1.012664649520927940e+00
1.574393598399600025e+00	3.839407847296153697e+00	-9.004736800000000541e-01	7.189614725163894215e-01
1.575393848462115720e+00	3.843235675302114629e+00	-8.292460400000000176e-01	1.045298335854765615e+00
1.576394098524631415e+00	3.843713113649165791e+00	-6.673650399999999649e-01	8.168625315179022239e-01
1.577394348587146888e+00	3.841270068662304027e+00	-4.795830800000000504e-01	5.557930408472013806e-01
1.578394598649662584e+00	3.838383192726287696e+00	-1.687715600000000149e-01	4.252582955118507924e-01
1.579394848712178279e+00	3.835831947763579830e+00	1.226142399999999993e-01	-9.688068582955121355e-02
1.580395098774693752e+00	3.832603234715745266e+00	4.787524399999999458e-01	-3.579501765002521818e-01
1.581395348837209447e+00	3.828608508302232760e+00	7.830887200000000714e-01	-7.821880988401412882e-01
1.582395598899725142e+00	3.824940644199288364e+00	1.171603120000000109e+00	-1.075891275844679917e+00
1.583395848962240837e+00	3.822187807597622111e+00	1.462988919999999915e+00	-1.336960766515380872e+00
1.584396099024756310e+00	3.819823976077409533e+00	1.935681439999999975e+00	-1.891733434190620455e+00
1.585396349087272005e+00	3.817754125494428941e+00	1.903305239999999898e+00	-1.369594452849218325e+00
1.586396599149787701e+00	3.815532448401770527e+00	2.065186240000000062e+00	-2.218070297528996981e+00
1.587396849212303174e+00	3.811468213614308986e+00	1.851503319999999952e+00	-1.630663943519919501e+00
1.588397099274818869e+00	3.805416866513853691e+00	2.026334799999999881e+00	-2.218070297528996981e+00
1.589397349337334564e+00	3.799254264056671548e+00	1.540691800000000056e+00	-1.695931316187594851e+00
1.590397599399850037e+00	3.794293541398821912e+00	1.333484120000000051e+00	-1.336960766515380872e+00
1.591397849462365732e+00	3.791006553146270441e+00	6.082572400000001434e-01	-7.821880988401412882e-01
1.592398099524881427e+00	3.790858952709410090e+00	1.420399599999999929e-01	1.020373171961676869e-03
1.593398349587397123e+00	3.794998243505284918e+00	-1.752468000000000081e-01	6.628774583963688294e-02
1.594398599649912596e+00	3.801680924214162260e+00	-5.831869200000000530e-01	7.515951588502269853e-01
1.595398849712428291e+00	3.809404607736915693e+00	-7.385926799999998904e-01	5.231593545133637058e-01
1.596399099774943986e+00	3.818801094282839426e+00	-8.162955600000000311e-01	1.045298335854765615e+00
1.597399349837459459e+00	3.828537293301086386e+00	-8.810479599999999634e-01	7.515951588502269853e-01
1.598399599899975154e+00	3.835729549425746399e+00	-9.911270399999999592e-01	9.800309631870904870e-01
1.599399849962490849e+00	3.839842527902591396e+00	-9.004736800000000541e-01	1.077932022188603289e+00
1.600400100025006322e+00	3.841655607550257923e+00	-8.292460400000000176e-01	9.147635905194151373e-01
1.601400350087522018e+00	3.841532110295613478e+00	-6.544145599999999785e-01	7.515951588502269853e-01
1.602400600150037713e+00	3.840188484882351982e+00	-4.860583200000000437e-01	6.536940998487140719e-01
1.603400850212553408e+00	3.838489200793109291e+00	-1.752468000000000081e-01	2.947235501765002597e-01
1.604401100275068881e+00	3.836374319326318449e+00	1.226142399999999993e-01	-3.161331316187596802e-02
1.605401350337584576e+00	3.833311834238496640e+00	4.658019600000000704e-01	-2.926828038325769432e-01
1.606401600400100271e+00	3.829781284425235910e+00	8.025144400000000511e-01	-7.169207261724660496e-01
1.607401850462615744e+00	3.826437527005047468e+00	1.152177400000000018e+00	-9.779902168431670040e-01
1.608402100525131440e+00	3.822135978165691839e+00	1.469464160000000019e+00	-1.532762884518406477e+00
1.609402350587647135e+00	3.816824923159067406e+00	1.942156679999999858e+00	-1.859099747856782781e+00
1.610402600650162608e+00	3.813546904243526381e+00	1.890354760000000134e+00	-1.565396570852244151e+00
1.611402850712678303e+00	3.812793708219052391e+00	2.045760519999999971e+00	-2.283337670196671887e+00
1.612403100775193998e+00	3.810836352225684731e+00	1.845028079999999848e+00	-1.598030257186082048e+00
1.613403350837709693e+00	3.805612185641494616e+00	2.026334799999999881e+00	-2.087535552193646726e+00
1.614403600900225166e+00	3.798889099340621911e+00	1.540691800000000056e+00	-1.695931316187594851e+00
1.615403850962740862e+00	3.793351300526086156e+00	1.339959359999999933e+00	-1.434861825516893896e+00
1.616404101025256557e+00	3.790483981111708811e+00	6.082572400000001434e-01	-7.169207261724660496e-01
1.617404351087772030e+00	3.791298946238967016e+00	1.096637599999999990e-01	-1.621480584972264660e-01
1.618404601150287725e+00	3.795989774139089779e+00	-1.687715600000000149e-01	1.641888048411497825e-01
1.619404851212803420e+00	3.802492270199170576e+00	-5.896621600000000463e-01	5.231593545133637058e-01
1.620405101275318893e+00	3.808996128547867510e+00	-7.450679199999999947e-01	7.189614725163894215e-01
1.621405351337834588e+00	3.816002091132848051e+00	-8.292460400000000176e-01	1.110565708522440964e+00
1.622405601400350283e+00	3.824142149792481682e+00	-8.939984399999999498e-01	8.821299041855775735e-01
1.623405851462865979e+00	3.832476047453681200e+00	-1.004077520000000057e+00	1.175833081190116092e+00
1.624406101525381452e+00	3.839022138957558727e+00	-8.875231999999999566e-01	8.821299041855775735e-01
1.625406351587897147e+00	3.842230381356023017e+00	-8.292460400000000176e-01	6.863277861825517467e-01
1.626406601650412842e+00	3.842486033175710247e+00	-6.608898000000000827e-01	7.189614725163894215e-01
1.627406851712928315e+00	3.841666054879567138e+00	-4.860583200000000437e-01	3.599909228441755538e-01
1.628407101775444010e+00	3.840276895896525211e+00	-1.752468000000000081e-01	3.926246091780131731e-01
1.629407351837959705e+00	3.836970390695700672e+00	1.161389999999999922e-01	9.892143217347457163e-02
1.630407601900475401e+00	3.831668005896345264e+00	4.593267200000000772e-01	-2.926828038325769432e-01
1.631407851962990874e+00	3.826399997071464831e+00	7.895639599999999536e-01	-5.211186081694403338e-01
1.632408102025506569e+00	3.822803825936361921e+00	1.152177400000000018e+00	-1.206426021180030395e+00
1.633408352088022264e+00	3.820082389742316398e+00	1.462988919999999915e+00	-1.434861825516893896e+00
1.634408602150537737e+00	3.816853005876968297e+00	1.942156679999999858e+00	-1.957000806858295805e+00
1.635408852213053432e+00	3.814195324399892506e+00	1.883879520000000030e+00	-1.598030257186082048e+00
1.636409102275569127e+00	3.812913491260859100e+00	2.045760519999999971e+00	-2.348605042864347237e+00
1.637409352338084600e+00	3.810672130570605720e+00	1.838552839999999744e+00	-1.565396570852244151e+00
1.638409602400600296e+00	3.805701760102621733e+00	2.006909079999999790e+00	-2.283337670196671887e+00
1.639409852463115991e+00	3.799226009114730296e+00	1.521266079999999965e+00	-1.402228139183055999e+00
1.640410102525631686e+00	3.793530426147381007e+00	1.333484120000000051e+00	-1.336960766515380872e+00
1.641410352588147159e+00	3.790299454981875815e+00	5.758810400000000662e-01	-5.211186081694403338e-01
1.642410602650662854e+00	3.790134618050066351e+00	1.226142399999999993e-01	1.020373171961676869e-03
1.643410852713178549e+00	3.793414599424504541e+00	-1.881972800000000223e-01	6.628774583963688294e-02
1.644411102775694022e+00	3.800099203982709284e+00	-6.026126399999999217e-01	6.210604135148766192e-01
1.645411352838209718e+00	3.808740949797683406e+00	-7.515431599999999879e-01	4.905256681795260310e-01
1.646411602900725413e+00	3.818143129742592290e+00	-8.162955600000000311e-01	1.045298335854765615e+00
1.647411852963240886e+00	3.827412041578301949e+00	-8.939984399999999498e-01	8.168625315179022239e-01
1.648412103025756581e+00	3.834568213459720987e+00	-9.911270399999999592e-01	1.077932022188603289e+00
1.649412353088272276e+00	3.838894141879830357e+00	-9.069489200000000473e-01	9.147635905194151373e-01
1.650412603150787971e+00	3.841754389017823623e+00	-8.292460400000000176e-01	8.821299041855775735e-01
1.651412853213303444e+00	3.843329545575736805e+00	-6.738402799999999582e-01	7.189614725163894215e-01
1.652413103275819140e+00	3.842429842902719717e+00	-4.795830800000000504e-01	5.231593545133637058e-01
1.653413353338334835e+00	3.839525595723443097e+00	-1.817220400000000013e-01	1.968224911749873740e-01
1.654413603400850308e+00	3.836209076614460756e+00	1.161389999999999922e-01	3.365405950579927752e-02
1.655413853463366003e+00	3.832823228245197278e+00	4.593267200000000772e-01	-3.905838628340898566e-01
1.656414103525881698e+00	3.829367738105879493e+00	7.766134800000000782e-01	-6.190196671709531362e-01
1.657414353588397171e+00	3.825823701744901939e+00	1.145702159999999914e+00	-9.779902168431670040e-01
1.658414603650912866e+00	3.821437077074207433e+00	1.456513680000000033e+00	-1.467495511850731349e+00
1.659414853713428561e+00	3.816814703563890632e+00	1.935681439999999975e+00	-1.957000806858295805e+00
1.660415103775944257e+00	3.813972079962443473e+00	1.877404279999999925e+00	-1.663297629853757176e+00
1.661415353838459730e+00	3.812632495620392525e+00	2.032810039999999763e+00	-2.381238729198184689e+00
1.662415603900975425e+00	3.809820554433539286e+00	1.832077599999999862e+00	-1.402228139183055999e+00
1.663415853963491120e+00	3.804080614539016914e+00	2.000433839999999908e+00	-2.315971356530509784e+00
1.664416104026006593e+00	3.797867866935614067e+00	1.527741319999999847e+00	-1.402228139183055999e+00
1.665416354088522288e+00	3.794338385440908734e+00	1.327008879999999946e+00	-1.434861825516893896e+00
1.666416604151037983e+00	3.793445396184547569e+00	5.823562799999999484e-01	-8.148217851739789630e-01
1.667416854213553457e+00	3.793598851291465568e+00	1.161389999999999922e-01	-9.688068582955121355e-02
1.668417104276069152e+00	3.795133269274590937e+00	-2.011477600000000088e-01	3.365405950579927752e-02
1.669417354338584847e+00	3.799414730987531019e+00	-5.896621600000000463e-01	5.557930408472013806e-01
1.670417604401100542e+00	3.806991965512667608e+00	-7.450679199999999947e-01	3.599909228441755538e-01
1.671417854463616015e+00	3.817113023612523470e+00	-8.292460400000000176e-01	1.241100453857791219e+00
1.672418104526131710e+00	3.826987367709739907e+00	-9.069489200000000473e-01	6.536940998487140719e-01
1.673418354588647405e+00	3.833906124366481816e+00	-9.911270399999999592e-01	1.273734140191629116e+00
1.674418604651162878e+00	3.838173036796998616e+00	-9.004736800000000541e-01	1.110565708522440964e+00
1.675418854713678574e+00	3.840902541698245187e+00	-8.227708000000000244e-01	9.147635905194151373e-01
1.676419104776194269e+00	3.841390006502333421e+00	-6.803155199999999514e-01	6.863277861825517467e-01
1.677419354838709964e+00	3.839839461614734439e+00	-4.925335599999999814e-01	5.231593545133637058e-01
1.678419604901225437e+00	3.838502248368774072e+00	-1.946725200000000155e-01	6.628774583963688294e-02
1.679419854963741132e+00	3.837548813924293256e+00	1.031885200000000058e-01	1.315551185073121632e-01
1.680420105026256827e+00	3.835048363437525420e+00	4.528514799999999729e-01	-3.905838628340898566e-01
1.681420355088772300e+00	3.830610538973834522e+00	7.895639599999999536e-01	-3.905838628340898566e-01
1.682420605151287996e+00	3.825205213963780437e+00	1.139226920000000032e+00	-8.800891578416540906e-01
1.683420855213803691e+00	3.820167733425474665e+00	1.456513680000000033e+00	-1.434861825516893896e+00
1.684421105276319164e+00	3.816627784198544315e+00	1.968057640000000053e+00	-1.793832375189107875e+00
1.685421355338834859e+00	3.814490852977786783e+00	1.877404279999999925e+00	-1.565396570852244151e+00
1.686421605401350554e+00	3.812699788733851403e+00	2.032810039999999763e+00	-2.413872415532022586e+00
1.687421855463866249e+00	3.809649970849949607e+00	1.819127120000000097e+00	-1.500129198184569024e+00
1.688422105526381722e+00	3.804700130653484891e+00	2.013384319999999672e+00	-2.283337670196671887e+00
1.689422355588897418e+00	3.799208950851682420e+00	1.514790839999999861e+00	-1.565396570852244151e+00
1.690422605651413113e+00	3.794735772789993522e+00	1.327008879999999946e+00	-1.304327080181543197e+00
1.691422855713928586e+00	3.792260319710694549e+00	5.888315200000000527e-01	-6.516533535047908110e-01
1.692423105776444281e+00	3.792267721942229830e+00	1.226142399999999993e-01	1.315551185073121632e-01
1.693423355838959976e+00	3.795048156192556643e+00	-1.946725200000000155e-01	1.020373171961676869e-03
1.694423605901475449e+00	3.801149631724769939e+00	-6.155631200000000192e-01	7.515951588502269853e-01
1.695423855963991144e+00	3.809524075908598206e+00	-7.709688800000000786e-01	3.926246091780131731e-01
1.696424106026506839e+00	3.818071013696761717e+00	-8.227708000000000244e-01	1.045298335854765615e+00
1.697424356089022535e+00	3.826097860723979505e+00	-9.004736800000000541e-01	7.515951588502269853e-01
1.698424606151538008e+00	3.833114126562777724e+00	-9.846517999999999660e-01	1.077932022188603289e+00
1.699424856214053703e+00	3.838468902026018537e+00	-9.069489200000000473e-01	1.012664649520927940e+00
1.700425106276569398e+00	3.842187472146617377e+00	-8.421965199999998930e-01	9.147635905194151373e-01
1.701425356339084871e+00	3.843849743833452681e+00	-6.738402799999999582e-01	8.168625315179022239e-01
1.702425606401600566e+00	3.842958141886644974e+00	-4.795830800000000504e-01	5.231593545133637058e-01
1.703425856464116261e+00	3.840175067750437599e+00	-1.881972800000000223e-01	2.294561775088249655e-01
1.704426106526631735e+00	3.836787976731464767e+00	1.096637599999999990e-01	-3.161331316187596802e-02
1.705426356589147430e+00	3.833424330404735070e+00	4.463762399999999797e-01	-2.600491174987393794e-01
1.706426606651663125e+00	3.829547815569280811e+00	7.895639599999999536e-01	-6.516533535047908110e-01
1.707426856714178820e+00	3.824913038480159511e+00	1.139226920000000032e+00	-9.127228441754917654e-01
1.708427106776694293e+00	3.820614067606665554e+00	1.443563199999999824e+00	-1.336960766515380872e+00
1.709427356839209988e+00	3.817495803843454993e+00	1.974532879999999935e+00	-1.891733434190620455e+00
1.710427606901725683e+00	3.815384637584808392e+00	1.877404279999999925e+00	-1.728565002521432525e+00
1.711427856964241156e+00	3.813638334357096316e+00	2.032810039999999763e+00	-2.283337670196671887e+00
1.712428107026756852e+00	3.810531772465591160e+00	1.819127120000000097e+00	-1.663297629853757176e+00
1.713428357089272547e+00	3.804891680708064161e+00	2.006909079999999790e+00	-2.218070297528996981e+00
1.714428607151788020e+00	3.798878844559899992e+00	1.514790839999999861e+00	-1.598030257186082048e+00
1.715428857214303715e+00	3.795156993128879108e+00	1.333484120000000051e+00	-1.206426021180030395e+00
1.716429107276819410e+00	3.793359155845743125e+00	5.823562799999999484e-01	-5.863859808371156834e-01
1.717429357339335105e+00	3.792894271573812759e+00	1.096637599999999990e-01	2.294561775088249655e-01
1.718429607401850578e+00	3.795476089113006157e+00	-2.011477600000000088e-01	1.020373171961676869e-03
1.719429857464366274e+00	3.801987246175607904e+00	-6.026126399999999217e-01	7.842288451840646601e-01
1.720430107526881969e+00	3.810039419400205407e+00	-7.580183999999999811e-01	3.273572365103378790e-01
1.721430357589397442e+00	3.817436909939377454e+00	-8.227708000000000244e-01	8.821299041855775735e-01
1.722430607651913137e+00	3.825086933143495571e+00	-9.004736800000000541e-01	7.515951588502269853e-01
1.723430857714428832e+00	3.833572068366635222e+00	-1.004077520000000057e+00	6.863277861825517467e-01
1.724431107776944527e+00	3.840673702297838332e+00	-9.004736800000000541e-01	1.143199394856278639e+00
1.725431357839460000e+00	3.844255702230210403e+00	-8.357212800000000108e-01	8.821299041855775735e-01
1.726431607901975696e+00	3.844177201231068874e+00	-6.608898000000000827e-01	9.800309631870904870e-01
1.727431857964491391e+00	3.841799795599407208e+00	-4.860583200000000437e-01	6.210604135148766192e-01
1.728432108027006864e+00	3.839350944812404798e+00	-1.817220400000000013e-01	2.947235501765002597e-01
1.729432358089522559e+00	3.837488047221956577e+00	1.031885200000000058e-01	-6.424699949571360813e-02
1.730432608152038254e+00	3.834696188915837745e+00	4.658019600000000704e-01	-3.579501765002521818e-01
1.731432858214553727e+00	3.830687516062920572e+00	7.442372800000001121e-01	-8.800891578416540906e-01
1.732433108277069422e+00	3.826469564650277544e+00	1.139226920000000032e+00	-8.148217851739789630e-01
1.733433358339585117e+00	3.822275703882911824e+00	1.437087959999999942e+00	-1.434861825516893896e+00
1.734433608402100813e+00	3.818593764329822449e+00	1.961582399999999726e+00	-1.695931316187594851e+00
1.735433858464616286e+00	3.815984095451873781e+00	1.857978559999999835e+00	-1.271693393847705744e+00
1.736434108527131981e+00	3.813857599567469503e+00	2.013384319999999672e+00	-2.315971356530509784e+00
1.737434358589647676e+00	3.811127876996034836e+00	1.812651879999999993e+00	-1.434861825516893896e+00
1.738434608652163149e+00	3.806659906108804670e+00	1.987483359999999921e+00	-2.315971356530509784e+00
1.739434858714678844e+00	3.800557247519259718e+00	1.514790839999999861e+00	-1.565396570852244151e+00
1.740435108777194539e+00	3.795200996102379154e+00	1.307583159999999856e+00	-1.402228139183055999e+00
1.741435358839710013e+00	3.792728898717584674e+00	5.758810400000000662e-01	-7.495544125063037244e-01
1.742435608902225708e+00	3.793371094621686979e+00	8.376279999999999837e-02	1.315551185073121632e-01
1.743435858964741403e+00	3.796742873492730652e+00	-1.946725200000000155e-01	1.968224911749873740e-01
1.744436109027257098e+00	3.802427726634344474e+00	-6.155631200000000192e-01	6.536940998487140719e-01
1.745436359089772571e+00	3.809759813688978092e+00	-7.644936400000000853e-01	6.536940998487140719e-01
1.746436609152288266e+00	3.817662625858562642e+00	-8.227708000000000244e-01	9.473972768532528121e-01
1.747436859214803961e+00	3.825497783031137189e+00	-9.134241599999999295e-01	8.821299041855775735e-01
1.748437109277319434e+00	3.833450003252523608e+00	-1.010552759999999939e+00	9.473972768532528121e-01
1.749437359339835130e+00	3.840160919542954687e+00	-9.134241599999999295e-01	9.473972768532528121e-01
1.750437609402350825e+00	3.843089666135952598e+00	-8.292460400000000176e-01	9.473972768532528121e-01
1.751437859464866298e+00	3.842661270723381595e+00	-6.738402799999999582e-01	7.189614725163894215e-01
1.752438109527381993e+00	3.841390878410234855e+00	-4.925335599999999814e-01	5.557930408472013806e-01
1.753438359589897688e+00	3.839759400884841245e+00	-1.946725200000000155e-01	2.620898638426626404e-01
1.754438609652413383e+00	3.836925809301892532e+00	9.023803999999999159e-02	6.628774583963688294e-02
1.755438859714928856e+00	3.832925027559035414e+00	4.269505200000000000e-01	-3.253164901664145625e-01
1.756439109777444552e+00	3.828615372763386926e+00	7.701382400000000850e-01	-6.516533535047908110e-01
1.757439359839960247e+00	3.824979100700471868e+00	1.093900239999999968e+00	-1.043257589510842243e+00
1.758439609902475720e+00	3.821889114722253566e+00	1.411186999999999969e+00	-1.500129198184569024e+00
1.759439859964991415e+00	3.818435088797147436e+00	1.942156679999999858e+00	-1.924367120524458352e+00
1.760440110027507110e+00	3.815357641136141176e+00	1.838552839999999744e+00	-1.402228139183055999e+00
1.761440360090022583e+00	3.813791050423724016e+00	1.993958600000000025e+00	-2.348605042864347237e+00
1.762440610152538278e+00	3.811927770331614784e+00	1.786750920000000020e+00	-1.500129198184569024e+00
1.763440860215053974e+00	3.807217876503953047e+00	1.981008119999999817e+00	-2.283337670196671887e+00
1.764441110277569669e+00	3.800566118970861940e+00	1.508315599999999979e+00	-1.630663943519919501e+00
1.765441360340085142e+00	3.795265144594713203e+00	1.301107919999999973e+00	-1.336960766515380872e+00
1.766441610402600837e+00	3.792712132102256106e+00	5.694058000000000730e-01	-6.190196671709531362e-01
1.767441860465116532e+00	3.792428233272528537e+00	8.376279999999999837e-02	3.365405950579927752e-02
1.768442110527632005e+00	3.795161890873353094e+00	-2.076230000000000020e-01	1.968224911749873740e-01
1.769442360590147700e+00	3.801329902797998539e+00	-6.155631200000000192e-01	7.515951588502269853e-01
1.770442610652663395e+00	3.809226210862127981e+00	-7.580183999999999811e-01	7.515951588502269853e-01
1.771442860715179091e+00	3.817665231356960120e+00	-8.357212800000000108e-01	9.800309631870904870e-01
1.772443110777694564e+00	3.826098605462262103e+00	-9.134241599999999295e-01	8.168625315179022239e-01
1.773443360840210259e+00	3.832859483238747256e+00	-1.017028000000000043e+00	8.821299041855775735e-01
1.774443610902725954e+00	3.837089587783054423e+00	-9.134241599999999295e-01	7.189614725163894215e-01
1.775443860965241427e+00	3.839939337281251586e+00	-8.421965199999998930e-01	9.147635905194151373e-01
1.776444111027757122e+00	3.842088619394515181e+00	-6.673650399999999649e-01	5.231593545133637058e-01
1.777444361090272817e+00	3.842483552095080412e+00	-4.860583200000000437e-01	7.842288451840646601e-01
1.778444611152788291e+00	3.840412152608848828e+00	-2.011477600000000088e-01	2.294561775088249655e-01
1.779444861215303986e+00	3.836865517767000355e+00	9.023803999999999159e-02	1.968224911749873740e-01
1.780445111277819681e+00	3.832926590263335154e+00	4.334257600000001043e-01	-1.947817448310640853e-01
1.781445361340335376e+00	3.828720803717765797e+00	7.636630000000000917e-01	-5.863859808371156834e-01
1.782445611402850849e+00	3.824316972750667176e+00	1.087425000000000086e+00	-1.141158648512355045e+00
1.783445861465366544e+00	3.820480465100999812e+00	1.430612719999999838e+00	-1.467495511850731349e+00
1.784446111527882239e+00	3.818224516642329203e+00	1.968057640000000053e+00	-1.989634493192133702e+00
1.785446361590397713e+00	3.817013264470320966e+00	1.845028079999999848e+00	-1.304327080181543197e+00
1.786446611652913408e+00	3.814880255872562742e+00	2.006909079999999790e+00	-2.283337670196671887e+00
1.787446861715429103e+00	3.810929878816621486e+00	1.786750920000000020e+00	-1.434861825516893896e+00
1.788447111777944576e+00	3.805074993115089566e+00	1.987483359999999921e+00	-2.054901865859808829e+00
1.789447361840460271e+00	3.798207001287684736e+00	1.488889879999999888e+00	-1.598030257186082048e+00
1.790447611902975966e+00	3.793651552601134291e+00	1.288157439999999765e+00	-1.141158648512355045e+00
1.791447861965491661e+00	3.792810331978658134e+00	5.435048399999999891e-01	-7.821880988401412882e-01
1.792448112028007134e+00	3.793380048034559859e+00	9.023803999999999159e-02	1.020373171961676869e-03
1.793448362090522830e+00	3.795259098438378498e+00	-2.140982399999999952e-01	9.892143217347457163e-02
1.794448612153038525e+00	3.800578027938868342e+00	-6.285136000000000056e-01	6.863277861825517467e-01
1.795448862215553998e+00	3.808544765595577530e+00	-7.580183999999999811e-01	6.210604135148766192e-01
1.796449112278069693e+00	3.817042888600366446e+00	-8.292460400000000176e-01	1.143199394856278639e+00
1.797449362340585388e+00	3.825908292347193651e+00	-9.069489200000000473e-01	7.842288451840646601e-01
1.798449612403100861e+00	3.833999992917955346e+00	-1.010552759999999939e+00	1.175833081190116092e+00
1.799449862465616556e+00	3.838912911740018252e+00	-9.069489200000000473e-01	7.189614725163894215e-01
1.800450112528132252e+00	3.841245820831427960e+00	-8.486717599999999972e-01	9.800309631870904870e-01
1.801450362590647947e+00	3.842211609356114277e+00	-6.932660000000000489e-01	7.189614725163894215e-01
1.802450612653163420e+00	3.841031339983642212e+00	-4.731078399999999462e-01	4.905256681795260310e-01
1.803450862715679115e+00	3.838687244312163127e+00	-1.881972800000000223e-01	2.620898638426626404e-01
1.804451112778194810e+00	3.836745108016624606e+00	9.023803999999999159e-02	6.628774583963688294e-02
1.805451362840710283e+00	3.833953140353281164e+00	4.269505200000000000e-01	-2.926828038325769432e-01
1.806451612903225978e+00	3.829222763471712199e+00	7.507125199999999943e-01	-6.190196671709531362e-01
1.807451862965741674e+00	3.824064357657023017e+00	1.106850720000000177e+00	-1.043257589510842243e+00
1.808452113028257147e+00	3.820098182617305049e+00	1.411186999999999969e+00	-1.532762884518406477e+00
1.809452363090772842e+00	3.817040946254503631e+00	1.968057640000000053e+00	-1.793832375189107875e+00
1.810452613153288537e+00	3.814623222469189390e+00	1.832077599999999862e+00	-1.500129198184569024e+00
1.811452863215804232e+00	3.813034383564589458e+00	1.993958600000000025e+00	-2.315971356530509784e+00
1.812453113278319705e+00	3.810598015569445884e+00	1.786750920000000020e+00	-1.565396570852244151e+00
1.813453363340835400e+00	3.805624821332573404e+00	1.968057640000000053e+00	-2.218070297528996981e+00
1.814453613403351095e+00	3.799242801052390206e+00	1.475939400000000123e+00	-1.500129198184569024e+00
1.815453863465866569e+00	3.793871166463944178e+00	1.268731720000000118e+00	-1.271693393847705744e+00
1.816454113528382264e+00	3.791109173786948450e+00	5.240791200000000094e-01	-8.148217851739789630e-01
1.817454363590897959e+00	3.791512536640216702e+00	7.728756000000000514e-02	9.892143217347457163e-02
1.818454613653413654e+00	3.795230338095362921e+00	-2.140982399999999952e-01	-9.688068582955121355e-02
1.819454863715929127e+00	3.801527217283681370e+00	-6.349888400000001099e-01	7.515951588502269853e-01
1.820455113778444822e+00	3.808745774985640598e+00	-7.709688800000000786e-01	4.905256681795260310e-01
1.821455363840960517e+00	3.816560685645307593e+00	-8.292460400000000176e-01	1.175833081190116092e+00
1.822455613903475991e+00	3.825567351779700420e+00	-9.134241599999999295e-01	7.842288451840646601e-01
1.823455863965991686e+00	3.834271310443760683e+00	-1.004077520000000057e+00	1.306367826525466569e+00
1.824456114028507381e+00	3.839921190325045419e+00	-9.069489200000000473e-01	7.515951588502269853e-01
1.825456364091022854e+00	3.841772829491395758e+00	-8.486717599999999972e-01	9.800309631870904870e-01
1.826456614153538549e+00	3.841521010992664298e+00	-6.997412400000000421e-01	6.210604135148766192e-01
1.827456864216054244e+00	3.840943392217507135e+00	-4.925335599999999814e-01	3.273572365103378790e-01
1.828457114278569939e+00	3.840149845048093091e+00	-2.140982399999999952e-01	2.947235501765002597e-01
1.829457364341085412e+00	3.838418496813207348e+00	9.023803999999999159e-02	-1.295143721633888190e-01
1.830457614403601108e+00	3.835068044029725343e+00	4.140000400000000136e-01	3.365405950579927752e-02
1.831457864466116803e+00	3.830142999046665775e+00	7.571877599999999875e-01	-5.211186081694403338e-01
1.832458114528632276e+00	3.825112244590997967e+00	1.080949760000000204e+00	-8.800891578416540906e-01
1.833458364591147971e+00	3.820430579239833424e+00	1.404711760000000087e+00	-1.434861825516893896e+00
1.834458614653663666e+00	3.815493208983304019e+00	1.929206199999999871e+00	-1.826466061522945328e+00
1.835458864716179139e+00	3.811708607159070894e+00	1.819127120000000097e+00	-1.467495511850731349e+00
1.836459114778694834e+00	3.810400299669506108e+00	1.993958600000000025e+00	-2.381238729198184689e+00
1.837459364841210530e+00	3.809353491350485843e+00	1.773800439999999812e+00	-1.663297629853757176e+00
1.838459614903726225e+00	3.805413597947004067e+00	1.961582399999999726e+00	-2.120169238527484179e+00
1.839459864966241698e+00	3.799588296517828478e+00	1.488889879999999888e+00	-1.500129198184569024e+00
1.840460115028757393e+00	3.795263524382833431e+00	1.268731720000000118e+00	-1.075891275844679917e+00
1.841460365091273088e+00	3.792789791502888530e+00	5.370296000000001069e-01	-5.537522945032778976e-01
1.842460615153788561e+00	3.791733166811146027e+00	5.786183999999999772e-02	-3.161331316187596802e-02
1.843460865216304256e+00	3.794001046062851934e+00	-2.205734800000000162e-01	9.892143217347457163e-02
1.844461115278819952e+00	3.800483789198955353e+00	-6.285136000000000056e-01	6.210604135148766192e-01
1.845461365341335425e+00	3.809422776885546202e+00	-7.774441199999999608e-01	4.905256681795260310e-01
1.846461615403851120e+00	3.818418846833385949e+00	-8.357212800000000108e-01	1.175833081190116092e+00
1.847461865466366815e+00	3.826080054132257047e+00	-9.004736800000000541e-01	6.536940998487140719e-01
1.848462115528882510e+00	3.832529325698711631e+00	-1.010552759999999939e+00	1.143199394856278639e+00
1.849462365591397983e+00	3.837840685169537025e+00	-9.198994000000000337e-01	9.800309631870904870e-01
1.850462615653913678e+00	3.841166667045038619e+00	-8.486717599999999972e-01	7.842288451840646601e-01
1.851462865716429373e+00	3.842618718984848858e+00	-6.867907599999999446e-01	8.494962178517398987e-01
1.852463115778944847e+00	3.842976929921222862e+00	-4.990087999999999191e-01	4.578919818456884672e-01
1.853463365841460542e+00	3.841498590259586177e+00	-1.946725200000000155e-01	2.294561775088249655e-01
1.854463615903976237e+00	3.837696053625580195e+00	9.023803999999999159e-02	1.020373171961676869e-03
1.855463865966491710e+00	3.833405063637408183e+00	4.204752800000000068e-01	-2.926828038325769432e-01
1.856464116029007405e+00	3.829935054179103293e+00	7.442372800000001121e-01	-6.190196671709531362e-01
1.857464366091523100e+00	3.826214182864578817e+00	1.087425000000000086e+00	-8.800891578416540906e-01
1.858464616154038795e+00	3.821564336202966317e+00	1.411186999999999969e+00	-1.336960766515380872e+00
1.859464866216554269e+00	3.817235403173098174e+00	1.955107160000000066e+00	-1.826466061522945328e+00
1.860465116279069964e+00	3.814313919976406453e+00	1.845028079999999848e+00	-1.369594452849218325e+00
1.861465366341585659e+00	3.812226883135080513e+00	1.981008119999999817e+00	-2.381238729198184689e+00
1.862465616404101132e+00	3.809314966080741716e+00	1.773800439999999812e+00	-1.565396570852244151e+00
1.863465866466616827e+00	3.804420878981940923e+00	1.961582399999999726e+00	-2.218070297528996981e+00
1.864466116529132522e+00	3.798886846178695542e+00	1.488889879999999888e+00	-1.467495511850731349e+00
1.865466366591648217e+00	3.795211477558288582e+00	1.268731720000000118e+00	-1.304327080181543197e+00
1.866466616654163690e+00	3.793691597087950118e+00	5.370296000000001069e-01	-6.190196671709531362e-01
1.867466866716679386e+00	3.793874522153353634e+00	5.786183999999999772e-02	3.365405950579927752e-02
1.868467116779195081e+00	3.796818861760447916e+00	-2.335239600000000026e-01	1.641888048411497825e-01
1.869467366841710554e+00	3.802742101707916156e+00	-6.349888400000001099e-01	6.536940998487140719e-01
1.870467616904226249e+00	3.810013896572051806e+00	-7.580183999999999811e-01	5.884267271810389444e-01
1.871467866966741944e+00	3.817782014175076455e+00	-8.292460400000000176e-01	1.045298335854765615e+00
1.872468117029257417e+00	3.826406363754584650e+00	-9.198994000000000337e-01	7.515951588502269853e-01
1.873468367091773112e+00	3.834928364569480497e+00	-1.029978480000000030e+00	1.045298335854765615e+00
1.874468617154288808e+00	3.841146195758153858e+00	-9.134241599999999295e-01	1.110565708522440964e+00
1.875468867216804503e+00	3.844136375076134371e+00	-8.292460400000000176e-01	9.473972768532528121e-01
1.876469117279319976e+00	3.844204587007436391e+00	-6.803155199999999514e-01	8.821299041855775735e-01
1.877469367341835671e+00	3.841995817750888165e+00	-5.119592800000000166e-01	5.231593545133637058e-01
1.878469617404351366e+00	3.838714136693883283e+00	-2.076230000000000020e-01	2.294561775088249655e-01
1.879469867466866839e+00	3.835594886037274609e+00	7.728756000000000514e-02	-9.688068582955121355e-02
1.880470117529382534e+00	3.833471519271380412e+00	4.204752800000000068e-01	-4.232175491679274204e-01
1.881470367591898230e+00	3.831814195861090511e+00	7.377620400000000078e-01	-4.232175491679274204e-01
1.882470617654413703e+00	3.828599902626452778e+00	1.093900239999999968e+00	-1.108524962178517592e+00
1.883470867716929398e+00	3.823263274287656888e+00	1.391761279999999878e+00	-1.173792334846192720e+00
1.884471117779445093e+00	3.817909026705541553e+00	1.942156679999999858e+00	-1.989634493192133702e+00
1.885471367841960788e+00	3.814786481234320625e+00	1.812651879999999993e+00	-1.271693393847705744e+00
1.886471617904476261e+00	3.813326621047373521e+00	1.974532879999999935e+00	-2.250703983862834434e+00
1.887471867966991956e+00	3.810635148457657717e+00	1.767325200000000152e+00	-1.565396570852244151e+00
1.888472118029507651e+00	3.805512382274446548e+00	1.942156679999999858e+00	-2.283337670196671887e+00
1.889472368092023125e+00	3.799693100387856237e+00	1.488889879999999888e+00	-1.598030257186082048e+00
1.890472618154538820e+00	3.795089918759793512e+00	1.262256480000000014e+00	-1.532762884518406477e+00
1.891472868217054515e+00	3.792552022035289738e+00	5.305543600000000026e-01	-3.579501765002521818e-01
1.892473118279569988e+00	3.792676016221947055e+00	7.081231999999999804e-02	1.968224911749873740e-01
1.893473368342085683e+00	3.795322858998418702e+00	-2.399992000000000236e-01	9.892143217347457163e-02
1.894473618404601378e+00	3.800018430936411118e+00	-6.479393199999999853e-01	8.168625315179022239e-01
1.895473868467117073e+00	3.807584156748827553e+00	-7.903945999999999472e-01	5.231593545133637058e-01
1.896474118529632547e+00	3.817759080708240216e+00	-8.486717599999999972e-01	1.077932022188603289e+00
1.897474368592148242e+00	3.827426407718302226e+00	-9.198994000000000337e-01	6.210604135148766192e-01
1.898474618654663937e+00	3.834444214422523700e+00	-1.010552759999999939e+00	1.012664649520927940e+00
1.899474868717179410e+00	3.839128382658814065e+00	-9.004736800000000541e-01	1.045298335854765615e+00
1.900475118779695105e+00	3.842046076845491598e+00	-8.551469999999999905e-01	8.494962178517398987e-01
1.901475368842210800e+00	3.843582445621579691e+00	-6.932660000000000489e-01	7.189614725163894215e-01
1.902475618904726273e+00	3.843312781263522826e+00	-5.054840400000000233e-01	7.189614725163894215e-01
1.903475868967241968e+00	3.840283020959015303e+00	-2.205734800000000162e-01	2.620898638426626404e-01
1.904476119029757664e+00	3.835637891201197025e+00	7.728756000000000514e-02	1.641888048411497825e-01
1.905476369092273359e+00	3.831371198505404418e+00	4.140000400000000136e-01	-4.232175491679274204e-01
1.906476619154788832e+00	3.827730135075311235e+00	7.377620400000000078e-01	-5.863859808371156834e-01
1.907476869217304527e+00	3.824578545219515124e+00	1.061524040000000113e+00	-1.010623903177004790e+00
1.908477119279820222e+00	3.821797615512442459e+00	1.404711760000000087e+00	-1.402228139183055999e+00
1.909477369342335695e+00	3.819046829017039180e+00	1.929206199999999871e+00	-1.761198688855269978e+00
1.910477619404851390e+00	3.816791874083077296e+00	1.806176639999999889e+00	-1.336960766515380872e+00
1.911477869467367086e+00	3.814702941734675612e+00	1.968057640000000053e+00	-2.283337670196671887e+00
1.912478119529882781e+00	3.810941070728643965e+00	1.754374719999999943e+00	-1.565396570852244151e+00
1.913478369592398254e+00	3.805316565567705034e+00	1.935681439999999975e+00	-2.185436611195159529e+00
1.914478619654913949e+00	3.800033951062539384e+00	1.456513680000000033e+00	-1.467495511850731349e+00
1.915478869717429644e+00	3.796561209172681917e+00	1.268731720000000118e+00	-1.206426021180030395e+00
1.916479119779945117e+00	3.794382772865553477e+00	5.370296000000001069e-01	-5.537522945032778976e-01
1.917479369842460812e+00	3.793244000179931685e+00	5.786183999999999772e-02	9.892143217347457163e-02
1.918479619904976508e+00	3.794870123930465411e+00	-2.205734800000000162e-01	9.892143217347457163e-02
1.919479869967491981e+00	3.800993724784705652e+00	-6.479393199999999853e-01	8.168625315179022239e-01
1.920480120030007676e+00	3.810142527186027195e+00	-7.709688800000000786e-01	5.557930408472013806e-01
1.921480370092523371e+00	3.818866532529314739e+00	-8.421965199999998930e-01	1.110565708522440964e+00
1.922480620155039066e+00	3.825910607040972078e+00	-9.198994000000000337e-01	7.189614725163894215e-01
1.923480870217554539e+00	3.832678697656869193e+00	-1.010552759999999939e+00	1.077932022188603289e+00
1.924481120280070234e+00	3.839810328276504592e+00	-9.134241599999999295e-01	9.147635905194151373e-01
1.925481370342585929e+00	3.844840882179384689e+00	-8.616222399999999837e-01	9.147635905194151373e-01
1.926481620405101403e+00	3.845188349742119094e+00	-6.932660000000000489e-01	6.863277861825517467e-01
1.927481870467617098e+00	3.842527508333607678e+00	-5.054840400000000233e-01	6.536940998487140719e-01
1.928482120530132793e+00	3.840001915776526609e+00	-2.205734800000000162e-01	2.620898638426626404e-01
1.929482370592648266e+00	3.837554723446793492e+00	5.786183999999999772e-02	1.968224911749873740e-01
1.930482620655163961e+00	3.833960991769407745e+00	4.140000400000000136e-01	-4.558512355017650397e-01
1.931482870717679656e+00	3.829559745979698615e+00	7.377620400000000078e-01	-6.516533535047908110e-01
1.932483120780195351e+00	3.825211643985512833e+00	1.067999279999999995e+00	-1.108524962178517592e+00
1.933483370842710825e+00	3.821448449288571858e+00	1.385286039999999996e+00	-1.630663943519919501e+00
1.934483620905226520e+00	3.818512931166141211e+00	1.935681439999999975e+00	-1.630663943519919501e+00
1.935483870967742215e+00	3.816220905092048810e+00	1.806176639999999889e+00	-1.467495511850731349e+00
1.936484121030257688e+00	3.813927808354587334e+00	1.961582399999999726e+00	-1.924367120524458352e+00
1.937484371092773383e+00	3.810534273749331735e+00	1.747899480000000061e+00	-1.434861825516893896e+00
1.938484621155289078e+00	3.805483131119911100e+00	1.935681439999999975e+00	-2.087535552193646726e+00
1.939484871217804551e+00	3.799700280209957093e+00	1.469464160000000019e+00	-1.434861825516893896e+00
1.940485121280320246e+00	3.794664238379792831e+00	1.236355520000000041e+00	-1.336960766515380872e+00
1.941485371342835942e+00	3.791773462381137882e+00	4.917029200000000433e-01	-6.516533535047908110e-01
1.942485621405351637e+00	3.791913927937004658e+00	6.433707999999999094e-02	1.315551185073121632e-01
1.943485871467867110e+00	3.794968904522005637e+00	-2.270487200000000094e-01	-6.424699949571360813e-02
1.944486121530382805e+00	3.800834863876712433e+00	-6.479393199999999853e-01	8.494962178517398987e-01
1.945486371592898500e+00	3.808813732401723939e+00	-7.774441199999999608e-01	6.863277861825517467e-01
1.946486621655413973e+00	3.816967993070855769e+00	-8.616222399999999837e-01	1.045298335854765615e+00
1.947486871717929668e+00	3.824584685426689390e+00	-9.134241599999999295e-01	9.800309631870904870e-01
1.948487121780445364e+00	3.832519819297438790e+00	-1.029978480000000030e+00	8.494962178517398987e-01
1.949487371842960837e+00	3.839894743017934875e+00	-9.263746400000000270e-01	1.012664649520927940e+00
1.950487621905476532e+00	3.843510914645075438e+00	-8.680974800000000879e-01	8.821299041855775735e-01
1.951487871967992227e+00	3.842662361188335041e+00	-6.867907599999999446e-01	6.536940998487140719e-01
1.952488122030507922e+00	3.840629926740455780e+00	-5.184345200000000098e-01	6.863277861825517467e-01
1.953488372093023395e+00	3.839182679190268122e+00	-2.140982399999999952e-01	3.599909228441755538e-01
1.954488622155539090e+00	3.836888493662094834e+00	6.433707999999999094e-02	3.365405950579927752e-02
1.955488872218054786e+00	3.833038845542040551e+00	4.075248000000000759e-01	-1.295143721633888190e-01
1.956489122280570259e+00	3.828763862842081700e+00	7.118610800000001460e-01	-6.190196671709531362e-01
1.957489372343085954e+00	3.824872914497012832e+00	1.080949760000000204e+00	-7.821880988401412882e-01
1.958489622405601649e+00	3.821035489889880399e+00	1.372335560000000010e+00	-1.369594452849218325e+00
1.959489872468117344e+00	3.817285677175156433e+00	1.942156679999999858e+00	-1.793832375189107875e+00
1.960490122530632817e+00	3.814476412042591136e+00	1.786750920000000020e+00	-1.402228139183055999e+00
1.961490372593148512e+00	3.812430152060420685e+00	1.961582399999999726e+00	-2.315971356530509784e+00
1.962490622655664207e+00	3.809705215426586467e+00	1.741424239999999957e+00	-1.500129198184569024e+00
1.963490872718179681e+00	3.805660057717451750e+00	1.935681439999999975e+00	-2.120169238527484179e+00
1.964491122780695376e+00	3.800564635186791218e+00	1.469464160000000019e+00	-1.402228139183055999e+00
1.965491372843211071e+00	3.795100335088712917e+00	1.216929799999999950e+00	-1.239059707513868069e+00
1.966491622905726544e+00	3.791598167992230817e+00	5.046534000000000297e-01	-7.169207261724660496e-01
1.967491872968242239e+00	3.792465842805422760e+00	3.843611999999999723e-02	3.365405950579927752e-02
1.968492123030757934e+00	3.796829026738358870e+00	-2.529496800000000101e-01	6.628774583963688294e-02
1.969492373093273629e+00	3.802105410536507080e+00	-6.544145599999999785e-01	7.189614725163894215e-01
1.970492623155789103e+00	3.807864558650951192e+00	-7.774441199999999608e-01	6.536940998487140719e-01
1.971492873218304798e+00	3.815483641682631877e+00	-8.486717599999999972e-01	1.110565708522440964e+00
1.972493123280820493e+00	3.825074183995491595e+00	-9.069489200000000473e-01	8.168625315179022239e-01
1.973493373343335966e+00	3.834300892957901663e+00	-1.017028000000000043e+00	1.045298335854765615e+00
1.974493623405851661e+00	3.840415991645504512e+00	-9.004736800000000541e-01	8.821299041855775735e-01
1.975493873468367356e+00	3.842672378369227371e+00	-8.486717599999999972e-01	7.842288451840646601e-01
1.976494123530882829e+00	3.842390792573598279e+00	-6.867907599999999446e-01	7.842288451840646601e-01
1.977494373593398524e+00	3.841371004445472526e+00	-5.119592800000000166e-01	4.578919818456884672e-01
1.978494623655914220e+00	3.840290842251120385e+00	-2.270487200000000094e-01	3.273572365103378790e-01
1.979494873718429915e+00	3.838298696287065770e+00	7.081231999999999804e-02	3.365405950579927752e-02
1.980495123780945388e+00	3.834188634660493200e+00	4.075248000000000759e-01	-1.621480584972264660e-01
1.981495373843461083e+00	3.828761479115807109e+00	7.312868000000000146e-01	-5.863859808371156834e-01
1.982495623905976778e+00	3.824393215594274587e+00	1.061524040000000113e+00	-7.821880988401412882e-01
1.983495873968492251e+00	3.821312300482293534e+00	1.378810799999999892e+00	-1.500129198184569024e+00
1.984496124031007946e+00	3.818177726043264553e+00	1.935681439999999975e+00	-1.924367120524458352e+00
1.985496374093523642e+00	3.815326998503993927e+00	1.786750920000000020e+00	-1.434861825516893896e+00
1.986496624156039115e+00	3.813412045763602709e+00	1.955107160000000066e+00	-2.381238729198184689e+00
1.987496874218554810e+00	3.811015729504720451e+00	1.734948999999999852e+00	-1.336960766515380872e+00
1.988497124281070505e+00	3.806403845499082728e+00	1.929206199999999871e+00	-2.218070297528996981e+00
1.989497374343586200e+00	3.800214518555286691e+00	1.469464160000000019e+00	-1.239059707513868069e+00
1.990497624406101673e+00	3.794673847274965706e+00	1.223405040000000055e+00	-1.108524962178517592e+00
1.991497874468617368e+00	3.791551998273253066e+00	5.111286400000001340e-01	-6.516533535047908110e-01
1.992498124531133064e+00	3.791771915616665378e+00	3.843611999999999723e-02	3.365405950579927752e-02
1.993498374593648537e+00	3.794947095394119785e+00	-2.464744400000000168e-01	6.628774583963688294e-02
1.994498624656164232e+00	3.800004618043837379e+00	-6.479393199999999853e-01	5.884267271810389444e-01
1.995498874718679927e+00	3.807493340417181571e+00	-7.839193599999999540e-01	5.557930408472013806e-01
1.996499124781195400e+00	3.817909703239095620e+00	-8.486717599999999972e-01	1.012664649520927940e+00
1.997499374843711095e+00	3.828347069312475259e+00	-9.198994000000000337e-01	9.800309631870904870e-01
1.998499624906226790e+00	3.835227002989705980e+00	-1.017028000000000043e+00	1.241100453857791219e+00
1.999499874968742485e+00	3.838713362004641194e+00	-9.263746400000000270e-01	9.800309631870904870e-01
2.000500125031257959e+00	3.840544144631025336e+00	-8.486717599999999972e-01	1.045298335854765615e+00
2.001500375093773432e+00	3.840970130803092353e+00	-6.867907599999999446e-01	6.536940998487140719e-01
2.002500625156289349e+00	3.840668965394828493e+00	-5.119592800000000166e-01	5.557930408472013806e-01
2.003500875218804822e+00	3.839644821926710083e+00	-2.205734800000000162e-01	2.620898638426626404e-01
2.004501125281320739e+00	3.836275610030429828e+00	7.081231999999999804e-02	-6.424699949571360813e-02
2.005501375343836212e+00	3.831958219508635466e+00	4.075248000000000759e-01	-1.947817448310640853e-01
2.006501625406351685e+00	3.829056704258218868e+00	7.118610800000001460e-01	-4.884849218356027145e-01
2.007501875468867603e+00	3.825876395381781592e+00	1.055048800000000009e+00	-8.474554715078166378e-01
2.008502125531383076e+00	3.820727680454594655e+00	1.359385079999999801e+00	-1.206426021180030395e+00
2.009502375593898549e+00	3.815690839619430452e+00	1.922730959999999989e+00	-1.891733434190620455e+00
2.010502625656414466e+00	3.813521360948561423e+00	1.786750920000000020e+00	-1.239059707513868069e+00
2.011502875718929939e+00	3.813468497641181898e+00	1.935681439999999975e+00	-2.381238729198184689e+00
2.012503125781445412e+00	3.811561554276700292e+00	1.734948999999999852e+00	-1.500129198184569024e+00
2.013503375843961329e+00	3.806042954367834685e+00	1.916255719999999885e+00	-2.120169238527484179e+00
2.014503625906476802e+00	3.799581562908711962e+00	1.462988919999999915e+00	-1.467495511850731349e+00
2.015503875968992276e+00	3.795110031325133804e+00	1.210454560000000068e+00	-1.239059707513868069e+00
2.016504126031508193e+00	3.793131196520982851e+00	4.981781600000000365e-01	-6.190196671709531362e-01
2.017504376094023666e+00	3.792861124166385878e+00	4.491135999999999739e-02	9.892143217347457163e-02
2.018504626156539139e+00	3.794468415853017529e+00	-2.529496800000000101e-01	6.628774583963688294e-02
2.019504876219055056e+00	3.799724026134306598e+00	-6.414640799999999921e-01	7.189614725163894215e-01
2.020505126281570529e+00	3.808786219416064878e+00	-7.903945999999999472e-01	5.557930408472013806e-01
2.021505376344086446e+00	3.818504046146561137e+00	-8.551469999999999905e-01	1.143199394856278639e+00
2.022505626406601920e+00	3.826086607439497911e+00	-9.263746400000000270e-01	7.189614725163894215e-01
2.023505876469117393e+00	3.831941537454439217e+00	-1.010552759999999939e+00	9.800309631870904870e-01
2.024506126531633310e+00	3.837601567365699129e+00	-9.198994000000000337e-01	9.473972768532528121e-01
2.025506376594148783e+00	3.842099130907889126e+00	-8.551469999999999905e-01	9.800309631870904870e-01
2.026506626656664256e+00	3.843210517070760890e+00	-7.062164799999999243e-01	6.863277861825517467e-01
2.027506876719180173e+00	3.841315356707869277e+00	-5.249097599999998920e-01	5.557930408472013806e-01
2.028507126781695646e+00	3.838186919547949660e+00	-2.205734800000000162e-01	2.947235501765002597e-01
2.029507376844211120e+00	3.835024053024671975e+00	7.081231999999999804e-02	9.892143217347457163e-02
2.030507626906727037e+00	3.832610759504436970e+00	4.010495599999999716e-01	-2.274154311649017046e-01
2.031507876969242510e+00	3.830065166970634039e+00	7.183363200000001392e-01	-4.232175491679274204e-01
2.032508127031757983e+00	3.825928124075347991e+00	1.048573559999999905e+00	-9.779902168431670040e-01
2.033508377094273900e+00	3.820946593765082611e+00	1.352909840000000141e+00	-1.239059707513868069e+00
2.034508627156789373e+00	3.817236993751842888e+00	1.935681439999999975e+00	-1.826466061522945328e+00
2.035508877219304846e+00	3.815381195522566049e+00	1.767325200000000152e+00	-1.304327080181543197e+00
2.036509127281820763e+00	3.813339753881709981e+00	1.948631919999999962e+00	-2.413872415532022586e+00
2.037509377344336237e+00	3.809383543250760784e+00	1.709048039999999880e+00	-1.630663943519919501e+00
2.038509627406851710e+00	3.804432907362384597e+00	1.916255719999999885e+00	-2.185436611195159529e+00
2.039509877469367627e+00	3.799917173902040979e+00	1.462988919999999915e+00	-1.695931316187594851e+00
2.040510127531883100e+00	3.796535502818609409e+00	1.210454560000000068e+00	-1.075891275844679917e+00
2.041510377594399017e+00	3.794968252446688339e+00	5.046534000000000297e-01	-7.495544125063037244e-01
2.042510627656914490e+00	3.795118251939554543e+00	3.843611999999999723e-02	3.599909228441755538e-01
2.043510877719429963e+00	3.796492156183374878e+00	-2.659001599999999965e-01	1.968224911749873740e-01
2.044511127781945881e+00	3.800646541169346193e+00	-6.479393199999999853e-01	8.168625315179022239e-01
2.045511377844461354e+00	3.809024763816009518e+00	-7.903945999999999472e-01	5.884267271810389444e-01
2.046511627906976827e+00	3.819075382461853962e+00	-8.486717599999999972e-01	9.473972768532528121e-01
2.047511877969492744e+00	3.827649733288691625e+00	-9.263746400000000270e-01	4.578919818456884672e-01
2.048512128032008217e+00	3.834281847966607426e+00	-1.004077520000000057e+00	1.241100453857791219e+00
2.049512378094523690e+00	3.839693243888775420e+00	-9.328498800000000202e-01	8.494962178517398987e-01
2.050512628157039607e+00	3.844213040116990054e+00	-8.551469999999999905e-01	1.077932022188603289e+00
2.051512878219555081e+00	3.845824440680510659e+00	-6.932660000000000489e-01	9.147635905194151373e-01
2.052513128282070554e+00	3.843018699538499838e+00	-5.119592800000000166e-01	5.884267271810389444e-01
2.053513378344586471e+00	3.838811520823518286e+00	-2.205734800000000162e-01	3.926246091780131731e-01
2.054513628407101944e+00	3.836071773709705202e+00	5.786183999999999772e-02	-6.424699949571360813e-02
2.055513878469617417e+00	3.833776427110106688e+00	3.880990800000000407e-01	-3.253164901664145625e-01
2.056514128532133334e+00	3.830439054328506732e+00	7.053858400000000417e-01	-6.190196671709531362e-01
2.057514378594648807e+00	3.826673071464457898e+00	1.042098320000000022e+00	-1.010623903177004790e+00
2.058514628657164725e+00	3.823510036941903056e+00	1.346434599999999815e+00	-1.369594452849218325e+00
2.059514878719680198e+00	3.820801551540082386e+00	1.909780479999999780e+00	-1.663297629853757176e+00
2.060515128782195671e+00	3.818026468560910658e+00	1.767325200000000152e+00	-1.271693393847705744e+00
2.061515378844711588e+00	3.814625411799526411e+00	1.942156679999999858e+00	-2.087535552193646726e+00
2.062515628907227061e+00	3.810184636730878704e+00	1.709048039999999880e+00	-1.630663943519919501e+00
2.063515878969742534e+00	3.804863378085426184e+00	1.916255719999999885e+00	-2.022268179525970933e+00
2.064516129032258451e+00	3.799156183421942057e+00	1.456513680000000033e+00	-1.565396570852244151e+00
2.065516379094773924e+00	3.794339731422283535e+00	1.216929799999999950e+00	-1.239059707513868069e+00
2.066516629157289398e+00	3.792042258408204525e+00	4.852276800000000501e-01	-6.516533535047908110e-01
2.067516879219805315e+00	3.792808011856808825e+00	4.491135999999999739e-02	9.892143217347457163e-02
2.068517129282320788e+00	3.796409291437237599e+00	-2.529496800000000101e-01	1.315551185073121632e-01
2.069517379344836261e+00	3.802485710754359705e+00	-6.544145599999999785e-01	7.842288451840646601e-01
2.070517629407352178e+00	3.809938880041702891e+00	-7.839193599999999540e-01	6.210604135148766192e-01
2.071517879469867651e+00	3.817877803903346301e+00	-8.486717599999999972e-01	1.045298335854765615e+00
2.072518129532383124e+00	3.826429677830018417e+00	-9.198994000000000337e-01	7.842288451840646601e-01
2.073518379594899042e+00	3.834610017153417871e+00	-1.036453719999999912e+00	1.012664649520927940e+00
2.074518629657414515e+00	3.840244972406030133e+00	-9.134241599999999295e-01	1.012664649520927940e+00
2.075518879719929988e+00	3.842605248124762785e+00	-8.680974800000000879e-01	9.473972768532528121e-01
2.076519129782445905e+00	3.842897769605790437e+00	-6.867907599999999446e-01	7.189614725163894215e-01
2.077519379844961378e+00	3.842301017146610320e+00	-5.119592800000000166e-01	5.557930408472013806e-01
2.078519629907477295e+00	3.840765421016917536e+00	-2.270487200000000094e-01	3.273572365103378790e-01
2.079519879969992768e+00	3.837803882903919384e+00	5.786183999999999772e-02	3.365405950579927752e-02
2.080520130032508241e+00	3.833343251323130030e+00	3.945743200000000339e-01	-1.947817448310640853e-01
2.081520380095024159e+00	3.828291280423937071e+00	6.989106000000000485e-01	-5.863859808371156834e-01
2.082520630157539632e+00	3.823972804273437109e+00	1.042098320000000022e+00	-8.474554715078166378e-01
2.083520880220055105e+00	3.820446528867312175e+00	1.333484120000000051e+00	-1.434861825516893896e+00
2.084521130282571022e+00	3.817363800156301057e+00	1.916255719999999885e+00	-1.598030257186082048e+00
2.085521380345086495e+00	3.815137338876669393e+00	1.754374719999999943e+00	-1.336960766515380872e+00
2.086521630407601968e+00	3.812861524397133550e+00	1.916255719999999885e+00	-2.054901865859808829e+00
2.087521880470117885e+00	3.808837681734301039e+00	1.702572799999999775e+00	-1.532762884518406477e+00
2.088522130532633359e+00	3.803830056145908856e+00	1.883879520000000030e+00	-2.022268179525970933e+00
2.089522380595148832e+00	3.799254422497337469e+00	1.437087959999999942e+00	-1.500129198184569024e+00
2.090522630657664749e+00	3.794776351592943797e+00	1.197504080000000082e+00	-1.402228139183055999e+00
2.091522880720180222e+00	3.791127068092667418e+00	4.593267200000000772e-01	-6.190196671709531362e-01
2.092523130782695695e+00	3.791221612772361027e+00	2.548563999999999691e-02	-3.161331316187596802e-02
2.093523380845211612e+00	3.795947706245973219e+00	-2.659001599999999965e-01	3.599909228441755538e-01
2.094523630907727085e+00	3.802367575361813579e+00	-6.479393199999999853e-01	7.515951588502269853e-01
2.095523880970243003e+00	3.808605448925613590e+00	-7.903945999999999472e-01	7.842288451840646601e-01
2.096524131032758476e+00	3.815991238193724655e+00	-8.486717599999999972e-01	1.273734140191629116e+00
2.097524381095273949e+00	3.824855584559384791e+00	-9.198994000000000337e-01	7.842288451840646601e-01
2.098524631157789866e+00	3.833502215355646836e+00	-1.036453719999999912e+00	9.147635905194151373e-01
2.099524881220305339e+00	3.840150342557615559e+00	-9.263746400000000270e-01	9.147635905194151373e-01
2.100525131282820812e+00	3.843611425752182065e+00	-8.551469999999999905e-01	6.863277861825517467e-01
2.101525381345336729e+00	3.844203286537038355e+00	-6.932660000000000489e-01	8.494962178517398987e-01
2.102525631407852202e+00	3.843226241188954617e+00	-5.313849999999999962e-01	5.557930408472013806e-01
2.103525881470367676e+00	3.841390503576547655e+00	-2.270487200000000094e-01	3.926246091780131731e-01
2.104526131532883593e+00	3.837937204461395080e+00	5.138659999999999756e-02	1.968224911749873740e-01
2.105526381595399066e+00	3.832469016183449817e+00	3.751485999999999432e-01	-2.926828038325769432e-01
2.106526631657914539e+00	3.827402482466616185e+00	6.989106000000000485e-01	-4.884849218356027145e-01
2.107526881720430456e+00	3.824411355402542512e+00	1.029147840000000036e+00	-1.108524962178517592e+00
2.108527131782945929e+00	3.821464217904414706e+00	1.339959359999999933e+00	-1.369594452849218325e+00
2.109527381845461402e+00	3.817279439381089379e+00	1.890354760000000134e+00	-1.793832375189107875e+00
2.110527631907977320e+00	3.814101779760721289e+00	1.747899480000000061e+00	-1.369594452849218325e+00
2.111527881970492793e+00	3.812929137919296885e+00	1.922730959999999989e+00	-2.185436611195159529e+00
2.112528132033008266e+00	3.810687925673402532e+00	1.696097560000000115e+00	-1.304327080181543197e+00
2.113528382095524183e+00	3.805181446647876164e+00	1.890354760000000134e+00	-2.087535552193646726e+00
2.114528632158039656e+00	3.798388427707248827e+00	1.450038439999999929e+00	-1.239059707513868069e+00
2.115528882220555573e+00	3.793291238497939144e+00	1.171603120000000109e+00	-1.336960766515380872e+00
2.116529132283071046e+00	3.791127371174620730e+00	4.787524399999999458e-01	-6.190196671709531362e-01
2.117529382345586519e+00	3.792090057401460879e+00	2.548563999999999691e-02	6.628774583963688294e-02
2.118529632408102437e+00	3.795975527114470616e+00	-2.723753999999999897e-01	1.020373171961676869e-03
2.119529882470617910e+00	3.801987442401699280e+00	-6.738402799999999582e-01	7.189614725163894215e-01
2.120530132533133383e+00	3.809274576062539719e+00	-7.968698400000000515e-01	6.210604135148766192e-01
2.121530382595649300e+00	3.817403591325306156e+00	-8.551469999999999905e-01	1.175833081190116092e+00
2.122530632658164773e+00	3.825831133448542420e+00	-9.134241599999999295e-01	8.168625315179022239e-01
2.123530882720680246e+00	3.833771783824966750e+00	-1.017028000000000043e+00	1.143199394856278639e+00
2.124531132783196163e+00	3.840318765524702194e+00	-9.198994000000000337e-01	1.012664649520927940e+00
2.125531382845711637e+00	3.843927083524158572e+00	-8.616222399999999837e-01	9.147635905194151373e-01
2.126531632908227110e+00	3.843889910705102775e+00	-6.997412400000000421e-01	7.842288451840646601e-01
2.127531882970743027e+00	3.841899081517646586e+00	-5.184345200000000098e-01	6.863277861825517467e-01
2.128532133033258500e+00	3.839756913881594791e+00	-2.464744400000000168e-01	2.620898638426626404e-01
2.129532383095773973e+00	3.837220950418565479e+00	5.138659999999999756e-02	1.315551185073121632e-01
2.130532633158289890e+00	3.833384020456533925e+00	3.816238400000000475e-01	-2.926828038325769432e-01
2.131532883220805363e+00	3.828845389245548070e+00	6.989106000000000485e-01	-5.537522945032778976e-01
2.132533133283320836e+00	3.824736696608339148e+00	1.022672600000000154e+00	-9.127228441754917654e-01
2.133533383345836754e+00	3.821050230142486459e+00	1.339959359999999933e+00	-1.206426021180030395e+00
2.134533633408352227e+00	3.817757809592702944e+00	1.890354760000000134e+00	-1.859099747856782781e+00
2.135533883470868144e+00	3.815142799553354891e+00	1.741424239999999957e+00	-1.271693393847705744e+00
2.136534133533383617e+00	3.813078997163296346e+00	1.909780479999999780e+00	-2.218070297528996981e+00
2.137534383595899090e+00	3.810710282688622552e+00	1.696097560000000115e+00	-1.271693393847705744e+00
2.138534633658415007e+00	3.806312987261873726e+00	1.877404279999999925e+00	-2.054901865859808829e+00
2.139534883720930480e+00	3.799722332112905665e+00	1.430612719999999838e+00	-1.304327080181543197e+00
2.140535133783445954e+00	3.793879334438786000e+00	1.191028839999999978e+00	-1.304327080181543197e+00
2.141535383845961871e+00	3.791465142024158297e+00	4.658019600000000704e-01	-5.863859808371156834e-01
2.142535633908477344e+00	3.792448073721606860e+00	1.253515999999999658e-02	-6.424699949571360813e-02
2.143535883970992817e+00	3.795960419331069424e+00	-2.723753999999999897e-01	-6.424699949571360813e-02
2.144536134033508734e+00	3.801760314829584875e+00	-6.673650399999999649e-01	8.168625315179022239e-01
2.145536384096024207e+00	3.809863807343280229e+00	-7.774441199999999608e-01	3.273572365103378790e-01
2.146536634158539680e+00	3.819244695867717976e+00	-8.616222399999999837e-01	1.306367826525466569e+00
2.147536884221055598e+00	3.827328986126723454e+00	-9.263746400000000270e-01	7.515951588502269853e-01
2.148537134283571071e+00	3.832988549301052483e+00	-1.029978480000000030e+00	1.175833081190116092e+00
2.149537384346086544e+00	3.837433261613833135e+00	-9.393251199999999024e-01	1.077932022188603289e+00
2.150537634408602461e+00	3.840930898116142522e+00	-8.551469999999999905e-01	8.494962178517398987e-01
2.151537884471117934e+00	3.842141617464862602e+00	-6.997412400000000421e-01	6.210604135148766192e-01
2.152538134533633851e+00	3.840586898172777097e+00	-5.313849999999999962e-01	5.231593545133637058e-01
2.153538384596149324e+00	3.838077779496250841e+00	-2.529496800000000101e-01	1.641888048411497825e-01
2.154538634658664797e+00	3.836381259877616579e+00	4.491135999999999739e-02	1.641888048411497825e-01
2.155538884721180715e+00	3.834334499420529507e+00	3.880990800000000407e-01	-2.274154311649017046e-01
2.156539134783696188e+00	3.830177583256889839e+00	7.053858400000000417e-01	-4.884849218356027145e-01
2.157539384846211661e+00	3.824894734359061133e+00	1.029147840000000036e+00	-6.842870398386284858e-01
2.158539634908727578e+00	3.820587600054345501e+00	1.327008879999999946e+00	-1.304327080181543197e+00
2.159539884971243051e+00	3.817531814984119087e+00	1.896830000000000016e+00	-1.924367120524458352e+00
2.160540135033758524e+00	3.814913675211120569e+00	1.721998519999999866e+00	-1.434861825516893896e+00
2.161540385096274441e+00	3.812604216204339203e+00	1.890354760000000134e+00	-2.413872415532022586e+00
2.162540635158789915e+00	3.810038592540558877e+00	1.676671840000000024e+00	-1.467495511850731349e+00
2.163540885221305388e+00	3.806042245904723398e+00	1.877404279999999925e+00	-2.087535552193646726e+00
2.164541135283821305e+00	3.800636175624041435e+00	1.411186999999999969e+00	-1.336960766515380872e+00
2.165541385346336778e+00	3.795142208110777737e+00	1.191028839999999978e+00	-1.108524962178517592e+00
2.166541635408852251e+00	3.791671903684627143e+00	4.463762399999999797e-01	-7.169207261724660496e-01
2.167541885471368168e+00	3.791832416485767521e+00	1.901039999999999675e-02	1.968224911749873740e-01
2.168542135533883641e+00	3.795478716716858436e+00	-2.853258800000000317e-01	1.020373171961676869e-03
2.169542385596399114e+00	3.801682318283022610e+00	-6.673650399999999649e-01	8.168625315179022239e-01
2.170542635658915032e+00	3.809201839648595822e+00	-7.968698400000000515e-01	4.905256681795260310e-01
2.171542885721430505e+00	3.816982910663449413e+00	-8.616222399999999837e-01	1.045298335854765615e+00
2.172543135783946422e+00	3.825091651470079679e+00	-9.458003599999998956e-01	7.842288451840646601e-01
2.173543385846461895e+00	3.833255570195305495e+00	-1.023503240000000147e+00	1.077932022188603289e+00
2.174543635908977368e+00	3.839810261230204969e+00	-9.263746400000000270e-01	1.077932022188603289e+00
2.175543885971493285e+00	3.843263268814633093e+00	-8.680974800000000879e-01	8.821299041855775735e-01
2.176544136034008758e+00	3.843498641301196450e+00	-6.997412400000000421e-01	7.515951588502269853e-01
2.177544386096524232e+00	3.841380050825244474e+00	-5.249097599999998920e-01	5.557930408472013806e-01
2.178544636159040149e+00	3.838431257450183764e+00	-2.464744400000000168e-01	2.947235501765002597e-01
2.179544886221555622e+00	3.835980816703284280e+00	3.196087999999999707e-02	3.365405950579927752e-02
2.180545136284071095e+00	3.833365674150208680e+00	3.816238400000000475e-01	-1.947817448310640853e-01
2.181545386346587012e+00	3.829278023360806582e+00	6.859601199999999510e-01	-5.211186081694403338e-01
2.182545636409102485e+00	3.824499720017963789e+00	1.022672600000000154e+00	-8.148217851739789630e-01
2.183545886471617958e+00	3.820530914596083960e+00	1.320533639999999842e+00	-1.402228139183055999e+00
2.184546136534133876e+00	3.817525304581545154e+00	1.883879520000000030e+00	-1.695931316187594851e+00
2.185546386596649349e+00	3.815316992426903475e+00	1.734948999999999852e+00	-1.271693393847705744e+00
2.186546636659164822e+00	3.813874648390755073e+00	1.890354760000000134e+00	-2.185436611195159529e+00
2.187546886721680739e+00	3.811857151853472292e+00	1.676671840000000024e+00	-1.500129198184569024e+00
2.188547136784196212e+00	3.807626072917376980e+00	1.864453799999999939e+00	-2.022268179525970933e+00
2.189547386846712129e+00	3.801866833978829074e+00	1.430612719999999838e+00	-1.402228139183055999e+00
2.190547636909227602e+00	3.796914145296489185e+00	1.165127880000000005e+00	-1.075891275844679917e+00
2.191547886971743075e+00	3.794178370261167998e+00	4.528514799999999729e-01	-5.863859808371156834e-01
2.192548137034258993e+00	3.793835008666634145e+00	-6.890560000000003904e-03	2.947235501765002597e-01
2.193548387096774466e+00	3.795936367500226449e+00	-2.788506400000000385e-01	3.365405950579927752e-02
2.194548637159289939e+00	3.800440159460158007e+00	-6.803155199999999514e-01	6.536940998487140719e-01
2.195548887221805856e+00	3.807294890091329709e+00	-7.903945999999999472e-01	5.231593545133637058e-01
2.196549137284321329e+00	3.816578783410680131e+00	-8.616222399999999837e-01	8.168625315179022239e-01
2.197549387346836802e+00	3.826875788301741910e+00	-9.328498800000000202e-01	9.147635905194151373e-01
2.198549637409352719e+00	3.835249781675046155e+00	-1.029978480000000030e+00	1.045298335854765615e+00
2.199549887471868193e+00	3.840212299526066353e+00	-9.198994000000000337e-01	1.273734140191629116e+00
2.200550137534383666e+00	3.842574747777268929e+00	-8.745727199999999701e-01	1.077932022188603289e+00
2.201550387596899583e+00	3.843484051843714333e+00	-6.997412400000000421e-01	9.147635905194151373e-01
2.202550637659415056e+00	3.842680610139813435e+00	-5.184345200000000098e-01	3.599909228441755538e-01
2.203550887721930529e+00	3.839789466758951608e+00	-2.335239600000000026e-01	2.947235501765002597e-01
2.204551137784446446e+00	3.836393180722066365e+00	5.138659999999999756e-02	-9.688068582955121355e-02
2.205551387846961919e+00	3.833594562053785015e+00	3.816238400000000475e-01	-2.926828038325769432e-01
2.206551637909477392e+00	3.830521412512763568e+00	6.924353600000000553e-01	-6.516533535047908110e-01
2.207551887971993310e+00	3.826786315866955501e+00	1.003246880000000063e+00	-7.169207261724660496e-01
2.208552138034508783e+00	3.822694480824000873e+00	1.333484120000000051e+00	-1.271693393847705744e+00
2.209552388097024700e+00	3.818631239321677917e+00	1.877404279999999925e+00	-1.630663943519919501e+00
2.210552638159540173e+00	3.815310248215234790e+00	1.728473759999999970e+00	-1.108524962178517592e+00
2.211552888222055646e+00	3.812479642969790916e+00	1.883879520000000030e+00	-2.413872415532022586e+00
2.212553138284571563e+00	3.808897695465694344e+00	1.670196599999999920e+00	-1.434861825516893896e+00
2.213553388347087036e+00	3.804017550114712432e+00	1.857978559999999835e+00	-2.218070297528996981e+00
2.214553638409602510e+00	3.798721430770412688e+00	1.398236519999999983e+00	-1.532762884518406477e+00
2.215553888472118427e+00	3.794869624637337679e+00	1.165127880000000005e+00	-1.141158648512355045e+00
2.216554138534633900e+00	3.793428649292954091e+00	4.658019600000000704e-01	-5.863859808371156834e-01
2.217554388597149373e+00	3.793819902256675203e+00	-6.890560000000003904e-03	1.641888048411497825e-01
2.218554638659665290e+00	3.796052897649095925e+00	-2.853258800000000317e-01	2.620898638426626404e-01
2.219554888722180763e+00	3.800902607719325310e+00	-6.738402799999999582e-01	6.536940998487140719e-01
2.220555138784696236e+00	3.808181785596194580e+00	-8.033450799999999337e-01	6.863277861825517467e-01
2.221555388847212154e+00	3.817164621985114525e+00	-8.551469999999999905e-01	1.012664649520927940e+00
2.222555638909727627e+00	3.826456017702905665e+00	-9.393251199999999024e-01	7.842288451840646601e-01
2.223555888972243100e+00	3.833781368258886157e+00	-1.029978480000000030e+00	1.077932022188603289e+00
2.224556139034759017e+00	3.838498605894739679e+00	-9.393251199999999024e-01	9.473972768532528121e-01
2.225556389097274490e+00	3.841599479971227638e+00	-8.486717599999999972e-01	1.012664649520927940e+00
2.226556639159789963e+00	3.843313363642201441e+00	-7.126917200000000285e-01	8.494962178517398987e-01
2.227556889222305880e+00	3.843309786953261309e+00	-5.378602399999999895e-01	6.863277861825517467e-01
2.228557139284821353e+00	3.841690934169486926e+00	-2.529496800000000101e-01	2.947235501765002597e-01
2.229557389347337271e+00	3.838611520226639318e+00	4.491135999999999739e-02	3.365405950579927752e-02
2.230557639409852744e+00	3.834065421810258556e+00	3.751485999999999432e-01	-2.600491174987393794e-01
2.231557889472368217e+00	3.829127530119928569e+00	6.859601199999999510e-01	-5.537522945032778976e-01
2.232558139534884134e+00	3.825405111637057320e+00	1.003246880000000063e+00	-9.127228441754917654e-01
2.233558389597399607e+00	3.822148592237479381e+00	1.307583159999999856e+00	-1.173792334846192720e+00
2.234558639659915080e+00	3.818084050645894845e+00	1.864453799999999939e+00	-1.793832375189107875e+00
2.235558889722430997e+00	3.814961329547982949e+00	1.709048039999999880e+00	-1.271693393847705744e+00
2.236559139784946471e+00	3.813798557534911371e+00	1.870929040000000043e+00	-2.218070297528996981e+00
2.237559389847461944e+00	3.811537096055733986e+00	1.657246119999999934e+00	-1.402228139183055999e+00
2.238559639909977861e+00	3.805851161128344096e+00	1.851503319999999952e+00	-2.022268179525970933e+00
2.239559889972493334e+00	3.799124699064958310e+00	1.385286039999999996e+00	-1.336960766515380872e+00
2.240560140035008807e+00	3.795094375438479606e+00	1.158652640000000122e+00	-1.239059707513868069e+00
2.241560390097524724e+00	3.794224126944734099e+00	4.528514799999999729e-01	-5.537522945032778976e-01
2.242560640160040197e+00	3.794819563585537736e+00	-1.336580000000000407e-02	9.892143217347457163e-02
2.243560890222555670e+00	3.796731251452959199e+00	-2.918011200000000249e-01	2.947235501765002597e-01
2.244561140285071588e+00	3.801370732383963613e+00	-6.544145599999999785e-01	7.515951588502269853e-01
2.245561390347587061e+00	3.809170673130322093e+00	-7.903945999999999472e-01	6.536940998487140719e-01
2.246561640410102978e+00	3.818374345247644630e+00	-8.616222399999999837e-01	1.012664649520927940e+00
2.247561890472618451e+00	3.826535182133233182e+00	-9.263746400000000270e-01	8.494962178517398987e-01
2.248562140535133924e+00	3.832745747458022656e+00	-1.036453719999999912e+00	1.012664649520927940e+00
2.249562390597649841e+00	3.837871087208512666e+00	-9.328498800000000202e-01	6.863277861825517467e-01
2.250562640660165314e+00	3.842421704364525237e+00	-8.680974800000000879e-01	9.800309631870904870e-01
2.251562890722680788e+00	3.845326600469499478e+00	-7.126917200000000285e-01	6.536940998487140719e-01
2.252563140785196705e+00	3.845266549403433931e+00	-5.184345200000000098e-01	8.821299041855775735e-01
2.253563390847712178e+00	3.841948007910105378e+00	-2.659001599999999965e-01	3.273572365103378790e-01
2.254563640910227651e+00	3.836921341720612944e+00	3.196087999999999707e-02	1.641888048411497825e-01
2.255563890972743568e+00	3.832182453398992550e+00	3.686733600000000055e-01	-9.688068582955121355e-02
2.256564141035259041e+00	3.828111928977344203e+00	6.794848799999999578e-01	-6.190196671709531362e-01
2.257564391097774514e+00	3.824736872345853467e+00	9.967716399999999588e-01	-1.043257589510842243e+00
2.258564641160290432e+00	3.821568823300308892e+00	1.307583159999999856e+00	-1.336960766515380872e+00
2.259564891222805905e+00	3.818121966795291478e+00	1.845028079999999848e+00	-1.826466061522945328e+00
2.260565141285321378e+00	3.816110122594108311e+00	1.702572799999999775e+00	-1.141158648512355045e+00
2.261565391347837295e+00	3.815075655359604578e+00	1.870929040000000043e+00	-2.087535552193646726e+00
2.262565641410352768e+00	3.811078594725236801e+00	1.650770879999999829e+00	-1.402228139183055999e+00
2.263565891472868241e+00	3.804005146039876273e+00	1.838552839999999744e+00	-1.924367120524458352e+00
2.264566141535384158e+00	3.798217847712202389e+00	1.391761279999999878e+00	-1.532762884518406477e+00
2.265566391597899631e+00	3.795693458416020682e+00	1.139226920000000032e+00	-1.173792334846192720e+00
2.266566641660415549e+00	3.794269248382673876e+00	4.528514799999999729e-01	-6.842870398386284858e-01
2.267566891722931022e+00	3.793071080808763984e+00	-1.984104000000000423e-02	1.315551185073121632e-01
2.268567141785446495e+00	3.794858307888469007e+00	-2.853258800000000317e-01	1.641888048411497825e-01
2.269567391847962412e+00	3.801226280908625910e+00	-6.867907599999999446e-01	7.189614725163894215e-01
2.270567641910477885e+00	3.810326947920887886e+00	-8.033450799999999337e-01	7.189614725163894215e-01
2.271567891972993358e+00	3.819316826016704969e+00	-8.421965199999998930e-01	1.208466767523953767e+00
2.272568142035509275e+00	3.826488609533547525e+00	-9.263746400000000270e-01	7.189614725163894215e-01
2.273568392098024749e+00	3.832253446898217675e+00	-1.042928960000000016e+00	1.143199394856278639e+00
2.274568642160540222e+00	3.837830603445927746e+00	-9.522755999999999998e-01	8.168625315179022239e-01
2.275568892223056139e+00	3.842760316094555595e+00	-8.680974800000000879e-01	9.147635905194151373e-01
2.276569142285571612e+00	3.844779720214818841e+00	-7.126917200000000285e-01	7.842288451840646601e-01
2.277569392348087085e+00	3.842890824153184948e+00	-5.313849999999999962e-01	6.210604135148766192e-01
2.278569642410603002e+00	3.839415285191682958e+00	-2.594249200000000033e-01	2.620898638426626404e-01
2.279569892473118475e+00	3.836619039184288482e+00	1.253515999999999658e-02	3.365405950579927752e-02
2.280570142535633948e+00	3.833707627656418371e+00	3.686733600000000055e-01	-1.295143721633888190e-01
2.281570392598149866e+00	3.829792403155928060e+00	6.730096400000000756e-01	-4.558512355017650397e-01
2.282570642660665339e+00	3.825645748388550427e+00	9.902964000000000766e-01	-8.800891578416540906e-01
2.283570892723181256e+00	3.821824545923564020e+00	1.307583159999999856e+00	-1.304327080181543197e+00
2.284571142785696729e+00	3.818670735150512030e+00	1.851503319999999952e+00	-1.663297629853757176e+00
2.285571392848212202e+00	3.816240734395469847e+00	1.689622319999999789e+00	-1.239059707513868069e+00
2.286571642910728119e+00	3.813383235475192201e+00	1.870929040000000043e+00	-2.185436611195159529e+00
2.287571892973243592e+00	3.809202845863942422e+00	1.637820399999999843e+00	-1.369594452849218325e+00
2.288572143035759066e+00	3.804410987262560884e+00	1.838552839999999744e+00	-1.989634493192133702e+00
2.289572393098274983e+00	3.800141819350042915e+00	1.391761279999999878e+00	-1.467495511850731349e+00
2.290572643160790456e+00	3.796623541824070358e+00	1.145702159999999914e+00	-1.141158648512355045e+00
2.291572893223305929e+00	3.793801077145496858e+00	4.075248000000000759e-01	-7.169207261724660496e-01
2.292573143285821846e+00	3.792939227146872927e+00	-2.631628000000000439e-02	9.892143217347457163e-02
2.293573393348337319e+00	3.795743363673691029e+00	-2.982763600000000181e-01	6.628774583963688294e-02
2.294573643410852792e+00	3.801923674901797945e+00	-6.803155199999999514e-01	8.494962178517398987e-01
2.295573893473368710e+00	3.809666561596084300e+00	-8.033450799999999337e-01	6.210604135148766192e-01
2.296574143535884183e+00	3.817773382009173933e+00	-8.680974800000000879e-01	1.208466767523953767e+00
2.297574393598399656e+00	3.826220449977668636e+00	-9.458003599999998956e-01	7.515951588502269853e-01
2.298574643660915573e+00	3.834125873511276872e+00	-1.029978480000000030e+00	1.208466767523953767e+00
2.299574893723431046e+00	3.839263591676137732e+00	-9.393251199999999024e-01	6.863277861825517467e-01
2.300575143785946519e+00	3.841432754722430065e+00	-8.875231999999999566e-01	8.494962178517398987e-01
2.301575393848462436e+00	3.842304438398529864e+00	-7.191669600000000218e-01	6.863277861825517467e-01
2.302575643910977909e+00	3.842292922333918170e+00	-5.443354799999999827e-01	3.599909228441755538e-01
2.303575893973493827e+00	3.841125011841026726e+00	-2.529496800000000101e-01	4.578919818456884672e-01
2.304576144036009300e+00	3.839024945182403670e+00	2.548563999999999691e-02	-3.161331316187596802e-02
2.305576394098524773e+00	3.835960814735086988e+00	3.621981200000000678e-01	3.365405950579927752e-02
2.306576644161040690e+00	3.831845622154035347e+00	6.471086800000001027e-01	-4.232175491679274204e-01
2.307576894223556163e+00	3.827144007864598407e+00	9.967716399999999588e-01	-7.495544125063037244e-01
2.308577144286071636e+00	3.822153723674473813e+00	1.301107919999999973e+00	-1.304327080181543197e+00
2.309577394348587553e+00	3.817464256374000442e+00	1.851503319999999952e+00	-1.728565002521432525e+00
2.310577644411103027e+00	3.814721515181517031e+00	1.683147080000000129e+00	-1.402228139183055999e+00
2.311577894473618500e+00	3.814105716078990849e+00	1.864453799999999939e+00	-2.152802924861321632e+00
2.312578144536134417e+00	3.812970850817531954e+00	1.644295639999999947e+00	-1.500129198184569024e+00
2.313578394598649890e+00	3.808809781285110940e+00	1.819127120000000097e+00	-1.924367120524458352e+00
2.314578644661165363e+00	3.801634605448945159e+00	1.385286039999999996e+00	-1.271693393847705744e+00
2.315578894723681280e+00	3.794598959981069441e+00	1.126276440000000045e+00	-1.075891275844679917e+00
2.316579144786196753e+00	3.791948976186800380e+00	4.204752800000000068e-01	-4.884849218356027145e-01
2.317579394848712226e+00	3.793997080743364947e+00	-1.984104000000000423e-02	3.365405950579927752e-02
2.318579644911228144e+00	3.797835984458135972e+00	-3.112268400000000046e-01	6.628774583963688294e-02
2.319579894973743617e+00	3.802619267745061649e+00	-6.867907599999999446e-01	7.842288451840646601e-01
2.320580145036259090e+00	3.808999203006549372e+00	-8.033450799999999337e-01	5.557930408472013806e-01
2.321580395098775007e+00	3.816723748502450775e+00	-8.680974800000000879e-01	1.110565708522440964e+00
2.322580645161290480e+00	3.825622914440825806e+00	-9.393251199999999024e-01	8.494962178517398987e-01
2.323580895223806397e+00	3.834709949129129214e+00	-1.036453719999999912e+00	1.110565708522440964e+00
2.324581145286321870e+00	3.841007097197119968e+00	-9.458003599999998956e-01	1.012664649520927940e+00
2.325581395348837344e+00	3.843159711671388923e+00	-8.810479599999999634e-01	7.515951588502269853e-01
2.326581645411353261e+00	3.843313561397785350e+00	-7.062164799999999243e-01	7.515951588502269853e-01
2.327581895473868734e+00	3.843056081040490124e+00	-5.313849999999999962e-01	4.252582955118507924e-01
2.328582145536384207e+00	3.841690322623211085e+00	-2.594249200000000033e-01	2.294561775088249655e-01
2.329582395598900124e+00	3.838573524003103810e+00	3.196087999999999707e-02	1.315551185073121632e-01
2.330582645661415597e+00	3.834068893332328365e+00	3.492476399999999703e-01	-2.600491174987393794e-01
2.331582895723931070e+00	3.829609213373914134e+00	6.730096400000000756e-01	-4.884849218356027145e-01
2.332583145786446988e+00	3.826221249480784348e+00	9.967716399999999588e-01	-8.148217851739789630e-01
2.333583395848962461e+00	3.822641910656576769e+00	1.268731720000000118e+00	-1.173792334846192720e+00
2.334583645911477934e+00	3.818201884640678667e+00	1.838552839999999744e+00	-1.565396570852244151e+00
2.335583895973993851e+00	3.814865157498889658e+00	1.696097560000000115e+00	-1.271693393847705744e+00
2.336584146036509324e+00	3.813111771152346119e+00	1.851503319999999952e+00	-2.152802924861321632e+00
2.337584396099024797e+00	3.810784454501327190e+00	1.631345159999999739e+00	-1.467495511850731349e+00
2.338584646161540714e+00	3.806508623709476069e+00	1.825602359999999980e+00	-2.022268179525970933e+00
2.339584896224056187e+00	3.800391298721017552e+00	1.378810799999999892e+00	-1.369594452849218325e+00
2.340585146286572105e+00	3.794345452623861803e+00	1.119801199999999941e+00	-1.173792334846192720e+00
2.341585396349087578e+00	3.791558947712130312e+00	4.204752800000000068e-01	-5.863859808371156834e-01
2.342585646411603051e+00	3.792801149883025857e+00	-3.279152000000000455e-02	1.315551185073121632e-01
2.343585896474118968e+00	3.796401329454862861e+00	-3.112268400000000046e-01	1.641888048411497825e-01
2.344586146536634441e+00	3.801684805965603875e+00	-6.932660000000000489e-01	7.189614725163894215e-01
2.345586396599149914e+00	3.808797251772287673e+00	-8.033450799999999337e-01	6.536940998487140719e-01
2.346586646661665831e+00	3.816835606600577524e+00	-8.616222399999999837e-01	1.077932022188603289e+00
2.347586896724181305e+00	3.824923855130186290e+00	-9.393251199999999024e-01	8.821299041855775735e-01
2.348587146786696778e+00	3.832464196030219039e+00	-1.055879440000000002e+00	1.077932022188603289e+00
2.349587396849212695e+00	3.837876205426390186e+00	-9.393251199999999024e-01	1.175833081190116092e+00
2.350587646911728168e+00	3.840631618999195140e+00	-8.810479599999999634e-01	1.012664649520927940e+00
2.351587896974243641e+00	3.841889085586057906e+00	-7.126917200000000285e-01	8.494962178517398987e-01
2.352588147036759558e+00	3.842070570715423017e+00	-5.378602399999999895e-01	4.252582955118507924e-01
2.353588397099275031e+00	3.840822737816255383e+00	-2.529496800000000101e-01	3.273572365103378790e-01
2.354588647161790504e+00	3.837814768897130691e+00	2.548563999999999691e-02	3.365405950579927752e-02
2.355588897224306422e+00	3.834008034546834143e+00	3.557228800000000746e-01	-4.558512355017650397e-01
2.356589147286821895e+00	3.830965477185468870e+00	6.665344000000000824e-01	-2.600491174987393794e-01
2.357589397349337368e+00	3.827453987000709823e+00	9.838211600000000834e-01	-9.127228441754917654e-01
2.358589647411853285e+00	3.821953926332183560e+00	1.288157439999999765e+00	-1.010623903177004790e+00
2.359589897474368758e+00	3.816720806315716974e+00	1.838552839999999744e+00	-1.598030257186082048e+00
2.360590147536884675e+00	3.814291377914216241e+00	1.676671840000000024e+00	-1.239059707513868069e+00
2.361590397599400148e+00	3.813238304713364002e+00	1.851503319999999952e+00	-2.152802924861321632e+00
2.362590647661915622e+00	3.810733339184407598e+00	1.644295639999999947e+00	-1.467495511850731349e+00
2.363590897724431539e+00	3.806394145238451099e+00	1.819127120000000097e+00	-2.152802924861321632e+00
2.364591147786947012e+00	3.801271770207203193e+00	1.391761279999999878e+00	-1.271693393847705744e+00
2.365591397849462485e+00	3.796578500748736040e+00	1.132751680000000150e+00	-1.271693393847705744e+00
2.366591647911978402e+00	3.793854432980767744e+00	4.075248000000000759e-01	-2.926828038325769432e-01
2.367591897974493875e+00	3.793735381912594740e+00	-3.279152000000000455e-02	2.620898638426626404e-01
2.368592148037009348e+00	3.795965988664642854e+00	-3.047516000000000114e-01	1.315551185073121632e-01
2.369592398099525266e+00	3.800537209102277991e+00	-6.932660000000000489e-01	8.168625315179022239e-01
2.370592648162040739e+00	3.807441100385231536e+00	-8.098203199999999269e-01	5.231593545133637058e-01
2.371592898224556212e+00	3.816096112312000521e+00	-8.745727199999999701e-01	1.012664649520927940e+00
2.372593148287072129e+00	3.825132549944045834e+00	-9.393251199999999024e-01	7.515951588502269853e-01
2.373593398349587602e+00	3.833030626045786260e+00	-1.042928960000000016e+00	1.077932022188603289e+00
2.374593648412103075e+00	3.838816543360161759e+00	-9.328498800000000202e-01	1.012664649520927940e+00
2.375593898474618992e+00	3.842154310343715462e+00	-8.745727199999999701e-01	1.110565708522440964e+00
2.376594148537134465e+00	3.843565562038401939e+00	-7.126917200000000285e-01	6.536940998487140719e-01
2.377594398599650383e+00	3.843240613221046154e+00	-5.378602399999999895e-01	7.515951588502269853e-01
2.378594648662165856e+00	3.840696161756730120e+00	-2.788506400000000385e-01	1.968224911749873740e-01
2.379594898724681329e+00	3.836799021387702346e+00	3.843611999999999723e-02	1.641888048411497825e-01
2.380595148787197246e+00	3.833091014451641243e+00	3.557228800000000746e-01	-2.926828038325769432e-01
2.381595398849712719e+00	3.830035431727324635e+00	6.600591600000000891e-01	-5.211186081694403338e-01
2.382595648912228192e+00	3.827228195622300877e+00	9.838211600000000834e-01	-8.148217851739789630e-01
2.383595898974744109e+00	3.823531814011256635e+00	1.275206959999999778e+00	-1.402228139183055999e+00
2.384596149037259583e+00	3.818992574681357777e+00	1.838552839999999744e+00	-1.598030257186082048e+00
2.385596399099775056e+00	3.815790362456359830e+00	1.670196599999999920e+00	-1.173792334846192720e+00
2.386596649162290973e+00	3.814051528205719244e+00	1.845028079999999848e+00	-2.218070297528996981e+00
2.387596899224806446e+00	3.811034164840780836e+00	1.624869920000000079e+00	-1.467495511850731349e+00
2.388597149287321919e+00	3.805933879357645377e+00	1.806176639999999889e+00	-1.989634493192133702e+00
2.389597399349837836e+00	3.800476898016431182e+00	1.378810799999999892e+00	-1.467495511850731349e+00
2.390597649412353309e+00	3.796017806251603677e+00	1.126276440000000045e+00	-1.141158648512355045e+00
2.391597899474868782e+00	3.793304707889807670e+00	4.140000400000000136e-01	-7.495544125063037244e-01
2.392598149537384700e+00	3.793378037626846666e+00	-3.926676000000000472e-02	1.641888048411497825e-01
2.393598399599900173e+00	3.796713789681696039e+00	-3.241773200000000466e-01	1.641888048411497825e-01
2.394598649662415646e+00	3.802405613884033198e+00	-6.803155199999999514e-01	7.842288451840646601e-01
2.395598899724931563e+00	3.809358507382957004e+00	-8.033450799999999337e-01	5.884267271810389444e-01
2.396599149787447036e+00	3.816952003925397463e+00	-8.680974800000000879e-01	1.110565708522440964e+00
2.397599399849962953e+00	3.824589282958815506e+00	-9.587508399999999931e-01	7.189614725163894215e-01
2.398599649912478426e+00	3.831881359592737901e+00	-1.029978480000000030e+00	1.208466767523953767e+00
2.399599899974993900e+00	3.838486027414076851e+00	-9.393251199999999024e-01	9.473972768532528121e-01
2.400600150037509817e+00	3.843175884869392878e+00	-8.810479599999999634e-01	1.045298335854765615e+00
2.401600400100025290e+00	3.844419213840399419e+00	-7.126917200000000285e-01	7.189614725163894215e-01
2.402600650162540763e+00	3.842442209669378883e+00	-5.249097599999998920e-01	7.189614725163894215e-01
2.403600900225056680e+00	3.839250188610312531e+00	-2.788506400000000385e-01	2.620898638426626404e-01
2.404601150287572153e+00	3.836386091022681022e+00	3.196087999999999707e-02	9.892143217347457163e-02
2.405601400350087626e+00	3.833386002659322056e+00	3.557228800000000746e-01	-2.926828038325769432e-01
2.406601650412603544e+00	3.829129640319773209e+00	6.535839199999999849e-01	-7.169207261724660496e-01
2.407601900475119017e+00	3.824395173233021250e+00	9.773459200000000902e-01	-8.474554715078166378e-01
2.408602150537634490e+00	3.821015938522885236e+00	1.281682200000000105e+00	-1.500129198184569024e+00
2.409602400600150407e+00	3.818968612211952607e+00	1.825602359999999980e+00	-1.369594452849218325e+00
2.410602650662665880e+00	3.816737009056475394e+00	1.663721360000000038e+00	-1.239059707513868069e+00
2.411602900725181353e+00	3.813682903691943960e+00	1.838552839999999744e+00	-1.957000806858295805e+00
2.412603150787697270e+00	3.809542871588198043e+00	1.611919440000000092e+00	-1.369594452849218325e+00
2.413603400850212743e+00	3.803987811760347615e+00	1.806176639999999889e+00	-1.924367120524458352e+00
2.414603650912728217e+00	3.798441745773371014e+00	1.385286039999999996e+00	-1.467495511850731349e+00
2.415603900975244134e+00	3.794681149471242243e+00	1.106850720000000177e+00	-1.271693393847705744e+00
2.416604151037759607e+00	3.792788872292959024e+00	4.075248000000000759e-01	-8.474554715078166378e-01
2.417604401100275524e+00	3.792471425318004741e+00	-3.926676000000000472e-02	2.947235501765002597e-01
2.418604651162790997e+00	3.794316756637018617e+00	-3.112268400000000046e-01	9.892143217347457163e-02
2.419604901225306470e+00	3.799982034788874419e+00	-7.062164799999999243e-01	8.494962178517398987e-01
2.420605151287822387e+00	3.809202143510212135e+00	-8.098203199999999269e-01	7.515951588502269853e-01
2.421605401350337861e+00	3.818182048497399617e+00	-8.745727199999999701e-01	9.800309631870904870e-01
2.422605651412853334e+00	3.825415432950355576e+00	-9.458003599999998956e-01	9.147635905194151373e-01
2.423605901475369251e+00	3.832779159264971813e+00	-1.049404199999999898e+00	9.147635905194151373e-01
2.424606151537884724e+00	3.839539979346671128e+00	-9.328498800000000202e-01	1.045298335854765615e+00
2.425606401600400197e+00	3.843249885702944013e+00	-8.939984399999999498e-01	9.800309631870904870e-01
2.426606651662916114e+00	3.843960195692254445e+00	-7.191669600000000218e-01	7.515951588502269853e-01
2.427606901725431587e+00	3.842773115855580013e+00	-5.508107199999999759e-01	6.863277861825517467e-01
2.428607151787947060e+00	3.840113990136714950e+00	-2.659001599999999965e-01	4.905256681795260310e-01
2.429607401850462978e+00	3.836835719361527897e+00	1.901039999999999675e-02	3.365405950579927752e-02
2.430607651912978451e+00	3.833680344228273640e+00	3.492476399999999703e-01	-3.161331316187596802e-02
2.431607901975493924e+00	3.830282741249835698e+00	6.471086800000001027e-01	-6.190196671709531362e-01
2.432608152038009841e+00	3.826783454872127344e+00	9.773459200000000902e-01	-8.474554715078166378e-01
2.433608402100525314e+00	3.823683969762103896e+00	1.275206959999999778e+00	-1.173792334846192720e+00
2.434608652163041231e+00	3.820235333975896541e+00	1.825602359999999980e+00	-1.598030257186082048e+00
2.435608902225556704e+00	3.816302829288506615e+00	1.663721360000000038e+00	-1.271693393847705744e+00
2.436609152288072178e+00	3.812894201197745581e+00	1.832077599999999862e+00	-2.185436611195159529e+00
2.437609402350588095e+00	3.809479918956791167e+00	1.611919440000000092e+00	-1.336960766515380872e+00
2.438609652413103568e+00	3.804944238671982948e+00	1.806176639999999889e+00	-1.859099747856782781e+00
2.439609902475619041e+00	3.800089996759650646e+00	1.365860319999999906e+00	-1.336960766515380872e+00
2.440610152538134958e+00	3.796422133934590715e+00	1.100375480000000072e+00	-1.141158648512355045e+00
2.441610402600650431e+00	3.794671295024869551e+00	4.075248000000000759e-01	-5.211186081694403338e-01
2.442610652663165904e+00	3.795287133934068802e+00	-4.574200000000000488e-02	1.968224911749873740e-01
2.443610902725681822e+00	3.798101077856676167e+00	-3.241773200000000466e-01	1.020373171961676869e-03
2.444611152788197295e+00	3.802255684375891231e+00	-6.997412400000000421e-01	7.515951588502269853e-01
2.445611402850712768e+00	3.808031745496717413e+00	-8.227708000000000244e-01	7.189614725163894215e-01
2.446611652913228685e+00	3.815942484667028456e+00	-8.745727199999999701e-01	1.077932022188603289e+00
2.447611902975744158e+00	3.824471722662312612e+00	-9.458003599999998956e-01	8.494962178517398987e-01
2.448612153038259631e+00	3.832233916642004523e+00	-1.029978480000000030e+00	1.077932022188603289e+00
2.449612403100775548e+00	3.838845440219595062e+00	-9.458003599999998956e-01	9.473972768532528121e-01
2.450612653163291021e+00	3.842906417262031749e+00	-8.745727199999999701e-01	1.012664649520927940e+00
2.451612903225806495e+00	3.844053008163534901e+00	-7.385926799999998904e-01	7.842288451840646601e-01
2.452613153288322412e+00	3.843706458264281256e+00	-5.443354799999999827e-01	5.231593545133637058e-01
2.453613403350837885e+00	3.841924365295851462e+00	-2.788506400000000385e-01	4.578919818456884672e-01
2.454613653413353802e+00	3.838269976789193905e+00	2.548563999999999691e-02	9.892143217347457163e-02
2.455613903475869275e+00	3.833597901390484175e+00	3.362971600000000394e-01	-6.424699949571360813e-02
2.456614153538384748e+00	3.829107408573839688e+00	6.341582000000000052e-01	-5.211186081694403338e-01
2.457614403600900665e+00	3.825467736739730285e+00	9.643954399999999927e-01	-7.821880988401412882e-01
2.458614653663416139e+00	3.821774509521583152e+00	1.262256480000000014e+00	-1.304327080181543197e+00
2.459614903725931612e+00	3.817339465019760070e+00	1.832077599999999862e+00	-1.859099747856782781e+00
2.460615153788447529e+00	3.813880525669971711e+00	1.644295639999999947e+00	-1.141158648512355045e+00
2.461615403850963002e+00	3.812348958179955893e+00	1.812651879999999993e+00	-2.348605042864347237e+00
2.462615653913478475e+00	3.810868803170868180e+00	1.592493720000000001e+00	-1.141158648512355045e+00
2.463615903975994392e+00	3.806929788585512675e+00	1.786750920000000020e+00	-1.957000806858295805e+00
2.464616154038509865e+00	3.800033483102814635e+00	1.359385079999999801e+00	-1.206426021180030395e+00
2.465616404101025338e+00	3.793417631769902876e+00	1.074474520000000100e+00	-9.453565305093293292e-01
2.466616654163541256e+00	3.791112426462197593e+00	3.816238400000000475e-01	-6.842870398386284858e-01
2.467616904226056729e+00	3.792928777551524799e+00	-4.574200000000000488e-02	6.628774583963688294e-02
2.468617154288572202e+00	3.796092850853185041e+00	-3.371277999999999775e-01	9.892143217347457163e-02
2.469617404351088119e+00	3.800174149948834845e+00	-6.997412400000000421e-01	5.557930408472013806e-01
2.470617654413603592e+00	3.806912867482935781e+00	-8.162955600000000311e-01	7.189614725163894215e-01
2.471617904476119509e+00	3.816572005304120996e+00	-8.745727199999999701e-01	1.175833081190116092e+00
2.472618154538634982e+00	3.826502374309532328e+00	-9.393251199999999024e-01	8.168625315179022239e-01
2.473618404601150456e+00	3.833883748965984051e+00	-1.036453719999999912e+00	1.306367826525466569e+00
2.474618654663666373e+00	3.838653028938366685e+00	-9.587508399999999931e-01	8.821299041855775735e-01
2.475618904726181846e+00	3.841577812409630255e+00	-8.745727199999999701e-01	1.077932022188603289e+00
2.476619154788697319e+00	3.842340468773810525e+00	-7.256422000000000150e-01	6.536940998487140719e-01
2.477619404851213236e+00	3.841664700756007189e+00	-5.378602399999999895e-01	4.905256681795260310e-01
2.478619654913728709e+00	3.840683036897244662e+00	-2.788506400000000385e-01	2.947235501765002597e-01
2.479619904976244182e+00	3.838467439813319171e+00	3.196087999999999707e-02	1.315551185073121632e-01
2.480620155038760100e+00	3.834394856873144963e+00	3.362971600000000394e-01	-6.424699949571360813e-02
2.481620405101275573e+00	3.829964387937362602e+00	6.535839199999999849e-01	-2.926828038325769432e-01
2.482620655163791046e+00	3.826109109391721663e+00	9.643954399999999927e-01	-8.148217851739789630e-01
2.483620905226306963e+00	3.822289658325410677e+00	1.249306000000000250e+00	-1.141158648512355045e+00
2.484621155288822436e+00	3.818548761634241728e+00	1.806176639999999889e+00	-1.695931316187594851e+00
2.485621405351337909e+00	3.815787141492567702e+00	1.644295639999999947e+00	-1.141158648512355045e+00
2.486621655413853826e+00	3.813651715569642331e+00	1.825602359999999980e+00	-2.185436611195159529e+00
2.487621905476369299e+00	3.810622935449641258e+00	1.598968959999999884e+00	-1.369594452849218325e+00
2.488622155538884773e+00	3.806267501931611896e+00	1.786750920000000020e+00	-1.957000806858295805e+00
2.489622405601400690e+00	3.801274784467323364e+00	1.352909840000000141e+00	-1.336960766515380872e+00
2.490622655663916163e+00	3.796924949733492038e+00	1.087425000000000086e+00	-1.108524962178517592e+00
2.491622905726432080e+00	3.794783106584679988e+00	3.945743200000000339e-01	-4.884849218356027145e-01
2.492623155788947553e+00	3.795128753030378110e+00	-5.869248000000000520e-02	2.294561775088249655e-01
2.493623405851463026e+00	3.797081776220011307e+00	-3.177020799999999978e-01	9.892143217347457163e-02
2.494623655913978943e+00	3.801030443139390425e+00	-6.997412400000000421e-01	8.168625315179022239e-01
2.495623905976494417e+00	3.808181255747805860e+00	-7.968698400000000515e-01	5.557930408472013806e-01
2.496624156039009890e+00	3.817597824980635934e+00	-8.680974800000000879e-01	1.110565708522440964e+00
2.497624406101525807e+00	3.827103029082060015e+00	-9.458003599999998956e-01	7.515951588502269853e-01
2.498624656164041280e+00	3.835236092015040121e+00	-1.036453719999999912e+00	1.077932022188603289e+00
2.499624906226556753e+00	3.840471555477293464e+00	-9.393251199999999024e-01	9.473972768532528121e-01
2.500625156289072670e+00	3.842474199597218476e+00	-8.745727199999999701e-01	1.012664649520927940e+00
2.501625406351588143e+00	3.843373986215771865e+00	-7.191669600000000218e-01	7.189614725163894215e-01
2.502625656414103616e+00	3.844133944309993556e+00	-5.443354799999999827e-01	6.210604135148766192e-01
2.503625906476619534e+00	3.842699670864990757e+00	-2.788506400000000385e-01	3.273572365103378790e-01
2.504626156539135007e+00	3.838646344469347493e+00	1.901039999999999675e-02	1.315551185073121632e-01
2.505626406601650480e+00	3.834643222502627680e+00	3.492476399999999703e-01	-1.947817448310640853e-01
2.506626656664166397e+00	3.831439849026424760e+00	6.471086800000001027e-01	-3.253164901664145625e-01
2.507626906726681870e+00	3.827620414226295953e+00	9.449697200000000130e-01	-9.127228441754917654e-01
2.508627156789197343e+00	3.823294252293449880e+00	1.242830760000000145e+00	-1.108524962178517592e+00
2.509627406851713260e+00	3.819268832155756410e+00	1.812651879999999993e+00	-1.695931316187594851e+00
2.510627656914228734e+00	3.815811315464102460e+00	1.650770879999999829e+00	-1.239059707513868069e+00
2.511627906976744651e+00	3.812838120185203739e+00	1.825602359999999980e+00	-2.185436611195159529e+00
2.512628157039260124e+00	3.809473297652390844e+00	1.598968959999999884e+00	-1.598030257186082048e+00
2.513628407101775597e+00	3.805410871137505424e+00	1.793226159999999902e+00	-1.891733434190620455e+00
2.514628657164291514e+00	3.801457593840331217e+00	1.398236519999999983e+00	-1.434861825516893896e+00
2.515628907226806987e+00	3.797860197303349228e+00	1.093900239999999968e+00	-7.821880988401412882e-01
2.516629157289322460e+00	3.794835888143887725e+00	3.751485999999999432e-01	-4.558512355017650397e-01
2.517629407351838378e+00	3.793719320124824712e+00	-5.221724000000000504e-02	2.620898638426626404e-01
2.518629657414353851e+00	3.795745922061886102e+00	-3.241773200000000466e-01	2.947235501765002597e-01
2.519629907476869324e+00	3.801024594134026824e+00	-7.062164799999999243e-01	7.515951588502269853e-01
2.520630157539385241e+00	3.808616400268517665e+00	-8.098203199999999269e-01	4.578919818456884672e-01
2.521630407601900714e+00	3.817369641058626861e+00	-8.745727199999999701e-01	1.012664649520927940e+00
2.522630657664416187e+00	3.826664371545783982e+00	-9.522755999999999998e-01	7.515951588502269853e-01
2.523630907726932104e+00	3.834938333692717194e+00	-1.036453719999999912e+00	1.241100453857791219e+00
2.524631157789447577e+00	3.840159289884622407e+00	-9.587508399999999931e-01	9.800309631870904870e-01
2.525631407851963051e+00	3.842816222593425479e+00	-8.939984399999999498e-01	1.012664649520927940e+00
2.526631657914478968e+00	3.844013526448336382e+00	-7.191669600000000218e-01	9.147635905194151373e-01
2.527631907976994441e+00	3.843215920084947612e+00	-5.443354799999999827e-01	4.578919818456884672e-01
2.528632158039510358e+00	3.840847405922014346e+00	-2.723753999999999897e-01	3.599909228441755538e-01
2.529632408102025831e+00	3.837957978814320992e+00	1.901039999999999675e-02	6.628774583963688294e-02
2.530632658164541304e+00	3.834244651339611121e+00	3.362971600000000394e-01	-2.600491174987393794e-01
2.531632908227057221e+00	3.829797223742668955e+00	6.147324800000000256e-01	-3.905838628340898566e-01
2.532633158289572695e+00	3.825173262708413180e+00	9.643954399999999927e-01	-8.474554715078166378e-01
2.533633408352088168e+00	3.820456682773091028e+00	1.242830760000000145e+00	-1.304327080181543197e+00
2.534633658414604085e+00	3.816786848398794341e+00	1.819127120000000097e+00	-1.532762884518406477e+00
2.535633908477119558e+00	3.815243182983001802e+00	1.637820399999999843e+00	-1.304327080181543197e+00
2.536634158539635031e+00	3.814286421077328626e+00	1.812651879999999993e+00	-1.957000806858295805e+00
2.537634408602150948e+00	3.811537884910006113e+00	1.579543240000000015e+00	-1.434861825516893896e+00
2.538634658664666421e+00	3.806730248410548079e+00	1.793226159999999902e+00	-1.989634493192133702e+00
2.539634908727181895e+00	3.801347178793915038e+00	1.391761279999999878e+00	-1.336960766515380872e+00
2.540635158789697812e+00	3.796859187071666586e+00	1.048573559999999905e+00	-1.141158648512355045e+00
2.541635408852213285e+00	3.794270146594637794e+00	3.751485999999999432e-01	-4.884849218356027145e-01
2.542635658914728758e+00	3.794224227092526824e+00	-5.869248000000000520e-02	6.628774583963688294e-02
2.543635908977244675e+00	3.796741720114187757e+00	-3.371277999999999775e-01	1.641888048411497825e-01
2.544636159039760148e+00	3.801505228849104689e+00	-7.126917200000000285e-01	7.842288451840646601e-01
2.545636409102275621e+00	3.808225486083175682e+00	-8.162955600000000311e-01	5.557930408472013806e-01
2.546636659164791539e+00	3.816489992090069006e+00	-8.680974800000000879e-01	1.110565708522440964e+00
2.547636909227307012e+00	3.825504992315925890e+00	-9.522755999999999998e-01	7.842288451840646601e-01
2.548637159289822929e+00	3.833881104779900628e+00	-1.055879440000000002e+00	1.077932022188603289e+00
2.549637409352338402e+00	3.839979280580287035e+00	-9.458003599999998956e-01	9.473972768532528121e-01
2.550637659414853875e+00	3.842512046170053708e+00	-8.939984399999999498e-01	9.147635905194151373e-01
2.551637909477369792e+00	3.842071184354860947e+00	-7.256422000000000150e-01	7.842288451840646601e-01
2.552638159539885265e+00	3.841080074958772794e+00	-5.508107199999999759e-01	5.557930408472013806e-01
2.553638409602400738e+00	3.840136136339154849e+00	-2.788506400000000385e-01	4.905256681795260310e-01
2.554638659664916656e+00	3.837695539116826371e+00	-4.153200000000037417e-04	9.892143217347457163e-02
2.555638909727432129e+00	3.833763767491286778e+00	3.233466799999999974e-01	-1.295143721633888190e-01
2.556639159789947602e+00	3.830162285334335337e+00	6.471086800000001027e-01	-5.537522945032778976e-01
2.557639409852463519e+00	3.827097124521479987e+00	9.449697200000000130e-01	-8.148217851739789630e-01
2.558639659914978992e+00	3.822710530069935775e+00	1.223405040000000055e+00	-1.336960766515380872e+00
2.559639909977494465e+00	3.817433537386901055e+00	1.819127120000000097e+00	-1.467495511850731349e+00
2.560640160040010382e+00	3.813900369058313533e+00	1.631345159999999739e+00	-1.173792334846192720e+00
2.561640410102525856e+00	3.811827847055102136e+00	1.812651879999999993e+00	-2.022268179525970933e+00
2.562640660165041329e+00	3.808977366862589253e+00	1.579543240000000015e+00	-1.500129198184569024e+00
2.563640910227557246e+00	3.804944250388269111e+00	1.767325200000000152e+00	-2.054901865859808829e+00
2.564641160290072719e+00	3.800489636975835861e+00	1.378810799999999892e+00	-1.402228139183055999e+00
2.565641410352588636e+00	3.796652062349649359e+00	1.048573559999999905e+00	-1.304327080181543197e+00
2.566641660415104109e+00	3.794448716681702916e+00	3.816238400000000475e-01	-3.253164901664145625e-01
2.567641910477619582e+00	3.794743907157300811e+00	-6.516772000000001230e-02	9.892143217347457163e-02
2.568642160540135500e+00	3.798200552269623387e+00	-3.306525599999999843e-01	4.905256681795260310e-01
2.569642410602650973e+00	3.803612405761699566e+00	-7.126917200000000285e-01	8.821299041855775735e-01
2.570642660665166446e+00	3.809330188221938140e+00	-8.098203199999999269e-01	6.863277861825517467e-01
2.571642910727682363e+00	3.815872581997774571e+00	-8.939984399999999498e-01	1.175833081190116092e+00
2.572643160790197836e+00	3.824108790766874044e+00	-9.587508399999999931e-01	6.536940998487140719e-01
2.573643410852713309e+00	3.832969322131458245e+00	-1.049404199999999898e+00	8.494962178517398987e-01
2.574643660915229226e+00	3.839724588867001742e+00	-9.393251199999999024e-01	1.012664649520927940e+00
2.575643910977744699e+00	3.842745664143912165e+00	-8.939984399999999498e-01	8.168625315179022239e-01
2.576644161040260173e+00	3.843322825323879144e+00	-7.256422000000000150e-01	9.147635905194151373e-01
2.577644411102776090e+00	3.843099216053671885e+00	-5.508107199999999759e-01	6.863277861825517467e-01
2.578644661165291563e+00	3.842080891966896949e+00	-2.853258800000000317e-01	4.252582955118507924e-01
2.579644911227807036e+00	3.839565116881356488e+00	6.059919999999996421e-03	2.620898638426626404e-01
2.580645161290322953e+00	3.835061635063603536e+00	3.103962000000000110e-01	-2.600491174987393794e-01
2.581645411352838426e+00	3.829471009100304801e+00	6.406334400000001095e-01	-4.232175491679274204e-01
2.582645661415353899e+00	3.824892362328665918e+00	9.255440000000001444e-01	-1.010623903177004790e+00
2.583645911477869817e+00	3.821643187990109602e+00	1.242830760000000145e+00	-1.206426021180030395e+00
2.584646161540385290e+00	3.818491622383155537e+00	1.793226159999999902e+00	-1.630663943519919501e+00
2.585646411602901207e+00	3.815977565192080423e+00	1.624869920000000079e+00	-1.075891275844679917e+00
2.586646661665416680e+00	3.814374942709345628e+00	1.786750920000000020e+00	-2.022268179525970933e+00
2.587646911727932153e+00	3.810963219017732939e+00	1.566592759999999807e+00	-1.206426021180030395e+00
2.588647161790448070e+00	3.804494344634086200e+00	1.767325200000000152e+00	-2.054901865859808829e+00
2.589647411852963543e+00	3.798206303929388739e+00	1.365860319999999906e+00	-1.239059707513868069e+00
2.590647661915479016e+00	3.795131690360758370e+00	1.042098320000000022e+00	-1.173792334846192720e+00
2.591647911977994934e+00	3.794453886787058750e+00	3.621981200000000678e-01	-5.211186081694403338e-01
2.592648162040510407e+00	3.794279779686390519e+00	-7.164296000000000553e-02	1.968224911749873740e-01
2.593648412103025880e+00	3.795434732104713493e+00	-3.436030400000000262e-01	1.968224911749873740e-01
2.594648662165541797e+00	3.800390343707222396e+00	-7.126917200000000285e-01	7.842288451840646601e-01
2.595648912228057270e+00	3.809192830508643102e+00	-8.227708000000000244e-01	5.884267271810389444e-01
2.596649162290572743e+00	3.818941973198147988e+00	-9.004736800000000541e-01	1.175833081190116092e+00
2.597649412353088660e+00	3.826862401781679246e+00	-9.522755999999999998e-01	8.168625315179022239e-01
2.598649662415604134e+00	3.832829434721351625e+00	-1.049404199999999898e+00	1.045298335854765615e+00
2.599649912478119607e+00	3.838394678229125390e+00	-9.587508399999999931e-01	8.821299041855775735e-01
2.600650162540635524e+00	3.843024663693787257e+00	-8.939984399999999498e-01	9.800309631870904870e-01
2.601650412603150997e+00	3.844366900986982305e+00	-7.321174399999998972e-01	7.842288451840646601e-01
2.602650662665666470e+00	3.842401461594401102e+00	-5.637612000000000734e-01	6.210604135148766192e-01
2.603650912728182387e+00	3.839655414915768006e+00	-2.918011200000000249e-01	2.947235501765002597e-01
2.604651162790697860e+00	3.837618156078022036e+00	-6.890560000000003904e-03	1.641888048411497825e-01
2.605651412853213778e+00	3.835188734829350743e+00	3.233466799999999974e-01	-1.621480584972264660e-01
2.606651662915729251e+00	3.830977907791272674e+00	6.147324800000000256e-01	-3.905838628340898566e-01
2.607651912978244724e+00	3.825718885355441579e+00	9.384944800000000198e-01	-8.474554715078166378e-01
2.608652163040760641e+00	3.821239600086602017e+00	1.229880280000000159e+00	-1.434861825516893896e+00
2.609652413103276114e+00	3.818423517035977710e+00	1.786750920000000020e+00	-1.728565002521432525e+00
2.610652663165791587e+00	3.816892193922160725e+00	1.631345159999999739e+00	-1.141158648512355045e+00
2.611652913228307504e+00	3.814793407195509189e+00	1.799701400000000007e+00	-2.054901865859808829e+00
2.612653163290822977e+00	3.810060811690111127e+00	1.566592759999999807e+00	-1.304327080181543197e+00
2.613653413353338451e+00	3.803724373924024960e+00	1.760849959999999825e+00	-2.087535552193646726e+00
2.614653663415854368e+00	3.798524342015689559e+00	1.424137479999999734e+00	-1.108524962178517592e+00
2.615653913478369841e+00	3.795151272985615609e+00	1.022672600000000154e+00	-1.271693393847705744e+00
2.616654163540885314e+00	3.793448065596876972e+00	3.557228800000000746e-01	-6.842870398386284858e-01
2.617654413603401231e+00	3.794095899217436507e+00	-9.106868000000001295e-02	3.365405950579927752e-02
2.618654663665916704e+00	3.797806199440022290e+00	-3.436030400000000262e-01	-3.161331316187596802e-02
2.619654913728432177e+00	3.803983110185698013e+00	-7.062164799999999243e-01	9.473972768532528121e-01
2.620655163790948095e+00	3.811024245424634138e+00	-8.162955600000000311e-01	5.884267271810389444e-01
2.621655413853463568e+00	3.818478140542998833e+00	-8.810479599999999634e-01	1.436902571860817046e+00
2.622655663915979485e+00	3.826047776398478817e+00	-9.522755999999999998e-01	8.821299041855775735e-01
2.623655913978494958e+00	3.832856019603642750e+00	-1.049404199999999898e+00	1.143199394856278639e+00
2.624656164041010431e+00	3.838941949322728142e+00	-9.781765600000000838e-01	9.800309631870904870e-01
2.625656414103526348e+00	3.843328987055189216e+00	-8.939984399999999498e-01	1.012664649520927940e+00
2.626656664166041821e+00	3.844406966098175005e+00	-7.256422000000000150e-01	6.536940998487140719e-01
2.627656914228557294e+00	3.843058002833303455e+00	-5.508107199999999759e-01	6.210604135148766192e-01
2.628657164291073212e+00	3.841376819444616064e+00	-2.918011200000000249e-01	2.620898638426626404e-01
2.629657414353588685e+00	3.840065428722162721e+00	-4.153200000000037417e-04	3.273572365103378790e-01
2.630657664416104158e+00	3.837365573993123391e+00	3.168714400000000042e-01	-3.161331316187596802e-02
2.631657914478620075e+00	3.831528483855053402e+00	6.212077200000000188e-01	-3.905838628340898566e-01
2.632658164541135548e+00	3.824318132721878261e+00	9.320192400000000266e-01	-6.842870398386284858e-01
2.633658414603651021e+00	3.818834292779250905e+00	1.210454560000000068e+00	-1.434861825516893896e+00
2.634658664666166938e+00	3.816287639374881913e+00	1.780275679999999916e+00	-1.728565002521432525e+00
2.635658914728682412e+00	3.815719063964829072e+00	1.605444199999999988e+00	-1.206426021180030395e+00
2.636659164791197885e+00	3.814791383487859289e+00	1.793226159999999902e+00	-2.087535552193646726e+00
2.637659414853713802e+00	3.811977699872624914e+00	1.560117519999999924e+00	-1.336960766515380872e+00
2.638659664916229275e+00	3.807545104690761573e+00	1.754374719999999943e+00	-1.793832375189107875e+00
2.639659914978744748e+00	3.802414185185728268e+00	1.404711760000000087e+00	-1.336960766515380872e+00
2.640660165041260665e+00	3.797319574988945678e+00	1.016197360000000049e+00	-9.779902168431670040e-01
2.641660415103776138e+00	3.793282781290230776e+00	3.557228800000000746e-01	-6.190196671709531362e-01
2.642660665166292056e+00	3.792319754168381962e+00	-9.106868000000001295e-02	2.947235501765002597e-01
2.643660915228807529e+00	3.795744417539733462e+00	-3.371277999999999775e-01	1.315551185073121632e-01
2.644661165291323002e+00	3.802435413318260515e+00	-7.256422000000000150e-01	7.842288451840646601e-01
2.645661415353838919e+00	3.810178534255090455e+00	-8.292460400000000176e-01	5.231593545133637058e-01
2.646661665416354392e+00	3.817831490778497816e+00	-8.875231999999999566e-01	1.143199394856278639e+00
2.647661915478869865e+00	3.825656626447193176e+00	-9.587508399999999931e-01	9.147635905194151373e-01
2.648662165541385782e+00	3.833265482478866115e+00	-1.055879440000000002e+00	1.110565708522440964e+00
2.649662415603901255e+00	3.838789138480503738e+00	-9.522755999999999998e-01	8.821299041855775735e-01
2.650662665666416729e+00	3.841518859568350930e+00	-9.004736800000000541e-01	9.147635905194151373e-01
2.651662915728932646e+00	3.842369559383329136e+00	-7.256422000000000150e-01	7.842288451840646601e-01
2.652663165791448119e+00	3.841800328860937253e+00	-5.702364399999999556e-01	5.884267271810389444e-01
2.653663415853963592e+00	3.840372383697995495e+00	-2.918011200000000249e-01	3.926246091780131731e-01
2.654663665916479509e+00	3.838548979454893040e+00	6.059919999999996421e-03	1.315551185073121632e-01
2.655663915978994982e+00	3.835393330029252645e+00	3.168714400000000042e-01	-9.688068582955121355e-02
2.656664166041510455e+00	3.831012232842731624e+00	6.147324800000000256e-01	-5.537522945032778976e-01
2.657664416104026373e+00	3.827119767093286828e+00	9.255440000000001444e-01	-7.821880988401412882e-01
2.658664666166541846e+00	3.823448248120450810e+00	1.216929799999999950e+00	-1.206426021180030395e+00
2.659664916229057763e+00	3.819013541137570300e+00	1.780275679999999916e+00	-1.630663943519919501e+00
2.660665166291573236e+00	3.815314956685787795e+00	1.611919440000000092e+00	-1.239059707513868069e+00
2.661665416354088709e+00	3.813197802567585448e+00	1.786750920000000020e+00	-2.022268179525970933e+00
2.662665666416604626e+00	3.810624743635542266e+00	1.553642280000000042e+00	-1.402228139183055999e+00
2.663665916479120099e+00	3.806017134151015391e+00	1.760849959999999825e+00	-1.826466061522945328e+00
2.664666166541635572e+00	3.800063409298958472e+00	1.411186999999999969e+00	-1.271693393847705744e+00
2.665666416604151490e+00	3.794699292269779978e+00	1.029147840000000036e+00	-8.800891578416540906e-01
2.666666666666666963e+00	3.792013284250529193e+00	3.362971600000000394e-01	-5.863859808371156834e-01
2.667666916729182436e+00	3.792842312425720230e+00	-8.459344000000000585e-02	1.968224911749873740e-01
2.668667166791698353e+00	3.796512265936140551e+00	-3.565535200000000127e-01	1.315551185073121632e-01
2.669667416854213826e+00	3.801920346493392611e+00	-7.191669600000000218e-01	5.884267271810389444e-01
2.670667666916729299e+00	3.808513651776092690e+00	-8.162955600000000311e-01	6.210604135148766192e-01
2.671667916979245216e+00	3.817053911750889483e+00	-8.810479599999999634e-01	8.494962178517398987e-01
2.672668167041760690e+00	3.827350874055951646e+00	-9.458003599999998956e-01	1.045298335854765615e+00
2.673668417104276163e+00	3.835936957179776119e+00	-1.055879440000000002e+00	1.110565708522440964e+00
2.674668667166792080e+00	3.840324800465394706e+00	-9.587508399999999931e-01	1.208466767523953767e+00
2.675668917229307553e+00	3.842158343558028211e+00	-8.875231999999999566e-01	9.800309631870904870e-01
2.676669167291823026e+00	3.843170315883408517e+00	-7.321174399999998972e-01	7.842288451840646601e-01
2.677669417354338943e+00	3.842819149090790365e+00	-5.637612000000000734e-01	6.210604135148766192e-01
2.678669667416854416e+00	3.840723026151592112e+00	-2.918011200000000249e-01	2.947235501765002597e-01
2.679669917479370334e+00	3.837651062095185583e+00	-1.336580000000000407e-02	-3.161331316187596802e-02
2.680670167541885807e+00	3.834161429667332754e+00	3.103962000000000110e-01	-9.688068582955121355e-02
2.681670417604401280e+00	3.830362784191902126e+00	6.017820000000000391e-01	-4.884849218356027145e-01
2.682670667666917197e+00	3.826633327942375207e+00	9.320192400000000266e-01	-5.211186081694403338e-01
2.683670917729432670e+00	3.823224724805918129e+00	1.203979319999999964e+00	-9.453565305093293292e-01
2.684671167791948143e+00	3.819818654685479764e+00	1.780275679999999916e+00	-1.598030257186082048e+00
2.685671417854464060e+00	3.816469189793943784e+00	1.605444199999999988e+00	-1.043257589510842243e+00
2.686671667916979533e+00	3.813871693010263630e+00	1.786750920000000020e+00	-2.283337670196671887e+00
2.687671917979495007e+00	3.811450067169965372e+00	1.560117519999999924e+00	-1.369594452849218325e+00
2.688672168042010924e+00	3.807023165956125332e+00	1.754374719999999943e+00	-2.022268179525970933e+00
2.689672418104526397e+00	3.800648078423219278e+00	1.443563199999999824e+00	-1.304327080181543197e+00
2.690672668167041870e+00	3.795516409865268947e+00	1.016197360000000049e+00	-1.075891275844679917e+00
2.691672918229557787e+00	3.793534433979633747e+00	3.492476399999999703e-01	-5.863859808371156834e-01
2.692673168292073260e+00	3.794460773916504603e+00	-9.754392000000000618e-02	2.294561775088249655e-01
2.693673418354588733e+00	3.797673319025560712e+00	-3.630287599999999504e-01	2.947235501765002597e-01
2.694673668417104651e+00	3.802265080541511466e+00	-7.126917200000000285e-01	6.863277861825517467e-01
2.695673918479620124e+00	3.808389737809168452e+00	-8.292460400000000176e-01	6.210604135148766192e-01
2.696674168542135597e+00	3.816712467690868582e+00	-8.939984399999999498e-01	1.077932022188603289e+00
2.697674418604651514e+00	3.826096949338203768e+00	-9.522755999999999998e-01	7.515951588502269853e-01
2.698674668667166987e+00	3.834295465772304734e+00	-1.062354679999999885e+00	1.175833081190116092e+00
2.699674918729682904e+00	3.839608708440106266e+00	-9.393251199999999024e-01	9.800309631870904870e-01
2.700675168792198377e+00	3.842312470904441390e+00	-8.875231999999999566e-01	8.494962178517398987e-01
2.701675418854713850e+00	3.843702660173661467e+00	-7.450679199999999947e-01	8.494962178517398987e-01
2.702675668917229768e+00	3.843535876419781339e+00	-5.637612000000000734e-01	6.210604135148766192e-01
2.703675918979745241e+00	3.841590474154836343e+00	-2.982763600000000181e-01	3.599909228441755538e-01
2.704676169042260714e+00	3.839051058783917281e+00	6.059919999999996421e-03	1.641888048411497825e-01
2.705676419104776631e+00	3.835951596226448768e+00	3.039209600000000178e-01	-1.947817448310640853e-01
2.706676669167292104e+00	3.831282341888960108e+00	6.212077200000000188e-01	-4.232175491679274204e-01
2.707676919229807577e+00	3.825897501172747628e+00	8.996430400000000605e-01	-8.474554715078166378e-01
2.708677169292323494e+00	3.821325514514056554e+00	1.203979319999999964e+00	-1.239059707513868069e+00
2.709677419354838968e+00	3.817425316164912985e+00	1.780275679999999916e+00	-1.630663943519919501e+00
2.710677669417354441e+00	3.814399562400009103e+00	1.605444199999999988e+00	-1.075891275844679917e+00
2.711677919479870358e+00	3.813076797735760692e+00	1.767325200000000152e+00	-2.054901865859808829e+00
2.712678169542385831e+00	3.811548999517647029e+00	1.547167039999999716e+00	-1.271693393847705744e+00
2.713678419604901304e+00	3.806658677254876721e+00	1.754374719999999943e+00	-1.957000806858295805e+00
2.714678669667417221e+00	3.799615045441455674e+00	1.404711760000000087e+00	-1.271693393847705744e+00
2.715678919729932694e+00	3.795152815627786946e+00	1.016197360000000049e+00	-1.075891275844679917e+00
2.716679169792448612e+00	3.794615566943312146e+00	3.362971600000000394e-01	-2.926828038325769432e-01
2.717679419854964085e+00	3.795334117182905587e+00	-9.754392000000000618e-02	1.315551185073121632e-01
2.718679669917479558e+00	3.796401331374602783e+00	-3.630287599999999504e-01	3.599909228441755538e-01
2.719679919979995475e+00	3.799897681470187472e+00	-7.256422000000000150e-01	8.168625315179022239e-01
2.720680170042510948e+00	3.807413331882401053e+00	-8.357212800000000108e-01	6.536940998487140719e-01
2.721680420105026421e+00	3.817498187404362309e+00	-8.745727199999999701e-01	9.800309631870904870e-01
2.722680670167542338e+00	3.826536529110808438e+00	-9.652260799999999863e-01	6.210604135148766192e-01
2.723680920230057811e+00	3.832784901992533300e+00	-1.055879440000000002e+00	1.077932022188603289e+00
2.724681170292573285e+00	3.837947635731245644e+00	-9.522755999999999998e-01	6.863277861825517467e-01
2.725681420355089202e+00	3.843062935000745028e+00	-9.069489200000000473e-01	1.306367826525466569e+00
2.726681670417604675e+00	3.845702317785390623e+00	-7.450679199999999947e-01	8.168625315179022239e-01
2.727681920480120148e+00	3.843889077341205773e+00	-5.572859600000000802e-01	8.821299041855775735e-01
2.728682170542636065e+00	3.839617155492024647e+00	-2.982763600000000181e-01	4.252582955118507924e-01
2.729682420605151538e+00	3.836181389159067479e+00	-6.890560000000003904e-03	1.315551185073121632e-01
2.730682670667667011e+00	3.834082874573412791e+00	3.039209600000000178e-01	-2.274154311649017046e-01
2.731682920730182929e+00	3.831420050119235032e+00	6.147324800000000256e-01	-4.884849218356027145e-01
2.732683170792698402e+00	3.827374173735597296e+00	8.996430400000000605e-01	-1.108524962178517592e+00
2.733683420855213875e+00	3.822532579327390767e+00	1.210454560000000068e+00	-1.075891275844679917e+00
2.734683670917729792e+00	3.817961201309682640e+00	1.760849959999999825e+00	-1.500129198184569024e+00
2.735683920980245265e+00	3.815383019588429292e+00	1.592493720000000001e+00	-9.779902168431670040e-01
2.736684171042761182e+00	3.814239302313388258e+00	1.767325200000000152e+00	-1.826466061522945328e+00
2.737684421105276655e+00	3.811132035012755104e+00	1.534216559999999951e+00	-1.271693393847705744e+00
2.738684671167792128e+00	3.805002252653435502e+00	1.734948999999999852e+00	-1.826466061522945328e+00
2.739684921230308046e+00	3.798624308992774701e+00	1.378810799999999892e+00	-1.336960766515380872e+00
2.740685171292823519e+00	3.794728948930233159e+00	1.009722120000000167e+00	-1.075891275844679917e+00
2.741685421355338992e+00	3.793449751271457338e+00	3.168714400000000042e-01	-5.863859808371156834e-01
2.742685671417854909e+00	3.793679253960576148e+00	-7.811819999999999875e-02	2.947235501765002597e-01
2.743685921480370382e+00	3.796023407555715323e+00	-3.695039999999999436e-01	1.968224911749873740e-01
2.744686171542885855e+00	3.801887173203025938e+00	-7.126917200000000285e-01	9.147635905194151373e-01
2.745686421605401772e+00	3.810010335037713691e+00	-8.292460400000000176e-01	5.231593545133637058e-01
2.746686671667917246e+00	3.818088720817969683e+00	-8.939984399999999498e-01	1.273734140191629116e+00
2.747686921730432719e+00	3.825550476305605407e+00	-9.652260799999999863e-01	6.863277861825517467e-01
2.748687171792948636e+00	3.832270342357270376e+00	-1.068829919999999989e+00	1.143199394856278639e+00
2.749687421855464109e+00	3.837921527687668810e+00	-9.587508399999999931e-01	9.147635905194151373e-01
2.750687671917979582e+00	3.842214337679233260e+00	-8.939984399999999498e-01	1.110565708522440964e+00
2.751687921980495499e+00	3.844335952562445868e+00	-7.385926799999998904e-01	8.821299041855775735e-01
2.752688172043010972e+00	3.843640732896455692e+00	-5.637612000000000734e-01	6.536940998487140719e-01
2.753688422105526890e+00	3.841150611434311024e+00	-2.918011200000000249e-01	3.926246091780131731e-01
2.754688672168042363e+00	3.838520053149074851e+00	-6.890560000000003904e-03	1.968224911749873740e-01
2.755688922230557836e+00	3.835448413871201723e+00	3.103962000000000110e-01	-1.295143721633888190e-01
2.756689172293073753e+00	3.831018097501858843e+00	6.147324800000000256e-01	-4.232175491679274204e-01
2.757689422355589226e+00	3.826011036305274171e+00	9.061182800000000537e-01	-8.474554715078166378e-01
2.758689672418104699e+00	3.821769275611769601e+00	1.197504080000000082e+00	-1.206426021180030395e+00
2.759689922480620616e+00	3.818919998584739517e+00	1.773800439999999812e+00	-1.565396570852244151e+00
2.760690172543136089e+00	3.817019372780051878e+00	1.586018479999999897e+00	-1.173792334846192720e+00
2.761690422605651563e+00	3.814867788672583693e+00	1.773800439999999812e+00	-2.022268179525970933e+00
2.762690672668167480e+00	3.811277129307204081e+00	1.534216559999999951e+00	-1.304327080181543197e+00
2.763690922730682953e+00	3.806127025232290517e+00	1.734948999999999852e+00	-1.891733434190620455e+00
2.764691172793198426e+00	3.801135522613677153e+00	1.385286039999999996e+00	-1.239059707513868069e+00
2.765691422855714343e+00	3.797388092256348546e+00	1.003246880000000063e+00	-9.453565305093293292e-01
2.766691672918229816e+00	3.794128128419127055e+00	3.233466799999999974e-01	-5.537522945032778976e-01
2.767691922980745289e+00	3.792490374592562663e+00	-1.169696400000000136e-01	2.294561775088249655e-01
2.768692173043261207e+00	3.795296419057885284e+00	-3.630287599999999504e-01	1.315551185073121632e-01
2.769692423105776680e+00	3.802179528935642150e+00	-7.256422000000000150e-01	1.045298335854765615e+00
2.770692673168292153e+00	3.810348467157542718e+00	-8.357212800000000108e-01	5.884267271810389444e-01
2.771692923230808070e+00	3.818359821220157713e+00	-8.875231999999999566e-01	1.241100453857791219e+00
2.772693173293323543e+00	3.825921382944205362e+00	-9.652260799999999863e-01	7.189614725163894215e-01
2.773693423355839460e+00	3.832860450501139660e+00	-1.049404199999999898e+00	1.077932022188603289e+00
2.774693673418354933e+00	3.838703377455717991e+00	-9.587508399999999931e-01	8.168625315179022239e-01
2.775693923480870406e+00	3.842584365563182391e+00	-9.004736800000000541e-01	8.168625315179022239e-01
2.776694173543386324e+00	3.844292079894769731e+00	-7.321174399999998972e-01	8.821299041855775735e-01
2.777694423605901797e+00	3.844175879168371335e+00	-5.767116799999999488e-01	4.252582955118507924e-01
2.778694673668417270e+00	3.842304708532059188e+00	-3.047516000000000114e-01	4.905256681795260310e-01
2.779694923730933187e+00	3.839120924782986055e+00	-1.984104000000000423e-02	1.968224911749873740e-01
2.780695173793448660e+00	3.835258547391351414e+00	2.974457200000000245e-01	3.365405950579927752e-02
2.781695423855964133e+00	3.830223143145957465e+00	6.017820000000000391e-01	-2.926828038325769432e-01
2.782695673918480050e+00	3.824323427226886896e+00	8.996430400000000605e-01	-8.474554715078166378e-01
2.783695923980995524e+00	3.820083642104179500e+00	1.197504080000000082e+00	-1.271693393847705744e+00
2.784696174043510997e+00	3.818362898946599415e+00	1.754374719999999943e+00	-1.532762884518406477e+00
2.785696424106026914e+00	3.817055507593178465e+00	1.573067999999999911e+00	-1.304327080181543197e+00
2.786696674168542387e+00	3.814879863000590454e+00	1.754374719999999943e+00	-2.152802924861321632e+00
2.787696924231057860e+00	3.811909598506170394e+00	1.527741319999999847e+00	-1.206426021180030395e+00
2.788697174293573777e+00	3.807448034332267195e+00	1.728473759999999970e+00	-1.859099747856782781e+00
2.789697424356089250e+00	3.801486349756106886e+00	1.359385079999999801e+00	-1.075891275844679917e+00
2.790697674418604723e+00	3.796140806767445142e+00	9.902964000000000766e-01	-1.075891275844679917e+00
2.791697924481120641e+00	3.793063407225327310e+00	3.298219200000001017e-01	-3.905838628340898566e-01
2.792698174543636114e+00	3.792798590416915250e+00	-1.104944000000000065e-01	3.365405950579927752e-02
2.793698424606152031e+00	3.796315786499036005e+00	-3.695039999999999436e-01	6.628774583963688294e-02
2.794698674668667504e+00	3.803250230338170113e+00	-7.321174399999998972e-01	8.494962178517398987e-01
2.795698924731182977e+00	3.811151471713536409e+00	-8.357212800000000108e-01	5.884267271810389444e-01
2.796699174793698894e+00	3.818318240419600773e+00	-9.004736800000000541e-01	1.175833081190116092e+00
2.797699424856214367e+00	3.825102120746314061e+00	-9.781765600000000838e-01	9.800309631870904870e-01
2.798699674918729841e+00	3.832039233901948450e+00	-1.062354679999999885e+00	7.515951588502269853e-01
2.799699924981245758e+00	3.837797813507855871e+00	-9.587508399999999931e-01	1.077932022188603289e+00
2.800700175043761231e+00	3.840862402519923169e+00	-9.069489200000000473e-01	8.821299041855775735e-01
2.801700425106276704e+00	3.842181171481136914e+00	-7.450679199999999947e-01	7.842288451840646601e-01
2.802700675168792621e+00	3.842783542579066847e+00	-5.767116799999999488e-01	6.536940998487140719e-01
2.803700925231308094e+00	3.841657680653927542e+00	-3.177020799999999978e-01	2.947235501765002597e-01
2.804701175293823567e+00	3.838324286773763028e+00	-1.984104000000000423e-02	2.294561775088249655e-01
2.805701425356339485e+00	3.833724424204942860e+00	2.909704799999999758e-01	-9.688068582955121355e-02
2.806701675418854958e+00	3.828868108921772428e+00	5.953067600000000459e-01	-3.579501765002521818e-01
2.807701925481370431e+00	3.824975284494902983e+00	8.931677999999999562e-01	-7.495544125063037244e-01
2.808702175543886348e+00	3.822319642019547548e+00	1.197504080000000082e+00	-1.108524962178517592e+00
2.809702425606401821e+00	3.819331300244394711e+00	1.728473759999999970e+00	-1.663297629853757176e+00
2.810702675668917738e+00	3.815867162913469279e+00	1.573067999999999911e+00	-1.173792334846192720e+00
2.811702925731433211e+00	3.813435730525022382e+00	1.747899480000000061e+00	-2.087535552193646726e+00
2.812703175793948684e+00	3.810949178659957859e+00	1.521266079999999965e+00	-1.304327080181543197e+00
2.813703425856464602e+00	3.805944518159307233e+00	1.715523279999999984e+00	-1.924367120524458352e+00
2.814703675918980075e+00	3.799237303784518627e+00	1.333484120000000051e+00	-1.108524962178517592e+00
2.815703925981495548e+00	3.794060704832717956e+00	9.902964000000000766e-01	-1.010623903177004790e+00
2.816704176044011465e+00	3.792463705163401144e+00	2.974457200000000245e-01	-5.211186081694403338e-01
2.817704426106526938e+00	3.794237386750190399e+00	-1.104944000000000065e-01	3.273572365103378790e-01
2.818704676169042411e+00	3.797981267692830176e+00	-3.759792400000000478e-01	1.968224911749873740e-01
2.819704926231558328e+00	3.803388397712206270e+00	-7.256422000000000150e-01	8.168625315179022239e-01
2.820705176294073802e+00	3.810958196341261761e+00	-8.292460400000000176e-01	6.863277861825517467e-01
2.821705426356589275e+00	3.819395861561582617e+00	-8.875231999999999566e-01	1.143199394856278639e+00
2.822705676419105192e+00	3.827105358075774788e+00	-9.587508399999999931e-01	9.147635905194151373e-01
2.823705926481620665e+00	3.833798893974722510e+00	-1.049404199999999898e+00	1.175833081190116092e+00
2.824706176544136138e+00	3.838516996351414079e+00	-9.522755999999999998e-01	1.175833081190116092e+00
2.825706426606652055e+00	3.840935796959478399e+00	-9.004736800000000541e-01	8.168625315179022239e-01
2.826706676669167528e+00	3.842553680529286808e+00	-7.321174399999998972e-01	7.842288451840646601e-01
2.827706926731683001e+00	3.843092582158576409e+00	-5.702364399999999556e-01	3.599909228441755538e-01
2.828707176794198919e+00	3.841212509811083642e+00	-3.177020799999999978e-01	1.641888048411497825e-01
2.829707426856714392e+00	3.838069365716892722e+00	-3.279152000000000455e-02	1.968224911749873740e-01
2.830707676919230309e+00	3.835186584783988106e+00	2.715447599999999961e-01	-3.253164901664145625e-01
2.831707926981745782e+00	3.831761306543225221e+00	5.888315200000000527e-01	-1.621480584972264660e-01
2.832708177044261255e+00	3.826683757021915433e+00	9.061182800000000537e-01	-6.516533535047908110e-01
2.833708427106777172e+00	3.821106130515233179e+00	1.178078360000000213e+00	-1.173792334846192720e+00
2.834708677169292645e+00	3.816818214231843420e+00	1.754374719999999943e+00	-1.369594452849218325e+00
2.835708927231808119e+00	3.814400546308807094e+00	1.560117519999999924e+00	-1.206426021180030395e+00
2.836709177294324036e+00	3.813424087195400602e+00	1.747899480000000061e+00	-2.120169238527484179e+00
2.837709427356839509e+00	3.811762480063679348e+00	1.527741319999999847e+00	-1.336960766515380872e+00
2.838709677419354982e+00	3.807691108719718720e+00	1.721998519999999866e+00	-2.120169238527484179e+00
2.839709927481870899e+00	3.802514955405809083e+00	1.385286039999999996e+00	-1.173792334846192720e+00
2.840710177544386372e+00	3.798647202537531964e+00	9.838211600000000834e-01	-9.127228441754917654e-01
2.841710427606901845e+00	3.797075156928040762e+00	3.039209600000000178e-01	-3.253164901664145625e-01
2.842710677669417763e+00	3.796753316295954583e+00	-1.040191599999999994e-01	4.252582955118507924e-01
2.843710927731933236e+00	3.797143700959023427e+00	-3.759792400000000478e-01	9.892143217347457163e-02
2.844711177794448709e+00	3.800433431330202172e+00	-7.321174399999998972e-01	7.842288451840646601e-01
2.845711427856964626e+00	3.808026723259985147e+00	-8.486717599999999972e-01	4.905256681795260310e-01
2.846711677919480099e+00	3.817882621710444013e+00	-8.875231999999999566e-01	1.077932022188603289e+00
2.847711927981996016e+00	3.827131943840096362e+00	-9.587508399999999931e-01	8.168625315179022239e-01
2.848712178044511489e+00	3.834124323445377236e+00	-1.049404199999999898e+00	1.143199394856278639e+00
2.849712428107026962e+00	3.838779888557152020e+00	-9.652260799999999863e-01	1.045298335854765615e+00
2.850712678169542880e+00	3.842169170846430504e+00	-9.004736800000000541e-01	1.143199394856278639e+00
2.851712928232058353e+00	3.844295163250019964e+00	-7.321174399999998972e-01	7.189614725163894215e-01
2.852713178294573826e+00	3.843730463664906338e+00	-5.637612000000000734e-01	6.863277861825517467e-01
2.853713428357089743e+00	3.840536986439384570e+00	-3.047516000000000114e-01	2.294561775088249655e-01
2.854713678419605216e+00	3.837190479941305465e+00	-2.631628000000000439e-02	1.968224911749873740e-01
2.855713928482120689e+00	3.834989176003838818e+00	3.039209600000000178e-01	-9.688068582955121355e-02
2.856714178544636606e+00	3.832214962541069081e+00	6.017820000000000391e-01	-5.211186081694403338e-01
2.857714428607152080e+00	3.827707377644637532e+00	8.931677999999999562e-01	-7.821880988401412882e-01
2.858714678669667553e+00	3.822608502023234767e+00	1.171603120000000109e+00	-1.206426021180030395e+00
2.859714928732183470e+00	3.818401098144491801e+00	1.741424239999999957e+00	-1.500129198184569024e+00
2.860715178794698943e+00	3.815805281851265107e+00	1.566592759999999807e+00	-1.108524962178517592e+00
2.861715428857214416e+00	3.813775783685094289e+00	1.741424239999999957e+00	-2.087535552193646726e+00
2.862715678919730333e+00	3.810195249599629186e+00	1.508315599999999979e+00	-1.304327080181543197e+00
2.863715928982245806e+00	3.804834401298778701e+00	1.709048039999999880e+00	-1.924367120524458352e+00
2.864716179044761279e+00	3.799640982059350414e+00	1.385286039999999996e+00	-1.239059707513868069e+00
2.865716429107277197e+00	3.796199575686468819e+00	9.773459200000000902e-01	-9.779902168431670040e-01
2.866716679169792670e+00	3.794140986294223250e+00	3.103962000000000110e-01	-4.884849218356027145e-01
2.867716929232308587e+00	3.793386899076522045e+00	-1.234448800000000068e-01	1.968224911749873740e-01
2.868717179294824060e+00	3.795877456931762151e+00	-3.889297199999999788e-01	1.641888048411497825e-01
2.869717429357339533e+00	3.802170675751110895e+00	-7.515431599999999879e-01	8.168625315179022239e-01
2.870717679419855450e+00	3.810194803758666815e+00	-8.486717599999999972e-01	5.557930408472013806e-01
2.871717929482370923e+00	3.818352771273262558e+00	-9.004736800000000541e-01	1.208466767523953767e+00
2.872718179544886397e+00	3.826262325463581249e+00	-9.587508399999999931e-01	7.515951588502269853e-01
2.873718429607402314e+00	3.833747958796909217e+00	-1.062354679999999885e+00	1.143199394856278639e+00
2.874718679669917787e+00	3.840156807457819621e+00	-9.587508399999999931e-01	9.147635905194151373e-01
2.875718929732433260e+00	3.843957209174417411e+00	-8.939984399999999498e-01	1.175833081190116092e+00
2.876719179794949177e+00	3.844430467091354942e+00	-7.256422000000000150e-01	8.494962178517398987e-01
2.877719429857464650e+00	3.842578508074020238e+00	-5.767116799999999488e-01	8.494962178517398987e-01
2.878719679919980123e+00	3.840020955350444964e+00	-3.177020799999999978e-01	2.294561775088249655e-01
2.879719929982496041e+00	3.838132398009286295e+00	-3.279152000000000455e-02	3.365405950579927752e-02
2.880720180045011514e+00	3.836277347836403173e+00	2.974457200000000245e-01	-1.621480584972264660e-01
2.881720430107526987e+00	3.832733542303290886e+00	5.694058000000000730e-01	-6.842870398386284858e-01
2.882720680170042904e+00	3.828021576607023579e+00	8.996430400000000605e-01	-6.516533535047908110e-01
2.883720930232558377e+00	3.823573237961145566e+00	1.171603120000000109e+00	-1.402228139183055999e+00
2.884721180295073850e+00	3.819409509686960025e+00	1.734948999999999852e+00	-1.271693393847705744e+00
2.885721430357589767e+00	3.815352774470671449e+00	1.560117519999999924e+00	-9.779902168431670040e-01
2.886721680420105240e+00	3.811592892617249539e+00	1.728473759999999970e+00	-2.022268179525970933e+00
2.887721930482621158e+00	3.807763780795933251e+00	1.501840359999999874e+00	-1.271693393847705744e+00
2.888722180545136631e+00	3.803541649285456572e+00	1.702572799999999775e+00	-1.924367120524458352e+00
2.889722430607652104e+00	3.799627904524452759e+00	1.346434599999999815e+00	-1.402228139183055999e+00
2.890722680670168021e+00	3.796939069105675468e+00	9.902964000000000766e-01	-9.127228441754917654e-01
2.891722930732683494e+00	3.795814564877433295e+00	2.974457200000000245e-01	-7.169207261724660496e-01
2.892723180795198967e+00	3.796097178583698550e+00	-1.234448800000000068e-01	3.273572365103378790e-01
2.893723430857714884e+00	3.797558038985576978e+00	-3.954049599999999165e-01	3.273572365103378790e-01
2.894723680920230358e+00	3.801060258456376850e+00	-7.450679199999999947e-01	8.494962178517398987e-01
2.895723930982745831e+00	3.807637642581140014e+00	-8.486717599999999972e-01	8.494962178517398987e-01
2.896724181045261748e+00	3.816450507525397828e+00	-8.939984399999999498e-01	9.473972768532528121e-01
2.897724431107777221e+00	3.825706668167137892e+00	-9.652260799999999863e-01	8.494962178517398987e-01
2.898724681170292694e+00	3.833726627130783271e+00	-1.055879440000000002e+00	1.110565708522440964e+00
2.899724931232808611e+00	3.839357068975047138e+00	-9.717013200000000905e-01	8.821299041855775735e-01
2.900725181295324084e+00	3.842642041199556324e+00	-9.263746400000000270e-01	1.077932022188603289e+00
2.901725431357839557e+00	3.843930067275343365e+00	-7.515431599999999879e-01	8.168625315179022239e-01
2.902725681420355475e+00	3.842963648720481018e+00	-5.767116799999999488e-01	6.863277861825517467e-01
2.903725931482870948e+00	3.839641315579937597e+00	-3.112268400000000046e-01	4.905256681795260310e-01
2.904726181545386865e+00	3.835464011245643512e+00	-2.631628000000000439e-02	9.892143217347457163e-02
2.905726431607902338e+00	3.832364742836495974e+00	2.909704799999999758e-01	-9.688068582955121355e-02
2.906726681670417811e+00	3.829958902781545937e+00	5.823562799999999484e-01	-5.211186081694403338e-01
2.907726931732933728e+00	3.826786183480872960e+00	8.931677999999999562e-01	-7.169207261724660496e-01
2.908727181795449201e+00	3.822816931538377982e+00	1.171603120000000109e+00	-1.239059707513868069e+00
2.909727431857964675e+00	3.819025497425591276e+00	1.734948999999999852e+00	-1.565396570852244151e+00
2.910727681920480592e+00	3.815974409090059360e+00	1.540691800000000056e+00	-1.141158648512355045e+00
2.911727931982996065e+00	3.813459648451874795e+00	1.721998519999999866e+00	-1.989634493192133702e+00
2.912728182045511538e+00	3.810644767511456976e+00	1.501840359999999874e+00	-1.271693393847705744e+00
2.913728432108027455e+00	3.806106813416993973e+00	1.696097560000000115e+00	-1.826466061522945328e+00
2.914728682170542928e+00	3.800120169069063802e+00	1.359385079999999801e+00	-1.239059707513868069e+00
2.915728932233058401e+00	3.795572081649355223e+00	9.579201999999999995e-01	-1.043257589510842243e+00
2.916729182295574319e+00	3.794161768043593064e+00	2.974457200000000245e-01	-4.232175491679274204e-01
2.917729432358089792e+00	3.795043095751114759e+00	-1.363953600000000210e-01	2.620898638426626404e-01
2.918729682420605265e+00	3.797782645715436889e+00	-3.889297199999999788e-01	3.365405950579927752e-02
2.919729932483121182e+00	3.802897254899105572e+00	-7.256422000000000150e-01	7.842288451840646601e-01
2.920730182545636655e+00	3.809615509895558638e+00	-8.357212800000000108e-01	7.189614725163894215e-01
2.921730432608152128e+00	3.816518876860045761e+00	-9.134241599999999295e-01	1.077932022188603289e+00
2.922730682670668045e+00	3.823651122709210259e+00	-9.717013200000000905e-01	8.494962178517398987e-01
2.923730932733183518e+00	3.831479414680167839e+00	-1.068829919999999989e+00	1.045298335854765615e+00
2.924731182795699436e+00	3.838839853819886461e+00	-9.652260799999999863e-01	1.012664649520927940e+00
2.925731432858214909e+00	3.843511615120550839e+00	-9.004736800000000541e-01	1.045298335854765615e+00
2.926731682920730382e+00	3.844907126514885753e+00	-7.385926799999998904e-01	8.821299041855775735e-01
2.927731932983246299e+00	3.844175194794480888e+00	-5.637612000000000734e-01	5.557930408472013806e-01
2.928732183045761772e+00	3.841823374166671634e+00	-3.047516000000000114e-01	5.231593545133637058e-01
2.929732433108277245e+00	3.838197781468957182e+00	-2.631628000000000439e-02	9.892143217347457163e-02
2.930732683170793162e+00	3.834186085244080555e+00	2.909704799999999758e-01	-3.161331316187596802e-02
2.931732933233308636e+00	3.829908199394931323e+00	5.758810400000000662e-01	-5.211186081694403338e-01
2.932733183295824109e+00	3.825385046466810213e+00	8.737420800000000876e-01	-8.800891578416540906e-01
2.933733433358340026e+00	3.821223737064622039e+00	1.178078360000000213e+00	-1.239059707513868069e+00
2.934733683420855499e+00	3.818083778233557712e+00	1.721998519999999866e+00	-1.761198688855269978e+00
2.935733933483370972e+00	3.816384369590643644e+00	1.553642280000000042e+00	-1.141158648512355045e+00
2.936734183545886889e+00	3.814656612609052644e+00	1.721998519999999866e+00	-2.120169238527484179e+00
2.937734433608402362e+00	3.810614554411581256e+00	1.501840359999999874e+00	-9.779902168431670040e-01
2.938734683670917835e+00	3.804884880245183787e+00	1.689622319999999789e+00	-1.793832375189107875e+00
2.939734933733433753e+00	3.799891487167732507e+00	1.365860319999999906e+00	-1.141158648512355045e+00
2.940735183795949226e+00	3.796688583943821804e+00	9.579201999999999995e-01	-1.075891275844679917e+00
2.941735433858465143e+00	3.794727717121585631e+00	2.974457200000000245e-01	-6.842870398386284858e-01
2.942735683920980616e+00	3.793747792305476985e+00	-1.363953600000000210e-01	6.628774583963688294e-02
2.943735933983496089e+00	3.795451988578687708e+00	-3.824544800000000411e-01	2.947235501765002597e-01
2.944736184046012006e+00	3.801189018979771017e+00	-7.515431599999999879e-01	7.842288451840646601e-01
2.945736434108527479e+00	3.809651816760140530e+00	-8.551469999999999905e-01	6.863277861825517467e-01
2.946736684171042953e+00	3.818863686093119991e+00	-9.004736800000000541e-01	1.273734140191629116e+00
2.947736934233558870e+00	3.827436649518206835e+00	-9.652260799999999863e-01	7.515951588502269853e-01
2.948737184296074343e+00	3.834173192938714170e+00	-1.068829919999999989e+00	1.273734140191629116e+00
2.949737434358589816e+00	3.838671982707818398e+00	-9.587508399999999931e-01	7.515951588502269853e-01
2.950737684421105733e+00	3.841731244933602518e+00	-9.069489200000000473e-01	7.842288451840646601e-01
2.951737934483621206e+00	3.843801537238042076e+00	-7.321174399999998972e-01	7.189614725163894215e-01
2.952738184546136679e+00	3.843800083358926756e+00	-5.702364399999999556e-01	6.210604135148766192e-01
2.953738434608652597e+00	3.841097582070974958e+00	-3.047516000000000114e-01	4.252582955118507924e-01
2.954738684671168070e+00	3.837210687690014055e+00	-3.279152000000000455e-02	2.294561775088249655e-01
2.955738934733683543e+00	3.833791939086014899e+00	2.715447599999999961e-01	-9.688068582955121355e-02
2.956739184796199460e+00	3.830351385495054828e+00	5.694058000000000730e-01	-2.600491174987393794e-01
2.957739434858714933e+00	3.825966649221291593e+00	8.802173200000000808e-01	-7.821880988401412882e-01
2.958739684921230406e+00	3.821224425102565103e+00	1.165127880000000005e+00	-1.075891275844679917e+00
2.959739934983746323e+00	3.817497374154338541e+00	1.709048039999999880e+00	-1.598030257186082048e+00
2.960740185046261796e+00	3.815937055262859534e+00	1.540691800000000056e+00	-1.075891275844679917e+00
2.961740435108777714e+00	3.815084368040272178e+00	1.715523279999999984e+00	-2.054901865859808829e+00
2.962740685171293187e+00	3.811625041480606324e+00	1.488889879999999888e+00	-1.304327080181543197e+00
2.963740935233808660e+00	3.805413818026691875e+00	1.689622319999999789e+00	-1.728565002521432525e+00
2.964741185296324577e+00	3.799294011660587334e+00	1.333484120000000051e+00	-1.173792334846192720e+00
2.965741435358840050e+00	3.795596268113161642e+00	9.643954399999999927e-01	-1.010623903177004790e+00
2.966741685421355523e+00	3.794793016805825037e+00	2.909704799999999758e-01	-5.537522945032778976e-01
2.967741935483871440e+00	3.795590972358579673e+00	-1.299201200000000000e-01	3.273572365103378790e-01
2.968742185546386914e+00	3.797330376840134303e+00	-3.954049599999999165e-01	1.641888048411497825e-01
2.969742435608902387e+00	3.801258519650254630e+00	-7.385926799999998904e-01	8.494962178517398987e-01
2.970742685671418304e+00	3.808352452665660248e+00	-8.551469999999999905e-01	5.884267271810389444e-01
2.971742935733933777e+00	3.817439857446983886e+00	-9.004736800000000541e-01	1.208466767523953767e+00
2.972743185796449250e+00	3.825827246954810246e+00	-9.717013200000000905e-01	7.842288451840646601e-01
2.973743435858965167e+00	3.832610398986610711e+00	-1.062354679999999885e+00	1.175833081190116092e+00
2.974743685921480640e+00	3.838755141594366815e+00	-9.717013200000000905e-01	9.800309631870904870e-01
2.975743935983996113e+00	3.843331927563791606e+00	-9.134241599999999295e-01	1.012664649520927940e+00
2.976744186046512031e+00	3.844911986482146382e+00	-7.515431599999999879e-01	7.189614725163894215e-01
2.977744436109027504e+00	3.844122335828592529e+00	-5.831869200000000530e-01	7.189614725163894215e-01
2.978744686171542977e+00	3.841878926588632392e+00	-3.241773200000000466e-01	3.599909228441755538e-01
2.979744936234058894e+00	3.838694622821047009e+00	-3.279152000000000455e-02	2.294561775088249655e-01
2.980745186296574367e+00	3.834684266174923639e+00	2.844952399999999826e-01	-1.947817448310640853e-01
2.981745436359090284e+00	3.829489076537886394e+00	5.694058000000000730e-01	-1.621480584972264660e-01
2.982745686421605757e+00	3.824013119319531917e+00	8.607915999999999901e-01	-8.474554715078166378e-01
2.983745936484121231e+00	3.819896211135316744e+00	1.139226920000000032e+00	-1.043257589510842243e+00
2.984746186546637148e+00	3.817453605887676460e+00	1.709048039999999880e+00	-1.663297629853757176e+00
2.985746436609152621e+00	3.816405093724819508e+00	1.527741319999999847e+00	-1.271693393847705744e+00
2.986746686671668094e+00	3.815627796682264705e+00	1.709048039999999880e+00	-1.957000806858295805e+00
2.987746936734184011e+00	3.812654090965703180e+00	1.482414640000000006e+00	-1.500129198184569024e+00
2.988747186796699484e+00	3.807215147020620805e+00	1.683147080000000129e+00	-1.695931316187594851e+00
2.989747436859214957e+00	3.801851586016616658e+00	1.365860319999999906e+00	-1.304327080181543197e+00
2.990747686921730875e+00	3.797626552385514387e+00	9.384944800000000198e-01	-7.821880988401412882e-01
2.991747936984246348e+00	3.794309274352082983e+00	2.844952399999999826e-01	-2.600491174987393794e-01
2.992748187046761821e+00	3.793316913748721486e+00	-1.299201200000000000e-01	3.926246091780131731e-01
2.993748437109277738e+00	3.796002546346821216e+00	-4.018802000000000207e-01	9.892143217347457163e-02
2.994748687171793211e+00	3.801999966448746271e+00	-7.321174399999998972e-01	7.515951588502269853e-01
2.995748937234308684e+00	3.810112334640323173e+00	-8.616222399999999837e-01	4.578919818456884672e-01
2.996749187296824601e+00	3.818610656985371499e+00	-8.810479599999999634e-01	1.208466767523953767e+00
2.997749437359340074e+00	3.826632050758582704e+00	-9.652260799999999863e-01	8.168625315179022239e-01
2.998749687421855992e+00	3.834044064686355835e+00	-1.062354679999999885e+00	1.273734140191629116e+00
2.999749937484371465e+00	3.839693635665895055e+00	-9.781765600000000838e-01	1.175833081190116092e+00
3.000750187546886938e+00	3.842759043555500575e+00	-9.069489200000000473e-01	9.473972768532528121e-01
3.001750437609402855e+00	3.843494350828425166e+00	-7.385926799999998904e-01	9.147635905194151373e-01
3.002750687671918328e+00	3.842780552459114762e+00	-5.702364399999999556e-01	4.578919818456884672e-01
3.003750937734433801e+00	3.841919047570599766e+00	-3.112268400000000046e-01	3.926246091780131731e-01
3.004751187796949718e+00	3.840627363607244327e+00	-3.926676000000000472e-02	9.892143217347457163e-02
3.005751437859465192e+00	3.837533886796579363e+00	2.715447599999999961e-01	-1.621480584972264660e-01
3.006751687921980665e+00	3.832616102068102215e+00	5.758810400000000662e-01	-3.579501765002521818e-01
3.007751937984496582e+00	3.826947804924508034e+00	8.607915999999999901e-01	-7.495544125063037244e-01
3.008752188047012055e+00	3.821782913774320001e+00	1.152177400000000018e+00	-1.108524962178517592e+00
3.009752438109527528e+00	3.817904757382918124e+00	1.715523279999999984e+00	-1.304327080181543197e+00
3.010752688172043445e+00	3.815339539238502109e+00	1.534216559999999951e+00	-1.239059707513868069e+00
3.011752938234558918e+00	3.813331623825319650e+00	1.709048039999999880e+00	-1.957000806858295805e+00
3.012753188297074391e+00	3.810469871805644448e+00	1.488889879999999888e+00	-1.304327080181543197e+00
3.013753438359590309e+00	3.806322990359259251e+00	1.689622319999999789e+00	-1.859099747856782781e+00
3.014753688422105782e+00	3.801804413155495332e+00	1.365860319999999906e+00	-1.271693393847705744e+00
3.015753938484621255e+00	3.797748466341801521e+00	9.320192400000000266e-01	-9.127228441754917654e-01
3.016754188547137172e+00	3.795103819819123370e+00	2.780200000000000449e-01	-4.884849218356027145e-01
3.017754438609652645e+00	3.795150297532096761e+00	-1.428706000000000143e-01	2.294561775088249655e-01
3.018754688672168562e+00	3.797973289844659206e+00	-4.083554400000000140e-01	2.294561775088249655e-01
3.019754938734684035e+00	3.802586725810381818e+00	-7.515431599999999879e-01	8.168625315179022239e-01
3.020755188797199509e+00	3.809202304204436729e+00	-8.551469999999999905e-01	5.557930408472013806e-01
3.021755438859715426e+00	3.818274849611408950e+00	-9.004736800000000541e-01	1.175833081190116092e+00
3.022755688922230899e+00	3.827612423586454149e+00	-9.781765600000000838e-01	8.168625315179022239e-01
3.023755938984746372e+00	3.834635794138629983e+00	-1.075305160000000093e+00	1.045298335854765615e+00
3.024756189047262289e+00	3.839739561713776173e+00	-9.781765600000000838e-01	1.045298335854765615e+00
3.025756439109777762e+00	3.843726251365167546e+00	-9.198994000000000337e-01	1.045298335854765615e+00
3.026756689172293235e+00	3.845583843432742732e+00	-7.450679199999999947e-01	7.842288451840646601e-01
3.027756939234809153e+00	3.844749130447540075e+00	-5.767116799999999488e-01	6.210604135148766192e-01
3.028757189297324626e+00	3.841881497344862506e+00	-3.241773200000000466e-01	5.231593545133637058e-01
3.029757439359840099e+00	3.837884953025467283e+00	-3.926676000000000472e-02	6.628774583963688294e-02
3.030757689422356016e+00	3.833996984686946607e+00	2.909704799999999758e-01	-6.424699949571360813e-02
3.031757939484871489e+00	3.831211234402809751e+00	5.564553199999999755e-01	-4.558512355017650397e-01
3.032758189547386962e+00	3.828970592921033589e+00	8.478411200000001147e-01	-5.863859808371156834e-01
3.033758439609902879e+00	3.825427331479020143e+00	1.152177400000000018e+00	-1.108524962178517592e+00
3.034758689672418353e+00	3.820177552101711171e+00	1.709048039999999880e+00	-1.369594452849218325e+00
3.035758939734934270e+00	3.815786786422346477e+00	1.521266079999999965e+00	-1.239059707513868069e+00
3.036759189797449743e+00	3.813562820683569221e+00	1.696097560000000115e+00	-1.891733434190620455e+00
3.037759439859965216e+00	3.810832814436840632e+00	1.469464160000000019e+00	-1.434861825516893896e+00
3.038759689922481133e+00	3.806008436210453372e+00	1.670196599999999920e+00	-1.989634493192133702e+00
3.039759939984996606e+00	3.800852221044216162e+00	1.339959359999999933e+00	-1.271693393847705744e+00
3.040760190047512079e+00	3.796895528086775329e+00	9.449697200000000130e-01	-1.206426021180030395e+00
3.041760440110027996e+00	3.794599541846518154e+00	2.715447599999999961e-01	-1.947817448310640853e-01
3.042760690172543470e+00	3.794727993201966854e+00	-1.493458400000000075e-01	3.273572365103378790e-01
3.043760940235058943e+00	3.797769372642217256e+00	-4.148306800000000072e-01	5.231593545133637058e-01
3.044761190297574860e+00	3.802628068326707300e+00	-7.256422000000000150e-01	9.473972768532528121e-01
3.045761440360090333e+00	3.808421019102084859e+00	-8.551469999999999905e-01	6.536940998487140719e-01
3.046761690422605806e+00	3.815940032553976291e+00	-9.004736800000000541e-01	1.012664649520927940e+00
3.047761940485121723e+00	3.824976852534181404e+00	-9.781765600000000838e-01	7.842288451840646601e-01
3.048762190547637196e+00	3.833548956229242410e+00	-1.068829919999999989e+00	8.821299041855775735e-01
3.049762440610152670e+00	3.839607164532363726e+00	-9.652260799999999863e-01	1.208466767523953767e+00
3.050762690672668587e+00	3.842545830720480726e+00	-9.134241599999999295e-01	1.045298335854765615e+00
3.051762940735184060e+00	3.843995664994272587e+00	-7.580183999999999811e-01	9.473972768532528121e-01
3.052763190797699533e+00	3.844554937926349059e+00	-5.831869200000000530e-01	7.842288451840646601e-01
3.053763440860215450e+00	3.842343055428525833e+00	-3.177020799999999978e-01	3.926246091780131731e-01
3.054763690922730923e+00	3.837721462507688308e+00	-2.631628000000000439e-02	9.892143217347457163e-02
3.055763940985246840e+00	3.833652170053307273e+00	2.650695199999999474e-01	-2.926828038325769432e-01
3.056764191047762314e+00	3.830713659170936314e+00	5.564553199999999755e-01	-4.884849218356027145e-01
3.057764441110277787e+00	3.827232500919726110e+00	8.478411200000001147e-01	-7.821880988401412882e-01
3.058764691172793704e+00	3.822721785378952131e+00	1.132751680000000150e+00	-1.173792334846192720e+00
3.059764941235309177e+00	3.818405587295141679e+00	1.702572799999999775e+00	-1.500129198184569024e+00
3.060765191297824650e+00	3.815790529657223207e+00	1.514790839999999861e+00	-9.453565305093293292e-01
3.061765441360340567e+00	3.814223725506112217e+00	1.689622319999999789e+00	-2.054901865859808829e+00
3.062765691422856040e+00	3.811006834838039925e+00	1.462988919999999915e+00	-1.206426021180030395e+00
3.063765941485371513e+00	3.805487682941501859e+00	1.657246119999999934e+00	-1.891733434190620455e+00
3.064766191547887431e+00	3.799804355402149003e+00	1.333484120000000051e+00	-1.108524962178517592e+00
3.065766441610402904e+00	3.796013721158463028e+00	9.190687600000001511e-01	-1.141158648512355045e+00
3.066766691672918377e+00	3.794858227288632868e+00	2.715447599999999961e-01	-4.232175491679274204e-01
3.067766941735434294e+00	3.795521455461573268e+00	-1.752468000000000081e-01	3.273572365103378790e-01
3.068767191797949767e+00	3.797265125631596128e+00	-4.018802000000000207e-01	2.620898638426626404e-01
3.069767441860465240e+00	3.801258167986991232e+00	-7.450679199999999947e-01	8.494962178517398987e-01
3.070767691922981157e+00	3.808678749434084132e+00	-8.680974800000000879e-01	6.536940998487140719e-01
3.071767941985496631e+00	3.818347839753446049e+00	-9.069489200000000473e-01	1.110565708522440964e+00
3.072768192048012104e+00	3.827280139272282611e+00	-9.846517999999999660e-01	7.515951588502269853e-01
3.073768442110528021e+00	3.833853700250056562e+00	-1.062354679999999885e+00	1.110565708522440964e+00
3.074768692173043494e+00	3.838911400649675176e+00	-9.846517999999999660e-01	9.147635905194151373e-01
3.075768942235559411e+00	3.842491336545478919e+00	-9.198994000000000337e-01	9.473972768532528121e-01
3.076769192298074884e+00	3.843357895262689450e+00	-7.580183999999999811e-01	8.168625315179022239e-01
3.077769442360590357e+00	3.842068092665933410e+00	-5.831869200000000530e-01	6.536940998487140719e-01
3.078769692423106275e+00	3.840174594261750673e+00	-3.371277999999999775e-01	3.926246091780131731e-01
3.079769942485621748e+00	3.837642630507524188e+00	-3.279152000000000455e-02	1.968224911749873740e-01
3.080770192548137221e+00	3.833919019907620296e+00	2.715447599999999961e-01	-1.621480584972264660e-01
3.081770442610653138e+00	3.829491719282988704e+00	5.629305600000000798e-01	-3.579501765002521818e-01
3.082770692673168611e+00	3.825290796671018789e+00	8.607915999999999901e-01	-8.474554715078166378e-01
3.083770942735684084e+00	3.821768702408101515e+00	1.145702159999999914e+00	-1.075891275844679917e+00
3.084771192798200001e+00	3.818916342344766512e+00	1.696097560000000115e+00	-1.500129198184569024e+00
3.085771442860715474e+00	3.816876479361190455e+00	1.508315599999999979e+00	-9.779902168431670040e-01
3.086771692923230948e+00	3.814773610316807950e+00	1.689622319999999789e+00	-1.989634493192133702e+00
3.087771942985746865e+00	3.810462352164303290e+00	1.456513680000000033e+00	-1.075891275844679917e+00
3.088772193048262338e+00	3.804186685317314076e+00	1.657246119999999934e+00	-1.891733434190620455e+00
3.089772443110777811e+00	3.798639880021114301e+00	1.333484120000000051e+00	-1.141158648512355045e+00
3.090772693173293728e+00	3.794906267794189603e+00	9.190687600000001511e-01	-1.173792334846192720e+00
3.091772943235809201e+00	3.793189652520005506e+00	2.585942800000000097e-01	-7.169207261724660496e-01
3.092773193298325118e+00	3.794267263542833390e+00	-1.622963199999999939e-01	4.252582955118507924e-01
3.093773443360840592e+00	3.797568429036084936e+00	-4.018802000000000207e-01	6.628774583963688294e-02
3.094773693423356065e+00	3.802363573994876234e+00	-7.644936400000000853e-01	1.045298335854765615e+00
3.095773943485871982e+00	3.809363859205650460e+00	-8.421965199999998930e-01	6.536940998487140719e-01
3.096774193548387455e+00	3.817987728204093933e+00	-9.134241599999999295e-01	1.339001512859304244e+00
3.097774443610902928e+00	3.825375243528007285e+00	-9.717013200000000905e-01	8.821299041855775735e-01
3.098774693673418845e+00	3.830727186388936278e+00	-1.068829919999999989e+00	1.045298335854765615e+00
3.099774943735934318e+00	3.836273978465841950e+00	-9.717013200000000905e-01	7.842288451840646601e-01
3.100775193798449791e+00	3.841538000944674902e+00	-9.134241599999999295e-01	8.494962178517398987e-01
3.101775443860965709e+00	3.843523860082700416e+00	-7.450679199999999947e-01	6.210604135148766192e-01
3.102775693923481182e+00	3.842551065833180512e+00	-5.767116799999999488e-01	7.515951588502269853e-01
3.103775943985996655e+00	3.840979872095652947e+00	-3.241773200000000466e-01	3.926246091780131731e-01
3.104776194048512572e+00	3.839043548824327523e+00	-3.926676000000000472e-02	2.620898638426626404e-01
3.105776444111028045e+00	3.835612231523157778e+00	2.650695199999999474e-01	3.365405950579927752e-02
3.106776694173543518e+00	3.830639501373358069e+00	5.499800799999999823e-01	-3.579501765002521818e-01
3.107776944236059435e+00	3.825198869732194584e+00	8.607915999999999901e-01	-6.516533535047908110e-01
3.108777194298574909e+00	3.820171934988038309e+00	1.126276440000000045e+00	-1.369594452849218325e+00
3.109777444361090382e+00	3.816938336932298448e+00	1.683147080000000129e+00	-1.630663943519919501e+00
3.110777694423606299e+00	3.816109392062626338e+00	1.508315599999999979e+00	-1.043257589510842243e+00
3.111777944486121772e+00	3.815024593712261769e+00	1.689622319999999789e+00	-1.957000806858295805e+00
3.112778194548637689e+00	3.811643510796529633e+00	1.456513680000000033e+00	-1.206426021180030395e+00
3.113778444611153162e+00	3.807167856646665793e+00	1.657246119999999934e+00	-1.630663943519919501e+00
3.114778694673668635e+00	3.802356280684762613e+00	1.320533639999999842e+00	-1.271693393847705744e+00
3.115778944736184553e+00	3.796840786739509088e+00	9.384944800000000198e-01	-8.800891578416540906e-01
3.116779194798700026e+00	3.792291686512382132e+00	2.585942800000000097e-01	-6.190196671709531362e-01
3.117779444861215499e+00	3.792224309989614017e+00	-1.428706000000000143e-01	2.947235501765002597e-01
3.118779694923731416e+00	3.797567113558439900e+00	-4.148306800000000072e-01	1.968224911749873740e-01
3.119779944986246889e+00	3.805159577500044410e+00	-7.515431599999999879e-01	8.168625315179022239e-01
3.120780195048762362e+00	3.811942428938883687e+00	-8.421965199999998930e-01	7.189614725163894215e-01
3.121780445111278279e+00	3.818309058463963623e+00	-9.198994000000000337e-01	1.208466767523953767e+00
3.122780695173793752e+00	3.825795893773780598e+00	-9.717013200000000905e-01	8.494962178517398987e-01
3.123780945236309226e+00	3.833530400193378096e+00	-1.062354679999999885e+00	1.143199394856278639e+00
3.124781195298825143e+00	3.839535061556666129e+00	-9.717013200000000905e-01	1.012664649520927940e+00
3.125781445361340616e+00	3.842797207315296060e+00	-9.328498800000000202e-01	1.110565708522440964e+00
3.126781695423856089e+00	3.842772886178988490e+00	-7.515431599999999879e-01	7.842288451840646601e-01
3.127781945486372006e+00	3.840556168103712142e+00	-5.896621600000000463e-01	5.557930408472013806e-01
3.128782195548887479e+00	3.838879210707619283e+00	-3.371277999999999775e-01	4.252582955118507924e-01
3.129782445611403396e+00	3.838044752812336036e+00	-4.574200000000000488e-02	1.641888048411497825e-01
3.130782695673918870e+00	3.835585486877150174e+00	2.521190400000000165e-01	-6.424699949571360813e-02
3.131782945736434343e+00	3.831099976305946342e+00	5.629305600000000798e-01	-3.905838628340898566e-01
3.132783195798950260e+00	3.826623643566404720e+00	8.543163600000001079e-01	-6.842870398386284858e-01
3.133783445861465733e+00	3.822589658553852576e+00	1.119801199999999941e+00	-1.173792334846192720e+00
3.134783695923981206e+00	3.818452703731487485e+00	1.676671840000000024e+00	-1.434861825516893896e+00
3.135783945986497123e+00	3.815360618042943130e+00	1.501840359999999874e+00	-1.043257589510842243e+00
3.136784196049012596e+00	3.813713528811486064e+00	1.676671840000000024e+00	-2.022268179525970933e+00
3.137784446111528069e+00	3.811209365059206711e+00	1.450038439999999929e+00	-1.239059707513868069e+00
3.138784696174043987e+00	3.806829035813175999e+00	1.657246119999999934e+00	-1.695931316187594851e+00
3.139784946236559460e+00	3.802364507408900529e+00	1.294632679999999869e+00	-1.173792334846192720e+00
3.140785196299074933e+00	3.798512065781481262e+00	9.125935200000000469e-01	-6.842870398386284858e-01
3.141785446361590850e+00	3.795185538194484121e+00	2.650695199999999474e-01	-5.863859808371156834e-01
3.142785696424106323e+00	3.794244432589448657e+00	-1.687715600000000149e-01	1.641888048411497825e-01
3.143785946486621796e+00	3.796922885339087284e+00	-4.213059199999999449e-01	9.892143217347457163e-02
3.144786196549137713e+00	3.802240183447366917e+00	-7.580183999999999811e-01	5.884267271810389444e-01
3.145786446611653187e+00	3.809568524853417237e+00	-8.486717599999999972e-01	7.189614725163894215e-01
3.146786696674168660e+00	3.818750902442532347e+00	-9.069489200000000473e-01	1.077932022188603289e+00
3.147786946736684577e+00	3.828138215057883542e+00	-9.587508399999999931e-01	1.045298335854765615e+00
3.148787196799200050e+00	3.835471441234381107e+00	-1.081780399999999975e+00	1.241100453857791219e+00
3.149787446861715967e+00	3.840400369385565948e+00	-9.717013200000000905e-01	1.045298335854765615e+00
3.150787696924231440e+00	3.843254448538756307e+00	-9.069489200000000473e-01	1.175833081190116092e+00
3.151787946986746913e+00	3.843602272220187022e+00	-7.580183999999999811e-01	7.842288451840646601e-01
3.152788197049262831e+00	3.842562523160906185e+00	-5.831869200000000530e-01	4.578919818456884672e-01
3.153788447111778304e+00	3.841401140930229552e+00	-3.436030400000000262e-01	5.557930408472013806e-01
3.154788697174293777e+00	3.838931068123632606e+00	-3.279152000000000455e-02	3.365405950579927752e-02
3.155788947236809694e+00	3.834678917237952955e+00	2.585942800000000097e-01	1.020373171961676869e-03
3.156789197299325167e+00	3.830466572819934967e+00	5.499800799999999823e-01	-2.600491174987393794e-01
3.157789447361840640e+00	3.827032064889369867e+00	8.413658800000000104e-01	-5.863859808371156834e-01
3.158789697424356557e+00	3.822994697869016800e+00	1.132751680000000150e+00	-9.453565305093293292e-01
3.159789947486872030e+00	3.818581456292633902e+00	1.683147080000000129e+00	-1.532762884518406477e+00
3.160790197549387504e+00	3.816072851927580167e+00	1.501840359999999874e+00	-1.108524962178517592e+00
3.161790447611903421e+00	3.815041658411252534e+00	1.670196599999999920e+00	-2.087535552193646726e+00
3.162790697674418894e+00	3.812385410445307876e+00	1.443563199999999824e+00	-1.336960766515380872e+00
3.163790947736934367e+00	3.807095059952128047e+00	1.644295639999999947e+00	-1.793832375189107875e+00
3.164791197799450284e+00	3.801286844646618590e+00	1.294632679999999869e+00	-1.108524962178517592e+00
3.165791447861965757e+00	3.797260502207744359e+00	9.190687600000001511e-01	-9.127228441754917654e-01
3.166791697924481674e+00	3.795457336802855242e+00	2.521190400000000165e-01	-3.579501765002521818e-01
3.167791947986997148e+00	3.795633301883830857e+00	-1.622963199999999939e-01	3.599909228441755538e-01
3.168792198049512621e+00	3.798042467310882131e+00	-4.342563999999999869e-01	3.273572365103378790e-01
3.169792448112028538e+00	3.802685730123644081e+00	-7.580183999999999811e-01	7.515951588502269853e-01
3.170792698174544011e+00	3.809270077853233794e+00	-8.680974800000000879e-01	6.536940998487140719e-01
3.171792948237059484e+00	3.817197819380103052e+00	-9.069489200000000473e-01	1.077932022188603289e+00
3.172793198299575401e+00	3.825463893367710977e+00	-9.781765600000000838e-01	8.168625315179022239e-01
3.173793448362090874e+00	3.833471772344376749e+00	-1.068829919999999989e+00	1.143199394856278639e+00
3.174793698424606347e+00	3.840017637929385774e+00	-9.717013200000000905e-01	9.800309631870904870e-01
3.175793948487122265e+00	3.843423858063293341e+00	-9.134241599999999295e-01	9.473972768532528121e-01
3.176794198549637738e+00	3.844391205498089104e+00	-7.709688800000000786e-01	8.168625315179022239e-01
3.177794448612153211e+00	3.844382090333558821e+00	-5.831869200000000530e-01	6.863277861825517467e-01
3.178794698674669128e+00	3.842904760728086178e+00	-3.241773200000000466e-01	2.620898638426626404e-01
3.179794948737184601e+00	3.839553231581358084e+00	-5.221724000000000504e-02	1.641888048411497825e-01
3.180795198799700074e+00	3.834904530331346262e+00	2.521190400000000165e-01	-1.621480584972264660e-01
3.181795448862215991e+00	3.829932157480145261e+00	5.370296000000001069e-01	-2.926828038325769432e-01
3.182795698924731465e+00	3.825847477390889484e+00	8.413658800000000104e-01	-7.169207261724660496e-01
3.183795948987246938e+00	3.822233604730545409e+00	1.119801199999999941e+00	-1.010623903177004790e+00
3.184796199049762855e+00	3.817936169321292539e+00	1.689622319999999789e+00	-1.500129198184569024e+00
3.185796449112278328e+00	3.814482982659233912e+00	1.482414640000000006e+00	-1.043257589510842243e+00
3.186796699174794245e+00	3.813407124298816342e+00	1.663721360000000038e+00	-1.989634493192133702e+00
3.187796949237309718e+00	3.811813098605542294e+00	1.443563199999999824e+00	-1.206426021180030395e+00
3.188797199299825191e+00	3.806674931009772056e+00	1.637820399999999843e+00	-1.859099747856782781e+00
3.189797449362341109e+00	3.800456096944468509e+00	1.294632679999999869e+00	-1.108524962178517592e+00
3.190797699424856582e+00	3.797234032824963190e+00	8.996430400000000605e-01	-9.779902168431670040e-01
3.191797949487372055e+00	3.796832357706172889e+00	2.456437999999999955e-01	-2.274154311649017046e-01
3.192798199549887972e+00	3.797048602552745233e+00	-1.622963199999999939e-01	2.947235501765002597e-01
3.193798449612403445e+00	3.798150288461957569e+00	-4.277811600000000491e-01	3.599909228441755538e-01
3.194798699674918918e+00	3.801747594361769789e+00	-7.450679199999999947e-01	7.515951588502269853e-01
3.195798949737434835e+00	3.808084485473337555e+00	-8.680974800000000879e-01	5.231593545133637058e-01
3.196799199799950308e+00	3.816393200703212418e+00	-9.069489200000000473e-01	1.077932022188603289e+00
3.197799449862465782e+00	3.825778783057051324e+00	-9.717013200000000905e-01	5.884267271810389444e-01
3.198799699924981699e+00	3.834219487588372832e+00	-1.075305160000000093e+00	1.306367826525466569e+00
3.199799949987497172e+00	3.839313892173242593e+00	-9.846517999999999660e-01	8.494962178517398987e-01
3.200800200050012645e+00	3.841414896135947554e+00	-9.198994000000000337e-01	1.175833081190116092e+00
3.201800450112528562e+00	3.842444302336516238e+00	-7.644936400000000853e-01	9.147635905194151373e-01
3.202800700175044035e+00	3.842306459775716387e+00	-5.896621600000000463e-01	7.842288451840646601e-01
3.203800950237559508e+00	3.840235527716000075e+00	-3.371277999999999775e-01	3.926246091780131731e-01
3.204801200300075426e+00	3.837288868258360353e+00	-3.926676000000000472e-02	1.315551185073121632e-01
3.205801450362590899e+00	3.834467012108294881e+00	2.521190400000000165e-01	-1.947817448310640853e-01
3.206801700425106816e+00	3.831375925668188298e+00	5.435048399999999891e-01	-4.232175491679274204e-01
3.207801950487622289e+00	3.827796398021803714e+00	8.413658800000000104e-01	-9.127228441754917654e-01
3.208802200550137762e+00	3.823362557794118377e+00	1.100375480000000072e+00	-8.800891578416540906e-01
3.209802450612653679e+00	3.818389139777036867e+00	1.670196599999999920e+00	-1.369594452849218325e+00
3.210802700675169152e+00	3.815465405818325273e+00	1.462988919999999915e+00	-1.141158648512355045e+00
3.211802950737684625e+00	3.814594868942526862e+00	1.657246119999999934e+00	-1.859099747856782781e+00
3.212803200800200543e+00	3.811480450026383693e+00	1.437087959999999942e+00	-1.369594452849218325e+00
3.213803450862716016e+00	3.804949980700858436e+00	1.631345159999999739e+00	-1.826466061522945328e+00
3.214803700925231489e+00	3.798960498970718191e+00	1.255781239999999910e+00	-1.239059707513868069e+00
3.215803950987747406e+00	3.796359724876300135e+00	9.061182800000000537e-01	-1.043257589510842243e+00
3.216804201050262879e+00	3.796102328969392037e+00	2.521190400000000165e-01	-2.926828038325769432e-01
3.217804451112778352e+00	3.796492201684805945e+00	-1.817220400000000013e-01	3.926246091780131731e-01
3.218804701175294269e+00	3.798171570847301837e+00	-4.277811600000000491e-01	1.968224911749873740e-01
3.219804951237809743e+00	3.802614885798590638e+00	-7.644936400000000853e-01	1.077932022188603289e+00
3.220805201300325216e+00	3.809523175327920175e+00	-8.616222399999999837e-01	6.210604135148766192e-01
3.221805451362841133e+00	3.817600340959314220e+00	-9.004736800000000541e-01	1.208466767523953767e+00
3.222805701425356606e+00	3.825488915842912618e+00	-9.781765600000000838e-01	7.515951588502269853e-01
3.223805951487872523e+00	3.831963842624029670e+00	-1.088255640000000080e+00	1.110565708522440964e+00
3.224806201550387996e+00	3.837105339313880759e+00	-9.976022799999999524e-01	8.494962178517398987e-01
3.225806451612903469e+00	3.841196294217854579e+00	-9.263746400000000270e-01	9.147635905194151373e-01
3.226806701675419387e+00	3.843440155258778024e+00	-7.450679199999999947e-01	8.494962178517398987e-01
3.227806951737934860e+00	3.843364649959004620e+00	-5.831869200000000530e-01	6.536940998487140719e-01
3.228807201800450333e+00	3.841487095621016312e+00	-3.436030400000000262e-01	4.252582955118507924e-01
3.229807451862966250e+00	3.838685527945553400e+00	-5.869248000000000520e-02	1.968224911749873740e-01
3.230807701925481723e+00	3.835161661484507434e+00	2.456437999999999955e-01	-6.424699949571360813e-02
3.231807951987997196e+00	3.830301331660439068e+00	5.370296000000001069e-01	-3.253164901664145625e-01
3.232808202050513113e+00	3.824886000149123610e+00	8.284154000000000240e-01	-6.516533535047908110e-01
3.233808452113028586e+00	3.820886263284587692e+00	1.119801199999999941e+00	-1.108524962178517592e+00
3.234808702175544060e+00	3.818429769039508592e+00	1.657246119999999934e+00	-1.467495511850731349e+00
3.235808952238059977e+00	3.816343369145602793e+00	1.469464160000000019e+00	-1.108524962178517592e+00
3.236809202300575450e+00	3.813916069520904450e+00	1.657246119999999934e+00	-1.891733434190620455e+00
3.237809452363090923e+00	3.810361675431992445e+00	1.424137479999999734e+00	-1.173792334846192720e+00
3.238809702425606840e+00	3.805636726248639690e+00	1.624869920000000079e+00	-1.793832375189107875e+00
3.239809952488122313e+00	3.801449761490307999e+00	1.262256480000000014e+00	-1.206426021180030395e+00
3.240810202550637786e+00	3.798772539020321748e+00	8.996430400000000605e-01	-8.800891578416540906e-01
3.241810452613153704e+00	3.796503570754031998e+00	2.262180799999999881e-01	-5.211186081694403338e-01
3.242810702675669177e+00	3.794710258150811644e+00	-1.687715600000000149e-01	2.947235501765002597e-01
3.243810952738185094e+00	3.795783923909488156e+00	-4.342563999999999869e-01	2.294561775088249655e-01
3.244811202800700567e+00	3.800857467700093029e+00	-7.644936400000000853e-01	9.473972768532528121e-01
3.245811452863216040e+00	3.808393417432503369e+00	-8.616222399999999837e-01	6.210604135148766192e-01
3.246811702925731957e+00	3.816545106206373106e+00	-9.134241599999999295e-01	1.306367826525466569e+00
3.247811952988247430e+00	3.824618844994785327e+00	-9.781765600000000838e-01	6.863277861825517467e-01
3.248812203050762903e+00	3.832525470371344944e+00	-1.075305160000000093e+00	1.077932022188603289e+00
3.249812453113278821e+00	3.839273745148710670e+00	-9.717013200000000905e-01	9.473972768532528121e-01
3.250812703175794294e+00	3.843063539636258685e+00	-9.263746400000000270e-01	7.842288451840646601e-01
3.251812953238309767e+00	3.843845122545974213e+00	-7.644936400000000853e-01	9.800309631870904870e-01
3.252813203300825684e+00	3.843308525719450586e+00	-5.831869200000000530e-01	5.557930408472013806e-01
3.253813453363341157e+00	3.841907018642228611e+00	-3.371277999999999775e-01	5.231593545133637058e-01
3.254813703425856630e+00	3.838827738824213132e+00	-5.869248000000000520e-02	2.620898638426626404e-01
3.255813953488372547e+00	3.834746222359649792e+00	2.650695199999999474e-01	3.365405950579927752e-02
3.256814203550888021e+00	3.831176901487774789e+00	5.176038800000000162e-01	-3.905838628340898566e-01
3.257814453613403494e+00	3.827795067306933863e+00	8.348906400000000172e-01	-8.800891578416540906e-01
3.258814703675919411e+00	3.823854187740615806e+00	1.100375480000000072e+00	-1.304327080181543197e+00
3.259814953738434884e+00	3.819790624674644697e+00	1.657246119999999934e+00	-1.369594452849218325e+00
3.260815203800950801e+00	3.816060072039235251e+00	1.469464160000000019e+00	-1.043257589510842243e+00
3.261815453863466274e+00	3.812878133710712714e+00	1.650770879999999829e+00	-1.924367120524458352e+00
3.262815703925981747e+00	3.809929889044036955e+00	1.424137479999999734e+00	-1.141158648512355045e+00
3.263815953988497665e+00	3.806321708325306474e+00	1.624869920000000079e+00	-1.793832375189107875e+00
3.264816204051013138e+00	3.801814710634798811e+00	1.275206959999999778e+00	-1.043257589510842243e+00
3.265816454113528611e+00	3.797373293230253744e+00	8.996430400000000605e-01	-1.075891275844679917e+00
3.266816704176044528e+00	3.794745662275043507e+00	2.262180799999999881e-01	-5.211186081694403338e-01
3.267816954238560001e+00	3.794893551945723864e+00	-1.881972800000000223e-01	2.620898638426626404e-01
3.268817204301075474e+00	3.797602871340222119e+00	-4.472068799999999733e-01	1.641888048411497825e-01
3.269817454363591391e+00	3.802829661580426013e+00	-7.709688800000000786e-01	6.863277861825517467e-01
3.270817704426106864e+00	3.810110261915394592e+00	-8.680974800000000879e-01	6.863277861825517467e-01
3.271817954488622338e+00	3.817910336007386718e+00	-9.198994000000000337e-01	1.143199394856278639e+00
3.272818204551138255e+00	3.825044162114755508e+00	-9.781765600000000838e-01	1.012664649520927940e+00
3.273818454613653728e+00	3.831561807413502940e+00	-1.081780399999999975e+00	1.012664649520927940e+00
3.274818704676169201e+00	3.837514064235607592e+00	-9.911270399999999592e-01	1.077932022188603289e+00
3.275818954738685118e+00	3.841625799573201494e+00	-9.198994000000000337e-01	7.842288451840646601e-01
3.276819204801200591e+00	3.843105270316313327e+00	-7.580183999999999811e-01	7.189614725163894215e-01
3.277819454863716064e+00	3.842862363897190825e+00	-5.896621600000000463e-01	6.536940998487140719e-01
3.278819704926231982e+00	3.841414969494339360e+00	-3.500782800000000750e-01	4.252582955118507924e-01
3.279819954988747455e+00	3.838760672671478247e+00	-5.869248000000000520e-02	1.641888048411497825e-01
3.280820205051263372e+00	3.835092947757165138e+00	2.456437999999999955e-01	1.020373171961676869e-03
3.281820455113778845e+00	3.830352749366705112e+00	5.240791200000000094e-01	-3.579501765002521818e-01
3.282820705176294318e+00	3.825370408639855224e+00	8.284154000000000240e-01	-7.169207261724660496e-01
3.283820955238810235e+00	3.821338967750938842e+00	1.080949760000000204e+00	-1.173792334846192720e+00
3.284821205301325708e+00	3.818101098112069547e+00	1.663721360000000038e+00	-1.434861825516893896e+00
3.285821455363841181e+00	3.815248435500964597e+00	1.462988919999999915e+00	-1.010623903177004790e+00
3.286821705426357099e+00	3.812894620305191218e+00	1.637820399999999843e+00	-1.989634493192133702e+00
3.287821955488872572e+00	3.810624084824375757e+00	1.404711760000000087e+00	-1.239059707513868069e+00
3.288822205551388045e+00	3.807075959891138339e+00	1.618394679999999752e+00	-1.793832375189107875e+00
3.289822455613903962e+00	3.801806594210517698e+00	1.216929799999999950e+00	-1.108524962178517592e+00
3.290822705676419435e+00	3.797013074390134690e+00	8.931677999999999562e-01	-7.821880988401412882e-01
3.291822955738934908e+00	3.794936520470260977e+00	2.391685600000000023e-01	-4.232175491679274204e-01
3.292823205801450825e+00	3.795464257990736723e+00	-1.881972800000000223e-01	1.641888048411497825e-01
3.293823455863966299e+00	3.798138549452939383e+00	-4.213059199999999449e-01	2.947235501765002597e-01
3.294823705926481772e+00	3.803111065869948959e+00	-7.709688800000000786e-01	8.494962178517398987e-01
3.295823955988997689e+00	3.810050756763357693e+00	-8.680974800000000879e-01	7.189614725163894215e-01
3.296824206051513162e+00	3.818160270514848520e+00	-9.134241599999999295e-01	1.208466767523953767e+00
3.297824456114028635e+00	3.826538225774002377e+00	-9.781765600000000838e-01	1.045298335854765615e+00
3.298824706176544552e+00	3.833962573228558490e+00	-1.062354679999999885e+00	1.045298335854765615e+00
3.299824956239060025e+00	3.838645452590603746e+00	-9.846517999999999660e-01	1.077932022188603289e+00
3.300825206301575943e+00	3.840352957053330574e+00	-9.328498800000000202e-01	9.473972768532528121e-01
3.301825456364091416e+00	3.841513719966051621e+00	-7.644936400000000853e-01	6.210604135148766192e-01
3.302825706426606889e+00	3.843080520622145002e+00	-6.026126399999999217e-01	6.536940998487140719e-01
3.303825956489122806e+00	3.843142039801953569e+00	-3.565535200000000127e-01	1.315551185073121632e-01
3.304826206551638279e+00	3.840397285701365515e+00	-3.279152000000000455e-02	4.578919818456884672e-01
3.305826456614153752e+00	3.835521985990312910e+00	2.391685600000000023e-01	-9.688068582955121355e-02
3.306826706676669669e+00	3.830351179620870017e+00	5.370296000000001069e-01	-6.424699949571360813e-02
3.307826956739185142e+00	3.826087241512573733e+00	8.154649200000001485e-01	-6.190196671709531362e-01
3.308827206801700616e+00	3.822220839485668265e+00	1.093900239999999968e+00	-1.141158648512355045e+00
3.309827456864216533e+00	3.818389195221832733e+00	1.637820399999999843e+00	-1.598030257186082048e+00
3.310827706926732006e+00	3.815813262847515652e+00	1.462988919999999915e+00	-1.173792334846192720e+00
3.311827956989247479e+00	3.814630981923247344e+00	1.631345159999999739e+00	-2.087535552193646726e+00
3.312828207051763396e+00	3.812207737019438714e+00	1.411186999999999969e+00	-1.141158648512355045e+00
3.313828457114278869e+00	3.807242313661350686e+00	1.605444199999999988e+00	-1.826466061522945328e+00
3.314828707176794342e+00	3.801776118852032482e+00	1.223405040000000055e+00	-1.043257589510842243e+00
3.315828957239310260e+00	3.797624011870283756e+00	8.996430400000000605e-01	-7.821880988401412882e-01
3.316829207301825733e+00	3.795208431285852058e+00	2.197428399999999948e-01	-4.558512355017650397e-01
3.317829457364341650e+00	3.794977701059108366e+00	-1.946725200000000155e-01	2.947235501765002597e-01
3.318829707426857123e+00	3.797373915347753037e+00	-4.407316399999999801e-01	3.365405950579927752e-02
3.319829957489372596e+00	3.802910403689963026e+00	-7.644936400000000853e-01	8.168625315179022239e-01
3.320830207551888513e+00	3.811021228859405863e+00	-8.680974800000000879e-01	6.536940998487140719e-01
3.321830457614403986e+00	3.819014445096522437e+00	-9.198994000000000337e-01	1.110565708522440964e+00
3.322830707676919459e+00	3.825661804452248127e+00	-9.781765600000000838e-01	9.147635905194151373e-01
3.323830957739435377e+00	3.832383609637976640e+00	-1.075305160000000093e+00	1.273734140191629116e+00
3.324831207801950850e+00	3.838751731275731771e+00	-9.846517999999999660e-01	1.143199394856278639e+00
3.325831457864466323e+00	3.842281720576184334e+00	-9.263746400000000270e-01	1.208466767523953767e+00
3.326831707926982240e+00	3.842588824606909093e+00	-7.644936400000000853e-01	6.863277861825517467e-01
3.327831957989497713e+00	3.841450457374303795e+00	-6.026126399999999217e-01	6.863277861825517467e-01
3.328832208052013186e+00	3.839930554991159539e+00	-3.500782800000000750e-01	2.947235501765002597e-01
3.329832458114529103e+00	3.838212636507118081e+00	-7.164296000000000553e-02	1.641888048411497825e-01
3.330832708177044577e+00	3.836152326186948347e+00	2.521190400000000165e-01	-6.424699949571360813e-02
3.331832958239560050e+00	3.832543806586140800e+00	5.176038800000000162e-01	-2.926828038325769432e-01
3.332833208302075967e+00	3.827189396003292554e+00	8.413658800000000104e-01	-6.842870398386284858e-01
3.333833458364591440e+00	3.822122347476605508e+00	1.080949760000000204e+00	-1.010623903177004790e+00
3.334833708427106913e+00	3.818673126949709840e+00	1.644295639999999947e+00	-1.402228139183055999e+00
3.335833958489622830e+00	3.816720654226233300e+00	1.456513680000000033e+00	-9.779902168431670040e-01
3.336834208552138303e+00	3.815170658784743374e+00	1.631345159999999739e+00	-2.022268179525970933e+00
3.337834458614654221e+00	3.811880013335411821e+00	1.411186999999999969e+00	-1.206426021180030395e+00
3.338834708677169694e+00	3.806229387054110180e+00	1.605444199999999988e+00	-1.695931316187594851e+00
3.339834958739685167e+00	3.800326003287866516e+00	1.275206959999999778e+00	-1.141158648512355045e+00
3.340835208802201084e+00	3.796471051213270442e+00	8.543163600000001079e-01	-9.127228441754917654e-01
3.341835458864716557e+00	3.795036938626305201e+00	2.391685600000000023e-01	-4.558512355017650397e-01
3.342835708927232030e+00	3.795381192739603282e+00	-1.881972800000000223e-01	2.947235501765002597e-01
3.343835958989747947e+00	3.798180276009452960e+00	-4.472068799999999733e-01	2.294561775088249655e-01
3.344836209052263420e+00	3.804151480553613851e+00	-7.515431599999999879e-01	9.147635905194151373e-01
3.345836459114778894e+00	3.811372690127968088e+00	-8.680974800000000879e-01	5.557930408472013806e-01
3.346836709177294811e+00	3.817855335673075778e+00	-9.134241599999999295e-01	1.208466767523953767e+00
3.347836959239810284e+00	3.824419387038912266e+00	-9.846517999999999660e-01	7.842288451840646601e-01
3.348837209302325757e+00	3.832242701305919041e+00	-1.075305160000000093e+00	1.306367826525466569e+00
3.349837459364841674e+00	3.840000286478096658e+00	-9.846517999999999660e-01	9.473972768532528121e-01
3.350837709427357147e+00	3.844286279991978805e+00	-9.069489200000000473e-01	1.077932022188603289e+00
3.351837959489872620e+00	3.843867109674884208e+00	-7.709688800000000786e-01	7.189614725163894215e-01
3.352838209552388538e+00	3.842109340659643379e+00	-6.090878800000000259e-01	6.863277861825517467e-01
3.353838459614904011e+00	3.841048554539385318e+00	-3.565535200000000127e-01	2.620898638426626404e-01
3.354838709677419928e+00	3.838945620818249083e+00	-5.869248000000000520e-02	3.365405950579927752e-02
3.355838959739935401e+00	3.835693242698452465e+00	2.262180799999999881e-01	1.020373171961676869e-03
3.356839209802450874e+00	3.832505150013236772e+00	5.176038800000000162e-01	-5.863859808371156834e-01
3.357839459864966791e+00	3.828825897386045618e+00	8.284154000000000240e-01	-4.232175491679274204e-01
3.358839709927482264e+00	3.824130368892510123e+00	1.100375480000000072e+00	-1.010623903177004790e+00
3.359839959989997737e+00	3.819349467300126921e+00	1.657246119999999934e+00	-1.239059707513868069e+00
3.360840210052513655e+00	3.815583802892016596e+00	1.443563199999999824e+00	-8.800891578416540906e-01
3.361840460115029128e+00	3.812821537018965756e+00	1.631345159999999739e+00	-2.022268179525970933e+00
3.362840710177544601e+00	3.810002256485847116e+00	1.398236519999999983e+00	-1.271693393847705744e+00
3.363840960240060518e+00	3.806266090420437287e+00	1.605444199999999988e+00	-1.695931316187594851e+00
3.364841210302575991e+00	3.801856775131158273e+00	1.268731720000000118e+00	-1.336960766515380872e+00
3.365841460365091464e+00	3.797763597351215825e+00	8.607915999999999901e-01	-7.169207261724660496e-01
3.366841710427607381e+00	3.795257263284946170e+00	2.262180799999999881e-01	-3.905838628340898566e-01
3.367841960490122855e+00	3.795116411414431123e+00	-2.140982399999999952e-01	5.557930408472013806e-01
3.368842210552638328e+00	3.797000267074055468e+00	-4.213059199999999449e-01	3.926246091780131731e-01
3.369842460615154245e+00	3.801102200647221263e+00	-7.774441199999999608e-01	8.821299041855775735e-01
3.370842710677669718e+00	3.808196153923273819e+00	-8.616222399999999837e-01	7.189614725163894215e-01
3.371842960740185191e+00	3.817179621549593893e+00	-9.328498800000000202e-01	1.045298335854765615e+00
3.372843210802701108e+00	3.826258793745335840e+00	-9.717013200000000905e-01	7.842288451840646601e-01
3.373843460865216581e+00	3.834328133373980041e+00	-1.088255640000000080e+00	1.045298335854765615e+00
3.374843710927732499e+00	3.839667581313078948e+00	-9.781765600000000838e-01	9.473972768532528121e-01
3.375843960990247972e+00	3.841649311435666014e+00	-9.198994000000000337e-01	1.110565708522440964e+00
3.376844211052763445e+00	3.842351223098829038e+00	-7.644936400000000853e-01	9.147635905194151373e-01
3.377844461115279362e+00	3.843300388481412533e+00	-5.961373999999999285e-01	6.536940998487140719e-01
3.378844711177794835e+00	3.842949380291902806e+00	-3.500782800000000750e-01	5.884267271810389444e-01
3.379844961240310308e+00	3.839454435023165413e+00	-6.516772000000001230e-02	6.628774583963688294e-02
3.380845211302826225e+00	3.834167729058098661e+00	2.391685600000000023e-01	-6.424699949571360813e-02
3.381845461365341698e+00	3.829933927821710604e+00	5.176038800000000162e-01	-4.884849218356027145e-01
3.382845711427857172e+00	3.826878243747084518e+00	8.089896800000000443e-01	-6.842870398386284858e-01
3.383845961490373089e+00	3.823158134669219610e+00	1.093900239999999968e+00	-1.043257589510842243e+00
3.384846211552888562e+00	3.819179215896330248e+00	1.631345159999999739e+00	-1.500129198184569024e+00
3.385846461615404035e+00	3.816461231554455491e+00	1.450038439999999929e+00	-1.010623903177004790e+00
3.386846711677919952e+00	3.814117988220968591e+00	1.624869920000000079e+00	-1.891733434190620455e+00
3.387846961740435425e+00	3.810728051313723608e+00	1.411186999999999969e+00	-1.173792334846192720e+00
3.388847211802950898e+00	3.806184833481043306e+00	1.605444199999999988e+00	-1.793832375189107875e+00
3.389847461865466816e+00	3.800806354650808405e+00	1.255781239999999910e+00	-1.173792334846192720e+00
3.390847711927982289e+00	3.796118332355705949e+00	8.866925599999999630e-01	-9.779902168431670040e-01
3.391847961990497762e+00	3.794143147900206348e+00	2.067923600000000084e-01	-2.926828038325769432e-01
3.392848212053013679e+00	3.795032993168443891e+00	-2.140982399999999952e-01	3.273572365103378790e-01
3.393848462115529152e+00	3.798044536423884399e+00	-4.407316399999999801e-01	2.947235501765002597e-01
3.394848712178045069e+00	3.803247975118650981e+00	-7.774441199999999608e-01	8.821299041855775735e-01
3.395848962240560542e+00	3.810571852077870414e+00	-8.551469999999999905e-01	7.842288451840646601e-01
3.396849212303076015e+00	3.818606435274793043e+00	-9.069489200000000473e-01	1.077932022188603289e+00
3.397849462365591933e+00	3.826014733205584939e+00	-9.781765600000000838e-01	9.147635905194151373e-01
3.398849712428107406e+00	3.832821386279927189e+00	-1.094730879999999962e+00	1.110565708522440964e+00
3.399849962490622879e+00	3.838756246396986871e+00	-9.846517999999999660e-01	1.143199394856278639e+00
3.400850212553138796e+00	3.842572136835816998e+00	-9.263746400000000270e-01	1.110565708522440964e+00
3.401850462615654269e+00	3.843881515985779540e+00	-7.709688800000000786e-01	1.045298335854765615e+00
3.402850712678169742e+00	3.843451960323904348e+00	-5.896621600000000463e-01	6.536940998487140719e-01
3.403850962740685659e+00	3.841369801325251299e+00	-3.565535200000000127e-01	5.884267271810389444e-01
3.404851212803201133e+00	3.837622178568061759e+00	-6.516772000000001230e-02	3.365405950579927752e-02
3.405851462865716606e+00	3.833751355672356365e+00	2.326933200000000090e-01	-9.688068582955121355e-02
3.406851712928232523e+00	3.830739629551398462e+00	4.981781600000000365e-01	-3.905838628340898566e-01
3.407851962990747996e+00	3.827610641308704764e+00	8.154649200000001485e-01	-9.127228441754917654e-01
3.408852213053263469e+00	3.823501602465674498e+00	1.087425000000000086e+00	-9.779902168431670040e-01
3.409852463115779386e+00	3.819382981061702598e+00	1.644295639999999947e+00	-1.663297629853757176e+00
3.410852713178294859e+00	3.816940144765518461e+00	1.437087959999999942e+00	-7.821880988401412882e-01
3.411852963240810777e+00	3.815508421386593074e+00	1.618394679999999752e+00	-1.891733434190620455e+00
3.412853213303326250e+00	3.812529236830107138e+00	1.398236519999999983e+00	-1.043257589510842243e+00
3.413853463365841723e+00	3.806838379050491827e+00	1.598968959999999884e+00	-1.695931316187594851e+00
3.414853713428357640e+00	3.800392948929755210e+00	1.281682200000000105e+00	-1.173792334846192720e+00
3.415853963490873113e+00	3.796661113782482833e+00	8.478411200000001147e-01	-1.173792334846192720e+00
3.416854213553388586e+00	3.795658752140018688e+00	2.262180799999999881e-01	-4.558512355017650397e-01
3.417854463615904503e+00	3.795304536187683375e+00	-1.946725200000000155e-01	2.294561775088249655e-01
3.418854713678419976e+00	3.796891515574896570e+00	-4.472068799999999733e-01	4.252582955118507924e-01
3.419854963740935450e+00	3.801912291006309008e+00	-7.709688800000000786e-01	8.168625315179022239e-01
3.420855213803451367e+00	3.809283529493023845e+00	-8.680974800000000879e-01	7.842288451840646601e-01
3.421855463865966840e+00	3.817985442630904558e+00	-9.134241599999999295e-01	1.306367826525466569e+00
3.422855713928482313e+00	3.826534135264954450e+00	-9.781765600000000838e-01	7.189614725163894215e-01
3.423855963990998230e+00	3.832864893676376283e+00	-1.075305160000000093e+00	1.241100453857791219e+00
3.424856214053513703e+00	3.836928156625611042e+00	-9.781765600000000838e-01	7.515951588502269853e-01
3.425856464116029176e+00	3.840423018811399025e+00	-9.328498800000000202e-01	9.473972768532528121e-01
3.426856714178545094e+00	3.843458031966353605e+00	-7.644936400000000853e-01	8.494962178517398987e-01
3.427856964241060567e+00	3.843757829625916944e+00	-5.896621600000000463e-01	7.515951588502269853e-01
3.428857214303576040e+00	3.840720662633960281e+00	-3.565535200000000127e-01	4.578919818456884672e-01
3.429857464366091957e+00	3.837099725350535895e+00	-5.869248000000000520e-02	3.273572365103378790e-01
3.430857714428607430e+00	3.834724250120048694e+00	2.326933200000000090e-01	-1.621480584972264660e-01
3.431857964491123347e+00	3.831895768694804527e+00	5.176038800000000162e-01	-1.947817448310640853e-01
3.432858214553638820e+00	3.826604190463195554e+00	8.154649200000001485e-01	-7.495544125063037244e-01
3.433858464616154293e+00	3.820432642542244572e+00	1.087425000000000086e+00	-1.108524962178517592e+00
3.434858714678670211e+00	3.816921592818234288e+00	1.631345159999999739e+00	-1.369594452849218325e+00
3.435858964741185684e+00	3.816634301135424678e+00	1.430612719999999838e+00	-1.010623903177004790e+00
3.436859214803701157e+00	3.816228803955255877e+00	1.624869920000000079e+00	-1.859099747856782781e+00
3.437859464866217074e+00	3.812415125954883521e+00	1.385286039999999996e+00	-1.239059707513868069e+00
3.438859714928732547e+00	3.805813827311856912e+00	1.592493720000000001e+00	-1.761198688855269978e+00
3.439859964991248020e+00	3.799710746951452389e+00	1.255781239999999910e+00	-1.141158648512355045e+00
3.440860215053763937e+00	3.796233553636540581e+00	8.413658800000000104e-01	-8.800891578416540906e-01
3.441860465116279411e+00	3.795684297735707258e+00	2.067923600000000084e-01	-4.232175491679274204e-01
3.442860715178794884e+00	3.797221737942235276e+00	-2.011477600000000088e-01	2.620898638426626404e-01
3.443860965241310801e+00	3.799929510268678090e+00	-4.407316399999999801e-01	3.926246091780131731e-01
3.444861215303826274e+00	3.804218327502859598e+00	-7.774441199999999608e-01	9.147635905194151373e-01
3.445861465366341747e+00	3.810266190621656168e+00	-8.551469999999999905e-01	6.536940998487140719e-01
3.446861715428857664e+00	3.817286419634711159e+00	-9.263746400000000270e-01	1.208466767523953767e+00
3.447861965491373137e+00	3.825127372668207570e+00	-9.846517999999999660e-01	8.821299041855775735e-01
3.448862215553889055e+00	3.833080284297246898e+00	-1.062354679999999885e+00	1.143199394856278639e+00
3.449862465616404528e+00	3.839367938498244648e+00	-9.846517999999999660e-01	9.473972768532528121e-01
3.450862715678920001e+00	3.843175119801852002e+00	-9.328498800000000202e-01	1.045298335854765615e+00
3.451862965741435918e+00	3.844444145635088628e+00	-7.709688800000000786e-01	8.168625315179022239e-01
3.452863215803951391e+00	3.843756941659728366e+00	-6.090878800000000259e-01	7.189614725163894215e-01
3.453863465866466864e+00	3.842400463907355235e+00	-3.565535200000000127e-01	4.905256681795260310e-01
3.454863715928982781e+00	3.840207440166302000e+00	-7.164296000000000553e-02	2.620898638426626404e-01
3.455863965991498254e+00	3.836204660258995869e+00	2.326933200000000090e-01	1.020373171961676869e-03
3.456864216054013728e+00	3.830813831793665081e+00	4.981781600000000365e-01	-2.274154311649017046e-01
3.457864466116529645e+00	3.825241838084686652e+00	7.960392000000000579e-01	-7.821880988401412882e-01
3.458864716179045118e+00	3.820471127413830992e+00	1.067999279999999995e+00	-1.108524962178517592e+00
3.459864966241560591e+00	3.816924453511378434e+00	1.631345159999999739e+00	-1.467495511850731349e+00
3.460865216304076508e+00	3.814976262517435490e+00	1.430612719999999838e+00	-1.239059707513868069e+00
3.461865466366591981e+00	3.814228570455419742e+00	1.618394679999999752e+00	-1.859099747856782781e+00
3.462865716429107454e+00	3.812288607632792203e+00	1.378810799999999892e+00	-1.336960766515380872e+00
3.463865966491623372e+00	3.807776102459291323e+00	1.598968959999999884e+00	-1.532762884518406477e+00
3.464866216554138845e+00	3.802127895501993038e+00	1.242830760000000145e+00	-9.779902168431670040e-01
3.465866466616654318e+00	3.797332756840076318e+00	8.607915999999999901e-01	-8.800891578416540906e-01
3.466866716679170235e+00	3.794689611632473536e+00	1.873666400000000010e-01	-3.253164901664145625e-01
3.467866966741685708e+00	3.794518731582670945e+00	-2.140982399999999952e-01	2.294561775088249655e-01
3.468867216804201625e+00	3.796789634898576349e+00	-4.601573600000000153e-01	-1.295143721633888190e-01
3.469867466866717098e+00	3.801773698429441239e+00	-7.709688800000000786e-01	8.494962178517398987e-01
3.470867716929232571e+00	3.809191243198748911e+00	-8.680974800000000879e-01	5.557930408472013806e-01
3.471867966991748489e+00	3.817930091837384854e+00	-9.263746400000000270e-01	1.339001512859304244e+00
3.472868217054263962e+00	3.826353378277055128e+00	-9.781765600000000838e-01	9.800309631870904870e-01
3.473868467116779435e+00	3.833335591014368049e+00	-1.094730879999999962e+00	1.208466767523953767e+00
3.474868717179295352e+00	3.838941340277156389e+00	-9.976022799999999524e-01	1.208466767523953767e+00
3.475868967241810825e+00	3.842672318156194589e+00	-9.393251199999999024e-01	8.821299041855775735e-01
3.476869217304326298e+00	3.843268663063161394e+00	-7.644936400000000853e-01	7.515951588502269853e-01
3.477869467366842215e+00	3.841500312237331460e+00	-6.026126399999999217e-01	5.231593545133637058e-01
3.478869717429357689e+00	3.839843692401569974e+00	-3.630287599999999504e-01	4.578919818456884672e-01
3.479869967491873162e+00	3.838359265178813651e+00	-6.516772000000001230e-02	2.947235501765002597e-01
3.480870217554389079e+00	3.835157307838361618e+00	2.326933200000000090e-01	-6.424699949571360813e-02
3.481870467616904552e+00	3.830777824263077669e+00	5.046534000000000297e-01	-2.274154311649017046e-01
3.482870717679420025e+00	3.826555525245448841e+00	8.219401600000000307e-01	-5.537522945032778976e-01
3.483870967741935942e+00	3.821698992154980878e+00	1.055048800000000009e+00	-1.141158648512355045e+00
3.484871217804451415e+00	3.816780526406400753e+00	1.637820399999999843e+00	-1.336960766515380872e+00
3.485871467866966888e+00	3.814335925040084785e+00	1.424137479999999734e+00	-1.141158648512355045e+00
3.486871717929482806e+00	3.813778445924526306e+00	1.611919440000000092e+00	-1.924367120524458352e+00
3.487871967991998279e+00	3.811557346036266836e+00	1.372335560000000010e+00	-1.239059707513868069e+00
3.488872218054514196e+00	3.806438999600278983e+00	1.592493720000000001e+00	-1.695931316187594851e+00
3.489872468117029669e+00	3.800464959119533415e+00	1.275206959999999778e+00	-1.043257589510842243e+00
3.490872718179545142e+00	3.795769233366603768e+00	8.413658800000000104e-01	-8.474554715078166378e-01
3.491872968242061059e+00	3.793689515505577425e+00	2.003171200000000152e-01	-3.579501765002521818e-01
3.492873218304576532e+00	3.795200710124081667e+00	-2.140982399999999952e-01	3.273572365103378790e-01
3.493873468367092006e+00	3.799435015463192844e+00	-4.472068799999999733e-01	2.620898638426626404e-01
3.494873718429607923e+00	3.804263483233669696e+00	-7.774441199999999608e-01	9.147635905194151373e-01
3.495873968492123396e+00	3.809373453675608978e+00	-8.810479599999999634e-01	6.536940998487140719e-01
3.496874218554638869e+00	3.815691091348521802e+00	-9.198994000000000337e-01	1.110565708522440964e+00
3.497874468617154786e+00	3.823451090281148268e+00	-9.846517999999999660e-01	7.842288451840646601e-01
3.498874718679670259e+00	3.832570833125136023e+00	-1.068829919999999989e+00	1.175833081190116092e+00
3.499874968742185732e+00	3.841118460038077220e+00	-9.846517999999999660e-01	1.110565708522440964e+00
3.500875218804701650e+00	3.845318088831098269e+00	-9.328498800000000202e-01	1.110565708522440964e+00
3.501875468867217123e+00	3.844817208511722484e+00	-7.644936400000000853e-01	8.821299041855775735e-01
3.502875718929732596e+00	3.843117554674541303e+00	-6.155631200000000192e-01	6.536940998487140719e-01
3.503875968992248513e+00	3.841756986827201903e+00	-3.630287599999999504e-01	4.252582955118507924e-01
3.504876219054763986e+00	3.839391726758567547e+00	-7.164296000000000553e-02	1.315551185073121632e-01
3.505876469117279903e+00	3.835510682713933583e+00	2.262180799999999881e-01	1.020373171961676869e-03
3.506876719179795376e+00	3.831329366646038626e+00	4.981781600000000365e-01	-2.926828038325769432e-01
3.507876969242310849e+00	3.827540114145604466e+00	7.960392000000000579e-01	-4.884849218356027145e-01
3.508877219304826767e+00	3.823211764286547965e+00	1.061524040000000113e+00	-1.173792334846192720e+00
3.509877469367342240e+00	3.818046816998724058e+00	1.624869920000000079e+00	-1.336960766515380872e+00
3.510877719429857713e+00	3.813907659596288635e+00	1.417662239999999851e+00	-1.075891275844679917e+00
3.511877969492373630e+00	3.811886956909388058e+00	1.598968959999999884e+00	-1.957000806858295805e+00
3.512878219554889103e+00	3.810105100277865198e+00	1.365860319999999906e+00	-1.304327080181543197e+00
3.513878469617404576e+00	3.806485377940341142e+00	1.573067999999999911e+00	-1.924367120524458352e+00
3.514878719679920493e+00	3.801243144815032782e+00	1.255781239999999910e+00	-1.010623903177004790e+00
3.515878969742435967e+00	3.796546096911496360e+00	8.348906400000000172e-01	-1.010623903177004790e+00
3.516879219804951440e+00	3.794654424240332169e+00	2.003171200000000152e-01	-3.161331316187596802e-02
3.517879469867467357e+00	3.795511283093885080e+00	-2.270487200000000094e-01	5.231593545133637058e-01
3.518879719929982830e+00	3.797885509938383031e+00	-4.536821200000000776e-01	3.599909228441755538e-01
3.519879969992498303e+00	3.801623181869957957e+00	-7.839193599999999540e-01	8.494962178517398987e-01
3.520880220055014220e+00	3.807669312931271310e+00	-8.745727199999999701e-01	4.905256681795260310e-01
3.521880470117529693e+00	3.817004284253205260e+00	-9.263746400000000270e-01	9.800309631870904870e-01
3.522880720180045167e+00	3.827698241403155066e+00	-9.781765600000000838e-01	8.821299041855775735e-01
3.523880970242561084e+00	3.835695531359451405e+00	-1.081780399999999975e+00	1.045298335854765615e+00
3.524881220305076557e+00	3.839921290656867381e+00	-9.911270399999999592e-01	1.273734140191629116e+00
3.525881470367592474e+00	3.841983815117924195e+00	-9.263746400000000270e-01	1.143199394856278639e+00
3.526881720430107947e+00	3.842734941097757151e+00	-7.774441199999999608e-01	8.494962178517398987e-01
3.527881970492623420e+00	3.842435034692001317e+00	-6.155631200000000192e-01	8.494962178517398987e-01
3.528882220555139337e+00	3.841229718384416625e+00	-3.695039999999999436e-01	3.599909228441755538e-01
3.529882470617654810e+00	3.838457566068284255e+00	-7.164296000000000553e-02	1.968224911749873740e-01
3.530882720680170284e+00	3.834065717345647162e+00	2.262180799999999881e-01	-1.295143721633888190e-01
3.531882970742686201e+00	3.830089651901446235e+00	4.981781600000000365e-01	-3.905838628340898566e-01
3.532883220805201674e+00	3.827537265069538730e+00	7.895639599999999536e-01	-5.537522945032778976e-01
3.533883470867717147e+00	3.824057014575551250e+00	1.074474520000000100e+00	-1.010623903177004790e+00
3.534883720930233064e+00	3.818672521393537966e+00	1.611919440000000092e+00	-1.434861825516893896e+00
3.535883970992748537e+00	3.814257649756208401e+00	1.417662239999999851e+00	-7.821880988401412882e-01
3.536884221055264010e+00	3.812317356765916099e+00	1.586018479999999897e+00	-1.957000806858295805e+00
3.537884471117779928e+00	3.810505330748824804e+00	1.365860319999999906e+00	-1.075891275844679917e+00
3.538884721180295401e+00	3.806622696125839145e+00	1.573067999999999911e+00	-1.891733434190620455e+00
3.539884971242810874e+00	3.801837193548836424e+00	1.229880280000000159e+00	-1.141158648512355045e+00
3.540885221305326791e+00	3.798637209661463121e+00	8.348906400000000172e-01	-8.800891578416540906e-01
3.541885471367842264e+00	3.797380744805510133e+00	1.938418799999999942e-01	-3.579501765002521818e-01
3.542885721430358181e+00	3.797045330716374956e+00	-2.270487200000000094e-01	5.557930408472013806e-01
3.543885971492873654e+00	3.797660646410920382e+00	-4.795830800000000504e-01	2.947235501765002597e-01
3.544886221555389128e+00	3.800364048543494633e+00	-7.839193599999999540e-01	8.494962178517398987e-01
3.545886471617905045e+00	3.806292173530874567e+00	-8.810479599999999634e-01	6.863277861825517467e-01
3.546886721680420518e+00	3.815497837720663199e+00	-9.263746400000000270e-01	1.208466767523953767e+00
3.547886971742935991e+00	3.826149676174562586e+00	-9.976022799999999524e-01	8.168625315179022239e-01
3.548887221805451908e+00	3.835120723292857914e+00	-1.081780399999999975e+00	1.110565708522440964e+00
3.549887471867967381e+00	3.840553556270378532e+00	-9.911270399999999592e-01	1.012664649520927940e+00
3.550887721930482854e+00	3.843593688330548819e+00	-9.393251199999999024e-01	1.077932022188603289e+00
3.551887971992998771e+00	3.845508045224502514e+00	-7.774441199999999608e-01	7.842288451840646601e-01
3.552888222055514245e+00	3.845059579501027169e+00	-6.026126399999999217e-01	7.842288451840646601e-01
3.553888472118029718e+00	3.841522292037703235e+00	-3.759792400000000478e-01	3.926246091780131731e-01
3.554888722180545635e+00	3.836991177169033040e+00	-7.164296000000000553e-02	2.294561775088249655e-01
3.555888972243061108e+00	3.833718948448533226e+00	2.197428399999999948e-01	-6.424699949571360813e-02
3.556889222305576581e+00	3.831245307908709208e+00	5.111286400000001340e-01	-2.926828038325769432e-01
3.557889472368092498e+00	3.827652593939192993e+00	8.025144400000000511e-01	-7.169207261724660496e-01
3.558889722430607971e+00	3.822771244580575711e+00	1.061524040000000113e+00	-9.127228441754917654e-01
3.559889972493123445e+00	3.818327317072724103e+00	1.605444199999999988e+00	-1.402228139183055999e+00
3.560890222555639362e+00	3.815798481139582421e+00	1.411186999999999969e+00	-7.821880988401412882e-01
3.561890472618154835e+00	3.814273253821149456e+00	1.592493720000000001e+00	-1.891733434190620455e+00
3.562890722680670752e+00	3.810909666742259283e+00	1.365860319999999906e+00	-1.075891275844679917e+00
3.563890972743186225e+00	3.805268783273696442e+00	1.560117519999999924e+00	-1.891733434190620455e+00
3.564891222805701698e+00	3.800379412494467868e+00	1.262256480000000014e+00	-1.141158648512355045e+00
3.565891472868217615e+00	3.798113946280129216e+00	8.284154000000000240e-01	-9.127228441754917654e-01
3.566891722930733089e+00	3.797359540839587044e+00	1.873666400000000010e-01	-6.516533535047908110e-01
3.567891972993248562e+00	3.797357046707171779e+00	-2.335239600000000026e-01	5.884267271810389444e-01
3.568892223055764479e+00	3.799245651260825252e+00	-4.601573600000000153e-01	1.968224911749873740e-01
3.569892473118279952e+00	3.804035148559267387e+00	-7.774441199999999608e-01	1.143199394856278639e+00
3.570892723180795425e+00	3.811021390705156442e+00	-8.875231999999999566e-01	6.536940998487140719e-01
3.571892973243311342e+00	3.818250184531328362e+00	-9.134241599999999295e-01	1.273734140191629116e+00
3.572893223305826815e+00	3.824625452894542921e+00	-9.846517999999999660e-01	7.189614725163894215e-01
3.573893473368342288e+00	3.830826295580619156e+00	-1.075305160000000093e+00	1.045298335854765615e+00
3.574893723430858206e+00	3.837442479907384740e+00	-1.004077520000000057e+00	7.842288451840646601e-01
3.575893973493373679e+00	3.843189955756953768e+00	-9.328498800000000202e-01	1.077932022188603289e+00
3.576894223555889152e+00	3.845626196365605320e+00	-7.839193599999999540e-01	7.842288451840646601e-01
3.577894473618405069e+00	3.844249203786002766e+00	-6.155631200000000192e-01	8.168625315179022239e-01
3.578894723680920542e+00	3.841415395264469623e+00	-3.630287599999999504e-01	5.231593545133637058e-01
3.579894973743436015e+00	3.838911742313295239e+00	-7.164296000000000553e-02	2.294561775088249655e-01
3.580895223805951932e+00	3.835914888806569945e+00	2.067923600000000084e-01	-3.161331316187596802e-02
3.581895473868467406e+00	3.831404913346467378e+00	4.917029200000000433e-01	-3.905838628340898566e-01
3.582895723930983323e+00	3.826292824582385066e+00	7.960392000000000579e-01	-7.169207261724660496e-01
3.583895973993498796e+00	3.821565757669505459e+00	1.048573559999999905e+00	-1.173792334846192720e+00
3.584896224056014269e+00	3.817599149416574633e+00	1.611919440000000092e+00	-1.369594452849218325e+00
3.585896474118530186e+00	3.815344598299413637e+00	1.391761279999999878e+00	-8.800891578416540906e-01
3.586896724181045659e+00	3.814147541105762151e+00	1.592493720000000001e+00	-1.761198688855269978e+00
3.587896974243561132e+00	3.811493028974857644e+00	1.359385079999999801e+00	-1.075891275844679917e+00
3.588897224306077050e+00	3.806751227222170186e+00	1.560117519999999924e+00	-1.565396570852244151e+00
3.589897474368592523e+00	3.801514899088397570e+00	1.223405040000000055e+00	-1.173792334846192720e+00
3.590897724431107996e+00	3.796872194173500414e+00	8.154649200000001485e-01	-8.800891578416540906e-01
3.591897974493623913e+00	3.793308680762892848e+00	1.873666400000000010e-01	-5.211186081694403338e-01
3.592898224556139386e+00	3.792452494810163444e+00	-2.399992000000000236e-01	1.968224911749873740e-01
3.593898474618654859e+00	3.795651951371221244e+00	-4.536821200000000776e-01	2.294561775088249655e-01
3.594898724681170776e+00	3.802086350283011562e+00	-7.903945999999999472e-01	8.821299041855775735e-01
3.595898974743686249e+00	3.809871076363634312e+00	-8.875231999999999566e-01	6.536940998487140719e-01
3.596899224806201723e+00	3.817284062058605265e+00	-9.393251199999999024e-01	1.241100453857791219e+00
3.597899474868717640e+00	3.824248418244971859e+00	-9.911270399999999592e-01	7.842288451840646601e-01
3.598899724931233113e+00	3.831880985254254579e+00	-1.094730879999999962e+00	1.175833081190116092e+00
3.599899974993749030e+00	3.839182291286589166e+00	-9.781765600000000838e-01	9.147635905194151373e-01
3.600900225056264503e+00	3.843682428196954604e+00	-9.393251199999999024e-01	9.800309631870904870e-01
3.601900475118779976e+00	3.844764272468518485e+00	-7.644936400000000853e-01	8.168625315179022239e-01
3.602900725181295893e+00	3.843585101191842046e+00	-6.155631200000000192e-01	6.536940998487140719e-01
3.603900975243811367e+00	3.841501705548301615e+00	-3.695039999999999436e-01	5.231593545133637058e-01
3.604901225306326840e+00	3.839058463718779013e+00	-7.811819999999999875e-02	1.641888048411497825e-01
3.605901475368842757e+00	3.835422595570794790e+00	2.262180799999999881e-01	3.365405950579927752e-02
3.606901725431358230e+00	3.830352332077860744e+00	4.787524399999999458e-01	-2.600491174987393794e-01
3.607901975493873703e+00	3.825814851993725174e+00	8.025144400000000511e-01	-6.516533535047908110e-01
3.608902225556389620e+00	3.822716391296444360e+00	1.055048800000000009e+00	-1.108524962178517592e+00
3.609902475618905093e+00	3.819286567324570392e+00	1.579543240000000015e+00	-1.369594452849218325e+00
3.610902725681420566e+00	3.815347865815480688e+00	1.404711760000000087e+00	-1.075891275844679917e+00
3.611902975743936484e+00	3.812864560545150550e+00	1.586018479999999897e+00	-1.793832375189107875e+00
3.612903225806451957e+00	3.811159145681385585e+00	1.359385079999999801e+00	-1.173792334846192720e+00
3.613903475868967430e+00	3.807743560098619362e+00	1.560117519999999924e+00	-1.500129198184569024e+00
3.614903725931483347e+00	3.802678575903287950e+00	1.203979319999999964e+00	-1.108524962178517592e+00
3.615903975993998820e+00	3.797219310054639418e+00	8.348906400000000172e-01	-7.821880988401412882e-01
3.616904226056514293e+00	3.792514991176113348e+00	1.808914000000000077e-01	-5.863859808371156834e-01
3.617904476119030210e+00	3.791886532936490362e+00	-2.399992000000000236e-01	2.294561775088249655e-01
3.618904726181545684e+00	3.797577701217266455e+00	-4.666325999999999530e-01	1.968224911749873740e-01
3.619904976244061601e+00	3.805971361073786863e+00	-7.709688800000000786e-01	8.168625315179022239e-01
3.620905226306577074e+00	3.812491953752069840e+00	-8.745727199999999701e-01	8.494962178517398987e-01
3.621905476369092547e+00	3.817957911223985423e+00	-9.328498800000000202e-01	1.143199394856278639e+00
3.622905726431608464e+00	3.824997223525452572e+00	-9.976022799999999524e-01	1.077932022188603289e+00
3.623905976494123937e+00	3.832316433769900499e+00	-1.107681359999999948e+00	1.208466767523953767e+00
3.624906226556639410e+00	3.837086714794493592e+00	-1.004077520000000057e+00	1.012664649520927940e+00
3.625906476619155328e+00	3.839559532507825335e+00	-9.393251199999999024e-01	9.800309631870904870e-01
3.626906726681670801e+00	3.841534528402952287e+00	-7.774441199999999608e-01	7.515951588502269853e-01
3.627906976744186274e+00	3.842796363914874558e+00	-6.155631200000000192e-01	5.231593545133637058e-01
3.628907226806702191e+00	3.842066860687048724e+00	-3.695039999999999436e-01	3.599909228441755538e-01
3.629907476869217664e+00	3.839550228771014151e+00	-8.459344000000000585e-02	2.294561775088249655e-01
3.630907726931733137e+00	3.836097764233751040e+00	2.197428399999999948e-01	9.892143217347457163e-02
3.631907976994249054e+00	3.831535900760897118e+00	4.981781600000000365e-01	-2.274154311649017046e-01
3.632908227056764527e+00	3.826216817456463026e+00	8.025144400000000511e-01	-6.842870398386284858e-01
3.633908477119280001e+00	3.821814057584950852e+00	1.042098320000000022e+00	-9.127228441754917654e-01
3.634908727181795918e+00	3.818708672174799812e+00	1.592493720000000001e+00	-1.467495511850731349e+00
3.635908977244311391e+00	3.816232877681920321e+00	1.391761279999999878e+00	-1.075891275844679917e+00
3.636909227306827308e+00	3.814257255121295653e+00	1.579543240000000015e+00	-1.891733434190620455e+00
3.637909477369342781e+00	3.811769540773465526e+00	1.359385079999999801e+00	-1.141158648512355045e+00
3.638909727431858254e+00	3.807492486660355002e+00	1.553642280000000042e+00	-1.663297629853757176e+00
3.639909977494374171e+00	3.802312970633725975e+00	1.242830760000000145e+00	-1.010623903177004790e+00
3.640910227556889645e+00	3.798169411537952733e+00	8.154649200000001485e-01	-8.800891578416540906e-01
3.641910477619405118e+00	3.795770938561147112e+00	1.938418799999999942e-01	-2.274154311649017046e-01
3.642910727681921035e+00	3.795636907203443045e+00	-2.464744400000000168e-01	3.273572365103378790e-01
3.643910977744436508e+00	3.798480152493506790e+00	-4.795830800000000504e-01	3.273572365103378790e-01
3.644911227806951981e+00	3.803427899735505324e+00	-7.774441199999999608e-01	6.863277861825517467e-01
3.645911477869467898e+00	3.809675786718675905e+00	-8.875231999999999566e-01	6.210604135148766192e-01
3.646911727931983371e+00	3.817759328968543642e+00	-9.328498800000000202e-01	1.110565708522440964e+00
3.647911977994498844e+00	3.826773732141783846e+00	-1.004077520000000057e+00	8.494962178517398987e-01
3.648912228057014762e+00	3.834378677781087319e+00	-1.081780399999999975e+00	1.208466767523953767e+00
3.649912478119530235e+00	3.839280095288333694e+00	-9.976022799999999524e-01	1.012664649520927940e+00
3.650912728182045708e+00	3.841602693003936864e+00	-9.393251199999999024e-01	1.045298335854765615e+00
3.651912978244561625e+00	3.842488489991105816e+00	-7.774441199999999608e-01	7.515951588502269853e-01
3.652913228307077098e+00	3.842693199234806567e+00	-6.155631200000000192e-01	6.536940998487140719e-01
3.653913478369592571e+00	3.841676909533117357e+00	-3.824544800000000411e-01	2.947235501765002597e-01
3.654913728432108488e+00	3.838962411785177054e+00	-8.459344000000000585e-02	2.947235501765002597e-01
3.655913978494623962e+00	3.834974443279574707e+00	2.132676000000000016e-01	-6.424699949571360813e-02
3.656914228557139879e+00	3.830984190206636164e+00	4.917029200000000433e-01	-2.926828038325769432e-01
3.657914478619655352e+00	3.827492206326361224e+00	7.830887200000000714e-01	-7.169207261724660496e-01
3.658914728682170825e+00	3.823203071606743997e+00	1.042098320000000022e+00	-1.075891275844679917e+00
3.659914978744686742e+00	3.818034147918673238e+00	1.579543240000000015e+00	-1.336960766515380872e+00
3.660915228807202215e+00	3.814304992114517123e+00	1.398236519999999983e+00	-9.779902168431670040e-01
3.661915478869717688e+00	3.812847234638806260e+00	1.579543240000000015e+00	-1.891733434190620455e+00
3.662915728932233606e+00	3.811075219567780170e+00	1.346434599999999815e+00	-1.108524962178517592e+00
3.663915978994749079e+00	3.806590868652976578e+00	1.547167039999999716e+00	-1.761198688855269978e+00
3.664916229057264552e+00	3.800879584566407843e+00	1.255781239999999910e+00	-9.779902168431670040e-01
3.665916479119780469e+00	3.797461941195879209e+00	8.154649200000001485e-01	-8.800891578416540906e-01
3.666916729182295942e+00	3.796702021872037314e+00	1.744161599999999868e-01	-3.161331316187596802e-02
3.667916979244811415e+00	3.796601570113914637e+00	-2.464744400000000168e-01	1.315551185073121632e-01
3.668917229307327332e+00	3.797672460414962092e+00	-4.601573600000000153e-01	3.273572365103378790e-01
3.669917479369842805e+00	3.801692814334225901e+00	-7.968698400000000515e-01	7.189614725163894215e-01
3.670917729432358279e+00	3.808572723299830098e+00	-8.680974800000000879e-01	4.252582955118507924e-01
3.671917979494874196e+00	3.817168913307302791e+00	-9.458003599999998956e-01	1.208466767523953767e+00
3.672918229557389669e+00	3.826672605864567256e+00	-1.004077520000000057e+00	6.863277861825517467e-01
3.673918479619905142e+00	3.835474480000463871e+00	-1.088255640000000080e+00	1.371635199193141919e+00
3.674918729682421059e+00	3.840989916370479040e+00	-9.976022799999999524e-01	1.143199394856278639e+00
3.675918979744936532e+00	3.843145494217751867e+00	-9.328498800000000202e-01	1.273734140191629116e+00
3.676919229807452449e+00	3.844039665793633542e+00	-7.903945999999999472e-01	8.821299041855775735e-01
3.677919479869967923e+00	3.844049565750717434e+00	-6.155631200000000192e-01	6.536940998487140719e-01
3.678919729932483396e+00	3.842369009653979983e+00	-3.759792400000000478e-01	3.273572365103378790e-01
3.679919979994999313e+00	3.839317676634335985e+00	-9.106868000000001295e-02	1.315551185073121632e-01
3.680920230057514786e+00	3.835961510190831980e+00	2.003171200000000152e-01	-2.600491174987393794e-01
3.681920480120030259e+00	3.832514367174991055e+00	4.852276800000000501e-01	-9.688068582955121355e-02
3.682920730182546176e+00	3.828404903606786203e+00	7.895639599999999536e-01	-6.190196671709531362e-01
3.683920980245061649e+00	3.823703010105896638e+00	1.035623080000000140e+00	-7.821880988401412882e-01
3.684921230307577122e+00	3.819098096193697778e+00	1.573067999999999911e+00	-1.336960766515380872e+00
3.685921480370093040e+00	3.815629672160335328e+00	1.385286039999999996e+00	-9.453565305093293292e-01
3.686921730432608513e+00	3.813914402006932658e+00	1.566592759999999807e+00	-1.761198688855269978e+00
3.687921980495123986e+00	3.811827110522286510e+00	1.339959359999999933e+00	-1.336960766515380872e+00
3.688922230557639903e+00	3.806651115038027111e+00	1.540691800000000056e+00	-1.761198688855269978e+00
3.689922480620155376e+00	3.800061691372770500e+00	1.203979319999999964e+00	-1.043257589510842243e+00
3.690922730682670849e+00	3.796033295517450057e+00	8.348906400000000172e-01	-8.474554715078166378e-01
3.691922980745186766e+00	3.795003002070265197e+00	1.549904400000000071e-01	-1.947817448310640853e-01
3.692923230807702240e+00	3.795076932640994105e+00	-2.205734800000000162e-01	5.557930408472013806e-01
3.693923480870218157e+00	3.796975496401053363e+00	-4.795830800000000504e-01	2.294561775088249655e-01
3.694923730932733630e+00	3.802233019691735105e+00	-7.968698400000000515e-01	1.012664649520927940e+00
3.695923980995249103e+00	3.809435394605837466e+00	-8.875231999999999566e-01	5.557930408472013806e-01
3.696924231057765020e+00	3.817125029494911281e+00	-9.393251199999999024e-01	1.175833081190116092e+00
3.697924481120280493e+00	3.825538963761918598e+00	-9.976022799999999524e-01	7.842288451840646601e-01
3.698924731182795966e+00	3.833524866657562757e+00	-1.088255640000000080e+00	1.143199394856278639e+00
3.699924981245311884e+00	3.839401898811536817e+00	-9.911270399999999592e-01	1.045298335854765615e+00
3.700925231307827357e+00	3.843178082069368173e+00	-9.393251199999999024e-01	1.175833081190116092e+00
3.701925481370342830e+00	3.844665148091495954e+00	-7.709688800000000786e-01	8.821299041855775735e-01
3.702925731432858747e+00	3.843294585694311039e+00	-6.285136000000000056e-01	6.863277861825517467e-01
3.703925981495374220e+00	3.840204133425749511e+00	-3.759792400000000478e-01	5.231593545133637058e-01
3.704926231557889693e+00	3.837124125682198628e+00	-9.106868000000001295e-02	1.968224911749873740e-01
3.705926481620405610e+00	3.834107242954560846e+00	2.003171200000000152e-01	-9.688068582955121355e-02
3.706926731682921083e+00	3.830539899776692181e+00	4.722772000000000081e-01	-3.253164901664145625e-01
3.707926981745436557e+00	3.826640985514981885e+00	7.895639599999999536e-01	-6.190196671709531362e-01
3.708927231807952474e+00	3.822688967710164754e+00	1.035623080000000140e+00	-1.010623903177004790e+00
3.709927481870467947e+00	3.818990540532743783e+00	1.579543240000000015e+00	-1.336960766515380872e+00
3.710927731932983420e+00	3.816161195064191158e+00	1.385286039999999996e+00	-8.800891578416540906e-01
3.711927981995499337e+00	3.813814587774847720e+00	1.566592759999999807e+00	-1.859099747856782781e+00
3.712928232058014810e+00	3.810488370924755230e+00	1.339959359999999933e+00	-1.206426021180030395e+00
3.713928482120530727e+00	3.805684845231748881e+00	1.540691800000000056e+00	-1.598030257186082048e+00
3.714928732183046201e+00	3.800871762615143812e+00	1.223405040000000055e+00	-1.173792334846192720e+00
3.715928982245561674e+00	3.797748951437854625e+00	7.960392000000000579e-01	-7.821880988401412882e-01
3.716929232308077591e+00	3.796499446792776844e+00	1.614656800000000003e-01	-4.884849218356027145e-01
3.717929482370593064e+00	3.796621887513156768e+00	-2.399992000000000236e-01	2.620898638426626404e-01
3.718929732433108537e+00	3.798059377411918902e+00	-4.860583200000000437e-01	3.273572365103378790e-01
3.719929982495624454e+00	3.801283899696795920e+00	-7.774441199999999608e-01	1.012664649520927940e+00
3.720930232558139927e+00	3.807290151827225522e+00	-8.875231999999999566e-01	6.536940998487140719e-01
3.721930482620655400e+00	3.816256662013166601e+00	-9.263746400000000270e-01	1.241100453857791219e+00
3.722930732683171318e+00	3.826453918834416434e+00	-9.976022799999999524e-01	6.863277861825517467e-01
3.723930982745686791e+00	3.835502414393626047e+00	-1.101206119999999844e+00	9.473972768532528121e-01
3.724931232808202264e+00	3.841911899164253352e+00	-1.010552759999999939e+00	1.077932022188603289e+00
3.725931482870718181e+00	3.845562850012650191e+00	-9.393251199999999024e-01	8.494962178517398987e-01
3.726931732933233654e+00	3.846253654929969290e+00	-7.839193599999999540e-01	1.110565708522440964e+00
3.727931982995749127e+00	3.843735538895959092e+00	-6.155631200000000192e-01	7.515951588502269853e-01
3.728932233058265044e+00	3.839872068060375732e+00	-3.889297199999999788e-01	4.905256681795260310e-01
3.729932483120780518e+00	3.836275415678379375e+00	-8.459344000000000585e-02	2.947235501765002597e-01
3.730932733183296435e+00	3.832838417448591439e+00	1.873666400000000010e-01	-1.295143721633888190e-01
3.731932983245811908e+00	3.830173074018739854e+00	4.787524399999999458e-01	-3.905838628340898566e-01
3.732933233308327381e+00	3.827895160477214453e+00	7.701382400000000850e-01	-7.169207261724660496e-01
3.733933483370843298e+00	3.824065921401960555e+00	1.029147840000000036e+00	-1.239059707513868069e+00
3.734933733433358771e+00	3.819425159704276762e+00	1.586018479999999897e+00	-1.173792334846192720e+00
3.735933983495874244e+00	3.816629852970074399e+00	1.378810799999999892e+00	-8.800891578416540906e-01
3.736934233558390162e+00	3.814970830362644172e+00	1.547167039999999716e+00	-1.859099747856782781e+00
3.737934483620905635e+00	3.811317602376880220e+00	1.333484120000000051e+00	-9.453565305093293292e-01
3.738934733683421108e+00	3.805839969402263101e+00	1.534216559999999951e+00	-1.826466061522945328e+00
3.739934983745937025e+00	3.801282204005598686e+00	1.242830760000000145e+00	-1.010623903177004790e+00
3.740935233808452498e+00	3.798171030116580305e+00	8.025144400000000511e-01	-9.779902168431670040e-01
3.741935483870967971e+00	3.795716633287531838e+00	1.679409199999999935e-01	-4.558512355017650397e-01
3.742935733933483888e+00	3.794770646700159400e+00	-2.529496800000000101e-01	3.926246091780131731e-01
3.743935983995999361e+00	3.796491329043846452e+00	-4.795830800000000504e-01	2.947235501765002597e-01
3.744936234058514835e+00	3.801096645307749267e+00	-7.903945999999999472e-01	9.473972768532528121e-01
3.745936484121030752e+00	3.808281345812333907e+00	-8.875231999999999566e-01	7.842288451840646601e-01
3.746936734183546225e+00	3.816722362870832885e+00	-9.458003599999998956e-01	1.077932022188603289e+00
3.747936984246061698e+00	3.825420225011319175e+00	-9.976022799999999524e-01	1.012664649520927940e+00
3.748937234308577615e+00	3.833731819066539703e+00	-1.094730879999999962e+00	9.800309631870904870e-01
3.749937484371093088e+00	3.839595669248893284e+00	-9.976022799999999524e-01	1.045298335854765615e+00
3.750937734433609005e+00	3.842339034239582674e+00	-9.263746400000000270e-01	9.800309631870904870e-01
3.751937984496124479e+00	3.843621264217955247e+00	-7.839193599999999540e-01	8.821299041855775735e-01
3.752938234558639952e+00	3.843940143114699115e+00	-6.220383600000000124e-01	6.536940998487140719e-01
3.753938484621155869e+00	3.842928244510159352e+00	-3.889297199999999788e-01	3.273572365103378790e-01
3.754938734683671342e+00	3.840780672428617315e+00	-9.106868000000001295e-02	2.620898638426626404e-01
3.755938984746186815e+00	3.837206279778779816e+00	1.938418799999999942e-01	9.892143217347457163e-02
3.756939234808702732e+00	3.832209369344023120e+00	4.658019600000000704e-01	-3.253164901664145625e-01
3.757939484871218205e+00	3.827067894661874359e+00	7.701382400000000850e-01	-6.190196671709531362e-01
3.758939734933733678e+00	3.822397290437679285e+00	1.029147840000000036e+00	-9.779902168431670040e-01
3.759939984996249596e+00	3.818348181406389763e+00	1.560117519999999924e+00	-1.271693393847705744e+00
3.760940235058765069e+00	3.816241789131777917e+00	1.372335560000000010e+00	-9.127228441754917654e-01
3.761940485121280542e+00	3.815569122526344170e+00	1.547167039999999716e+00	-1.826466061522945328e+00
3.762940735183796459e+00	3.812805550081332484e+00	1.333484120000000051e+00	-1.108524962178517592e+00
3.763940985246311932e+00	3.806672616437434264e+00	1.521266079999999965e+00	-1.695931316187594851e+00
3.764941235308827405e+00	3.800269780486015936e+00	1.191028839999999978e+00	-1.075891275844679917e+00
3.765941485371343322e+00	3.796758632891206631e+00	8.089896800000000443e-01	-8.148217851739789630e-01
3.766941735433858796e+00	3.796121449551226323e+00	1.549904400000000071e-01	-2.926828038325769432e-01
3.767941985496374269e+00	3.796557895008138228e+00	-2.529496800000000101e-01	3.273572365103378790e-01
3.768942235558890186e+00	3.797583921270870189e+00	-4.860583200000000437e-01	3.599909228441755538e-01
3.769942485621405659e+00	3.800985462413816407e+00	-7.903945999999999472e-01	8.168625315179022239e-01
3.770942735683921576e+00	3.808011819625459093e+00	-8.745727199999999701e-01	7.515951588502269853e-01
3.771942985746437049e+00	3.817274922786185964e+00	-9.458003599999998956e-01	1.143199394856278639e+00
3.772943235808952522e+00	3.826781145335409029e+00	-9.976022799999999524e-01	1.012664649520927940e+00
3.773943485871468440e+00	3.834709419617705617e+00	-1.094730879999999962e+00	1.045298335854765615e+00
3.774943735933983913e+00	3.839226872360057108e+00	-1.010552759999999939e+00	1.012664649520927940e+00
3.775943985996499386e+00	3.840939003596454793e+00	-9.393251199999999024e-01	8.821299041855775735e-01
3.776944236059015303e+00	3.841964058937269222e+00	-7.968698400000000515e-01	5.231593545133637058e-01
3.777944486121530776e+00	3.842162816693728278e+00	-6.090878800000000259e-01	7.842288451840646601e-01
3.778944736184046249e+00	3.840694941635062420e+00	-3.889297199999999788e-01	2.620898638426626404e-01
3.779944986246562166e+00	3.838626619289783548e+00	-7.164296000000000553e-02	4.578919818456884672e-01
3.780945236309077639e+00	3.836372549142524235e+00	2.003171200000000152e-01	6.628774583963688294e-02
3.781945486371593113e+00	3.832692972290207667e+00	4.722772000000000081e-01	-1.621480584972264660e-01
3.782945736434109030e+00	3.827612737915548902e+00	7.766134800000000782e-01	-5.863859808371156834e-01
3.783945986496624503e+00	3.822486081329277141e+00	1.029147840000000036e+00	-1.173792334846192720e+00
3.784946236559139976e+00	3.818421918810207760e+00	1.573067999999999911e+00	-1.402228139183055999e+00
3.785946486621655893e+00	3.816061796265875383e+00	1.365860319999999906e+00	-1.010623903177004790e+00
3.786946736684171366e+00	3.814581854849761644e+00	1.547167039999999716e+00	-2.022268179525970933e+00
3.787946986746687283e+00	3.812124005525408865e+00	1.333484120000000051e+00	-9.453565305093293292e-01
3.788947236809202757e+00	3.807504352513890744e+00	1.534216559999999951e+00	-1.598030257186082048e+00
3.789947486871718230e+00	3.801193618967976473e+00	1.191028839999999978e+00	-1.075891275844679917e+00
3.790947736934234147e+00	3.796100905828530436e+00	7.701382400000000850e-01	-7.169207261724660496e-01
3.791947986996749620e+00	3.794605384934867320e+00	1.808914000000000077e-01	-5.211186081694403338e-01
3.792948237059265093e+00	3.795490744158392271e+00	-2.529496800000000101e-01	3.273572365103378790e-01
3.793948487121781010e+00	3.797392916188361056e+00	-4.925335599999999814e-01	9.892143217347457163e-02
3.794948737184296483e+00	3.801355251136010249e+00	-7.839193599999999540e-01	8.168625315179022239e-01
3.795948987246811956e+00	3.808164848447256112e+00	-9.004736800000000541e-01	6.863277861825517467e-01
3.796949237309327874e+00	3.816959696732640683e+00	-9.198994000000000337e-01	1.208466767523953767e+00
3.797949487371843347e+00	3.826053977487135160e+00	-1.017028000000000043e+00	9.473972768532528121e-01
3.798949737434358820e+00	3.833721920927169347e+00	-1.081780399999999975e+00	1.273734140191629116e+00
3.799949987496874737e+00	3.839255073478553992e+00	-9.976022799999999524e-01	9.147635905194151373e-01
3.800950237559390210e+00	3.842997444643869276e+00	-9.393251199999999024e-01	1.143199394856278639e+00
3.801950487621905683e+00	3.845031086364173234e+00	-7.774441199999999608e-01	7.189614725163894215e-01
3.802950737684421600e+00	3.845017711407570538e+00	-6.285136000000000056e-01	7.189614725163894215e-01
3.803950987746937074e+00	3.843173461701892446e+00	-3.695039999999999436e-01	3.926246091780131731e-01
3.804951237809452547e+00	3.840347695706062048e+00	-7.811819999999999875e-02	1.968224911749873740e-01
3.805951487871968464e+00	3.836834220771777382e+00	2.067923600000000084e-01	1.020373171961676869e-03
3.806951737934483937e+00	3.832056950526744554e+00	4.722772000000000081e-01	-2.600491174987393794e-01
3.807951987996999854e+00	3.826545965222552415e+00	7.766134800000000782e-01	-5.537522945032778976e-01
3.808952238059515327e+00	3.822072069204166311e+00	1.022672600000000154e+00	-9.779902168431670040e-01
3.809952488122030800e+00	3.819342750759714633e+00	1.579543240000000015e+00	-1.402228139183055999e+00
3.810952738184546718e+00	3.817509179920265616e+00	1.372335560000000010e+00	-8.148217851739789630e-01
3.811952988247062191e+00	3.815141768424934909e+00	1.547167039999999716e+00	-1.891733434190620455e+00
3.812953238309577664e+00	3.811380914593005542e+00	1.314058399999999960e+00	-1.141158648512355045e+00
3.813953488372093581e+00	3.806569460832819107e+00	1.521266079999999965e+00	-1.663297629853757176e+00
3.814953738434609054e+00	3.801695714618395172e+00	1.216929799999999950e+00	-1.075891275844679917e+00
3.815953988497124527e+00	3.797804920620306390e+00	7.830887200000000714e-01	-8.148217851739789630e-01
3.816954238559640444e+00	3.795681323684241715e+00	1.549904400000000071e-01	-3.579501765002521818e-01
3.817954488622155917e+00	3.795401456817376395e+00	-2.659001599999999965e-01	2.620898638426626404e-01
3.818954738684671391e+00	3.797126031480661634e+00	-4.860583200000000437e-01	2.620898638426626404e-01
3.819954988747187308e+00	3.801859671250070072e+00	-8.033450799999999337e-01	9.800309631870904870e-01
3.820955238809702781e+00	3.809526573373952729e+00	-8.939984399999999498e-01	6.536940998487140719e-01
3.821955488872218254e+00	3.818204240538644711e+00	-9.393251199999999024e-01	1.241100453857791219e+00
3.822955738934734171e+00	3.826514066933357050e+00	-1.004077520000000057e+00	9.147635905194151373e-01
3.823955988997249644e+00	3.834113792275787080e+00	-1.094730879999999962e+00	1.273734140191629116e+00
3.824956239059765561e+00	3.840150944453753379e+00	-9.976022799999999524e-01	1.012664649520927940e+00
3.825956489122281035e+00	3.843583449895513482e+00	-9.393251199999999024e-01	1.241100453857791219e+00
3.826956739184796508e+00	3.844213903645980590e+00	-7.774441199999999608e-01	7.189614725163894215e-01
3.827956989247312425e+00	3.842782519408828978e+00	-6.285136000000000056e-01	5.884267271810389444e-01
3.828957239309827898e+00	3.840489843596889497e+00	-3.954049599999999165e-01	4.252582955118507924e-01
3.829957489372343371e+00	3.838118444709207822e+00	-9.754392000000000618e-02	1.020373171961676869e-03
3.830957739434859288e+00	3.835353292662849967e+00	1.938418799999999942e-01	1.315551185073121632e-01
3.831957989497374761e+00	3.831776895339079392e+00	4.658019600000000704e-01	-4.884849218356027145e-01
3.832958239559890234e+00	3.828078886822676274e+00	7.895639599999999536e-01	-2.926828038325769432e-01
3.833958489622406152e+00	3.824308940467272322e+00	1.016197360000000049e+00	-8.800891578416540906e-01
3.834958739684921625e+00	3.819989703566598394e+00	1.560117519999999924e+00	-1.336960766515380872e+00
3.835958989747437098e+00	3.816076983547470380e+00	1.359385079999999801e+00	-9.127228441754917654e-01
3.836959239809953015e+00	3.813072551702990420e+00	1.534216559999999951e+00	-1.924367120524458352e+00
3.837959489872468488e+00	3.810210022697845034e+00	1.301107919999999973e+00	-1.336960766515380872e+00
3.838959739934983961e+00	3.806628832339425728e+00	1.521266079999999965e+00	-1.630663943519919501e+00
3.839959989997499878e+00	3.801789708063452178e+00	1.191028839999999978e+00	-1.173792334846192720e+00
3.840960240060015352e+00	3.797008842012999263e+00	7.766134800000000782e-01	-7.169207261724660496e-01
3.841960490122530825e+00	3.794615544049314337e+00	1.420399599999999929e-01	-2.600491174987393794e-01
3.842960740185046742e+00	3.795100424375392301e+00	-2.659001599999999965e-01	2.947235501765002597e-01
3.843960990247562215e+00	3.797572227836075065e+00	-4.860583200000000437e-01	3.926246091780131731e-01
3.844961240310078132e+00	3.801952878219664544e+00	-7.903945999999999472e-01	7.842288451840646601e-01
3.845961490372593605e+00	3.808751530306267341e+00	-8.810479599999999634e-01	6.536940998487140719e-01
3.846961740435109078e+00	3.817109675733195928e+00	-9.458003599999998956e-01	1.077932022188603289e+00
3.847961990497624996e+00	3.825699996404837044e+00	-9.976022799999999524e-01	7.842288451840646601e-01
3.848962240560140469e+00	3.833897130699924549e+00	-1.094730879999999962e+00	1.306367826525466569e+00
3.849962490622655942e+00	3.839955922683462752e+00	-1.017028000000000043e+00	1.077932022188603289e+00
3.850962740685171859e+00	3.842632562436649302e+00	-9.587508399999999931e-01	1.110565708522440964e+00
3.851962990747687332e+00	3.843689038506629796e+00	-7.903945999999999472e-01	8.821299041855775735e-01
3.852963240810202805e+00	3.844522728588522842e+00	-6.349888400000001099e-01	4.905256681795260310e-01
3.853963490872718722e+00	3.843834056203277338e+00	-3.889297199999999788e-01	5.231593545133637058e-01
3.854963740935234195e+00	3.840337053108085819e+00	-9.754392000000000618e-02	6.628774583963688294e-02
3.855963990997749669e+00	3.835049057050878396e+00	2.003171200000000152e-01	3.365405950579927752e-02
3.856964241060265586e+00	3.830106722644038175e+00	4.722772000000000081e-01	-2.926828038325769432e-01
3.857964491122781059e+00	3.826560087888118300e+00	7.766134800000000782e-01	-5.863859808371156834e-01
3.858964741185296532e+00	3.823747813939943008e+00	9.902964000000000766e-01	-9.453565305093293292e-01
3.859964991247812449e+00	3.820206823057349599e+00	1.560117519999999924e+00	-1.304327080181543197e+00
3.860965241310327922e+00	3.816095782827268135e+00	1.365860319999999906e+00	-9.127228441754917654e-01
3.861965491372843395e+00	3.813288633693042939e+00	1.527741319999999847e+00	-1.891733434190620455e+00
3.862965741435359313e+00	3.811494708976256529e+00	1.314058399999999960e+00	-1.075891275844679917e+00
3.863965991497874786e+00	3.807624287197967750e+00	1.514790839999999861e+00	-1.695931316187594851e+00
3.864966241560390703e+00	3.800753634552149762e+00	1.184553600000000095e+00	-1.043257589510842243e+00
3.865966491622906176e+00	3.795001808021044809e+00	7.636630000000000917e-01	-8.474554715078166378e-01
3.866966741685421649e+00	3.794529166259496211e+00	1.485152000000000139e-01	-1.947817448310640853e-01
3.867966991747937566e+00	3.797783619169878389e+00	-2.659001599999999965e-01	4.578919818456884672e-01
3.868967241810453039e+00	3.800799278946027648e+00	-4.860583200000000437e-01	3.273572365103378790e-01
3.869967491872968512e+00	3.803751496612241212e+00	-7.968698400000000515e-01	9.147635905194151373e-01
3.870967741935484430e+00	3.809548131753251354e+00	-8.875231999999999566e-01	6.863277861825517467e-01
3.871967991997999903e+00	3.817852812891039171e+00	-9.328498800000000202e-01	1.143199394856278639e+00
3.872968242060515376e+00	3.826056890911680775e+00	-9.976022799999999524e-01	8.821299041855775735e-01
3.873968492123031293e+00	3.833494177369381362e+00	-1.094730879999999962e+00	1.175833081190116092e+00
3.874968742185546766e+00	3.839527020485029141e+00	-1.004077520000000057e+00	1.110565708522440964e+00
3.875968992248062239e+00	3.842634434402330879e+00	-9.522755999999999998e-01	9.473972768532528121e-01
3.876969242310578156e+00	3.843396490900777618e+00	-7.839193599999999540e-01	9.147635905194151373e-01
3.877969492373093630e+00	3.843241739265237822e+00	-6.285136000000000056e-01	6.210604135148766192e-01
3.878969742435609103e+00	3.841836466887476043e+00	-3.824544800000000411e-01	5.557930408472013806e-01
3.879969992498125020e+00	3.838821207353545706e+00	-9.754392000000000618e-02	6.628774583963688294e-02
3.880970242560640493e+00	3.835618164533360464e+00	1.938418799999999942e-01	-1.947817448310640853e-01
3.881970492623156410e+00	3.832955587625733518e+00	4.722772000000000081e-01	-3.579501765002521818e-01
3.882970742685671883e+00	3.829324809458374723e+00	7.507125199999999943e-01	-8.800891578416540906e-01
3.883970992748187356e+00	3.824061222971838259e+00	1.009722120000000167e+00	-7.821880988401412882e-01
3.884971242810703274e+00	3.818940139320854410e+00	1.553642280000000042e+00	-1.336960766515380872e+00
3.885971492873218747e+00	3.815548240803552371e+00	1.352909840000000141e+00	-6.516533535047908110e-01
3.886971742935734220e+00	3.813105881962537413e+00	1.540691800000000056e+00	-1.859099747856782781e+00
3.887971992998250137e+00	3.810284774937306107e+00	1.301107919999999973e+00	-9.779902168431670040e-01
3.888972243060765610e+00	3.806642059598016825e+00	1.501840359999999874e+00	-1.761198688855269978e+00
3.889972493123281083e+00	3.801869937370605523e+00	1.191028839999999978e+00	-1.108524962178517592e+00
3.890972743185797000e+00	3.796896148201905685e+00	7.895639599999999536e-01	-1.010623903177004790e+00
3.891972993248312473e+00	3.794059415966933635e+00	1.420399599999999929e-01	-2.600491174987393794e-01
3.892973243310827947e+00	3.794927004553493077e+00	-2.594249200000000033e-01	1.968224911749873740e-01
3.893973493373343864e+00	3.798319700733594928e+00	-4.860583200000000437e-01	4.578919818456884672e-01
3.894973743435859337e+00	3.802269735532290973e+00	-7.968698400000000515e-01	1.077932022188603289e+00
3.895973993498374810e+00	3.808168242723013464e+00	-8.939984399999999498e-01	6.210604135148766192e-01
3.896974243560890727e+00	3.817054662539077992e+00	-9.522755999999999998e-01	1.371635199193141919e+00
3.897974493623406200e+00	3.825943182717230329e+00	-9.911270399999999592e-01	6.536940998487140719e-01
3.898974743685921673e+00	3.833073997122137921e+00	-1.094730879999999962e+00	1.143199394856278639e+00
3.899974993748437591e+00	3.839080092392361365e+00	-1.004077520000000057e+00	1.012664649520927940e+00
3.900975243810953064e+00	3.843444599948141693e+00	-9.458003599999998956e-01	9.800309631870904870e-01
3.901975493873468981e+00	3.845355412221366898e+00	-7.839193599999999540e-01	8.168625315179022239e-01
3.902975743935984454e+00	3.844655414246706204e+00	-6.155631200000000192e-01	7.515951588502269853e-01
3.903975993998499927e+00	3.841402487644919983e+00	-3.824544800000000411e-01	4.578919818456884672e-01
3.904976244061015844e+00	3.837056190787757171e+00	-1.040191599999999994e-01	3.273572365103378790e-01
3.905976494123531317e+00	3.833754052378499644e+00	2.003171200000000152e-01	-1.295143721633888190e-01
3.906976744186046790e+00	3.831259391450684504e+00	4.593267200000000772e-01	-2.600491174987393794e-01
3.907976994248562708e+00	3.827561774752179069e+00	7.701382400000000850e-01	-7.169207261724660496e-01
3.908977244311078181e+00	3.822621729710004690e+00	1.016197360000000049e+00	-1.010623903177004790e+00
3.909977494373593654e+00	3.818837128264840342e+00	1.553642280000000042e+00	-1.336960766515380872e+00
3.910977744436109571e+00	3.817517842250903293e+00	1.346434599999999815e+00	-8.474554715078166378e-01
3.911977994498625044e+00	3.816323338434682633e+00	1.521266079999999965e+00	-1.793832375189107875e+00
3.912978244561140517e+00	3.812451990963081183e+00	1.288157439999999765e+00	-1.141158648512355045e+00
3.913978494623656434e+00	3.806676506708170482e+00	1.495365119999999770e+00	-1.630663943519919501e+00
3.914978744686171908e+00	3.801115082076397478e+00	1.145702159999999914e+00	-1.043257589510842243e+00
3.915978994748687381e+00	3.796817430788323122e+00	7.895639599999999536e-01	-8.148217851739789630e-01
3.916979244811203298e+00	3.794748620846669418e+00	1.226142399999999993e-01	-4.232175491679274204e-01
3.917979494873718771e+00	3.795364861924835687e+00	-2.529496800000000101e-01	5.231593545133637058e-01
3.918979744936234688e+00	3.798284748468867100e+00	-5.054840400000000233e-01	2.947235501765002597e-01
3.919979994998750161e+00	3.803903085867165856e+00	-8.162955600000000311e-01	9.473972768532528121e-01
3.920980245061265634e+00	3.811870528580988182e+00	-8.939984399999999498e-01	6.210604135148766192e-01
3.921980495123781552e+00	3.819362034606537559e+00	-9.458003599999998956e-01	1.241100453857791219e+00
3.922980745186297025e+00	3.825509661010724649e+00	-9.911270399999999592e-01	7.515951588502269853e-01
3.923980995248812498e+00	3.832650812120165451e+00	-1.094730879999999962e+00	1.175833081190116092e+00
3.924981245311328415e+00	3.840488003063026401e+00	-9.976022799999999524e-01	1.077932022188603289e+00
3.925981495373843888e+00	3.845349048752257026e+00	-9.458003599999998956e-01	1.045298335854765615e+00
3.926981745436359361e+00	3.845705024202582756e+00	-7.709688800000000786e-01	7.842288451840646601e-01
3.927981995498875278e+00	3.843688171582425372e+00	-6.349888400000001099e-01	7.515951588502269853e-01
3.928982245561390751e+00	3.841242326806441287e+00	-3.889297199999999788e-01	4.252582955118507924e-01
3.929982495623906225e+00	3.838446131679714490e+00	-8.459344000000000585e-02	3.926246091780131731e-01
3.930982745686422142e+00	3.835201760858024223e+00	1.744161599999999868e-01	-9.688068582955121355e-02
3.931982995748937615e+00	3.831414187632055324e+00	4.658019600000000704e-01	-1.621480584972264660e-01
3.932983245811453088e+00	3.826562883582339758e+00	7.701382400000000850e-01	-7.821880988401412882e-01
3.933983495873969005e+00	3.821139367159688049e+00	9.967716399999999588e-01	-1.271693393847705744e+00
3.934983745936484478e+00	3.817528278795263130e+00	1.540691800000000056e+00	-1.402228139183055999e+00
3.935983995998999951e+00	3.817057311642860107e+00	1.339959359999999933e+00	-1.075891275844679917e+00
3.936984246061515869e+00	3.816811772123285262e+00	1.521266079999999965e+00	-1.598030257186082048e+00
3.937984496124031342e+00	3.813352115442177226e+00	1.294632679999999869e+00	-1.108524962178517592e+00
3.938984746186547259e+00	3.807563820335740701e+00	1.495365119999999770e+00	-1.434861825516893896e+00
3.939984996249062732e+00	3.802029353818948465e+00	1.132751680000000150e+00	-9.453565305093293292e-01
3.940985246311578205e+00	3.797695958773253277e+00	7.766134800000000782e-01	-7.821880988401412882e-01
3.941985496374094122e+00	3.795053709351226434e+00	1.420399599999999929e-01	-3.579501765002521818e-01
3.942985746436609595e+00	3.795060868396771259e+00	-2.723753999999999897e-01	4.252582955118507924e-01
3.943985996499125068e+00	3.798049011988585022e+00	-4.925335599999999814e-01	1.641888048411497825e-01
3.944986246561640986e+00	3.803175808190883078e+00	-7.968698400000000515e-01	9.473972768532528121e-01
3.945986496624156459e+00	3.809634437238647031e+00	-8.875231999999999566e-01	5.884267271810389444e-01
3.946986746686671932e+00	3.817338850753335233e+00	-9.328498800000000202e-01	1.241100453857791219e+00
3.947986996749187849e+00	3.825780258667141887e+00	-9.911270399999999592e-01	1.012664649520927940e+00
3.948987246811703322e+00	3.833808216897484300e+00	-1.101206119999999844e+00	1.143199394856278639e+00
3.949987496874218795e+00	3.840264153037002082e+00	-1.010552759999999939e+00	1.175833081190116092e+00
3.950987746936734712e+00	3.843773225661022863e+00	-9.587508399999999931e-01	7.189614725163894215e-01
3.951987996999250186e+00	3.844268460412703536e+00	-7.968698400000000515e-01	7.189614725163894215e-01
3.952988247061765659e+00	3.843622151053812441e+00	-6.155631200000000192e-01	6.863277861825517467e-01
3.953988497124281576e+00	3.842558360702909237e+00	-3.954049599999999165e-01	3.599909228441755538e-01
3.954988747186797049e+00	3.840418077942626685e+00	-9.754392000000000618e-02	3.599909228441755538e-01
3.955988997249312522e+00	3.837105675567791252e+00	1.873666400000000010e-01	1.020373171961676869e-03
3.956989247311828439e+00	3.832193862031243015e+00	4.528514799999999729e-01	-2.600491174987393794e-01
3.957989497374343912e+00	3.825532337445448849e+00	7.636630000000000917e-01	-5.537522945032778976e-01
3.958989747436859830e+00	3.819507507080867725e+00	9.902964000000000766e-01	-1.141158648512355045e+00
3.959989997499375303e+00	3.816789508327622205e+00	1.527741319999999847e+00	-1.239059707513868069e+00
3.960990247561890776e+00	3.816032532558156998e+00	1.346434599999999815e+00	-9.453565305093293292e-01
3.961990497624406693e+00	3.813911386767323553e+00	1.508315599999999979e+00	-1.891733434190620455e+00
3.962990747686922166e+00	3.810260029440907470e+00	1.301107919999999973e+00	-1.043257589510842243e+00
3.963990997749437639e+00	3.806468728052142314e+00	1.495365119999999770e+00	-1.598030257186082048e+00
3.964991247811953556e+00	3.802370474024261870e+00	1.171603120000000109e+00	-9.453565305093293292e-01
3.965991497874469029e+00	3.797966988102236652e+00	7.507125199999999943e-01	-8.148217851739789630e-01
3.966991747936984503e+00	3.794426363260877455e+00	1.355647199999999997e-01	-4.884849218356027145e-01
3.967991997999500420e+00	3.793693429276602469e+00	-2.853258800000000317e-01	4.578919818456884672e-01
3.968992248062015893e+00	3.797290191176020180e+00	-5.119592800000000166e-01	2.947235501765002597e-01
3.969992498124531366e+00	3.803582214714081644e+00	-8.098203199999999269e-01	5.884267271810389444e-01
3.970992748187047283e+00	3.809796575625165715e+00	-8.875231999999999566e-01	6.536940998487140719e-01
3.971992998249562756e+00	3.816267850734311740e+00	-9.522755999999999998e-01	1.143199394856278639e+00
3.972993248312078229e+00	3.823893538300852768e+00	-1.004077520000000057e+00	8.821299041855775735e-01
3.973993498374594147e+00	3.831464256189727191e+00	-1.107681359999999948e+00	1.143199394856278639e+00
3.974993748437109620e+00	3.838040649970295259e+00	-1.004077520000000057e+00	1.045298335854765615e+00
3.975993998499625537e+00	3.843017236759064037e+00	-9.458003599999998956e-01	1.045298335854765615e+00
3.976994248562141010e+00	3.845278156871440256e+00	-7.968698400000000515e-01	7.189614725163894215e-01
3.977994498624656483e+00	3.844647557164232676e+00	-6.285136000000000056e-01	6.536940998487140719e-01
3.978994748687172400e+00	3.842069106736675455e+00	-3.954049599999999165e-01	5.231593545133637058e-01
3.979994998749687873e+00	3.838367051901544258e+00	-1.169696400000000136e-01	6.628774583963688294e-02
3.980995248812203346e+00	3.834013370327242320e+00	1.873666400000000010e-01	9.892143217347457163e-02
3.981995498874719264e+00	3.830092925289396266e+00	4.528514799999999729e-01	-2.926828038325769432e-01
3.982995748937234737e+00	3.827011958827706728e+00	7.766134800000000782e-01	-4.232175491679274204e-01
3.983995998999750210e+00	3.823291532984726349e+00	1.009722120000000167e+00	-1.108524962178517592e+00
3.984996249062266127e+00	3.818531284143451998e+00	1.527741319999999847e+00	-1.239059707513868069e+00
3.985996499124781600e+00	3.814665488763860690e+00	1.346434599999999815e+00	-1.043257589510842243e+00
3.986996749187297073e+00	3.812853731078396535e+00	1.508315599999999979e+00	-2.054901865859808829e+00
3.987996999249812990e+00	3.811332844583346535e+00	1.294632679999999869e+00	-9.779902168431670040e-01
3.988997249312328464e+00	3.807727464650395799e+00	1.495365119999999770e+00	-1.793832375189107875e+00
3.989997499374843937e+00	3.802318759543147575e+00	1.184553600000000095e+00	-7.495544125063037244e-01
3.990997749437359854e+00	3.797326712210733923e+00	7.571877599999999875e-01	-7.821880988401412882e-01
3.991997999499875327e+00	3.794500190434991982e+00	1.226142399999999993e-01	-9.688068582955121355e-02
3.992998249562390800e+00	3.794603637167623500e+00	-2.723753999999999897e-01	4.905256681795260310e-01
3.993998499624906717e+00	3.797735298042315577e+00	-5.119592800000000166e-01	1.968224911749873740e-01
3.994998749687422190e+00	3.802943020408807939e+00	-8.098203199999999269e-01	8.494962178517398987e-01
3.995998999749938108e+00	3.809561173542884926e+00	-9.069489200000000473e-01	5.231593545133637058e-01
3.996999249812453581e+00	3.818356453245064674e+00	-9.458003599999998956e-01	1.045298335854765615e+00
3.997999499874969054e+00	3.828206265647719153e+00	-9.911270399999999592e-01	9.800309631870904870e-01
3.998999749937484971e+00	3.835462588598010925e+00	-1.094730879999999962e+00	1.077932022188603289e+00
4.000000000000000000e+00	3.839163061727217663e+00	-1.010552759999999939e+00	1.273734140191629116e+00
