Time(s)\disp(mm)\Force(Lb)\Force(Lb)
0.000000000000000000e+00	3.857563153324725658e+00	-5.184345200000000098e-01	1.534803630862329848e+00
1.001001001001000992e-03	3.863969144035013681e+00	-4.731078399999999462e-01	1.339001512859304244e+00
2.002002002002001985e-03	3.865563509063383751e+00	-3.759792400000000478e-01	1.404268885526979593e+00
3.003003003003002977e-03	3.862333235367622741e+00	-1.752468000000000081e-01	1.273734140191629116e+00
4.004004004004003969e-03	3.855560244756534249e+00	5.138659999999999756e-02	1.012664649520927940e+00
5.005005005005004962e-03	3.845954299614321226e+00	3.816238400000000475e-01	7.189614725163894215e-01
6.006006006006005954e-03	3.834816552460282857e+00	7.895639599999999536e-01	3.599909228441755538e-01
7.007007007007006946e-03	3.822919574610636584e+00	1.158652640000000122e+00	-9.688068582955121355e-02
8.008008008008007939e-03	3.811210794299217941e+00	1.825602359999999980e+00	-9.127228441754917654e-01
9.009009009009008931e-03	3.802708575543218394e+00	1.987483359999999921e+00	-1.947817448310640853e-01
1.001001001001000992e-02	3.799627106148894651e+00	2.388948239999999945e+00	-1.859099747856782781e+00
1.101101101101101092e-02	3.799810739294290585e+00	2.084611959999999709e+00	-7.821880988401412882e-01
1.201201201201201191e-02	3.799899540496330719e+00	2.278869160000000171e+00	-1.304327080181543197e+00
1.301301301301301290e-02	3.800609116940993459e+00	1.391761279999999878e+00	1.315551185073121632e-01
1.401401401401401389e-02	3.804830489982816033e+00	6.471086800000001027e-01	3.365405950579927752e-02
1.501501501501501488e-02	3.812934729617493801e+00	1.096637599999999990e-01	9.800309631870904870e-01
1.601601601601601588e-02	3.823480973648928138e+00	-3.371277999999999775e-01	1.371635199193141919e+00
1.701701701701701513e-02	3.835199905776712104e+00	-1.881972800000000223e-01	1.208466767523953767e+00
1.801801801801801786e-02	3.846318478954062314e+00	-4.472068799999999733e-01	1.632704689863842651e+00
1.901901901901902059e-02	3.854881611259159069e+00	-5.184345200000000098e-01	1.241100453857791219e+00
2.002002002002001985e-02	3.860423115720750253e+00	-5.313849999999999962e-01	1.534803630862329848e+00
2.102102102102101910e-02	3.863397468722116646e+00	-4.860583200000000437e-01	1.371635199193141919e+00
2.202202202202202183e-02	3.863356706558326970e+00	-3.565535200000000127e-01	1.502169944528492396e+00
2.302302302302302456e-02	3.859529052851521147e+00	-1.881972800000000223e-01	1.143199394856278639e+00
2.402402402402402382e-02	3.852559410512932381e+00	4.491135999999999739e-02	9.800309631870904870e-01
2.502502502502502307e-02	3.844114895136821808e+00	3.945743200000000339e-01	5.884267271810389444e-01
2.602602602602602580e-02	3.834955830110073904e+00	7.895639599999999536e-01	3.926246091780131731e-01
2.702702702702702853e-02	3.824214852543681875e+00	1.171603120000000109e+00	-2.274154311649017046e-01
2.802802802802802778e-02	3.812539607214202597e+00	1.812651879999999993e+00	-7.495544125063037244e-01
2.902902902902902704e-02	3.804303511291275530e+00	1.987483359999999921e+00	-3.905838628340898566e-01
3.003003003003002977e-02	3.801551216167637470e+00	2.408373960000000036e+00	-1.695931316187594851e+00
3.103103103103103250e-02	3.800654822891080808e+00	2.104037679999999799e+00	-9.127228441754917654e-01
3.203203203203203175e-02	3.799571398916937959e+00	2.265918679999999963e+00	-1.402228139183055999e+00
3.303303303303303101e-02	3.800640523051151298e+00	1.378810799999999892e+00	6.628774583963688294e-02
3.403403403403403027e-02	3.805711584870298481e+00	6.406334400000001095e-01	1.315551185073121632e-01
3.503503503503503647e-02	3.814411275649367550e+00	1.161389999999999922e-01	1.012664649520927940e+00
3.603603603603603572e-02	3.825213389342390524e+00	-3.177020799999999978e-01	1.371635199193141919e+00
3.703703703703703498e-02	3.836345488633754908e+00	-1.946725200000000155e-01	1.306367826525466569e+00
3.803803803803804118e-02	3.846751865923986990e+00	-4.472068799999999733e-01	1.665338376197680104e+00
3.903903903903904044e-02	3.855731477813598485e+00	-5.119592800000000166e-01	1.241100453857791219e+00
4.004004004004003969e-02	3.861944866216830974e+00	-5.184345200000000098e-01	1.600071003530005198e+00
4.104104104104103895e-02	3.864679885407267701e+00	-4.731078399999999462e-01	1.371635199193141919e+00
4.204204204204203821e-02	3.864665437200229814e+00	-3.695039999999999436e-01	1.404268885526979593e+00
4.304304304304304440e-02	3.861857306774487686e+00	-1.881972800000000223e-01	1.175833081190116092e+00
4.404404404404404366e-02	3.855730607613480299e+00	3.843611999999999723e-02	1.045298335854765615e+00
4.504504504504504292e-02	3.847262774371010163e+00	3.816238400000000475e-01	7.189614725163894215e-01
4.604604604604604912e-02	3.837201513471371062e+00	7.895639599999999536e-01	3.926246091780131731e-01
4.704704704704704837e-02	3.825580919822078041e+00	1.145702159999999914e+00	-3.161331316187596802e-02
4.804804804804804763e-02	3.814294129403009492e+00	1.786750920000000020e+00	-8.800891578416540906e-01
4.904904904904904689e-02	3.806340915264629032e+00	1.955107160000000066e+00	-2.600491174987393794e-01
5.005005005005004615e-02	3.802160086551417351e+00	2.363047279999999972e+00	-1.826466061522945328e+00
5.105105105105105234e-02	3.799609663220611999e+00	2.065186240000000062e+00	-7.495544125063037244e-01
5.205205205205205160e-02	3.798345431574798425e+00	2.252968199999999754e+00	-1.402228139183055999e+00
5.305305305305305086e-02	3.800692299951262676e+00	1.378810799999999892e+00	1.315551185073121632e-01
5.405405405405405705e-02	3.807440385960141338e+00	6.471086800000001027e-01	9.892143217347457163e-02
5.505505505505505631e-02	3.816818484778907727e+00	1.031885200000000058e-01	9.800309631870904870e-01
5.605605605605605557e-02	3.826939170733782536e+00	-3.112268400000000046e-01	1.502169944528492396e+00
5.705705705705705483e-02	3.836904854694056954e+00	-1.946725200000000155e-01	1.175833081190116092e+00
5.805805805805805409e-02	3.847213707933838656e+00	-4.472068799999999733e-01	1.730605748865355453e+00
5.905905905905906028e-02	3.857495271191071939e+00	-5.249097599999998920e-01	1.208466767523953767e+00
6.006006006006005954e-02	3.864138876205286177e+00	-5.184345200000000098e-01	1.534803630862329848e+00
6.106106106106105880e-02	3.865246735100304587e+00	-4.731078399999999462e-01	1.273734140191629116e+00
6.206206206206206499e-02	3.863584866707697074e+00	-3.759792400000000478e-01	1.469536258194654943e+00
6.306306306306305731e-02	3.860874192388144888e+00	-1.946725200000000155e-01	1.077932022188603289e+00
6.406406406406406351e-02	3.855838243430875334e+00	3.843611999999999723e-02	1.045298335854765615e+00
6.506506506506506970e-02	3.847576478416808943e+00	3.880990800000000407e-01	6.536940998487140719e-01
6.606606606606606202e-02	3.836799913629663550e+00	7.701382400000000850e-01	4.252582955118507924e-01
6.706706706706706822e-02	3.825518165363498202e+00	1.132751680000000150e+00	-9.688068582955121355e-02
6.806806806806806054e-02	3.815759737205990376e+00	1.786750920000000020e+00	-8.148217851739789630e-01
6.906906906906906674e-02	3.808912804259919849e+00	1.948631919999999962e+00	-3.579501765002521818e-01
7.007007007007007293e-02	3.805477015593422330e+00	2.363047279999999972e+00	-1.793832375189107875e+00
7.107107107107106525e-02	3.803477258594457400e+00	2.071661479999999944e+00	-8.474554715078166378e-01
7.207207207207207145e-02	3.801232556986018807e+00	2.194691039999999926e+00	-1.434861825516893896e+00
7.307307307307307764e-02	3.801678212468739826e+00	1.365860319999999906e+00	9.892143217347457163e-02
7.407407407407406996e-02	3.807709590197559280e+00	6.276829600000000120e-01	6.628774583963688294e-02
7.507507507507507616e-02	3.817071679458638123e+00	1.161389999999999922e-01	1.012664649520927940e+00
7.607607607607608236e-02	3.827454952477270744e+00	-3.306525599999999843e-01	1.469536258194654943e+00
7.707707707707707467e-02	3.839417906677419001e+00	-2.011477600000000088e-01	1.339001512859304244e+00
7.807807807807808087e-02	3.851377012104320929e+00	-4.536821200000000776e-01	1.600071003530005198e+00
7.907907907907907319e-02	3.859727228638443641e+00	-5.054840400000000233e-01	1.208466767523953767e+00
8.008008008008007939e-02	3.863733932335008170e+00	-5.184345200000000098e-01	1.567437317196167523e+00
8.108108108108108558e-02	3.865232691600244852e+00	-4.860583200000000437e-01	1.339001512859304244e+00
8.208208208208207790e-02	3.865196647478362557e+00	-3.565535200000000127e-01	1.404268885526979593e+00
8.308308308308308410e-02	3.862908273090484013e+00	-1.946725200000000155e-01	1.143199394856278639e+00
8.408408408408407642e-02	3.857445123265469622e+00	3.843611999999999723e-02	1.012664649520927940e+00
8.508508508508508261e-02	3.848767724580754557e+00	3.751485999999999432e-01	6.536940998487140719e-01
8.608608608608608881e-02	3.838092185299482040e+00	7.766134800000000782e-01	2.947235501765002597e-01
8.708708708708708113e-02	3.827209228265792795e+00	1.139226920000000032e+00	-6.424699949571360813e-02
8.808808808808808732e-02	3.817271847940794771e+00	1.793226159999999902e+00	-8.474554715078166378e-01
8.908908908908909352e-02	3.809284156700384116e+00	1.942156679999999858e+00	-2.926828038325769432e-01
9.009009009009008584e-02	3.804311989243346570e+00	2.375997759999999737e+00	-1.695931316187594851e+00
9.109109109109109204e-02	3.802067147338987319e+00	2.052235759999999853e+00	-8.148217851739789630e-01
9.209209209209209823e-02	3.801692471772451398e+00	2.220591999999999899e+00	-1.304327080181543197e+00
9.309309309309309055e-02	3.803913039552004438e+00	1.359385079999999801e+00	9.892143217347457163e-02
9.409409409409409675e-02	3.809460549548517427e+00	6.212077200000000188e-01	1.315551185073121632e-01
9.509509509509508907e-02	3.817618159662574229e+00	1.031885200000000058e-01	9.147635905194151373e-01
9.609609609609609526e-02	3.828198257603272925e+00	-3.306525599999999843e-01	1.404268885526979593e+00
9.709709709709710146e-02	3.840595041809498511e+00	-1.946725200000000155e-01	1.208466767523953767e+00
9.809809809809809378e-02	3.851857065436311789e+00	-4.407316399999999801e-01	1.665338376197680104e+00
9.909909909909909997e-02	3.859645136510862162e+00	-5.313849999999999962e-01	1.208466767523953767e+00
1.001001001001000923e-01	3.864292084366411473e+00	-5.378602399999999895e-01	1.697972062531518000e+00
1.011011011011010985e-01	3.866220820093396515e+00	-4.925335599999999814e-01	1.306367826525466569e+00
1.021021021021021047e-01	3.864713103677432038e+00	-3.889297199999999788e-01	1.534803630862329848e+00
1.031031031031030970e-01	3.860407015978634337e+00	-1.946725200000000155e-01	1.175833081190116092e+00
1.041041041041041032e-01	3.854770101460428755e+00	2.548563999999999691e-02	1.012664649520927940e+00
1.051051051051051094e-01	3.846896385591171086e+00	3.557228800000000746e-01	5.884267271810389444e-01
1.061061061061061017e-01	3.836226040473521337e+00	7.636630000000000917e-01	2.947235501765002597e-01
1.071071071071071079e-01	3.825047766147616546e+00	1.119801199999999941e+00	-3.161331316187596802e-02
1.081081081081081141e-01	3.815252985534073993e+00	1.754374719999999943e+00	-7.821880988401412882e-01
1.091091091091091064e-01	3.808233515231497002e+00	1.922730959999999989e+00	-2.274154311649017046e-01
1.101101101101101126e-01	3.804909621631711758e+00	2.343621559999999882e+00	-1.761198688855269978e+00
1.111111111111111049e-01	3.803005259401658122e+00	2.045760519999999971e+00	-7.169207261724660496e-01
1.121121121121121111e-01	3.800961895278849312e+00	2.201166280000000253e+00	-1.369594452849218325e+00
1.131131131131131173e-01	3.801844074934483952e+00	1.339959359999999933e+00	1.641888048411497825e-01
1.141141141141141097e-01	3.808228243542550295e+00	6.212077200000000188e-01	1.020373171961676869e-03
1.151151151151151159e-01	3.818221214716716272e+00	9.023803999999999159e-02	1.077932022188603289e+00
1.161161161161161082e-01	3.828795471263846117e+00	-3.306525599999999843e-01	1.371635199193141919e+00
1.171171171171171144e-01	3.839045676102164961e+00	-2.140982399999999952e-01	1.339001512859304244e+00
1.181181181181181206e-01	3.848669734048967506e+00	-4.536821200000000776e-01	1.600071003530005198e+00
1.191191191191191129e-01	3.856629299682536427e+00	-5.054840400000000233e-01	1.175833081190116092e+00
1.201201201201201191e-01	3.861909973283153441e+00	-5.249097599999998920e-01	1.404268885526979593e+00
1.211211211211211253e-01	3.864119965594062123e+00	-4.795830800000000504e-01	1.306367826525466569e+00
1.221221221221221176e-01	3.863793282107185423e+00	-3.759792400000000478e-01	1.404268885526979593e+00
1.231231231231231238e-01	3.860973582065304832e+00	-1.946725200000000155e-01	1.110565708522440964e+00
1.241241241241241300e-01	3.855143943096337011e+00	3.843611999999999723e-02	1.045298335854765615e+00
1.251251251251251362e-01	3.847270554430224365e+00	3.427723999999999771e-01	6.536940998487140719e-01
1.261261261261261146e-01	3.838248233947797239e+00	7.507125199999999943e-01	3.926246091780131731e-01
1.271271271271271208e-01	3.827254319605845723e+00	1.100375480000000072e+00	1.020373171961676869e-03
1.281281281281281270e-01	3.815291314500553810e+00	1.754374719999999943e+00	-7.821880988401412882e-01
1.291291291291291332e-01	3.806329001661248324e+00	1.942156679999999858e+00	-3.253164901664145625e-01
1.301301301301301394e-01	3.801821098928682030e+00	2.356572039999999646e+00	-1.695931316187594851e+00
1.311311311311311179e-01	3.799680455916866428e+00	2.045760519999999971e+00	-9.127228441754917654e-01
1.321321321321321240e-01	3.799382172213666919e+00	2.175265319999999836e+00	-1.206426021180030395e+00
1.331331331331331302e-01	3.801952168236856888e+00	1.333484120000000051e+00	6.628774583963688294e-02
1.341341341341341364e-01	3.807413417758754193e+00	6.017820000000000391e-01	1.641888048411497825e-01
1.351351351351351426e-01	3.815879325808051448e+00	1.031885200000000058e-01	9.800309631870904870e-01
1.361361361361361211e-01	3.826900594733106953e+00	-3.436030400000000262e-01	1.436902571860817046e+00
1.371371371371371273e-01	3.837934518514119375e+00	-2.011477600000000088e-01	1.208466767523953767e+00
1.381381381381381335e-01	3.847472132139280188e+00	-4.536821200000000776e-01	1.600071003530005198e+00
1.391391391391391397e-01	3.855601868961037848e+00	-5.119592800000000166e-01	1.208466767523953767e+00
1.401401401401401459e-01	3.860954196113578707e+00	-5.249097599999998920e-01	1.534803630862329848e+00
1.411411411411411521e-01	3.863032153212399233e+00	-4.795830800000000504e-01	1.371635199193141919e+00
1.421421421421421305e-01	3.863198348165491680e+00	-3.759792400000000478e-01	1.404268885526979593e+00
1.431431431431431367e-01	3.861000688207946840e+00	-1.946725200000000155e-01	1.143199394856278639e+00
1.441441441441441429e-01	3.855487546766720452e+00	2.548563999999999691e-02	1.077932022188603289e+00
1.451451451451451491e-01	3.847359374526163389e+00	3.427723999999999771e-01	6.863277861825517467e-01
1.461461461461461553e-01	3.836781545867190335e+00	7.571877599999999875e-01	4.578919818456884672e-01
1.471471471471471337e-01	3.824185226597959009e+00	1.100375480000000072e+00	-6.424699949571360813e-02
1.481481481481481399e-01	3.812875218725503057e+00	1.754374719999999943e+00	-8.474554715078166378e-01
1.491491491491491461e-01	3.806254920155488719e+00	1.909780479999999780e+00	-2.274154311649017046e-01
1.501501501501501523e-01	3.803566319351805447e+00	2.330671080000000117e+00	-1.630663943519919501e+00
1.511511511511511585e-01	3.801521327099572467e+00	2.032810039999999763e+00	-7.495544125063037244e-01
1.521521521521521647e-01	3.799690499748676675e+00	2.188215800000000044e+00	-1.271693393847705744e+00
1.531531531531531432e-01	3.801017287804820732e+00	1.333484120000000051e+00	1.968224911749873740e-01
1.541541541541541493e-01	3.807163653845046181e+00	5.953067600000000459e-01	9.892143217347457163e-02
1.551551551551551555e-01	3.816302315498077302e+00	8.376279999999999837e-02	1.143199394856278639e+00
1.561561561561561617e-01	3.825581784390731599e+00	-3.500782800000000750e-01	1.339001512859304244e+00
1.571571571571571679e-01	3.834658749946260770e+00	-2.270487200000000094e-01	1.143199394856278639e+00
1.581581581581581464e-01	3.844762137518930256e+00	-4.536821200000000776e-01	1.600071003530005198e+00
1.591591591591591526e-01	3.854760960361282240e+00	-5.054840400000000233e-01	1.208466767523953767e+00
1.601601601601601588e-01	3.861805865580647534e+00	-5.313849999999999962e-01	1.600071003530005198e+00
1.611611611611611650e-01	3.864662529939827618e+00	-4.925335599999999814e-01	1.339001512859304244e+00
1.621621621621621712e-01	3.864143747702905696e+00	-3.954049599999999165e-01	1.534803630862329848e+00
1.631631631631631496e-01	3.861259246171704795e+00	-2.011477600000000088e-01	1.273734140191629116e+00
1.641641641641641558e-01	3.855654323514131843e+00	6.059919999999996421e-03	1.012664649520927940e+00
1.651651651651651620e-01	3.846686716305800502e+00	3.427723999999999771e-01	5.884267271810389444e-01
1.661661661661661682e-01	3.835671841275184235e+00	7.377620400000000078e-01	3.926246091780131731e-01
1.671671671671671744e-01	3.824617196236901773e+00	1.080949760000000204e+00	-1.621480584972264660e-01
1.681681681681681528e-01	3.814348536950912472e+00	1.728473759999999970e+00	-6.842870398386284858e-01
1.691691691691691590e-01	3.806008471401936877e+00	1.916255719999999885e+00	-3.253164901664145625e-01
1.701701701701701652e-01	3.800854247170581512e+00	2.330671080000000117e+00	-1.598030257186082048e+00
1.711711711711711714e-01	3.798386272832590116e+00	2.039285280000000089e+00	-7.821880988401412882e-01
1.721721721721721776e-01	3.797762506013214967e+00	2.091087200000000035e+00	-1.206426021180030395e+00
1.731731731731731838e-01	3.800001531843385738e+00	1.307583159999999856e+00	1.315551185073121632e-01
1.741741741741741623e-01	3.806389290701384986e+00	5.564553199999999755e-01	9.892143217347457163e-02
1.751751751751751685e-01	3.815495640375230479e+00	7.728756000000000514e-02	1.077932022188603289e+00
1.761761761761761746e-01	3.825465113549200158e+00	-3.500782800000000750e-01	1.404268885526979593e+00
1.771771771771771808e-01	3.836332779495424727e+00	-2.076230000000000020e-01	1.306367826525466569e+00
1.781781781781781870e-01	3.847072881141649248e+00	-4.666325999999999530e-01	1.600071003530005198e+00
1.791791791791791655e-01	3.855559723347586232e+00	-5.313849999999999962e-01	1.273734140191629116e+00
1.801801801801801717e-01	3.860603406133917392e+00	-5.249097599999998920e-01	1.600071003530005198e+00
1.811811811811811779e-01	3.862377699622187244e+00	-4.860583200000000437e-01	1.371635199193141919e+00
1.821821821821821841e-01	3.862356917321606797e+00	-3.759792400000000478e-01	1.436902571860817046e+00
1.831831831831831903e-01	3.860787778213321531e+00	-2.011477600000000088e-01	1.208466767523953767e+00
1.841841841841841965e-01	3.855868789230476157e+00	1.901039999999999675e-02	9.473972768532528121e-01
1.851851851851851749e-01	3.846782221794517120e+00	3.298219200000001017e-01	7.515951588502269853e-01
1.861861861861861811e-01	3.835335521928542324e+00	7.377620400000000078e-01	3.599909228441755538e-01
1.871871871871871873e-01	3.823679275833112623e+00	1.067999279999999995e+00	-3.161331316187596802e-02
1.881881881881881935e-01	3.812806565594939023e+00	1.709048039999999880e+00	-7.169207261724660496e-01
1.891891891891891997e-01	3.804849644896997063e+00	1.896830000000000016e+00	-2.274154311649017046e-01
1.901901901901901781e-01	3.801242484924493237e+00	2.324195839999999791e+00	-1.598030257186082048e+00
1.911911911911911843e-01	3.799586308827062275e+00	2.006909079999999790e+00	-8.148217851739789630e-01
1.921921921921921905e-01	3.798647761705460812e+00	2.168790079999999953e+00	-1.173792334846192720e+00
1.931931931931931967e-01	3.800650985820455574e+00	1.288157439999999765e+00	1.315551185073121632e-01
1.941941941941942029e-01	3.806544006803085356e+00	5.823562799999999484e-01	2.294561775088249655e-01
1.951951951951951814e-01	3.815417013097560428e+00	6.433707999999999094e-02	1.077932022188603289e+00
1.961961961961961876e-01	3.826160627536365766e+00	-3.371277999999999775e-01	1.469536258194654943e+00
1.971971971971971938e-01	3.836991444614248792e+00	-2.076230000000000020e-01	1.241100453857791219e+00
1.981981981981981999e-01	3.846090502836435832e+00	-4.601573600000000153e-01	1.632704689863842651e+00
1.991991991991992061e-01	3.853359070772051531e+00	-5.249097599999998920e-01	1.273734140191629116e+00
2.002002002002001846e-01	3.859947673968939785e+00	-5.313849999999999962e-01	1.600071003530005198e+00
2.012012012012011908e-01	3.864886684798139349e+00	-4.925335599999999814e-01	1.306367826525466569e+00
2.022022022022021970e-01	3.865600977756952883e+00	-3.824544800000000411e-01	1.502169944528492396e+00
2.032032032032032032e-01	3.862152562040940484e+00	-1.946725200000000155e-01	1.143199394856278639e+00
2.042042042042042094e-01	3.856296333670385046e+00	1.253515999999999658e-02	1.077932022188603289e+00
2.052052052052052156e-01	3.848629865100904102e+00	3.362971600000000394e-01	6.536940998487140719e-01
2.062062062062061940e-01	3.838726104582313337e+00	7.442372800000001121e-01	4.905256681795260310e-01
2.072072072072072002e-01	3.826283029904830268e+00	1.061524040000000113e+00	-9.688068582955121355e-02
2.082082082082082064e-01	3.813780766409021528e+00	1.715523279999999984e+00	-6.842870398386284858e-01
2.092092092092092126e-01	3.805779296617441965e+00	1.857978559999999835e+00	-2.600491174987393794e-01
2.102102102102102188e-01	3.802879317974533269e+00	2.291819639999999936e+00	-1.663297629853757176e+00
2.112112112112111972e-01	3.801440909591118356e+00	2.000433839999999908e+00	-8.148217851739789630e-01
2.122122122122122034e-01	3.800397894039187818e+00	2.084611959999999709e+00	-1.304327080181543197e+00
2.132132132132132096e-01	3.801975416393591267e+00	1.294632679999999869e+00	1.641888048411497825e-01
2.142142142142142158e-01	3.806951711198733879e+00	5.499800799999999823e-01	1.315551185073121632e-01
2.152152152152152220e-01	3.814815738623256625e+00	6.433707999999999094e-02	1.143199394856278639e+00
2.162162162162162282e-01	3.825309690548227781e+00	-3.695039999999999436e-01	1.339001512859304244e+00
2.172172172172172067e-01	3.836765594597325357e+00	-2.205734800000000162e-01	1.306367826525466569e+00
2.182182182182182129e-01	3.846606643220265020e+00	-4.666325999999999530e-01	1.534803630862329848e+00
2.192192192192192191e-01	3.854479089918022350e+00	-5.313849999999999962e-01	1.273734140191629116e+00
2.202202202202202252e-01	3.861047190373587679e+00	-5.249097599999998920e-01	1.469536258194654943e+00
2.212212212212212314e-01	3.865083263378195966e+00	-4.925335599999999814e-01	1.404268885526979593e+00
2.222222222222222099e-01	3.865178582384192207e+00	-3.954049599999999165e-01	1.469536258194654943e+00
2.232232232232232161e-01	3.861525782274363383e+00	-2.011477600000000088e-01	1.208466767523953767e+00
2.242242242242242223e-01	3.855222123212697305e+00	1.253515999999999658e-02	1.045298335854765615e+00
2.252252252252252285e-01	3.847175832541090301e+00	3.427723999999999771e-01	6.863277861825517467e-01
2.262262262262262347e-01	3.837230208402504505e+00	7.312868000000000146e-01	4.252582955118507924e-01
2.272272272272272131e-01	3.825597739871855030e+00	1.055048800000000009e+00	-6.424699949571360813e-02
2.282282282282282193e-01	3.814630444216995375e+00	1.709048039999999880e+00	-6.842870398386284858e-01
2.292292292292292255e-01	3.807163292225755225e+00	1.877404279999999925e+00	-2.926828038325769432e-01
2.302302302302302317e-01	3.803458924455851875e+00	2.324195839999999791e+00	-1.663297629853757176e+00
2.312312312312312379e-01	3.801349424843040836e+00	2.000433839999999908e+00	-8.148217851739789630e-01
2.322322322322322163e-01	3.800252354492648532e+00	2.071661479999999944e+00	-1.173792334846192720e+00
2.332332332332332225e-01	3.801976684703614939e+00	1.268731720000000118e+00	9.892143217347457163e-02
2.342342342342342287e-01	3.807245341996650545e+00	5.499800799999999823e-01	1.641888048411497825e-01
2.352352352352352349e-01	3.815735968941065259e+00	7.081231999999999804e-02	9.147635905194151373e-01
2.362362362362362411e-01	3.827038867026743230e+00	-3.630287599999999504e-01	1.567437317196167523e+00
2.372372372372372473e-01	3.838770143249280675e+00	-2.205734800000000162e-01	1.241100453857791219e+00
2.382382382382382258e-01	3.848483284999304477e+00	-4.601573600000000153e-01	1.632704689863842651e+00
2.392392392392392320e-01	3.856585965426143403e+00	-5.249097599999998920e-01	1.241100453857791219e+00
2.402402402402402382e-01	3.863112560958493091e+00	-5.313849999999999962e-01	1.567437317196167523e+00
2.412412412412412444e-01	3.866328214845045519e+00	-4.860583200000000437e-01	1.306367826525466569e+00
2.422422422422422505e-01	3.865964114833385867e+00	-3.954049599999999165e-01	1.469536258194654943e+00
2.432432432432432290e-01	3.862821818553458186e+00	-2.076230000000000020e-01	1.110565708522440964e+00
2.442442442442442352e-01	3.856807112231327661e+00	-4.153200000000037417e-04	1.045298335854765615e+00
2.452452452452452414e-01	3.848190928558107959e+00	3.427723999999999771e-01	6.863277861825517467e-01
2.462462462462462476e-01	3.837807362429834779e+00	7.183363200000001392e-01	3.926246091780131731e-01
2.472472472472472538e-01	3.825738326359478858e+00	1.055048800000000009e+00	-6.424699949571360813e-02
2.482482482482482600e-01	3.813764308183730911e+00	1.676671840000000024e+00	-6.842870398386284858e-01
2.492492492492492384e-01	3.806141032712860639e+00	1.857978559999999835e+00	-2.274154311649017046e-01
2.502502502502502724e-01	3.803896809478751972e+00	2.272393919999999845e+00	-1.598030257186082048e+00
2.512512512512512508e-01	3.803160618283429439e+00	1.968057640000000053e+00	-7.495544125063037244e-01
2.522522522522522292e-01	3.801836602107989904e+00	2.129938640000000216e+00	-1.173792334846192720e+00
2.532532532532532632e-01	3.803004404162487084e+00	1.249306000000000250e+00	1.641888048411497825e-01
2.542542542542542416e-01	3.809010947299884098e+00	5.694058000000000730e-01	1.968224911749873740e-01
2.552552552552552756e-01	3.817794723905878929e+00	5.786183999999999772e-02	1.077932022188603289e+00
2.562562562562562540e-01	3.827406319040049798e+00	-3.630287599999999504e-01	1.371635199193141919e+00
2.572572572572572325e-01	3.837935225449577992e+00	-2.205734800000000162e-01	1.306367826525466569e+00
2.582582582582582664e-01	3.848694744765582154e+00	-4.666325999999999530e-01	1.600071003530005198e+00
2.592592592592592449e-01	3.857864006399810641e+00	-5.184345200000000098e-01	1.339001512859304244e+00
2.602602602602602788e-01	3.863985416637134129e+00	-5.249097599999998920e-01	1.469536258194654943e+00
2.612612612612612573e-01	3.866185730241707752e+00	-5.119592800000000166e-01	1.404268885526979593e+00
2.622622622622622357e-01	3.864697298144609050e+00	-3.889297199999999788e-01	1.339001512859304244e+00
2.632632632632632697e-01	3.861562329769950175e+00	-2.140982399999999952e-01	1.143199394856278639e+00
2.642642642642642481e-01	3.857680668676255920e+00	-4.153200000000037417e-04	1.012664649520927940e+00
2.652652652652652820e-01	3.850872213283277112e+00	3.298219200000001017e-01	6.210604135148766192e-01
2.662662662662662605e-01	3.839687328458132765e+00	7.312868000000000146e-01	5.231593545133637058e-01
2.672672672672672389e-01	3.825964504529638432e+00	1.042098320000000022e+00	-3.161331316187596802e-02
2.682682682682682729e-01	3.814156287017063995e+00	1.670196599999999920e+00	-6.516533535047908110e-01
2.692692692692692513e-01	3.807957166975829644e+00	1.845028079999999848e+00	-3.253164901664145625e-01
2.702702702702702853e-01	3.805519458459551085e+00	2.265918679999999963e+00	-1.532762884518406477e+00
2.712712712712712637e-01	3.802910255123771677e+00	1.968057640000000053e+00	-8.148217851739789630e-01
2.722722722722722422e-01	3.800908639118434795e+00	2.052235759999999853e+00	-1.173792334846192720e+00
2.732732732732732761e-01	3.802690448857465100e+00	1.249306000000000250e+00	9.892143217347457163e-02
2.742742742742742545e-01	3.808774299107064554e+00	5.240791200000000094e-01	2.294561775088249655e-01
2.752752752752752885e-01	3.817419752606062477e+00	4.491135999999999739e-02	1.110565708522440964e+00
2.762762762762762669e-01	3.827245104896911165e+00	-3.630287599999999504e-01	1.534803630862329848e+00
2.772772772772773009e-01	3.837989942263887233e+00	-2.205734800000000162e-01	1.306367826525466569e+00
2.782782782782782793e-01	3.849062322387363899e+00	-4.666325999999999530e-01	1.632704689863842651e+00
2.792792792792792578e-01	3.858747032243636799e+00	-5.249097599999998920e-01	1.241100453857791219e+00
2.802802802802802917e-01	3.865286586769062449e+00	-5.378602399999999895e-01	1.502169944528492396e+00
2.812812812812812702e-01	3.867523701803396552e+00	-4.925335599999999814e-01	1.339001512859304244e+00
2.822822822822823041e-01	3.865722609459825154e+00	-3.954049599999999165e-01	1.436902571860817046e+00
2.832832832832832826e-01	3.861851384284559430e+00	-2.076230000000000020e-01	1.175833081190116092e+00
2.842842842842842610e-01	3.856918474091991289e+00	-4.153200000000037417e-04	1.077932022188603289e+00
2.852852852852852950e-01	3.849472625493671529e+00	3.233466799999999974e-01	6.210604135148766192e-01
2.862862862862862734e-01	3.838217052069280211e+00	7.118610800000001460e-01	3.599909228441755538e-01
2.872872872872873073e-01	3.824873067024088691e+00	1.022672600000000154e+00	-3.161331316187596802e-02
2.882882882882882858e-01	3.813703874776003033e+00	1.663721360000000038e+00	-7.495544125063037244e-01
2.892892892892892642e-01	3.807541825500034172e+00	1.832077599999999862e+00	-1.295143721633888190e-01
2.902902902902902982e-01	3.804686075715543403e+00	2.272393919999999845e+00	-1.663297629853757176e+00
2.912912912912912766e-01	3.802311964334745831e+00	1.961582399999999726e+00	-7.169207261724660496e-01
2.922922922922923106e-01	3.801343215244320284e+00	2.116988160000000008e+00	-1.141158648512355045e+00
2.932932932932932890e-01	3.804186468777803309e+00	1.236355520000000041e+00	2.294561775088249655e-01
2.942942942942942675e-01	3.810345646815237686e+00	5.240791200000000094e-01	2.294561775088249655e-01
2.952952952952953014e-01	3.817405478171758570e+00	5.138659999999999756e-02	1.012664649520927940e+00
2.962962962962962798e-01	3.824909641390819015e+00	-3.695039999999999436e-01	1.469536258194654943e+00
2.972972972972973138e-01	3.834906858089631054e+00	-2.270487200000000094e-01	1.241100453857791219e+00
2.982982982982982922e-01	3.847285713407951668e+00	-4.666325999999999530e-01	1.600071003530005198e+00
2.992992992992992707e-01	3.858023636836469539e+00	-5.313849999999999962e-01	1.241100453857791219e+00
3.003003003003003046e-01	3.864063661843835540e+00	-5.443354799999999827e-01	1.567437317196167523e+00
3.013013013013012831e-01	3.865747248692084970e+00	-4.860583200000000437e-01	1.371635199193141919e+00
3.023023023023023170e-01	3.864800502832159257e+00	-3.954049599999999165e-01	1.534803630862329848e+00
3.033033033033032955e-01	3.862360877771284340e+00	-2.076230000000000020e-01	1.110565708522440964e+00
3.043043043043043294e-01	3.857819550774122419e+00	-1.336580000000000407e-02	1.045298335854765615e+00
3.053053053053053079e-01	3.849864828544369288e+00	3.168714400000000042e-01	6.210604135148766192e-01
3.063063063063062863e-01	3.838750831183379120e+00	7.118610800000001460e-01	4.578919818456884672e-01
3.073073073073073203e-01	3.826192132382526534e+00	1.029147840000000036e+00	1.020373171961676869e-03
3.083083083083082987e-01	3.814618255988500906e+00	1.650770879999999829e+00	-6.190196671709531362e-01
3.093093093093093326e-01	3.806762429167537043e+00	1.812651879999999993e+00	-2.274154311649017046e-01
3.103103103103103111e-01	3.802847786475812786e+00	2.252968199999999754e+00	-1.532762884518406477e+00
3.113113113113112895e-01	3.800651144392066083e+00	1.948631919999999962e+00	-7.821880988401412882e-01
3.123123123123123235e-01	3.799749593452028673e+00	2.006909079999999790e+00	-1.075891275844679917e+00
3.133133133133133019e-01	3.801549097888462736e+00	1.203979319999999964e+00	1.641888048411497825e-01
3.143143143143143359e-01	3.806691269071059924e+00	5.046534000000000297e-01	2.620898638426626404e-01
3.153153153153153143e-01	3.814817993133602148e+00	3.843611999999999723e-02	9.800309631870904870e-01
3.163163163163162928e-01	3.825011577611820535e+00	-3.759792400000000478e-01	1.371635199193141919e+00
3.173173173173173267e-01	3.836342030610513376e+00	-2.205734800000000162e-01	1.241100453857791219e+00
3.183183183183183051e-01	3.847819407536516412e+00	-4.731078399999999462e-01	1.534803630862329848e+00
3.193193193193193391e-01	3.857018219328551378e+00	-5.249097599999998920e-01	1.273734140191629116e+00
3.203203203203203175e-01	3.861595916281316043e+00	-5.313849999999999962e-01	1.469536258194654943e+00
3.213213213213212960e-01	3.862817382349881701e+00	-4.990087999999999191e-01	1.404268885526979593e+00
3.223223223223223299e-01	3.863182528911181635e+00	-3.954049599999999165e-01	1.371635199193141919e+00
3.233233233233233084e-01	3.861709318445413874e+00	-2.011477600000000088e-01	1.175833081190116092e+00
3.243243243243243423e-01	3.855777097554716981e+00	-1.984104000000000423e-02	1.012664649520927940e+00
3.253253253253253208e-01	3.845831430253489724e+00	3.168714400000000042e-01	6.863277861825517467e-01
3.263263263263262992e-01	3.835060060393524761e+00	7.248115600000000214e-01	3.599909228441755538e-01
3.273273273273273332e-01	3.825117063127705386e+00	1.003246880000000063e+00	1.315551185073121632e-01
3.283283283283283116e-01	3.815387381910670062e+00	1.637820399999999843e+00	-7.169207261724660496e-01
3.293293293293293456e-01	3.806373622399036094e+00	1.825602359999999980e+00	-1.295143721633888190e-01
3.303303303303303240e-01	3.800251090872912574e+00	2.259443440000000081e+00	-1.598030257186082048e+00
3.313313313313313024e-01	3.798204566248803982e+00	1.948631919999999962e+00	-7.495544125063037244e-01
3.323323323323323364e-01	3.799506243409597861e+00	1.981008119999999817e+00	-1.108524962178517592e+00
3.333333333333333148e-01	3.803235686638612112e+00	1.203979319999999964e+00	1.641888048411497825e-01
3.343343343343343488e-01	3.809075354068806263e+00	5.111286400000001340e-01	2.294561775088249655e-01
3.353353353353353272e-01	3.816344948504538426e+00	3.843611999999999723e-02	1.110565708522440964e+00
3.363363363363363057e-01	3.825168459975557322e+00	-3.695039999999999436e-01	1.469536258194654943e+00
3.373373373373373396e-01	3.836366330223055066e+00	-2.529496800000000101e-01	1.273734140191629116e+00
3.383383383383383181e-01	3.847839450075825063e+00	-4.795830800000000504e-01	1.632704689863842651e+00
3.393393393393393520e-01	3.856181821712239000e+00	-5.313849999999999962e-01	1.273734140191629116e+00
3.403403403403403304e-01	3.861318778681728681e+00	-5.508107199999999759e-01	1.632704689863842651e+00
3.413413413413413644e-01	3.864466046715738123e+00	-4.860583200000000437e-01	1.273734140191629116e+00
3.423423423423423428e-01	3.864825311969392718e+00	-3.824544800000000411e-01	1.469536258194654943e+00
3.433433433433433213e-01	3.861853639595155041e+00	-2.140982399999999952e-01	1.110565708522440964e+00
3.443443443443443552e-01	3.856233801963479202e+00	-6.890560000000003904e-03	1.110565708522440964e+00
3.453453453453453337e-01	3.847498616138537386e+00	3.233466799999999974e-01	7.189614725163894215e-01
3.463463463463463676e-01	3.835695183461960589e+00	7.053858400000000417e-01	4.905256681795260310e-01
3.473473473473473461e-01	3.823333180966381306e+00	1.003246880000000063e+00	1.020373171961676869e-03
3.483483483483483245e-01	3.812792649951035617e+00	1.631345159999999739e+00	-5.863859808371156834e-01
3.493493493493493585e-01	3.805373464323491106e+00	1.793226159999999902e+00	-1.947817448310640853e-01
3.503503503503503369e-01	3.801802672684361006e+00	2.227067239999999781e+00	-1.500129198184569024e+00
3.513513513513513709e-01	3.800971264284177309e+00	1.929206199999999871e+00	-7.169207261724660496e-01
3.523523523523523493e-01	3.801155038799242103e+00	2.065186240000000062e+00	-1.173792334846192720e+00
3.533533533533533277e-01	3.802690054239578732e+00	1.197504080000000082e+00	1.968224911749873740e-01
3.543543543543543617e-01	3.806830909648061034e+00	5.111286400000001340e-01	1.968224911749873740e-01
3.553553553553553401e-01	3.814342978573753928e+00	2.548563999999999691e-02	1.143199394856278639e+00
3.563563563563563741e-01	3.825277355092206122e+00	-3.824544800000000411e-01	1.436902571860817046e+00
3.573573573573573525e-01	3.837214806188614435e+00	-2.140982399999999952e-01	1.273734140191629116e+00
3.583583583583583310e-01	3.846921457507066489e+00	-4.666325999999999530e-01	1.567437317196167523e+00
3.593593593593593649e-01	3.853929291279532876e+00	-5.378602399999999895e-01	1.273734140191629116e+00
3.603603603603603434e-01	3.859190640108797421e+00	-5.249097599999998920e-01	1.534803630862329848e+00
3.613613613613613773e-01	3.862914711038618165e+00	-4.990087999999999191e-01	1.404268885526979593e+00
3.623623623623623557e-01	3.864294093667950403e+00	-3.954049599999999165e-01	1.436902571860817046e+00
3.633633633633633342e-01	3.861705208072401252e+00	-2.140982399999999952e-01	1.241100453857791219e+00
3.643643643643643681e-01	3.854858406906100043e+00	-1.984104000000000423e-02	1.012664649520927940e+00
3.653653653653653466e-01	3.845758763802829439e+00	3.168714400000000042e-01	7.515951588502269853e-01
3.663663663663663805e-01	3.836115217808972133e+00	7.053858400000000417e-01	3.926246091780131731e-01
3.673673673673673590e-01	3.825557172204679279e+00	9.902964000000000766e-01	3.365405950579927752e-02
3.683683683683683929e-01	3.814156905215956073e+00	1.631345159999999739e+00	-6.842870398386284858e-01
3.693693693693693714e-01	3.805478345247593985e+00	1.786750920000000020e+00	-1.947817448310640853e-01
3.703703703703703498e-01	3.802397016476398939e+00	2.227067239999999781e+00	-1.532762884518406477e+00
3.713713713713713838e-01	3.802299764650611369e+00	1.916255719999999885e+00	-7.169207261724660496e-01
3.723723723723723622e-01	3.802079208791185216e+00	1.968057640000000053e+00	-1.075891275844679917e+00
3.733733733733733962e-01	3.802977725415573662e+00	1.178078360000000213e+00	1.315551185073121632e-01
3.743743743743743746e-01	3.807382389343324736e+00	4.917029200000000433e-01	2.947235501765002597e-01
3.753753753753753530e-01	3.815470228300705369e+00	2.548563999999999691e-02	1.045298335854765615e+00
3.763763763763763870e-01	3.826062439507904145e+00	-3.824544800000000411e-01	1.404268885526979593e+00
3.773773773773773654e-01	3.837690835519742993e+00	-2.399992000000000236e-01	1.241100453857791219e+00
3.783783783783783994e-01	3.848350314756577184e+00	-4.795830800000000504e-01	1.600071003530005198e+00
3.793793793793793778e-01	3.856636709004770847e+00	-5.313849999999999962e-01	1.208466767523953767e+00
3.803803803803803563e-01	3.862377743644086703e+00	-5.378602399999999895e-01	1.534803630862329848e+00
3.813813813813813902e-01	3.865430350243080682e+00	-4.990087999999999191e-01	1.404268885526979593e+00
3.823823823823823687e-01	3.865487856383327703e+00	-3.954049599999999165e-01	1.502169944528492396e+00
3.833833833833834026e-01	3.862303774577530380e+00	-2.205734800000000162e-01	1.175833081190116092e+00
3.843843843843843811e-01	3.856217703096727512e+00	-2.631628000000000439e-02	1.012664649520927940e+00
3.853853853853853595e-01	3.848015279866288552e+00	3.039209600000000178e-01	6.536940998487140719e-01
3.863863863863863934e-01	3.837638298538139203e+00	6.859601199999999510e-01	3.926246091780131731e-01
3.873873873873873719e-01	3.825637551626582145e+00	9.902964000000000766e-01	3.365405950579927752e-02
3.883883883883884058e-01	3.814531745238631366e+00	1.624869920000000079e+00	-6.190196671709531362e-01
3.893893893893893843e-01	3.806921329802065213e+00	1.799701400000000007e+00	-9.688068582955121355e-02
3.903903903903903627e-01	3.803643028190397235e+00	2.227067239999999781e+00	-1.630663943519919501e+00
3.913913913913913967e-01	3.802761387630450240e+00	1.916255719999999885e+00	-6.842870398386284858e-01
3.923923923923923751e-01	3.801755497353348279e+00	2.052235759999999853e+00	-1.141158648512355045e+00
3.933933933933934091e-01	3.802110424701548919e+00	1.158652640000000122e+00	2.294561775088249655e-01
3.943943943943943875e-01	3.807242290826478026e+00	5.111286400000001340e-01	2.294561775088249655e-01
3.953953953953953659e-01	3.816866987885531248e+00	1.901039999999999675e-02	1.110565708522440964e+00
3.963963963963963999e-01	3.828063097476691823e+00	-3.954049599999999165e-01	1.469536258194654943e+00
3.973973973973973783e-01	3.838541133023510188e+00	-2.464744400000000168e-01	1.339001512859304244e+00
3.983983983983984123e-01	3.847359086049003896e+00	-4.795830800000000504e-01	1.567437317196167523e+00
3.993993993993993907e-01	3.855156296976563812e+00	-5.184345200000000098e-01	1.241100453857791219e+00
4.004004004004003692e-01	3.862142680771390779e+00	-5.378602399999999895e-01	1.534803630862329848e+00
4.014014014014014031e-01	3.865935326039724007e+00	-4.795830800000000504e-01	1.339001512859304244e+00
4.024024024024023816e-01	3.864544040607598152e+00	-3.954049599999999165e-01	1.502169944528492396e+00
4.034034034034034155e-01	3.859917976396009198e+00	-2.205734800000000162e-01	1.077932022188603289e+00
4.044044044044043940e-01	3.854588461754977491e+00	-3.279152000000000455e-02	1.045298335854765615e+00
4.054054054054054279e-01	3.847607050850989197e+00	2.909704799999999758e-01	6.863277861825517467e-01
4.064064064064064064e-01	3.837484941776068137e+00	6.924353600000000553e-01	6.210604135148766192e-01
4.074074074074073848e-01	3.825454591320681441e+00	9.838211600000000834e-01	1.020373171961676869e-03
4.084084084084084187e-01	3.814572060863202552e+00	1.605444199999999988e+00	-5.537522945032778976e-01
4.094094094094093972e-01	3.807590965222896529e+00	1.760849959999999825e+00	-1.295143721633888190e-01
4.104104104104104311e-01	3.804390846634913892e+00	2.207641520000000135e+00	-1.565396570852244151e+00
4.114114114114114096e-01	3.802271957130844982e+00	1.896830000000000016e+00	-7.169207261724660496e-01
4.124124124124123880e-01	3.800573692781156421e+00	1.974532879999999935e+00	-1.043257589510842243e+00
4.134134134134134220e-01	3.801868305988737262e+00	1.158652640000000122e+00	1.315551185073121632e-01
4.144144144144144004e-01	3.807730811806023130e+00	4.917029200000000433e-01	2.947235501765002597e-01
4.154154154154154344e-01	3.817136419802263259e+00	-4.153200000000037417e-04	1.110565708522440964e+00
4.164164164164164128e-01	3.827986487031349583e+00	-3.759792400000000478e-01	1.567437317196167523e+00
4.174174174174173912e-01	3.838003015665794493e+00	-2.529496800000000101e-01	1.241100453857791219e+00
4.184184184184184252e-01	3.846493872311644413e+00	-4.860583200000000437e-01	1.730605748865355453e+00
4.194194194194194036e-01	3.854770147486645371e+00	-5.572859600000000802e-01	1.143199394856278639e+00
4.204204204204204376e-01	3.862392441061668347e+00	-5.249097599999998920e-01	1.534803630862329848e+00
4.214214214214214160e-01	3.866281274047334460e+00	-4.860583200000000437e-01	1.306367826525466569e+00
4.224224224224223945e-01	3.865583403463027867e+00	-4.018802000000000207e-01	1.371635199193141919e+00
4.234234234234234284e-01	3.862410214989609347e+00	-2.205734800000000162e-01	1.143199394856278639e+00
4.244244244244244069e-01	3.857302434060685847e+00	-3.279152000000000455e-02	1.012664649520927940e+00
4.254254254254254408e-01	3.849034779879172863e+00	2.909704799999999758e-01	7.842288451840646601e-01
4.264264264264264193e-01	3.837725209113654667e+00	6.989106000000000485e-01	4.578919818456884672e-01
4.274274274274273977e-01	3.825268599146291582e+00	9.643954399999999927e-01	3.365405950579927752e-02
4.284284284284284317e-01	3.814598261681324765e+00	1.592493720000000001e+00	-7.169207261724660496e-01
4.294294294294294101e-01	3.808115544670922503e+00	1.754374719999999943e+00	-1.295143721633888190e-01
4.304304304304304440e-01	3.804829729818460127e+00	2.214116760000000017e+00	-1.565396570852244151e+00
4.314314314314314225e-01	3.801819538906688667e+00	1.896830000000000016e+00	-6.190196671709531362e-01
4.324324324324324564e-01	3.799586903721498654e+00	1.948631919999999962e+00	-1.108524962178517592e+00
4.334334334334334349e-01	3.801549169596039057e+00	1.145702159999999914e+00	3.273572365103378790e-01
4.344344344344344133e-01	3.808194530401198374e+00	4.463762399999999797e-01	2.620898638426626404e-01
4.354354354354354473e-01	3.816994590092996020e+00	1.253515999999999658e-02	1.045298335854765615e+00
4.364364364364364257e-01	3.827027319949825479e+00	-3.889297199999999788e-01	1.469536258194654943e+00
4.374374374374374597e-01	3.838336774884232305e+00	-2.464744400000000168e-01	1.306367826525466569e+00
4.384384384384384381e-01	3.849276089916003674e+00	-4.925335599999999814e-01	1.567437317196167523e+00
4.394394394394394165e-01	3.857927554464503306e+00	-5.378602399999999895e-01	1.241100453857791219e+00
4.404404404404404505e-01	3.863385411114443002e+00	-5.443354799999999827e-01	1.502169944528492396e+00
4.414414414414414289e-01	3.865402892418894343e+00	-5.054840400000000233e-01	1.306367826525466569e+00
4.424424424424424629e-01	3.864370564410854580e+00	-3.889297199999999788e-01	1.469536258194654943e+00
4.434434434434434413e-01	3.861177676062912845e+00	-2.205734800000000162e-01	1.143199394856278639e+00
4.444444444444444198e-01	3.856059299452124112e+00	-2.631628000000000439e-02	1.077932022188603289e+00
4.454454454454454537e-01	3.848108485339225560e+00	2.974457200000000245e-01	7.189614725163894215e-01
4.464464464464464322e-01	3.837196946088625715e+00	6.794848799999999578e-01	5.231593545133637058e-01
4.474474474474474661e-01	3.825368061873711145e+00	9.579201999999999995e-01	3.365405950579927752e-02
4.484484484484484446e-01	3.815665552720579612e+00	1.598968959999999884e+00	-5.863859808371156834e-01
4.494494494494494230e-01	3.809281418276225573e+00	1.741424239999999957e+00	-1.295143721633888190e-01
4.504504504504504570e-01	3.804808734617051602e+00	2.181740560000000162e+00	-1.467495511850731349e+00
4.514514514514514354e-01	3.801415677986411445e+00	1.857978559999999835e+00	-6.842870398386284858e-01
4.524524524524524693e-01	3.800318294750439918e+00	2.006909079999999790e+00	-1.010623903177004790e+00
4.534534534534534478e-01	3.802806461512400649e+00	1.165127880000000005e+00	2.947235501765002597e-01
4.544544544544544262e-01	3.808845312008186212e+00	4.658019600000000704e-01	2.294561775088249655e-01
4.554554554554554602e-01	3.817381898383936711e+00	-4.153200000000037417e-04	1.110565708522440964e+00
4.564564564564564386e-01	3.827409371858175646e+00	-4.018802000000000207e-01	1.436902571860817046e+00
4.574574574574574726e-01	3.838101054941705836e+00	-2.464744400000000168e-01	1.273734140191629116e+00
4.584584584584584510e-01	3.848005707718655355e+00	-4.601573600000000153e-01	1.600071003530005198e+00
4.594594594594594295e-01	3.855609144109239939e+00	-5.249097599999998920e-01	1.273734140191629116e+00
4.604604604604604634e-01	3.860589387231736058e+00	-5.572859600000000802e-01	1.632704689863842651e+00
4.614614614614614418e-01	3.863658321325470268e+00	-4.925335599999999814e-01	1.306367826525466569e+00
4.624624624624624758e-01	3.864853625877168852e+00	-3.954049599999999165e-01	1.436902571860817046e+00
4.634634634634634542e-01	3.863090892390411035e+00	-2.270487200000000094e-01	1.241100453857791219e+00
4.644644644644644327e-01	3.857629665396683727e+00	-3.279152000000000455e-02	1.012664649520927940e+00
4.654654654654654666e-01	3.848410023626099630e+00	2.844952399999999826e-01	7.515951588502269853e-01
4.664664664664664451e-01	3.836491598683523296e+00	6.730096400000000756e-01	4.578919818456884672e-01
4.674674674674674790e-01	3.824154682114577319e+00	9.449697200000000130e-01	9.892143217347457163e-02
4.684684684684684575e-01	3.813309138627415606e+00	1.573067999999999911e+00	-5.863859808371156834e-01
4.694694694694694914e-01	3.805387537955843058e+00	1.754374719999999943e+00	-3.161331316187596802e-02
4.704704704704704699e-01	3.801252747123998077e+00	2.175265319999999836e+00	-1.532762884518406477e+00
4.714714714714714483e-01	3.800065321341867808e+00	1.877404279999999925e+00	-6.516533535047908110e-01
4.724724724724724823e-01	3.800592681765562197e+00	1.903305239999999898e+00	-1.141158648512355045e+00
4.734734734734734607e-01	3.803093505681862663e+00	1.106850720000000177e+00	1.641888048411497825e-01
4.744744744744744946e-01	3.808245911120893723e+00	4.722772000000000081e-01	2.294561775088249655e-01
4.754754754754754731e-01	3.816173634581838225e+00	-1.336580000000000407e-02	1.045298335854765615e+00
4.764764764764764515e-01	3.826549613017461215e+00	-3.889297199999999788e-01	1.502169944528492396e+00
4.774774774774774855e-01	3.837536394716005717e+00	-2.529496800000000101e-01	1.273734140191629116e+00
4.784784784784784639e-01	3.847072818211274114e+00	-4.795830800000000504e-01	1.632704689863842651e+00
4.794794794794794979e-01	3.855187236686322461e+00	-5.508107199999999759e-01	1.241100453857791219e+00
4.804804804804804763e-01	3.862028350537519028e+00	-5.378602399999999895e-01	1.534803630862329848e+00
4.814814814814814548e-01	3.865918070658803884e+00	-4.990087999999999191e-01	1.306367826525466569e+00
4.824824824824824887e-01	3.865516289848558440e+00	-3.954049599999999165e-01	1.502169944528492396e+00
4.834834834834834671e-01	3.861663279831509143e+00	-2.335239600000000026e-01	1.045298335854765615e+00
4.844844844844845011e-01	3.855560139982045609e+00	-3.279152000000000455e-02	1.143199394856278639e+00
4.854854854854854795e-01	3.847188750777350119e+00	2.715447599999999961e-01	6.210604135148766192e-01
4.864864864864864580e-01	3.836537111181787640e+00	6.794848799999999578e-01	4.905256681795260310e-01
4.874874874874874919e-01	3.824546377467279434e+00	9.125935200000000469e-01	9.892143217347457163e-02
4.884884884884884704e-01	3.813432878192722697e+00	1.560117519999999924e+00	-5.537522945032778976e-01
4.894894894894895043e-01	3.805931349548122622e+00	1.728473759999999970e+00	-1.295143721633888190e-01
4.904904904904904828e-01	3.802137508093635709e+00	2.162314840000000071e+00	-1.434861825516893896e+00
4.914914914914914612e-01	3.799756178154973352e+00	1.851503319999999952e+00	-6.190196671709531362e-01
4.924924924924924952e-01	3.798505798101908582e+00	2.000433839999999908e+00	-1.043257589510842243e+00
4.934934934934934736e-01	3.800222776061601415e+00	1.126276440000000045e+00	2.620898638426626404e-01
4.944944944944945076e-01	3.805664409825384453e+00	4.658019600000000704e-01	2.294561775088249655e-01
4.954954954954954860e-01	3.814470980603294592e+00	-1.984104000000000423e-02	1.175833081190116092e+00
4.964964964964965199e-01	3.825725684997035358e+00	-4.083554400000000140e-01	1.436902571860817046e+00
4.974974974974974984e-01	3.837241361329608580e+00	-2.529496800000000101e-01	1.371635199193141919e+00
4.984984984984984768e-01	3.847070688760510837e+00	-4.925335599999999814e-01	1.600071003530005198e+00
4.994994994994995108e-01	3.855314669263765648e+00	-5.378602399999999895e-01	1.241100453857791219e+00
5.005005005005005447e-01	3.862028699832653178e+00	-5.443354799999999827e-01	1.567437317196167523e+00
5.015015015015015232e-01	3.865448508580539233e+00	-4.860583200000000437e-01	1.371635199193141919e+00
5.025025025025025016e-01	3.864679968098648111e+00	-4.018802000000000207e-01	1.469536258194654943e+00
5.035035035035034801e-01	3.861007798004175484e+00	-2.335239600000000026e-01	1.208466767523953767e+00
5.045045045045044585e-01	3.855559588607151866e+00	-5.221724000000000504e-02	1.077932022188603289e+00
5.055055055055055480e-01	3.848245782100134793e+00	2.780200000000000449e-01	7.515951588502269853e-01
5.065065065065065264e-01	3.838213096610926911e+00	6.730096400000000756e-01	4.578919818456884672e-01
5.075075075075075048e-01	3.825550514796862256e+00	9.190687600000001511e-01	9.892143217347457163e-02
5.085085085085084833e-01	3.813413782151223508e+00	1.566592759999999807e+00	-5.211186081694403338e-01
5.095095095095094617e-01	3.805540337686799557e+00	1.696097560000000115e+00	-9.688068582955121355e-02
5.105105105105105512e-01	3.802248809773227656e+00	2.142889119999999981e+00	-1.467495511850731349e+00
5.115115115115115296e-01	3.801098111993323592e+00	1.838552839999999744e+00	-6.190196671709531362e-01
5.125125125125125081e-01	3.800366150355463990e+00	1.955107160000000066e+00	-1.075891275844679917e+00
5.135135135135134865e-01	3.801762094621394361e+00	1.113325960000000059e+00	2.620898638426626404e-01
5.145145145145144649e-01	3.807772681502381573e+00	4.399010000000000420e-01	2.620898638426626404e-01
5.155155155155155544e-01	3.817274822284108193e+00	-1.336580000000000407e-02	1.143199394856278639e+00
5.165165165165165329e-01	3.827942811278890467e+00	-4.213059199999999449e-01	1.469536258194654943e+00
5.175175175175175113e-01	3.838951523001813193e+00	-2.659001599999999965e-01	1.339001512859304244e+00
5.185185185185184897e-01	3.849223123419651227e+00	-4.860583200000000437e-01	1.600071003530005198e+00
5.195195195195194682e-01	3.857304255287386408e+00	-5.378602399999999895e-01	1.273734140191629116e+00
5.205205205205205576e-01	3.862787718763489142e+00	-5.313849999999999962e-01	1.665338376197680104e+00
5.215215215215215361e-01	3.866018873074403839e+00	-4.990087999999999191e-01	1.371635199193141919e+00
5.225225225225225145e-01	3.866336974153190553e+00	-4.083554400000000140e-01	1.567437317196167523e+00
5.235235235235234930e-01	3.862286868456322964e+00	-2.270487200000000094e-01	1.110565708522440964e+00
5.245245245245244714e-01	3.854894798507501275e+00	-5.221724000000000504e-02	1.110565708522440964e+00
5.255255255255255609e-01	3.846691838332344293e+00	2.715447599999999961e-01	6.863277861825517467e-01
5.265265265265265393e-01	3.837199409434804309e+00	6.665344000000000824e-01	4.578919818456884672e-01
5.275275275275275177e-01	3.825231552652756495e+00	9.255440000000001444e-01	3.365405950579927752e-02
5.285285285285284962e-01	3.813469851868649840e+00	1.547167039999999716e+00	-6.516533535047908110e-01
5.295295295295294746e-01	3.805662632599743134e+00	1.715523279999999984e+00	-6.424699949571360813e-02
5.305305305305305641e-01	3.802089723214920003e+00	2.149364359999999863e+00	-1.500129198184569024e+00
5.315315315315315425e-01	3.800683304659769224e+00	1.851503319999999952e+00	-5.211186081694403338e-01
5.325325325325325210e-01	3.800428244558014867e+00	1.968057640000000053e+00	-1.043257589510842243e+00
5.335335335335334994e-01	3.802455932850033360e+00	1.087425000000000086e+00	2.620898638426626404e-01
5.345345345345344779e-01	3.808395558275255333e+00	4.399010000000000420e-01	2.620898638426626404e-01
5.355355355355355673e-01	3.817708377395174768e+00	-1.984104000000000423e-02	1.143199394856278639e+00
5.365365365365365458e-01	3.828325233588446785e+00	-4.018802000000000207e-01	1.371635199193141919e+00
5.375375375375375242e-01	3.839001775826254903e+00	-2.464744400000000168e-01	1.306367826525466569e+00
5.385385385385385026e-01	3.848814779079047899e+00	-4.925335599999999814e-01	1.600071003530005198e+00
5.395395395395394811e-01	3.856569183229674902e+00	-5.378602399999999895e-01	1.306367826525466569e+00
5.405405405405405705e-01	3.861509940778073524e+00	-5.508107199999999759e-01	1.534803630862329848e+00
5.415415415415415490e-01	3.863688209157271292e+00	-5.054840400000000233e-01	1.339001512859304244e+00
5.425425425425425274e-01	3.863539365817976634e+00	-4.018802000000000207e-01	1.469536258194654943e+00
5.435435435435435059e-01	3.861115170849303446e+00	-2.464744400000000168e-01	1.175833081190116092e+00
5.445445445445444843e-01	3.856231117906800954e+00	-4.574200000000000488e-02	1.012664649520927940e+00
5.455455455455455738e-01	3.848525489022767143e+00	2.585942800000000097e-01	6.536940998487140719e-01
5.465465465465465522e-01	3.837833589383313537e+00	6.535839199999999849e-01	5.231593545133637058e-01
5.475475475475475307e-01	3.825437611275684269e+00	9.061182800000000537e-01	9.892143217347457163e-02
5.485485485485485091e-01	3.814182940787384624e+00	1.540691800000000056e+00	-5.211186081694403338e-01
5.495495495495495986e-01	3.806774407321105169e+00	1.696097560000000115e+00	-1.295143721633888190e-01
5.505505505505505770e-01	3.803031497763096791e+00	2.123463399999999890e+00	-1.467495511850731349e+00
5.515515515515515554e-01	3.800497441147632216e+00	1.825602359999999980e+00	-6.516533535047908110e-01
5.525525525525525339e-01	3.799082640929434262e+00	1.974532879999999935e+00	-9.453565305093293292e-01
5.535535535535535123e-01	3.801622983771625552e+00	1.080949760000000204e+00	2.620898638426626404e-01
5.545545545545546018e-01	3.808836562059598307e+00	4.528514799999999729e-01	3.273572365103378790e-01
5.555555555555555802e-01	3.817873802798538385e+00	-3.926676000000000472e-02	1.110565708522440964e+00
5.565565565565565587e-01	3.827024814510970874e+00	-4.018802000000000207e-01	1.502169944528492396e+00
5.575575575575575371e-01	3.837169461624738265e+00	-2.529496800000000101e-01	1.339001512859304244e+00
5.585585585585585155e-01	3.847812735460859557e+00	-4.990087999999999191e-01	1.665338376197680104e+00
5.595595595595596050e-01	3.856525022447097939e+00	-5.443354799999999827e-01	1.208466767523953767e+00
5.605605605605605835e-01	3.862131778125717396e+00	-5.378602399999999895e-01	1.534803630862329848e+00
5.615615615615615619e-01	3.864949132624379668e+00	-4.990087999999999191e-01	1.404268885526979593e+00
5.625625625625625403e-01	3.864992162499651052e+00	-4.018802000000000207e-01	1.502169944528492396e+00
5.635635635635635188e-01	3.861957345127926988e+00	-2.464744400000000168e-01	1.241100453857791219e+00
5.645645645645646082e-01	3.856092410197681009e+00	-5.221724000000000504e-02	1.045298335854765615e+00
5.655655655655655867e-01	3.848066007893001128e+00	2.585942800000000097e-01	7.842288451840646601e-01
5.665665665665665651e-01	3.838049394386229718e+00	6.600591600000000891e-01	4.905256681795260310e-01
5.675675675675675436e-01	3.826515968345781449e+00	8.996430400000000605e-01	9.892143217347457163e-02
5.685685685685685220e-01	3.815535884768619823e+00	1.527741319999999847e+00	-5.863859808371156834e-01
5.695695695695696115e-01	3.807454589469247974e+00	1.689622319999999789e+00	-9.688068582955121355e-02
5.705705705705705899e-01	3.803061583171465809e+00	2.116988160000000008e+00	-1.434861825516893896e+00
5.715715715715715683e-01	3.801192479197764929e+00	1.825602359999999980e+00	-5.863859808371156834e-01
5.725725725725725468e-01	3.800894606217465999e+00	1.896830000000000016e+00	-1.010623903177004790e+00
5.735735735735735252e-01	3.803463416761642346e+00	1.100375480000000072e+00	2.947235501765002597e-01
5.745745745745746147e-01	3.809643660941220755e+00	4.334257600000001043e-01	2.294561775088249655e-01
5.755755755755755931e-01	3.817845142826481464e+00	-1.984104000000000423e-02	1.208466767523953767e+00
5.765765765765765716e-01	3.827061099372161213e+00	-4.277811600000000491e-01	1.502169944528492396e+00
5.775775775775775500e-01	3.837173699326804410e+00	-2.659001599999999965e-01	1.371635199193141919e+00
5.785785785785785285e-01	3.846787927412099073e+00	-4.990087999999999191e-01	1.567437317196167523e+00
5.795795795795796179e-01	3.854855545347016132e+00	-5.443354799999999827e-01	1.208466767523953767e+00
5.805805805805805964e-01	3.861553498118128758e+00	-5.443354799999999827e-01	1.534803630862329848e+00
5.815815815815815748e-01	3.865761847794232153e+00	-4.990087999999999191e-01	1.371635199193141919e+00
5.825825825825825532e-01	3.866141228874458324e+00	-4.083554400000000140e-01	1.534803630862329848e+00
5.835835835835835317e-01	3.862932308358242750e+00	-2.335239600000000026e-01	1.143199394856278639e+00
5.845845845845846211e-01	3.856467135395385881e+00	-5.221724000000000504e-02	1.143199394856278639e+00
5.855855855855855996e-01	3.847258001350348788e+00	2.521190400000000165e-01	7.189614725163894215e-01
5.865865865865865780e-01	3.836324687684932844e+00	6.406334400000001095e-01	5.231593545133637058e-01
5.875875875875875565e-01	3.824534556362288118e+00	8.931677999999999562e-01	6.628774583963688294e-02
5.885885885885885349e-01	3.813800423760512537e+00	1.534216559999999951e+00	-4.232175491679274204e-01
5.895895895895896244e-01	3.806769381034936117e+00	1.676671840000000024e+00	-1.295143721633888190e-01
5.905905905905906028e-01	3.803490079903224963e+00	2.116988160000000008e+00	-1.336960766515380872e+00
5.915915915915915813e-01	3.801430653778040014e+00	1.806176639999999889e+00	-6.190196671709531362e-01
5.925925925925925597e-01	3.800059086835021915e+00	1.955107160000000066e+00	-9.453565305093293292e-01
5.935935935935935381e-01	3.801883222284438091e+00	1.074474520000000100e+00	3.273572365103378790e-01
5.945945945945946276e-01	3.808373792495038934e+00	4.269505200000000000e-01	2.947235501765002597e-01
5.955955955955956060e-01	3.817888225380865475e+00	-3.279152000000000455e-02	1.110565708522440964e+00
5.965965965965965845e-01	3.827988630562865868e+00	-4.342563999999999869e-01	1.469536258194654943e+00
5.975975975975975629e-01	3.837659043047832785e+00	-2.594249200000000033e-01	1.273734140191629116e+00
5.985985985985985414e-01	3.846674385863400936e+00	-5.119592800000000166e-01	1.600071003530005198e+00
5.995995995995996308e-01	3.855245822185942473e+00	-5.378602399999999895e-01	1.241100453857791219e+00
6.006006006006006093e-01	3.862979927079353004e+00	-5.572859600000000802e-01	1.632704689863842651e+00
6.016016016016015877e-01	3.867116620188996823e+00	-4.990087999999999191e-01	1.371635199193141919e+00
6.026026026026025662e-01	3.866059750954513596e+00	-3.954049599999999165e-01	1.502169944528492396e+00
6.036036036036035446e-01	3.861940596019559635e+00	-2.399992000000000236e-01	1.175833081190116092e+00
6.046046046046046341e-01	3.856365929383694269e+00	-6.516772000000001230e-02	1.045298335854765615e+00
6.056056056056056125e-01	3.848508081268199543e+00	2.715447599999999961e-01	7.189614725163894215e-01
6.066066066066065909e-01	3.837849757104894621e+00	6.341582000000000052e-01	4.578919818456884672e-01
6.076076076076075694e-01	3.825552988062699278e+00	8.931677999999999562e-01	9.892143217347457163e-02
6.086086086086086588e-01	3.813951122981001696e+00	1.508315599999999979e+00	-4.558512355017650397e-01
6.096096096096096373e-01	3.806099554353577830e+00	1.644295639999999947e+00	-3.161331316187596802e-02
6.106106106106106157e-01	3.803569881449943235e+00	2.084611959999999709e+00	-1.402228139183055999e+00
6.116116116116115942e-01	3.803594826735912982e+00	1.780275679999999916e+00	-5.863859808371156834e-01
6.126126126126125726e-01	3.802775000053704613e+00	1.922730959999999989e+00	-9.779902168431670040e-01
6.136136136136136621e-01	3.802949698096480091e+00	1.048573559999999905e+00	2.947235501765002597e-01
6.146146146146146405e-01	3.807889264803752560e+00	4.140000400000000136e-01	2.620898638426626404e-01
6.156156156156156189e-01	3.816852396419570415e+00	-5.221724000000000504e-02	1.175833081190116092e+00
6.166166166166165974e-01	3.826507172632166220e+00	-4.342563999999999869e-01	1.469536258194654943e+00
6.176176176176175758e-01	3.836116697564604827e+00	-2.723753999999999897e-01	1.339001512859304244e+00
6.186186186186186653e-01	3.846011395980443837e+00	-4.925335599999999814e-01	1.632704689863842651e+00
6.196196196196196437e-01	3.854663103458295659e+00	-5.443354799999999827e-01	1.273734140191629116e+00
6.206206206206206222e-01	3.860912125438964004e+00	-5.637612000000000734e-01	1.600071003530005198e+00
6.216216216216216006e-01	3.864628079169276198e+00	-5.119592800000000166e-01	1.404268885526979593e+00
6.226226226226225791e-01	3.864911508372017579e+00	-4.083554400000000140e-01	1.534803630862329848e+00
6.236236236236236685e-01	3.861563807698006112e+00	-2.464744400000000168e-01	1.175833081190116092e+00
6.246246246246246470e-01	3.856123276790495158e+00	-5.221724000000000504e-02	1.143199394856278639e+00
6.256256256256256254e-01	3.849075575067893773e+00	2.585942800000000097e-01	7.189614725163894215e-01
6.266266266266266038e-01	3.838781204386846113e+00	6.535839199999999849e-01	5.884267271810389444e-01
6.276276276276275823e-01	3.825033879875700205e+00	8.802173200000000808e-01	1.315551185073121632e-01
6.286286286286286717e-01	3.811950513601972013e+00	1.508315599999999979e+00	-4.884849218356027145e-01
6.296296296296296502e-01	3.804464932526528731e+00	1.650770879999999829e+00	-3.161331316187596802e-02
6.306306306306306286e-01	3.802096758994113923e+00	2.097562439999999917e+00	-1.402228139183055999e+00
6.316316316316316071e-01	3.800539979007282465e+00	1.793226159999999902e+00	-7.169207261724660496e-01
6.326326326326325855e-01	3.799396301859919056e+00	1.890354760000000134e+00	-1.010623903177004790e+00
6.336336336336336750e-01	3.802004520548562638e+00	1.042098320000000022e+00	2.620898638426626404e-01
6.346346346346346534e-01	3.808725690675548670e+00	3.945743200000000339e-01	3.599909228441755538e-01
6.356356356356356319e-01	3.817214755137006588e+00	-3.926676000000000472e-02	1.175833081190116092e+00
6.366366366366366103e-01	3.826540026454916088e+00	-4.342563999999999869e-01	1.502169944528492396e+00
6.376376376376375887e-01	3.836560433667639103e+00	-2.594249200000000033e-01	1.404268885526979593e+00
6.386386386386386782e-01	3.846650558031888600e+00	-5.054840400000000233e-01	1.567437317196167523e+00
6.396396396396396566e-01	3.855820105272008469e+00	-5.443354799999999827e-01	1.339001512859304244e+00
6.406406406406406351e-01	3.862062431886769343e+00	-5.378602399999999895e-01	1.469536258194654943e+00
6.416416416416416135e-01	3.863933175622930261e+00	-5.054840400000000233e-01	1.371635199193141919e+00
6.426426426426425920e-01	3.863224995642827952e+00	-4.148306800000000072e-01	1.436902571860817046e+00
6.436436436436436814e-01	3.862067160872756144e+00	-2.335239600000000026e-01	1.273734140191629116e+00
6.446446446446446599e-01	3.858401203278865488e+00	-6.516772000000001230e-02	1.077932022188603289e+00
6.456456456456456383e-01	3.849259425855348749e+00	2.326933200000000090e-01	7.515951588502269853e-01
6.466466466466466168e-01	3.836000067914384637e+00	6.406334400000001095e-01	5.231593545133637058e-01
6.476476476476475952e-01	3.822591066546345839e+00	8.543163600000001079e-01	9.892143217347457163e-02
6.486486486486486847e-01	3.812141363640580316e+00	1.501840359999999874e+00	-5.537522945032778976e-01
6.496496496496496631e-01	3.806392630267148913e+00	1.618394679999999752e+00	-6.424699949571360813e-02
6.506506506506506415e-01	3.804569150664798283e+00	2.078136719999999826e+00	-1.336960766515380872e+00
6.516516516516516200e-01	3.803125581911093622e+00	1.767325200000000152e+00	-5.537522945032778976e-01
6.526526526526525984e-01	3.801098210394604049e+00	1.922730959999999989e+00	-9.779902168431670040e-01
6.536536536536536879e-01	3.802126669412340121e+00	1.048573559999999905e+00	3.599909228441755538e-01
6.546546546546546663e-01	3.807750823814933128e+00	4.010495599999999716e-01	3.273572365103378790e-01
6.556556556556556448e-01	3.815568969910271946e+00	-5.221724000000000504e-02	1.077932022188603289e+00
6.566566566566566232e-01	3.824832831074834072e+00	-4.342563999999999869e-01	1.534803630862329848e+00
6.576576576576576016e-01	3.836276731005838769e+00	-2.723753999999999897e-01	1.339001512859304244e+00
6.586586586586586911e-01	3.847832332014561540e+00	-4.990087999999999191e-01	1.600071003530005198e+00
6.596596596596596696e-01	3.856659040179936326e+00	-5.443354799999999827e-01	1.241100453857791219e+00
6.606606606606606480e-01	3.862533471379903549e+00	-5.508107199999999759e-01	1.600071003530005198e+00
6.616616616616616264e-01	3.865874112276120211e+00	-5.054840400000000233e-01	1.306367826525466569e+00
6.626626626626626049e-01	3.865907828140317193e+00	-4.148306800000000072e-01	1.534803630862329848e+00
6.636636636636636943e-01	3.862127937493739616e+00	-2.464744400000000168e-01	1.143199394856278639e+00
6.646646646646646728e-01	3.855214855678716912e+00	-9.106868000000001295e-02	1.143199394856278639e+00
6.656656656656656512e-01	3.846117474046386597e+00	2.521190400000000165e-01	7.189614725163894215e-01
6.666666666666666297e-01	3.835708212420386509e+00	6.212077200000000188e-01	4.905256681795260310e-01
6.676676676676676081e-01	3.824654892181738486e+00	8.607915999999999901e-01	1.315551185073121632e-01
6.686686686686686976e-01	3.813733422485241054e+00	1.488889879999999888e+00	-6.190196671709531362e-01
6.696696696696696760e-01	3.805515182562457799e+00	1.631345159999999739e+00	-3.161331316187596802e-02
6.706706706706706544e-01	3.801999496529794520e+00	2.071661479999999944e+00	-1.369594452849218325e+00
6.716716716716716329e-01	3.801308309924628315e+00	1.773800439999999812e+00	-5.863859808371156834e-01
6.726726726726726113e-01	3.801542389482045703e+00	1.877404279999999925e+00	-9.779902168431670040e-01
6.736736736736737008e-01	3.803871483877388382e+00	1.042098320000000022e+00	3.273572365103378790e-01
6.746746746746746792e-01	3.809328114285025269e+00	3.880990800000000407e-01	3.273572365103378790e-01
6.756756756756756577e-01	3.816953620264889047e+00	-5.869248000000000520e-02	1.175833081190116092e+00
6.766766766766766361e-01	3.825797529755150084e+00	-4.342563999999999869e-01	1.469536258194654943e+00
6.776776776776777256e-01	3.836260279571525267e+00	-2.659001599999999965e-01	1.306367826525466569e+00
6.786786786786787040e-01	3.847994048331397465e+00	-5.054840400000000233e-01	1.632704689863842651e+00
6.796796796796796825e-01	3.857882164720806362e+00	-5.443354799999999827e-01	1.339001512859304244e+00
6.806806806806806609e-01	3.863107541088180774e+00	-5.443354799999999827e-01	1.502169944528492396e+00
6.816816816816816393e-01	3.864406304474301113e+00	-5.054840400000000233e-01	1.469536258194654943e+00
6.826826826826827288e-01	3.863974404433549559e+00	-4.083554400000000140e-01	1.436902571860817046e+00
6.836836836836837072e-01	3.862184460894951599e+00	-2.399992000000000236e-01	1.241100453857791219e+00
6.846846846846846857e-01	3.857041418482470618e+00	-7.164296000000000553e-02	1.012664649520927940e+00
6.856856856856856641e-01	3.847246141440932021e+00	2.391685600000000023e-01	6.863277861825517467e-01
6.866866866866866426e-01	3.835045813603331410e+00	6.341582000000000052e-01	5.884267271810389444e-01
6.876876876876877320e-01	3.823680852422341125e+00	8.607915999999999901e-01	9.892143217347457163e-02
6.886886886886887105e-01	3.814208541724076085e+00	1.475939400000000123e+00	-4.884849218356027145e-01
6.896896896896896889e-01	3.806885332004819045e+00	1.624869920000000079e+00	-3.161331316187596802e-02
6.906906906906906674e-01	3.802320246203445997e+00	2.065186240000000062e+00	-1.336960766515380872e+00
6.916916916916916458e-01	3.799915941038951583e+00	1.747899480000000061e+00	-6.516533535047908110e-01
6.926926926926927353e-01	3.799142772201303142e+00	1.903305239999999898e+00	-8.148217851739789630e-01
6.936936936936937137e-01	3.801655638020514427e+00	1.009722120000000167e+00	2.620898638426626404e-01
6.946946946946946921e-01	3.808350670558170670e+00	4.140000400000000136e-01	4.252582955118507924e-01
6.956956956956956706e-01	3.817423021984015730e+00	-5.869248000000000520e-02	1.143199394856278639e+00
6.966966966966966490e-01	3.827370965958058591e+00	-4.407316399999999801e-01	1.534803630862329848e+00
6.976976976976977385e-01	3.838168781403248797e+00	-2.659001599999999965e-01	1.273734140191629116e+00
6.986986986986987169e-01	3.848730784569375896e+00	-5.054840400000000233e-01	1.632704689863842651e+00
6.996996996996996954e-01	3.856834372599645455e+00	-5.378602399999999895e-01	1.306367826525466569e+00
7.007007007007006738e-01	3.862131820036622809e+00	-5.508107199999999759e-01	1.567437317196167523e+00
7.017017017017016522e-01	3.865439133650064640e+00	-4.990087999999999191e-01	1.371635199193141919e+00
7.027027027027027417e-01	3.865746572785443202e+00	-4.083554400000000140e-01	1.436902571860817046e+00
7.037037037037037202e-01	3.862053410540753795e+00	-2.464744400000000168e-01	1.175833081190116092e+00
7.047047047047046986e-01	3.855747683721371111e+00	-9.106868000000001295e-02	1.110565708522440964e+00
7.057057057057056770e-01	3.847835969820229352e+00	2.391685600000000023e-01	8.168625315179022239e-01
7.067067067067066555e-01	3.837690632098554211e+00	6.276829600000000120e-01	5.884267271810389444e-01
7.077077077077077449e-01	3.826127420509848776e+00	8.478411200000001147e-01	1.968224911749873740e-01
7.087087087087087234e-01	3.815524118681369092e+00	1.469464160000000019e+00	-5.211186081694403338e-01
7.097097097097097018e-01	3.807506848268003452e+00	1.586018479999999897e+00	6.628774583963688294e-02
7.107107107107106803e-01	3.802654586552773885e+00	2.032810039999999763e+00	-1.402228139183055999e+00
7.117117117117116587e-01	3.800431118811293363e+00	1.741424239999999957e+00	-5.211186081694403338e-01
7.127127127127127482e-01	3.800002930297389891e+00	1.890354760000000134e+00	-9.453565305093293292e-01
7.137137137137137266e-01	3.802124832272626875e+00	1.003246880000000063e+00	4.252582955118507924e-01
7.147147147147147050e-01	3.807873514211540744e+00	3.816238400000000475e-01	3.926246091780131731e-01
7.157157157157156835e-01	3.816601744988611156e+00	-8.459344000000000585e-02	1.143199394856278639e+00
7.167167167167166619e-01	3.826864679652144385e+00	-4.407316399999999801e-01	1.469536258194654943e+00
7.177177177177177514e-01	3.837609116544345333e+00	-2.723753999999999897e-01	1.339001512859304244e+00
7.187187187187187298e-01	3.848063881602138636e+00	-4.990087999999999191e-01	1.665338376197680104e+00
7.197197197197197083e-01	3.856831861599121947e+00	-5.572859600000000802e-01	1.241100453857791219e+00
7.207207207207206867e-01	3.862457746996608154e+00	-5.313849999999999962e-01	1.534803630862329848e+00
7.217217217217216652e-01	3.865177509082236451e+00	-4.990087999999999191e-01	1.502169944528492396e+00
7.227227227227227546e-01	3.865294269422634876e+00	-4.018802000000000207e-01	1.469536258194654943e+00
7.237237237237237331e-01	3.861952958088502363e+00	-2.464744400000000168e-01	1.175833081190116092e+00
7.247247247247247115e-01	3.855626510648624716e+00	-7.164296000000000553e-02	1.045298335854765615e+00
7.257257257257256899e-01	3.847863953671692538e+00	2.391685600000000023e-01	7.189614725163894215e-01
7.267267267267266684e-01	3.838869973897841348e+00	6.212077200000000188e-01	5.231593545133637058e-01
7.277277277277277578e-01	3.827732680713054947e+00	8.348906400000000172e-01	9.892143217347457163e-02
7.287287287287287363e-01	3.815260084397352092e+00	1.462988919999999915e+00	-5.211186081694403338e-01
7.297297297297297147e-01	3.806210857496002742e+00	1.598968959999999884e+00	-6.424699949571360813e-02
7.307307307307306932e-01	3.803895805887459680e+00	2.045760519999999971e+00	-1.239059707513868069e+00
7.317317317317316716e-01	3.804092736950483111e+00	1.741424239999999957e+00	-5.863859808371156834e-01
7.327327327327327611e-01	3.802019558301868329e+00	1.890354760000000134e+00	-8.474554715078166378e-01
7.337337337337337395e-01	3.800687289096506216e+00	1.003246880000000063e+00	2.947235501765002597e-01
7.347347347347347180e-01	3.805405147438295721e+00	3.686733600000000055e-01	4.905256681795260310e-01
7.357357357357356964e-01	3.815710897897055087e+00	-7.164296000000000553e-02	1.045298335854765615e+00
7.367367367367367859e-01	3.827112920839085497e+00	-4.472068799999999733e-01	1.469536258194654943e+00
7.377377377377377643e-01	3.836864543400968053e+00	-2.788506400000000385e-01	1.273734140191629116e+00
7.387387387387387427e-01	3.845697379534259053e+00	-5.119592800000000166e-01	1.600071003530005198e+00
7.397397397397397212e-01	3.854662948682114898e+00	-5.378602399999999895e-01	1.241100453857791219e+00
7.407407407407406996e-01	3.862190475909156540e+00	-5.637612000000000734e-01	1.502169944528492396e+00
7.417417417417417891e-01	3.865553872849739836e+00	-4.860583200000000437e-01	1.436902571860817046e+00
7.427427427427427675e-01	3.864246265436005690e+00	-4.083554400000000140e-01	1.469536258194654943e+00
7.437437437437437460e-01	3.860190977540752133e+00	-2.464744400000000168e-01	1.208466767523953767e+00
7.447447447447447244e-01	3.854654606787021098e+00	-8.459344000000000585e-02	1.012664649520927940e+00
7.457457457457457028e-01	3.847186852602380913e+00	2.391685600000000023e-01	7.515951588502269853e-01
7.467467467467467923e-01	3.837385846755392294e+00	6.147324800000000256e-01	4.578919818456884672e-01
7.477477477477477708e-01	3.826030068807850348e+00	8.478411200000001147e-01	1.641888048411497825e-01
7.487487487487487492e-01	3.815100485955210008e+00	1.462988919999999915e+00	-4.884849218356027145e-01
7.497497497497497276e-01	3.807067364838103707e+00	1.579543240000000015e+00	6.628774583963688294e-02
7.507507507507507061e-01	3.802992101963284188e+00	2.026334799999999881e+00	-1.336960766515380872e+00
7.517517517517517955e-01	3.801492660232954623e+00	1.721998519999999866e+00	-4.884849218356027145e-01
7.527527527527527740e-01	3.800910536850099497e+00	1.877404279999999925e+00	-8.800891578416540906e-01
7.537537537537537524e-01	3.802049555181650220e+00	9.902964000000000766e-01	4.252582955118507924e-01
7.547547547547547309e-01	3.807108492063994820e+00	3.880990800000000407e-01	3.273572365103378790e-01
7.557557557557557093e-01	3.815991866112808495e+00	-7.164296000000000553e-02	1.143199394856278639e+00
7.567567567567567988e-01	3.826365428835359239e+00	-4.536821200000000776e-01	1.600071003530005198e+00
7.577577577577577772e-01	3.837161889740784648e+00	-2.853258800000000317e-01	1.371635199193141919e+00
7.587587587587587556e-01	3.848478986930917056e+00	-5.119592800000000166e-01	1.697972062531518000e+00
7.597597597597597341e-01	3.858452390436549528e+00	-5.572859600000000802e-01	1.306367826525466569e+00
7.607607607607607125e-01	3.863811787560209599e+00	-5.443354799999999827e-01	1.600071003530005198e+00
7.617617617617618020e-01	3.864265117159936924e+00	-5.054840400000000233e-01	1.339001512859304244e+00
7.627627627627627804e-01	3.862609408721342508e+00	-4.083554400000000140e-01	1.502169944528492396e+00
7.637637637637637589e-01	3.859952292775782112e+00	-2.529496800000000101e-01	1.143199394856278639e+00
7.647647647647647373e-01	3.855327236555116777e+00	-9.106868000000001295e-02	1.077932022188603289e+00
7.657657657657657158e-01	3.848235006022262095e+00	2.262180799999999881e-01	7.515951588502269853e-01
7.667667667667668052e-01	3.838332346580958898e+00	6.147324800000000256e-01	5.557930408472013806e-01
7.677677677677677837e-01	3.825834321062623111e+00	8.284154000000000240e-01	1.641888048411497825e-01
7.687687687687687621e-01	3.813766989812938046e+00	1.424137479999999734e+00	-3.905838628340898566e-01
7.697697697697697405e-01	3.806357342459715465e+00	1.573067999999999911e+00	-3.161331316187596802e-02
7.707707707707707190e-01	3.803355735552389927e+00	2.026334799999999881e+00	-1.336960766515380872e+00
7.717717717717718084e-01	3.800930409669289745e+00	1.728473759999999970e+00	-5.537522945032778976e-01
7.727727727727727869e-01	3.799225876027863880e+00	1.812651879999999993e+00	-9.127228441754917654e-01
7.737737737737737653e-01	3.801951303792679759e+00	9.773459200000000902e-01	3.599909228441755538e-01
7.747747747747747438e-01	3.809325624539471988e+00	3.621981200000000678e-01	3.599909228441755538e-01
7.757757757757757222e-01	3.817979980440165289e+00	-9.106868000000001295e-02	1.208466767523953767e+00
7.767767767767768117e-01	3.826456270822906180e+00	-4.536821200000000776e-01	1.469536258194654943e+00
7.777777777777777901e-01	3.836204075753924858e+00	-2.853258800000000317e-01	1.306367826525466569e+00
7.787787787787787686e-01	3.847389513389899207e+00	-5.184345200000000098e-01	1.567437317196167523e+00
7.797797797797797470e-01	3.857193027451131240e+00	-5.378602399999999895e-01	1.241100453857791219e+00
7.807807807807807254e-01	3.862730587949936290e+00	-5.572859600000000802e-01	1.502169944528492396e+00
7.817817817817818149e-01	3.863579199330737346e+00	-5.054840400000000233e-01	1.404268885526979593e+00
7.827827827827827933e-01	3.861822525625298486e+00	-4.083554400000000140e-01	1.502169944528492396e+00
7.837837837837837718e-01	3.859472674727308039e+00	-2.464744400000000168e-01	1.273734140191629116e+00
7.847847847847847502e-01	3.855275246732568384e+00	-7.811819999999999875e-02	1.045298335854765615e+00
7.857857857857857287e-01	3.846780499563090316e+00	2.262180799999999881e-01	8.494962178517398987e-01
7.867867867867868181e-01	3.835249391462949742e+00	6.147324800000000256e-01	4.578919818456884672e-01
7.877877877877877966e-01	3.824168357277816011e+00	8.089896800000000443e-01	1.641888048411497825e-01
7.887887887887887750e-01	3.814753246316272328e+00	1.430612719999999838e+00	-4.558512355017650397e-01
7.897897897897897534e-01	3.806935011039421557e+00	1.560117519999999924e+00	3.365405950579927752e-02
7.907907907907907319e-01	3.801357507080266540e+00	2.019859559999999998e+00	-1.304327080181543197e+00
7.917917917917918214e-01	3.798294006545989365e+00	1.709048039999999880e+00	-6.190196671709531362e-01
7.927927927927927998e-01	3.797683658909221549e+00	1.857978559999999835e+00	-8.474554715078166378e-01
7.937937937937937782e-01	3.800464945355373825e+00	9.838211600000000834e-01	4.252582955118507924e-01
7.947947947947947567e-01	3.807195468845523401e+00	3.621981200000000678e-01	4.578919818456884672e-01
7.957957957957957351e-01	3.816152847309384200e+00	-7.164296000000000553e-02	1.110565708522440964e+00
7.967967967967968246e-01	3.825725024367582439e+00	-4.536821200000000776e-01	1.534803630862329848e+00
7.977977977977978030e-01	3.836107901527864961e+00	-2.853258800000000317e-01	1.306367826525466569e+00
7.987987987987987815e-01	3.847216304376826823e+00	-5.119592800000000166e-01	1.665338376197680104e+00
7.997997997997997599e-01	3.857088139648659375e+00	-5.443354799999999827e-01	1.208466767523953767e+00
8.008008008008007383e-01	3.862828377623946707e+00	-5.443354799999999827e-01	1.665338376197680104e+00
8.018018018018018278e-01	3.864304700371622214e+00	-5.054840400000000233e-01	1.273734140191629116e+00
8.028028028028028062e-01	3.863918062883920257e+00	-4.213059199999999449e-01	1.534803630862329848e+00
8.038038038038037847e-01	3.861915399723433229e+00	-2.335239600000000026e-01	1.208466767523953767e+00
8.048048048048047631e-01	3.856822275814616674e+00	-9.754392000000000618e-02	1.077932022188603289e+00
8.058058058058058526e-01	3.848125757142855985e+00	2.197428399999999948e-01	7.515951588502269853e-01
8.068068068068068310e-01	3.836417011160088819e+00	6.017820000000000391e-01	5.557930408472013806e-01
8.078078078078078095e-01	3.823690351961538170e+00	8.089896800000000443e-01	1.641888048411497825e-01
8.088088088088087879e-01	3.812891342490346780e+00	1.417662239999999851e+00	-4.558512355017650397e-01
8.098098098098097664e-01	3.805948719067712371e+00	1.547167039999999716e+00	3.365405950579927752e-02
8.108108108108108558e-01	3.802161400610107655e+00	1.993958600000000025e+00	-1.336960766515380872e+00
8.118118118118118343e-01	3.799671631113300752e+00	1.689622319999999789e+00	-4.884849218356027145e-01
8.128128128128128127e-01	3.798903978705452822e+00	1.812651879999999993e+00	-9.453565305093293292e-01
8.138138138138137911e-01	3.801549044221915086e+00	9.579201999999999995e-01	4.252582955118507924e-01
8.148148148148147696e-01	3.807433210837003923e+00	3.427723999999999771e-01	3.599909228441755538e-01
8.158158158158158590e-01	3.815797828411652493e+00	-8.459344000000000585e-02	1.208466767523953767e+00
8.168168168168168375e-01	3.826423674341948189e+00	-4.601573600000000153e-01	1.436902571860817046e+00
8.178178178178178159e-01	3.837990271477590198e+00	-2.853258800000000317e-01	1.436902571860817046e+00
8.188188188188187944e-01	3.848641150548244294e+00	-5.313849999999999962e-01	1.600071003530005198e+00
8.198198198198197728e-01	3.857021559436354607e+00	-5.637612000000000734e-01	1.273734140191629116e+00
8.208208208208208623e-01	3.861944204919784962e+00	-5.508107199999999759e-01	1.502169944528492396e+00
8.218218218218218407e-01	3.863658167125598730e+00	-5.054840400000000233e-01	1.436902571860817046e+00
8.228228228228228192e-01	3.863616475788118176e+00	-4.148306800000000072e-01	1.436902571860817046e+00
8.238238238238237976e-01	3.861679402262525596e+00	-2.529496800000000101e-01	1.208466767523953767e+00
8.248248248248247760e-01	3.856170549374111634e+00	-8.459344000000000585e-02	1.077932022188603289e+00
8.258258258258258655e-01	3.846842853434842890e+00	2.197428399999999948e-01	7.515951588502269853e-01
8.268268268268268439e-01	3.835610824319700018e+00	5.953067600000000459e-01	5.884267271810389444e-01
8.278278278278278224e-01	3.824096572801691796e+00	8.025144400000000511e-01	1.315551185073121632e-01
8.288288288288288008e-01	3.813362057393966165e+00	1.417662239999999851e+00	-4.558512355017650397e-01
8.298298298298297793e-01	3.805630653164675081e+00	1.547167039999999716e+00	1.020373171961676869e-03
8.308308308308308687e-01	3.801816008888519782e+00	2.000433839999999908e+00	-1.271693393847705744e+00
8.318318318318318472e-01	3.799501094831633896e+00	1.696097560000000115e+00	-5.537522945032778976e-01
8.328328328328328256e-01	3.797996547841751003e+00	1.832077599999999862e+00	-8.148217851739789630e-01
8.338338338338338041e-01	3.800381261525342946e+00	9.384944800000000198e-01	2.947235501765002597e-01
8.348348348348347825e-01	3.807368699731707551e+00	3.427723999999999771e-01	4.578919818456884672e-01
8.358358358358358720e-01	3.816284217433793646e+00	-9.754392000000000618e-02	1.110565708522440964e+00
8.368368368368368504e-01	3.826045460977691270e+00	-4.601573600000000153e-01	1.534803630862329848e+00
8.378378378378378288e-01	3.837076075471181014e+00	-2.853258800000000317e-01	1.306367826525466569e+00
8.388388388388388073e-01	3.848465875549471171e+00	-5.184345200000000098e-01	1.763239435199193128e+00
8.398398398398397857e-01	3.857838569303314369e+00	-5.443354799999999827e-01	1.306367826525466569e+00
8.408408408408408752e-01	3.863374068276673956e+00	-5.572859600000000802e-01	1.600071003530005198e+00
8.418418418418418536e-01	3.865524791939334293e+00	-4.990087999999999191e-01	1.306367826525466569e+00
8.428428428428428321e-01	3.865248835803997807e+00	-4.148306800000000072e-01	1.436902571860817046e+00
8.438438438438438105e-01	3.862207974961201273e+00	-2.464744400000000168e-01	1.143199394856278639e+00
8.448448448448447889e-01	3.856655501940125408e+00	-7.811819999999999875e-02	1.077932022188603289e+00
8.458458458458458784e-01	3.849331991297877842e+00	2.132676000000000016e-01	6.863277861825517467e-01
8.468468468468468568e-01	3.839432303206431474e+00	6.147324800000000256e-01	5.557930408472013806e-01
8.478478478478478353e-01	3.827032992381950383e+00	8.089896800000000443e-01	1.315551185073121632e-01
8.488488488488488137e-01	3.815038894403662617e+00	1.391761279999999878e+00	-5.211186081694403338e-01
8.498498498498497922e-01	3.806431883566837371e+00	1.534216559999999951e+00	3.365405950579927752e-02
8.508508508508508816e-01	3.802151550251399392e+00	1.968057640000000053e+00	-1.304327080181543197e+00
8.518518518518518601e-01	3.800957202566971116e+00	1.683147080000000129e+00	-4.558512355017650397e-01
8.528528528528528385e-01	3.800997306093735428e+00	1.838552839999999744e+00	-9.453565305093293292e-01
8.538538538538538170e-01	3.802552360729335668e+00	9.384944800000000198e-01	4.905256681795260310e-01
8.548548548548547954e-01	3.807428428314064472e+00	3.362971600000000394e-01	3.926246091780131731e-01
8.558558558558558849e-01	3.816019556782289879e+00	-1.040191599999999994e-01	1.175833081190116092e+00
8.568568568568568633e-01	3.826868108380915512e+00	-4.536821200000000776e-01	1.404268885526979593e+00
8.578578578578578417e-01	3.838165651035953196e+00	-3.047516000000000114e-01	1.306367826525466569e+00
8.588588588588588202e-01	3.848488395126984596e+00	-5.184345200000000098e-01	1.632704689863842651e+00
8.598598598598597986e-01	3.856583909145406164e+00	-5.508107199999999759e-01	1.241100453857791219e+00
8.608608608608608881e-01	3.861579947978500016e+00	-5.313849999999999962e-01	1.404268885526979593e+00
8.618618618618618665e-01	3.863599623023315388e+00	-4.990087999999999191e-01	1.371635199193141919e+00
8.628628628628628450e-01	3.863445706567481874e+00	-4.148306800000000072e-01	1.502169944528492396e+00
8.638638638638638234e-01	3.861631961737304497e+00	-2.399992000000000236e-01	1.143199394856278639e+00
8.648648648648649129e-01	3.857559421639213948e+00	-8.459344000000000585e-02	1.175833081190116092e+00
8.658658658658658913e-01	3.849695106978063386e+00	2.197428399999999948e-01	7.842288451840646601e-01
8.668668668668668698e-01	3.838320980538033833e+00	6.147324800000000256e-01	5.884267271810389444e-01
8.678678678678678482e-01	3.826266666954600382e+00	7.895639599999999536e-01	1.641888048411497825e-01
8.688688688688688266e-01	3.815784778135738353e+00	1.411186999999999969e+00	-3.579501765002521818e-01
8.698698698698699161e-01	3.808157654161142602e+00	1.514790839999999861e+00	1.020373171961676869e-03
8.708708708708708945e-01	3.803805703106562408e+00	1.987483359999999921e+00	-1.239059707513868069e+00
8.718718718718718730e-01	3.801405169586929755e+00	1.702572799999999775e+00	-5.863859808371156834e-01
8.728728728728728514e-01	3.800362770389122069e+00	1.741424239999999957e+00	-7.821880988401412882e-01
8.738738738738738299e-01	3.802320565164632349e+00	9.384944800000000198e-01	3.926246091780131731e-01
8.748748748748749193e-01	3.808745134256708464e+00	3.168714400000000042e-01	4.578919818456884672e-01
8.758758758758758978e-01	3.818635074010289010e+00	-9.754392000000000618e-02	1.143199394856278639e+00
8.768768768768768762e-01	3.829638673588101394e+00	-4.601573600000000153e-01	1.534803630862329848e+00
8.778778778778778547e-01	3.840267807259928556e+00	-3.047516000000000114e-01	1.404268885526979593e+00
8.788788788788788331e-01	3.849784472828239323e+00	-5.184345200000000098e-01	1.600071003530005198e+00
8.798798798798799226e-01	3.857246207741084287e+00	-5.572859600000000802e-01	1.306367826525466569e+00
8.808808808808809010e-01	3.861905537152097168e+00	-5.572859600000000802e-01	1.534803630862329848e+00
8.818818818818818794e-01	3.864214518664224052e+00	-5.054840400000000233e-01	1.404268885526979593e+00
8.828828828828828579e-01	3.864377870973988660e+00	-4.148306800000000072e-01	1.404268885526979593e+00
8.838838838838838363e-01	3.861462066445521923e+00	-2.399992000000000236e-01	1.208466767523953767e+00
8.848848848848849258e-01	3.855822623175923614e+00	-9.106868000000001295e-02	1.077932022188603289e+00
8.858858858858859042e-01	3.848426872228108309e+00	2.197428399999999948e-01	7.842288451840646601e-01
8.868868868868868827e-01	3.838609697182696401e+00	5.953067600000000459e-01	4.905256681795260310e-01
8.878878878878878611e-01	3.826518771877282621e+00	7.960392000000000579e-01	2.294561775088249655e-01
8.888888888888888395e-01	3.814952921301184130e+00	1.404711760000000087e+00	-4.232175491679274204e-01
8.898898898898899290e-01	3.807076903945135538e+00	1.527741319999999847e+00	9.892143217347457163e-02
8.908908908908909074e-01	3.803489994890008052e+00	1.974532879999999935e+00	-1.304327080181543197e+00
8.918918918918918859e-01	3.801783077951200962e+00	1.676671840000000024e+00	-4.558512355017650397e-01
8.928928928928928643e-01	3.800579810233394529e+00	1.812651879999999993e+00	-8.474554715078166378e-01
8.938938938938938428e-01	3.801970220624884877e+00	9.320192400000000266e-01	4.905256681795260310e-01
8.948948948948949322e-01	3.807758603407629838e+00	3.362971600000000394e-01	3.599909228441755538e-01
8.958958958958959107e-01	3.817013811165025139e+00	-1.104944000000000065e-01	1.143199394856278639e+00
8.968968968968968891e-01	3.827813619969474335e+00	-4.666325999999999530e-01	1.502169944528492396e+00
8.978978978978978676e-01	3.838636752853083589e+00	-2.982763600000000181e-01	1.306367826525466569e+00
8.988988988988988460e-01	3.848339638511160121e+00	-5.119592800000000166e-01	1.697972062531518000e+00
8.998998998998999355e-01	3.856108465579365596e+00	-5.637612000000000734e-01	1.273734140191629116e+00
9.009009009009009139e-01	3.861526976084889373e+00	-5.572859600000000802e-01	1.600071003530005198e+00
9.019019019019018923e-01	3.864308471742688322e+00	-5.184345200000000098e-01	1.273734140191629116e+00
9.029029029029028708e-01	3.864748649974842465e+00	-4.083554400000000140e-01	1.502169944528492396e+00
9.039039039039038492e-01	3.862872445566329027e+00	-2.529496800000000101e-01	1.110565708522440964e+00
9.049049049049049387e-01	3.857321931957488736e+00	-1.040191599999999994e-01	1.175833081190116092e+00
9.059059059059059171e-01	3.848234198723500921e+00	2.067923600000000084e-01	7.515951588502269853e-01
9.069069069069068956e-01	3.837606619791152252e+00	6.017820000000000391e-01	6.210604135148766192e-01
9.079079079079078740e-01	3.826264433784121177e+00	7.766134800000000782e-01	1.315551185073121632e-01
9.089089089089088525e-01	3.815290299719534595e+00	1.372335560000000010e+00	-3.579501765002521818e-01
9.099099099099099419e-01	3.807122895148969732e+00	1.508315599999999979e+00	3.365405950579927752e-02
9.109109109109109204e-01	3.802468801771450302e+00	1.955107160000000066e+00	-1.271693393847705744e+00
9.119119119119118988e-01	3.800088757961618935e+00	1.663721360000000038e+00	-5.211186081694403338e-01
9.129129129129128772e-01	3.799678747087427144e+00	1.760849959999999825e+00	-8.148217851739789630e-01
9.139139139139138557e-01	3.802053884200102818e+00	8.996430400000000605e-01	4.252582955118507924e-01
9.149149149149149451e-01	3.807495331963029361e+00	3.233466799999999974e-01	3.926246091780131731e-01
9.159159159159159236e-01	3.815697083413688517e+00	-9.754392000000000618e-02	1.175833081190116092e+00
9.169169169169169020e-01	3.826112534633692164e+00	-4.666325999999999530e-01	1.567437317196167523e+00
9.179179179179178805e-01	3.837253546057314946e+00	-2.918011200000000249e-01	1.404268885526979593e+00
9.189189189189188589e-01	3.847100445952275738e+00	-5.313849999999999962e-01	1.567437317196167523e+00
9.199199199199199484e-01	3.854851813517007120e+00	-5.637612000000000734e-01	1.273734140191629116e+00
9.209209209209209268e-01	3.860626951615540481e+00	-5.443354799999999827e-01	1.339001512859304244e+00
9.219219219219219053e-01	3.864031681184033840e+00	-5.054840400000000233e-01	1.404268885526979593e+00
9.229229229229228837e-01	3.864697145910853671e+00	-4.018802000000000207e-01	1.404268885526979593e+00
9.239239239239238621e-01	3.862444419261132023e+00	-2.594249200000000033e-01	1.241100453857791219e+00
9.249249249249249516e-01	3.856858269951029872e+00	-1.040191599999999994e-01	1.077932022188603289e+00
9.259259259259259300e-01	3.848570080823727757e+00	1.744161599999999868e-01	7.842288451840646601e-01
9.269269269269269085e-01	3.838767385034150603e+00	5.888315200000000527e-01	5.231593545133637058e-01
9.279279279279278869e-01	3.827186233777569946e+00	7.766134800000000782e-01	2.620898638426626404e-01
9.289289289289288654e-01	3.814643858277096733e+00	1.359385079999999801e+00	-3.905838628340898566e-01
9.299299299299299548e-01	3.805437990237401369e+00	1.508315599999999979e+00	3.365405950579927752e-02
9.309309309309309333e-01	3.801841263463596743e+00	1.961582399999999726e+00	-1.239059707513868069e+00
9.319319319319319117e-01	3.800912833138878177e+00	1.663721360000000038e+00	-5.537522945032778976e-01
9.329329329329328901e-01	3.800744996657506647e+00	1.754374719999999943e+00	-7.821880988401412882e-01
9.339339339339339796e-01	3.802976115197462814e+00	8.996430400000000605e-01	3.926246091780131731e-01
9.349349349349349581e-01	3.808416216289365330e+00	3.168714400000000042e-01	3.926246091780131731e-01
9.359359359359359365e-01	3.816030465691228724e+00	-1.104944000000000065e-01	1.143199394856278639e+00
9.369369369369369149e-01	3.825375467114687567e+00	-4.731078399999999462e-01	1.567437317196167523e+00
9.379379379379378934e-01	3.836840087684321166e+00	-2.788506400000000385e-01	1.306367826525466569e+00
9.389389389389389828e-01	3.848929255880225497e+00	-5.184345200000000098e-01	1.697972062531518000e+00
9.399399399399399613e-01	3.857835536907300522e+00	-5.508107199999999759e-01	1.273734140191629116e+00
9.409409409409409397e-01	3.862100135585025296e+00	-5.572859600000000802e-01	1.665338376197680104e+00
9.419419419419419182e-01	3.864106263242540695e+00	-5.119592800000000166e-01	1.371635199193141919e+00
9.429429429429428966e-01	3.864901852754309086e+00	-4.083554400000000140e-01	1.534803630862329848e+00
9.439439439439439861e-01	3.862358625239280308e+00	-2.529496800000000101e-01	1.143199394856278639e+00
9.449449449449449645e-01	3.855829555780552198e+00	-1.040191599999999994e-01	1.241100453857791219e+00
9.459459459459459429e-01	3.847337552036586672e+00	2.067923600000000084e-01	7.189614725163894215e-01
9.469469469469469214e-01	3.837207764344733096e+00	5.888315200000000527e-01	6.210604135148766192e-01
9.479479479479478998e-01	3.824630935363826811e+00	7.507125199999999943e-01	1.315551185073121632e-01
9.489489489489489893e-01	3.812484965136026194e+00	1.372335560000000010e+00	-3.905838628340898566e-01
9.499499499499499677e-01	3.805275200909597366e+00	1.488889879999999888e+00	9.892143217347457163e-02
9.509509509509509462e-01	3.802972556121515080e+00	1.942156679999999858e+00	-1.206426021180030395e+00
9.519519519519519246e-01	3.801935801229832101e+00	1.644295639999999947e+00	-4.558512355017650397e-01
9.529529529529529031e-01	3.801134266430287401e+00	1.773800439999999812e+00	-8.474554715078166378e-01
9.539539539539539925e-01	3.802855583988633992e+00	9.255440000000001444e-01	4.578919818456884672e-01
9.549549549549549710e-01	3.808294726714243517e+00	3.103962000000000110e-01	4.578919818456884672e-01
9.559559559559559494e-01	3.816567040283117329e+00	-1.234448800000000068e-01	1.241100453857791219e+00
9.569569569569569278e-01	3.826551490222506402e+00	-4.925335599999999814e-01	1.404268885526979593e+00
9.579579579579579063e-01	3.837086593061296291e+00	-2.982763600000000181e-01	1.436902571860817046e+00
9.589589589589589957e-01	3.847012739387654534e+00	-5.184345200000000098e-01	1.600071003530005198e+00
9.599599599599599742e-01	3.855819930053561162e+00	-5.637612000000000734e-01	1.371635199193141919e+00
9.609609609609609526e-01	3.862386946274188659e+00	-5.572859600000000802e-01	1.600071003530005198e+00
9.619619619619619311e-01	3.865080778399691663e+00	-5.119592800000000166e-01	1.404268885526979593e+00
9.629629629629629095e-01	3.864261149682024499e+00	-4.213059199999999449e-01	1.469536258194654943e+00
9.639639639639639990e-01	3.861036207439719536e+00	-2.594249200000000033e-01	1.175833081190116092e+00
9.649649649649649774e-01	3.855205186375748827e+00	-1.040191599999999994e-01	1.077932022188603289e+00
9.659659659659659559e-01	3.846770344807979303e+00	1.938418799999999942e-01	7.842288451840646601e-01
9.669669669669669343e-01	3.836576551266620339e+00	5.758810400000000662e-01	6.863277861825517467e-01
9.679679679679679127e-01	3.825174819385682934e+00	7.571877599999999875e-01	2.947235501765002597e-01
9.689689689689690022e-01	3.813551191290024622e+00	1.352909840000000141e+00	-3.579501765002521818e-01
9.699699699699699806e-01	3.805088170296679895e+00	1.482414640000000006e+00	6.628774583963688294e-02
9.709709709709709591e-01	3.802224544854858834e+00	1.935681439999999975e+00	-1.173792334846192720e+00
9.719719719719719375e-01	3.801677745455614321e+00	1.644295639999999947e+00	-5.537522945032778976e-01
9.729729729729729160e-01	3.800374330726874472e+00	1.721998519999999866e+00	-7.821880988401412882e-01
9.739739739739740054e-01	3.801245527527377099e+00	8.866925599999999630e-01	3.926246091780131731e-01
9.749749749749749839e-01	3.806911508762418350e+00	2.974457200000000245e-01	4.578919818456884672e-01
9.759759759759759623e-01	3.815612814236570394e+00	-1.363953600000000210e-01	1.208466767523953767e+00
9.769769769769769407e-01	3.825574468478434298e+00	-4.860583200000000437e-01	1.502169944528492396e+00
9.779779779779779192e-01	3.836894806933010660e+00	-3.047516000000000114e-01	1.371635199193141919e+00
9.789789789789790087e-01	3.848403599794823382e+00	-5.249097599999998920e-01	1.665338376197680104e+00
9.799799799799799871e-01	3.857088517439948294e+00	-5.637612000000000734e-01	1.208466767523953767e+00
9.809809809809809655e-01	3.861709649014209322e+00	-5.572859600000000802e-01	1.534803630862329848e+00
9.819819819819819440e-01	3.863515528218743889e+00	-5.054840400000000233e-01	1.436902571860817046e+00
9.829829829829829224e-01	3.863588651115253292e+00	-4.277811600000000491e-01	1.502169944528492396e+00
9.839839839839840119e-01	3.861631922270189587e+00	-2.529496800000000101e-01	1.175833081190116092e+00
9.849849849849849903e-01	3.856572053316871695e+00	-1.104944000000000065e-01	1.110565708522440964e+00
9.859859859859859688e-01	3.848106727725587817e+00	1.873666400000000010e-01	7.515951588502269853e-01
9.869869869869869472e-01	3.837411402485356060e+00	5.694058000000000730e-01	5.557930408472013806e-01
9.879879879879879256e-01	3.825760716778129567e+00	7.507125199999999943e-01	2.294561775088249655e-01
9.889889889889890151e-01	3.814702415905319111e+00	1.346434599999999815e+00	-3.905838628340898566e-01
9.899899899899899935e-01	3.806927246463352787e+00	1.469464160000000019e+00	6.628774583963688294e-02
9.909909909909909720e-01	3.802845900243062793e+00	1.935681439999999975e+00	-1.239059707513868069e+00
9.919919919919919504e-01	3.800093656221569915e+00	1.624869920000000079e+00	-4.558512355017650397e-01
9.929929929929930399e-01	3.798840395501839051e+00	1.760849959999999825e+00	-6.842870398386284858e-01
9.939939939939940183e-01	3.801383787896139843e+00	8.802173200000000808e-01	4.578919818456884672e-01
9.949949949949949968e-01	3.807966565855594787e+00	3.103962000000000110e-01	4.905256681795260310e-01
9.959959959959959752e-01	3.817203696687905268e+00	-1.234448800000000068e-01	1.241100453857791219e+00
9.969969969969969537e-01	3.827468904583368303e+00	-4.795830800000000504e-01	1.502169944528492396e+00
9.979979979979980431e-01	3.837247517014674703e+00	-3.047516000000000114e-01	1.502169944528492396e+00
9.989989989989990216e-01	3.846018191230480721e+00	-5.443354799999999827e-01	1.534803630862329848e+00
1.000000000000000000e+00	3.854217729928500979e+00	-5.702364399999999556e-01	1.339001512859304244e+00
