Time(s)\disp(mm)\Force(Lb)\Force(Lb)
0.000000000000000000e+00	3.797345585361791898e+00	1.495365119999999770e+00	-1.108524962178517592e+00
1.000250062515629012e-03	3.788521004650351909e+00	1.916255719999999885e+00	-1.434861825516893896e+00
2.000500125031258025e-03	3.781113819421518141e+00	2.168790079999999953e+00	-1.598030257186082048e+00
3.000750187546886820e-03	3.774559928088763616e+00	2.382473000000000063e+00	-1.957000806858295805e+00
4.001000250062516049e-03	3.768446004412327355e+00	2.758036920000000336e+00	-2.315971356530509784e+00
5.001250312578145278e-03	3.763067185608615528e+00	2.861640760000000228e+00	-2.707575592536560993e+00
6.001500375093773640e-03	3.757812942533739431e+00	3.263105640000000029e+00	-2.870744024205749145e+00
7.001750437609402869e-03	3.752312908905650168e+00	3.399085680000000220e+00	-2.936011396873424495e+00
8.002000500125032098e-03	3.748134519537845488e+00	3.450887600000000610e+00	-3.099179828542612647e+00
9.002250562640661327e-03	3.746368479476329671e+00	3.392610440000000338e+00	-3.131813514876450544e+00
1.000250062515629056e-02	3.745747907852841507e+00	3.444412360000000284e+00	-3.066546142208775194e+00
1.100275068767191979e-02	3.745117073252627549e+00	3.431461880000000075e+00	-3.131813514876450544e+00
1.200300075018754728e-02	3.744655338062659489e+00	3.437937120000000402e+00	-3.033912455874937741e+00
1.300325081270317651e-02	3.744351897716374555e+00	3.437937120000000402e+00	-3.197080887544125449e+00
1.400350087521880574e-02	3.744397458760188702e+00	3.386135200000000012e+00	-3.099179828542612647e+00
1.500375093773443497e-02	3.746012580008244441e+00	3.055897960000000246e+00	-2.805476651538073796e+00
1.600400100025006420e-02	3.748710015224937298e+00	2.939343640000000146e+00	-2.674941906202723541e+00
1.700425106276569343e-02	3.750195348671199636e+00	2.628532120000000027e+00	-2.315971356530509784e+00
1.800450112528132265e-02	3.751528640354496957e+00	2.142889119999999981e+00	-1.957000806858295805e+00
1.900475118779695188e-02	3.756055916166519903e+00	1.812651879999999993e+00	-1.532762884518406477e+00
2.000500125031258111e-02	3.762922194877319715e+00	1.411186999999999969e+00	-1.173792334846192720e+00
2.100525131282821034e-02	3.768563779183587314e+00	1.100375480000000072e+00	-8.800891578416540906e-01
2.200550137534383957e-02	3.772868719308214658e+00	8.154649200000001485e-01	-5.863859808371156834e-01
2.300575143785946880e-02	3.777982420011820164e+00	6.600591600000000891e-01	-3.905838628340898566e-01
2.400600150037509456e-02	3.783758850327279877e+00	3.945743200000000339e-01	-6.424699949571360813e-02
2.500625156289072379e-02	3.789252833292872769e+00	2.326933200000000090e-01	6.628774583963688294e-02
2.600650162540635302e-02	3.794616149058597898e+00	5.138659999999999756e-02	2.620898638426626404e-01
2.700675168792198225e-02	3.799192677484809710e+00	-1.299201200000000000e-01	3.926246091780131731e-01
2.800700175043761148e-02	3.803054124068496300e+00	-1.558210800000000007e-01	5.557930408472013806e-01
2.900725181295324070e-02	3.808573320319653899e+00	-2.853258800000000317e-01	5.231593545133637058e-01
3.000750187546886993e-02	3.816004608536218257e+00	-2.205734800000000162e-01	7.189614725163894215e-01
3.100775193798449916e-02	3.822639740386173379e+00	-4.148306800000000072e-01	7.189614725163894215e-01
3.200800200050012839e-02	3.827717312014776052e+00	-4.990087999999999191e-01	7.515951588502269853e-01
3.300825206301575415e-02	3.832568650456088744e+00	-4.731078399999999462e-01	8.494962178517398987e-01
3.400850212553138685e-02	3.837326059391278132e+00	-5.313849999999999962e-01	8.494962178517398987e-01
3.500875218804701261e-02	3.840891602097339597e+00	-5.119592800000000166e-01	9.147635905194151373e-01
3.600900225056264531e-02	3.842396504912143129e+00	-4.990087999999999191e-01	8.168625315179022239e-01
3.700925231307827107e-02	3.842078928560426210e+00	-4.731078399999999462e-01	8.821299041855775735e-01
3.800950237559390377e-02	3.841673789614338030e+00	-4.407316399999999801e-01	7.515951588502269853e-01
3.900975243810952953e-02	3.842522771308190421e+00	-3.889297199999999788e-01	7.515951588502269853e-01
4.001000250062516223e-02	3.843448702169915077e+00	-2.788506400000000385e-01	6.536940998487140719e-01
4.101025256314078798e-02	3.842854165507870068e+00	-1.687715600000000149e-01	6.210604135148766192e-01
4.201050262565642068e-02	3.841049141003088252e+00	-1.493458400000000075e-01	4.252582955118507924e-01
4.301075268817204644e-02	3.838749246702283457e+00	5.138659999999999756e-02	3.273572365103378790e-01
4.401100275068767914e-02	3.836108131421201328e+00	1.355647199999999997e-01	1.968224911749873740e-01
4.501125281320330490e-02	3.832938569860803391e+00	3.427723999999999771e-01	3.365405950579927752e-02
4.601150287571893760e-02	3.828008689445587809e+00	4.593267200000000772e-01	-9.688068582955121355e-02
4.701175293823456336e-02	3.820889868493202446e+00	6.989106000000000485e-01	-3.253164901664145625e-01
4.801200300075018912e-02	3.813801561061685330e+00	9.255440000000001444e-01	-5.537522945032778976e-01
4.901225306326582182e-02	3.807830011684456117e+00	1.139226920000000032e+00	-8.474554715078166378e-01
5.001250312578144758e-02	3.800926633747223615e+00	1.450038439999999929e+00	-1.075891275844679917e+00
5.101275318829708028e-02	3.792020714311046703e+00	1.877404279999999925e+00	-1.369594452849218325e+00
5.201300325081270604e-02	3.782820764704928340e+00	2.136413880000000098e+00	-1.695931316187594851e+00
5.301325331332833873e-02	3.775319396309618991e+00	2.330671080000000117e+00	-2.022268179525970933e+00
5.401350337584396449e-02	3.769677682064091595e+00	2.751561680000000454e+00	-2.250703983862834434e+00
5.501375343835959719e-02	3.764210576351350479e+00	2.809838840000000282e+00	-2.609674533535048635e+00
5.601400350087522295e-02	3.757915841068308893e+00	3.204828480000000646e+00	-2.870744024205749145e+00
5.701425356339085565e-02	3.752220295097212333e+00	3.373184720000000247e+00	-2.936011396873424495e+00
5.801450362590648141e-02	3.748794516968270152e+00	3.412036160000000429e+00	-3.131813514876450544e+00
5.901475368842211411e-02	3.747453482443958261e+00	3.366709480000000365e+00	-3.066546142208775194e+00
6.001500375093773987e-02	3.746703157314949184e+00	3.399085680000000220e+00	-3.066546142208775194e+00
6.101525381345337257e-02	3.745390512694260376e+00	3.399085680000000220e+00	-3.131813514876450544e+00
6.201550387596899833e-02	3.744118331868680816e+00	3.399085680000000220e+00	-3.033912455874937741e+00
6.301575393848463102e-02	3.744135324388555564e+00	3.399085680000000220e+00	-3.131813514876450544e+00
6.401600400100025678e-02	3.744991535602209876e+00	3.340808520000000392e+00	-3.001278769541099845e+00
6.501625406351588254e-02	3.745365869673782377e+00	3.017046520000000065e+00	-2.740209278870398890e+00
6.601650412603150830e-02	3.745682560366789371e+00	2.887541720000000200e+00	-2.609674533535048635e+00
6.701675418854714794e-02	3.747601340566823591e+00	2.596155920000000172e+00	-2.185436611195159529e+00
6.801700425106277370e-02	3.751535828634093850e+00	2.110512920000000125e+00	-1.924367120524458352e+00
6.901725431357839946e-02	3.756375921959713704e+00	1.767325200000000152e+00	-1.467495511850731349e+00
7.001750437609402522e-02	3.760888387478661166e+00	1.359385079999999801e+00	-1.173792334846192720e+00
7.101775443860966486e-02	3.765055975379453468e+00	1.080949760000000204e+00	-8.474554715078166378e-01
7.201800450112529062e-02	3.770009977682904800e+00	7.895639599999999536e-01	-5.211186081694403338e-01
7.301825456364091638e-02	3.776127640436944155e+00	6.406334400000001095e-01	-3.253164901664145625e-01
7.401850462615654214e-02	3.782036221731046144e+00	3.751485999999999432e-01	-6.424699949571360813e-02
7.501875468867218177e-02	3.786325850518998060e+00	2.003171200000000152e-01	3.365405950579927752e-02
7.601900475118780753e-02	3.790247198234045101e+00	3.196087999999999707e-02	2.620898638426626404e-01
7.701925481370343329e-02	3.796027757096443800e+00	-1.493458400000000075e-01	3.273572365103378790e-01
7.801950487621905905e-02	3.802554372996467258e+00	-1.817220400000000013e-01	6.210604135148766192e-01
7.901975493873469869e-02	3.807908228817231677e+00	-3.306525599999999843e-01	5.884267271810389444e-01
8.002000500125032445e-02	3.813335800634506167e+00	-2.335239600000000026e-01	7.515951588502269853e-01
8.102025506376595021e-02	3.819758944630629038e+00	-4.083554400000000140e-01	7.842288451840646601e-01
8.202050512628157597e-02	3.825830091039944314e+00	-5.378602399999999895e-01	8.168625315179022239e-01
8.302075518879720173e-02	3.831282341604767883e+00	-4.925335599999999814e-01	8.494962178517398987e-01
8.402100525131284137e-02	3.836263795404324828e+00	-5.637612000000000734e-01	8.821299041855775735e-01
8.502125531382846713e-02	3.838944919512762066e+00	-5.119592800000000166e-01	9.147635905194151373e-01
8.602150537634409289e-02	3.838948333790514589e+00	-5.249097599999998920e-01	8.168625315179022239e-01
8.702175543885971865e-02	3.839154579751685503e+00	-4.990087999999999191e-01	8.821299041855775735e-01
8.802200550137535828e-02	3.840843483724571961e+00	-4.601573600000000153e-01	7.515951588502269853e-01
8.902225556389098404e-02	3.841943016428332580e+00	-4.148306800000000072e-01	7.515951588502269853e-01
9.002250562640660980e-02	3.841006088041827748e+00	-3.047516000000000114e-01	6.863277861825517467e-01
9.102275568892223556e-02	3.839220778437313353e+00	-1.558210800000000007e-01	5.557930408472013806e-01
9.202300575143787520e-02	3.838135312204236094e+00	-1.817220400000000013e-01	4.578919818456884672e-01
9.302325581395350096e-02	3.836875016539254446e+00	3.843611999999999723e-02	3.599909228441755538e-01
9.402350587646912672e-02	3.833452121735909657e+00	1.161389999999999922e-01	2.620898638426626404e-01
9.502375593898475248e-02	3.828581163022523715e+00	3.298219200000001017e-01	1.020373171961676869e-03
9.602400600150037824e-02	3.824276979749705152e+00	4.204752800000000068e-01	-9.688068582955121355e-02
9.702425606401601788e-02	3.819636099640458582e+00	6.665344000000000824e-01	-2.926828038325769432e-01
9.802450612653164363e-02	3.812920810596304388e+00	8.996430400000000605e-01	-5.211186081694403338e-01
9.902475618904726939e-02	3.804655633901533385e+00	1.119801199999999941e+00	-7.821880988401412882e-01
1.000250062515628952e-01	3.795724803927599034e+00	1.424137479999999734e+00	-1.075891275844679917e+00
1.010252563140785348e-01	3.787230086965223563e+00	1.838552839999999744e+00	-1.369594452849218325e+00
1.020255063765941606e-01	3.780621921463386048e+00	2.116988160000000008e+00	-1.598030257186082048e+00
1.030257564391097863e-01	3.774619676402547697e+00	2.304770120000000144e+00	-1.989634493192133702e+00
1.040260065016254121e-01	3.767163685586218946e+00	2.699759760000000064e+00	-2.185436611195159529e+00
1.050262565641410517e-01	3.759817836261686974e+00	2.783937880000000309e+00	-2.577040847201210738e+00
1.060265066266566775e-01	3.755126132860205246e+00	3.159501800000000138e+00	-2.740209278870398890e+00
1.070267566891723032e-01	3.752513081786424287e+00	3.353759000000000157e+00	-2.870744024205749145e+00
1.080270067516879290e-01	3.749646943237623375e+00	3.373184720000000247e+00	-2.968645083207262392e+00
1.090272568142035686e-01	3.745907725248998510e+00	3.327858040000000184e+00	-3.066546142208775194e+00
1.100275068767191944e-01	3.742705597047191635e+00	3.366709480000000365e+00	-3.001278769541099845e+00
1.110277569392348201e-01	3.740990582296882305e+00	3.360234240000000039e+00	-3.099179828542612647e+00
1.120280070017504459e-01	3.740487893450034740e+00	3.340808520000000392e+00	-3.001278769541099845e+00
1.130282570642660717e-01	3.740299157632723137e+00	3.360234240000000039e+00	-3.066546142208775194e+00
1.140285071267817113e-01	3.739826575476652426e+00	3.308432320000000537e+00	-3.001278769541099845e+00
1.150287571892973371e-01	3.740164938841222586e+00	2.965244600000000563e+00	-2.740209278870398890e+00
1.160290072518129628e-01	3.742666765194624379e+00	2.842215040000000137e+00	-2.577040847201210738e+00
1.170292573143285886e-01	3.746679808833606629e+00	2.563779720000000317e+00	-2.120169238527484179e+00
1.180295073768442282e-01	3.750541252326409669e+00	2.058711000000000180e+00	-1.859099747856782781e+00
1.190297574393598540e-01	3.753724356313656862e+00	1.741424239999999957e+00	-1.434861825516893896e+00
1.200300075018754797e-01	3.757326309048886870e+00	1.327008879999999946e+00	-1.108524962178517592e+00
1.210302575643911055e-01	3.762650726101997023e+00	1.048573559999999905e+00	-7.821880988401412882e-01
1.220305076269067451e-01	3.768959072532879873e+00	7.442372800000001121e-01	-5.537522945032778976e-01
1.230307576894223709e-01	3.773974526860727430e+00	6.147324800000000256e-01	-3.253164901664145625e-01
1.240310077519379967e-01	3.777685688753183335e+00	3.427723999999999771e-01	-6.424699949571360813e-02
1.250312578144536224e-01	3.782413606366741732e+00	1.873666400000000010e-01	1.641888048411497825e-01
1.260315078769692620e-01	3.788965216635665989e+00	1.253515999999999658e-02	2.947235501765002597e-01
1.270317579394848739e-01	3.795727317260224165e+00	-1.493458400000000075e-01	4.252582955118507924e-01
1.280320080020005136e-01	3.801215108686688549e+00	-2.011477600000000088e-01	5.884267271810389444e-01
1.290322580645161532e-01	3.806095913117976792e+00	-3.241773200000000466e-01	6.210604135148766192e-01
1.300325081270317651e-01	3.811780747503246580e+00	-2.529496800000000101e-01	7.515951588502269853e-01
1.310327581895474047e-01	3.818387947214328726e+00	-4.213059199999999449e-01	7.842288451840646601e-01
1.320330082520630166e-01	3.824790698119098220e+00	-5.508107199999999759e-01	6.863277861825517467e-01
1.330332583145786562e-01	3.829611665783644092e+00	-4.925335599999999814e-01	8.821299041855775735e-01
1.340335083770942959e-01	3.833182585472349135e+00	-5.508107199999999759e-01	8.821299041855775735e-01
1.350337584396099078e-01	3.836958284977881828e+00	-5.378602399999999895e-01	8.494962178517398987e-01
1.360340085021255474e-01	3.840075166846072197e+00	-5.119592800000000166e-01	8.494962178517398987e-01
1.370342585646411870e-01	3.841036086763910173e+00	-4.990087999999999191e-01	8.494962178517398987e-01
1.380345086271567989e-01	3.840509117042682607e+00	-4.601573600000000153e-01	7.842288451840646601e-01
1.390347586896724386e-01	3.839331452328822003e+00	-4.148306800000000072e-01	7.515951588502269853e-01
1.400350087521880504e-01	3.838540033358129655e+00	-3.112268400000000046e-01	7.189614725163894215e-01
1.410352588147036901e-01	3.838790613714366362e+00	-1.752468000000000081e-01	6.536940998487140719e-01
1.420355088772193297e-01	3.838211609250656853e+00	-1.817220400000000013e-01	4.905256681795260310e-01
1.430357589397349416e-01	3.835376725537485765e+00	2.548563999999999691e-02	3.599909228441755538e-01
1.440360090022505812e-01	3.831278616991735664e+00	9.023803999999999159e-02	2.947235501765002597e-01
1.450362590647661931e-01	3.827128453167777167e+00	3.103962000000000110e-01	3.365405950579927752e-02
1.460365091272818328e-01	3.823023668860536795e+00	4.140000400000000136e-01	-9.688068582955121355e-02
1.470367591897974724e-01	3.818141673752527332e+00	6.535839199999999849e-01	-3.253164901664145625e-01
1.480370092523130843e-01	3.811741560087178460e+00	8.672668400000000943e-01	-5.211186081694403338e-01
1.490372593148287239e-01	3.804202278495562695e+00	1.100375480000000072e+00	-7.495544125063037244e-01
1.500375093773443635e-01	3.796526419002692609e+00	1.404711760000000087e+00	-1.010623903177004790e+00
1.510377594398599754e-01	3.788935578999363951e+00	1.825602359999999980e+00	-1.336960766515380872e+00
1.520380095023756151e-01	3.781173258671297166e+00	2.091087200000000035e+00	-1.630663943519919501e+00
1.530382595648912269e-01	3.773203633902379117e+00	2.291819639999999936e+00	-1.957000806858295805e+00
1.540385096274068666e-01	3.765563113553271002e+00	2.660908319999999883e+00	-2.120169238527484179e+00
1.550387596899225062e-01	3.759917755789592864e+00	2.758036920000000336e+00	-2.544407160867373285e+00
1.560390097524381181e-01	3.756651028981150997e+00	3.133600840000000609e+00	-2.772842965204236343e+00
1.570392598149537577e-01	3.753329607119161082e+00	3.321382800000000302e+00	-2.870744024205749145e+00
1.580395098774693974e-01	3.748788981983863788e+00	3.347283760000000719e+00	-3.066546142208775194e+00
1.590397599399850093e-01	3.745090430874028709e+00	3.289006600000000002e+00	-3.001278769541099845e+00
1.600400100025006489e-01	3.743819402159191512e+00	3.340808520000000392e+00	-2.968645083207262392e+00
1.610402600650162608e-01	3.744241467784090727e+00	3.327858040000000184e+00	-3.033912455874937741e+00
1.620405101275319004e-01	3.744699289190232427e+00	3.340808520000000392e+00	-3.001278769541099845e+00
1.630407601900475401e-01	3.744192735690931695e+00	3.353759000000000157e+00	-3.033912455874937741e+00
1.640410102525631519e-01	3.743553191398788726e+00	3.282531360000000120e+00	-3.033912455874937741e+00
1.650412603150787916e-01	3.744497735909956937e+00	2.965244600000000563e+00	-2.674941906202723541e+00
1.660415103775944035e-01	3.747040824826798566e+00	2.842215040000000137e+00	-2.544407160867373285e+00
1.670417604401100431e-01	3.749407310127920834e+00	2.550829240000000553e+00	-2.087535552193646726e+00
1.680420105026256827e-01	3.751515429516416589e+00	2.058711000000000180e+00	-1.859099747856782781e+00
1.690422605651412946e-01	3.755608148085524789e+00	1.715523279999999984e+00	-1.402228139183055999e+00
1.700425106276569343e-01	3.762161584014331428e+00	1.333484120000000051e+00	-1.141158648512355045e+00
1.710427606901725739e-01	3.768693004493357979e+00	1.048573559999999905e+00	-7.495544125063037244e-01
1.720430107526881858e-01	3.773263818174870554e+00	7.507125199999999943e-01	-5.211186081694403338e-01
1.730432608152038254e-01	3.776818480804322142e+00	5.953067600000000459e-01	-2.926828038325769432e-01
1.740435108777194373e-01	3.781312512560462746e+00	3.492476399999999703e-01	-9.688068582955121355e-02
1.750437609402350769e-01	3.786907333499525130e+00	1.744161599999999868e-01	6.628774583963688294e-02
1.760440110027507166e-01	3.792171968195447551e+00	-4.153200000000037417e-04	2.294561775088249655e-01
1.770442610652663284e-01	3.796866151425124070e+00	-1.558210800000000007e-01	3.926246091780131731e-01
1.780445111277819681e-01	3.802602082986945131e+00	-1.946725200000000155e-01	5.231593545133637058e-01
1.790447611902975800e-01	3.809823578733451566e+00	-3.306525599999999843e-01	6.210604135148766192e-01
1.800450112528132196e-01	3.816979258739324532e+00	-2.464744400000000168e-01	7.189614725163894215e-01
1.810452613153288592e-01	3.822482848542290590e+00	-4.277811600000000491e-01	7.842288451840646601e-01
1.820455113778444711e-01	3.826503229027045538e+00	-5.313849999999999962e-01	7.842288451840646601e-01
1.830457614403601108e-01	3.831423387675721326e+00	-5.054840400000000233e-01	8.494962178517398987e-01
1.840460115028757504e-01	3.837781419105469105e+00	-5.508107199999999759e-01	8.494962178517398987e-01
1.850462615653913623e-01	3.842065582614335728e+00	-5.313849999999999962e-01	8.821299041855775735e-01
1.860465116279070019e-01	3.842551140474461668e+00	-5.119592800000000166e-01	8.494962178517398987e-01
1.870467616904226138e-01	3.842034796247909334e+00	-4.990087999999999191e-01	8.821299041855775735e-01
1.880470117529382534e-01	3.842799682815844164e+00	-4.536821200000000776e-01	7.842288451840646601e-01
1.890472618154538931e-01	3.844122650955902998e+00	-3.954049599999999165e-01	7.842288451840646601e-01
1.900475118779695050e-01	3.844065906267386534e+00	-3.177020799999999978e-01	6.536940998487140719e-01
1.910477619404851446e-01	3.841662574232805660e+00	-1.687715600000000149e-01	5.884267271810389444e-01
1.920480120030007565e-01	3.838729089506360825e+00	-1.881972800000000223e-01	4.905256681795260310e-01
1.930482620655163961e-01	3.837608071265997900e+00	1.901039999999999675e-02	4.252582955118507924e-01
1.940485121280320358e-01	3.836865904856041620e+00	1.096637599999999990e-01	1.968224911749873740e-01
1.950487621905476476e-01	3.833450014884752122e+00	3.168714400000000042e-01	9.892143217347457163e-02
1.960490122530632873e-01	3.827454811193015782e+00	4.010495599999999716e-01	-6.424699949571360813e-02
1.970492623155789269e-01	3.820635084645537027e+00	6.471086800000001027e-01	-2.274154311649017046e-01
1.980495123780945388e-01	3.813857990852672408e+00	8.607915999999999901e-01	-4.558512355017650397e-01
1.990497624406101784e-01	3.807174558886760263e+00	1.074474520000000100e+00	-7.821880988401412882e-01
2.000500125031257903e-01	3.799469222394136647e+00	1.372335560000000010e+00	-1.075891275844679917e+00
2.010502625656414299e-01	3.790353726935794754e+00	1.812651879999999993e+00	-1.369594452849218325e+00
2.020505126281570696e-01	3.781472537874022599e+00	2.065186240000000062e+00	-1.598030257186082048e+00
2.030507626906726815e-01	3.774267797340646879e+00	2.246492959999999872e+00	-1.957000806858295805e+00
2.040510127531883211e-01	3.769188189244172538e+00	2.641482600000000236e+00	-2.120169238527484179e+00
2.050512628157039607e-01	3.765496314101480113e+00	2.712710240000000272e+00	-2.577040847201210738e+00
2.060515128782195726e-01	3.761364669388858051e+00	3.120650359999999957e+00	-2.740209278870398890e+00
2.070517629407352123e-01	3.756430088153718039e+00	3.282531360000000120e+00	-2.903377710539586598e+00
2.080520130032508241e-01	3.752008991901254920e+00	3.321382800000000302e+00	-3.001278769541099845e+00
2.090522630657664638e-01	3.748508715540506131e+00	3.250155160000000265e+00	-2.968645083207262392e+00
2.100525131282821034e-01	3.745712720573109333e+00	3.301957080000000211e+00	-3.001278769541099845e+00
2.110527631907977153e-01	3.744049230787033888e+00	3.289006600000000002e+00	-3.001278769541099845e+00
2.120530132533133549e-01	3.743501055667259880e+00	3.289006600000000002e+00	-2.936011396873424495e+00
2.130532633158289668e-01	3.743600583866535381e+00	3.301957080000000211e+00	-3.001278769541099845e+00
2.140535133783446065e-01	3.744667496973355103e+00	3.243679920000000383e+00	-2.936011396873424495e+00
2.150537634408602461e-01	3.746570172993648473e+00	2.919917920000000500e+00	-2.707575592536560993e+00
2.160540135033758580e-01	3.748244068341336721e+00	2.809838840000000282e+00	-2.511773474533535389e+00
2.170542635658914976e-01	3.750110170898222517e+00	2.486076839999999510e+00	-2.120169238527484179e+00
2.180545136284071372e-01	3.753217928013062643e+00	2.013384319999999672e+00	-1.826466061522945328e+00
2.190547636909227491e-01	3.756845745248853508e+00	1.683147080000000129e+00	-1.402228139183055999e+00
2.200550137534383888e-01	3.760779614678353422e+00	1.275206959999999778e+00	-1.141158648512355045e+00
2.210552638159540007e-01	3.766419048752175591e+00	1.016197360000000049e+00	-7.821880988401412882e-01
2.220555138784696403e-01	3.773162292255129557e+00	7.248115600000000214e-01	-4.558512355017650397e-01
2.230557639409852799e-01	3.778351997499779902e+00	5.888315200000000527e-01	-1.947817448310640853e-01
2.240560140035008918e-01	3.781630926555143990e+00	3.233466799999999974e-01	3.365405950579927752e-02
2.250562640660165314e-01	3.784998321647181196e+00	1.808914000000000077e-01	6.628774583963688294e-02
2.260565141285321433e-01	3.789526654717232379e+00	-4.153200000000037417e-04	2.947235501765002597e-01
2.270567641910477830e-01	3.795077729825548918e+00	-1.687715600000000149e-01	4.252582955118507924e-01
2.280570142535634226e-01	3.801428441264155911e+00	-2.205734800000000162e-01	5.557930408472013806e-01
2.290572643160790345e-01	3.808245077875459739e+00	-3.371277999999999775e-01	5.884267271810389444e-01
2.300575143785946741e-01	3.814957446536095809e+00	-2.594249200000000033e-01	7.515951588502269853e-01
2.310577644411103138e-01	3.821196943841767446e+00	-4.277811600000000491e-01	7.842288451840646601e-01
2.320580145036259256e-01	3.827262412521160950e+00	-5.508107199999999759e-01	8.168625315179022239e-01
2.330582645661415653e-01	3.833190117868022995e+00	-5.119592800000000166e-01	9.473972768532528121e-01
2.340585146286571772e-01	3.837757196633618140e+00	-5.637612000000000734e-01	8.821299041855775735e-01
2.350587646911728168e-01	3.840278305029883654e+00	-5.313849999999999962e-01	9.473972768532528121e-01
2.360590147536884564e-01	3.841937291811458266e+00	-5.313849999999999962e-01	8.494962178517398987e-01
2.370592648162040683e-01	3.843464532693487534e+00	-5.184345200000000098e-01	9.473972768532528121e-01
2.380595148787197080e-01	3.843997930976108535e+00	-4.795830800000000504e-01	8.168625315179022239e-01
2.390597649412353476e-01	3.843185997875972149e+00	-4.342563999999999869e-01	7.842288451840646601e-01
2.400600150037509595e-01	3.841672043118156132e+00	-3.177020799999999978e-01	7.189614725163894215e-01
2.410602650662665991e-01	3.839998268257724501e+00	-1.946725200000000155e-01	6.210604135148766192e-01
2.420605151287822110e-01	3.838512333363559126e+00	-2.076230000000000020e-01	5.557930408472013806e-01
2.430607651912978506e-01	3.836821584178236488e+00	6.059919999999996421e-03	3.273572365103378790e-01
2.440610152538134903e-01	3.833869461423128566e+00	9.671327999999999869e-02	2.620898638426626404e-01
2.450612653163291021e-01	3.829796978227965720e+00	2.909704799999999758e-01	3.365405950579927752e-02
2.460615153788447418e-01	3.825577697616417527e+00	3.686733600000000055e-01	-9.688068582955121355e-02
2.470617654413603537e-01	3.820758195067524010e+00	6.082572400000001434e-01	-3.579501765002521818e-01
2.480620155038759933e-01	3.813899073437381215e+00	8.284154000000000240e-01	-4.558512355017650397e-01
2.490622655663916329e-01	3.805070800432405420e+00	1.035623080000000140e+00	-6.842870398386284858e-01
2.500625156289072448e-01	3.796081707883261824e+00	1.352909840000000141e+00	-1.043257589510842243e+00
2.510627656914228845e-01	3.787798769502278784e+00	1.760849959999999825e+00	-1.304327080181543197e+00
2.520630157539385241e-01	3.780011301177941263e+00	2.032810039999999763e+00	-1.630663943519919501e+00
2.530632658164541637e-01	3.773301480938953567e+00	2.201166280000000253e+00	-1.891733434190620455e+00
2.540635158789697479e-01	3.767961437053612972e+00	2.583205440000000408e+00	-2.120169238527484179e+00
2.550637659414853875e-01	3.762976549356842337e+00	2.706235000000000390e+00	-2.446506101865860039e+00
2.560640160040010271e-01	3.757641087780247080e+00	3.042947480000000038e+00	-2.674941906202723541e+00
2.570642660665166668e-01	3.752442462706358395e+00	3.250155160000000265e+00	-2.838110337871911693e+00
2.580645161290323064e-01	3.747977504557769901e+00	3.263105640000000029e+00	-3.001278769541099845e+00
2.590647661915478905e-01	3.744845437493980356e+00	3.224254200000000292e+00	-2.903377710539586598e+00
2.600650162540635302e-01	3.743516430767305447e+00	3.263105640000000029e+00	-2.870744024205749145e+00
2.610652663165791698e-01	3.743253150757702929e+00	3.256630400000000147e+00	-2.968645083207262392e+00
2.620655163790948095e-01	3.743146817818293837e+00	3.256630400000000147e+00	-2.903377710539586598e+00
2.630657664416104491e-01	3.742840432360477809e+00	3.263105640000000029e+00	-2.968645083207262392e+00
2.640660165041260332e-01	3.742298370433995824e+00	3.204828480000000646e+00	-2.903377710539586598e+00
2.650662665666416729e-01	3.742727252330755316e+00	2.881066480000000318e+00	-2.642308219868886088e+00
2.660665166291573125e-01	3.745249601399187167e+00	2.745086440000000128e+00	-2.446506101865860039e+00
2.670667666916729521e-01	3.748837183485535629e+00	2.466651119999999864e+00	-2.022268179525970933e+00
2.680670167541885918e-01	3.751808615028696892e+00	1.974532879999999935e+00	-1.728565002521432525e+00
2.690672668167042314e-01	3.754108548080078656e+00	1.657246119999999934e+00	-1.336960766515380872e+00
2.700675168792198155e-01	3.757175561789036333e+00	1.242830760000000145e+00	-1.075891275844679917e+00
2.710677669417354552e-01	3.762369978000891457e+00	9.902964000000000766e-01	-7.169207261724660496e-01
2.720680170042510948e-01	3.769432548819561468e+00	6.989106000000000485e-01	-4.558512355017650397e-01
2.730682670667667344e-01	3.776111179130812179e+00	5.564553199999999755e-01	-2.926828038325769432e-01
2.740685171292823741e-01	3.780850066302030132e+00	3.168714400000000042e-01	1.020373171961676869e-03
2.750687671917979582e-01	3.784928838585001287e+00	1.420399599999999929e-01	1.641888048411497825e-01
2.760690172543135978e-01	3.789578005372781444e+00	-1.336580000000000407e-02	3.273572365103378790e-01
2.770692673168292375e-01	3.794390024848113274e+00	-1.946725200000000155e-01	4.578919818456884672e-01
2.780695173793448771e-01	3.799392131294366148e+00	-2.335239600000000026e-01	6.210604135148766192e-01
2.790697674418605168e-01	3.804913591933423156e+00	-3.630287599999999504e-01	6.210604135148766192e-01
2.800700175043761009e-01	3.811233202531756792e+00	-2.788506400000000385e-01	7.515951588502269853e-01
2.810702675668917405e-01	3.818455612435061930e+00	-4.601573600000000153e-01	8.168625315179022239e-01
2.820705176294073802e-01	3.824880812761136895e+00	-5.508107199999999759e-01	8.494962178517398987e-01
2.830707676919230198e-01	3.829551640213934238e+00	-5.249097599999998920e-01	9.147635905194151373e-01
2.840710177544386594e-01	3.834025798021476916e+00	-5.702364399999999556e-01	9.473972768532528121e-01
2.850712678169542436e-01	3.838087128605277343e+00	-5.572859600000000802e-01	8.821299041855775735e-01
2.860715178794698832e-01	3.839943909488486185e+00	-5.508107199999999759e-01	8.494962178517398987e-01
2.870717679419855228e-01	3.840177538578336769e+00	-5.249097599999998920e-01	8.821299041855775735e-01
2.880720180045011625e-01	3.840453448639068235e+00	-4.925335599999999814e-01	8.821299041855775735e-01
2.890722680670168021e-01	3.840844831525256797e+00	-4.472068799999999733e-01	7.842288451840646601e-01
2.900725181295323862e-01	3.840678011997141095e+00	-3.306525599999999843e-01	7.515951588502269853e-01
2.910727681920480259e-01	3.839768796449895660e+00	-2.011477600000000088e-01	5.557930408472013806e-01
2.920730182545636655e-01	3.837984737268250957e+00	-2.205734800000000162e-01	5.231593545133637058e-01
2.930732683170793051e-01	3.835521448796705535e+00	6.059919999999996421e-03	3.926246091780131731e-01
2.940735183795949448e-01	3.833010936536767499e+00	7.081231999999999804e-02	2.947235501765002597e-01
2.950737684421105844e-01	3.830300063456148596e+00	2.715447599999999961e-01	6.628774583963688294e-02
2.960740185046261685e-01	3.826238310450669644e+00	3.686733600000000055e-01	-9.688068582955121355e-02
2.970742685671418082e-01	3.819876174509828193e+00	5.888315200000000527e-01	-2.600491174987393794e-01
2.980745186296574478e-01	3.811630276748099178e+00	8.154649200000001485e-01	-4.884849218356027145e-01
2.990747686921730875e-01	3.803168995111435802e+00	1.009722120000000167e+00	-6.842870398386284858e-01
3.000750187546887271e-01	3.795652188306778196e+00	1.320533639999999842e+00	-1.010623903177004790e+00
3.010752688172043112e-01	3.788382645967610873e+00	1.754374719999999943e+00	-1.239059707513868069e+00
3.020755188797199509e-01	3.780675438176774872e+00	1.987483359999999921e+00	-1.565396570852244151e+00
3.030757689422355905e-01	3.773372738327675613e+00	2.194691039999999926e+00	-1.826466061522945328e+00
3.040760190047512301e-01	3.766915200926705509e+00	2.550829240000000553e+00	-2.120169238527484179e+00
3.050762690672668698e-01	3.761128773129310598e+00	2.667383560000000209e+00	-2.511773474533535389e+00
3.060765191297824539e-01	3.756563524103892160e+00	3.029997000000000273e+00	-2.674941906202723541e+00
3.070767691922980935e-01	3.753421597524386311e+00	3.211303720000000528e+00	-2.772842965204236343e+00
3.080770192548137332e-01	3.750470990163584872e+00	3.243679920000000383e+00	-2.936011396873424495e+00
3.090772693173293728e-01	3.746672892822437095e+00	3.185402760000000111e+00	-2.903377710539586598e+00
3.100775193798450124e-01	3.743014767686692057e+00	3.243679920000000383e+00	-2.870744024205749145e+00
3.110777694423605966e-01	3.741345549127377268e+00	3.224254200000000292e+00	-2.936011396873424495e+00
3.120780195048762362e-01	3.741990599836418685e+00	3.224254200000000292e+00	-2.870744024205749145e+00
3.130782695673918758e-01	3.743258677085401054e+00	3.230729440000000174e+00	-2.968645083207262392e+00
3.140785196299075155e-01	3.743882853396768517e+00	3.178927520000000229e+00	-2.903377710539586598e+00
3.150787696924231551e-01	3.744634451901149408e+00	2.881066480000000318e+00	-2.674941906202723541e+00
3.160790197549387948e-01	3.746098831332993040e+00	2.745086440000000128e+00	-2.544407160867373285e+00
3.170792698174543789e-01	3.747848361926557903e+00	2.460175879999999982e+00	-2.022268179525970933e+00
3.180795198799700185e-01	3.750146885042305200e+00	1.974532879999999935e+00	-1.761198688855269978e+00
3.190797699424856582e-01	3.753952500714198504e+00	1.637820399999999843e+00	-1.369594452849218325e+00
3.200800200050012978e-01	3.759605868334621182e+00	1.229880280000000159e+00	-1.141158648512355045e+00
3.210802700675169374e-01	3.765967794614891506e+00	9.708706800000000969e-01	-7.821880988401412882e-01
3.220805201300325216e-01	3.771566837270105221e+00	6.989106000000000485e-01	-4.232175491679274204e-01
3.230807701925481612e-01	3.776425567989310839e+00	5.305543600000000026e-01	-2.600491174987393794e-01
3.240810202550638008e-01	3.781504782220716177e+00	3.039209600000000178e-01	6.628774583963688294e-02
3.250812703175794405e-01	3.786971887688838301e+00	1.420399599999999929e-01	1.315551185073121632e-01
3.260815203800950801e-01	3.791878975708825816e+00	-3.279152000000000455e-02	3.273572365103378790e-01
3.270817704426106642e-01	3.796035383674382313e+00	-1.881972800000000223e-01	3.926246091780131731e-01
3.280820205051263039e-01	3.800822346526941953e+00	-2.270487200000000094e-01	6.210604135148766192e-01
3.290822705676419435e-01	3.807216432179759469e+00	-3.500782800000000750e-01	6.536940998487140719e-01
3.300825206301575832e-01	3.814568983108047373e+00	-2.723753999999999897e-01	7.189614725163894215e-01
3.310827706926732228e-01	3.821393031587918987e+00	-4.536821200000000776e-01	7.515951588502269853e-01
3.320830207551888069e-01	3.826853866107182700e+00	-5.508107199999999759e-01	7.842288451840646601e-01
3.330832708177044466e-01	3.831369526227075273e+00	-5.184345200000000098e-01	9.147635905194151373e-01
3.340835208802200862e-01	3.835578805966312732e+00	-5.702364399999999556e-01	8.494962178517398987e-01
3.350837709427357258e-01	3.839296791111239671e+00	-5.378602399999999895e-01	9.147635905194151373e-01
3.360840210052513655e-01	3.842034495351348777e+00	-5.443354799999999827e-01	9.147635905194151373e-01
3.370842710677669496e-01	3.843647008977469248e+00	-5.184345200000000098e-01	9.473972768532528121e-01
3.380845211302825892e-01	3.843920389544331240e+00	-4.795830800000000504e-01	7.842288451840646601e-01
3.390847711927982289e-01	3.843072654090727625e+00	-4.407316399999999801e-01	7.842288451840646601e-01
3.400850212553138685e-01	3.842040088168927614e+00	-3.371277999999999775e-01	7.515951588502269853e-01
3.410852713178295081e-01	3.841332210115079082e+00	-2.011477600000000088e-01	6.210604135148766192e-01
3.420855213803451478e-01	3.840563381640058616e+00	-2.205734800000000162e-01	5.557930408472013806e-01
3.430857714428607319e-01	3.838967541977798437e+00	1.253515999999999658e-02	3.599909228441755538e-01
3.440860215053763715e-01	3.836249524451019521e+00	7.081231999999999804e-02	2.620898638426626404e-01
3.450862715678920112e-01	3.832314398170637570e+00	2.650695199999999474e-01	1.315551185073121632e-01
3.460865216304076508e-01	3.826809735199843132e+00	3.621981200000000678e-01	1.020373171961676869e-03
3.470867716929232905e-01	3.820234826209333523e+00	6.082572400000001434e-01	-2.600491174987393794e-01
3.480870217554388746e-01	3.813326694637507508e+00	8.089896800000000443e-01	-4.558512355017650397e-01
3.490872718179545142e-01	3.805693593638876493e+00	1.016197360000000049e+00	-6.842870398386284858e-01
3.500875218804701539e-01	3.797447587669205316e+00	1.314058399999999960e+00	-9.453565305093293292e-01
3.510877719429857935e-01	3.789603511700860405e+00	1.741424239999999957e+00	-1.304327080181543197e+00
3.520880220055014331e-01	3.782424666420594939e+00	1.987483359999999921e+00	-1.500129198184569024e+00
3.530882720680170173e-01	3.776068276848789651e+00	2.155839599999999745e+00	-1.859099747856782781e+00
3.540885221305326569e-01	3.770515185268894065e+00	2.550829240000000553e+00	-2.054901865859808829e+00
3.550887721930482965e-01	3.764643562016127376e+00	2.654433080000000444e+00	-2.479139788199697936e+00
3.560890222555639362e-01	3.758305052703047711e+00	3.017046520000000065e+00	-2.707575592536560993e+00
3.570892723180795758e-01	3.753055277718730931e+00	3.191877999999999993e+00	-2.772842965204236343e+00
3.580895223805951599e-01	3.749803521104382753e+00	3.224254200000000292e+00	-2.870744024205749145e+00
3.590897724431107996e-01	3.747865089059161381e+00	3.165977040000000464e+00	-2.805476651538073796e+00
3.600900225056264392e-01	3.746114408872624590e+00	3.211303720000000528e+00	-2.838110337871911693e+00
3.610902725681420788e-01	3.744594956671130070e+00	3.198353240000000319e+00	-2.903377710539586598e+00
3.620905226306577185e-01	3.744132752096908323e+00	3.198353240000000319e+00	-2.870744024205749145e+00
3.630907726931733581e-01	3.744315276762784528e+00	3.204828480000000646e+00	-2.936011396873424495e+00
3.640910227556889422e-01	3.744657407245304270e+00	3.159501800000000138e+00	-2.838110337871911693e+00
3.650912728182045819e-01	3.745918066881408937e+00	2.822789320000000490e+00	-2.609674533535048635e+00
3.660915228807202215e-01	3.747672910279993275e+00	2.725660720000000481e+00	-2.479139788199697936e+00
3.670917729432358612e-01	3.749126337526057284e+00	2.414849199999999918e+00	-1.957000806858295805e+00
3.680920230057515008e-01	3.751636833529953474e+00	1.948631919999999962e+00	-1.761198688855269978e+00
3.690922730682670849e-01	3.755873652725254086e+00	1.611919440000000092e+00	-1.239059707513868069e+00
3.700925231307827246e-01	3.760801074479912742e+00	1.223405040000000055e+00	-1.010623903177004790e+00
3.710927731932983642e-01	3.766544593826972154e+00	9.579201999999999995e-01	-7.495544125063037244e-01
3.720930232558140038e-01	3.772941917069146278e+00	6.535839199999999849e-01	-3.579501765002521818e-01
3.730932733183296435e-01	3.778570819574599060e+00	5.435048399999999891e-01	-2.274154311649017046e-01
3.740935233808452276e-01	3.783768073299353052e+00	2.780200000000000449e-01	1.020373171961676869e-03
3.750937734433608672e-01	3.789414332132559071e+00	1.485152000000000139e-01	1.641888048411497825e-01
3.760940235058765069e-01	3.794487613465230336e+00	-1.984104000000000423e-02	3.599909228441755538e-01
3.770942735683921465e-01	3.798471640313781261e+00	-1.881972800000000223e-01	3.926246091780131731e-01
3.780945236309077861e-01	3.802979759226756684e+00	-2.335239600000000026e-01	5.557930408472013806e-01
3.790947736934233703e-01	3.809392622786656357e+00	-3.630287599999999504e-01	5.884267271810389444e-01
3.800950237559390099e-01	3.816579333180022626e+00	-2.788506400000000385e-01	7.515951588502269853e-01
3.810952738184546496e-01	3.822626739904535942e+00	-4.601573600000000153e-01	8.494962178517398987e-01
3.820955238809702892e-01	3.827688750713175381e+00	-5.637612000000000734e-01	7.515951588502269853e-01
3.830957739434859288e-01	3.832663706308787166e+00	-5.378602399999999895e-01	9.147635905194151373e-01
3.840960240060015130e-01	3.836922702557083564e+00	-5.831869200000000530e-01	8.494962178517398987e-01
3.850962740685171526e-01	3.839497912032916460e+00	-5.637612000000000734e-01	9.147635905194151373e-01
3.860965241310327922e-01	3.840663430069559237e+00	-5.572859600000000802e-01	8.821299041855775735e-01
3.870967741935484319e-01	3.841146103365700615e+00	-5.378602399999999895e-01	9.473972768532528121e-01
3.880970242560640715e-01	3.841602974915725000e+00	-4.925335599999999814e-01	8.494962178517398987e-01
3.890972743185797111e-01	3.842822569102005481e+00	-4.536821200000000776e-01	7.842288451840646601e-01
3.900975243810952953e-01	3.843933954344433523e+00	-3.436030400000000262e-01	7.515951588502269853e-01
3.910977744436109349e-01	3.842824559369570014e+00	-2.140982399999999952e-01	6.210604135148766192e-01
3.920980245061265745e-01	3.839881153514328904e+00	-2.335239600000000026e-01	5.557930408472013806e-01
3.930982745686422142e-01	3.836954374878529972e+00	-1.984104000000000423e-02	3.926246091780131731e-01
3.940985246311578538e-01	3.834267249880539907e+00	3.843611999999999723e-02	2.620898638426626404e-01
3.950987746936734379e-01	3.831192075493574656e+00	2.456437999999999955e-01	1.315551185073121632e-01
3.960990247561890776e-01	3.826840279300400383e+00	3.492476399999999703e-01	3.365405950579927752e-02
3.970992748187047172e-01	3.820618375072275530e+00	5.694058000000000730e-01	-1.621480584972264660e-01
3.980995248812203569e-01	3.813452993744899988e+00	7.830887200000000714e-01	-4.558512355017650397e-01
3.990997749437359965e-01	3.806187333998023892e+00	9.902964000000000766e-01	-6.842870398386284858e-01
4.001000250062515806e-01	3.798331959784033263e+00	1.288157439999999765e+00	-9.127228441754917654e-01
4.011002750687672203e-01	3.789602942402517716e+00	1.689622319999999789e+00	-1.206426021180030395e+00
4.021005251312828599e-01	3.781173911773585861e+00	1.948631919999999962e+00	-1.434861825516893896e+00
4.031007751937984995e-01	3.774741596849825687e+00	2.123463399999999890e+00	-1.793832375189107875e+00
4.041010252563141392e-01	3.769608142167288900e+00	2.505502560000000045e+00	-2.054901865859808829e+00
4.051012753188297233e-01	3.763404301579682532e+00	2.622056880000000589e+00	-2.381238729198184689e+00
4.061015253813453629e-01	3.756634511660985609e+00	2.971719840000000001e+00	-2.609674533535048635e+00
4.071017754438610026e-01	3.751781255177923491e+00	3.153026560000000256e+00	-2.740209278870398890e+00
4.081020255063766422e-01	3.749024834440182641e+00	3.178927520000000229e+00	-2.870744024205749145e+00
4.091022755688922818e-01	3.746712219582012171e+00	3.140076080000000491e+00	-2.805476651538073796e+00
4.101025256314079215e-01	3.744093515601186528e+00	3.165977040000000464e+00	-2.838110337871911693e+00
4.111027756939235056e-01	3.741913575486516486e+00	3.153026560000000256e+00	-2.903377710539586598e+00
4.121030257564391452e-01	3.741146045222201622e+00	3.172452280000000346e+00	-2.838110337871911693e+00
4.131032758189547849e-01	3.741483903030730307e+00	3.178927520000000229e+00	-2.903377710539586598e+00
4.141035258814704245e-01	3.742016945158486152e+00	3.107699880000000192e+00	-2.838110337871911693e+00
4.151037759439860642e-01	3.743006093851860339e+00	2.796888360000000517e+00	-2.577040847201210738e+00
4.161040260065016483e-01	3.744757148498985444e+00	2.686809280000000300e+00	-2.479139788199697936e+00
4.171042760690172879e-01	3.746847952828912920e+00	2.375997759999999737e+00	-1.924367120524458352e+00
4.181045261315329276e-01	3.750026625126198887e+00	1.909780479999999780e+00	-1.630663943519919501e+00
4.191047761940485672e-01	3.754892469910397601e+00	1.566592759999999807e+00	-1.304327080181543197e+00
4.201050262565642068e-01	3.759996399805526135e+00	1.178078360000000213e+00	-1.010623903177004790e+00
4.211052763190797910e-01	3.764673810254814068e+00	9.320192400000000266e-01	-6.842870398386284858e-01
4.221055263815954306e-01	3.770180263790650521e+00	6.406334400000001095e-01	-3.905838628340898566e-01
4.231057764441110702e-01	3.776558661514614279e+00	5.176038800000000162e-01	-1.947817448310640853e-01
4.241060265066267099e-01	3.781906492757706406e+00	2.650695199999999474e-01	3.365405950579927752e-02
4.251062765691423495e-01	3.785794600037356350e+00	1.161389999999999922e-01	1.968224911749873740e-01
4.261065266316579336e-01	3.790018930536465991e+00	-4.574200000000000488e-02	3.599909228441755538e-01
4.271067766941735733e-01	3.795438817189142444e+00	-2.399992000000000236e-01	4.578919818456884672e-01
4.281070267566892129e-01	3.801544641865675533e+00	-2.529496800000000101e-01	6.210604135148766192e-01
4.291072768192048525e-01	3.807791341593336210e+00	-3.824544800000000411e-01	6.536940998487140719e-01
4.301075268817204922e-01	3.813767967107744905e+00	-3.047516000000000114e-01	7.515951588502269853e-01
4.311077769442361318e-01	3.819376497021568007e+00	-4.731078399999999462e-01	8.494962178517398987e-01
4.321080270067517159e-01	3.825083178761171432e+00	-5.831869200000000530e-01	7.515951588502269853e-01
4.331082770692673556e-01	3.831184848193418979e+00	-5.443354799999999827e-01	8.821299041855775735e-01
4.341085271317829952e-01	3.836131325454371854e+00	-5.896621600000000463e-01	9.147635905194151373e-01
4.351087771942986349e-01	3.838239616730171999e+00	-5.637612000000000734e-01	9.473972768532528121e-01
4.361090272568142745e-01	3.838817354909262569e+00	-5.637612000000000734e-01	9.147635905194151373e-01
4.371092773193298586e-01	3.840138468139093764e+00	-5.508107199999999759e-01	9.147635905194151373e-01
4.381095273818454983e-01	3.841761826962036164e+00	-4.990087999999999191e-01	8.168625315179022239e-01
4.391097774443611379e-01	3.841763121465687547e+00	-4.731078399999999462e-01	7.842288451840646601e-01
4.401100275068767775e-01	3.840645140077514785e+00	-3.565535200000000127e-01	7.515951588502269853e-01
4.411102775693924172e-01	3.840152615255643997e+00	-2.140982399999999952e-01	6.536940998487140719e-01
4.421105276319080013e-01	3.839382656752647893e+00	-2.594249200000000033e-01	5.557930408472013806e-01
4.431107776944236409e-01	3.836482023171134514e+00	-4.574200000000000488e-02	4.252582955118507924e-01
4.441110277569392806e-01	3.832183490418841210e+00	2.548563999999999691e-02	2.620898638426626404e-01
4.451112778194549202e-01	3.828334575553175689e+00	2.391685600000000023e-01	1.641888048411497825e-01
4.461115278819705599e-01	3.824786935094609763e+00	3.298219200000001017e-01	-6.424699949571360813e-02
4.471117779444861440e-01	3.819835906964927918e+00	5.629305600000000798e-01	-1.947817448310640853e-01
4.481120280070017836e-01	3.812802420703680806e+00	7.766134800000000782e-01	-4.558512355017650397e-01
4.491122780695174233e-01	3.804539732853940315e+00	9.643954399999999927e-01	-5.537522945032778976e-01
4.501125281320330629e-01	3.795925187938436807e+00	1.281682200000000105e+00	-9.453565305093293292e-01
4.511127781945487025e-01	3.787725685926312647e+00	1.683147080000000129e+00	-1.206426021180030395e+00
4.521130282570642867e-01	3.780374362720848591e+00	1.922730959999999989e+00	-1.402228139183055999e+00
4.531132783195799263e-01	3.773434694543348122e+00	2.104037679999999799e+00	-1.793832375189107875e+00
4.541135283820955659e-01	3.766775943170866281e+00	2.453700639999999655e+00	-2.022268179525970933e+00
4.551137784446112056e-01	3.760577640446704173e+00	2.596155920000000172e+00	-2.381238729198184689e+00
4.561140285071268452e-01	3.755191079805254795e+00	2.952294120000000355e+00	-2.511773474533535389e+00
4.571142785696424848e-01	3.751648304825133007e+00	3.127125600000000283e+00	-2.707575592536560993e+00
4.581145286321580690e-01	3.749645003982681413e+00	3.153026560000000256e+00	-2.805476651538073796e+00
4.591147786946737086e-01	3.746991161112255053e+00	3.107699880000000192e+00	-2.870744024205749145e+00
4.601150287571893482e-01	3.743488641061662570e+00	3.146551319999999929e+00	-2.805476651538073796e+00
4.611152788197049879e-01	3.742045587517592864e+00	3.133600840000000609e+00	-2.870744024205749145e+00
4.621155288822206275e-01	3.743318767486976562e+00	3.133600840000000609e+00	-2.805476651538073796e+00
4.631157789447362116e-01	3.743758311033513309e+00	3.153026560000000256e+00	-2.838110337871911693e+00
4.641160290072518513e-01	3.742130817557414169e+00	3.081798920000000219e+00	-2.674941906202723541e+00
4.651162790697674909e-01	3.741772965252136096e+00	2.783937880000000309e+00	-2.544407160867373285e+00
4.661165291322831306e-01	3.744410258130248526e+00	2.647957840000000118e+00	-2.446506101865860039e+00
4.671167791947987702e-01	3.747790539275128729e+00	2.382473000000000063e+00	-1.924367120524458352e+00
4.681170292573143543e-01	3.750321384079951414e+00	1.890354760000000134e+00	-1.663297629853757176e+00
4.691172793198299940e-01	3.753815501552307143e+00	1.560117519999999924e+00	-1.239059707513868069e+00
4.701175293823456336e-01	3.759411091881617040e+00	1.158652640000000122e+00	-9.779902168431670040e-01
4.711177794448612732e-01	3.765174901377924321e+00	9.061182800000000537e-01	-6.190196671709531362e-01
4.721180295073769129e-01	3.770051930660873740e+00	6.406334400000001095e-01	-4.232175491679274204e-01
4.731182795698924970e-01	3.774629083134040108e+00	4.787524399999999458e-01	-1.947817448310640853e-01
4.741185296324081366e-01	3.779080022310925102e+00	2.521190400000000165e-01	3.365405950579927752e-02
4.751187796949237763e-01	3.784325647749639643e+00	1.031885200000000058e-01	1.968224911749873740e-01
4.761190297574394159e-01	3.791215333179400293e+00	-5.869248000000000520e-02	3.599909228441755538e-01
4.771192798199550555e-01	3.797818554997316021e+00	-2.270487200000000094e-01	4.578919818456884672e-01
4.781195298824706952e-01	3.802210829034069928e+00	-2.529496800000000101e-01	6.536940998487140719e-01
4.791197799449862793e-01	3.806690843050190232e+00	-3.759792400000000478e-01	6.863277861825517467e-01
4.801200300075019189e-01	3.814428929463534512e+00	-2.982763600000000181e-01	8.168625315179022239e-01
4.811202800700175586e-01	3.823599750472267633e+00	-4.666325999999999530e-01	7.842288451840646601e-01
4.821205301325331982e-01	3.829651127186613380e+00	-5.702364399999999556e-01	8.494962178517398987e-01
4.831207801950488379e-01	3.832036488928468376e+00	-5.313849999999999962e-01	9.147635905194151373e-01
4.841210302575644220e-01	3.833989690871900891e+00	-5.961373999999999285e-01	9.147635905194151373e-01
4.851212803200800616e-01	3.837270073167880824e+00	-5.831869200000000530e-01	9.800309631870904870e-01
4.861215303825957013e-01	3.841244725969558793e+00	-5.702364399999999556e-01	8.821299041855775735e-01
4.871217804451113409e-01	3.844267733347923599e+00	-5.313849999999999962e-01	9.147635905194151373e-01
4.881220305076269805e-01	3.844393632920390935e+00	-5.119592800000000166e-01	8.168625315179022239e-01
4.891222805701425647e-01	3.842211381241230850e+00	-4.536821200000000776e-01	7.842288451840646601e-01
4.901225306326582043e-01	3.840826752724230797e+00	-3.695039999999999436e-01	7.189614725163894215e-01
4.911227806951738439e-01	3.840860990262382924e+00	-2.270487200000000094e-01	5.884267271810389444e-01
4.921230307576894836e-01	3.839842952063348580e+00	-2.464744400000000168e-01	5.231593545133637058e-01
4.931232808202051232e-01	3.836801645934373894e+00	-3.926676000000000472e-02	3.926246091780131731e-01
4.941235308827207073e-01	3.833421883057275270e+00	2.548563999999999691e-02	3.599909228441755538e-01
4.951237809452363470e-01	3.830726596546220719e+00	2.391685600000000023e-01	9.892143217347457163e-02
4.961240310077519866e-01	3.826932549111746074e+00	3.298219200000001017e-01	1.020373171961676869e-03
4.971242810702676262e-01	3.820218555981078179e+00	5.435048399999999891e-01	-2.600491174987393794e-01
4.981245311327832659e-01	3.812072030840351289e+00	7.571877599999999875e-01	-4.558512355017650397e-01
4.991247811952988500e-01	3.804869950343211293e+00	9.643954399999999927e-01	-6.516533535047908110e-01
5.001250312578144896e-01	3.798161913101278042e+00	1.255781239999999910e+00	-9.127228441754917654e-01
5.011252813203301848e-01	3.790379864553755862e+00	1.670196599999999920e+00	-1.173792334846192720e+00
5.021255313828457689e-01	3.781902443914925804e+00	1.909780479999999780e+00	-1.467495511850731349e+00
5.031257814453613531e-01	3.773906513886822633e+00	2.097562439999999917e+00	-1.793832375189107875e+00
5.041260315078770482e-01	3.767079706861743205e+00	2.460175879999999982e+00	-1.957000806858295805e+00
5.051262815703926323e-01	3.761783389197376426e+00	2.570254960000000199e+00	-2.315971356530509784e+00
5.061265316329083275e-01	3.756858549045131390e+00	2.926393160000000382e+00	-2.609674533535048635e+00
5.071267816954239116e-01	3.751469191846457107e+00	3.094749400000000428e+00	-2.674941906202723541e+00
5.081270317579394957e-01	3.747699979151243088e+00	3.120650359999999957e+00	-2.870744024205749145e+00
5.091272818204551909e-01	3.746860090233637752e+00	3.081798920000000219e+00	-2.838110337871911693e+00
5.101275318829707750e-01	3.746800477371456939e+00	3.114175120000000074e+00	-2.772842965204236343e+00
5.111277819454864701e-01	3.745520192057581355e+00	3.127125600000000283e+00	-2.838110337871911693e+00
5.121280320080020543e-01	3.743792593916794420e+00	3.114175120000000074e+00	-2.772842965204236343e+00
5.131282820705176384e-01	3.743114284989078833e+00	3.127125600000000283e+00	-2.870744024205749145e+00
5.141285321330333336e-01	3.743503221537543002e+00	3.068848440000000455e+00	-2.772842965204236343e+00
5.151287821955489177e-01	3.744671583268358805e+00	2.764512159999999774e+00	-2.511773474533535389e+00
5.161290322580646128e-01	3.746574628407970842e+00	2.635007360000000354e+00	-2.315971356530509784e+00
5.171292823205801970e-01	3.748606321249492002e+00	2.337146319999999999e+00	-1.891733434190620455e+00
5.181295323830957811e-01	3.751017156171146283e+00	1.883879520000000030e+00	-1.663297629853757176e+00
5.191297824456114762e-01	3.755222101418479674e+00	1.527741319999999847e+00	-1.271693393847705744e+00
5.201300325081270604e-01	3.761435643355426350e+00	1.139226920000000032e+00	-9.453565305093293292e-01
5.211302825706427555e-01	3.767628496224706414e+00	8.931677999999999562e-01	-6.516533535047908110e-01
5.221305326331583396e-01	3.772263247464479718e+00	6.406334400000001095e-01	-3.579501765002521818e-01
5.231307826956739238e-01	3.776900733644319885e+00	4.917029200000000433e-01	-1.621480584972264660e-01
5.241310327581896189e-01	3.783023744902488605e+00	2.456437999999999955e-01	6.628774583963688294e-02
5.251312828207052030e-01	3.789151035587929428e+00	9.671327999999999869e-02	2.294561775088249655e-01
5.261315328832208982e-01	3.793777765441991079e+00	-6.516772000000001230e-02	3.926246091780131731e-01
5.271317829457364823e-01	3.797539728362490319e+00	-2.335239600000000026e-01	4.252582955118507924e-01
5.281320330082520664e-01	3.802128687753966840e+00	-2.594249200000000033e-01	6.210604135148766192e-01
5.291322830707677616e-01	3.808556547600070896e+00	-3.889297199999999788e-01	6.863277861825517467e-01
5.301325331332833457e-01	3.815704766601037079e+00	-3.047516000000000114e-01	7.842288451840646601e-01
5.311327831957990409e-01	3.821884259536375339e+00	-4.860583200000000437e-01	8.168625315179022239e-01
5.321330332583146250e-01	3.827096378220914197e+00	-5.831869200000000530e-01	8.494962178517398987e-01
5.331332833208302091e-01	3.832100175695241528e+00	-5.637612000000000734e-01	9.473972768532528121e-01
5.341335333833459043e-01	3.837169726940281578e+00	-6.155631200000000192e-01	8.821299041855775735e-01
5.351337834458614884e-01	3.841112509792741658e+00	-5.702364399999999556e-01	8.821299041855775735e-01
5.361340335083771835e-01	3.842282722552244678e+00	-5.767116799999999488e-01	8.821299041855775735e-01
5.371342835708927677e-01	3.842058312578733315e+00	-5.702364399999999556e-01	9.147635905194151373e-01
5.381345336334084628e-01	3.842512816224727956e+00	-5.249097599999998920e-01	8.168625315179022239e-01
5.391347836959240469e-01	3.842425559502941290e+00	-4.731078399999999462e-01	8.821299041855775735e-01
5.401350337584396311e-01	3.841037391157082759e+00	-3.630287599999999504e-01	7.515951588502269853e-01
5.411352838209553262e-01	3.840112630601574040e+00	-2.335239600000000026e-01	6.863277861825517467e-01
5.421355338834709103e-01	3.839623582732031082e+00	-2.594249200000000033e-01	5.557930408472013806e-01
5.431357839459866055e-01	3.837732203918037488e+00	-4.574200000000000488e-02	3.599909228441755538e-01
5.441360340085021896e-01	3.834527460612327854e+00	1.253515999999999658e-02	2.620898638426626404e-01
5.451362840710177737e-01	3.830909740884268722e+00	2.132676000000000016e-01	9.892143217347457163e-02
5.461365341335334689e-01	3.826372941121839233e+00	3.168714400000000042e-01	-3.161331316187596802e-02
5.471367841960490530e-01	3.820698198258734024e+00	5.435048399999999891e-01	-2.274154311649017046e-01
5.481370342585647482e-01	3.814324101224740193e+00	7.442372800000001121e-01	-4.558512355017650397e-01
5.491372843210803323e-01	3.806827084918453341e+00	9.514449600000001173e-01	-6.190196671709531362e-01
5.501375343835959164e-01	3.797754430232908263e+00	1.236355520000000041e+00	-8.474554715078166378e-01
5.511377844461116116e-01	3.788193679983091755e+00	1.624869920000000079e+00	-1.141158648512355045e+00
5.521380345086271957e-01	3.780422559881017275e+00	1.883879520000000030e+00	-1.434861825516893896e+00
5.531382845711428908e-01	3.775030221577125200e+00	2.065186240000000062e+00	-1.728565002521432525e+00
5.541385346336584750e-01	3.769675650494605179e+00	2.401898720000000154e+00	-1.957000806858295805e+00
5.551387846961740591e-01	3.763081815635314520e+00	2.544354000000000227e+00	-2.315971356530509784e+00
5.561390347586897542e-01	3.756980813589661405e+00	2.881066480000000318e+00	-2.479139788199697936e+00
5.571392848212053384e-01	3.752591190686966449e+00	3.075323679999999893e+00	-2.577040847201210738e+00
5.581395348837210335e-01	3.749388580830423479e+00	3.081798920000000219e+00	-2.740209278870398890e+00
5.591397849462366176e-01	3.747193225051345333e+00	3.036472240000000600e+00	-2.805476651538073796e+00
5.601400350087522018e-01	3.745746512480418122e+00	3.081798920000000219e+00	-2.707575592536560993e+00
5.611402850712678969e-01	3.744072095170568382e+00	3.075323679999999893e+00	-2.772842965204236343e+00
5.621405351337834810e-01	3.742573293574752213e+00	3.081798920000000219e+00	-2.740209278870398890e+00
5.631407851962991762e-01	3.742269821764877769e+00	3.081798920000000219e+00	-2.870744024205749145e+00
5.641410352588147603e-01	3.742673078752260629e+00	3.023521760000000391e+00	-2.707575592536560993e+00
5.651412853213303444e-01	3.743659260631750474e+00	2.725660720000000481e+00	-2.479139788199697936e+00
5.661415353838460396e-01	3.746083942022747415e+00	2.602631160000000055e+00	-2.315971356530509784e+00
5.671417854463616237e-01	3.749670232284252780e+00	2.291819639999999936e+00	-1.826466061522945328e+00
5.681420355088773189e-01	3.753118706408033134e+00	1.838552839999999744e+00	-1.630663943519919501e+00
5.691422855713929030e-01	3.755705445855606950e+00	1.514790839999999861e+00	-1.206426021180030395e+00
5.701425356339084871e-01	3.758516938047898215e+00	1.106850720000000177e+00	-9.127228441754917654e-01
5.711427856964241823e-01	3.763664518567177542e+00	8.737420800000000876e-01	-5.863859808371156834e-01
5.721430357589397664e-01	3.770946820475361783e+00	5.953067600000000459e-01	-4.232175491679274204e-01
5.731432858214554615e-01	3.777619658545877446e+00	4.593267200000000772e-01	-1.295143721633888190e-01
5.741435358839710457e-01	3.782132036126550023e+00	2.197428399999999948e-01	3.365405950579927752e-02
5.751437859464866298e-01	3.785456042116637665e+00	7.728756000000000514e-02	1.968224911749873740e-01
5.761440360090023249e-01	3.789571824498436214e+00	-9.106868000000001295e-02	3.599909228441755538e-01
5.771442860715179091e-01	3.795572812252324901e+00	-2.399992000000000236e-01	5.231593545133637058e-01
5.781445361340336042e-01	3.802329023865270941e+00	-2.788506400000000385e-01	6.210604135148766192e-01
5.791447861965491883e-01	3.808162284564825750e+00	-4.018802000000000207e-01	7.189614725163894215e-01
5.801450362590647725e-01	3.813690558297551103e+00	-3.241773200000000466e-01	8.494962178517398987e-01
5.811452863215804676e-01	3.820362265848922689e+00	-4.990087999999999191e-01	8.494962178517398987e-01
5.821455363840960517e-01	3.827272315912343625e+00	-5.896621600000000463e-01	8.168625315179022239e-01
5.831457864466117469e-01	3.832426491126632584e+00	-5.702364399999999556e-01	9.147635905194151373e-01
5.841460365091273310e-01	3.835619242805580420e+00	-6.090878800000000259e-01	9.147635905194151373e-01
5.851462865716430262e-01	3.838167544602234305e+00	-5.896621600000000463e-01	9.473972768532528121e-01
5.861465366341586103e-01	3.840537069080708132e+00	-6.026126399999999217e-01	9.473972768532528121e-01
5.871467866966741944e-01	3.841838324263114668e+00	-5.702364399999999556e-01	9.473972768532528121e-01
5.881470367591898896e-01	3.841991889740594246e+00	-5.313849999999999962e-01	8.821299041855775735e-01
5.891472868217054737e-01	3.841672322007944285e+00	-4.731078399999999462e-01	8.168625315179022239e-01
5.901475368842211688e-01	3.840890470954198666e+00	-3.889297199999999788e-01	7.189614725163894215e-01
5.911477869467367530e-01	3.839833911307953151e+00	-2.529496800000000101e-01	6.536940998487140719e-01
5.921480370092523371e-01	3.838516964143859678e+00	-2.788506400000000385e-01	5.884267271810389444e-01
5.931482870717680322e-01	3.835975980025410070e+00	-7.164296000000000553e-02	4.252582955118507924e-01
5.941485371342836164e-01	3.832114182615666387e+00	6.059919999999996421e-03	2.620898638426626404e-01
5.951487871967993115e-01	3.828344116655731710e+00	1.938418799999999942e-01	9.892143217347457163e-02
5.961490372593148956e-01	3.825232119092578209e+00	2.974457200000000245e-01	3.365405950579927752e-02
5.971492873218304798e-01	3.821121058925185832e+00	5.176038800000000162e-01	-1.947817448310640853e-01
5.981495373843461749e-01	3.814382401668400480e+00	7.183363200000001392e-01	-3.579501765002521818e-01
5.991497874468617590e-01	3.806019189718407691e+00	9.125935200000000469e-01	-6.190196671709531362e-01
6.001500375093774542e-01	3.797709094170335309e+00	1.229880280000000159e+00	-8.474554715078166378e-01
6.011502875718930383e-01	3.789272768797431912e+00	1.605444199999999988e+00	-1.173792334846192720e+00
6.021505376344086224e-01	3.780636275812793823e+00	1.877404279999999925e+00	-1.402228139183055999e+00
6.031507876969243176e-01	3.772709005610605626e+00	2.039285280000000089e+00	-1.663297629853757176e+00
6.041510377594399017e-01	3.765929624676910059e+00	2.369522519999999854e+00	-1.924367120524458352e+00
6.051512878219555969e-01	3.760875624882434209e+00	2.524928280000000136e+00	-2.315971356530509784e+00
6.061515378844711810e-01	3.757498011387431891e+00	2.848690280000000463e+00	-2.511773474533535389e+00
6.071517879469867651e-01	3.753931508862979438e+00	3.036472240000000600e+00	-2.609674533535048635e+00
6.081520380095024603e-01	3.749195064431625646e+00	3.055897960000000246e+00	-2.740209278870398890e+00
6.091522880720180444e-01	3.744702928467631420e+00	3.023521760000000391e+00	-2.707575592536560993e+00
6.101525381345337395e-01	3.742208635926083549e+00	3.055897960000000246e+00	-2.674941906202723541e+00
6.111527881970493237e-01	3.741782803329313012e+00	3.049422719999999920e+00	-2.772842965204236343e+00
6.121530382595649078e-01	3.742248828122940463e+00	3.049422719999999920e+00	-2.740209278870398890e+00
6.131532883220806029e-01	3.742605116228596263e+00	3.062373200000000573e+00	-2.838110337871911693e+00
6.141535383845961871e-01	3.742303260008377208e+00	2.997620800000000418e+00	-2.707575592536560993e+00
6.151537884471118822e-01	3.742264074830952136e+00	2.693284519999999738e+00	-2.413872415532022586e+00
6.161540385096274663e-01	3.744445542788507275e+00	2.563779720000000317e+00	-2.315971356530509784e+00
6.171542885721430505e-01	3.748506142896752102e+00	2.291819639999999936e+00	-1.826466061522945328e+00
6.181545386346587456e-01	3.751609944539173735e+00	1.799701400000000007e+00	-1.598030257186082048e+00
6.191547886971743297e-01	3.753212547393098841e+00	1.508315599999999979e+00	-1.206426021180030395e+00
6.201550387596900249e-01	3.756662577047247709e+00	1.093900239999999968e+00	-9.779902168431670040e-01
6.211552888222056090e-01	3.763058890132332746e+00	8.607915999999999901e-01	-6.842870398386284858e-01
6.221555388847211931e-01	3.769363706040337547e+00	5.888315200000000527e-01	-3.253164901664145625e-01
6.231557889472368883e-01	3.774546417888885674e+00	4.658019600000000704e-01	-1.621480584972264660e-01
6.241560390097524724e-01	3.780103396859423981e+00	2.132676000000000016e-01	6.628774583963688294e-02
6.251562890722681676e-01	3.786101295036293113e+00	7.081231999999999804e-02	2.294561775088249655e-01
6.261565391347837517e-01	3.791617798518035709e+00	-9.754392000000000618e-02	3.926246091780131731e-01
6.271567891972993358e-01	3.796447246251118735e+00	-2.529496800000000101e-01	5.231593545133637058e-01
6.281570392598150310e-01	3.801281728743370891e+00	-2.918011200000000249e-01	5.884267271810389444e-01
6.291572893223306151e-01	3.807288560231627539e+00	-3.954049599999999165e-01	6.863277861825517467e-01
6.301575393848463102e-01	3.814582933289872191e+00	-3.177020799999999978e-01	8.494962178517398987e-01
6.311577894473618944e-01	3.821384756129840632e+00	-4.990087999999999191e-01	7.842288451840646601e-01
6.321580395098775895e-01	3.826310782799801302e+00	-5.896621600000000463e-01	8.821299041855775735e-01
6.331582895723931736e-01	3.830510695493802853e+00	-5.637612000000000734e-01	8.821299041855775735e-01
6.341585396349087578e-01	3.835477933909297477e+00	-6.220383600000000124e-01	8.821299041855775735e-01
6.351587896974244529e-01	3.840276273819595243e+00	-5.961373999999999285e-01	1.012664649520927940e+00
6.361590397599400371e-01	3.843182811000819044e+00	-5.831869200000000530e-01	9.147635905194151373e-01
6.371592898224557322e-01	3.843647076039831134e+00	-5.702364399999999556e-01	9.473972768532528121e-01
6.381595398849713163e-01	3.842149500283743357e+00	-5.313849999999999962e-01	9.147635905194151373e-01
6.391597899474869005e-01	3.840420058148459770e+00	-4.990087999999999191e-01	8.494962178517398987e-01
6.401600400100025956e-01	3.839808132064802315e+00	-3.759792400000000478e-01	7.515951588502269853e-01
6.411602900725181797e-01	3.839684254679057052e+00	-2.335239600000000026e-01	6.863277861825517467e-01
6.421605401350338749e-01	3.838998898927997505e+00	-2.918011200000000249e-01	5.884267271810389444e-01
6.431607901975494590e-01	3.837289828228401145e+00	-7.164296000000000553e-02	4.252582955118507924e-01
6.441610402600650431e-01	3.834486689949589966e+00	-4.153200000000037417e-04	2.947235501765002597e-01
6.451612903225807383e-01	3.830646949225119169e+00	1.873666400000000010e-01	1.315551185073121632e-01
6.461615403850963224e-01	3.825569538042561835e+00	2.909704799999999758e-01	3.365405950579927752e-02
6.471617904476120176e-01	3.819371902183792411e+00	5.111286400000001340e-01	-1.621480584972264660e-01
6.481620405101276017e-01	3.812494446924185265e+00	7.053858400000000417e-01	-3.905838628340898566e-01
6.491622905726431858e-01	3.805011387868810768e+00	9.061182800000000537e-01	-6.516533535047908110e-01
6.501625406351588810e-01	3.796990427667465084e+00	1.203979319999999964e+00	-8.474554715078166378e-01
6.511627906976744651e-01	3.788705182337709587e+00	1.605444199999999988e+00	-1.108524962178517592e+00
6.521630407601901602e-01	3.780981741565138776e+00	1.838552839999999744e+00	-1.336960766515380872e+00
6.531632908227057444e-01	3.774613259928928155e+00	2.013384319999999672e+00	-1.761198688855269978e+00
6.541635408852213285e-01	3.768757273815059872e+00	2.356572039999999646e+00	-1.924367120524458352e+00
6.551637909477370236e-01	3.762563016880264843e+00	2.505502560000000045e+00	-2.348605042864347237e+00
6.561640410102526078e-01	3.756913759403590181e+00	2.842215040000000137e+00	-2.446506101865860039e+00
6.571642910727683029e-01	3.752775523145980063e+00	3.010571280000000183e+00	-2.577040847201210738e+00
6.581645411352838870e-01	3.749872927196523875e+00	3.036472240000000600e+00	-2.772842965204236343e+00
6.591647911977994712e-01	3.747442384482179811e+00	3.004096040000000301e+00	-2.740209278870398890e+00
6.601650412603151663e-01	3.745416554759490424e+00	3.036472240000000600e+00	-2.674941906202723541e+00
6.611652913228307504e-01	3.744065516986286202e+00	3.036472240000000600e+00	-2.805476651538073796e+00
6.621655413853464456e-01	3.743232338104347967e+00	3.036472240000000600e+00	-2.674941906202723541e+00
6.631657914478620297e-01	3.742896486869604633e+00	3.036472240000000600e+00	-2.772842965204236343e+00
6.641660415103776138e-01	3.743230546444964890e+00	2.978195079999999884e+00	-2.674941906202723541e+00
6.651662915728933090e-01	3.744087625337017222e+00	2.680334040000000417e+00	-2.446506101865860039e+00
6.661665416354088931e-01	3.745425513056407141e+00	2.563779720000000317e+00	-2.315971356530509784e+00
6.671667916979245883e-01	3.747309734377796797e+00	2.259443440000000081e+00	-1.826466061522945328e+00
6.681670417604401724e-01	3.749820969074408872e+00	1.799701400000000007e+00	-1.598030257186082048e+00
6.691672918229557565e-01	3.753549315421546240e+00	1.475939400000000123e+00	-1.173792334846192720e+00
6.701675418854714517e-01	3.758889260699104895e+00	1.087425000000000086e+00	-8.800891578416540906e-01
6.711677919479870358e-01	3.765580112200078045e+00	8.413658800000000104e-01	-6.516533535047908110e-01
6.721680420105027309e-01	3.772846977331614671e+00	5.823562799999999484e-01	-3.579501765002521818e-01
6.731682920730183151e-01	3.779154847770838099e+00	4.463762399999999797e-01	-1.295143721633888190e-01
6.741685421355338992e-01	3.783740459215742646e+00	2.067923600000000084e-01	6.628774583963688294e-02
6.751687921980495943e-01	3.787711000011888096e+00	7.081231999999999804e-02	2.294561775088249655e-01
6.761690422605651785e-01	3.792239171414816479e+00	-9.754392000000000618e-02	3.926246091780131731e-01
6.771692923230808736e-01	3.797234984253257561e+00	-2.529496800000000101e-01	4.905256681795260310e-01
6.781695423855964577e-01	3.802279983305062228e+00	-2.853258800000000317e-01	6.210604135148766192e-01
6.791697924481121529e-01	3.807643270682159020e+00	-4.083554400000000140e-01	6.536940998487140719e-01
6.801700425106277370e-01	3.813826521032033678e+00	-3.241773200000000466e-01	8.168625315179022239e-01
6.811702925731433211e-01	3.820977821714123479e+00	-5.054840400000000233e-01	7.842288451840646601e-01
6.821705426356590163e-01	3.828178290925398741e+00	-6.026126399999999217e-01	7.189614725163894215e-01
6.831707926981746004e-01	3.833433946967442996e+00	-5.572859600000000802e-01	9.473972768532528121e-01
6.841710427606902956e-01	3.836738273431729684e+00	-6.220383600000000124e-01	8.821299041855775735e-01
6.851712928232058797e-01	3.839870807990870993e+00	-5.831869200000000530e-01	1.012664649520927940e+00
6.861715428857214638e-01	3.842116820039327862e+00	-6.026126399999999217e-01	9.147635905194151373e-01
6.871717929482371590e-01	3.842320264108663341e+00	-5.702364399999999556e-01	9.800309631870904870e-01
6.881720430107527431e-01	3.842266973951037112e+00	-5.378602399999999895e-01	8.821299041855775735e-01
6.891722930732684382e-01	3.842931907555100501e+00	-4.990087999999999191e-01	8.168625315179022239e-01
6.901725431357840224e-01	3.842678347312141529e+00	-3.889297199999999788e-01	7.189614725163894215e-01
6.911727931982996065e-01	3.840994367908034945e+00	-2.464744400000000168e-01	6.536940998487140719e-01
6.921730432608153016e-01	3.839223597803937071e+00	-3.047516000000000114e-01	5.231593545133637058e-01
6.931732933233308858e-01	3.837789920036204450e+00	-7.164296000000000553e-02	4.252582955118507924e-01
6.941735433858465809e-01	3.835286414025828261e+00	-1.984104000000000423e-02	3.273572365103378790e-01
6.951737934483621650e-01	3.830518062298671644e+00	1.873666400000000010e-01	1.315551185073121632e-01
6.961740435108777492e-01	3.824728271858540474e+00	2.844952399999999826e-01	1.020373171961676869e-03
6.971742935733934443e-01	3.819645131934672921e+00	5.176038800000000162e-01	-1.621480584972264660e-01
6.981745436359090284e-01	3.814233253662468570e+00	7.053858400000000417e-01	-3.579501765002521818e-01
6.991747936984247236e-01	3.806846318009456720e+00	9.190687600000001511e-01	-5.211186081694403338e-01
7.001750437609403077e-01	3.798271474010093574e+00	1.184553600000000095e+00	-8.148217851739789630e-01
7.011752938234558918e-01	3.789967703191001291e+00	1.553642280000000042e+00	-1.141158648512355045e+00
7.021755438859715870e-01	3.782429277359396380e+00	1.845028079999999848e+00	-1.369594452849218325e+00
7.031757939484871711e-01	3.776075825256844709e+00	1.968057640000000053e+00	-1.728565002521432525e+00
7.041760440110028663e-01	3.770499988725062757e+00	2.343621559999999882e+00	-1.859099747856782781e+00
7.051762940735184504e-01	3.764234080077658362e+00	2.492552079999999837e+00	-2.283337670196671887e+00
7.061765441360340345e-01	3.757555265597365413e+00	2.816314080000000164e+00	-2.577040847201210738e+00
7.071767941985497297e-01	3.752159199222013353e+00	2.984670320000000210e+00	-2.544407160867373285e+00
7.081770442610653138e-01	3.748462952273221571e+00	3.004096040000000301e+00	-2.674941906202723541e+00
7.091772943235810089e-01	3.746123843109104623e+00	2.952294120000000355e+00	-2.740209278870398890e+00
7.101775443860965931e-01	3.744871343806830399e+00	2.997620800000000418e+00	-2.674941906202723541e+00
7.111777944486121772e-01	3.744229534850004981e+00	2.984670320000000210e+00	-2.707575592536560993e+00
7.121780445111278723e-01	3.743731801594261999e+00	2.997620800000000418e+00	-2.609674533535048635e+00
7.131782945736434565e-01	3.743230921060372030e+00	3.017046520000000065e+00	-2.674941906202723541e+00
7.141785446361591516e-01	3.743288042747751732e+00	2.945818880000000028e+00	-2.642308219868886088e+00
7.151787946986747357e-01	3.744426068618307291e+00	2.641482600000000236e+00	-2.446506101865860039e+00
7.161790447611903199e-01	3.746253782609509919e+00	2.531403520000000018e+00	-2.283337670196671887e+00
7.171792948237060150e-01	3.748290062218769592e+00	2.233542480000000108e+00	-1.793832375189107875e+00
7.181795448862215991e-01	3.750648343462094747e+00	1.754374719999999943e+00	-1.565396570852244151e+00
7.191797949487372943e-01	3.754019748533379719e+00	1.456513680000000033e+00	-1.206426021180030395e+00
7.201800450112528784e-01	3.758951232828978029e+00	1.055048800000000009e+00	-9.127228441754917654e-01
7.211802950737684625e-01	3.765122607407587640e+00	8.348906400000000172e-01	-6.190196671709531362e-01
7.221805451362841577e-01	3.771647770164693547e+00	5.564553199999999755e-01	-3.579501765002521818e-01
7.231807951987997418e-01	3.777247666264601289e+00	4.140000400000000136e-01	-1.295143721633888190e-01
7.241810452613154370e-01	3.781673820358825822e+00	1.938418799999999942e-01	9.892143217347457163e-02
7.251812953238310211e-01	3.786229906963876957e+00	3.843611999999999723e-02	1.968224911749873740e-01
7.261815453863467162e-01	3.790783813985573847e+00	-1.234448800000000068e-01	4.252582955118507924e-01
7.271817954488623004e-01	3.794647037169640136e+00	-2.723753999999999897e-01	4.905256681795260310e-01
7.281820455113778845e-01	3.799697079859517324e+00	-3.047516000000000114e-01	6.536940998487140719e-01
7.291822955738935796e-01	3.807088582204604776e+00	-4.018802000000000207e-01	6.863277861825517467e-01
7.301825456364091638e-01	3.814888545967020317e+00	-3.630287599999999504e-01	8.494962178517398987e-01
7.311827956989248589e-01	3.821875767083848352e+00	-5.119592800000000166e-01	8.494962178517398987e-01
7.321830457614404430e-01	3.828570821910376676e+00	-6.090878800000000259e-01	8.494962178517398987e-01
7.331832958239560272e-01	3.834455451235741386e+00	-5.767116799999999488e-01	8.821299041855775735e-01
7.341835458864717223e-01	3.838339195166095230e+00	-6.479393199999999853e-01	9.147635905194151373e-01
7.351837959489873064e-01	3.840371035880191908e+00	-6.090878800000000259e-01	1.012664649520927940e+00
7.361840460115030016e-01	3.841318668376728862e+00	-6.090878800000000259e-01	9.473972768532528121e-01
7.371842960740185857e-01	3.841642814223923175e+00	-5.896621600000000463e-01	9.473972768532528121e-01
7.381845461365341698e-01	3.842109540472786300e+00	-5.508107199999999759e-01	8.494962178517398987e-01
7.391847961990498650e-01	3.843150957254745315e+00	-5.119592800000000166e-01	8.168625315179022239e-01
7.401850462615654491e-01	3.843584744414381138e+00	-3.954049599999999165e-01	7.515951588502269853e-01
7.411852963240811443e-01	3.842030230454650308e+00	-2.659001599999999965e-01	6.536940998487140719e-01
7.421855463865967284e-01	3.838960781247974019e+00	-3.112268400000000046e-01	5.884267271810389444e-01
7.431857964491123125e-01	3.835537472206219878e+00	-8.459344000000000585e-02	4.578919818456884672e-01
7.441860465116280077e-01	3.832611494539890362e+00	-4.574200000000000488e-02	3.273572365103378790e-01
7.451862965741435918e-01	3.830451555283913567e+00	1.614656800000000003e-01	2.294561775088249655e-01
7.461865466366592869e-01	3.826822563022341139e+00	2.585942800000000097e-01	1.315551185073121632e-01
7.471867966991748711e-01	3.819787555563593617e+00	4.787524399999999458e-01	-9.688068582955121355e-02
7.481870467616904552e-01	3.811869625034427500e+00	6.794848799999999578e-01	-3.253164901664145625e-01
7.491872968242061503e-01	3.805221927820815697e+00	8.672668400000000943e-01	-5.537522945032778976e-01
7.501875468867217345e-01	3.797813623166486519e+00	1.171603120000000109e+00	-8.474554715078166378e-01
7.511877969492374296e-01	3.788699000105617110e+00	1.553642280000000042e+00	-1.108524962178517592e+00
7.521880470117530137e-01	3.780012812180247650e+00	1.799701400000000007e+00	-1.369594452849218325e+00
7.531882970742685979e-01	3.772767102509736681e+00	1.961582399999999726e+00	-1.663297629853757176e+00
7.541885471367842930e-01	3.766220455756553065e+00	2.291819639999999936e+00	-1.891733434190620455e+00
7.551887971992998771e-01	3.760264456749586870e+00	2.473126360000000190e+00	-2.185436611195159529e+00
7.561890472618155723e-01	3.755540133112248657e+00	2.764512159999999774e+00	-2.446506101865860039e+00
7.571892973243311564e-01	3.752522288181703303e+00	2.958769360000000237e+00	-2.479139788199697936e+00
7.581895473868467406e-01	3.750615237844639793e+00	2.984670320000000210e+00	-2.642308219868886088e+00
7.591897974493624357e-01	3.747914932679040856e+00	2.939343640000000146e+00	-2.674941906202723541e+00
7.601900475118780198e-01	3.744009028021878738e+00	2.958769360000000237e+00	-2.674941906202723541e+00
7.611902975743937150e-01	3.741483462769399804e+00	2.958769360000000237e+00	-2.707575592536560993e+00
7.621905476369092991e-01	3.741735278153330846e+00	2.958769360000000237e+00	-2.609674533535048635e+00
7.631907976994248832e-01	3.742861866236402602e+00	2.984670320000000210e+00	-2.707575592536560993e+00
7.641910477619405784e-01	3.743584167730240608e+00	2.913442680000000173e+00	-2.674941906202723541e+00
7.651912978244561625e-01	3.744368337063509244e+00	2.628532120000000027e+00	-2.348605042864347237e+00
7.661915478869718577e-01	3.745637200725640881e+00	2.499027319999999719e+00	-2.250703983862834434e+00
7.671917979494874418e-01	3.748169150941659922e+00	2.207641520000000135e+00	-1.826466061522945328e+00
7.681920480120030259e-01	3.752378998923080466e+00	1.747899480000000061e+00	-1.500129198184569024e+00
7.691922980745187211e-01	3.757312014040453896e+00	1.430612719999999838e+00	-1.173792334846192720e+00
7.701925481370343052e-01	3.761729213394986004e+00	1.022672600000000154e+00	-8.800891578416540906e-01
7.711927981995500003e-01	3.765562455959135857e+00	8.089896800000000443e-01	-6.190196671709531362e-01
7.721930482620655845e-01	3.769976339905062979e+00	5.564553199999999755e-01	-3.579501765002521818e-01
7.731932983245812796e-01	3.775498086597589786e+00	4.075248000000000759e-01	-9.688068582955121355e-02
7.741935483870968637e-01	3.781397222481774012e+00	1.938418799999999942e-01	1.641888048411497825e-01
7.751937984496124479e-01	3.786251271255962170e+00	3.196087999999999707e-02	1.641888048411497825e-01
7.761940485121281430e-01	3.789933054358169962e+00	-1.169696400000000136e-01	3.926246091780131731e-01
7.771942985746437271e-01	3.795432075654272097e+00	-2.853258800000000317e-01	4.252582955118507924e-01
7.781945486371594223e-01	3.803405524641251478e+00	-2.918011200000000249e-01	6.210604135148766192e-01
7.791947986996750064e-01	3.809884185873558149e+00	-4.018802000000000207e-01	6.863277861825517467e-01
7.801950487621905905e-01	3.814397522650769368e+00	-3.565535200000000127e-01	7.842288451840646601e-01
7.811952988247062857e-01	3.820207859753026458e+00	-5.184345200000000098e-01	8.494962178517398987e-01
7.821955488872218698e-01	3.826972161596275068e+00	-6.220383600000000124e-01	8.494962178517398987e-01
7.831957989497375650e-01	3.832467381823144503e+00	-5.831869200000000530e-01	1.045298335854765615e+00
7.841960490122531491e-01	3.836713204348777495e+00	-6.414640799999999921e-01	9.473972768532528121e-01
7.851962990747687332e-01	3.839749317378803983e+00	-6.090878800000000259e-01	1.012664649520927940e+00
7.861965491372844284e-01	3.840964297576558550e+00	-6.155631200000000192e-01	9.147635905194151373e-01
7.871967991998000125e-01	3.841506706635756441e+00	-5.767116799999999488e-01	9.473972768532528121e-01
7.881970492623157076e-01	3.842516334371644415e+00	-5.508107199999999759e-01	8.168625315179022239e-01
7.891972993248312918e-01	3.842916610425388679e+00	-4.990087999999999191e-01	8.494962178517398987e-01
7.901975493873468759e-01	3.842334707251267023e+00	-4.083554400000000140e-01	7.189614725163894215e-01
7.911977994498625710e-01	3.841899708159216331e+00	-2.529496800000000101e-01	6.536940998487140719e-01
7.921980495123781552e-01	3.841036077748578137e+00	-3.177020799999999978e-01	5.557930408472013806e-01
7.931982995748938503e-01	3.838227663667920453e+00	-9.754392000000000618e-02	4.578919818456884672e-01
7.941985496374094344e-01	3.833955084147431691e+00	-3.926676000000000472e-02	3.273572365103378790e-01
7.951987996999250186e-01	3.829495326546807910e+00	1.614656800000000003e-01	1.641888048411497825e-01
7.961990497624407137e-01	3.825049283175186776e+00	2.585942800000000097e-01	1.020373171961676869e-03
7.971992998249562978e-01	3.820325670234919979e+00	4.787524399999999458e-01	-1.295143721633888190e-01
7.981995498874719930e-01	3.814474871070852036e+00	6.665344000000000824e-01	-3.905838628340898566e-01
7.991997999499875771e-01	3.806294890249451779e+00	8.543163600000001079e-01	-5.537522945032778976e-01
8.002000500125031612e-01	3.796500758243146922e+00	1.145702159999999914e+00	-7.821880988401412882e-01
8.012003000750188564e-01	3.787577598871564089e+00	1.553642280000000042e+00	-1.108524962178517592e+00
8.022005501375344405e-01	3.780266623104639567e+00	1.780275679999999916e+00	-1.369594452849218325e+00
8.032008002000501357e-01	3.773404414906198490e+00	1.961582399999999726e+00	-1.565396570852244151e+00
8.042010502625657198e-01	3.766846810563408532e+00	2.278869160000000171e+00	-1.826466061522945328e+00
8.052013003250813039e-01	3.760907405324353636e+00	2.460175879999999982e+00	-2.185436611195159529e+00
8.062015503875969991e-01	3.755709970496078132e+00	2.764512159999999774e+00	-2.446506101865860039e+00
8.072018004501125832e-01	3.752209061485994646e+00	2.932868400000000264e+00	-2.446506101865860039e+00
8.082020505126282783e-01	3.749806214164679297e+00	2.958769360000000237e+00	-2.642308219868886088e+00
8.092023005751438625e-01	3.746642277988915470e+00	2.906967439999999847e+00	-2.674941906202723541e+00
8.102025506376594466e-01	3.743675200138593340e+00	2.958769360000000237e+00	-2.642308219868886088e+00
8.112028007001751417e-01	3.742741774166899571e+00	2.952294120000000355e+00	-2.674941906202723541e+00
8.122030507626907259e-01	3.742874558273264096e+00	2.945818880000000028e+00	-2.609674533535048635e+00
8.132033008252064210e-01	3.742439140550620102e+00	2.965244600000000563e+00	-2.740209278870398890e+00
8.142035508877220051e-01	3.742100447473147184e+00	2.894016960000000527e+00	-2.642308219868886088e+00
8.152038009502377003e-01	3.743137313491094798e+00	2.602631160000000055e+00	-2.381238729198184689e+00
8.162040510127532844e-01	3.745036687849567336e+00	2.505502560000000045e+00	-2.218070297528996981e+00
8.172043010752688685e-01	3.747614463763227377e+00	2.188215800000000044e+00	-1.793832375189107875e+00
8.182045511377845637e-01	3.751611308427525326e+00	1.721998519999999866e+00	-1.532762884518406477e+00
8.192048012003001478e-01	3.756016672674364010e+00	1.424137479999999734e+00	-1.075891275844679917e+00
8.202050512628158430e-01	3.760245025805426966e+00	1.022672600000000154e+00	-8.800891578416540906e-01
8.212053013253314271e-01	3.765525637035403772e+00	8.089896800000000443e-01	-5.863859808371156834e-01
8.222055513878470112e-01	3.771285601639271512e+00	5.370296000000001069e-01	-3.579501765002521818e-01
8.232058014503627064e-01	3.776177986076201698e+00	4.075248000000000759e-01	-1.621480584972264660e-01
8.242060515128782905e-01	3.780880327675169461e+00	1.744161599999999868e-01	1.315551185073121632e-01
8.252063015753939856e-01	3.786390470457374757e+00	3.843611999999999723e-02	2.294561775088249655e-01
8.262065516379095698e-01	3.792561516893460105e+00	-1.428706000000000143e-01	4.905256681795260310e-01
8.272068017004251539e-01	3.798098758116533524e+00	-2.723753999999999897e-01	5.557930408472013806e-01
8.282070517629408490e-01	3.802369686543907168e+00	-3.177020799999999978e-01	6.536940998487140719e-01
8.292073018254564332e-01	3.807126578776496739e+00	-4.277811600000000491e-01	6.863277861825517467e-01
8.302075518879721283e-01	3.813802311550193558e+00	-3.500782800000000750e-01	8.168625315179022239e-01
8.312078019504877124e-01	3.821541488425082456e+00	-5.184345200000000098e-01	8.494962178517398987e-01
8.322080520130032966e-01	3.828233844577599410e+00	-6.155631200000000192e-01	8.821299041855775735e-01
8.332083020755189917e-01	3.832241349467094160e+00	-5.896621600000000463e-01	9.800309631870904870e-01
8.342085521380345758e-01	3.834756450140625716e+00	-6.349888400000001099e-01	9.800309631870904870e-01
8.352088022005502710e-01	3.838099171983308189e+00	-6.026126399999999217e-01	9.473972768532528121e-01
8.362090522630658551e-01	3.841406874685705297e+00	-6.220383600000000124e-01	9.800309631870904870e-01
8.372093023255814392e-01	3.842433701636212007e+00	-5.961373999999999285e-01	9.800309631870904870e-01
8.382095523880971344e-01	3.841817625924917934e+00	-5.443354799999999827e-01	9.147635905194151373e-01
8.392098024506127185e-01	3.841513852107766525e+00	-5.054840400000000233e-01	8.494962178517398987e-01
8.402100525131284137e-01	3.841902603673132521e+00	-4.148306800000000072e-01	8.168625315179022239e-01
8.412103025756439978e-01	3.841862064195662008e+00	-2.659001599999999965e-01	7.189614725163894215e-01
8.422105526381595819e-01	3.840145630514762765e+00	-3.112268400000000046e-01	6.210604135148766192e-01
8.432108027006752771e-01	3.837347219477254878e+00	-1.040191599999999994e-01	4.252582955118507924e-01
8.442110527631908612e-01	3.834711738549236859e+00	-5.221724000000000504e-02	3.599909228441755538e-01
8.452113028257065563e-01	3.831470213934878188e+00	1.614656800000000003e-01	2.294561775088249655e-01
8.462115528882221405e-01	3.826417936577393153e+00	2.456437999999999955e-01	9.892143217347457163e-02
8.472118029507377246e-01	3.820229410685472171e+00	4.593267200000000772e-01	-9.688068582955121355e-02
8.482120530132534197e-01	3.813869850554507668e+00	6.535839199999999849e-01	-2.926828038325769432e-01
8.492123030757690039e-01	3.806570271017802654e+00	8.737420800000000876e-01	-5.863859808371156834e-01
8.502125531382846990e-01	3.797925872509135825e+00	1.139226920000000032e+00	-7.821880988401412882e-01
8.512128032008002831e-01	3.789366995530387250e+00	1.521266079999999965e+00	-1.010623903177004790e+00
8.522130532633158673e-01	3.781520867753620951e+00	1.773800439999999812e+00	-1.336960766515380872e+00
8.532133033258315624e-01	3.774101630203088753e+00	1.916255719999999885e+00	-1.630663943519919501e+00
8.542135533883471465e-01	3.767932493561976237e+00	2.265918679999999963e+00	-1.859099747856782781e+00
8.552138034508628417e-01	3.763298271182888399e+00	2.427799679999999682e+00	-2.185436611195159529e+00
8.562140535133784258e-01	3.758814248443999251e+00	2.745086440000000128e+00	-2.381238729198184689e+00
8.572143035758940099e-01	3.753893759635300587e+00	2.919917920000000500e+00	-2.511773474533535389e+00
8.582145536384097051e-01	3.749331038365594448e+00	2.932868400000000264e+00	-2.544407160867373285e+00
8.592148037009252892e-01	3.745852199252728276e+00	2.887541720000000200e+00	-2.642308219868886088e+00
8.602150537634409844e-01	3.744258332415051793e+00	2.932868400000000264e+00	-2.609674533535048635e+00
8.612153038259565685e-01	3.744124837574974940e+00	2.926393160000000382e+00	-2.642308219868886088e+00
8.622155538884722636e-01	3.743196362133084154e+00	2.919917920000000500e+00	-2.642308219868886088e+00
8.632158039509878478e-01	3.741621682277318506e+00	2.932868400000000264e+00	-2.674941906202723541e+00
8.642160540135034319e-01	3.742095558327380278e+00	2.874591239999999992e+00	-2.642308219868886088e+00
8.652163040760191270e-01	3.744986288863088042e+00	2.583205440000000408e+00	-2.348605042864347237e+00
8.662165541385347112e-01	3.748089640583828874e+00	2.479601600000000072e+00	-2.185436611195159529e+00
8.672168042010504063e-01	3.749883401252619208e+00	2.168790079999999953e+00	-1.761198688855269978e+00
8.682170542635659904e-01	3.751698300624864757e+00	1.683147080000000129e+00	-1.500129198184569024e+00
8.692173043260815746e-01	3.755608470103681817e+00	1.404711760000000087e+00	-1.108524962178517592e+00
8.702175543885972697e-01	3.760851897036481706e+00	9.902964000000000766e-01	-8.474554715078166378e-01
8.712178044511128538e-01	3.765705914970110868e+00	8.025144400000000511e-01	-5.537522945032778976e-01
8.722180545136285490e-01	3.770066448345213761e+00	5.176038800000000162e-01	-2.600491174987393794e-01
8.732183045761441331e-01	3.774668165608772163e+00	3.816238400000000475e-01	-6.424699949571360813e-02
8.742185546386597172e-01	3.780061177339630873e+00	1.679409199999999935e-01	1.641888048411497825e-01
8.752188047011754124e-01	3.786069205598670884e+00	2.548563999999999691e-02	2.294561775088249655e-01
8.762190547636909965e-01	3.792004728761786847e+00	-1.493458400000000075e-01	4.252582955118507924e-01
8.772193048262066917e-01	3.797354390586837436e+00	-3.047516000000000114e-01	5.231593545133637058e-01
8.782195548887222758e-01	3.802347788520133776e+00	-3.306525599999999843e-01	6.536940998487140719e-01
8.792198049512378599e-01	3.807732271664026502e+00	-4.277811600000000491e-01	6.863277861825517467e-01
8.802200550137535551e-01	3.813654132394635354e+00	-3.565535200000000127e-01	7.842288451840646601e-01
8.812203050762691392e-01	3.819488054059469562e+00	-5.313849999999999962e-01	8.821299041855775735e-01
8.822205551387848343e-01	3.824963040385372715e+00	-6.349888400000001099e-01	9.473972768532528121e-01
8.832208052013004185e-01	3.830574575895323353e+00	-6.026126399999999217e-01	9.800309631870904870e-01
8.842210552638160026e-01	3.836129634992404558e+00	-6.479393199999999853e-01	9.473972768532528121e-01
8.852213053263316977e-01	3.840116982621108122e+00	-6.220383600000000124e-01	9.473972768532528121e-01
8.862215553888472819e-01	3.841456702346473406e+00	-6.349888400000001099e-01	9.473972768532528121e-01
8.872218054513629770e-01	3.841193521109753206e+00	-6.090878800000000259e-01	9.800309631870904870e-01
8.882220555138785612e-01	3.841818185968270516e+00	-5.767116799999999488e-01	8.494962178517398987e-01
8.892223055763941453e-01	3.843591702909239238e+00	-5.249097599999998920e-01	8.494962178517398987e-01
8.902225556389098404e-01	3.843522126611988110e+00	-4.277811600000000491e-01	6.863277861825517467e-01
8.912228057014254246e-01	3.840671405071730327e+00	-2.788506400000000385e-01	7.189614725163894215e-01
8.922230557639411197e-01	3.837955131707106116e+00	-3.436030400000000262e-01	5.884267271810389444e-01
8.932233058264567038e-01	3.836558835410287305e+00	-1.040191599999999994e-01	4.578919818456884672e-01
8.942235558889722880e-01	3.834526232438142390e+00	-7.164296000000000553e-02	3.599909228441755538e-01
8.952238059514879831e-01	3.830700334021650111e+00	1.485152000000000139e-01	2.294561775088249655e-01
8.962240560140035672e-01	3.825539694902266419e+00	2.326933200000000090e-01	6.628774583963688294e-02
8.972243060765192624e-01	3.819782586222717491e+00	4.399010000000000420e-01	-1.947817448310640853e-01
8.982245561390348465e-01	3.813470318707273599e+00	6.471086800000001027e-01	-3.253164901664145625e-01
8.992248062015504306e-01	3.805839320558210837e+00	8.219401600000000307e-01	-4.884849218356027145e-01
9.002250562640661258e-01	3.797019528118318110e+00	1.145702159999999914e+00	-8.148217851739789630e-01
9.012253063265817099e-01	3.788345034741603001e+00	1.488889879999999888e+00	-1.043257589510842243e+00
9.022255563890974051e-01	3.780667622506799663e+00	1.754374719999999943e+00	-1.271693393847705744e+00
9.032258064516129892e-01	3.774273501956426191e+00	1.903305239999999898e+00	-1.565396570852244151e+00
9.042260565141285733e-01	3.768940176854497892e+00	2.214116760000000017e+00	-1.761198688855269978e+00
9.052263065766442685e-01	3.763289001451644467e+00	2.401898720000000154e+00	-2.152802924861321632e+00
9.062265566391598526e-01	3.756966815655165437e+00	2.699759760000000064e+00	-2.348605042864347237e+00
9.072268067016755477e-01	3.752104795409681781e+00	2.887541720000000200e+00	-2.446506101865860039e+00
9.082270567641911319e-01	3.749371686647635205e+00	2.894016960000000527e+00	-2.609674533535048635e+00
9.092273068267068270e-01	3.746558989179245902e+00	2.855165520000000345e+00	-2.544407160867373285e+00
9.102275568892224111e-01	3.743352809222030952e+00	2.887541720000000200e+00	-2.544407160867373285e+00
9.112278069517379953e-01	3.741673062241490211e+00	2.887541720000000200e+00	-2.642308219868886088e+00
9.122280570142536904e-01	3.741898009570205463e+00	2.894016960000000527e+00	-2.577040847201210738e+00
9.132283070767692745e-01	3.743080212903658222e+00	2.900492199999999965e+00	-2.740209278870398890e+00
9.142285571392849697e-01	3.744100353458712505e+00	2.842215040000000137e+00	-2.544407160867373285e+00
9.152288072018005538e-01	3.744541368447624752e+00	2.563779720000000317e+00	-2.315971356530509784e+00
9.162290572643161379e-01	3.745722776657415487e+00	2.453700639999999655e+00	-2.120169238527484179e+00
9.172293073268318331e-01	3.748585326829448672e+00	2.129938640000000216e+00	-1.695931316187594851e+00
9.182295573893474172e-01	3.752185713033834080e+00	1.670196599999999920e+00	-1.467495511850731349e+00
9.192298074518631124e-01	3.755478282759471931e+00	1.372335560000000010e+00	-1.075891275844679917e+00
9.202300575143786965e-01	3.758621575649336410e+00	9.773459200000000902e-01	-8.148217851739789630e-01
9.212303075768942806e-01	3.762766980879316936e+00	7.636630000000000917e-01	-6.190196671709531362e-01
9.222305576394099758e-01	3.768742921951321545e+00	5.046534000000000297e-01	-2.274154311649017046e-01
9.232308077019255599e-01	3.775704848900342636e+00	3.621981200000000678e-01	-9.688068582955121355e-02
9.242310577644412550e-01	3.781869102791429960e+00	1.614656800000000003e-01	2.620898638426626404e-01
9.252313078269568392e-01	3.786969817089393509e+00	1.253515999999999658e-02	2.620898638426626404e-01
9.262315578894724233e-01	3.792516967603321909e+00	-1.558210800000000007e-01	4.578919818456884672e-01
9.272318079519881184e-01	3.798441237219760236e+00	-2.918011200000000249e-01	4.905256681795260310e-01
9.282320580145037026e-01	3.803320918028212816e+00	-3.306525599999999843e-01	6.536940998487140719e-01
9.292323080770193977e-01	3.807837779244601872e+00	-4.342563999999999869e-01	7.515951588502269853e-01
9.302325581395349818e-01	3.813157604513718546e+00	-3.695039999999999436e-01	8.821299041855775735e-01
9.312328082020505660e-01	3.819440872802834619e+00	-5.313849999999999962e-01	9.147635905194151373e-01
9.322330582645662611e-01	3.826969078162793636e+00	-6.285136000000000056e-01	8.494962178517398987e-01
9.332333083270818452e-01	3.834097577574036464e+00	-5.961373999999999285e-01	9.800309631870904870e-01
9.342335583895975404e-01	3.837971623086710693e+00	-6.608898000000000827e-01	9.473972768532528121e-01
9.352338084521131245e-01	3.839098684122338234e+00	-6.090878800000000259e-01	9.800309631870904870e-01
9.362340585146287086e-01	3.840107712021396225e+00	-6.349888400000001099e-01	8.821299041855775735e-01
9.372343085771444038e-01	3.841271244134048413e+00	-5.961373999999999285e-01	9.800309631870904870e-01
9.382345586396599879e-01	3.841379296385470710e+00	-5.637612000000000734e-01	9.473972768532528121e-01
9.392348087021756831e-01	3.840798241542758173e+00	-5.249097599999998920e-01	8.821299041855775735e-01
9.402350587646912672e-01	3.840813610994905147e+00	-4.277811600000000491e-01	7.842288451840646601e-01
9.412353088272068513e-01	3.841463697078787654e+00	-2.723753999999999897e-01	6.863277861825517467e-01
9.422355588897225465e-01	3.841263428114486178e+00	-3.306525599999999843e-01	5.884267271810389444e-01
9.432358089522381306e-01	3.838780321883769719e+00	-1.104944000000000065e-01	5.231593545133637058e-01
9.442360590147538257e-01	3.834112078208344432e+00	-7.164296000000000553e-02	4.252582955118507924e-01
9.452363090772694099e-01	3.829124454621747997e+00	1.290894800000000064e-01	1.968224911749873740e-01
9.462365591397849940e-01	3.825552679303544146e+00	2.326933200000000090e-01	1.315551185073121632e-01
9.472368092023006891e-01	3.821998243569431963e+00	4.269505200000000000e-01	-9.688068582955121355e-02
9.482370592648162733e-01	3.815479277389152379e+00	6.341582000000000052e-01	-3.253164901664145625e-01
9.492373093273319684e-01	3.805830231896006666e+00	8.089896800000000443e-01	-5.537522945032778976e-01
9.502375593898475525e-01	3.795825412214079098e+00	1.113325960000000059e+00	-8.148217851739789630e-01
9.512378094523631367e-01	3.787856620227850968e+00	1.488889879999999888e+00	-1.010623903177004790e+00
9.522380595148788318e-01	3.781641582101007426e+00	1.734948999999999852e+00	-1.271693393847705744e+00
9.532383095773944159e-01	3.775540366841400264e+00	1.903305239999999898e+00	-1.565396570852244151e+00
9.542385596399101111e-01	3.769308667772710564e+00	2.201166280000000253e+00	-1.793832375189107875e+00
9.552388097024256952e-01	3.763703425524384638e+00	2.401898720000000154e+00	-2.087535552193646726e+00
9.562390597649413904e-01	3.758800043130904101e+00	2.686809280000000300e+00	-2.413872415532022586e+00
9.572393098274569745e-01	3.754205874097357398e+00	2.861640760000000228e+00	-2.446506101865860039e+00
9.582395598899725586e-01	3.749712806893172878e+00	2.887541720000000200e+00	-2.544407160867373285e+00
9.592398099524882538e-01	3.746083424428499065e+00	2.835739799999999811e+00	-2.609674533535048635e+00
9.602400600150038379e-01	3.744490992852284261e+00	2.874591239999999992e+00	-2.511773474533535389e+00
9.612403100775195330e-01	3.744098082918034809e+00	2.861640760000000228e+00	-2.577040847201210738e+00
9.622405601400351172e-01	3.743091341841844333e+00	2.868116000000000110e+00	-2.577040847201210738e+00
9.632408102025507013e-01	3.741550985043185840e+00	2.881066480000000318e+00	-2.674941906202723541e+00
9.642410602650663964e-01	3.740820308777842662e+00	2.829264560000000372e+00	-2.577040847201210738e+00
9.652413103275819806e-01	3.742091805205346233e+00	2.518453040000000698e+00	-2.250703983862834434e+00
9.662415603900976757e-01	3.745809893013852587e+00	2.427799679999999682e+00	-2.185436611195159529e+00
9.672418104526132598e-01	3.750593891835798832e+00	2.123463399999999890e+00	-1.728565002521432525e+00
9.682420605151288440e-01	3.754106704146209950e+00	1.663721360000000038e+00	-1.500129198184569024e+00
9.692423105776445391e-01	3.756749076551955557e+00	1.352909840000000141e+00	-1.075891275844679917e+00
9.702425606401601232e-01	3.761226554926434762e+00	9.708706800000000969e-01	-8.148217851739789630e-01
9.712428107026758184e-01	3.767351695425854796e+00	7.442372800000001121e-01	-5.537522945032778976e-01
9.722430607651914025e-01	3.772937296352977476e+00	4.981781600000000365e-01	-2.600491174987393794e-01
9.732433108277069866e-01	3.777870918733824190e+00	3.557228800000000746e-01	-6.424699949571360813e-02
9.742435608902226818e-01	3.782533961719975135e+00	1.485152000000000139e-01	1.641888048411497825e-01
9.752438109527382659e-01	3.786952147569235816e+00	1.901039999999999675e-02	3.273572365103378790e-01
9.762440610152539611e-01	3.791860638499223501e+00	-1.622963199999999939e-01	4.905256681795260310e-01
9.772443110777695452e-01	3.797217539937094433e+00	-2.982763600000000181e-01	5.231593545133637058e-01
9.782445611402851293e-01	3.802412256574910110e+00	-3.371277999999999775e-01	6.536940998487140719e-01
9.792448112028008245e-01	3.807670433591923143e+00	-4.342563999999999869e-01	6.863277861825517467e-01
9.802450612653164086e-01	3.813411414328542470e+00	-3.759792400000000478e-01	7.842288451840646601e-01
9.812453113278321037e-01	3.819995933141836275e+00	-5.378602399999999895e-01	8.494962178517398987e-01
9.822455613903476879e-01	3.827191236157024168e+00	-6.414640799999999921e-01	8.821299041855775735e-01
9.832458114528632720e-01	3.833443627482316707e+00	-6.026126399999999217e-01	9.473972768532528121e-01
9.842460615153789671e-01	3.838057576166246321e+00	-6.414640799999999921e-01	9.800309631870904870e-01
9.852463115778945513e-01	3.841630968903787302e+00	-6.285136000000000056e-01	1.012664649520927940e+00
9.862465616404102464e-01	3.843551612699302567e+00	-6.285136000000000056e-01	9.800309631870904870e-01
9.872468117029258305e-01	3.843458594134477657e+00	-6.026126399999999217e-01	9.473972768532528121e-01
9.882470617654414147e-01	3.842375180415114500e+00	-5.572859600000000802e-01	8.821299041855775735e-01
9.892473118279571098e-01	3.841032609926260832e+00	-5.249097599999998920e-01	7.515951588502269853e-01
9.902475618904726939e-01	3.840594315867706054e+00	-4.277811600000000491e-01	8.168625315179022239e-01
9.912478119529883891e-01	3.841215558496820837e+00	-2.788506400000000385e-01	7.189614725163894215e-01
9.922480620155039732e-01	3.840746959418162909e+00	-3.371277999999999775e-01	6.210604135148766192e-01
9.932483120780195573e-01	3.838362074132327439e+00	-1.299201200000000000e-01	4.905256681795260310e-01
9.942485621405352525e-01	3.834921119223871688e+00	-9.106868000000001295e-02	2.947235501765002597e-01
9.952488122030508366e-01	3.831045724282499343e+00	1.226142399999999993e-01	1.968224911749873740e-01
9.962490622655665318e-01	3.827069389915791930e+00	2.132676000000000016e-01	3.365405950579927752e-02
9.972493123280821159e-01	3.821761493944668242e+00	4.399010000000000420e-01	-9.688068582955121355e-02
9.982495623905977000e-01	3.813933526998834367e+00	6.212077200000000188e-01	-3.253164901664145625e-01
9.992498124531133952e-01	3.805329459983836315e+00	8.154649200000001485e-01	-4.558512355017650397e-01
1.000250062515628979e+00	3.797728715934650445e+00	1.087425000000000086e+00	-7.495544125063037244e-01
1.001250312578144674e+00	3.790261645895769416e+00	1.482414640000000006e+00	-9.453565305093293292e-01
1.002250562640660370e+00	3.781803775326335160e+00	1.709048039999999880e+00	-1.271693393847705744e+00
1.003250812703175843e+00	3.773319960764243142e+00	1.870929040000000043e+00	-1.532762884518406477e+00
1.004251062765691538e+00	3.766432204700172814e+00	2.194691039999999926e+00	-1.728565002521432525e+00
1.005251312828207233e+00	3.761239149441487850e+00	2.382473000000000063e+00	-2.120169238527484179e+00
1.006251562890722706e+00	3.756660453453796844e+00	2.680334040000000417e+00	-2.315971356530509784e+00
1.007251812953238401e+00	3.751975761784883456e+00	2.829264560000000372e+00	-2.381238729198184689e+00
1.008252063015754096e+00	3.747863344001078900e+00	2.848690280000000463e+00	-2.511773474533535389e+00
1.009252313078269570e+00	3.745201265788833389e+00	2.803363599999999956e+00	-2.511773474533535389e+00
1.010252563140785265e+00	3.743509317574165607e+00	2.848690280000000463e+00	-2.511773474533535389e+00
1.011252813203300960e+00	3.742421237339931483e+00	2.842215040000000137e+00	-2.609674533535048635e+00
1.012253063265816655e+00	3.742467302103950733e+00	2.848690280000000463e+00	-2.544407160867373285e+00
1.013253313328332128e+00	3.743294307422899259e+00	2.868116000000000110e+00	-2.577040847201210738e+00
1.014253563390847823e+00	3.743873511623584172e+00	2.803363599999999956e+00	-2.544407160867373285e+00
1.015253813453363518e+00	3.744181337093479556e+00	2.492552079999999837e+00	-2.250703983862834434e+00
1.016254063515878991e+00	3.744841824274700581e+00	2.414849199999999918e+00	-2.152802924861321632e+00
1.017254313578394687e+00	3.746349643285732167e+00	2.084611959999999709e+00	-1.728565002521432525e+00
1.018254563640910382e+00	3.749334714866552343e+00	1.644295639999999947e+00	-1.402228139183055999e+00
1.019254813703425855e+00	3.754198017638259000e+00	1.333484120000000051e+00	-1.043257589510842243e+00
1.020255063765941550e+00	3.759881408438341399e+00	9.384944800000000198e-01	-8.474554715078166378e-01
1.021255313828457245e+00	3.765157056281478898e+00	7.507125199999999943e-01	-4.884849218356027145e-01
1.022255563890972940e+00	3.770725766823537217e+00	4.787524399999999458e-01	-1.947817448310640853e-01
1.023255813953488413e+00	3.776862703916375796e+00	3.686733600000000055e-01	-6.424699949571360813e-02
1.024256064016004109e+00	3.782093887647051123e+00	1.420399599999999929e-01	1.641888048411497825e-01
1.025256314078519804e+00	3.785996165889730314e+00	-1.336580000000000407e-02	2.620898638426626404e-01
1.026256564141035277e+00	3.790021769027250187e+00	-1.622963199999999939e-01	4.578919818456884672e-01
1.027256814203550972e+00	3.795598090532878111e+00	-3.112268400000000046e-01	5.231593545133637058e-01
1.028257064266066667e+00	3.802176571461491239e+00	-3.241773200000000466e-01	6.863277861825517467e-01
1.029257314328582362e+00	3.808306846538284773e+00	-4.536821200000000776e-01	7.515951588502269853e-01
1.030257564391097835e+00	3.814155328191421557e+00	-3.824544800000000411e-01	8.494962178517398987e-01
1.031257814453613531e+00	3.820305971157491598e+00	-5.378602399999999895e-01	8.494962178517398987e-01
1.032258064516129226e+00	3.826308859812646901e+00	-6.414640799999999921e-01	8.168625315179022239e-01
1.033258314578644699e+00	3.831783341871892734e+00	-6.090878800000000259e-01	9.473972768532528121e-01
1.034258564641160394e+00	3.836753432360540117e+00	-6.738402799999999582e-01	8.821299041855775735e-01
1.035258814703676089e+00	3.840410023962369301e+00	-6.155631200000000192e-01	1.012664649520927940e+00
1.036259064766191562e+00	3.841386231289607434e+00	-6.414640799999999921e-01	9.473972768532528121e-01
1.037259314828707257e+00	3.840735573375227307e+00	-6.090878800000000259e-01	9.147635905194151373e-01
1.038259564891222952e+00	3.840780859511458090e+00	-5.831869200000000530e-01	8.821299041855775735e-01
1.039259814953738648e+00	3.841028215395911882e+00	-5.313849999999999962e-01	8.168625315179022239e-01
1.040260065016254121e+00	3.840616646681158652e+00	-4.472068799999999733e-01	8.168625315179022239e-01
1.041260315078769816e+00	3.840619524718685618e+00	-2.853258800000000317e-01	7.515951588502269853e-01
1.042260565141285511e+00	3.840534584581362321e+00	-3.500782800000000750e-01	5.884267271810389444e-01
1.043260815203800984e+00	3.838597249612008433e+00	-1.299201200000000000e-01	4.905256681795260310e-01
1.044261065266316679e+00	3.835336682001354358e+00	-9.106868000000001295e-02	3.599909228441755538e-01
1.045261315328832374e+00	3.831903416042286903e+00	1.161389999999999922e-01	2.294561775088249655e-01
1.046261565391347848e+00	3.827297454377307950e+00	2.067923600000000084e-01	9.892143217347457163e-02
1.047261815453863543e+00	3.820561945055615638e+00	4.140000400000000136e-01	-6.424699949571360813e-02
1.048262065516379238e+00	3.812985932882124729e+00	6.017820000000000391e-01	-2.926828038325769432e-01
1.049262315578894933e+00	3.805814573549270996e+00	7.960392000000000579e-01	-4.558512355017650397e-01
1.050262565641410406e+00	3.798168083594173350e+00	1.087425000000000086e+00	-6.842870398386284858e-01
1.051262815703926101e+00	3.789386868822083976e+00	1.443563199999999824e+00	-9.453565305093293292e-01
1.052263065766441796e+00	3.780951518915784071e+00	1.709048039999999880e+00	-1.239059707513868069e+00
1.053263315828957269e+00	3.773901732491574457e+00	1.845028079999999848e+00	-1.565396570852244151e+00
1.054263565891472965e+00	3.767760953784477174e+00	2.142889119999999981e+00	-1.761198688855269978e+00
1.055263815953988660e+00	3.762805073300534708e+00	2.356572039999999646e+00	-2.087535552193646726e+00
1.056264066016504133e+00	3.758740125087088657e+00	2.641482600000000236e+00	-2.283337670196671887e+00
1.057264316079019828e+00	3.753707422921449766e+00	2.803363599999999956e+00	-2.381238729198184689e+00
1.058264566141535523e+00	3.748274607424816107e+00	2.829264560000000372e+00	-2.544407160867373285e+00
1.059264816204051218e+00	3.744954351128577219e+00	2.783937880000000309e+00	-2.544407160867373285e+00
1.060265066266566691e+00	3.743980197977672564e+00	2.816314080000000164e+00	-2.511773474533535389e+00
1.061265316329082387e+00	3.743843775024644493e+00	2.822789320000000490e+00	-2.544407160867373285e+00
1.062265566391598082e+00	3.743412533408524645e+00	2.816314080000000164e+00	-2.511773474533535389e+00
1.063265816454113555e+00	3.742533194843710387e+00	2.829264560000000372e+00	-2.544407160867373285e+00
1.064266066516629250e+00	3.741913020541981272e+00	2.777462640000000427e+00	-2.413872415532022586e+00
1.065266316579144945e+00	3.742307342304675988e+00	2.486076839999999510e+00	-2.250703983862834434e+00
1.066266566641660418e+00	3.743950563441563517e+00	2.369522519999999854e+00	-2.120169238527484179e+00
1.067266816704176113e+00	3.746645748579556567e+00	2.071661479999999944e+00	-1.663297629853757176e+00
1.068267066766691809e+00	3.749951927508015093e+00	1.624869920000000079e+00	-1.402228139183055999e+00
1.069267316829207504e+00	3.753459025234240354e+00	1.327008879999999946e+00	-1.043257589510842243e+00
1.070267566891722977e+00	3.757905748852572891e+00	9.061182800000000537e-01	-7.821880988401412882e-01
1.071267816954238672e+00	3.764276772832546136e+00	7.183363200000001392e-01	-5.863859808371156834e-01
1.072268067016754367e+00	3.771089891108375447e+00	4.658019600000000704e-01	-3.253164901664145625e-01
1.073268317079269840e+00	3.776192553575027588e+00	3.492476399999999703e-01	-6.424699949571360813e-02
1.074268567141785535e+00	3.780212090664052837e+00	1.420399599999999929e-01	1.641888048411497825e-01
1.075268817204301230e+00	3.785042863377661604e+00	-1.984104000000000423e-02	3.273572365103378790e-01
1.076269067266816926e+00	3.790912161481958531e+00	-1.817220400000000013e-01	4.578919818456884672e-01
1.077269317329332399e+00	3.796969923367413458e+00	-3.241773200000000466e-01	5.884267271810389444e-01
1.078269567391848094e+00	3.802897790865591876e+00	-3.371277999999999775e-01	6.210604135148766192e-01
1.079269817454363789e+00	3.808556350911975308e+00	-4.472068799999999733e-01	7.189614725163894215e-01
1.080270067516879262e+00	3.813955751891329626e+00	-3.824544800000000411e-01	8.168625315179022239e-01
1.081270317579394957e+00	3.819946178370420498e+00	-5.443354799999999827e-01	9.473972768532528121e-01
1.082270567641910652e+00	3.826785098209097402e+00	-6.544145599999999785e-01	9.147635905194151373e-01
1.083270817704426126e+00	3.832856238790756986e+00	-6.090878800000000259e-01	1.012664649520927940e+00
1.084271067766941821e+00	3.836604644571542710e+00	-6.673650399999999649e-01	9.800309631870904870e-01
1.085271317829457516e+00	3.838514212385604640e+00	-6.349888400000001099e-01	1.012664649520927940e+00
1.086271567891973211e+00	3.840130008767402625e+00	-6.544145599999999785e-01	9.473972768532528121e-01
1.087271817954488684e+00	3.841837636188377925e+00	-6.220383600000000124e-01	1.012664649520927940e+00
1.088272068017004379e+00	3.842612494424597624e+00	-5.767116799999999488e-01	9.147635905194151373e-01
1.089272318079520074e+00	3.842166138102860895e+00	-5.443354799999999827e-01	8.821299041855775735e-01
1.090272568142035547e+00	3.841755680312839871e+00	-4.407316399999999801e-01	8.494962178517398987e-01
1.091272818204551243e+00	3.841889835392415353e+00	-2.982763600000000181e-01	7.515951588502269853e-01
1.092273068267066938e+00	3.841068657606708570e+00	-3.500782800000000750e-01	6.536940998487140719e-01
1.093273318329582411e+00	3.838201017161381401e+00	-1.299201200000000000e-01	5.231593545133637058e-01
1.094273568392098106e+00	3.834338631937072250e+00	-1.040191599999999994e-01	3.926246091780131731e-01
1.095273818454613801e+00	3.830501433782712351e+00	9.023803999999999159e-02	2.294561775088249655e-01
1.096274068517129496e+00	3.826060838298691813e+00	1.938418799999999942e-01	9.892143217347457163e-02
1.097274318579644969e+00	3.820170161335124881e+00	3.880990800000000407e-01	1.020373171961676869e-03
1.098274568642160665e+00	3.813040125119402823e+00	6.082572400000001434e-01	-2.926828038325769432e-01
1.099274818704676360e+00	3.805385480982441226e+00	7.701382400000000850e-01	-4.558512355017650397e-01
1.100275068767191833e+00	3.797406835389374180e+00	1.067999279999999995e+00	-7.169207261724660496e-01
1.101275318829707528e+00	3.789007786224073193e+00	1.437087959999999942e+00	-9.453565305093293292e-01
1.102275568892223223e+00	3.780446683328075430e+00	1.670196599999999920e+00	-1.206426021180030395e+00
1.103275818954738696e+00	3.772423543497117393e+00	1.832077599999999862e+00	-1.467495511850731349e+00
1.104276069017254391e+00	3.765696727506438801e+00	2.110512920000000125e+00	-1.728565002521432525e+00
1.105276319079770087e+00	3.760344313847108655e+00	2.337146319999999999e+00	-1.989634493192133702e+00
1.106276569142285782e+00	3.755739565175499450e+00	2.628532120000000027e+00	-2.283337670196671887e+00
1.107276819204801255e+00	3.751550349179327615e+00	2.790413120000000191e+00	-2.413872415532022586e+00
1.108277069267316950e+00	3.748269662855508333e+00	2.803363599999999956e+00	-2.479139788199697936e+00
1.109277319329832645e+00	3.746139510726941069e+00	2.764512159999999774e+00	-2.446506101865860039e+00
1.110277569392348118e+00	3.744501359015495190e+00	2.809838840000000282e+00	-2.479139788199697936e+00
1.111277819454863813e+00	3.743071668325932411e+00	2.803363599999999956e+00	-2.544407160867373285e+00
1.112278069517379508e+00	3.742799578040505892e+00	2.803363599999999956e+00	-2.446506101865860039e+00
1.113278319579894982e+00	3.744307964577880732e+00	2.816314080000000164e+00	-2.544407160867373285e+00
1.114278569642410677e+00	3.745905947142145198e+00	2.758036920000000336e+00	-2.479139788199697936e+00
1.115278819704926372e+00	3.745812517476287962e+00	2.473126360000000190e+00	-2.185436611195159529e+00
1.116279069767442067e+00	3.745696622104700335e+00	2.363047279999999972e+00	-2.087535552193646726e+00
1.117279319829957540e+00	3.748094235281950848e+00	2.045760519999999971e+00	-1.598030257186082048e+00
1.118279569892473235e+00	3.752209757526431044e+00	1.611919440000000092e+00	-1.467495511850731349e+00
1.119279819954988930e+00	3.756317327585925625e+00	1.307583159999999856e+00	-1.010623903177004790e+00
1.120280070017504404e+00	3.761012529536083449e+00	8.931677999999999562e-01	-7.821880988401412882e-01
1.121280320080020099e+00	3.766587357766790767e+00	7.118610800000001460e-01	-5.211186081694403338e-01
1.122280570142535794e+00	3.771936618165514510e+00	4.658019600000000704e-01	-2.600491174987393794e-01
1.123280820205051489e+00	3.777034205645145803e+00	3.233466799999999974e-01	-3.161331316187596802e-02
1.124281070267566962e+00	3.782061212796144822e+00	1.161389999999999922e-01	2.620898638426626404e-01
1.125281320330082657e+00	3.786882275751279892e+00	-2.631628000000000439e-02	2.620898638426626404e-01
1.126281570392598352e+00	3.792352388510192185e+00	-1.817220400000000013e-01	4.905256681795260310e-01
1.127281820455113825e+00	3.798473483933506145e+00	-3.177020799999999978e-01	5.231593545133637058e-01
1.128282070517629521e+00	3.804116282582279407e+00	-3.436030400000000262e-01	6.863277861825517467e-01
1.129282320580145216e+00	3.809404551159977448e+00	-4.472068799999999733e-01	6.863277861825517467e-01
1.130282570642660689e+00	3.815240839721407706e+00	-3.954049599999999165e-01	8.168625315179022239e-01
1.131282820705176384e+00	3.821716970615012254e+00	-5.572859600000000802e-01	8.821299041855775735e-01
1.132283070767692079e+00	3.827892344670380975e+00	-6.479393199999999853e-01	9.147635905194151373e-01
1.133283320830207774e+00	3.833092261093383080e+00	-6.155631200000000192e-01	1.045298335854765615e+00
1.134283570892723247e+00	3.837875987702333180e+00	-6.738402799999999582e-01	9.473972768532528121e-01
1.135283820955238943e+00	3.842018129764215306e+00	-6.285136000000000056e-01	1.012664649520927940e+00
1.136284071017754638e+00	3.843940034969425490e+00	-6.544145599999999785e-01	9.473972768532528121e-01
1.137284321080270111e+00	3.843996061650451157e+00	-6.285136000000000056e-01	1.012664649520927940e+00
1.138284571142785806e+00	3.844408012407637631e+00	-5.961373999999999285e-01	9.147635905194151373e-01
1.139284821205301501e+00	3.844947842838825292e+00	-5.378602399999999895e-01	8.821299041855775735e-01
1.140285071267816974e+00	3.843899654809971089e+00	-4.407316399999999801e-01	8.168625315179022239e-01
1.141285321330332669e+00	3.842277356401562649e+00	-2.918011200000000249e-01	7.189614725163894215e-01
1.142285571392848365e+00	3.841463690378541518e+00	-3.630287599999999504e-01	5.884267271810389444e-01
1.143285821455364060e+00	3.839785029809493988e+00	-1.363953600000000210e-01	4.578919818456884672e-01
1.144286071517879533e+00	3.835678948818034062e+00	-1.040191599999999994e-01	3.926246091780131731e-01
1.145286321580395228e+00	3.830646102043327339e+00	1.031885200000000058e-01	2.947235501765002597e-01
1.146286571642910923e+00	3.825987458539789277e+00	2.132676000000000016e-01	6.628774583963688294e-02
1.147286821705426396e+00	3.821063560842798967e+00	4.075248000000000759e-01	-6.424699949571360813e-02
1.148287071767942091e+00	3.815485508511332391e+00	5.953067600000000459e-01	-1.295143721633888190e-01
1.149287321830457786e+00	3.808243969974484333e+00	7.701382400000000850e-01	-4.558512355017650397e-01
1.150287571892973260e+00	3.798698667964228726e+00	1.055048800000000009e+00	-7.169207261724660496e-01
1.151287821955488955e+00	3.789363272221278223e+00	1.430612719999999838e+00	-9.779902168431670040e-01
1.152288072018004650e+00	3.781959280505201804e+00	1.670196599999999920e+00	-1.206426021180030395e+00
1.153288322080520345e+00	3.774959337390671799e+00	1.819127120000000097e+00	-1.500129198184569024e+00
1.154288572143035818e+00	3.767874643316876604e+00	2.123463399999999890e+00	-1.695931316187594851e+00
1.155288822205551513e+00	3.762337528515846685e+00	2.324195839999999791e+00	-2.054901865859808829e+00
1.156289072268067208e+00	3.758722937163016198e+00	2.596155920000000172e+00	-2.250703983862834434e+00
1.157289322330582682e+00	3.755455086730487668e+00	2.770987400000000100e+00	-2.315971356530509784e+00
1.158289572393098377e+00	3.751609467156331146e+00	2.796888360000000517e+00	-2.544407160867373285e+00
1.159289822455614072e+00	3.748317599936951794e+00	2.751561680000000454e+00	-2.511773474533535389e+00
1.160290072518129545e+00	3.746569824119140968e+00	2.790413120000000191e+00	-2.446506101865860039e+00
1.161290322580645240e+00	3.745334570401719798e+00	2.783937880000000309e+00	-2.479139788199697936e+00
1.162290572643160935e+00	3.743776091715210974e+00	2.783937880000000309e+00	-2.446506101865860039e+00
1.163290822705676630e+00	3.742770505220933686e+00	2.803363599999999956e+00	-2.577040847201210738e+00
1.164291072768192103e+00	3.742996532569486945e+00	2.745086440000000128e+00	-2.446506101865860039e+00
1.165291322830707799e+00	3.744410817243482903e+00	2.460175879999999982e+00	-2.250703983862834434e+00
1.166291572893223494e+00	3.747122198128279180e+00	2.369522519999999854e+00	-2.087535552193646726e+00
1.167291822955738967e+00	3.750514697166897005e+00	2.000433839999999908e+00	-1.663297629853757176e+00
1.168292073018254662e+00	3.753256559396575209e+00	1.598968959999999884e+00	-1.336960766515380872e+00
1.169292323080770357e+00	3.755741587957105221e+00	1.301107919999999973e+00	-9.779902168431670040e-01
1.170292573143286052e+00	3.759996985730601704e+00	8.996430400000000605e-01	-7.495544125063037244e-01
1.171292823205801525e+00	3.765948622795029177e+00	6.924353600000000553e-01	-5.211186081694403338e-01
1.172293073268317221e+00	3.771128591119173645e+00	4.463762399999999797e-01	-9.688068582955121355e-02
1.173293323330832916e+00	3.774751511665575876e+00	3.362971600000000394e-01	-6.424699949571360813e-02
1.174293573393348389e+00	3.778725009151106651e+00	1.096637599999999990e-01	1.641888048411497825e-01
1.175293823455864084e+00	3.784490066003060260e+00	-1.984104000000000423e-02	2.947235501765002597e-01
1.176294073518379779e+00	3.791432396250143277e+00	-1.946725200000000155e-01	5.231593545133637058e-01
1.177294323580895252e+00	3.798382327804993963e+00	-3.241773200000000466e-01	5.557930408472013806e-01
1.178294573643410947e+00	3.804608885488909742e+00	-3.630287599999999504e-01	7.189614725163894215e-01
1.179294823705926643e+00	3.809834631389658721e+00	-4.536821200000000776e-01	7.189614725163894215e-01
1.180295073768442338e+00	3.814877925401415126e+00	-3.954049599999999165e-01	8.494962178517398987e-01
1.181295323830957811e+00	3.820900356225178651e+00	-5.508107199999999759e-01	9.147635905194151373e-01
1.182295573893473506e+00	3.827068161394097334e+00	-6.673650399999999649e-01	8.821299041855775735e-01
1.183295823955989201e+00	3.831707379193614482e+00	-6.285136000000000056e-01	1.045298335854765615e+00
1.184296074018504674e+00	3.835656802811199917e+00	-6.867907599999999446e-01	9.147635905194151373e-01
1.185296324081020369e+00	3.840271414964348207e+00	-6.349888400000001099e-01	1.012664649520927940e+00
1.186296574143536064e+00	3.843861285284721596e+00	-6.738402799999999582e-01	9.800309631870904870e-01
1.187296824206051538e+00	3.844152256331241357e+00	-6.155631200000000192e-01	1.077932022188603289e+00
1.188297074268567233e+00	3.842081562827777130e+00	-5.831869200000000530e-01	9.473972768532528121e-01
1.189297324331082928e+00	3.840739256974731397e+00	-5.508107199999999759e-01	8.821299041855775735e-01
1.190297574393598623e+00	3.841209993376441201e+00	-4.472068799999999733e-01	8.494962178517398987e-01
1.191297824456114096e+00	3.841445658579365041e+00	-2.982763600000000181e-01	6.863277861825517467e-01
1.192298074518629791e+00	3.839855578242699519e+00	-3.695039999999999436e-01	6.210604135148766192e-01
1.193298324581145486e+00	3.837274826588592092e+00	-1.493458400000000075e-01	4.578919818456884672e-01
1.194298574643660960e+00	3.834635596188696205e+00	-1.040191599999999994e-01	3.926246091780131731e-01
1.195298824706176655e+00	3.831484621453278727e+00	7.728756000000000514e-02	2.620898638426626404e-01
1.196299074768692350e+00	3.827164843012701212e+00	1.938418799999999942e-01	9.892143217347457163e-02
1.197299324831207823e+00	3.821051713893602653e+00	3.880990800000000407e-01	-6.424699949571360813e-02
1.198299574893723518e+00	3.812809976022683678e+00	5.758810400000000662e-01	-2.274154311649017046e-01
1.199299824956239213e+00	3.804131110540232008e+00	7.701382400000000850e-01	-4.558512355017650397e-01
1.200300075018754908e+00	3.796847369825811835e+00	1.035623080000000140e+00	-6.516533535047908110e-01
1.201300325081270381e+00	3.789797968309762233e+00	1.398236519999999983e+00	-9.453565305093293292e-01
1.202300575143786077e+00	3.781524559516559858e+00	1.657246119999999934e+00	-1.141158648512355045e+00
1.203300825206301772e+00	3.773118598574538129e+00	1.799701400000000007e+00	-1.500129198184569024e+00
1.204301075268817245e+00	3.766479779378055337e+00	2.097562439999999917e+00	-1.728565002521432525e+00
1.205301325331332940e+00	3.762074644735856843e+00	2.304770120000000144e+00	-2.022268179525970933e+00
1.206301575393848635e+00	3.758326932056016201e+00	2.570254960000000199e+00	-2.250703983862834434e+00
1.207301825456364108e+00	3.753854995647333492e+00	2.751561680000000454e+00	-2.381238729198184689e+00
1.208302075518879803e+00	3.749525873728065228e+00	2.758036920000000336e+00	-2.479139788199697936e+00
1.209302325581395499e+00	3.746472054197684809e+00	2.738611200000000245e+00	-2.479139788199697936e+00
1.210302575643911194e+00	3.744412992058081091e+00	2.758036920000000336e+00	-2.479139788199697936e+00
1.211302825706426667e+00	3.742953538182812512e+00	2.764512159999999774e+00	-2.511773474533535389e+00
1.212303075768942362e+00	3.742073568912432702e+00	2.764512159999999774e+00	-2.413872415532022586e+00
1.213303325831458057e+00	3.741338780246375784e+00	2.777462640000000427e+00	-2.511773474533535389e+00
1.214303575893973530e+00	3.741150459139426232e+00	2.706235000000000390e+00	-2.446506101865860039e+00
1.215303825956489225e+00	3.742836867861690564e+00	2.447225399999999773e+00	-2.185436611195159529e+00
1.216304076019004921e+00	3.745683119203637723e+00	2.324195839999999791e+00	-2.054901865859808829e+00
1.217304326081520616e+00	3.748008431554286091e+00	2.000433839999999908e+00	-1.630663943519919501e+00
1.218304576144036089e+00	3.750355419496562703e+00	1.553642280000000042e+00	-1.369594452849218325e+00
1.219304826206551784e+00	3.753953311557419958e+00	1.294632679999999869e+00	-9.779902168431670040e-01
1.220305076269067479e+00	3.758770373738434589e+00	8.607915999999999901e-01	-7.821880988401412882e-01
1.221305326331582952e+00	3.764130149068089182e+00	6.859601199999999510e-01	-3.905838628340898566e-01
1.222305576394098647e+00	3.769680426954005181e+00	4.399010000000000420e-01	-1.947817448310640853e-01
1.223305826456614342e+00	3.775741654408719228e+00	3.103962000000000110e-01	1.020373171961676869e-03
1.224306076519129816e+00	3.781949762695321127e+00	1.031885200000000058e-01	1.968224911749873740e-01
1.225306326581645511e+00	3.787058526710098239e+00	-3.926676000000000472e-02	2.947235501765002597e-01
1.226306576644161206e+00	3.791095503177291715e+00	-2.011477600000000088e-01	4.252582955118507924e-01
1.227306826706676901e+00	3.795363107697547811e+00	-3.436030400000000262e-01	6.210604135148766192e-01
1.228307076769192374e+00	3.800896424092192749e+00	-3.824544800000000411e-01	7.189614725163894215e-01
1.229307326831708069e+00	3.807818027300026831e+00	-4.666325999999999530e-01	7.189614725163894215e-01
1.230307576894223764e+00	3.814907990248077585e+00	-4.083554400000000140e-01	9.147635905194151373e-01
1.231307826956739238e+00	3.820964803132756771e+00	-5.702364399999999556e-01	9.147635905194151373e-01
1.232308077019254933e+00	3.826418456561490267e+00	-6.673650399999999649e-01	8.821299041855775735e-01
1.233308327081770628e+00	3.831664590978042018e+00	-6.285136000000000056e-01	1.012664649520927940e+00
1.234308577144286101e+00	3.836179545240693489e+00	-6.803155199999999514e-01	9.473972768532528121e-01
1.235308827206801796e+00	3.839627341920340609e+00	-6.414640799999999921e-01	1.045298335854765615e+00
1.236309077269317491e+00	3.841374535540362789e+00	-6.673650399999999649e-01	1.045298335854765615e+00
1.237309327331833186e+00	3.841368639371900429e+00	-6.220383600000000124e-01	1.012664649520927940e+00
1.238309577394348659e+00	3.841424921126775249e+00	-5.961373999999999285e-01	9.147635905194151373e-01
1.239309827456864355e+00	3.842194278607250713e+00	-5.508107199999999759e-01	9.147635905194151373e-01
1.240310077519380050e+00	3.841782105317721907e+00	-4.472068799999999733e-01	8.494962178517398987e-01
1.241310327581895523e+00	3.839680922892942938e+00	-3.047516000000000114e-01	7.842288451840646601e-01
1.242310577644411218e+00	3.837915903725891198e+00	-3.565535200000000127e-01	6.210604135148766192e-01
1.243310827706926913e+00	3.837208309346037183e+00	-1.558210800000000007e-01	5.557930408472013806e-01
1.244311077769442386e+00	3.835665266189829836e+00	-1.428706000000000143e-01	3.926246091780131731e-01
1.245311327831958081e+00	3.831975749735287540e+00	7.728756000000000514e-02	2.620898638426626404e-01
1.246311577894473777e+00	3.827108274672055277e+00	1.744161599999999868e-01	9.892143217347457163e-02
1.247311827956989472e+00	3.821516883163587952e+00	3.686733600000000055e-01	-3.161331316187596802e-02
1.248312078019504945e+00	3.813792426925163959e+00	5.694058000000000730e-01	-2.600491174987393794e-01
1.249312328082020640e+00	3.804194388357789336e+00	7.442372800000001121e-01	-3.579501765002521818e-01
1.250312578144536335e+00	3.795191009900924950e+00	1.029147840000000036e+00	-7.169207261724660496e-01
1.251312828207051808e+00	3.787280421274690223e+00	1.385286039999999996e+00	-9.127228441754917654e-01
1.252313078269567503e+00	3.779607647575093043e+00	1.624869920000000079e+00	-1.173792334846192720e+00
1.253313328332083199e+00	3.773106205229754373e+00	1.786750920000000020e+00	-1.500129198184569024e+00
1.254313578394598672e+00	3.767928634933565224e+00	2.058711000000000180e+00	-1.663297629853757176e+00
1.255313828457114367e+00	3.762157485550021274e+00	2.285344400000000054e+00	-2.054901865859808829e+00
1.256314078519630062e+00	3.755732487813773446e+00	2.550829240000000553e+00	-2.250703983862834434e+00
1.257314328582145757e+00	3.750861277817521433e+00	2.719185480000000155e+00	-2.250703983862834434e+00
1.258314578644661230e+00	3.748589285888350275e+00	2.738611200000000245e+00	-2.413872415532022586e+00
1.259314828707176925e+00	3.747624411764994612e+00	2.719185480000000155e+00	-2.511773474533535389e+00
1.260315078769692620e+00	3.745936119899653249e+00	2.738611200000000245e+00	-2.446506101865860039e+00
1.261315328832208094e+00	3.743214887758117282e+00	2.738611200000000245e+00	-2.479139788199697936e+00
1.262315578894723789e+00	3.741398588571547723e+00	2.745086440000000128e+00	-2.446506101865860039e+00
1.263315828957239484e+00	3.741963746946716185e+00	2.751561680000000454e+00	-2.577040847201210738e+00
1.264316079019755179e+00	3.743677213343164389e+00	2.693284519999999738e+00	-2.381238729198184689e+00
1.265316329082270652e+00	3.744680206093429220e+00	2.414849199999999918e+00	-2.185436611195159529e+00
1.266316579144786347e+00	3.745415616629883981e+00	2.304770120000000144e+00	-2.054901865859808829e+00
1.267316829207302042e+00	3.747196056051826929e+00	1.993958600000000025e+00	-1.565396570852244151e+00
1.268317079269817516e+00	3.750270036165218368e+00	1.540691800000000056e+00	-1.402228139183055999e+00
1.269317329332333211e+00	3.754475160050828819e+00	1.242830760000000145e+00	-9.453565305093293292e-01
1.270317579394848906e+00	3.759550176300253010e+00	8.672668400000000943e-01	-7.495544125063037244e-01
1.271317829457364379e+00	3.765156855329576224e+00	6.730096400000000756e-01	-4.558512355017650397e-01
1.272318079519880074e+00	3.770941482923530153e+00	4.399010000000000420e-01	-1.621480584972264660e-01
1.273318329582395769e+00	3.776586767215218465e+00	3.039209600000000178e-01	3.365405950579927752e-02
1.274318579644911464e+00	3.781967178615052827e+00	9.023803999999999159e-02	2.294561775088249655e-01
1.275318829707426938e+00	3.786815631618706490e+00	-4.574200000000000488e-02	3.273572365103378790e-01
1.276319079769942633e+00	3.791402662549117064e+00	-1.946725200000000155e-01	4.578919818456884672e-01
1.277319329832458328e+00	3.796811720869263329e+00	-3.436030400000000262e-01	5.231593545133637058e-01
1.278319579894973801e+00	3.803217829090857816e+00	-3.630287599999999504e-01	6.536940998487140719e-01
1.279319829957489496e+00	3.809405508519567718e+00	-4.666325999999999530e-01	6.536940998487140719e-01
1.280320080020005191e+00	3.814890443192048952e+00	-4.213059199999999449e-01	7.189614725163894215e-01
1.281320330082520664e+00	3.820863923232106885e+00	-5.508107199999999759e-01	9.147635905194151373e-01
1.282320580145036359e+00	3.827547755618477154e+00	-6.738402799999999582e-01	8.821299041855775735e-01
1.283320830207552055e+00	3.833191455452007013e+00	-6.090878800000000259e-01	1.045298335854765615e+00
1.284321080270067750e+00	3.836948496823633370e+00	-6.803155199999999514e-01	1.012664649520927940e+00
1.285321330332583223e+00	3.839766944705767404e+00	-6.414640799999999921e-01	1.012664649520927940e+00
1.286321580395098918e+00	3.842322370424699596e+00	-6.867907599999999446e-01	9.473972768532528121e-01
1.287321830457614613e+00	3.844022290764592675e+00	-6.220383600000000124e-01	1.012664649520927940e+00
1.288322080520130086e+00	3.844168869966384960e+00	-6.090878800000000259e-01	8.821299041855775735e-01
1.289322330582645781e+00	3.842859876063072999e+00	-5.637612000000000734e-01	9.147635905194151373e-01
1.290322580645161477e+00	3.841097685993121846e+00	-4.536821200000000776e-01	8.494962178517398987e-01
1.291322830707676950e+00	3.840560885634146437e+00	-2.982763600000000181e-01	7.842288451840646601e-01
1.292323080770192645e+00	3.840951181693616157e+00	-3.695039999999999436e-01	6.536940998487140719e-01
1.293323330832708340e+00	3.839626489741694737e+00	-1.493458400000000075e-01	5.557930408472013806e-01
1.294323580895224035e+00	3.835701481735347862e+00	-1.234448800000000068e-01	4.252582955118507924e-01
1.295323830957739508e+00	3.830804746927929827e+00	6.433707999999999094e-02	2.620898638426626404e-01
1.296324081020255203e+00	3.826364769720833170e+00	1.873666400000000010e-01	1.315551185073121632e-01
1.297324331082770899e+00	3.821942942462723369e+00	3.621981200000000678e-01	-9.688068582955121355e-02
1.298324581145286372e+00	3.815708174797375118e+00	5.629305600000000798e-01	-2.600491174987393794e-01
1.299324831207802067e+00	3.806990812519686962e+00	7.442372800000001121e-01	-4.232175491679274204e-01
1.300325081270317762e+00	3.797821714496803391e+00	9.967716399999999588e-01	-7.169207261724660496e-01
1.301325331332833235e+00	3.790148347321051325e+00	1.372335560000000010e+00	-9.127228441754917654e-01
1.302325581395348930e+00	3.782816557874361774e+00	1.624869920000000079e+00	-1.173792334846192720e+00
1.303325831457864625e+00	3.774847465966312487e+00	1.767325200000000152e+00	-1.467495511850731349e+00
1.304326081520380320e+00	3.767789709718694535e+00	2.052235759999999853e+00	-1.630663943519919501e+00
1.305326331582895794e+00	3.762223681962230337e+00	2.272393919999999845e+00	-1.989634493192133702e+00
1.306326581645411489e+00	3.757538905953079933e+00	2.544354000000000227e+00	-2.185436611195159529e+00
1.307326831707927184e+00	3.753740971186931841e+00	2.699759760000000064e+00	-2.315971356530509784e+00
1.308327081770442657e+00	3.750435033715433519e+00	2.732135959999999919e+00	-2.446506101865860039e+00
1.309327331832958352e+00	3.747007163733726554e+00	2.693284519999999738e+00	-2.446506101865860039e+00
1.310327581895474047e+00	3.743927835386155145e+00	2.719185480000000155e+00	-2.413872415532022586e+00
1.311327831957989742e+00	3.742365971716575146e+00	2.719185480000000155e+00	-2.479139788199697936e+00
1.312328082020505216e+00	3.742402638096879119e+00	2.719185480000000155e+00	-2.381238729198184689e+00
1.313328332083020911e+00	3.742656358648018600e+00	2.751561680000000454e+00	-2.479139788199697936e+00
1.314328582145536606e+00	3.743006622424154717e+00	2.680334040000000417e+00	-2.413872415532022586e+00
1.315328832208052079e+00	3.744718873646637469e+00	2.408373960000000036e+00	-2.152802924861321632e+00
1.316329082270567774e+00	3.746762401758868766e+00	2.304770120000000144e+00	-2.054901865859808829e+00
1.317329332333083469e+00	3.747944149891008880e+00	1.961582399999999726e+00	-1.565396570852244151e+00
1.318329582395598942e+00	3.750387115179148356e+00	1.534216559999999951e+00	-1.304327080181543197e+00
1.319329832458114637e+00	3.754966062041745989e+00	1.242830760000000145e+00	-9.453565305093293292e-01
1.320330082520630333e+00	3.760009983377297971e+00	8.413658800000000104e-01	-6.842870398386284858e-01
1.321330332583146028e+00	3.765645126694240119e+00	6.665344000000000824e-01	-4.558512355017650397e-01
1.322330582645661501e+00	3.772247338596679267e+00	4.204752800000000068e-01	-1.947817448310640853e-01
1.323330832708177196e+00	3.778184369615538163e+00	2.974457200000000245e-01	3.365405950579927752e-02
1.324331082770692891e+00	3.782872147227682280e+00	9.671327999999999869e-02	1.968224911749873740e-01
1.325331332833208364e+00	3.787614366440436697e+00	-4.574200000000000488e-02	3.599909228441755538e-01
1.326331582895724059e+00	3.793030549498894288e+00	-2.140982399999999952e-01	5.557930408472013806e-01
1.327331832958239755e+00	3.798785263837263670e+00	-3.565535200000000127e-01	5.557930408472013806e-01
1.328332083020755228e+00	3.804254514797746456e+00	-3.759792400000000478e-01	7.189614725163894215e-01
1.329332333083270923e+00	3.809310847337882056e+00	-4.795830800000000504e-01	7.515951588502269853e-01
1.330332583145786618e+00	3.815405996299640723e+00	-4.148306800000000072e-01	8.494962178517398987e-01
1.331332833208302313e+00	3.822803769073697566e+00	-5.767116799999999488e-01	9.147635905194151373e-01
1.332333083270817786e+00	3.829272239275125944e+00	-6.803155199999999514e-01	8.494962178517398987e-01
1.333333333333333481e+00	3.833356017602330024e+00	-6.414640799999999921e-01	1.012664649520927940e+00
1.334333583395849177e+00	3.835285951504721513e+00	-6.932660000000000489e-01	9.473972768532528121e-01
1.335333833458364650e+00	3.836839725962238212e+00	-6.608898000000000827e-01	9.800309631870904870e-01
1.336334083520880345e+00	3.839700538093210103e+00	-6.673650399999999649e-01	9.800309631870904870e-01
1.337334333583396040e+00	3.842184866188433912e+00	-6.414640799999999921e-01	1.012664649520927940e+00
1.338334583645911513e+00	3.842326234387221984e+00	-6.026126399999999217e-01	9.147635905194151373e-01
1.339334833708427208e+00	3.841757244525891402e+00	-5.637612000000000734e-01	8.821299041855775735e-01
1.340335083770942903e+00	3.842230000351540831e+00	-4.666325999999999530e-01	8.168625315179022239e-01
1.341335333833458598e+00	3.842323255994432252e+00	-3.047516000000000114e-01	7.189614725163894215e-01
1.342335583895974072e+00	3.840181708271618533e+00	-3.759792400000000478e-01	6.536940998487140719e-01
1.343335833958489767e+00	3.836845742556122651e+00	-1.622963199999999939e-01	5.557930408472013806e-01
1.344336084021005462e+00	3.834167875329695718e+00	-1.493458400000000075e-01	3.926246091780131731e-01
1.345336334083520935e+00	3.831508817373289411e+00	5.786183999999999772e-02	2.294561775088249655e-01
1.346336584146036630e+00	3.827135971848174112e+00	1.614656800000000003e-01	1.641888048411497825e-01
1.347336834208552325e+00	3.820499266976137509e+00	3.621981200000000678e-01	1.020373171961676869e-03
1.348337084271067798e+00	3.812614568438973617e+00	5.370296000000001069e-01	-1.947817448310640853e-01
1.349337334333583494e+00	3.804912529835398516e+00	7.312868000000000146e-01	-4.558512355017650397e-01
1.350337584396099189e+00	3.797212331062729262e+00	9.838211600000000834e-01	-6.190196671709531362e-01
1.351337834458614884e+00	3.789007321175706267e+00	1.352909840000000141e+00	-8.800891578416540906e-01
1.352338084521130357e+00	3.781202910538508544e+00	1.611919440000000092e+00	-1.173792334846192720e+00
1.353338334583646052e+00	3.774571995794102186e+00	1.747899480000000061e+00	-1.434861825516893896e+00
1.354338584646161747e+00	3.768881067439317167e+00	2.019859559999999998e+00	-1.598030257186082048e+00
1.355338834708677220e+00	3.763344818281098014e+00	2.265918679999999963e+00	-1.989634493192133702e+00
1.356339084771192915e+00	3.757622539544411389e+00	2.511977800000000371e+00	-2.185436611195159529e+00
1.357339334833708611e+00	3.752307756025158536e+00	2.686809280000000300e+00	-2.315971356530509784e+00
1.358339584896224306e+00	3.748005519016949894e+00	2.693284519999999738e+00	-2.413872415532022586e+00
1.359339834958739779e+00	3.745285408656928716e+00	2.673858800000000091e+00	-2.446506101865860039e+00
1.360340085021255474e+00	3.744203247677936552e+00	2.699759760000000064e+00	-2.381238729198184689e+00
1.361340335083771169e+00	3.743257096750822743e+00	2.699759760000000064e+00	-2.511773474533535389e+00
1.362340585146286642e+00	3.741506968184935999e+00	2.699759760000000064e+00	-2.381238729198184689e+00
1.363340835208802337e+00	3.740704074379068267e+00	2.719185480000000155e+00	-2.446506101865860039e+00
1.364341085271318033e+00	3.742250741594941310e+00	2.660908319999999883e+00	-2.381238729198184689e+00
1.365341335333833506e+00	3.744668833637782246e+00	2.375997759999999737e+00	-2.152802924861321632e+00
1.366341585396349201e+00	3.746338868637001163e+00	2.272393919999999845e+00	-2.054901865859808829e+00
1.367341835458864896e+00	3.747687607923483988e+00	1.955107160000000066e+00	-1.532762884518406477e+00
1.368342085521380591e+00	3.750338773020087668e+00	1.521266079999999965e+00	-1.304327080181543197e+00
1.369342335583896064e+00	3.754882642996014486e+00	1.229880280000000159e+00	-9.779902168431670040e-01
1.370342585646411759e+00	3.759887214023660107e+00	8.154649200000001485e-01	-7.169207261724660496e-01
1.371342835708927455e+00	3.764729472076415728e+00	6.471086800000001027e-01	-3.905838628340898566e-01
1.372343085771442928e+00	3.770523230587959684e+00	4.010495599999999716e-01	-1.621480584972264660e-01
1.373343335833958623e+00	3.777070872929257916e+00	2.715447599999999961e-01	-3.161331316187596802e-02
1.374343585896474318e+00	3.782466944045327573e+00	7.728756000000000514e-02	2.947235501765002597e-01
1.375343835958989791e+00	3.786011091447369914e+00	-5.869248000000000520e-02	3.926246091780131731e-01
1.376344086021505486e+00	3.789658677732910430e+00	-2.076230000000000020e-01	4.905256681795260310e-01
1.377344336084021181e+00	3.795300368174159278e+00	-3.695039999999999436e-01	5.884267271810389444e-01
1.378344586146536876e+00	3.802309351969519913e+00	-3.889297199999999788e-01	7.842288451840646601e-01
1.379344836209052350e+00	3.809241899703090795e+00	-4.860583200000000437e-01	7.515951588502269853e-01
1.380345086271568045e+00	3.815394447297323133e+00	-4.148306800000000072e-01	8.821299041855775735e-01
1.381345336334083740e+00	3.820847862536462358e+00	-5.831869200000000530e-01	9.147635905194151373e-01
1.382345586396599213e+00	3.826268563538038681e+00	-6.738402799999999582e-01	8.821299041855775735e-01
1.383345836459114908e+00	3.831778717582610572e+00	-6.414640799999999921e-01	1.012664649520927940e+00
1.384346086521630603e+00	3.836592446332160122e+00	-6.803155199999999514e-01	9.473972768532528121e-01
1.385346336584146076e+00	3.839895878319087963e+00	-6.349888400000001099e-01	1.012664649520927940e+00
1.386346586646661772e+00	3.841556088304626471e+00	-6.673650399999999649e-01	9.800309631870904870e-01
1.387346836709177467e+00	3.842152360664454758e+00	-6.544145599999999785e-01	1.012664649520927940e+00
1.388347086771693162e+00	3.842431769739333980e+00	-6.155631200000000192e-01	8.821299041855775735e-01
1.389347336834208635e+00	3.843077902462271211e+00	-5.572859600000000802e-01	9.147635905194151373e-01
1.390347586896724330e+00	3.843923015176802682e+00	-4.795830800000000504e-01	9.473972768532528121e-01
1.391347836959240025e+00	3.843631723628700314e+00	-3.112268400000000046e-01	7.189614725163894215e-01
1.392348087021755498e+00	3.841627059986109316e+00	-3.889297199999999788e-01	6.863277861825517467e-01
1.393348337084271193e+00	3.838546899402442758e+00	-1.752468000000000081e-01	5.557930408472013806e-01
1.394348587146786889e+00	3.834675370805793460e+00	-1.622963199999999939e-01	4.252582955118507924e-01
1.395348837209302362e+00	3.830029673819538960e+00	5.138659999999999756e-02	2.947235501765002597e-01
1.396349087271818057e+00	3.825154713566710551e+00	1.485152000000000139e-01	1.968224911749873740e-01
1.397349337334333752e+00	3.820145772583494637e+00	3.492476399999999703e-01	1.020373171961676869e-03
1.398349587396849447e+00	3.813958357493221651e+00	5.499800799999999823e-01	-1.947817448310640853e-01
1.399349837459364920e+00	3.806003573455400080e+00	7.053858400000000417e-01	-3.905838628340898566e-01
1.400350087521880615e+00	3.796985343027798443e+00	9.838211600000000834e-01	-6.842870398386284858e-01
1.401350337584396311e+00	3.787832686427560880e+00	1.339959359999999933e+00	-8.800891578416540906e-01
1.402350587646911784e+00	3.779548338834102239e+00	1.586018479999999897e+00	-1.141158648512355045e+00
1.403350837709427479e+00	3.773001561794140812e+00	1.715523279999999984e+00	-1.434861825516893896e+00
1.404351087771943174e+00	3.767326509682501268e+00	1.987483359999999921e+00	-1.565396570852244151e+00
1.405351337834458869e+00	3.761396725580960609e+00	2.246492959999999872e+00	-1.924367120524458352e+00
1.406351587896974342e+00	3.756059126341666943e+00	2.492552079999999837e+00	-2.152802924861321632e+00
1.407351837959490037e+00	3.752185059348019269e+00	2.660908319999999883e+00	-2.250703983862834434e+00
1.408352088022005733e+00	3.749740646261663812e+00	2.686809280000000300e+00	-2.479139788199697936e+00
1.409352338084521206e+00	3.747969681419897281e+00	2.654433080000000444e+00	-2.413872415532022586e+00
1.410352588147036901e+00	3.745392162570834405e+00	2.686809280000000300e+00	-2.348605042864347237e+00
1.411352838209552596e+00	3.742328554587810885e+00	2.680334040000000417e+00	-2.413872415532022586e+00
1.412353088272068069e+00	3.741001905881534917e+00	2.673858800000000091e+00	-2.283337670196671887e+00
1.413353338334583764e+00	3.741918343734432995e+00	2.699759760000000064e+00	-2.413872415532022586e+00
1.414353588397099459e+00	3.743255845092579470e+00	2.628532120000000027e+00	-2.381238729198184689e+00
1.415353838459615154e+00	3.744166247677692905e+00	2.369522519999999854e+00	-2.120169238527484179e+00
1.416354088522130628e+00	3.745831442533786415e+00	2.240017719999999990e+00	-1.924367120524458352e+00
1.417354338584646323e+00	3.748652498898782159e+00	1.935681439999999975e+00	-1.565396570852244151e+00
1.418354588647162018e+00	3.751541870711869286e+00	1.501840359999999874e+00	-1.304327080181543197e+00
1.419354838709677491e+00	3.754614015683531925e+00	1.216929799999999950e+00	-9.127228441754917654e-01
1.420355088772193186e+00	3.759030541985277640e+00	8.025144400000000511e-01	-6.842870398386284858e-01
1.421355338834708881e+00	3.764539989546143772e+00	6.471086800000001027e-01	-4.558512355017650397e-01
1.422355588897224354e+00	3.770278387977119561e+00	4.075248000000000759e-01	-1.295143721633888190e-01
1.423355838959740050e+00	3.775967329133758543e+00	2.715447599999999961e-01	6.628774583963688294e-02
1.424356089022255745e+00	3.781447250029266627e+00	7.728756000000000514e-02	2.294561775088249655e-01
1.425356339084771440e+00	3.786967348741547390e+00	-7.811819999999999875e-02	3.273572365103378790e-01
1.426356589147286913e+00	3.792676262720635627e+00	-2.270487200000000094e-01	5.231593545133637058e-01
1.427356839209802608e+00	3.798193567073421484e+00	-3.630287599999999504e-01	6.210604135148766192e-01
1.428357089272318303e+00	3.803623355516367432e+00	-3.889297199999999788e-01	7.515951588502269853e-01
1.429357339334833776e+00	3.809326268470477839e+00	-4.795830800000000504e-01	7.842288451840646601e-01
1.430357589397349471e+00	3.815365461616826437e+00	-4.407316399999999801e-01	8.821299041855775735e-01
1.431357839459865167e+00	3.821630228182228084e+00	-5.767116799999999488e-01	9.147635905194151373e-01
1.432358089522380640e+00	3.827637540363779234e+00	-6.738402799999999582e-01	8.821299041855775735e-01
1.433358339584896335e+00	3.832854642949719448e+00	-6.479393199999999853e-01	1.012664649520927940e+00
1.434358589647412030e+00	3.836771125356912115e+00	-7.062164799999999243e-01	9.473972768532528121e-01
1.435358839709927725e+00	3.839348803909631958e+00	-6.479393199999999853e-01	1.077932022188603289e+00
1.436359089772443198e+00	3.841624103619982744e+00	-6.932660000000000489e-01	9.473972768532528121e-01
1.437359339834958893e+00	3.843522526324210986e+00	-6.414640799999999921e-01	1.045298335854765615e+00
1.438359589897474589e+00	3.843517709682186201e+00	-6.026126399999999217e-01	9.147635905194151373e-01
1.439359839959990062e+00	3.842094826352145720e+00	-5.896621600000000463e-01	8.821299041855775735e-01
1.440360090022505757e+00	3.841521137353683280e+00	-4.731078399999999462e-01	8.168625315179022239e-01
1.441360340085021452e+00	3.842305526620608980e+00	-3.112268400000000046e-01	7.189614725163894215e-01
1.442360590147536925e+00	3.842407055533930027e+00	-3.889297199999999788e-01	6.863277861825517467e-01
1.443360840210052620e+00	3.839959958692287234e+00	-1.881972800000000223e-01	5.231593545133637058e-01
1.444361090272568315e+00	3.835742697061473194e+00	-1.687715600000000149e-01	4.905256681795260310e-01
1.445361340335084011e+00	3.831241069387262055e+00	3.196087999999999707e-02	3.273572365103378790e-01
1.446361590397599484e+00	3.826334314783509605e+00	1.614656800000000003e-01	1.315551185073121632e-01
1.447361840460115179e+00	3.820664249615875807e+00	3.362971600000000394e-01	-6.424699949571360813e-02
1.448362090522630874e+00	3.814176978235444437e+00	5.240791200000000094e-01	-2.274154311649017046e-01
1.449362340585146347e+00	3.806699448272608421e+00	7.118610800000001460e-01	-4.232175491679274204e-01
1.450362590647662042e+00	3.798675794507012426e+00	9.773459200000000902e-01	-6.190196671709531362e-01
1.451362840710177737e+00	3.790666159360760012e+00	1.352909840000000141e+00	-8.474554715078166378e-01
1.452363090772693432e+00	3.782568696094515737e+00	1.573067999999999911e+00	-1.173792334846192720e+00
1.453363340835208906e+00	3.774541024264748579e+00	1.721998519999999866e+00	-1.369594452849218325e+00
1.454363590897724601e+00	3.767586444957689462e+00	1.987483359999999921e+00	-1.630663943519919501e+00
1.455363840960240296e+00	3.761871809272167688e+00	2.220591999999999899e+00	-1.924367120524458352e+00
1.456364091022755769e+00	3.756497290009342294e+00	2.492552079999999837e+00	-2.218070297528996981e+00
1.457364341085271464e+00	3.751976871879518782e+00	2.647957840000000118e+00	-2.250703983862834434e+00
1.458364591147787159e+00	3.749360795270030078e+00	2.660908319999999883e+00	-2.381238729198184689e+00
1.459364841210302632e+00	3.747907367109819532e+00	2.641482600000000236e+00	-2.381238729198184689e+00
1.460365091272818328e+00	3.746396749423091865e+00	2.660908319999999883e+00	-2.381238729198184689e+00
1.461365341335334023e+00	3.744583338776521941e+00	2.673858800000000091e+00	-2.413872415532022586e+00
1.462365591397849718e+00	3.742881434628459125e+00	2.660908319999999883e+00	-2.348605042864347237e+00
1.463365841460365191e+00	3.741833639790161925e+00	2.680334040000000417e+00	-2.446506101865860039e+00
1.464366091522880886e+00	3.741846706347089047e+00	2.615581640000000263e+00	-2.315971356530509784e+00
1.465366341585396581e+00	3.743256042584480081e+00	2.343621559999999882e+00	-2.087535552193646726e+00
1.466366591647912054e+00	3.745715902820853760e+00	2.246492959999999872e+00	-2.022268179525970933e+00
1.467366841710427749e+00	3.748343945393243448e+00	1.903305239999999898e+00	-1.532762884518406477e+00
1.468367091772943445e+00	3.751135181445345523e+00	1.488889879999999888e+00	-1.304327080181543197e+00
1.469367341835458918e+00	3.754866475520364233e+00	1.191028839999999978e+00	-8.800891578416540906e-01
1.470367591897974613e+00	3.759913506437610575e+00	7.960392000000000579e-01	-6.516533535047908110e-01
1.471367841960490308e+00	3.765842850320299195e+00	6.276829600000000120e-01	-3.579501765002521818e-01
1.472368092023006003e+00	3.772078133968608249e+00	3.880990800000000407e-01	-1.295143721633888190e-01
1.473368342085521476e+00	3.777933969810437276e+00	2.585942800000000097e-01	3.365405950579927752e-02
1.474368592148037171e+00	3.782311141076059702e+00	6.433707999999999094e-02	2.620898638426626404e-01
1.475368842210552867e+00	3.785573619925503674e+00	-7.811819999999999875e-02	3.599909228441755538e-01
1.476369092273068340e+00	3.789874947597739130e+00	-2.270487200000000094e-01	4.905256681795260310e-01
1.477369342335584035e+00	3.796225744994309093e+00	-3.759792400000000478e-01	5.557930408472013806e-01
1.478369592398099730e+00	3.803676602039419041e+00	-4.018802000000000207e-01	6.536940998487140719e-01
1.479369842460615203e+00	3.810817953743014019e+00	-4.731078399999999462e-01	7.189614725163894215e-01
1.480370092523130898e+00	3.817010942171539689e+00	-4.213059199999999449e-01	9.473972768532528121e-01
1.481370342585646593e+00	3.823011492924819787e+00	-5.831869200000000530e-01	9.473972768532528121e-01
1.482370592648162289e+00	3.829420386530627773e+00	-6.997412400000000421e-01	8.821299041855775735e-01
1.483370842710677762e+00	3.834784345239812264e+00	-6.414640799999999921e-01	1.012664649520927940e+00
1.484371092773193457e+00	3.837810254679032695e+00	-7.062164799999999243e-01	1.012664649520927940e+00
1.485371342835709152e+00	3.839771012304401765e+00	-6.608898000000000827e-01	1.077932022188603289e+00
1.486371592898224625e+00	3.841970035819108897e+00	-6.608898000000000827e-01	9.473972768532528121e-01
1.487371842960740320e+00	3.844077706244719561e+00	-6.608898000000000827e-01	9.147635905194151373e-01
1.488372093023256015e+00	3.845421119744527605e+00	-6.090878800000000259e-01	9.800309631870904870e-01
1.489372343085771488e+00	3.845032381873282556e+00	-5.896621600000000463e-01	9.147635905194151373e-01
1.490372593148287184e+00	3.843136431658430663e+00	-4.925335599999999814e-01	8.168625315179022239e-01
1.491372843210802879e+00	3.841688477600550655e+00	-3.177020799999999978e-01	7.842288451840646601e-01
1.492373093273318574e+00	3.840848144801544795e+00	-4.018802000000000207e-01	6.536940998487140719e-01
1.493373343335834047e+00	3.839051986431759822e+00	-1.752468000000000081e-01	6.210604135148766192e-01
1.494373593398349742e+00	3.835953668282206852e+00	-1.687715600000000149e-01	4.252582955118507924e-01
1.495373843460865437e+00	3.832287819391265060e+00	3.843611999999999723e-02	3.273572365103378790e-01
1.496374093523380910e+00	3.828300109051228972e+00	1.485152000000000139e-01	1.968224911749873740e-01
1.497374343585896606e+00	3.822818920721217761e+00	3.298219200000001017e-01	1.020373171961676869e-03
1.498374593648412301e+00	3.814716572856445609e+00	5.111286400000001340e-01	-2.274154311649017046e-01
1.499374843710927996e+00	3.805270003084601171e+00	6.989106000000000485e-01	-4.232175491679274204e-01
1.500375093773443469e+00	3.796817854232762190e+00	9.643954399999999927e-01	-6.516533535047908110e-01
1.501375343835959164e+00	3.789560960514630317e+00	1.320533639999999842e+00	-8.474554715078166378e-01
1.502375593898474859e+00	3.782304122530703694e+00	1.553642280000000042e+00	-1.075891275844679917e+00
1.503375843960990332e+00	3.775074463660699653e+00	1.709048039999999880e+00	-1.369594452849218325e+00
1.504376094023506027e+00	3.768522760325200949e+00	1.987483359999999921e+00	-1.532762884518406477e+00
1.505376344086021723e+00	3.763121793462067100e+00	2.220591999999999899e+00	-1.924367120524458352e+00
1.506376594148537196e+00	3.758671170236916215e+00	2.466651119999999864e+00	-2.087535552193646726e+00
1.507376844211052891e+00	3.753979792502612156e+00	2.628532120000000027e+00	-2.218070297528996981e+00
1.508377094273568586e+00	3.749599240844869730e+00	2.641482600000000236e+00	-2.348605042864347237e+00
1.509377344336084281e+00	3.747185190629415796e+00	2.602631160000000055e+00	-2.348605042864347237e+00
1.510377594398599754e+00	3.746137617465961966e+00	2.641482600000000236e+00	-2.315971356530509784e+00
1.511377844461115449e+00	3.745240766176108238e+00	2.635007360000000354e+00	-2.348605042864347237e+00
1.512378094523631145e+00	3.744197780796393094e+00	2.635007360000000354e+00	-2.348605042864347237e+00
1.513378344586146618e+00	3.742793029022401630e+00	2.660908319999999883e+00	-2.413872415532022586e+00
1.514378594648662313e+00	3.741734960165444157e+00	2.602631160000000055e+00	-2.348605042864347237e+00
1.515378844711178008e+00	3.742696767800548052e+00	2.317720599999999909e+00	-2.054901865859808829e+00
1.516379094773693481e+00	3.745906389172655171e+00	2.227067239999999781e+00	-1.957000806858295805e+00
1.517379344836209176e+00	3.749067494004855394e+00	1.883879520000000030e+00	-1.500129198184569024e+00
1.518379594898724871e+00	3.750940364946053762e+00	1.475939400000000123e+00	-1.336960766515380872e+00
1.519379844961240567e+00	3.753593524924238256e+00	1.184553600000000095e+00	-8.474554715078166378e-01
1.520380095023756040e+00	3.758382852791946949e+00	7.766134800000000782e-01	-6.516533535047908110e-01
1.521380345086271735e+00	3.764393450986736944e+00	6.341582000000000052e-01	-3.579501765002521818e-01
1.522380595148787430e+00	3.770584251753569038e+00	3.686733600000000055e-01	-9.688068582955121355e-02
1.523380845211302903e+00	3.776194340389755766e+00	2.456437999999999955e-01	6.628774583963688294e-02
1.524381095273818598e+00	3.781096111993770936e+00	5.138659999999999756e-02	2.294561775088249655e-01
1.525381345336334293e+00	3.785751819764969994e+00	-7.811819999999999875e-02	3.926246091780131731e-01
1.526381595398849766e+00	3.791131805437679692e+00	-2.399992000000000236e-01	5.231593545133637058e-01
1.527381845461365462e+00	3.797732530808057394e+00	-3.824544800000000411e-01	5.884267271810389444e-01
1.528382095523881157e+00	3.804041327521024307e+00	-4.018802000000000207e-01	7.189614725163894215e-01
1.529382345586396852e+00	3.809126237889887356e+00	-4.925335599999999814e-01	7.842288451840646601e-01
1.530382595648912325e+00	3.814402086871840236e+00	-4.472068799999999733e-01	8.821299041855775735e-01
1.531382845711428020e+00	3.820782381641524061e+00	-5.896621600000000463e-01	9.473972768532528121e-01
1.532383095773943715e+00	3.827145328819952397e+00	-7.126917200000000285e-01	8.821299041855775735e-01
1.533383345836459188e+00	3.832287264765442902e+00	-6.608898000000000827e-01	9.800309631870904870e-01
1.534383595898974884e+00	3.836505992215509142e+00	-7.062164799999999243e-01	1.012664649520927940e+00
1.535383845961490579e+00	3.840255497836512877e+00	-6.673650399999999649e-01	1.045298335854765615e+00
1.536384096024006052e+00	3.842870758582358270e+00	-6.997412400000000421e-01	1.012664649520927940e+00
1.537384346086521747e+00	3.843667873526424028e+00	-6.673650399999999649e-01	1.012664649520927940e+00
1.538384596149037442e+00	3.842993756488294554e+00	-6.155631200000000192e-01	9.147635905194151373e-01
1.539384846211553137e+00	3.841988760071727071e+00	-5.831869200000000530e-01	9.473972768532528121e-01
1.540385096274068610e+00	3.841745490694920662e+00	-4.860583200000000437e-01	8.168625315179022239e-01
1.541385346336584306e+00	3.841960221671037790e+00	-3.177020799999999978e-01	7.842288451840646601e-01
1.542385596399100001e+00	3.840748533250525565e+00	-4.148306800000000072e-01	6.536940998487140719e-01
1.543385846461615474e+00	3.837119722090910123e+00	-1.946725200000000155e-01	5.884267271810389444e-01
1.544386096524131169e+00	3.832924145972611996e+00	-1.817220400000000013e-01	3.926246091780131731e-01
1.545386346586646864e+00	3.830227974487955489e+00	1.901039999999999675e-02	3.599909228441755538e-01
1.546386596649162559e+00	3.827340679572809545e+00	1.420399599999999929e-01	2.294561775088249655e-01
1.547386846711678032e+00	3.821219501314393252e+00	3.103962000000000110e-01	-3.161331316187596802e-02
1.548387096774193727e+00	3.812630051448242519e+00	5.111286400000001340e-01	-1.621480584972264660e-01
1.549387346836709423e+00	3.804381032980804989e+00	6.794848799999999578e-01	-3.579501765002521818e-01
1.550387596899224896e+00	3.796914725282473757e+00	9.643954399999999927e-01	-5.863859808371156834e-01
1.551387846961740591e+00	3.788967001675400237e+00	1.288157439999999765e+00	-8.474554715078166378e-01
1.552388097024256286e+00	3.780463995921159004e+00	1.534216559999999951e+00	-1.108524962178517592e+00
1.553388347086771759e+00	3.772836343360916000e+00	1.683147080000000129e+00	-1.434861825516893896e+00
1.554388597149287454e+00	3.766921317484710929e+00	1.948631919999999962e+00	-1.565396570852244151e+00
1.555388847211803149e+00	3.762090076362341495e+00	2.214116760000000017e+00	-1.924367120524458352e+00
1.556389097274318845e+00	3.757574622441351764e+00	2.440750159999999891e+00	-2.120169238527484179e+00
1.557389347336834318e+00	3.753208305672182110e+00	2.615581640000000263e+00	-2.120169238527484179e+00
1.558389597399350013e+00	3.749416416160045618e+00	2.615581640000000263e+00	-2.283337670196671887e+00
1.559389847461865708e+00	3.746991340702634510e+00	2.583205440000000408e+00	-2.315971356530509784e+00
1.560390097524381181e+00	3.745822047080864969e+00	2.615581640000000263e+00	-2.348605042864347237e+00
1.561390347586896876e+00	3.744666286277621658e+00	2.622056880000000589e+00	-2.348605042864347237e+00
1.562390597649412571e+00	3.742928606072322140e+00	2.615581640000000263e+00	-2.315971356530509784e+00
1.563390847711928044e+00	3.741415625760881269e+00	2.635007360000000354e+00	-2.413872415532022586e+00
1.564391097774443740e+00	3.741302024596267373e+00	2.576730200000000082e+00	-2.250703983862834434e+00
1.565391347836959435e+00	3.743172112969453291e+00	2.304770120000000144e+00	-2.087535552193646726e+00
1.566391597899475130e+00	3.746427755592311115e+00	2.194691039999999926e+00	-1.891733434190620455e+00
1.567391847961990603e+00	3.749265537112687952e+00	1.890354760000000134e+00	-1.500129198184569024e+00
1.568392098024506298e+00	3.750754168286908996e+00	1.450038439999999929e+00	-1.271693393847705744e+00
1.569392348087021993e+00	3.752766276538205936e+00	1.178078360000000213e+00	-9.127228441754917654e-01
1.570392598149537466e+00	3.757305955467422187e+00	7.571877599999999875e-01	-6.190196671709531362e-01
1.571392848212053162e+00	3.763304410186011584e+00	6.082572400000001434e-01	-3.579501765002521818e-01
1.572393098274568857e+00	3.768868278061161536e+00	3.816238400000000475e-01	-9.688068582955121355e-02
1.573393348337084330e+00	3.774355923851569372e+00	2.456437999999999955e-01	3.365405950579927752e-02
1.574393598399600025e+00	3.780759875454561492e+00	5.786183999999999772e-02	3.273572365103378790e-01
1.575393848462115720e+00	3.786998739206506315e+00	-8.459344000000000585e-02	3.926246091780131731e-01
1.576394098524631415e+00	3.791519776645862372e+00	-2.529496800000000101e-01	4.905256681795260310e-01
1.577394348587146888e+00	3.795434852416506910e+00	-3.824544800000000411e-01	6.210604135148766192e-01
1.578394598649662584e+00	3.801213381381265854e+00	-4.083554400000000140e-01	7.189614725163894215e-01
1.579394848712178279e+00	3.809120057349604238e+00	-5.054840400000000233e-01	7.842288451840646601e-01
1.580395098774693752e+00	3.816763750194416716e+00	-4.536821200000000776e-01	8.821299041855775735e-01
1.581395348837209447e+00	3.822280787844902772e+00	-5.961373999999999285e-01	9.147635905194151373e-01
1.582395598899725142e+00	3.826675915612562040e+00	-6.997412400000000421e-01	9.147635905194151373e-01
1.583395848962240837e+00	3.831666562384155927e+00	-6.544145599999999785e-01	1.045298335854765615e+00
1.584396099024756310e+00	3.836960808137277024e+00	-7.062164799999999243e-01	1.012664649520927940e+00
1.585396349087272005e+00	3.840808595061119490e+00	-6.738402799999999582e-01	1.045298335854765615e+00
1.586396599149787701e+00	3.842283987118883637e+00	-6.997412400000000421e-01	9.473972768532528121e-01
1.587396849212303174e+00	3.842642703419809180e+00	-6.544145599999999785e-01	1.045298335854765615e+00
1.588397099274818869e+00	3.843550503057767020e+00	-6.155631200000000192e-01	9.473972768532528121e-01
1.589397349337334564e+00	3.844241261767332052e+00	-5.896621600000000463e-01	9.473972768532528121e-01
1.590397599399850037e+00	3.843173559890909807e+00	-4.990087999999999191e-01	8.494962178517398987e-01
1.591397849462365732e+00	3.841179357622200197e+00	-3.306525599999999843e-01	7.842288451840646601e-01
1.592398099524881427e+00	3.839150570373951687e+00	-4.148306800000000072e-01	6.863277861825517467e-01
1.593398349587397123e+00	3.836206982968850987e+00	-2.011477600000000088e-01	5.231593545133637058e-01
1.594398599649912596e+00	3.832720299737361724e+00	-1.687715600000000149e-01	4.578919818456884672e-01
1.595398849712428291e+00	3.829794429830188474e+00	2.548563999999999691e-02	3.273572365103378790e-01
1.596399099774943986e+00	3.825979942711532189e+00	1.355647199999999997e-01	2.294561775088249655e-01
1.597399349837459459e+00	3.819715375803836466e+00	3.039209600000000178e-01	1.020373171961676869e-03
1.598399599899975154e+00	3.812634764552458311e+00	4.981781600000000365e-01	-1.621480584972264660e-01
1.599399849962490849e+00	3.806312131833086809e+00	6.794848799999999578e-01	-3.579501765002521818e-01
1.600400100025006322e+00	3.799083538948328620e+00	9.514449600000001173e-01	-5.863859808371156834e-01
1.601400350087522018e+00	3.789757154660578831e+00	1.307583159999999856e+00	-7.821880988401412882e-01
1.602400600150037713e+00	3.780828087699735551e+00	1.508315599999999979e+00	-1.141158648512355045e+00
1.603400850212553408e+00	3.774527880896264787e+00	1.683147080000000129e+00	-1.336960766515380872e+00
1.604401100275068881e+00	3.769258796586354876e+00	1.916255719999999885e+00	-1.565396570852244151e+00
1.605401350337584576e+00	3.762859674183245406e+00	2.201166280000000253e+00	-1.924367120524458352e+00
1.606401600400100271e+00	3.756567342930833497e+00	2.440750159999999891e+00	-2.087535552193646726e+00
1.607401850462615744e+00	3.752753669220502353e+00	2.589680680000000734e+00	-2.218070297528996981e+00
1.608402100525131440e+00	3.750613547831901595e+00	2.602631160000000055e+00	-2.315971356530509784e+00
1.609402350587647135e+00	3.748113206161934219e+00	2.563779720000000317e+00	-2.283337670196671887e+00
1.610402600650162608e+00	3.745501024569332316e+00	2.602631160000000055e+00	-2.250703983862834434e+00
1.611402850712678303e+00	3.743407862552719845e+00	2.589680680000000734e+00	-2.315971356530509784e+00
1.612403100775193998e+00	3.741984898609917121e+00	2.596155920000000172e+00	-2.283337670196671887e+00
1.613403350837709693e+00	3.741989814641899059e+00	2.609106400000000381e+00	-2.413872415532022586e+00
1.614403600900225166e+00	3.743103514732880832e+00	2.563779720000000317e+00	-2.250703983862834434e+00
1.615403850962740862e+00	3.744330825127729856e+00	2.291819639999999936e+00	-2.054901865859808829e+00
1.616404101025256557e+00	3.745762431963601813e+00	2.201166280000000253e+00	-1.924367120524458352e+00
1.617404351087772030e+00	3.747593563291097496e+00	1.851503319999999952e+00	-1.500129198184569024e+00
1.618404601150287725e+00	3.750435553632936347e+00	1.456513680000000033e+00	-1.239059707513868069e+00
1.619404851212803420e+00	3.754948563870511347e+00	1.139226920000000032e+00	-9.127228441754917654e-01
1.620405101275318893e+00	3.759882967019969158e+00	7.507125199999999943e-01	-6.190196671709531362e-01
1.621405351337834588e+00	3.764427991461819722e+00	5.953067600000000459e-01	-3.905838628340898566e-01
1.622405601400350283e+00	3.769615576567383552e+00	3.621981200000000678e-01	-9.688068582955121355e-02
1.623405851462865979e+00	3.775468414022856489e+00	2.456437999999999955e-01	6.628774583963688294e-02
1.624406101525381452e+00	3.781226271733514555e+00	4.491135999999999739e-02	2.620898638426626404e-01
1.625406351587897147e+00	3.786727415771808491e+00	-8.459344000000000585e-02	3.926246091780131731e-01
1.626406601650412842e+00	3.792155877615273507e+00	-2.529496800000000101e-01	4.905256681795260310e-01
1.627406851712928315e+00	3.798459369143017295e+00	-3.759792400000000478e-01	6.210604135148766192e-01
1.628407101775444010e+00	3.805293933584549926e+00	-4.148306800000000072e-01	7.189614725163894215e-01
1.629407351837959705e+00	3.810480455312254655e+00	-4.925335599999999814e-01	7.842288451840646601e-01
1.630407601900475401e+00	3.815062288041662697e+00	-4.601573600000000153e-01	7.515951588502269853e-01
1.631407851962990874e+00	3.821966503930797732e+00	-5.961373999999999285e-01	9.473972768532528121e-01
1.632408102025506569e+00	3.829458714606318370e+00	-6.997412400000000421e-01	9.147635905194151373e-01
1.633408352088022264e+00	3.834700934195746314e+00	-6.608898000000000827e-01	1.045298335854765615e+00
1.634408602150537737e+00	3.838692584924896956e+00	-7.062164799999999243e-01	9.800309631870904870e-01
1.635408852213053432e+00	3.842152822992690897e+00	-6.738402799999999582e-01	1.045298335854765615e+00
1.636409102275569127e+00	3.844164925137065314e+00	-7.062164799999999243e-01	1.012664649520927940e+00
1.637409352338084600e+00	3.844924650896711427e+00	-6.608898000000000827e-01	9.473972768532528121e-01
1.638409602400600296e+00	3.844751140468845474e+00	-6.220383600000000124e-01	9.147635905194151373e-01
1.639409852463115991e+00	3.843423391282138724e+00	-5.896621600000000463e-01	9.147635905194151373e-01
1.640410102525631686e+00	3.841615996275086431e+00	-4.990087999999999191e-01	7.842288451840646601e-01
1.641410352588147159e+00	3.840459211336982204e+00	-3.241773200000000466e-01	7.189614725163894215e-01
1.642410602650662854e+00	3.839768115788978253e+00	-4.148306800000000072e-01	7.189614725163894215e-01
1.643410852713178549e+00	3.838000309445874336e+00	-2.011477600000000088e-01	5.231593545133637058e-01
1.644411102775694022e+00	3.834754368012380787e+00	-1.946725200000000155e-01	4.578919818456884672e-01
1.645411352838209718e+00	3.831463593271447809e+00	1.253515999999999658e-02	2.620898638426626404e-01
1.646411602900725413e+00	3.828212385384055061e+00	1.290894800000000064e-01	1.968224911749873740e-01
1.647411852963240886e+00	3.822961466416916920e+00	3.233466799999999974e-01	1.020373171961676869e-03
1.648412103025756581e+00	3.814769504269579947e+00	4.917029200000000433e-01	-1.947817448310640853e-01
1.649412353088272276e+00	3.805238955030228354e+00	6.794848799999999578e-01	-2.926828038325769432e-01
1.650412603150787971e+00	3.796587989421130960e+00	9.514449600000001173e-01	-5.863859808371156834e-01
1.651412853213303444e+00	3.789604703145167619e+00	1.275206959999999778e+00	-8.474554715078166378e-01
1.652413103275819140e+00	3.783630379987355852e+00	1.527741319999999847e+00	-1.043257589510842243e+00
1.653413353338334835e+00	3.777352122221461439e+00	1.663721360000000038e+00	-1.336960766515380872e+00
1.654413603400850308e+00	3.769994990125489220e+00	1.935681439999999975e+00	-1.467495511850731349e+00
1.655413853463366003e+00	3.762793786344877933e+00	2.181740560000000162e+00	-1.859099747856782781e+00
1.656414103525881698e+00	3.757711443707103971e+00	2.414849199999999918e+00	-1.989634493192133702e+00
1.657414353588397171e+00	3.754506532074858516e+00	2.563779720000000317e+00	-2.185436611195159529e+00
1.658414603650912866e+00	3.751376303933845691e+00	2.576730200000000082e+00	-2.348605042864347237e+00
1.659414853713428561e+00	3.747698182032608294e+00	2.550829240000000553e+00	-2.381238729198184689e+00
1.660415103775944257e+00	3.744798519760616617e+00	2.583205440000000408e+00	-2.250703983862834434e+00
1.661415353838459730e+00	3.744145144474317011e+00	2.576730200000000082e+00	-2.348605042864347237e+00
1.662415603900975425e+00	3.744600815930398507e+00	2.583205440000000408e+00	-2.218070297528996981e+00
1.663415853963491120e+00	3.743835635250730931e+00	2.602631160000000055e+00	-2.348605042864347237e+00
1.664416104026006593e+00	3.742328557926498878e+00	2.550829240000000553e+00	-2.218070297528996981e+00
1.665416354088522288e+00	3.742554884711583263e+00	2.259443440000000081e+00	-1.957000806858295805e+00
1.666416604151037983e+00	3.745287189191801591e+00	2.175265319999999836e+00	-1.891733434190620455e+00
1.667416854213553457e+00	3.748876186310311720e+00	1.832077599999999862e+00	-1.434861825516893896e+00
1.668417104276069152e+00	3.751552900780506850e+00	1.424137479999999734e+00	-1.239059707513868069e+00
1.669417354338584847e+00	3.754046898750595940e+00	1.145702159999999914e+00	-7.495544125063037244e-01
1.670417604401100542e+00	3.758672259485564382e+00	7.248115600000000214e-01	-6.190196671709531362e-01
1.671417854463616015e+00	3.765209937442620891e+00	5.953067600000000459e-01	-3.253164901664145625e-01
1.672418104526131710e+00	3.771580697476890620e+00	3.492476399999999703e-01	-9.688068582955121355e-02
1.673418354588647405e+00	3.777532891267052495e+00	2.391685600000000023e-01	6.628774583963688294e-02
1.674418604651162878e+00	3.783191585258926626e+00	3.843611999999999723e-02	2.294561775088249655e-01
1.675418854713678574e+00	3.787776648633616183e+00	-9.754392000000000618e-02	3.599909228441755538e-01
1.676419104776194269e+00	3.791780562431211976e+00	-2.594249200000000033e-01	5.884267271810389444e-01
1.677419354838709964e+00	3.796790338166933676e+00	-3.889297199999999788e-01	6.536940998487140719e-01
1.678419604901225437e+00	3.803071444873894258e+00	-4.213059199999999449e-01	7.515951588502269853e-01
1.679419854963741132e+00	3.809409143148504651e+00	-4.925335599999999814e-01	7.515951588502269853e-01
1.680420105026256827e+00	3.815390848611736274e+00	-4.601573600000000153e-01	9.147635905194151373e-01
1.681420355088772300e+00	3.821699853590683205e+00	-6.090878800000000259e-01	9.147635905194151373e-01
1.682420605151287996e+00	3.828037129036792940e+00	-7.126917200000000285e-01	9.473972768532528121e-01
1.683420855213803691e+00	3.833190371250833728e+00	-6.738402799999999582e-01	1.045298335854765615e+00
1.684421105276319164e+00	3.836857272613534153e+00	-7.191669600000000218e-01	1.012664649520927940e+00
1.685421355338834859e+00	3.839773874984103053e+00	-6.544145599999999785e-01	1.077932022188603289e+00
1.686421605401350554e+00	3.842380342266978666e+00	-7.062164799999999243e-01	9.800309631870904870e-01
1.687421855463866249e+00	3.843981793295754734e+00	-6.673650399999999649e-01	1.077932022188603289e+00
1.688422105526381722e+00	3.843912263122807982e+00	-6.414640799999999921e-01	1.012664649520927940e+00
1.689422355588897418e+00	3.843095930597764109e+00	-5.896621600000000463e-01	9.473972768532528121e-01
1.690422605651413113e+00	3.842579355212308201e+00	-5.054840400000000233e-01	8.168625315179022239e-01
1.691422855713928586e+00	3.841694122184446059e+00	-3.371277999999999775e-01	6.863277861825517467e-01
1.692423105776444281e+00	3.839844972090908026e+00	-4.213059199999999449e-01	6.863277861825517467e-01
1.693423355838959976e+00	3.837609148484421251e+00	-1.946725200000000155e-01	5.557930408472013806e-01
1.694423605901475449e+00	3.835002582123316905e+00	-2.076230000000000020e-01	4.905256681795260310e-01
1.695423855963991144e+00	3.831739292762829319e+00	6.059919999999996421e-03	2.947235501765002597e-01
1.696424106026506839e+00	3.827482599846381728e+00	1.226142399999999993e-01	2.294561775088249655e-01
1.697424356089022535e+00	3.820862075000213132e+00	2.974457200000000245e-01	3.365405950579927752e-02
1.698424606151538008e+00	3.812209159945722625e+00	4.852276800000000501e-01	-1.295143721633888190e-01
1.699424856214053703e+00	3.804177917161149836e+00	6.535839199999999849e-01	-3.579501765002521818e-01
1.700425106276569398e+00	3.796789087734417478e+00	9.255440000000001444e-01	-6.190196671709531362e-01
1.701425356339084871e+00	3.788034056617903822e+00	1.268731720000000118e+00	-8.148217851739789630e-01
1.702425606401600566e+00	3.779129646422410449e+00	1.501840359999999874e+00	-1.043257589510842243e+00
1.703425856464116261e+00	3.772782641516462476e+00	1.650770879999999829e+00	-1.304327080181543197e+00
1.704426106526631735e+00	3.768362208586296891e+00	1.883879520000000030e+00	-1.532762884518406477e+00
1.705426356589147430e+00	3.763345232486558611e+00	2.168790079999999953e+00	-1.891733434190620455e+00
1.706426606651663125e+00	3.757790824199414903e+00	2.395423479999999827e+00	-2.120169238527484179e+00
1.707426856714178820e+00	3.753258269640166844e+00	2.557304479999999991e+00	-2.185436611195159529e+00
1.708427106776694293e+00	3.749187380799692715e+00	2.563779720000000317e+00	-2.250703983862834434e+00
1.709427356839209988e+00	3.745436400770508101e+00	2.524928280000000136e+00	-2.315971356530509784e+00
1.710427606901725683e+00	3.743634635765432872e+00	2.557304479999999991e+00	-2.283337670196671887e+00
1.711427856964241156e+00	3.743073341314078206e+00	2.557304479999999991e+00	-2.315971356530509784e+00
1.712428107026756852e+00	3.742064067017472961e+00	2.563779720000000317e+00	-2.250703983862834434e+00
1.713428357089272547e+00	3.741655614885956105e+00	2.583205440000000408e+00	-2.283337670196671887e+00
1.714428607151788020e+00	3.742822182231702932e+00	2.531403520000000018e+00	-2.250703983862834434e+00
1.715428857214303715e+00	3.744161478612421323e+00	2.259443440000000081e+00	-2.022268179525970933e+00
1.716429107276819410e+00	3.744862192273504586e+00	2.168790079999999953e+00	-1.891733434190620455e+00
1.717429357339335105e+00	3.746434775849282861e+00	1.812651879999999993e+00	-1.434861825516893896e+00
1.718429607401850578e+00	3.750263836265602446e+00	1.424137479999999734e+00	-1.239059707513868069e+00
1.719429857464366274e+00	3.755379791597746486e+00	1.132751680000000150e+00	-8.800891578416540906e-01
1.720430107526881969e+00	3.760140800054323496e+00	7.248115600000000214e-01	-6.190196671709531362e-01
1.721430357589397442e+00	3.764672123399963599e+00	5.694058000000000730e-01	-2.600491174987393794e-01
1.722430607651913137e+00	3.769913006588331950e+00	3.492476399999999703e-01	-9.688068582955121355e-02
1.723430857714428832e+00	3.776081460956365543e+00	2.132676000000000016e-01	6.628774583963688294e-02
1.724431107776944527e+00	3.782529280292949547e+00	4.491135999999999739e-02	3.273572365103378790e-01
1.725431357839460000e+00	3.787823134811829195e+00	-9.754392000000000618e-02	3.599909228441755538e-01
1.726431607901975696e+00	3.791567595106547284e+00	-2.659001599999999965e-01	5.557930408472013806e-01
1.727431857964491391e+00	3.795453785118734213e+00	-4.018802000000000207e-01	6.210604135148766192e-01
1.728432108027006864e+00	3.800829776638510182e+00	-4.148306800000000072e-01	7.515951588502269853e-01
1.729432358089522559e+00	3.807345710101048830e+00	-4.990087999999999191e-01	7.842288451840646601e-01
1.730432608152038254e+00	3.813999427611046489e+00	-4.601573600000000153e-01	9.147635905194151373e-01
1.731432858214553727e+00	3.820362607185958215e+00	-6.026126399999999217e-01	9.473972768532528121e-01
1.732433108277069422e+00	3.826918347258136510e+00	-7.062164799999999243e-01	9.473972768532528121e-01
1.733433358339585117e+00	3.833241017568197240e+00	-6.608898000000000827e-01	1.045298335854765615e+00
1.734433608402100813e+00	3.837434185417329058e+00	-7.321174399999998972e-01	1.012664649520927940e+00
1.735433858464616286e+00	3.839134532624903340e+00	-6.803155199999999514e-01	1.045298335854765615e+00
1.736434108527131981e+00	3.840037647222863448e+00	-7.256422000000000150e-01	9.800309631870904870e-01
1.737434358589647676e+00	3.841076357694625187e+00	-6.673650399999999649e-01	1.012664649520927940e+00
1.738434608652163149e+00	3.842337122846044561e+00	-6.414640799999999921e-01	9.473972768532528121e-01
1.739434858714678844e+00	3.843604422536472498e+00	-5.961373999999999285e-01	9.473972768532528121e-01
1.740435108777194539e+00	3.843500271328693429e+00	-5.119592800000000166e-01	8.821299041855775735e-01
1.741435358839710013e+00	3.841548606153321277e+00	-3.241773200000000466e-01	7.515951588502269853e-01
1.742435608902225708e+00	3.839240037388840232e+00	-4.277811600000000491e-01	6.863277861825517467e-01
1.743435858964741403e+00	3.837137397302592845e+00	-2.076230000000000020e-01	5.557930408472013806e-01
1.744436109027257098e+00	3.834365852499859173e+00	-2.076230000000000020e-01	4.578919818456884672e-01
1.745436359089772571e+00	3.830533538735575227e+00	-6.890560000000003904e-03	3.273572365103378790e-01
1.746436609152288266e+00	3.826053424280101201e+00	1.226142399999999993e-01	2.294561775088249655e-01
1.747436859214803961e+00	3.821041151476733955e+00	2.974457200000000245e-01	1.020373171961676869e-03
1.748437109277319434e+00	3.814730099527903651e+00	4.917029200000000433e-01	-9.688068582955121355e-02
1.749437359339835130e+00	3.806818278618887774e+00	6.535839199999999849e-01	-3.253164901664145625e-01
1.750437609402350825e+00	3.798147023545273004e+00	9.125935200000000469e-01	-5.537522945032778976e-01
1.751437859464866298e+00	3.789576275422223528e+00	1.268731720000000118e+00	-7.821880988401412882e-01
1.752438109527381993e+00	3.781842778853014231e+00	1.482414640000000006e+00	-1.075891275844679917e+00
1.753438359589897688e+00	3.775107009540598302e+00	1.631345159999999739e+00	-1.336960766515380872e+00
1.754438609652413383e+00	3.768288942219086390e+00	1.883879520000000030e+00	-1.500129198184569024e+00
1.755438859714928856e+00	3.761238492415340584e+00	2.142889119999999981e+00	-1.826466061522945328e+00
1.756439109777444552e+00	3.755517289972069683e+00	2.401898720000000154e+00	-2.054901865859808829e+00
1.757439359839960247e+00	3.751865366025154636e+00	2.531403520000000018e+00	-2.120169238527484179e+00
1.758439609902475720e+00	3.749520165653051684e+00	2.550829240000000553e+00	-2.283337670196671887e+00
1.759439859964991415e+00	3.747537008233095879e+00	2.505502560000000045e+00	-2.283337670196671887e+00
1.760440110027507110e+00	3.745584171732368794e+00	2.544354000000000227e+00	-2.152802924861321632e+00
1.761440360090022583e+00	3.743571576171748738e+00	2.544354000000000227e+00	-2.315971356530509784e+00
1.762440610152538278e+00	3.741743042380685669e+00	2.544354000000000227e+00	-2.218070297528996981e+00
1.763440860215053974e+00	3.741583730856569368e+00	2.557304479999999991e+00	-2.315971356530509784e+00
1.764441110277569669e+00	3.743635149515365690e+00	2.518453040000000698e+00	-2.218070297528996981e+00
1.765441360340085142e+00	3.745767258790811738e+00	2.220591999999999899e+00	-1.924367120524458352e+00
1.766441610402600837e+00	3.746996256647276091e+00	2.142889119999999981e+00	-1.891733434190620455e+00
1.767441860465116532e+00	3.748580954826505440e+00	1.793226159999999902e+00	-1.434861825516893896e+00
1.768442110527632005e+00	3.750864525047106657e+00	1.404711760000000087e+00	-1.206426021180030395e+00
1.769442360590147700e+00	3.754278624433942113e+00	1.126276440000000045e+00	-8.800891578416540906e-01
1.770442610652663395e+00	3.759420735570752292e+00	7.183363200000001392e-01	-5.863859808371156834e-01
1.771442860715179091e+00	3.764951170256217061e+00	5.564553199999999755e-01	-3.253164901664145625e-01
1.772443110777694564e+00	3.770287282988774802e+00	3.492476399999999703e-01	-6.424699949571360813e-02
1.773443360840210259e+00	3.776344702412520515e+00	2.067923600000000084e-01	3.365405950579927752e-02
1.774443610902725954e+00	3.782676397233608157e+00	3.196087999999999707e-02	2.947235501765002597e-01
1.775443860965241427e+00	3.788473705508255129e+00	-1.040191599999999994e-01	3.599909228441755538e-01
1.776444111027757122e+00	3.793656038781630713e+00	-2.723753999999999897e-01	5.557930408472013806e-01
1.777444361090272817e+00	3.797977962922982176e+00	-4.018802000000000207e-01	6.536940998487140719e-01
1.778444611152788291e+00	3.802370039955140335e+00	-4.342563999999999869e-01	7.189614725163894215e-01
1.779444861215303986e+00	3.808277181176533244e+00	-5.054840400000000233e-01	7.515951588502269853e-01
1.780445111277819681e+00	3.815214735484232289e+00	-4.666325999999999530e-01	9.147635905194151373e-01
1.781445361340335376e+00	3.822285868087245131e+00	-5.961373999999999285e-01	9.473972768532528121e-01
1.782445611402850849e+00	3.828958857290706064e+00	-7.191669600000000218e-01	8.168625315179022239e-01
1.783445861465366544e+00	3.834151667962912402e+00	-6.673650399999999649e-01	1.045298335854765615e+00
1.784446111527882239e+00	3.837357504226644789e+00	-7.191669600000000218e-01	1.045298335854765615e+00
1.785446361590397713e+00	3.839274568224157580e+00	-6.803155199999999514e-01	1.077932022188603289e+00
1.786446611652913408e+00	3.840966290624010515e+00	-7.256422000000000150e-01	1.012664649520927940e+00
1.787446861715429103e+00	3.842670915423865630e+00	-6.738402799999999582e-01	1.045298335854765615e+00
1.788447111777944576e+00	3.843532787068808521e+00	-6.414640799999999921e-01	9.800309631870904870e-01
1.789447361840460271e+00	3.843096950290340263e+00	-6.090878800000000259e-01	9.147635905194151373e-01
1.790447611902975966e+00	3.842088486029922034e+00	-4.990087999999999191e-01	8.494962178517398987e-01
1.791447861965491661e+00	3.841326171041136828e+00	-3.371277999999999775e-01	7.515951588502269853e-01
1.792448112028007134e+00	3.840660596949614369e+00	-4.407316399999999801e-01	6.863277861825517467e-01
1.793448362090522830e+00	3.838979480221833995e+00	-2.076230000000000020e-01	5.884267271810389444e-01
1.794448612153038525e+00	3.835617834732689690e+00	-2.140982399999999952e-01	4.578919818456884672e-01
1.795448862215553998e+00	3.831412452350492437e+00	-1.336580000000000407e-02	3.273572365103378790e-01
1.796449112278069693e+00	3.827157236480785762e+00	1.226142399999999993e-01	2.294561775088249655e-01
1.797449362340585388e+00	3.822289141166693049e+00	2.909704799999999758e-01	3.365405950579927752e-02
1.798449612403100861e+00	3.816055153819534862e+00	4.722772000000000081e-01	-6.424699949571360813e-02
1.799449862465616556e+00	3.808487692022656912e+00	6.341582000000000052e-01	-3.579501765002521818e-01
1.800450112528132252e+00	3.799965506183115238e+00	8.996430400000000605e-01	-5.537522945032778976e-01
1.801450362590647947e+00	3.790857136757704637e+00	1.242830760000000145e+00	-7.821880988401412882e-01
1.802450612653163420e+00	3.782152160182381095e+00	1.488889879999999888e+00	-1.043257589510842243e+00
1.803450862715679115e+00	3.774952337852511164e+00	1.611919440000000092e+00	-1.369594452849218325e+00
1.804451112778194810e+00	3.768795948754396719e+00	1.864453799999999939e+00	-1.500129198184569024e+00
1.805451362840710283e+00	3.762558372068125934e+00	2.149364359999999863e+00	-1.826466061522945328e+00
1.806451612903225978e+00	3.756347646580195931e+00	2.369522519999999854e+00	-2.087535552193646726e+00
1.807451862965741674e+00	3.751627958665364471e+00	2.518453040000000698e+00	-2.054901865859808829e+00
1.808452113028257147e+00	3.749049152048205436e+00	2.524928280000000136e+00	-2.315971356530509784e+00
1.809452363090772842e+00	3.746805217309182368e+00	2.492552079999999837e+00	-2.218070297528996981e+00
1.810452613153288537e+00	3.744234475033839438e+00	2.531403520000000018e+00	-2.218070297528996981e+00
1.811452863215804232e+00	3.743181596495798402e+00	2.518453040000000698e+00	-2.250703983862834434e+00
1.812453113278319705e+00	3.743621392737742415e+00	2.531403520000000018e+00	-2.250703983862834434e+00
1.813453363340835400e+00	3.743819044406311303e+00	2.544354000000000227e+00	-2.315971356530509784e+00
1.814453613403351095e+00	3.743751009229991489e+00	2.499027319999999719e+00	-2.185436611195159529e+00
1.815453863465866569e+00	3.744454333186487460e+00	2.207641520000000135e+00	-1.957000806858295805e+00
1.816454113528382264e+00	3.746095458862205074e+00	2.136413880000000098e+00	-1.891733434190620455e+00
1.817454363590897959e+00	3.748368706893618008e+00	1.786750920000000020e+00	-1.402228139183055999e+00
1.818454613653413654e+00	3.751135319463686724e+00	1.385286039999999996e+00	-1.173792334846192720e+00
1.819454863715929127e+00	3.754355971345981313e+00	1.100375480000000072e+00	-8.800891578416540906e-01
1.820455113778444822e+00	3.758696766856340243e+00	6.730096400000000756e-01	-6.190196671709531362e-01
1.821455363840960517e+00	3.764699336716870626e+00	5.499800799999999823e-01	-3.579501765002521818e-01
1.822455613903475991e+00	3.771014879139189091e+00	3.103962000000000110e-01	-3.161331316187596802e-02
1.823455863965991686e+00	3.776105645876822514e+00	2.003171200000000152e-01	6.628774583963688294e-02
1.824456114028507381e+00	3.780707499905271884e+00	1.901039999999999675e-02	2.947235501765002597e-01
1.825456364091022854e+00	3.785978101112441152e+00	-1.169696400000000136e-01	3.599909228441755538e-01
1.826456614153538549e+00	3.791360139723312539e+00	-2.853258800000000317e-01	5.884267271810389444e-01
1.827456864216054244e+00	3.796463537236166808e+00	-4.213059199999999449e-01	5.884267271810389444e-01
1.828457114278569939e+00	3.802223578465858456e+00	-4.213059199999999449e-01	7.189614725163894215e-01
1.829457364341085412e+00	3.808986719104931584e+00	-5.184345200000000098e-01	7.842288451840646601e-01
1.830457614403601108e+00	3.815880337188630289e+00	-4.731078399999999462e-01	9.147635905194151373e-01
1.831457864466116803e+00	3.822052132493277021e+00	-6.220383600000000124e-01	9.473972768532528121e-01
1.832458114528632276e+00	3.827620774843210061e+00	-7.256422000000000150e-01	9.800309631870904870e-01
1.833458364591147971e+00	3.833171832738581752e+00	-6.738402799999999582e-01	1.045298335854765615e+00
1.834458614653663666e+00	3.838029553768267821e+00	-7.385926799999998904e-01	1.045298335854765615e+00
1.835458864716179139e+00	3.841205538014758503e+00	-6.803155199999999514e-01	1.077932022188603289e+00
1.836459114778694834e+00	3.843290208400987229e+00	-7.385926799999998904e-01	1.012664649520927940e+00
1.837459364841210530e+00	3.844610263352640445e+00	-6.932660000000000489e-01	1.077932022188603289e+00
1.838459614903726225e+00	3.844807984032851067e+00	-6.544145599999999785e-01	9.800309631870904870e-01
1.839459864966241698e+00	3.844584290664748938e+00	-6.155631200000000192e-01	9.147635905194151373e-01
1.840460115028757393e+00	3.843822362486870148e+00	-5.184345200000000098e-01	9.147635905194151373e-01
1.841460365091273088e+00	3.841335401454222254e+00	-3.436030400000000262e-01	8.168625315179022239e-01
1.842460615153788561e+00	3.838182050972453574e+00	-4.472068799999999733e-01	7.515951588502269853e-01
1.843460865216304256e+00	3.835764046509175795e+00	-2.270487200000000094e-01	5.884267271810389444e-01
1.844461115278819952e+00	3.832864480971172938e+00	-2.140982399999999952e-01	4.578919818456884672e-01
1.845461365341335425e+00	3.828950583036739186e+00	-1.336580000000000407e-02	3.599909228441755538e-01
1.846461615403851120e+00	3.825247019280293426e+00	1.031885200000000058e-01	1.968224911749873740e-01
1.847461865466366815e+00	3.821039615874854967e+00	2.650695199999999474e-01	6.628774583963688294e-02
1.848462115528882510e+00	3.814379057616474444e+00	4.722772000000000081e-01	-9.688068582955121355e-02
1.849462365591397983e+00	3.805901381639386738e+00	6.276829600000000120e-01	-2.926828038325769432e-01
1.850462615653913678e+00	3.797714258294178524e+00	9.061182800000000537e-01	-5.537522945032778976e-01
1.851462865716429373e+00	3.790061060321889830e+00	1.216929799999999950e+00	-7.169207261724660496e-01
1.852463115778944847e+00	3.782281345981401532e+00	1.482414640000000006e+00	-1.010623903177004790e+00
1.853463365841460542e+00	3.774787907981844715e+00	1.618394679999999752e+00	-1.336960766515380872e+00
1.854463615903976237e+00	3.767763015559597584e+00	1.832077599999999862e+00	-1.467495511850731349e+00
1.855463865966491710e+00	3.760995606008461500e+00	2.129938640000000216e+00	-1.826466061522945328e+00
1.856464116029007405e+00	3.755725216511005105e+00	2.337146319999999999e+00	-1.989634493192133702e+00
1.857464366091523100e+00	3.752805430595310909e+00	2.505502560000000045e+00	-2.087535552193646726e+00
1.858464616154038795e+00	3.750471243938662269e+00	2.511977800000000371e+00	-2.250703983862834434e+00
1.859464866216554269e+00	3.747157639798258000e+00	2.473126360000000190e+00	-2.185436611195159529e+00
1.860465116279069964e+00	3.743851552629115620e+00	2.505502560000000045e+00	-2.185436611195159529e+00
1.861465366341585659e+00	3.742398655921006956e+00	2.505502560000000045e+00	-2.315971356530509784e+00
1.862465616404101132e+00	3.742824124415893294e+00	2.505502560000000045e+00	-2.152802924861321632e+00
1.863465866466616827e+00	3.743146132786767666e+00	2.524928280000000136e+00	-2.315971356530509784e+00
1.864466116529132522e+00	3.743063053556716646e+00	2.479601600000000072e+00	-2.185436611195159529e+00
1.865466366591648217e+00	3.744256610899324489e+00	2.181740560000000162e+00	-1.891733434190620455e+00
1.866466616654163690e+00	3.746002328644483903e+00	2.123463399999999890e+00	-1.826466061522945328e+00
1.867466866716679386e+00	3.746882530516664644e+00	1.754374719999999943e+00	-1.434861825516893896e+00
1.868467116779195081e+00	3.749036634723809769e+00	1.359385079999999801e+00	-1.173792334846192720e+00
1.869467366841710554e+00	3.754270842166294475e+00	1.087425000000000086e+00	-8.148217851739789630e-01
1.870467616904226249e+00	3.760509384925014853e+00	6.859601199999999510e-01	-5.211186081694403338e-01
1.871467866966741944e+00	3.765859932742076310e+00	5.435048399999999891e-01	-2.926828038325769432e-01
1.872468117029257417e+00	3.770601409765717893e+00	3.039209600000000178e-01	-9.688068582955121355e-02
1.873468367091773112e+00	3.775081686914365964e+00	1.808914000000000077e-01	9.892143217347457163e-02
1.874468617154288808e+00	3.779702987217687937e+00	6.059919999999996421e-03	2.947235501765002597e-01
1.875468867216804503e+00	3.785106770852882718e+00	-1.299201200000000000e-01	4.252582955118507924e-01
1.876469117279319976e+00	3.791109841783326218e+00	-2.918011200000000249e-01	5.557930408472013806e-01
1.877469367341835671e+00	3.796860989746879689e+00	-4.213059199999999449e-01	6.210604135148766192e-01
1.878469617404351366e+00	3.802220812503753322e+00	-4.342563999999999869e-01	7.842288451840646601e-01
1.879469867466866839e+00	3.808309689730088099e+00	-5.249097599999998920e-01	7.842288451840646601e-01
1.880470117529382534e+00	3.815310875471379148e+00	-4.795830800000000504e-01	9.147635905194151373e-01
1.881470367591898230e+00	3.821535079082279740e+00	-6.285136000000000056e-01	9.473972768532528121e-01
1.882470617654413703e+00	3.826858533959466513e+00	-7.385926799999998904e-01	9.147635905194151373e-01
1.883470867716929398e+00	3.832769405430059173e+00	-6.608898000000000827e-01	1.045298335854765615e+00
1.884471117779445093e+00	3.838154328208759125e+00	-7.321174399999998972e-01	1.045298335854765615e+00
1.885471367841960788e+00	3.840791733557413323e+00	-6.997412400000000421e-01	1.077932022188603289e+00
1.886471617904476261e+00	3.841631091782044205e+00	-7.385926799999998904e-01	1.012664649520927940e+00
1.887471867966991956e+00	3.842477384826016085e+00	-6.997412400000000421e-01	1.012664649520927940e+00
1.888472118029507651e+00	3.842928933287841353e+00	-6.544145599999999785e-01	9.800309631870904870e-01
1.889472368092023125e+00	3.842740968544182234e+00	-6.155631200000000192e-01	9.147635905194151373e-01
1.890472618154538820e+00	3.842537741268080342e+00	-5.313849999999999962e-01	8.821299041855775735e-01
1.891472868217054515e+00	3.841982881256194471e+00	-3.565535200000000127e-01	7.842288451840646601e-01
1.892473118279569988e+00	3.840241630161371322e+00	-4.342563999999999869e-01	7.189614725163894215e-01
1.893473368342085683e+00	3.837067911537388465e+00	-2.464744400000000168e-01	5.884267271810389444e-01
1.894473618404601378e+00	3.833500603074636359e+00	-2.335239600000000026e-01	5.231593545133637058e-01
1.895473868467117073e+00	3.830516178223929202e+00	-3.279152000000000455e-02	2.620898638426626404e-01
1.896474118529632547e+00	3.826897906339425948e+00	1.031885200000000058e-01	2.620898638426626404e-01
1.897474368592148242e+00	3.821214800311815818e+00	2.585942800000000097e-01	6.628774583963688294e-02
1.898474618654663937e+00	3.813873878316653254e+00	4.528514799999999729e-01	-1.295143721633888190e-01
1.899474868717179410e+00	3.805793746120040844e+00	6.082572400000001434e-01	-3.253164901664145625e-01
1.900475118779695105e+00	3.797421736174227291e+00	8.802173200000000808e-01	-5.537522945032778976e-01
1.901475368842210800e+00	3.788858978141268263e+00	1.210454560000000068e+00	-7.169207261724660496e-01
1.902475618904726273e+00	3.780359880851578147e+00	1.443563199999999824e+00	-1.010623903177004790e+00
1.903475868967241968e+00	3.772908126856347355e+00	1.598968959999999884e+00	-1.271693393847705744e+00
1.904476119029757664e+00	3.767038997010440760e+00	1.819127120000000097e+00	-1.467495511850731349e+00
1.905476369092273359e+00	3.761767398923884453e+00	2.123463399999999890e+00	-1.793832375189107875e+00
1.906476619154788832e+00	3.756136304926684488e+00	2.343621559999999882e+00	-2.022268179525970933e+00
1.907476869217304527e+00	3.750890809658144143e+00	2.486076839999999510e+00	-2.087535552193646726e+00
1.908477119279820222e+00	3.747892376563881633e+00	2.505502560000000045e+00	-2.250703983862834434e+00
1.909477369342335695e+00	3.747000951917526024e+00	2.466651119999999864e+00	-2.218070297528996981e+00
1.910477619404851390e+00	3.745531981584202530e+00	2.505502560000000045e+00	-2.185436611195159529e+00
1.911477869467367086e+00	3.742744337852959013e+00	2.492552079999999837e+00	-2.218070297528996981e+00
1.912478119529882781e+00	3.740338550639368265e+00	2.499027319999999719e+00	-2.218070297528996981e+00
1.913478369592398254e+00	3.739556018216044553e+00	2.511977800000000371e+00	-2.250703983862834434e+00
1.914478619654913949e+00	3.741241669523120983e+00	2.466651119999999864e+00	-2.185436611195159529e+00
1.915478869717429644e+00	3.744542730644960571e+00	2.207641520000000135e+00	-1.891733434190620455e+00
1.916479119779945117e+00	3.746870875174530990e+00	2.097562439999999917e+00	-1.924367120524458352e+00
1.917479369842460812e+00	3.747919571183700782e+00	1.767325200000000152e+00	-1.402228139183055999e+00
1.918479619904976508e+00	3.749828516726474437e+00	1.359385079999999801e+00	-1.173792334846192720e+00
1.919479869967491981e+00	3.753616966427534951e+00	1.080949760000000204e+00	-7.821880988401412882e-01
1.920480120030007676e+00	3.758234968098458584e+00	6.794848799999999578e-01	-5.537522945032778976e-01
1.921480370092523371e+00	3.762891658498504821e+00	5.240791200000000094e-01	-3.253164901664145625e-01
1.922480620155039066e+00	3.768401630984731465e+00	3.039209600000000178e-01	-6.424699949571360813e-02
1.923480870217554539e+00	3.775145388657412227e+00	1.873666400000000010e-01	6.628774583963688294e-02
1.924481120280070234e+00	3.781794389852239036e+00	-1.336580000000000407e-02	2.947235501765002597e-01
1.925481370342585929e+00	3.787692834638178407e+00	-1.299201200000000000e-01	3.926246091780131731e-01
1.926481620405101403e+00	3.793306536205062418e+00	-2.918011200000000249e-01	6.210604135148766192e-01
1.927481870467617098e+00	3.798008013889466294e+00	-4.277811600000000491e-01	5.884267271810389444e-01
1.928482120530132793e+00	3.802003641076442619e+00	-4.472068799999999733e-01	7.515951588502269853e-01
1.929482370592648266e+00	3.807205035387970948e+00	-5.378602399999999895e-01	8.168625315179022239e-01
1.930482620655163961e+00	3.813580854183633573e+00	-4.795830800000000504e-01	9.147635905194151373e-01
1.931482870717679656e+00	3.819488782123560799e+00	-6.349888400000001099e-01	9.473972768532528121e-01
1.932483120780195351e+00	3.824910501665200080e+00	-7.321174399999998972e-01	9.800309631870904870e-01
1.933483370842710825e+00	3.831097443786828372e+00	-6.738402799999999582e-01	1.045298335854765615e+00
1.934483620905226520e+00	3.837354500954311298e+00	-7.385926799999998904e-01	9.800309631870904870e-01
1.935483870967742215e+00	3.841160824357331194e+00	-6.932660000000000489e-01	1.045298335854765615e+00
1.936484121030257688e+00	3.842523599593908212e+00	-7.256422000000000150e-01	1.012664649520927940e+00
1.937484371092773383e+00	3.843607512529481074e+00	-6.867907599999999446e-01	1.045298335854765615e+00
1.938484621155289078e+00	3.844228201680194079e+00	-6.414640799999999921e-01	9.147635905194151373e-01
1.939484871217804551e+00	3.843118310392307002e+00	-6.090878800000000259e-01	9.473972768532528121e-01
1.940485121280320246e+00	3.841376821970935662e+00	-5.184345200000000098e-01	8.494962178517398987e-01
1.941485371342835942e+00	3.840261413323723172e+00	-3.371277999999999775e-01	7.842288451840646601e-01
1.942485621405351637e+00	3.839217034112930804e+00	-4.407316399999999801e-01	7.189614725163894215e-01
1.943485871467867110e+00	3.837819467555517061e+00	-2.205734800000000162e-01	6.210604135148766192e-01
1.944486121530382805e+00	3.835790966083205245e+00	-2.270487200000000094e-01	4.578919818456884672e-01
1.945486371592898500e+00	3.831910087196976455e+00	-1.984104000000000423e-02	3.273572365103378790e-01
1.946486621655413973e+00	3.825889300354635925e+00	1.226142399999999993e-01	2.294561775088249655e-01
1.947486871717929668e+00	3.819626989324235833e+00	2.909704799999999758e-01	6.628774583963688294e-02
1.948487121780445364e+00	3.814289729497346126e+00	4.463762399999999797e-01	-9.688068582955121355e-02
1.949487371842960837e+00	3.808072215063385890e+00	6.406334400000001095e-01	-2.926828038325769432e-01
1.950487621905476532e+00	3.799280656794344235e+00	8.996430400000000605e-01	-5.863859808371156834e-01
1.951487871967992227e+00	3.789321306916828558e+00	1.216929799999999950e+00	-7.821880988401412882e-01
1.952488122030507922e+00	3.780499481968365938e+00	1.462988919999999915e+00	-1.010623903177004790e+00
1.953488372093023395e+00	3.773710173268729484e+00	1.586018479999999897e+00	-1.271693393847705744e+00
1.954488622155539090e+00	3.768524246838947711e+00	1.838552839999999744e+00	-1.467495511850731349e+00
1.955488872218054786e+00	3.763183635112990810e+00	2.116988160000000008e+00	-1.826466061522945328e+00
1.956489122280570259e+00	3.757121469997295016e+00	2.324195839999999791e+00	-2.185436611195159529e+00
1.957489372343085954e+00	3.752463966699430387e+00	2.466651119999999864e+00	-2.022268179525970933e+00
1.958489622405601649e+00	3.749696046040274844e+00	2.486076839999999510e+00	-2.218070297528996981e+00
1.959489872468117344e+00	3.747018394069011382e+00	2.447225399999999773e+00	-2.152802924861321632e+00
1.960490122530632817e+00	3.744597420243540142e+00	2.479601600000000072e+00	-2.185436611195159529e+00
1.961490372593148512e+00	3.743575594192364964e+00	2.486076839999999510e+00	-2.250703983862834434e+00
1.962490622655664207e+00	3.743305893777079785e+00	2.479601600000000072e+00	-2.185436611195159529e+00
1.963490872718179681e+00	3.742914592326821221e+00	2.499027319999999719e+00	-2.250703983862834434e+00
1.964491122780695376e+00	3.742771991494657779e+00	2.440750159999999891e+00	-2.283337670196671887e+00
1.965491372843211071e+00	3.743632559957775108e+00	2.149364359999999863e+00	-1.924367120524458352e+00
1.966491622905726544e+00	3.745594220795909202e+00	2.110512920000000125e+00	-1.793832375189107875e+00
1.967491872968242239e+00	3.748349310336295481e+00	1.741424239999999957e+00	-1.402228139183055999e+00
1.968492123030757934e+00	3.751776343877315067e+00	1.359385079999999801e+00	-1.108524962178517592e+00
1.969492373093273629e+00	3.755294123918625715e+00	1.067999279999999995e+00	-7.821880988401412882e-01
1.970492623155789103e+00	3.758697280160347542e+00	6.600591600000000891e-01	-5.211186081694403338e-01
1.971492873218304798e+00	3.763271594987678714e+00	5.176038800000000162e-01	-4.232175491679274204e-01
1.972493123280820493e+00	3.769534419471646913e+00	3.168714400000000042e-01	-6.424699949571360813e-02
1.973493373343335966e+00	3.776206744810497451e+00	1.744161599999999868e-01	9.892143217347457163e-02
1.974493623405851661e+00	3.782062545737684189e+00	6.059919999999996421e-03	3.926246091780131731e-01
1.975493873468367356e+00	3.786799249239582998e+00	-1.234448800000000068e-01	4.252582955118507924e-01
1.976494123530882829e+00	3.791401167835341202e+00	-2.982763600000000181e-01	5.557930408472013806e-01
1.977494373593398524e+00	3.797290037548730179e+00	-4.148306800000000072e-01	6.536940998487140719e-01
1.978494623655914220e+00	3.803967785680752556e+00	-4.472068799999999733e-01	7.515951588502269853e-01
1.979494873718429915e+00	3.809897412541371597e+00	-5.184345200000000098e-01	8.494962178517398987e-01
1.980495123780945388e+00	3.815410330945675277e+00	-4.990087999999999191e-01	9.473972768532528121e-01
1.981495373843461083e+00	3.821615959571167398e+00	-6.220383600000000124e-01	8.821299041855775735e-01
1.982495623905976778e+00	3.827860249656174663e+00	-7.385926799999998904e-01	9.800309631870904870e-01
1.983495873968492251e+00	3.833205465975063397e+00	-6.673650399999999649e-01	1.045298335854765615e+00
1.984496124031007946e+00	3.837899066563305261e+00	-7.256422000000000150e-01	9.800309631870904870e-01
1.985496374093523642e+00	3.841439911517980033e+00	-6.803155199999999514e-01	1.077932022188603289e+00
1.986496624156039115e+00	3.842997301387927944e+00	-7.256422000000000150e-01	1.012664649520927940e+00
1.987496874218554810e+00	3.843170389096830508e+00	-6.673650399999999649e-01	9.800309631870904870e-01
1.988497124281070505e+00	3.842514136166817806e+00	-6.414640799999999921e-01	8.821299041855775735e-01
1.989497374343586200e+00	3.841280186678209585e+00	-6.026126399999999217e-01	9.147635905194151373e-01
1.990497624406101673e+00	3.840314892668860836e+00	-4.925335599999999814e-01	8.494962178517398987e-01
1.991497874468617368e+00	3.840018303022776802e+00	-3.371277999999999775e-01	7.515951588502269853e-01
1.992498124531133064e+00	3.839775476569927459e+00	-4.277811600000000491e-01	7.189614725163894215e-01
1.993498374593648537e+00	3.838607186785685688e+00	-2.140982399999999952e-01	5.884267271810389444e-01
1.994498624656164232e+00	3.836011306932911591e+00	-1.881972800000000223e-01	4.578919818456884672e-01
1.995498874718679927e+00	3.832445014696134411e+00	-1.336580000000000407e-02	3.599909228441755538e-01
1.996499124781195400e+00	3.828190589948746503e+00	1.226142399999999993e-01	1.968224911749873740e-01
1.997499374843711095e+00	3.822320548538076679e+00	2.909704799999999758e-01	1.020373171961676869e-03
1.998499624906226790e+00	3.814479693390766091e+00	4.528514799999999729e-01	-9.688068582955121355e-02
1.999499874968742485e+00	3.805593974588973527e+00	6.341582000000000052e-01	-3.253164901664145625e-01
2.000500125031257959e+00	3.796675939269585243e+00	9.061182800000000537e-01	-5.537522945032778976e-01
2.001500375093773432e+00	3.788951859101410413e+00	1.216929799999999950e+00	-8.474554715078166378e-01
2.002500625156289349e+00	3.782556136345577080e+00	1.450038439999999929e+00	-9.453565305093293292e-01
2.003500875218804822e+00	3.775896034346040153e+00	1.598968959999999884e+00	-1.304327080181543197e+00
2.004501125281320739e+00	3.768825303258878545e+00	1.812651879999999993e+00	-1.434861825516893896e+00
2.005501375343836212e+00	3.762983247912596863e+00	2.110512920000000125e+00	-1.761198688855269978e+00
2.006501625406351685e+00	3.758276609679718661e+00	2.311245360000000026e+00	-1.989634493192133702e+00
2.007501875468867603e+00	3.753153139684230144e+00	2.460175879999999982e+00	-2.054901865859808829e+00
2.008502125531383076e+00	3.748318639534894192e+00	2.460175879999999982e+00	-2.185436611195159529e+00
2.009502375593898549e+00	3.745592809650218680e+00	2.421324440000000244e+00	-2.218070297528996981e+00
2.010502625656414466e+00	3.744179520724574495e+00	2.460175879999999982e+00	-2.152802924861321632e+00
2.011502875718929939e+00	3.743076373421629022e+00	2.460175879999999982e+00	-2.218070297528996981e+00
2.012503125781445412e+00	3.743008920246906346e+00	2.460175879999999982e+00	-2.120169238527484179e+00
2.013503375843961329e+00	3.743153724220685152e+00	2.473126360000000190e+00	-2.315971356530509784e+00
2.014503625906476802e+00	3.742462665905054386e+00	2.408373960000000036e+00	-2.152802924861321632e+00
2.015503875968992276e+00	3.742696989365324800e+00	2.136413880000000098e+00	-1.924367120524458352e+00
2.016504126031508193e+00	3.745238081574093325e+00	2.065186240000000062e+00	-1.793832375189107875e+00
2.017504376094023666e+00	3.748705469417907832e+00	1.721998519999999866e+00	-1.369594452849218325e+00
2.018504626156539139e+00	3.751713438508198273e+00	1.327008879999999946e+00	-1.173792334846192720e+00
2.019504876219055056e+00	3.754929095451275955e+00	1.042098320000000022e+00	-8.148217851739789630e-01
2.020505126281570529e+00	3.759430851596863743e+00	6.341582000000000052e-01	-5.537522945032778976e-01
2.021505376344086446e+00	3.765105606710159147e+00	5.176038800000000162e-01	-2.926828038325769432e-01
2.022505626406601920e+00	3.771050384230754560e+00	2.909704799999999758e-01	-3.161331316187596802e-02
2.023505876469117393e+00	3.776440323531277343e+00	1.679409199999999935e-01	1.315551185073121632e-01
2.024506126531633310e+00	3.781433095475093431e+00	-1.984104000000000423e-02	2.947235501765002597e-01
2.025506376594148783e+00	3.786909186911902925e+00	-1.363953600000000210e-01	4.252582955118507924e-01
2.026506626656664256e+00	3.792825549221911619e+00	-3.112268400000000046e-01	5.884267271810389444e-01
2.027506876719180173e+00	3.798069543653769475e+00	-4.277811600000000491e-01	6.536940998487140719e-01
2.028507126781695646e+00	3.802741791062880239e+00	-4.601573600000000153e-01	7.515951588502269853e-01
2.029507376844211120e+00	3.808455859958296497e+00	-5.313849999999999962e-01	8.168625315179022239e-01
2.030507626906727037e+00	3.815487429257247154e+00	-4.990087999999999191e-01	9.473972768532528121e-01
2.031507876969242510e+00	3.822794925525618837e+00	-6.349888400000001099e-01	9.473972768532528121e-01
2.032508127031757983e+00	3.829460009834477763e+00	-7.385926799999998904e-01	9.473972768532528121e-01
2.033508377094273900e+00	3.834264066270387072e+00	-6.867907599999999446e-01	1.045298335854765615e+00
2.034508627156789373e+00	3.837423316910482995e+00	-7.321174399999998972e-01	1.077932022188603289e+00
2.035508877219304846e+00	3.840600187230547746e+00	-6.932660000000000489e-01	1.077932022188603289e+00
2.036509127281820763e+00	3.843415683696688401e+00	-7.321174399999998972e-01	1.012664649520927940e+00
2.037509377344336237e+00	3.844641068236492654e+00	-6.803155199999999514e-01	1.012664649520927940e+00
2.038509627406851710e+00	3.844661369116430638e+00	-6.349888400000001099e-01	8.821299041855775735e-01
2.039509877469367627e+00	3.844168456715980842e+00	-6.155631200000000192e-01	9.473972768532528121e-01
2.040510127531883100e+00	3.843740221259822842e+00	-5.054840400000000233e-01	8.821299041855775735e-01
2.041510377594399017e+00	3.842963244833108583e+00	-3.436030400000000262e-01	7.842288451840646601e-01
2.042510627656914490e+00	3.840494224110898802e+00	-4.407316399999999801e-01	6.210604135148766192e-01
2.043510877719429963e+00	3.837285440772931544e+00	-2.205734800000000162e-01	5.884267271810389444e-01
2.044511127781945881e+00	3.834964336535079621e+00	-2.011477600000000088e-01	4.252582955118507924e-01
2.045511377844461354e+00	3.832412416383109477e+00	-4.153200000000037417e-04	3.599909228441755538e-01
2.046511627906976827e+00	3.827899176785681146e+00	1.161389999999999922e-01	2.620898638426626404e-01
2.047511877969492744e+00	3.821328818139368089e+00	2.844952399999999826e-01	6.628774583963688294e-02
2.048512128032008217e+00	3.813929721047510935e+00	4.852276800000000501e-01	-1.947817448310640853e-01
2.049512378094523690e+00	3.806558822715027990e+00	6.471086800000001027e-01	-3.579501765002521818e-01
2.050512628157039607e+00	3.798594475632438794e+00	9.125935200000000469e-01	-5.537522945032778976e-01
2.051512878219555081e+00	3.790008988752883834e+00	1.216929799999999950e+00	-7.495544125063037244e-01
2.052513128282070554e+00	3.781631155670153621e+00	1.456513680000000033e+00	-1.075891275844679917e+00
2.053513378344586471e+00	3.773606540890363181e+00	1.598968959999999884e+00	-1.239059707513868069e+00
2.054513628407101944e+00	3.766602162939475473e+00	1.799701400000000007e+00	-1.500129198184569024e+00
2.055513878469617417e+00	3.761445036687393273e+00	2.123463399999999890e+00	-1.793832375189107875e+00
2.056514128532133334e+00	3.757486034533901620e+00	2.304770120000000144e+00	-2.120169238527484179e+00
2.057514378594648807e+00	3.753799279902815478e+00	2.453700639999999655e+00	-2.022268179525970933e+00
2.058514628657164725e+00	3.750267098149979716e+00	2.460175879999999982e+00	-2.218070297528996981e+00
2.059514878719680198e+00	3.747435956713264016e+00	2.414849199999999918e+00	-2.152802924861321632e+00
2.060515128782195671e+00	3.745824675627929867e+00	2.440750159999999891e+00	-2.185436611195159529e+00
2.061515378844711588e+00	3.744753037702691412e+00	2.440750159999999891e+00	-2.218070297528996981e+00
2.062515628907227061e+00	3.743734863659739176e+00	2.453700639999999655e+00	-2.087535552193646726e+00
2.063515878969742534e+00	3.743795922919316510e+00	2.473126360000000190e+00	-2.185436611195159529e+00
2.064516129032258451e+00	3.744825404823398429e+00	2.414849199999999918e+00	-2.120169238527484179e+00
2.065516379094773924e+00	3.745530687191174657e+00	2.142889119999999981e+00	-1.891733434190620455e+00
2.066516629157289398e+00	3.746226457818725653e+00	2.071661479999999944e+00	-1.793832375189107875e+00
2.067516879219805315e+00	3.747788192361580784e+00	1.715523279999999984e+00	-1.336960766515380872e+00
2.068517129282320788e+00	3.750111285561020580e+00	1.333484120000000051e+00	-1.141158648512355045e+00
2.069517379344836261e+00	3.753417282814037303e+00	1.048573559999999905e+00	-7.495544125063037244e-01
2.070517629407352178e+00	3.758855483306729806e+00	6.600591600000000891e-01	-5.537522945032778976e-01
2.071517879469867651e+00	3.765893849861352560e+00	5.176038800000000162e-01	-3.253164901664145625e-01
2.072518129532383124e+00	3.771922969769387457e+00	3.168714400000000042e-01	-3.161331316187596802e-02
2.073518379594899042e+00	3.776568098980834343e+00	1.744161599999999868e-01	6.628774583963688294e-02
2.074518629657414515e+00	3.781791083112655549e+00	1.901039999999999675e-02	3.273572365103378790e-01
2.075518879719929988e+00	3.787863357352980742e+00	-1.363953600000000210e-01	3.926246091780131731e-01
2.076519129782445905e+00	3.793150459577384837e+00	-2.853258800000000317e-01	6.536940998487140719e-01
2.077519379844961378e+00	3.797234878136964920e+00	-4.213059199999999449e-01	5.884267271810389444e-01
2.078519629907477295e+00	3.802107052152217559e+00	-4.472068799999999733e-01	7.515951588502269853e-01
2.079519879969992768e+00	3.809164260898560972e+00	-5.184345200000000098e-01	7.515951588502269853e-01
2.080520130032508241e+00	3.817298241506012602e+00	-4.860583200000000437e-01	9.473972768532528121e-01
2.081520380095024159e+00	3.824397317980055888e+00	-6.155631200000000192e-01	9.800309631870904870e-01
2.082520630157539632e+00	3.829266140410992669e+00	-7.385926799999998904e-01	9.147635905194151373e-01
2.083520880220055105e+00	3.833141220332069832e+00	-6.608898000000000827e-01	1.045298335854765615e+00
2.084521130282571022e+00	3.837612076632495040e+00	-7.256422000000000150e-01	9.800309631870904870e-01
2.085521380345086495e+00	3.841553093256657281e+00	-6.544145599999999785e-01	1.045298335854765615e+00
2.086521630407601968e+00	3.843313350217973046e+00	-7.191669600000000218e-01	1.012664649520927940e+00
2.087521880470117885e+00	3.843391899737631512e+00	-6.479393199999999853e-01	1.045298335854765615e+00
2.088522130532633359e+00	3.843413899406969758e+00	-6.349888400000001099e-01	9.147635905194151373e-01
2.089522380595148832e+00	3.844019718244078732e+00	-6.026126399999999217e-01	9.473972768532528121e-01
2.090522630657664749e+00	3.843800174126472236e+00	-4.925335599999999814e-01	8.168625315179022239e-01
2.091522880720180222e+00	3.841759422443901784e+00	-3.177020799999999978e-01	7.842288451840646601e-01
2.092523130782695695e+00	3.839709265760724133e+00	-4.277811600000000491e-01	6.210604135148766192e-01
2.093523380845211612e+00	3.838802625570988170e+00	-1.946725200000000155e-01	5.884267271810389444e-01
2.094523630907727085e+00	3.837105067479868570e+00	-1.881972800000000223e-01	4.578919818456884672e-01
2.095523880970243003e+00	3.832876684282674695e+00	1.901039999999999675e-02	3.273572365103378790e-01
2.096524131032758476e+00	3.826712370055431300e+00	1.485152000000000139e-01	1.641888048411497825e-01
2.097524381095273949e+00	3.820371447663398978e+00	3.103962000000000110e-01	3.365405950579927752e-02
2.098524631157789866e+00	3.814728053334864200e+00	4.917029200000000433e-01	-1.621480584972264660e-01
2.099524881220305339e+00	3.808493355951794612e+00	6.600591600000000891e-01	-3.579501765002521818e-01
2.100525131282820812e+00	3.800009421217785288e+00	9.190687600000001511e-01	-5.211186081694403338e-01
2.101525381345336729e+00	3.790231780396554839e+00	1.242830760000000145e+00	-8.148217851739789630e-01
2.102525631407852202e+00	3.781543059599286938e+00	1.469464160000000019e+00	-1.010623903177004790e+00
2.103525881470367676e+00	3.774517034940919391e+00	1.605444199999999988e+00	-1.304327080181543197e+00
2.104526131532883593e+00	3.768224860068937421e+00	1.819127120000000097e+00	-1.500129198184569024e+00
2.105526381595399066e+00	3.762450124179343103e+00	2.116988160000000008e+00	-1.826466061522945328e+00
2.106526631657914539e+00	3.757874212986434426e+00	2.330671080000000117e+00	-1.989634493192133702e+00
2.107526881720430456e+00	3.754385459769387090e+00	2.453700639999999655e+00	-2.022268179525970933e+00
2.108527131782945929e+00	3.751333462884544279e+00	2.466651119999999864e+00	-2.152802924861321632e+00
2.109527381845461402e+00	3.748768278030973899e+00	2.421324440000000244e+00	-2.152802924861321632e+00
2.110527631907977320e+00	3.746565507636840486e+00	2.447225399999999773e+00	-2.185436611195159529e+00
2.111527881970492793e+00	3.744536484228558226e+00	2.447225399999999773e+00	-2.218070297528996981e+00
2.112528132033008266e+00	3.743241639450928027e+00	2.440750159999999891e+00	-2.152802924861321632e+00
2.113528382095524183e+00	3.742926567016530814e+00	2.473126360000000190e+00	-2.218070297528996981e+00
2.114528632158039656e+00	3.742862140918003178e+00	2.408373960000000036e+00	-2.120169238527484179e+00
2.115528882220555573e+00	3.742599821783319847e+00	2.129938640000000216e+00	-1.891733434190620455e+00
2.116529132283071046e+00	3.743444867722245828e+00	2.078136719999999826e+00	-1.826466061522945328e+00
2.117529382345586519e+00	3.747006565824484436e+00	1.715523279999999984e+00	-1.304327080181543197e+00
2.118529632408102437e+00	3.752036981447899322e+00	1.333484120000000051e+00	-1.108524962178517592e+00
2.119529882470617910e+00	3.756019774865253957e+00	1.048573559999999905e+00	-7.495544125063037244e-01
2.120530132533133383e+00	3.759282807810504057e+00	6.406334400000001095e-01	-4.232175491679274204e-01
2.121530382595649300e+00	3.763605855539197353e+00	5.305543600000000026e-01	-2.274154311649017046e-01
2.122530632658164773e+00	3.769106037719603730e+00	2.974457200000000245e-01	-3.161331316187596802e-02
2.123530882720680246e+00	3.775148241414499228e+00	2.003171200000000152e-01	9.892143217347457163e-02
2.124531132783196163e+00	3.781538242310177100e+00	-6.890560000000003904e-03	2.947235501765002597e-01
2.125531382845711637e+00	3.787797876484835236e+00	-1.299201200000000000e-01	3.926246091780131731e-01
2.126531632908227110e+00	3.793302659292688617e+00	-2.918011200000000249e-01	5.557930408472013806e-01
2.127531882970743027e+00	3.798211265482304366e+00	-4.148306800000000072e-01	6.536940998487140719e-01
2.128532133033258500e+00	3.803119405522617846e+00	-4.342563999999999869e-01	7.842288451840646601e-01
2.129532383095773973e+00	3.808389550273896251e+00	-5.184345200000000098e-01	7.515951588502269853e-01
2.130532633158289890e+00	3.814417343287792583e+00	-4.795830800000000504e-01	8.821299041855775735e-01
2.131532883220805363e+00	3.821378350943747559e+00	-6.220383600000000124e-01	9.473972768532528121e-01
2.132533133283320836e+00	3.827975712322645219e+00	-7.126917200000000285e-01	8.821299041855775735e-01
2.133533383345836754e+00	3.832793558287573177e+00	-6.673650399999999649e-01	1.045298335854765615e+00
2.134533633408352227e+00	3.836526567362621432e+00	-7.191669600000000218e-01	1.012664649520927940e+00
2.135533883470868144e+00	3.839967189120983448e+00	-6.544145599999999785e-01	1.045298335854765615e+00
2.136534133533383617e+00	3.842753279626861751e+00	-7.191669600000000218e-01	9.800309631870904870e-01
2.137534383595899090e+00	3.844891432297468548e+00	-6.544145599999999785e-01	1.012664649520927940e+00
2.138534633658415007e+00	3.846187121363774164e+00	-6.220383600000000124e-01	9.473972768532528121e-01
2.139534883720930480e+00	3.845808336749300338e+00	-5.961373999999999285e-01	9.147635905194151373e-01
2.140535133783445954e+00	3.843611666144290062e+00	-4.795830800000000504e-01	8.168625315179022239e-01
2.141535383845961871e+00	3.841237154870913884e+00	-2.982763600000000181e-01	7.189614725163894215e-01
2.142535633908477344e+00	3.840576157986622885e+00	-3.954049599999999165e-01	6.210604135148766192e-01
2.143535883970992817e+00	3.840147612503690855e+00	-1.752468000000000081e-01	4.905256681795260310e-01
2.144536134033508734e+00	3.837110354685876690e+00	-1.752468000000000081e-01	4.252582955118507924e-01
2.145536384096024207e+00	3.832019873698409462e+00	5.138659999999999756e-02	2.620898638426626404e-01
2.146536634158539680e+00	3.826650110023352092e+00	1.614656800000000003e-01	1.641888048411497825e-01
2.147536884221055598e+00	3.820821902516805757e+00	3.298219200000001017e-01	1.020373171961676869e-03
2.148537134283571071e+00	3.814259970891466178e+00	5.176038800000000162e-01	-1.295143721633888190e-01
2.149537384346086544e+00	3.807483792845489212e+00	6.730096400000000756e-01	-4.232175491679274204e-01
2.150537634408602461e+00	3.800371109620646948e+00	9.449697200000000130e-01	-6.190196671709531362e-01
2.151537884471117934e+00	3.792493282461499859e+00	1.249306000000000250e+00	-7.821880988401412882e-01
2.152538134533633851e+00	3.784022788774868751e+00	1.488889879999999888e+00	-1.043257589510842243e+00
2.153538384596149324e+00	3.775339272535479296e+00	1.624869920000000079e+00	-1.336960766515380872e+00
2.154538634658664797e+00	3.767202838920376440e+00	1.838552839999999744e+00	-1.500129198184569024e+00
2.155538884721180715e+00	3.761109684556129373e+00	2.129938640000000216e+00	-1.793832375189107875e+00
2.156539134783696188e+00	3.757344833552866969e+00	2.324195839999999791e+00	-1.957000806858295805e+00
2.157539384846211661e+00	3.754078661045277876e+00	2.479601600000000072e+00	-2.054901865859808829e+00
2.158539634908727578e+00	3.750513628055285764e+00	2.460175879999999982e+00	-2.218070297528996981e+00
2.159539884971243051e+00	3.747767732849487832e+00	2.434274920000000009e+00	-2.185436611195159529e+00
2.160540135033758524e+00	3.746159408036866978e+00	2.460175879999999982e+00	-2.087535552193646726e+00
2.161540385096274441e+00	3.744992066032492239e+00	2.466651119999999864e+00	-2.185436611195159529e+00
2.162540635158789915e+00	3.743989005590420138e+00	2.460175879999999982e+00	-2.218070297528996981e+00
2.163540885221305388e+00	3.743702687664023365e+00	2.479601600000000072e+00	-2.283337670196671887e+00
2.164541135283821305e+00	3.744638531690117844e+00	2.427799679999999682e+00	-2.185436611195159529e+00
2.165541385346336778e+00	3.745851070393130922e+00	2.136413880000000098e+00	-1.891733434190620455e+00
2.166541635408852251e+00	3.746257199257861270e+00	2.071661479999999944e+00	-1.826466061522945328e+00
2.167541885471368168e+00	3.746795483835009932e+00	1.734948999999999852e+00	-1.402228139183055999e+00
2.168542135533883641e+00	3.749277354629622749e+00	1.346434599999999815e+00	-1.141158648512355045e+00
2.169542385596399114e+00	3.754035018192287687e+00	1.074474520000000100e+00	-7.495544125063037244e-01
2.170542635658915032e+00	3.759646550306632307e+00	6.406334400000001095e-01	-5.863859808371156834e-01
2.171542885721430505e+00	3.764852856978161189e+00	5.435048399999999891e-01	-3.253164901664145625e-01
2.172543135783946422e+00	3.769683209561111248e+00	3.233466799999999974e-01	-9.688068582955121355e-02
2.173543385846461895e+00	3.774669122032903168e+00	1.938418799999999942e-01	9.892143217347457163e-02
2.174543635908977368e+00	3.780220535054616082e+00	2.548563999999999691e-02	2.620898638426626404e-01
2.175543885971493285e+00	3.786080169615965385e+00	-1.234448800000000068e-01	3.599909228441755538e-01
2.176544136034008758e+00	3.791431821255978107e+00	-2.788506400000000385e-01	5.884267271810389444e-01
2.177544386096524232e+00	3.796451294629072937e+00	-3.954049599999999165e-01	5.884267271810389444e-01
2.178544636159040149e+00	3.802280454120518183e+00	-4.342563999999999869e-01	7.189614725163894215e-01
2.179544886221555622e+00	3.808958106243971908e+00	-4.925335599999999814e-01	8.168625315179022239e-01
2.180545136284071095e+00	3.815467401728007690e+00	-4.795830800000000504e-01	9.473972768532528121e-01
2.181545386346587012e+00	3.821399696836258908e+00	-6.026126399999999217e-01	9.800309631870904870e-01
2.182545636409102485e+00	3.826696090232802216e+00	-7.191669600000000218e-01	8.821299041855775735e-01
2.183545886471617958e+00	3.831260571532562054e+00	-6.544145599999999785e-01	1.012664649520927940e+00
2.184546136534133876e+00	3.835627042592633984e+00	-7.062164799999999243e-01	9.800309631870904870e-01
2.185546386596649349e+00	3.839943854029976844e+00	-6.673650399999999649e-01	1.045298335854765615e+00
2.186546636659164822e+00	3.842739206897670456e+00	-6.932660000000000489e-01	9.800309631870904870e-01
2.187546886721680739e+00	3.843219007879039584e+00	-6.479393199999999853e-01	1.012664649520927940e+00
2.188547136784196212e+00	3.842989305359556962e+00	-6.090878800000000259e-01	9.800309631870904870e-01
2.189547386846712129e+00	3.843320886902827471e+00	-5.702364399999999556e-01	8.821299041855775735e-01
2.190547636909227602e+00	3.843576460011772777e+00	-4.795830800000000504e-01	7.842288451840646601e-01
2.191547886971743075e+00	3.842779880630521117e+00	-2.853258800000000317e-01	7.189614725163894215e-01
2.192548137034258993e+00	3.840639789066463194e+00	-4.018802000000000207e-01	5.884267271810389444e-01
2.193548387096774466e+00	3.837560484941874073e+00	-1.687715600000000149e-01	5.884267271810389444e-01
2.194548637159289939e+00	3.834254708049745997e+00	-1.752468000000000081e-01	4.578919818456884672e-01
2.195548887221805856e+00	3.830945515572042215e+00	3.196087999999999707e-02	2.294561775088249655e-01
2.196549137284321329e+00	3.826993250162898264e+00	1.679409199999999935e-01	1.641888048411497825e-01
2.197549387346836802e+00	3.821491624538129184e+00	3.233466799999999974e-01	1.020373171961676869e-03
2.198549637409352719e+00	3.814220421260452021e+00	5.176038800000000162e-01	-1.947817448310640853e-01
2.199549887471868193e+00	3.806212529703660419e+00	6.859601199999999510e-01	-2.926828038325769432e-01
2.200550137534383666e+00	3.798592556407446530e+00	9.320192400000000266e-01	-5.863859808371156834e-01
2.201550387596899583e+00	3.791087584992455461e+00	1.249306000000000250e+00	-7.821880988401412882e-01
2.202550637659415056e+00	3.783024681666904421e+00	1.475939400000000123e+00	-1.043257589510842243e+00
2.203550887721930529e+00	3.775008455333132229e+00	1.631345159999999739e+00	-1.304327080181543197e+00
2.204551137784446446e+00	3.768279191342405632e+00	1.832077599999999862e+00	-1.434861825516893896e+00
2.205551387846961919e+00	3.762827574379516982e+00	2.168790079999999953e+00	-1.826466061522945328e+00
2.206551637909477392e+00	3.757739314137745534e+00	2.324195839999999791e+00	-1.957000806858295805e+00
2.207551887971993310e+00	3.753302049035871502e+00	2.466651119999999864e+00	-1.989634493192133702e+00
2.208552138034508783e+00	3.750415813843465784e+00	2.460175879999999982e+00	-2.152802924861321632e+00
2.209552388097024700e+00	3.748200448792929684e+00	2.440750159999999891e+00	-2.185436611195159529e+00
2.210552638159540173e+00	3.745515457293034256e+00	2.460175879999999982e+00	-2.087535552193646726e+00
2.211552888222055646e+00	3.743172382381247054e+00	2.453700639999999655e+00	-2.250703983862834434e+00
2.212553138284571563e+00	3.742096036256147507e+00	2.453700639999999655e+00	-2.087535552193646726e+00
2.213553388347087036e+00	3.742479097609874295e+00	2.460175879999999982e+00	-2.218070297528996981e+00
2.214553638409602510e+00	3.744094966991537543e+00	2.421324440000000244e+00	-2.152802924861321632e+00
2.215553888472118427e+00	3.745812384640704540e+00	2.168790079999999953e+00	-1.891733434190620455e+00
2.216554138534633900e+00	3.747229779634268176e+00	2.071661479999999944e+00	-1.761198688855269978e+00
2.217554388597149373e+00	3.749087543833588665e+00	1.715523279999999984e+00	-1.304327080181543197e+00
2.218554638659665290e+00	3.751512635938590190e+00	1.346434599999999815e+00	-1.108524962178517592e+00
2.219554888722180763e+00	3.754539386261035006e+00	1.061524040000000113e+00	-8.148217851739789630e-01
2.220555138784696236e+00	3.758643968954338721e+00	6.406334400000001095e-01	-5.863859808371156834e-01
2.221555388847212154e+00	3.763716365716453183e+00	5.111286400000001340e-01	-2.926828038325769432e-01
2.222555638909727627e+00	3.769281639216556012e+00	3.103962000000000110e-01	-9.688068582955121355e-02
2.223555888972243100e+00	3.775129213525315830e+00	2.003171200000000152e-01	1.315551185073121632e-01
2.224556139034759017e+00	3.781123472184633183e+00	2.548563999999999691e-02	2.620898638426626404e-01
2.225556389097274490e+00	3.786965178212806205e+00	-1.104944000000000065e-01	3.599909228441755538e-01
2.226556639159789963e+00	3.792270256829520125e+00	-2.723753999999999897e-01	5.557930408472013806e-01
2.227556889222305880e+00	3.797371994994573452e+00	-3.954049599999999165e-01	6.210604135148766192e-01
2.228557139284821353e+00	3.803037746988209733e+00	-4.277811600000000491e-01	7.189614725163894215e-01
2.229557389347337271e+00	3.809239738893086091e+00	-4.860583200000000437e-01	8.494962178517398987e-01
2.230557639409852744e+00	3.815939696957407978e+00	-4.795830800000000504e-01	8.494962178517398987e-01
2.231557889472368217e+00	3.822970977725428376e+00	-6.026126399999999217e-01	9.147635905194151373e-01
2.232558139534884134e+00	3.828959513997799657e+00	-7.191669600000000218e-01	9.147635905194151373e-01
2.233558389597399607e+00	3.833260229566611610e+00	-6.414640799999999921e-01	1.012664649520927940e+00
2.234558639659915080e+00	3.836628602510907982e+00	-7.126917200000000285e-01	1.012664649520927940e+00
2.235558889722430997e+00	3.839756311814424006e+00	-6.479393199999999853e-01	1.045298335854765615e+00
2.236559139784946471e+00	3.842829977921724538e+00	-7.126917200000000285e-01	9.800309631870904870e-01
2.237559389847461944e+00	3.844853669427915843e+00	-6.349888400000001099e-01	1.077932022188603289e+00
2.238559639909977861e+00	3.844788541016436412e+00	-6.026126399999999217e-01	9.473972768532528121e-01
2.239559889972493334e+00	3.843736724983563224e+00	-5.831869200000000530e-01	9.147635905194151373e-01
2.240560140035008807e+00	3.843562895634752508e+00	-4.731078399999999462e-01	8.494962178517398987e-01
2.241560390097524724e+00	3.843668323176446577e+00	-2.918011200000000249e-01	7.189614725163894215e-01
2.242560640160040197e+00	3.841431005961313261e+00	-3.889297199999999788e-01	6.210604135148766192e-01
2.243560890222555670e+00	3.836832124164801350e+00	-1.687715600000000149e-01	5.231593545133637058e-01
2.244561140285071588e+00	3.832866392777141584e+00	-1.752468000000000081e-01	4.252582955118507924e-01
2.245561390347587061e+00	3.830245460539205560e+00	3.196087999999999707e-02	2.947235501765002597e-01
2.246561640410102978e+00	3.827004726034846094e+00	1.808914000000000077e-01	1.315551185073121632e-01
2.247561890472618451e+00	3.822238538362873417e+00	3.362971600000000394e-01	1.020373171961676869e-03
2.248562140535133924e+00	3.815539881301367675e+00	5.111286400000001340e-01	-1.295143721633888190e-01
2.249562390597649841e+00	3.806612878937379207e+00	6.924353600000000553e-01	-3.905838628340898566e-01
2.250562640660165314e+00	3.797355163728959759e+00	9.384944800000000198e-01	-5.863859808371156834e-01
2.251562890722680788e+00	3.789611286625134134e+00	1.249306000000000250e+00	-8.148217851739789630e-01
2.252563140785196705e+00	3.782438734257949076e+00	1.469464160000000019e+00	-1.010623903177004790e+00
2.253563390847712178e+00	3.775102342004640565e+00	1.618394679999999752e+00	-1.369594452849218325e+00
2.254563640910227651e+00	3.768850491325272944e+00	1.819127120000000097e+00	-1.434861825516893896e+00
2.255563890972743568e+00	3.763740552717790067e+00	2.129938640000000216e+00	-1.761198688855269978e+00
2.256564141035259041e+00	3.758242883368982934e+00	2.311245360000000026e+00	-2.022268179525970933e+00
2.257564391097774514e+00	3.752748424913944891e+00	2.453700639999999655e+00	-2.022268179525970933e+00
2.258564641160290432e+00	3.749332164762781527e+00	2.447225399999999773e+00	-2.152802924861321632e+00
2.259564891222805905e+00	3.748100148896601702e+00	2.421324440000000244e+00	-2.152802924861321632e+00
2.260565141285321378e+00	3.747332005396552201e+00	2.440750159999999891e+00	-2.120169238527484179e+00
2.261565391347837295e+00	3.746000516740882524e+00	2.440750159999999891e+00	-2.185436611195159529e+00
2.262565641410352768e+00	3.743989372733904641e+00	2.440750159999999891e+00	-2.120169238527484179e+00
2.263565891472868241e+00	3.742337699945793350e+00	2.453700639999999655e+00	-2.218070297528996981e+00
2.264566141535384158e+00	3.742627376039658671e+00	2.401898720000000154e+00	-2.152802924861321632e+00
2.265566391597899631e+00	3.744668991695422999e+00	2.136413880000000098e+00	-1.891733434190620455e+00
2.266566641660415549e+00	3.746614789998946815e+00	2.045760519999999971e+00	-1.728565002521432525e+00
2.267566891722931022e+00	3.747725744870656239e+00	1.696097560000000115e+00	-1.336960766515380872e+00
2.268567141785446495e+00	3.749979321263433807e+00	1.327008879999999946e+00	-1.141158648512355045e+00
2.269567391847962412e+00	3.754653663255333118e+00	1.048573559999999905e+00	-8.148217851739789630e-01
2.270567641910477885e+00	3.760095292341891771e+00	6.471086800000001027e-01	-5.537522945032778976e-01
2.271567891972993358e+00	3.765228858143459423e+00	5.176038800000000162e-01	-2.926828038325769432e-01
2.272568142035509275e+00	3.770470567865093603e+00	3.168714400000000042e-01	-9.688068582955121355e-02
2.273568392098024749e+00	3.775976247127419416e+00	2.003171200000000152e-01	1.641888048411497825e-01
2.274568642160540222e+00	3.781738486634423690e+00	1.253515999999999658e-02	3.599909228441755538e-01
2.275568892223056139e+00	3.787897683042015462e+00	-1.104944000000000065e-01	3.926246091780131731e-01
2.276569142285571612e+00	3.794082084921200693e+00	-2.723753999999999897e-01	5.231593545133637058e-01
2.277569392348087085e+00	3.799293486715910273e+00	-4.018802000000000207e-01	6.210604135148766192e-01
2.278569642410603002e+00	3.804097095436385967e+00	-4.472068799999999733e-01	6.863277861825517467e-01
2.279569892473118475e+00	3.810159970613774760e+00	-4.990087999999999191e-01	7.189614725163894215e-01
2.280570142535633948e+00	3.816971687905238220e+00	-4.795830800000000504e-01	7.842288451840646601e-01
2.281570392598149866e+00	3.823055294548787231e+00	-6.155631200000000192e-01	1.045298335854765615e+00
2.282570642660665339e+00	3.828399063301599181e+00	-7.126917200000000285e-01	9.473972768532528121e-01
2.283570892723181256e+00	3.833506807765506341e+00	-6.544145599999999785e-01	1.012664649520927940e+00
2.284571142785696729e+00	3.838122960310411003e+00	-6.932660000000000489e-01	9.800309631870904870e-01
2.285571392848212202e+00	3.841537947517184026e+00	-6.479393199999999853e-01	1.045298335854765615e+00
2.286571642910728119e+00	3.843624191549481761e+00	-7.062164799999999243e-01	1.012664649520927940e+00
2.287571892973243592e+00	3.844789897600776385e+00	-6.479393199999999853e-01	1.012664649520927940e+00
2.288572143035759066e+00	3.845219744889351698e+00	-6.026126399999999217e-01	9.147635905194151373e-01
2.289572393098274983e+00	3.844846786533256733e+00	-5.702364399999999556e-01	8.494962178517398987e-01
2.290572643160790456e+00	3.843526880488982833e+00	-4.795830800000000504e-01	7.842288451840646601e-01
2.291572893223305929e+00	3.841253502854776514e+00	-2.853258800000000317e-01	6.863277861825517467e-01
2.292573143285821846e+00	3.838706826673408123e+00	-3.824544800000000411e-01	6.536940998487140719e-01
2.293573393348337319e+00	3.836829297667209371e+00	-1.558210800000000007e-01	4.905256681795260310e-01
2.294573643410852792e+00	3.835029441342554968e+00	-1.817220400000000013e-01	4.252582955118507924e-01
2.295573893473368710e+00	3.831840884416554349e+00	3.843611999999999723e-02	2.947235501765002597e-01
2.296574143535884183e+00	3.827623234518580553e+00	1.808914000000000077e-01	1.968224911749873740e-01
2.297574393598399656e+00	3.822705086754808690e+00	3.427723999999999771e-01	1.020373171961676869e-03
2.298574643660915573e+00	3.815520269842636925e+00	5.111286400000001340e-01	-2.274154311649017046e-01
2.299574893723431046e+00	3.806399941857770308e+00	6.794848799999999578e-01	-2.600491174987393794e-01
2.300575143785946519e+00	3.797690679427486504e+00	9.514449600000001173e-01	-5.863859808371156834e-01
2.301575393848462436e+00	3.789586005280983549e+00	1.242830760000000145e+00	-7.821880988401412882e-01
2.302575643910977909e+00	3.781281606955391617e+00	1.488889879999999888e+00	-1.075891275844679917e+00
2.303575893973493827e+00	3.773794256289415117e+00	1.611919440000000092e+00	-1.336960766515380872e+00
2.304576144036009300e+00	3.767930540573261933e+00	1.825602359999999980e+00	-1.500129198184569024e+00
2.305576394098524773e+00	3.762414438624723356e+00	2.136413880000000098e+00	-1.761198688855269978e+00
2.306576644161040690e+00	3.756556160884902074e+00	2.298294879999999818e+00	-1.989634493192133702e+00
2.307576894223556163e+00	3.751976930029131463e+00	2.453700639999999655e+00	-1.989634493192133702e+00
2.308577144286071636e+00	3.749499829830969855e+00	2.440750159999999891e+00	-2.152802924861321632e+00
2.309577394348587553e+00	3.747364388859592665e+00	2.408373960000000036e+00	-2.120169238527484179e+00
2.310577644411103027e+00	3.744667315752024717e+00	2.427799679999999682e+00	-2.120169238527484179e+00
2.311577894473618500e+00	3.742823017549048892e+00	2.434274920000000009e+00	-2.152802924861321632e+00
2.312578144536134417e+00	3.742246381505606401e+00	2.427799679999999682e+00	-2.087535552193646726e+00
2.313578394598649890e+00	3.742065924816918798e+00	2.447225399999999773e+00	-2.283337670196671887e+00
2.314578644661165363e+00	3.742368326176051863e+00	2.401898720000000154e+00	-2.120169238527484179e+00
2.315578894723681280e+00	3.743622653651416776e+00	2.142889119999999981e+00	-1.728565002521432525e+00
2.316579144786196753e+00	3.745730303259535265e+00	2.058711000000000180e+00	-1.728565002521432525e+00
2.317579394848712226e+00	3.748421060254476966e+00	1.709048039999999880e+00	-1.369594452849218325e+00
2.318579644911228144e+00	3.751363514414162825e+00	1.320533639999999842e+00	-1.108524962178517592e+00
2.319579894973743617e+00	3.754037175286026429e+00	1.042098320000000022e+00	-8.148217851739789630e-01
2.320580145036259090e+00	3.756856397326281627e+00	6.406334400000001095e-01	-5.537522945032778976e-01
2.321580395098775007e+00	3.761541627136518962e+00	5.176038800000000162e-01	-3.253164901664145625e-01
2.322580645161290480e+00	3.768447214491141839e+00	2.974457200000000245e-01	1.020373171961676869e-03
2.323580895223806397e+00	3.775298169102007328e+00	1.873666400000000010e-01	9.892143217347457163e-02
2.324581145286321870e+00	3.780390393296342300e+00	1.253515999999999658e-02	2.947235501765002597e-01
2.325581395348837344e+00	3.784780761613110389e+00	-1.234448800000000068e-01	3.926246091780131731e-01
2.326581645411353261e+00	3.789975956015850134e+00	-2.788506400000000385e-01	5.231593545133637058e-01
2.327581895473868734e+00	3.796091496708264845e+00	-4.018802000000000207e-01	5.884267271810389444e-01
2.328582145536384207e+00	3.802482233020858082e+00	-4.277811600000000491e-01	7.189614725163894215e-01
2.329582395598900124e+00	3.808234524622324368e+00	-5.054840400000000233e-01	7.842288451840646601e-01
2.330582645661415597e+00	3.813203527276488813e+00	-4.731078399999999462e-01	9.473972768532528121e-01
2.331582895723931070e+00	3.818573785618123662e+00	-6.026126399999999217e-01	9.800309631870904870e-01
2.332583145786446988e+00	3.825023160303913539e+00	-7.191669600000000218e-01	9.473972768532528121e-01
2.333583395848962461e+00	3.831376156435749358e+00	-6.479393199999999853e-01	9.473972768532528121e-01
2.334583645911477934e+00	3.836219520599305266e+00	-7.191669600000000218e-01	9.473972768532528121e-01
2.335583895973993851e+00	3.839567189539378145e+00	-6.544145599999999785e-01	1.045298335854765615e+00
2.336584146036509324e+00	3.841693624216400593e+00	-7.126917200000000285e-01	9.473972768532528121e-01
2.337584396099024797e+00	3.842854343629839686e+00	-6.414640799999999921e-01	1.012664649520927940e+00
2.338584646161540714e+00	3.843652190861286844e+00	-6.220383600000000124e-01	9.800309631870904870e-01
2.339584896224056187e+00	3.843376470599017214e+00	-5.702364399999999556e-01	9.473972768532528121e-01
2.340585146286572105e+00	3.841481085112535609e+00	-4.795830800000000504e-01	7.842288451840646601e-01
2.341585396349087578e+00	3.839465620983102401e+00	-3.047516000000000114e-01	7.189614725163894215e-01
2.342585646411603051e+00	3.838331110652366540e+00	-4.083554400000000140e-01	5.557930408472013806e-01
2.343585896474118968e+00	3.837317928813314794e+00	-1.687715600000000149e-01	5.557930408472013806e-01
2.344586146536634441e+00	3.835147755695898386e+00	-1.881972800000000223e-01	4.578919818456884672e-01
2.345586396599149914e+00	3.831533334841462413e+00	2.548563999999999691e-02	3.599909228441755538e-01
2.346586646661665831e+00	3.827289064419561182e+00	1.614656800000000003e-01	2.294561775088249655e-01
2.347586896724181305e+00	3.822389042199521025e+00	3.103962000000000110e-01	1.020373171961676869e-03
2.348587146786696778e+00	3.815734265223674093e+00	4.917029200000000433e-01	-1.947817448310640853e-01
2.349587396849212695e+00	3.806931047904847265e+00	6.600591600000000891e-01	-3.253164901664145625e-01
2.350587646911728168e+00	3.797577232670148017e+00	9.255440000000001444e-01	-5.211186081694403338e-01
2.351587896974243641e+00	3.790060835273291406e+00	1.203979319999999964e+00	-8.148217851739789630e-01
2.352588147036759558e+00	3.784257358407996374e+00	1.456513680000000033e+00	-9.779902168431670040e-01
2.353588397099275031e+00	3.777941369157320040e+00	1.592493720000000001e+00	-1.271693393847705744e+00
2.354588647161790504e+00	3.770262008931851039e+00	1.773800439999999812e+00	-1.434861825516893896e+00
2.355588897224306422e+00	3.762147594321081812e+00	2.123463399999999890e+00	-1.728565002521432525e+00
2.356589147286821895e+00	3.755482352448296535e+00	2.272393919999999845e+00	-1.924367120524458352e+00
2.357589397349337368e+00	3.751939949272684149e+00	2.434274920000000009e+00	-2.054901865859808829e+00
2.358589647411853285e+00	3.750265790372533381e+00	2.427799679999999682e+00	-2.152802924861321632e+00
2.359589897474368758e+00	3.747853117701916315e+00	2.388948239999999945e+00	-2.152802924861321632e+00
2.360590147536884675e+00	3.745327138088597074e+00	2.408373960000000036e+00	-2.054901865859808829e+00
2.361590397599400148e+00	3.744945757830771438e+00	2.414849199999999918e+00	-2.185436611195159529e+00
2.362590647661915622e+00	3.745885041243308233e+00	2.414849199999999918e+00	-2.054901865859808829e+00
2.363590897724431539e+00	3.745567862881662879e+00	2.440750159999999891e+00	-2.218070297528996981e+00
2.364591147786947012e+00	3.744130852879502758e+00	2.382473000000000063e+00	-2.087535552193646726e+00
2.365591397849462485e+00	3.743906237017589067e+00	2.123463399999999890e+00	-1.859099747856782781e+00
2.366591647911978402e+00	3.745734525608922727e+00	2.026334799999999881e+00	-1.761198688855269978e+00
2.367591897974493875e+00	3.748235754571918488e+00	1.676671840000000024e+00	-1.369594452849218325e+00
2.368592148037009348e+00	3.750412009044257200e+00	1.327008879999999946e+00	-1.075891275844679917e+00
2.369592398099525266e+00	3.753192715155464043e+00	1.022672600000000154e+00	-7.495544125063037244e-01
2.370592648162040739e+00	3.757543074617109014e+00	6.212077200000000188e-01	-5.211186081694403338e-01
2.371592898224556212e+00	3.763448271882967600e+00	5.046534000000000297e-01	-3.579501765002521818e-01
2.372593148287072129e+00	3.770296788695300716e+00	3.103962000000000110e-01	-6.424699949571360813e-02
2.373593398349587602e+00	3.776411736772056216e+00	1.744161599999999868e-01	1.315551185073121632e-01
2.374593648412103075e+00	3.781151602228612241e+00	1.253515999999999658e-02	3.273572365103378790e-01
2.375593898474618992e+00	3.786228976004808455e+00	-1.363953600000000210e-01	3.926246091780131731e-01
2.376594148537134465e+00	3.791922682516769783e+00	-2.788506400000000385e-01	5.884267271810389444e-01
2.377594398599650383e+00	3.796324907846470254e+00	-4.083554400000000140e-01	6.210604135148766192e-01
2.378594648662165856e+00	3.800076930241516493e+00	-4.342563999999999869e-01	7.842288451840646601e-01
2.379594898724681329e+00	3.806222198831264336e+00	-5.119592800000000166e-01	7.515951588502269853e-01
2.380595148787197246e+00	3.814815996863306857e+00	-4.990087999999999191e-01	8.494962178517398987e-01
2.381595398849712719e+00	3.822887130357449426e+00	-6.155631200000000192e-01	8.821299041855775735e-01
2.382595648912228192e+00	3.828626266150658708e+00	-7.321174399999998972e-01	8.821299041855775735e-01
2.383595898974744109e+00	3.832599076686950212e+00	-6.608898000000000827e-01	1.077932022188603289e+00
2.384596149037259583e+00	3.836406367968373310e+00	-7.256422000000000150e-01	9.800309631870904870e-01
2.385596399099775056e+00	3.840461654740890740e+00	-6.608898000000000827e-01	1.045298335854765615e+00
2.386596649162290973e+00	3.843660277594204810e+00	-7.256422000000000150e-01	9.800309631870904870e-01
2.387596899224806446e+00	3.845464541898127031e+00	-6.803155199999999514e-01	1.045298335854765615e+00
2.388597149287321919e+00	3.845883465533180612e+00	-6.414640799999999921e-01	9.800309631870904870e-01
2.389597399349837836e+00	3.845220635244920082e+00	-5.831869200000000530e-01	8.821299041855775735e-01
2.390597649412353309e+00	3.844526603160509204e+00	-4.925335599999999814e-01	8.821299041855775735e-01
2.391597899474868782e+00	3.843353898866669116e+00	-3.112268400000000046e-01	7.515951588502269853e-01
2.392598149537384700e+00	3.840408324299116050e+00	-4.148306800000000072e-01	6.536940998487140719e-01
2.393598399599900173e+00	3.837234759762109260e+00	-1.946725200000000155e-01	5.231593545133637058e-01
2.394598649662415646e+00	3.835529708934962034e+00	-1.946725200000000155e-01	4.578919818456884672e-01
2.395598899724931563e+00	3.833162203844350913e+00	-1.336580000000000407e-02	2.947235501765002597e-01
2.396599149787447036e+00	3.827938263917651351e+00	1.549904400000000071e-01	2.294561775088249655e-01
2.397599399849962953e+00	3.821062551532091955e+00	2.974457200000000245e-01	6.628774583963688294e-02
2.398599649912478426e+00	3.813966181285671997e+00	4.787524399999999458e-01	-1.295143721633888190e-01
2.399599899974993900e+00	3.806570279467574203e+00	6.406334400000001095e-01	-3.253164901664145625e-01
2.400600150037509817e+00	3.799172982501374030e+00	8.931677999999999562e-01	-5.211186081694403338e-01
2.401600400100025290e+00	3.791879225704622769e+00	1.197504080000000082e+00	-7.495544125063037244e-01
2.402600650162540763e+00	3.783978142227470531e+00	1.430612719999999838e+00	-9.779902168431670040e-01
2.403600900225056680e+00	3.775755349305302655e+00	1.547167039999999716e+00	-1.206426021180030395e+00
2.404601150287572153e+00	3.768668845324040451e+00	1.734948999999999852e+00	-1.434861825516893896e+00
2.405601400350087626e+00	3.763409057843417393e+00	2.084611959999999709e+00	-1.728565002521432525e+00
2.406601650412603544e+00	3.758629706836723816e+00	2.252968199999999754e+00	-1.924367120524458352e+00
2.407601900475119017e+00	3.753248031429653686e+00	2.401898720000000154e+00	-1.924367120524458352e+00
2.408602150537634490e+00	3.748865580817311915e+00	2.382473000000000063e+00	-2.087535552193646726e+00
2.409602400600150407e+00	3.747106715536469679e+00	2.356572039999999646e+00	-2.120169238527484179e+00
2.410602650662665880e+00	3.747235619312024646e+00	2.375997759999999737e+00	-2.054901865859808829e+00
2.411602900725181353e+00	3.747279733236619226e+00	2.382473000000000063e+00	-2.120169238527484179e+00
2.412603150787697270e+00	3.745870628616405629e+00	2.382473000000000063e+00	-2.120169238527484179e+00
2.413603400850212743e+00	3.744019388630206002e+00	2.401898720000000154e+00	-2.152802924861321632e+00
2.414603650912728217e+00	3.743981558277227339e+00	2.350096800000000208e+00	-2.054901865859808829e+00
2.415603900975244134e+00	3.745844974541263639e+00	2.078136719999999826e+00	-1.826466061522945328e+00
2.416604151037759607e+00	3.747481061279350545e+00	2.013384319999999672e+00	-1.728565002521432525e+00
2.417604401100275524e+00	3.748188068839769738e+00	1.637820399999999843e+00	-1.304327080181543197e+00
2.418604651162790997e+00	3.750118354782402630e+00	1.275206959999999778e+00	-1.108524962178517592e+00
2.419604901225306470e+00	3.754885513744161241e+00	9.838211600000000834e-01	-7.495544125063037244e-01
2.420605151287822387e+00	3.760903886237287885e+00	6.082572400000001434e-01	-4.884849218356027145e-01
2.421605401350337861e+00	3.765884497530991748e+00	4.787524399999999458e-01	-2.600491174987393794e-01
2.422605651412853334e+00	3.770498103552966995e+00	2.780200000000000449e-01	-3.161331316187596802e-02
2.423605901475369251e+00	3.776828692892614026e+00	1.614656800000000003e-01	1.315551185073121632e-01
2.424606151537884724e+00	3.784110100331267379e+00	-1.336580000000000407e-02	3.273572365103378790e-01
2.425606401600400197e+00	3.789654567932134732e+00	-1.558210800000000007e-01	4.252582955118507924e-01
2.426606651662916114e+00	3.793206553930180469e+00	-3.047516000000000114e-01	5.557930408472013806e-01
2.427606901725431587e+00	3.797099641338575360e+00	-4.213059199999999449e-01	6.863277861825517467e-01
2.428607151787947060e+00	3.802796890536312091e+00	-4.472068799999999733e-01	7.842288451840646601e-01
2.429607401850462978e+00	3.809857181969484863e+00	-5.313849999999999962e-01	8.168625315179022239e-01
2.430607651912978451e+00	3.817284893997996420e+00	-4.990087999999999191e-01	9.147635905194151373e-01
2.431607901975493924e+00	3.823720450072382260e+00	-6.349888400000001099e-01	9.147635905194151373e-01
2.432608152038009841e+00	3.828656387074993006e+00	-7.385926799999998904e-01	9.800309631870904870e-01
2.433608402100525314e+00	3.834000440417577593e+00	-6.673650399999999649e-01	1.077932022188603289e+00
2.434608652163041231e+00	3.840447588726638717e+00	-7.321174399999998972e-01	1.012664649520927940e+00
2.435608902225556704e+00	3.844601839520120468e+00	-6.867907599999999446e-01	1.077932022188603289e+00
2.436609152288072178e+00	3.844473495016382358e+00	-7.256422000000000150e-01	9.800309631870904870e-01
2.437609402350588095e+00	3.843476376958355978e+00	-6.867907599999999446e-01	9.800309631870904870e-01
2.438609652413103568e+00	3.844490139110680715e+00	-6.349888400000001099e-01	1.012664649520927940e+00
2.439609902475619041e+00	3.845482241235490761e+00	-6.155631200000000192e-01	9.800309631870904870e-01
2.440610152538134958e+00	3.844546145404498461e+00	-5.184345200000000098e-01	8.821299041855775735e-01
2.441610402600650431e+00	3.842936072433146943e+00	-3.306525599999999843e-01	7.515951588502269853e-01
2.442610652663165904e+00	3.841684397257683070e+00	-4.472068799999999733e-01	6.210604135148766192e-01
2.443610902725681822e+00	3.840316467802538991e+00	-2.140982399999999952e-01	5.884267271810389444e-01
2.444611152788197295e+00	3.837889994098007129e+00	-2.205734800000000162e-01	4.578919818456884672e-01
2.445611402850712768e+00	3.833489601492435117e+00	-1.984104000000000423e-02	4.578919818456884672e-01
2.446611652913228685e+00	3.827554877718470028e+00	1.096637599999999990e-01	2.294561775088249655e-01
2.447611902975744158e+00	3.821870945612245940e+00	2.585942800000000097e-01	3.365405950579927752e-02
2.448612153038259631e+00	3.816415279607325850e+00	4.334257600000001043e-01	-9.688068582955121355e-02
2.449612403100775548e+00	3.808919716207393780e+00	6.147324800000000256e-01	-2.274154311649017046e-01
2.450612653163291021e+00	3.799079821078418462e+00	8.607915999999999901e-01	-4.558512355017650397e-01
2.451612903225806495e+00	3.789519542633598803e+00	1.152177400000000018e+00	-7.169207261724660496e-01
2.452613153288322412e+00	3.782088012443548308e+00	1.398236519999999983e+00	-9.453565305093293292e-01
2.453613403350837885e+00	3.775855034973450319e+00	1.514790839999999861e+00	-1.206426021180030395e+00
2.454613653413353802e+00	3.769230164862220178e+00	1.728473759999999970e+00	-1.402228139183055999e+00
2.455613903475869275e+00	3.762661560615947920e+00	2.058711000000000180e+00	-1.695931316187594851e+00
2.456614153538384748e+00	3.757151919391569006e+00	2.201166280000000253e+00	-1.957000806858295805e+00
2.457614403600900665e+00	3.752615196547098186e+00	2.369522519999999854e+00	-1.891733434190620455e+00
2.458614653663416139e+00	3.749643787081230251e+00	2.356572039999999646e+00	-2.087535552193646726e+00
2.459614903725931612e+00	3.748305800339788441e+00	2.317720599999999909e+00	-2.087535552193646726e+00
2.460615153788447529e+00	3.746553235463276010e+00	2.350096800000000208e+00	-2.054901865859808829e+00
2.461615403850963002e+00	3.744063481018739648e+00	2.350096800000000208e+00	-2.087535552193646726e+00
2.462615653913478475e+00	3.743332237435892829e+00	2.350096800000000208e+00	-1.989634493192133702e+00
2.463615903975994392e+00	3.744554353106887667e+00	2.369522519999999854e+00	-2.152802924861321632e+00
2.464616154038509865e+00	3.744839891471391624e+00	2.311245360000000026e+00	-1.989634493192133702e+00
2.465616404101025338e+00	3.744178729039310927e+00	2.058711000000000180e+00	-1.761198688855269978e+00
2.466616654163541256e+00	3.745705808724740127e+00	1.968057640000000053e+00	-1.695931316187594851e+00
2.467616904226056729e+00	3.749287023076101732e+00	1.618394679999999752e+00	-1.239059707513868069e+00
2.468617154288572202e+00	3.752384338047074053e+00	1.249306000000000250e+00	-1.075891275844679917e+00
2.469617404351088119e+00	3.754976166407342664e+00	9.773459200000000902e-01	-6.842870398386284858e-01
2.470617654413603592e+00	3.758283148932442863e+00	5.629305600000000798e-01	-4.884849218356027145e-01
2.471617904476119509e+00	3.763405271885702508e+00	4.593267200000000772e-01	-1.947817448310640853e-01
2.472618154538634982e+00	3.770574857239443745e+00	2.585942800000000097e-01	1.020373171961676869e-03
2.473618404601150456e+00	3.777395351793380041e+00	1.420399599999999929e-01	1.315551185073121632e-01
2.474618654663666373e+00	3.782088538367899488e+00	-2.631628000000000439e-02	3.273572365103378790e-01
2.475618904726181846e+00	3.786224773883220873e+00	-1.752468000000000081e-01	4.252582955118507924e-01
2.476619154788697319e+00	3.791877485145993987e+00	-3.241773200000000466e-01	5.557930408472013806e-01
2.477619404851213236e+00	3.798711927274152522e+00	-4.342563999999999869e-01	6.863277861825517467e-01
2.478619654913728709e+00	3.804429310906102035e+00	-4.795830800000000504e-01	7.189614725163894215e-01
2.479619904976244182e+00	3.808631392984163089e+00	-5.378602399999999895e-01	7.842288451840646601e-01
2.480620155038760100e+00	3.813837573142673243e+00	-5.119592800000000166e-01	9.473972768532528121e-01
2.481620405101275573e+00	3.821099343750039345e+00	-6.285136000000000056e-01	9.800309631870904870e-01
2.482620655163791046e+00	3.828471716950135662e+00	-7.450679199999999947e-01	9.473972768532528121e-01
2.483620905226306963e+00	3.834225758739554291e+00	-6.803155199999999514e-01	1.012664649520927940e+00
2.484621155288822436e+00	3.838312086892150088e+00	-7.450679199999999947e-01	1.045298335854765615e+00
2.485621405351337909e+00	3.840852903331379409e+00	-6.867907599999999446e-01	1.045298335854765615e+00
2.486621655413853826e+00	3.842416778410508105e+00	-7.580183999999999811e-01	1.012664649520927940e+00
2.487621905476369299e+00	3.843999434592206832e+00	-6.803155199999999514e-01	1.077932022188603289e+00
2.488622155538884773e+00	3.844747898272623754e+00	-6.608898000000000827e-01	9.800309631870904870e-01
2.489622405601400690e+00	3.843583765331514357e+00	-6.349888400000001099e-01	9.800309631870904870e-01
2.490622655663916163e+00	3.841710885319232105e+00	-5.313849999999999962e-01	8.494962178517398987e-01
2.491622905726432080e+00	3.840422183345230778e+00	-3.436030400000000262e-01	7.842288451840646601e-01
2.492623155788947553e+00	3.839202023720326817e+00	-4.472068799999999733e-01	6.863277861825517467e-01
2.493623405851463026e+00	3.837225747917137664e+00	-2.140982399999999952e-01	5.557930408472013806e-01
2.494623655913978943e+00	3.834710609660665348e+00	-2.335239600000000026e-01	4.578919818456884672e-01
2.495623905976494417e+00	3.831966213286271739e+00	-3.926676000000000472e-02	3.273572365103378790e-01
2.496624156039009890e+00	3.828204672133130426e+00	1.031885200000000058e-01	1.315551185073121632e-01
2.497624406101525807e+00	3.822393018716449653e+00	2.456437999999999955e-01	6.628774583963688294e-02
2.498624656164041280e+00	3.814859542126840530e+00	4.269505200000000000e-01	-9.688068582955121355e-02
2.499624906226556753e+00	3.806474310358468394e+00	5.823562799999999484e-01	-2.926828038325769432e-01
2.500625156289072670e+00	3.797728186388233063e+00	8.478411200000001147e-01	-4.232175491679274204e-01
2.501625406351588143e+00	3.789451862315160735e+00	1.132751680000000150e+00	-7.495544125063037244e-01
2.502625656414103616e+00	3.781717292906708661e+00	1.365860319999999906e+00	-9.127228441754917654e-01
2.503625906476619534e+00	3.773688390153788763e+00	1.495365119999999770e+00	-1.239059707513868069e+00
2.504626156539135007e+00	3.766115273334478708e+00	1.689622319999999789e+00	-1.336960766515380872e+00
2.505626406601650480e+00	3.760674712114693730e+00	2.032810039999999763e+00	-1.630663943519919501e+00
2.506626656664166397e+00	3.756975813207845682e+00	2.181740560000000162e+00	-1.859099747856782781e+00
2.507626906726681870e+00	3.753321245496364256e+00	2.343621559999999882e+00	-2.022268179525970933e+00
2.508627156789197343e+00	3.749633538561961021e+00	2.317720599999999909e+00	-2.087535552193646726e+00
2.509627406851713260e+00	3.746892710575317142e+00	2.311245360000000026e+00	-2.054901865859808829e+00
2.510627656914228734e+00	3.745118121902874631e+00	2.317720599999999909e+00	-2.022268179525970933e+00
2.511627906976744651e+00	3.744308771787468793e+00	2.324195839999999791e+00	-2.087535552193646726e+00
2.512628157039260124e+00	3.744425968448739095e+00	2.324195839999999791e+00	-2.022268179525970933e+00
2.513628407101775597e+00	3.743659342829114944e+00	2.350096800000000208e+00	-2.120169238527484179e+00
2.514628657164291514e+00	3.741385329814454597e+00	2.278869160000000171e+00	-2.022268179525970933e+00
2.515628907226806987e+00	3.740939945638515063e+00	2.052235759999999853e+00	-1.826466061522945328e+00
2.516629157289322460e+00	3.744430561906768151e+00	1.935681439999999975e+00	-1.663297629853757176e+00
2.517629407351838378e+00	3.748705848011902209e+00	1.598968959999999884e+00	-1.206426021180030395e+00
2.518629657414353851e+00	3.750945049163794565e+00	1.223405040000000055e+00	-1.043257589510842243e+00
2.519629907476869324e+00	3.753338445894642383e+00	9.384944800000000198e-01	-6.842870398386284858e-01
2.520630157539385241e+00	3.758157863891651296e+00	5.564553199999999755e-01	-5.211186081694403338e-01
2.521630407601900714e+00	3.763776504867657913e+00	4.334257600000001043e-01	-1.621480584972264660e-01
2.522630657664416187e+00	3.768584079218121552e+00	2.521190400000000165e-01	1.020373171961676869e-03
2.523630907726932104e+00	3.773460252694868622e+00	1.096637599999999990e-01	1.641888048411497825e-01
2.524631157789447577e+00	3.779104093798968833e+00	-4.574200000000000488e-02	3.599909228441755538e-01
2.525631407851963051e+00	3.785209828026108170e+00	-1.881972800000000223e-01	4.252582955118507924e-01
2.526631657914478968e+00	3.791702400264022721e+00	-3.371277999999999775e-01	6.210604135148766192e-01
2.527631907976994441e+00	3.797864080927027874e+00	-4.601573600000000153e-01	6.863277861825517467e-01
2.528632158039510358e+00	3.802609776757770899e+00	-4.860583200000000437e-01	7.842288451840646601e-01
2.529632408102025831e+00	3.807206218055189328e+00	-5.508107199999999759e-01	8.168625315179022239e-01
2.530632658164541304e+00	3.814057242326316377e+00	-5.249097599999998920e-01	8.168625315179022239e-01
2.531632908227057221e+00	3.822134685372305274e+00	-6.544145599999999785e-01	9.800309631870904870e-01
2.532633158289572695e+00	3.828136880566739286e+00	-7.644936400000000853e-01	9.473972768532528121e-01
2.533633408352088168e+00	3.831947950224551480e+00	-6.932660000000000489e-01	1.077932022188603289e+00
2.534633658414604085e+00	3.835919658859535897e+00	-7.515431599999999879e-01	1.012664649520927940e+00
2.535633908477119558e+00	3.840102725921215931e+00	-6.997412400000000421e-01	1.077932022188603289e+00
2.536634158539635031e+00	3.842888140681803399e+00	-7.515431599999999879e-01	1.045298335854765615e+00
2.537634408602150948e+00	3.844087464129229303e+00	-6.997412400000000421e-01	1.143199394856278639e+00
2.538634658664666421e+00	3.844312152677471062e+00	-6.608898000000000827e-01	9.473972768532528121e-01
2.539634908727181895e+00	3.843805765519545226e+00	-6.479393199999999853e-01	1.012664649520927940e+00
2.540635158789697812e+00	3.843017641188987810e+00	-5.443354799999999827e-01	8.821299041855775735e-01
2.541635408852213285e+00	3.842347574399501031e+00	-3.565535200000000127e-01	8.168625315179022239e-01
2.542635658914728758e+00	3.840997143825514826e+00	-4.666325999999999530e-01	7.515951588502269853e-01
2.543635908977244675e+00	3.837996732851532311e+00	-2.464744400000000168e-01	5.231593545133637058e-01
2.544636159039760148e+00	3.834342109177955926e+00	-2.594249200000000033e-01	4.905256681795260310e-01
2.545636409102275621e+00	3.831269400634720323e+00	-7.164296000000000553e-02	3.273572365103378790e-01
2.546636659164791539e+00	3.827784199494325801e+00	9.023803999999999159e-02	1.968224911749873740e-01
2.547636909227307012e+00	3.822457487971885115e+00	2.197428399999999948e-01	6.628774583963688294e-02
2.548637159289822929e+00	3.815241812152764034e+00	4.075248000000000759e-01	-6.424699949571360813e-02
2.549637409352338402e+00	3.806784307477406148e+00	5.694058000000000730e-01	-4.232175491679274204e-01
2.550637659414853875e+00	3.797527749731234525e+00	8.154649200000001485e-01	-4.558512355017650397e-01
2.551637909477369792e+00	3.788363765775963898e+00	1.106850720000000177e+00	-6.516533535047908110e-01
2.552638159539885265e+00	3.780864931963033637e+00	1.333484120000000051e+00	-9.453565305093293292e-01
2.553638409602400738e+00	3.774888839690806019e+00	1.469464160000000019e+00	-1.141158648512355045e+00
2.554638659664916656e+00	3.768920809363921265e+00	1.650770879999999829e+00	-1.336960766515380872e+00
2.555638909727432129e+00	3.762923665730484757e+00	1.987483359999999921e+00	-1.663297629853757176e+00
2.556639159789947602e+00	3.757722066572269703e+00	2.149364359999999863e+00	-1.728565002521432525e+00
2.557639409852463519e+00	3.753681472002259767e+00	2.311245360000000026e+00	-1.826466061522945328e+00
2.558639659914978992e+00	3.750714036644673843e+00	2.298294879999999818e+00	-1.989634493192133702e+00
2.559639909977494465e+00	3.748336885933242435e+00	2.285344400000000054e+00	-2.054901865859808829e+00
2.560640160040010382e+00	3.746252434340874071e+00	2.304770120000000144e+00	-1.957000806858295805e+00
2.561640410102525856e+00	3.744483402862594623e+00	2.291819639999999936e+00	-2.022268179525970933e+00
2.562640660165041329e+00	3.743230439176989499e+00	2.304770120000000144e+00	-2.022268179525970933e+00
2.563640910227557246e+00	3.742840091880169862e+00	2.317720599999999909e+00	-2.054901865859808829e+00
2.564641160290072719e+00	3.743242415857604311e+00	2.265918679999999963e+00	-1.989634493192133702e+00
2.565641410352588636e+00	3.744008109397322315e+00	2.026334799999999881e+00	-1.793832375189107875e+00
2.566641660415104109e+00	3.745356195507930863e+00	1.942156679999999858e+00	-1.630663943519919501e+00
2.567641910477619582e+00	3.747843225005401901e+00	1.553642280000000042e+00	-1.239059707513868069e+00
2.568642160540135500e+00	3.751061360382496268e+00	1.216929799999999950e+00	-9.779902168431670040e-01
2.569642410602650973e+00	3.754609664744959385e+00	9.190687600000001511e-01	-6.516533535047908110e-01
2.570642660665166446e+00	3.759043429267886705e+00	5.435048399999999891e-01	-3.905838628340898566e-01
2.571642910727682363e+00	3.764539013641085230e+00	4.269505200000000000e-01	-1.947817448310640853e-01
2.572643160790197836e+00	3.770681574610838194e+00	2.326933200000000090e-01	1.020373171961676869e-03
2.573643410852713309e+00	3.776813890932554152e+00	1.031885200000000058e-01	2.294561775088249655e-01
2.574643660915229226e+00	3.782360664663828587e+00	-6.516772000000001230e-02	3.926246091780131731e-01
2.575643910977744699e+00	3.787743441862923000e+00	-1.881972800000000223e-01	4.252582955118507924e-01
2.576644161040260173e+00	3.793483431718505106e+00	-3.436030400000000262e-01	6.210604135148766192e-01
2.577644411102776090e+00	3.799381289985333421e+00	-4.536821200000000776e-01	6.536940998487140719e-01
2.578644661165291563e+00	3.805394125763412294e+00	-4.860583200000000437e-01	7.842288451840646601e-01
2.579644911227807036e+00	3.811460103036070191e+00	-5.637612000000000734e-01	7.842288451840646601e-01
2.580645161290322953e+00	3.817315358014603976e+00	-5.313849999999999962e-01	9.147635905194151373e-01
2.581645411352838426e+00	3.823530251044293227e+00	-6.544145599999999785e-01	1.012664649520927940e+00
2.582645661415353899e+00	3.830058144897599881e+00	-7.644936400000000853e-01	1.012664649520927940e+00
2.583645911477869817e+00	3.835211424379266987e+00	-6.932660000000000489e-01	1.110565708522440964e+00
2.584646161540385290e+00	3.838697421213354222e+00	-7.644936400000000853e-01	1.045298335854765615e+00
2.585646411602901207e+00	3.841707911927419339e+00	-6.997412400000000421e-01	1.077932022188603289e+00
2.586646661665416680e+00	3.844372832544911578e+00	-7.644936400000000853e-01	1.045298335854765615e+00
2.587646911727932153e+00	3.846247271674950063e+00	-6.997412400000000421e-01	1.110565708522440964e+00
2.588647161790448070e+00	3.846844281452789449e+00	-6.673650399999999649e-01	1.012664649520927940e+00
2.589647411852963543e+00	3.845968842836409163e+00	-6.285136000000000056e-01	1.012664649520927940e+00
2.590647661915479016e+00	3.844739996131105286e+00	-5.313849999999999962e-01	8.821299041855775735e-01
2.591647911977994934e+00	3.843936411550002319e+00	-3.695039999999999436e-01	8.168625315179022239e-01
2.592648162040510407e+00	3.842348927705280470e+00	-4.795830800000000504e-01	7.189614725163894215e-01
2.593648412103025880e+00	3.838845964079710349e+00	-2.464744400000000168e-01	6.210604135148766192e-01
2.594648662165541797e+00	3.834545316115687719e+00	-2.723753999999999897e-01	4.905256681795260310e-01
2.595648912228057270e+00	3.831276019554107126e+00	-7.811819999999999875e-02	3.599909228441755538e-01
2.596649162290572743e+00	3.828558595707651335e+00	6.433707999999999094e-02	2.620898638426626404e-01
2.597649412353088660e+00	3.824077609516993714e+00	2.067923600000000084e-01	9.892143217347457163e-02
2.598649662415604134e+00	3.817083071374038905e+00	3.880990800000000407e-01	-3.161331316187596802e-02
2.599649912478119607e+00	3.808765935305542083e+00	5.564553199999999755e-01	-1.947817448310640853e-01
2.600650162540635524e+00	3.799923840498047323e+00	7.895639599999999536e-01	-4.232175491679274204e-01
2.601650412603150997e+00	3.791580985859435593e+00	1.080949760000000204e+00	-6.516533535047908110e-01
2.602650662665666470e+00	3.784719658457764702e+00	1.333484120000000051e+00	-8.148217851739789630e-01
2.603650912728182387e+00	3.777858198828071501e+00	1.430612719999999838e+00	-1.108524962178517592e+00
2.604651162790697860e+00	3.770159733384562006e+00	1.644295639999999947e+00	-1.271693393847705744e+00
2.605651412853213778e+00	3.763635532000040751e+00	1.968057640000000053e+00	-1.630663943519919501e+00
2.606651662915729251e+00	3.758979127401743003e+00	2.136413880000000098e+00	-1.793832375189107875e+00
2.607651912978244724e+00	3.754804469546361823e+00	2.285344400000000054e+00	-1.859099747856782781e+00
2.608652163040760641e+00	3.751132657375764623e+00	2.272393919999999845e+00	-1.957000806858295805e+00
2.609652413103276114e+00	3.749250588697775388e+00	2.252968199999999754e+00	-2.054901865859808829e+00
2.610652663165791587e+00	3.748338137133945036e+00	2.265918679999999963e+00	-1.957000806858295805e+00
2.611652913228307504e+00	3.746241743029995241e+00	2.278869160000000171e+00	-1.989634493192133702e+00
2.612653163290822977e+00	3.743679288565394891e+00	2.265918679999999963e+00	-1.957000806858295805e+00
2.613653413353338451e+00	3.743085324129419522e+00	2.304770120000000144e+00	-2.022268179525970933e+00
2.614653663415854368e+00	3.744318104743193043e+00	2.246492959999999872e+00	-1.957000806858295805e+00
2.615653913478369841e+00	3.745796508313641748e+00	2.019859559999999998e+00	-1.728565002521432525e+00
2.616654163540885314e+00	3.747653122534564840e+00	1.922730959999999989e+00	-1.663297629853757176e+00
2.617654413603401231e+00	3.750249286136159377e+00	1.547167039999999716e+00	-1.173792334846192720e+00
2.618654663665916704e+00	3.752931217934500907e+00	1.184553600000000095e+00	-9.779902168431670040e-01
2.619654913728432177e+00	3.755948363071361484e+00	8.996430400000000605e-01	-6.190196671709531362e-01
2.620655163790948095e+00	3.759745399237012453e+00	4.981781600000000365e-01	-4.232175491679274204e-01
2.621655413853463568e+00	3.764137027710357852e+00	3.945743200000000339e-01	-1.621480584972264660e-01
2.622655663915979485e+00	3.769618029823300187e+00	2.197428399999999948e-01	6.628774583963688294e-02
2.623655913978494958e+00	3.776214397330778016e+00	7.728756000000000514e-02	1.968224911749873740e-01
2.624656164041010431e+00	3.783021830840710198e+00	-7.164296000000000553e-02	3.599909228441755538e-01
2.625656414103526348e+00	3.789233323114697072e+00	-2.011477600000000088e-01	4.905256681795260310e-01
2.626656664166041821e+00	3.793925401164231381e+00	-3.565535200000000127e-01	6.536940998487140719e-01
2.627656914228557294e+00	3.797732339515423661e+00	-4.731078399999999462e-01	7.189614725163894215e-01
2.628657164291073212e+00	3.802917498342046176e+00	-5.119592800000000166e-01	8.494962178517398987e-01
2.629657414353588685e+00	3.809827659445313319e+00	-5.572859600000000802e-01	8.821299041855775735e-01
2.630657664416104158e+00	3.816678755359415476e+00	-5.508107199999999759e-01	8.821299041855775735e-01
2.631657914478620075e+00	3.822428531610691405e+00	-6.738402799999999582e-01	9.473972768532528121e-01
2.632658164541135548e+00	3.827990833951396610e+00	-7.903945999999999472e-01	1.012664649520927940e+00
2.633658414603651021e+00	3.834254274843065247e+00	-7.126917200000000285e-01	1.077932022188603289e+00
2.634658664666166938e+00	3.840028913527583132e+00	-7.839193599999999540e-01	1.045298335854765615e+00
2.635658914728682412e+00	3.843534395999012698e+00	-7.126917200000000285e-01	1.110565708522440964e+00
2.636659164791197885e+00	3.844305677614827665e+00	-7.709688800000000786e-01	1.045298335854765615e+00
2.637659414853713802e+00	3.843772715650423333e+00	-7.126917200000000285e-01	1.045298335854765615e+00
2.638659664916229275e+00	3.844243007859325711e+00	-6.803155199999999514e-01	1.012664649520927940e+00
2.639659914978744748e+00	3.845608008034063552e+00	-6.479393199999999853e-01	1.012664649520927940e+00
2.640660165041260665e+00	3.845360394884308253e+00	-5.702364399999999556e-01	9.147635905194151373e-01
2.641660415103776138e+00	3.842721488379511108e+00	-3.759792400000000478e-01	8.168625315179022239e-01
2.642660665166292056e+00	3.839555097919786775e+00	-4.860583200000000437e-01	7.515951588502269853e-01
2.643660915228807529e+00	3.837296428176435903e+00	-2.594249200000000033e-01	6.863277861825517467e-01
2.644661165291323002e+00	3.835633498337786662e+00	-2.918011200000000249e-01	5.231593545133637058e-01
2.645661415353838919e+00	3.833424603845547729e+00	-9.754392000000000618e-02	3.273572365103378790e-01
2.646661665416354392e+00	3.829005109309900234e+00	5.786183999999999772e-02	2.947235501765002597e-01
2.647661915478869865e+00	3.821935549400193199e+00	2.003171200000000152e-01	9.892143217347457163e-02
2.648662165541385782e+00	3.814152162968320159e+00	3.880990800000000407e-01	-3.161331316187596802e-02
2.649662415603901255e+00	3.806924380266858865e+00	5.176038800000000162e-01	-1.947817448310640853e-01
2.650662665666416729e+00	3.799499313302846737e+00	7.766134800000000782e-01	-4.558512355017650397e-01
2.651662915728932646e+00	3.791390689330418784e+00	1.055048800000000009e+00	-6.190196671709531362e-01
2.652663165791448119e+00	3.783506886595724872e+00	1.307583159999999856e+00	-8.474554715078166378e-01
2.653663415853963592e+00	3.776659755891503600e+00	1.424137479999999734e+00	-1.043257589510842243e+00
2.654663665916479509e+00	3.770333692883171661e+00	1.592493720000000001e+00	-1.304327080181543197e+00
2.655663915978994982e+00	3.764325642709504649e+00	1.961582399999999726e+00	-1.467495511850731349e+00
2.656664166041510455e+00	3.759148142272122683e+00	2.097562439999999917e+00	-1.761198688855269978e+00
2.657664416104026373e+00	3.754371314515756897e+00	2.259443440000000081e+00	-1.826466061522945328e+00
2.658664666166541846e+00	3.749944608654879108e+00	2.233542480000000108e+00	-1.957000806858295805e+00
2.659664916229057763e+00	3.746977631022589073e+00	2.220591999999999899e+00	-1.989634493192133702e+00
2.660665166291573236e+00	3.745261149430441527e+00	2.240017719999999990e+00	-1.924367120524458352e+00
2.661665416354088709e+00	3.743585535514317719e+00	2.252968199999999754e+00	-1.989634493192133702e+00
2.662665666416604626e+00	3.742420377760546035e+00	2.240017719999999990e+00	-1.924367120524458352e+00
2.663665916479120099e+00	3.742895707441525666e+00	2.265918679999999963e+00	-2.022268179525970933e+00
2.664666166541635572e+00	3.744075936687477402e+00	2.214116760000000017e+00	-1.924367120524458352e+00
2.665666416604151490e+00	3.744572283377462174e+00	1.981008119999999817e+00	-1.728565002521432525e+00
2.666666666666666963e+00	3.745346909094483312e+00	1.877404279999999925e+00	-1.598030257186082048e+00
2.667666916729182436e+00	3.747747987282687987e+00	1.514790839999999861e+00	-1.173792334846192720e+00
2.668667166791698353e+00	3.751119913463180744e+00	1.152177400000000018e+00	-9.453565305093293292e-01
2.669667416854213826e+00	3.754616917101106566e+00	8.866925599999999630e-01	-5.863859808371156834e-01
2.670667666916729299e+00	3.758701397197229621e+00	4.917029200000000433e-01	-3.579501765002521818e-01
2.671667916979245216e+00	3.763754381797051796e+00	3.686733600000000055e-01	-1.621480584972264660e-01
2.672668167041760690e+00	3.769329792234619170e+00	2.003171200000000152e-01	1.315551185073121632e-01
2.673668417104276163e+00	3.774823586201649039e+00	6.433707999999999094e-02	1.968224911749873740e-01
2.674668667166792080e+00	3.779940770403491523e+00	-8.459344000000000585e-02	3.926246091780131731e-01
2.675668917229307553e+00	3.784579148924861691e+00	-2.399992000000000236e-01	4.578919818456884672e-01
2.676669167291823026e+00	3.789282049339870451e+00	-3.954049599999999165e-01	6.210604135148766192e-01
2.677669417354338943e+00	3.795266689448508313e+00	-4.925335599999999814e-01	7.189614725163894215e-01
2.678669667416854416e+00	3.802077163390372494e+00	-5.184345200000000098e-01	7.515951588502269853e-01
2.679669917479370334e+00	3.808366848289894246e+00	-5.767116799999999488e-01	8.821299041855775735e-01
2.680670167541885807e+00	3.814655140875641059e+00	-5.637612000000000734e-01	9.473972768532528121e-01
2.681670417604401280e+00	3.821113717162074153e+00	-6.867907599999999446e-01	1.012664649520927940e+00
2.682670667666917197e+00	3.826754813497928343e+00	-8.033450799999999337e-01	1.012664649520927940e+00
2.683670917729432670e+00	3.831894996672005949e+00	-7.321174399999998972e-01	1.110565708522440964e+00
2.684671167791948143e+00	3.836923319284112122e+00	-7.968698400000000515e-01	1.012664649520927940e+00
2.685671417854464060e+00	3.840605060016846650e+00	-7.256422000000000150e-01	1.110565708522440964e+00
2.686671667916979533e+00	3.842430022352504970e+00	-7.903945999999999472e-01	1.045298335854765615e+00
2.687671917979495007e+00	3.843635479397603305e+00	-7.321174399999998972e-01	1.077932022188603289e+00
2.688672168042010924e+00	3.844384491368940893e+00	-7.062164799999999243e-01	1.012664649520927940e+00
2.689672418104526397e+00	3.843506273524061267e+00	-6.673650399999999649e-01	1.012664649520927940e+00
2.690672668167041870e+00	3.841369016509724954e+00	-5.637612000000000734e-01	9.473972768532528121e-01
2.691672918229557787e+00	3.839578378524816316e+00	-3.824544800000000411e-01	8.494962178517398987e-01
2.692673168292073260e+00	3.838271221761578644e+00	-5.054840400000000233e-01	7.515951588502269853e-01
2.693673418354588733e+00	3.836511580637988139e+00	-2.723753999999999897e-01	6.536940998487140719e-01
2.694673668417104651e+00	3.833946446783701223e+00	-3.177020799999999978e-01	5.231593545133637058e-01
2.695673918479620124e+00	3.830404178342622146e+00	-1.040191599999999994e-01	4.252582955118507924e-01
2.696674168542135597e+00	3.826193252484830776e+00	3.843611999999999723e-02	2.947235501765002597e-01
2.697674418604651514e+00	3.821606775069185336e+00	1.808914000000000077e-01	1.315551185073121632e-01
2.698674668667166987e+00	3.815146891445546196e+00	3.751485999999999432e-01	1.020373171961676869e-03
2.699674918729682904e+00	3.806062963746737804e+00	5.176038800000000162e-01	-2.274154311649017046e-01
2.700675168792198377e+00	3.796342799264555090e+00	7.571877599999999875e-01	-3.905838628340898566e-01
2.701675418854713850e+00	3.787688053053583026e+00	1.048573559999999905e+00	-6.190196671709531362e-01
2.702675668917229768e+00	3.780542356601498177e+00	1.288157439999999765e+00	-8.148217851739789630e-01
2.703675918979745241e+00	3.774646327176539362e+00	1.417662239999999851e+00	-1.141158648512355045e+00
2.704676169042260714e+00	3.768695790280331082e+00	1.592493720000000001e+00	-1.271693393847705744e+00
2.705676419104776631e+00	3.762545387248857232e+00	1.935681439999999975e+00	-1.598030257186082048e+00
2.706676669167292104e+00	3.757722045575601744e+00	2.104037679999999799e+00	-1.761198688855269978e+00
2.707676919229807577e+00	3.754520944546552830e+00	2.252968199999999754e+00	-1.891733434190620455e+00
2.708677169292323494e+00	3.751775537138146266e+00	2.240017719999999990e+00	-1.957000806858295805e+00
2.709677419354838968e+00	3.748696461728329599e+00	2.214116760000000017e+00	-1.989634493192133702e+00
2.710677669417354441e+00	3.745737940385799547e+00	2.233542480000000108e+00	-1.924367120524458352e+00
2.711677919479870358e+00	3.743995541837386476e+00	2.220591999999999899e+00	-2.022268179525970933e+00
2.712678169542385831e+00	3.743583191554222367e+00	2.233542480000000108e+00	-1.859099747856782781e+00
2.713678419604901304e+00	3.743734971376594611e+00	2.252968199999999754e+00	-2.022268179525970933e+00
2.714678669667417221e+00	3.744149461838887749e+00	2.188215800000000044e+00	-1.957000806858295805e+00
2.715678919729932694e+00	3.744981181453067798e+00	1.981008119999999817e+00	-1.695931316187594851e+00
2.716679169792448612e+00	3.746252010681957234e+00	1.845028079999999848e+00	-1.598030257186082048e+00
2.717679419854964085e+00	3.747800756613468121e+00	1.495365119999999770e+00	-1.141158648512355045e+00
2.718679669917479558e+00	3.749797555936278393e+00	1.152177400000000018e+00	-9.779902168431670040e-01
2.719679919979995475e+00	3.753055047610951434e+00	8.543163600000001079e-01	-5.537522945032778976e-01
2.720680170042510948e+00	3.758203241902339897e+00	5.046534000000000297e-01	-3.905838628340898566e-01
2.721680420105026421e+00	3.764709275108499842e+00	3.686733600000000055e-01	-6.424699949571360813e-02
2.722680670167542338e+00	3.771132015241252411e+00	2.003171200000000152e-01	9.892143217347457163e-02
2.723680920230057811e+00	3.776510583832204837e+00	3.843611999999999723e-02	2.294561775088249655e-01
2.724681170292573285e+00	3.781334563676762794e+00	-1.040191599999999994e-01	4.578919818456884672e-01
2.725681420355089202e+00	3.786883956707995491e+00	-2.399992000000000236e-01	4.905256681795260310e-01
2.726681670417604675e+00	3.793335109001395367e+00	-3.889297199999999788e-01	6.536940998487140719e-01
2.727681920480120148e+00	3.798987020006157511e+00	-4.860583200000000437e-01	6.863277861825517467e-01
2.728682170542636065e+00	3.803128385903788988e+00	-5.313849999999999962e-01	8.168625315179022239e-01
2.729682420605151538e+00	3.807994364627094175e+00	-5.767116799999999488e-01	7.515951588502269853e-01
2.730682670667667011e+00	3.815167366721925912e+00	-5.702364399999999556e-01	1.012664649520927940e+00
2.731682920730182929e+00	3.822973710300705097e+00	-6.932660000000000489e-01	1.012664649520927940e+00
2.732683170792698402e+00	3.829321079345763046e+00	-8.033450799999999337e-01	9.800309631870904870e-01
2.733683420855213875e+00	3.834489208380941427e+00	-7.126917200000000285e-01	1.143199394856278639e+00
2.734683670917729792e+00	3.839413317807961690e+00	-7.968698400000000515e-01	1.045298335854765615e+00
2.735683920980245265e+00	3.843252326941484220e+00	-7.450679199999999947e-01	1.143199394856278639e+00
2.736684171042761182e+00	3.844996295678453357e+00	-7.839193599999999540e-01	1.077932022188603289e+00
2.737684421105276655e+00	3.845230196457718908e+00	-7.256422000000000150e-01	1.143199394856278639e+00
2.738684671167792128e+00	3.844896672346544086e+00	-6.932660000000000489e-01	1.077932022188603289e+00
2.739684921230308046e+00	3.844672391116646271e+00	-6.867907599999999446e-01	1.012664649520927940e+00
2.740685171292823519e+00	3.844929567046729169e+00	-5.767116799999999488e-01	8.821299041855775735e-01
2.741685421355338992e+00	3.844368642787106438e+00	-3.954049599999999165e-01	8.494962178517398987e-01
2.742685671417854909e+00	3.841486400458043793e+00	-5.054840400000000233e-01	8.168625315179022239e-01
2.743685921480370382e+00	3.837549028376848081e+00	-2.982763600000000181e-01	7.189614725163894215e-01
2.744686171542885855e+00	3.834512776104262777e+00	-3.112268400000000046e-01	5.557930408472013806e-01
2.745686421605401772e+00	3.831934559095218074e+00	-1.363953600000000210e-01	4.252582955118507924e-01
2.746686671667917246e+00	3.827943652163696697e+00	1.901039999999999675e-02	3.599909228441755538e-01
2.747686921730432719e+00	3.821423307973188521e+00	1.744161599999999868e-01	1.641888048411497825e-01
2.748687171792948636e+00	3.813278073780365762e+00	3.298219200000001017e-01	3.365405950579927752e-02
2.749687421855464109e+00	3.805633385570125871e+00	4.852276800000000501e-01	-1.295143721633888190e-01
2.750687671917979582e+00	3.799114462137813231e+00	7.442372800000001121e-01	-3.905838628340898566e-01
2.751687921980495499e+00	3.792121700068990187e+00	1.009722120000000167e+00	-5.863859808371156834e-01
2.752688172043010972e+00	3.783344661054403701e+00	1.249306000000000250e+00	-8.148217851739789630e-01
2.753688422105526890e+00	3.774401041586678218e+00	1.346434599999999815e+00	-1.108524962178517592e+00
2.754688672168042363e+00	3.768346475576652033e+00	1.547167039999999716e+00	-1.206426021180030395e+00
2.755688922230557836e+00	3.764601586351837614e+00	1.890354760000000134e+00	-1.565396570852244151e+00
2.756689172293073753e+00	3.759524695634383296e+00	2.045760519999999971e+00	-1.728565002521432525e+00
2.757689422355589226e+00	3.753301656106839967e+00	2.201166280000000253e+00	-1.793832375189107875e+00
2.758689672418104699e+00	3.749672505787831067e+00	2.188215800000000044e+00	-1.924367120524458352e+00
2.759689922480620616e+00	3.748937860684406598e+00	2.175265319999999836e+00	-1.891733434190620455e+00
2.760690172543136089e+00	3.748189924130207018e+00	2.181740560000000162e+00	-1.859099747856782781e+00
2.761690422605651563e+00	3.746275502830248350e+00	2.188215800000000044e+00	-1.891733434190620455e+00
2.762690672668167480e+00	3.744356007316011148e+00	2.188215800000000044e+00	-1.891733434190620455e+00
2.763690922730682953e+00	3.744031848771141480e+00	2.214116760000000017e+00	-2.022268179525970933e+00
2.764691172793198426e+00	3.745424137822448429e+00	2.149364359999999863e+00	-1.891733434190620455e+00
2.765691422855714343e+00	3.746774444102018986e+00	1.916255719999999885e+00	-1.598030257186082048e+00
2.766691672918229816e+00	3.747031048747372584e+00	1.825602359999999980e+00	-1.598030257186082048e+00
2.767691922980745289e+00	3.747616923913519749e+00	1.456513680000000033e+00	-1.141158648512355045e+00
2.768692173043261207e+00	3.750539494999182377e+00	1.126276440000000045e+00	-8.800891578416540906e-01
2.769692423105776680e+00	3.755710202881168414e+00	8.284154000000000240e-01	-5.863859808371156834e-01
2.770692673168292153e+00	3.761336123758198369e+00	4.528514799999999729e-01	-3.579501765002521818e-01
2.771692923230808070e+00	3.766525640214418047e+00	3.621981200000000678e-01	-1.295143721633888190e-01
2.772693173293323543e+00	3.771665315360074100e+00	1.744161599999999868e-01	6.628774583963688294e-02
2.773693423355839460e+00	3.777175280234270183e+00	3.196087999999999707e-02	2.620898638426626404e-01
2.774693673418354933e+00	3.783365435406671917e+00	-1.169696400000000136e-01	4.905256681795260310e-01
2.775693923480870406e+00	3.789442967488384717e+00	-2.464744400000000168e-01	5.557930408472013806e-01
2.776694173543386324e+00	3.793998265381040902e+00	-4.018802000000000207e-01	6.536940998487140719e-01
2.777694423605901797e+00	3.798022656659418850e+00	-5.184345200000000098e-01	7.189614725163894215e-01
2.778694673668417270e+00	3.803809419334967412e+00	-5.378602399999999895e-01	8.494962178517398987e-01
2.779694923730933187e+00	3.811221533927137362e+00	-5.961373999999999285e-01	8.821299041855775735e-01
2.780695173793448660e+00	3.817945208624040632e+00	-5.896621600000000463e-01	1.012664649520927940e+00
2.781695423855964133e+00	3.822974877304327279e+00	-7.062164799999999243e-01	1.012664649520927940e+00
2.782695673918480050e+00	3.827863747669426608e+00	-8.162955600000000311e-01	1.012664649520927940e+00
2.783695923980995524e+00	3.833764103348777041e+00	-7.580183999999999811e-01	1.143199394856278639e+00
2.784696174043510997e+00	3.839524977954778873e+00	-8.033450799999999337e-01	1.077932022188603289e+00
2.785696424106026914e+00	3.843420012981501266e+00	-7.450679199999999947e-01	1.110565708522440964e+00
2.786696674168542387e+00	3.844947311044019322e+00	-8.162955600000000311e-01	1.077932022188603289e+00
2.787696924231057860e+00	3.844949185249779244e+00	-7.321174399999998972e-01	1.110565708522440964e+00
2.788697174293573777e+00	3.845078920006329337e+00	-7.126917200000000285e-01	9.800309631870904870e-01
2.789697424356089250e+00	3.846190772324265428e+00	-6.867907599999999446e-01	9.800309631870904870e-01
2.790697674418604723e+00	3.846394132012057376e+00	-5.831869200000000530e-01	9.473972768532528121e-01
2.791697924481120641e+00	3.843902921048033328e+00	-4.083554400000000140e-01	8.821299041855775735e-01
2.792698174543636114e+00	3.840880317304992353e+00	-5.378602399999999895e-01	7.515951588502269853e-01
2.793698424606152031e+00	3.839661333033541624e+00	-3.112268400000000046e-01	6.863277861825517467e-01
2.794698674668667504e+00	3.838357420916983731e+00	-3.241773200000000466e-01	5.557930408472013806e-01
2.795698924731182977e+00	3.833944495201919711e+00	-1.493458400000000075e-01	3.599909228441755538e-01
2.796699174793698894e+00	3.827227107617036328e+00	-4.153200000000037417e-04	3.926246091780131731e-01
2.797699424856214367e+00	3.821469428984071381e+00	1.485152000000000139e-01	1.968224911749873740e-01
2.798699674918729841e+00	3.816241762537212701e+00	3.168714400000000042e-01	3.365405950579927752e-02
2.799699924981245758e+00	3.808364855977343755e+00	4.917029200000000433e-01	-1.621480584972264660e-01
2.800700175043761231e+00	3.798775982740791868e+00	7.183363200000001392e-01	-3.579501765002521818e-01
2.801700425106276704e+00	3.790741154352460285e+00	1.016197360000000049e+00	-5.863859808371156834e-01
2.802700675168792621e+00	3.784084559539421466e+00	1.236355520000000041e+00	-7.821880988401412882e-01
2.803700925231308094e+00	3.777443779189030071e+00	1.365860319999999906e+00	-1.075891275844679917e+00
2.804701175293823567e+00	3.770936407502525789e+00	1.547167039999999716e+00	-1.206426021180030395e+00
2.805701425356339485e+00	3.764452815051658963e+00	1.903305239999999898e+00	-1.565396570852244151e+00
2.806701675418854958e+00	3.758299603331784589e+00	2.039285280000000089e+00	-1.793832375189107875e+00
2.807701925481370431e+00	3.753660612595174584e+00	2.188215800000000044e+00	-1.793832375189107875e+00
2.808702175543886348e+00	3.750251350528202465e+00	2.175265319999999836e+00	-1.957000806858295805e+00
2.809702425606401821e+00	3.746932893054574887e+00	2.162314840000000071e+00	-1.989634493192133702e+00
2.810702675668917738e+00	3.744269237130832817e+00	2.175265319999999836e+00	-1.859099747856782781e+00
2.811702925731433211e+00	3.743728309813111110e+00	2.175265319999999836e+00	-1.957000806858295805e+00
2.812703175793948684e+00	3.744719687965395227e+00	2.181740560000000162e+00	-1.891733434190620455e+00
2.813703425856464602e+00	3.744592865906393175e+00	2.214116760000000017e+00	-2.152802924861321632e+00
2.814703675918980075e+00	3.742980963776170622e+00	2.149364359999999863e+00	-1.891733434190620455e+00
2.815703925981495548e+00	3.742610112588166782e+00	1.909780479999999780e+00	-1.630663943519919501e+00
2.816704176044011465e+00	3.744599303778258559e+00	1.799701400000000007e+00	-1.500129198184569024e+00
2.817704426106526938e+00	3.747787588395152358e+00	1.443563199999999824e+00	-1.141158648512355045e+00
2.818704676169042411e+00	3.751682385692616695e+00	1.087425000000000086e+00	-9.127228441754917654e-01
2.819704926231558328e+00	3.756341481215613953e+00	8.478411200000001147e-01	-6.190196671709531362e-01
2.820705176294073802e+00	3.761092301716060238e+00	4.593267200000000772e-01	-2.926828038325769432e-01
2.821705426356589275e+00	3.765912727445588359e+00	3.492476399999999703e-01	-9.688068582955121355e-02
2.822705676419105192e+00	3.771985356919468568e+00	1.614656800000000003e-01	1.315551185073121632e-01
2.823705926481620665e+00	3.778548767653062246e+00	2.548563999999999691e-02	2.620898638426626404e-01
2.824706176544136138e+00	3.783361718952181985e+00	-1.169696400000000136e-01	4.578919818456884672e-01
2.825706426606652055e+00	3.786833088323684482e+00	-2.594249200000000033e-01	5.557930408472013806e-01
2.826706676669167528e+00	3.791191456258971471e+00	-4.148306800000000072e-01	7.189614725163894215e-01
2.827706926731683001e+00	3.797254046491163937e+00	-5.184345200000000098e-01	7.842288451840646601e-01
2.828707176794198919e+00	3.803926881924476699e+00	-5.443354799999999827e-01	8.494962178517398987e-01
2.829707426856714392e+00	3.810079519802665793e+00	-5.831869200000000530e-01	9.147635905194151373e-01
2.830707676919230309e+00	3.815865465059704587e+00	-5.961373999999999285e-01	1.012664649520927940e+00
2.831707926981745782e+00	3.821395662490836731e+00	-7.126917200000000285e-01	1.077932022188603289e+00
2.832708177044261255e+00	3.826843059588011187e+00	-8.292460400000000176e-01	9.147635905194151373e-01
2.833708427106777172e+00	3.832672430336010461e+00	-7.385926799999998904e-01	1.110565708522440964e+00
2.834708677169292645e+00	3.837692584849163424e+00	-7.968698400000000515e-01	1.077932022188603289e+00
2.835708927231808119e+00	3.840676645283277235e+00	-7.580183999999999811e-01	1.143199394856278639e+00
2.836709177294324036e+00	3.842744315451334547e+00	-8.098203199999999269e-01	1.110565708522440964e+00
2.837709427356839509e+00	3.844937600424619628e+00	-7.515431599999999879e-01	1.143199394856278639e+00
2.838709677419354982e+00	3.845911244360262771e+00	-7.191669600000000218e-01	1.045298335854765615e+00
2.839709927481870899e+00	3.844821871824102733e+00	-6.997412400000000421e-01	1.012664649520927940e+00
2.840710177544386372e+00	3.843603181481137998e+00	-6.026126399999999217e-01	9.473972768532528121e-01
2.841710427606901845e+00	3.842927999145601348e+00	-4.213059199999999449e-01	8.821299041855775735e-01
2.842710677669417763e+00	3.840902942969040446e+00	-5.249097599999998920e-01	7.842288451840646601e-01
2.843710927731933236e+00	3.837679855219720881e+00	-3.047516000000000114e-01	6.863277861825517467e-01
2.844711177794448709e+00	3.835158129454524722e+00	-3.436030400000000262e-01	6.210604135148766192e-01
2.845711427856964626e+00	3.832590241679490362e+00	-1.622963199999999939e-01	4.252582955118507924e-01
2.846711677919480099e+00	3.828000411270607639e+00	-4.153200000000037417e-04	3.926246091780131731e-01
2.847711927981996016e+00	3.821540162774031746e+00	1.161389999999999922e-01	1.641888048411497825e-01
2.848712178044511489e+00	3.813964876648373359e+00	3.039209600000000178e-01	3.365405950579927752e-02
2.849712428107026962e+00	3.805949285040533425e+00	4.593267200000000772e-01	-1.621480584972264660e-01
2.850712678169542880e+00	3.798282307542336866e+00	6.989106000000000485e-01	-3.253164901664145625e-01
2.851712928232058353e+00	3.790109448445702078e+00	1.009722120000000167e+00	-5.537522945032778976e-01
2.852713178294573826e+00	3.780959942320286871e+00	1.216929799999999950e+00	-7.821880988401412882e-01
2.853713428357089743e+00	3.772776964978079572e+00	1.333484120000000051e+00	-1.075891275844679917e+00
2.854713678419605216e+00	3.766759833979432148e+00	1.514790839999999861e+00	-1.206426021180030395e+00
2.855713928482120689e+00	3.762140255318930926e+00	1.883879520000000030e+00	-1.532762884518406477e+00
2.856714178544636606e+00	3.758047577073899248e+00	2.013384319999999672e+00	-1.630663943519919501e+00
2.857714428607152080e+00	3.753802965745351550e+00	2.168790079999999953e+00	-1.695931316187594851e+00
2.858714678669667553e+00	3.749249238159649611e+00	2.155839599999999745e+00	-1.891733434190620455e+00
2.859714928732183470e+00	3.745045912166765856e+00	2.149364359999999863e+00	-1.859099747856782781e+00
2.860715178794698943e+00	3.742170383301342884e+00	2.155839599999999745e+00	-1.859099747856782781e+00
2.861715428857214416e+00	3.741526155111873919e+00	2.175265319999999836e+00	-1.957000806858295805e+00
2.862715678919730333e+00	3.742424170143358708e+00	2.155839599999999745e+00	-1.859099747856782781e+00
2.863715928982245806e+00	3.742965666404230340e+00	2.181740560000000162e+00	-1.924367120524458352e+00
2.864716179044761279e+00	3.742962171370350255e+00	2.123463399999999890e+00	-1.859099747856782781e+00
2.865716429107277197e+00	3.743702843714068695e+00	1.916255719999999885e+00	-1.565396570852244151e+00
2.866716679169792670e+00	3.745334865175474093e+00	1.793226159999999902e+00	-1.532762884518406477e+00
2.867716929232308587e+00	3.747040178291255241e+00	1.437087959999999942e+00	-1.108524962178517592e+00
2.868717179294824060e+00	3.748960520574882160e+00	1.106850720000000177e+00	-9.453565305093293292e-01
2.869717429357339533e+00	3.752206011844268829e+00	8.089896800000000443e-01	-5.537522945032778976e-01
2.870717679419855450e+00	3.757451756138240562e+00	4.334257600000001043e-01	-3.905838628340898566e-01
2.871717929482370923e+00	3.763873224591848921e+00	3.362971600000000394e-01	-9.688068582955121355e-02
2.872718179544886397e+00	3.769787121748282566e+00	1.679409199999999935e-01	1.315551185073121632e-01
2.873718429607402314e+00	3.774848723829963948e+00	2.548563999999999691e-02	2.620898638426626404e-01
2.874718679669917787e+00	3.780119145240242062e+00	-1.169696400000000136e-01	3.926246091780131731e-01
2.875718929732433260e+00	3.785982191219912973e+00	-2.594249200000000033e-01	5.231593545133637058e-01
2.876719179794949177e+00	3.791936247955050909e+00	-4.083554400000000140e-01	6.536940998487140719e-01
2.877719429857464650e+00	3.797695918638195334e+00	-5.249097599999998920e-01	7.515951588502269853e-01
2.878719679919980123e+00	3.803537060889808252e+00	-5.508107199999999759e-01	8.821299041855775735e-01
2.879719929982496041e+00	3.809951894883987666e+00	-5.961373999999999285e-01	8.494962178517398987e-01
2.880720180045011514e+00	3.816623244141766236e+00	-6.026126399999999217e-01	1.012664649520927940e+00
2.881720430107526987e+00	3.822555895285744132e+00	-6.997412400000000421e-01	1.045298335854765615e+00
2.882720680170042904e+00	3.827704338709534859e+00	-8.162955600000000311e-01	1.012664649520927940e+00
2.883720930232558377e+00	3.832529501924205828e+00	-7.580183999999999811e-01	1.175833081190116092e+00
2.884721180295073850e+00	3.836785263617179087e+00	-8.098203199999999269e-01	1.045298335854765615e+00
2.885721430357589767e+00	3.840373982959195409e+00	-7.450679199999999947e-01	1.110565708522440964e+00
2.886721680420105240e+00	3.843145186572364480e+00	-7.968698400000000515e-01	1.045298335854765615e+00
2.887721930482621158e+00	3.844387436491309984e+00	-7.385926799999998904e-01	1.110565708522440964e+00
2.888722180545136631e+00	3.844413338866070173e+00	-7.256422000000000150e-01	1.077932022188603289e+00
2.889722430607652104e+00	3.844243740598690895e+00	-6.932660000000000489e-01	1.045298335854765615e+00
2.890722680670168021e+00	3.843826189026569473e+00	-5.896621600000000463e-01	9.473972768532528121e-01
2.891722930732683494e+00	3.842765173282025160e+00	-4.277811600000000491e-01	8.494962178517398987e-01
2.892723180795198967e+00	3.841062803190645969e+00	-5.313849999999999962e-01	7.515951588502269853e-01
2.893723430857714884e+00	3.838398586196718032e+00	-3.112268400000000046e-01	7.189614725163894215e-01
2.894723680920230358e+00	3.834812316009327926e+00	-3.500782800000000750e-01	5.557930408472013806e-01
2.895723930982745831e+00	3.830949747970691099e+00	-1.622963199999999939e-01	4.578919818456884672e-01
2.896724181045261748e+00	3.826570010000699629e+00	-4.153200000000037417e-04	2.947235501765002597e-01
2.897724431107777221e+00	3.821464484321260180e+00	1.290894800000000064e-01	2.294561775088249655e-01
2.898724681170292694e+00	3.816202254274057015e+00	2.974457200000000245e-01	6.628774583963688294e-02
2.899724931232808611e+00	3.809716560325701717e+00	4.722772000000000081e-01	-1.295143721633888190e-01
2.900725181295324084e+00	3.800506485365934051e+00	7.053858400000000417e-01	-3.905838628340898566e-01
2.901725431357839557e+00	3.790163071793952287e+00	9.773459200000000902e-01	-5.211186081694403338e-01
2.902725681420355475e+00	3.781268250920554408e+00	1.216929799999999950e+00	-7.495544125063037244e-01
2.903725931482870948e+00	3.774542437612498968e+00	1.339959359999999933e+00	-1.043257589510842243e+00
2.904726181545386865e+00	3.769376647993187834e+00	1.521266079999999965e+00	-1.206426021180030395e+00
2.905726431607902338e+00	3.764039127612209601e+00	1.870929040000000043e+00	-1.467495511850731349e+00
2.906726681670417811e+00	3.757929137558627009e+00	2.019859559999999998e+00	-1.663297629853757176e+00
2.907726931732933728e+00	3.753189590799310249e+00	2.162314840000000071e+00	-1.793832375189107875e+00
2.908727181795449201e+00	3.750688482957007075e+00	2.149364359999999863e+00	-1.859099747856782781e+00
2.909727431857964675e+00	3.748500000409470623e+00	2.136413880000000098e+00	-1.826466061522945328e+00
2.910727681920480592e+00	3.745362330050643340e+00	2.149364359999999863e+00	-1.826466061522945328e+00
2.911727931982996065e+00	3.742323886348426498e+00	2.155839599999999745e+00	-1.957000806858295805e+00
2.912728182045511538e+00	3.741069419737208968e+00	2.136413880000000098e+00	-1.859099747856782781e+00
2.913728432108027455e+00	3.741416034181167749e+00	2.175265319999999836e+00	-1.957000806858295805e+00
2.914728682170542928e+00	3.742044239048855747e+00	2.129938640000000216e+00	-1.793832375189107875e+00
2.915728932233058401e+00	3.743002996087322121e+00	1.890354760000000134e+00	-1.663297629853757176e+00
2.916729182295574319e+00	3.744670010641762747e+00	1.793226159999999902e+00	-1.500129198184569024e+00
2.917729432358089792e+00	3.746934408265709671e+00	1.417662239999999851e+00	-1.141158648512355045e+00
2.918729682420605265e+00	3.750522158379169468e+00	1.113325960000000059e+00	-8.474554715078166378e-01
2.919729932483121182e+00	3.755213190484028019e+00	7.960392000000000579e-01	-4.884849218356027145e-01
2.920730182545636655e+00	3.759619404434537682e+00	4.334257600000001043e-01	-3.579501765002521818e-01
2.921730432608152128e+00	3.764335742235977555e+00	3.362971600000000394e-01	-9.688068582955121355e-02
2.922730682670668045e+00	3.770273991903870581e+00	1.420399599999999929e-01	1.641888048411497825e-01
2.923730932733183518e+00	3.776593638194263747e+00	1.901039999999999675e-02	3.273572365103378790e-01
2.924731182795699436e+00	3.782557474879247206e+00	-1.299201200000000000e-01	4.252582955118507924e-01
2.925731432858214909e+00	3.787595518838037911e+00	-2.594249200000000033e-01	5.557930408472013806e-01
2.926731682920730382e+00	3.791873797703092297e+00	-4.083554400000000140e-01	6.536940998487140719e-01
2.927731932983246299e+00	3.797143659153454198e+00	-4.990087999999999191e-01	7.515951588502269853e-01
2.928732183045761772e+00	3.803982499052164901e+00	-5.443354799999999827e-01	8.494962178517398987e-01
2.929732433108277245e+00	3.810815768744438170e+00	-5.896621600000000463e-01	9.147635905194151373e-01
2.930732683170793162e+00	3.816522131709191079e+00	-5.961373999999999285e-01	9.800309631870904870e-01
2.931732933233308636e+00	3.822106688757130222e+00	-6.932660000000000489e-01	1.012664649520927940e+00
2.932733183295824109e+00	3.828701930572488532e+00	-8.162955600000000311e-01	1.012664649520927940e+00
2.933733433358340026e+00	3.835197222665305272e+00	-7.450679199999999947e-01	1.143199394856278639e+00
2.934733683420855499e+00	3.840100734600601751e+00	-8.033450799999999337e-01	1.012664649520927940e+00
2.935733933483370972e+00	3.843216684498349967e+00	-7.385926799999998904e-01	1.208466767523953767e+00
2.936734183545886889e+00	3.844836365415366775e+00	-8.162955600000000311e-01	1.045298335854765615e+00
2.937734433608402362e+00	3.845572392262025740e+00	-7.580183999999999811e-01	1.077932022188603289e+00
2.938734683670917835e+00	3.846005192562291342e+00	-7.062164799999999243e-01	1.012664649520927940e+00
2.939734933733433753e+00	3.846000280453419684e+00	-7.062164799999999243e-01	1.045298335854765615e+00
2.940735183795949226e+00	3.845129219454288982e+00	-5.896621600000000463e-01	9.147635905194151373e-01
2.941735433858465143e+00	3.843586309830990366e+00	-4.277811600000000491e-01	8.494962178517398987e-01
2.942735683920980616e+00	3.841689032086550437e+00	-5.313849999999999962e-01	7.515951588502269853e-01
2.943735933983496089e+00	3.839242425917031909e+00	-3.112268400000000046e-01	6.863277861825517467e-01
2.944736184046012006e+00	3.836442755645143698e+00	-3.500782800000000750e-01	5.884267271810389444e-01
2.945736434108527479e+00	3.833429127398542580e+00	-1.622963199999999939e-01	4.252582955118507924e-01
2.946736684171042953e+00	3.829542830167823375e+00	-1.336580000000000407e-02	3.926246091780131731e-01
2.947736934233558870e+00	3.824144187490978286e+00	1.355647199999999997e-01	2.294561775088249655e-01
2.948737184296074343e+00	3.816807423952379263e+00	2.974457200000000245e-01	6.628774583963688294e-02
2.949737434358589816e+00	3.807886070476943274e+00	4.463762399999999797e-01	-1.295143721633888190e-01
2.950737684421105733e+00	3.798920779708091722e+00	6.924353600000000553e-01	-2.926828038325769432e-01
2.951737934483621206e+00	3.790939108847958483e+00	9.643954399999999927e-01	-5.863859808371156834e-01
2.952738184546136679e+00	3.783486471750327151e+00	1.216929799999999950e+00	-7.495544125063037244e-01
2.953738434608652597e+00	3.775898482286573543e+00	1.314058399999999960e+00	-1.010623903177004790e+00
2.954738684671168070e+00	3.768525649260702437e+00	1.488889879999999888e+00	-1.173792334846192720e+00
2.955738934733683543e+00	3.762654021382584979e+00	1.851503319999999952e+00	-1.369594452849218325e+00
2.956739184796199460e+00	3.759144198264023906e+00	1.987483359999999921e+00	-1.630663943519919501e+00
2.957739434858714933e+00	3.756798761783505025e+00	2.155839599999999745e+00	-1.663297629853757176e+00
2.958739684921230406e+00	3.753449027185682851e+00	2.129938640000000216e+00	-1.859099747856782781e+00
2.959739934983746323e+00	3.749138966480681123e+00	2.129938640000000216e+00	-1.924367120524458352e+00
2.960740185046261796e+00	3.745983823430338866e+00	2.129938640000000216e+00	-1.793832375189107875e+00
2.961740435108777714e+00	3.744917184095418961e+00	2.149364359999999863e+00	-1.924367120524458352e+00
2.962740685171293187e+00	3.744616180388801840e+00	2.136413880000000098e+00	-1.826466061522945328e+00
2.963740935233808660e+00	3.743617101085143783e+00	2.162314840000000071e+00	-1.924367120524458352e+00
2.964741185296324577e+00	3.742723778366094489e+00	2.110512920000000125e+00	-1.859099747856782781e+00
2.965741435358840050e+00	3.743930405513874682e+00	1.870929040000000043e+00	-1.500129198184569024e+00
2.966741685421355523e+00	3.747082279245177450e+00	1.780275679999999916e+00	-1.565396570852244151e+00
2.967741935483871440e+00	3.750041505390720786e+00	1.430612719999999838e+00	-1.043257589510842243e+00
2.968742185546386914e+00	3.752096116038834861e+00	1.087425000000000086e+00	-9.453565305093293292e-01
2.969742435608902387e+00	3.754879373194414782e+00	8.089896800000000443e-01	-5.211186081694403338e-01
2.970742685671418304e+00	3.759472365891306289e+00	4.140000400000000136e-01	-3.253164901664145625e-01
2.971742935733933777e+00	3.764904259708384160e+00	3.168714400000000042e-01	-9.688068582955121355e-02
2.972743185796449250e+00	3.770418620933464915e+00	1.614656800000000003e-01	1.315551185073121632e-01
2.973743435858965167e+00	3.776861772368917070e+00	1.253515999999999658e-02	2.294561775088249655e-01
2.974743685921480640e+00	3.784345805534520046e+00	-1.169696400000000136e-01	4.578919818456884672e-01
2.975743935983996113e+00	3.791272684326797204e+00	-2.659001599999999965e-01	5.231593545133637058e-01
2.976744186046512031e+00	3.796889937909387669e+00	-4.018802000000000207e-01	6.863277861825517467e-01
2.977744436109027504e+00	3.801575905802085042e+00	-5.249097599999998920e-01	7.189614725163894215e-01
2.978744686171542977e+00	3.805551544353921845e+00	-5.443354799999999827e-01	8.821299041855775735e-01
2.979744936234058894e+00	3.809817563409348740e+00	-5.961373999999999285e-01	8.494962178517398987e-01
2.980745186296574367e+00	3.815473406570277337e+00	-5.961373999999999285e-01	9.800309631870904870e-01
2.981745436359090284e+00	3.821990963259296770e+00	-7.062164799999999243e-01	9.800309631870904870e-01
2.982745686421605757e+00	3.828407103525000021e+00	-8.162955600000000311e-01	1.012664649520927940e+00
2.983745936484121231e+00	3.834380714697783077e+00	-7.256422000000000150e-01	1.077932022188603289e+00
2.984746186546637148e+00	3.839573000304967287e+00	-8.033450799999999337e-01	1.077932022188603289e+00
2.985746436609152621e+00	3.843213325222097243e+00	-7.385926799999998904e-01	1.110565708522440964e+00
2.986746686671668094e+00	3.844952176517181908e+00	-8.098203199999999269e-01	1.110565708522440964e+00
2.987746936734184011e+00	3.845572700457195126e+00	-7.385926799999998904e-01	1.045298335854765615e+00
2.988747186796699484e+00	3.845838060247032786e+00	-7.126917200000000285e-01	1.012664649520927940e+00
2.989747436859214957e+00	3.846001790558658762e+00	-6.932660000000000489e-01	1.045298335854765615e+00
2.990747686921730875e+00	3.846016202244026960e+00	-6.026126399999999217e-01	9.473972768532528121e-01
2.991747936984246348e+00	3.845249651864130591e+00	-4.213059199999999449e-01	8.494962178517398987e-01
2.992748187046761821e+00	3.843225111102339664e+00	-5.443354799999999827e-01	7.515951588502269853e-01
2.993748437109277738e+00	3.840133484201263769e+00	-3.047516000000000114e-01	6.210604135148766192e-01
2.994748687171793211e+00	3.836375563919109943e+00	-3.565535200000000127e-01	5.557930408472013806e-01
2.995748937234308684e+00	3.832273923669104576e+00	-1.687715600000000149e-01	4.905256681795260310e-01
2.996749187296824601e+00	3.827573546078367084e+00	1.253515999999999658e-02	3.599909228441755538e-01
2.997749437359340074e+00	3.821820797284676718e+00	1.161389999999999922e-01	1.968224911749873740e-01
2.998749687421855992e+00	3.815308633337235911e+00	2.909704799999999758e-01	9.892143217347457163e-02
2.999749937484371465e+00	3.807927217706531753e+00	4.528514799999999729e-01	-1.621480584972264660e-01
3.000750187546886938e+00	3.799010186900102948e+00	6.794848799999999578e-01	-2.926828038325769432e-01
3.001750437609402855e+00	3.789670193957246358e+00	9.708706800000000969e-01	-5.537522945032778976e-01
3.002750687671918328e+00	3.781939752923788145e+00	1.184553600000000095e+00	-7.821880988401412882e-01
3.003750937734433801e+00	3.775943625532425685e+00	1.320533639999999842e+00	-9.779902168431670040e-01
3.004751187796949718e+00	3.770189356159094896e+00	1.482414640000000006e+00	-1.141158648512355045e+00
3.005751437859465192e+00	3.763652076798185142e+00	1.851503319999999952e+00	-1.467495511850731349e+00
3.006751687921980665e+00	3.757399519139170252e+00	2.000433839999999908e+00	-1.695931316187594851e+00
3.007751937984496582e+00	3.753274352333660691e+00	2.149364359999999863e+00	-1.728565002521432525e+00
3.008752188047012055e+00	3.750544419018229547e+00	2.136413880000000098e+00	-1.826466061522945328e+00
3.009752438109527528e+00	3.747542126587523281e+00	2.110512920000000125e+00	-1.826466061522945328e+00
3.010752688172043445e+00	3.745083621243027849e+00	2.123463399999999890e+00	-1.859099747856782781e+00
3.011752938234558918e+00	3.743804590596413462e+00	2.129938640000000216e+00	-1.924367120524458352e+00
3.012753188297074391e+00	3.742885736521677220e+00	2.123463399999999890e+00	-1.793832375189107875e+00
3.013753438359590309e+00	3.742689592243761521e+00	2.149364359999999863e+00	-1.989634493192133702e+00
3.014753688422105782e+00	3.743134023167843161e+00	2.104037679999999799e+00	-1.793832375189107875e+00
3.015753938484621255e+00	3.743080853192342961e+00	1.883879520000000030e+00	-1.532762884518406477e+00
3.016754188547137172e+00	3.743842188012198591e+00	1.773800439999999812e+00	-1.532762884518406477e+00
3.017754438609652645e+00	3.746866418432726942e+00	1.411186999999999969e+00	-1.108524962178517592e+00
3.018754688672168562e+00	3.750217532888211469e+00	1.080949760000000204e+00	-8.474554715078166378e-01
3.019754938734684035e+00	3.753034206087292102e+00	7.830887200000000714e-01	-5.537522945032778976e-01
3.020755188797199509e+00	3.757256847430629154e+00	4.269505200000000000e-01	-3.253164901664145625e-01
3.021755438859715426e+00	3.763259596141587782e+00	2.974457200000000245e-01	-6.424699949571360813e-02
3.022755688922230899e+00	3.769699561680617261e+00	1.549904400000000071e-01	1.315551185073121632e-01
3.023755938984746372e+00	3.776029589428768762e+00	1.253515999999999658e-02	2.620898638426626404e-01
3.024756189047262289e+00	3.782512125213582266e+00	-1.363953600000000210e-01	3.599909228441755538e-01
3.025756439109777762e+00	3.788710535805913882e+00	-2.723753999999999897e-01	4.578919818456884672e-01
3.026756689172293235e+00	3.793556681350203963e+00	-4.277811600000000491e-01	6.863277861825517467e-01
3.027756939234809153e+00	3.797708449550650567e+00	-5.184345200000000098e-01	7.189614725163894215e-01
3.028757189297324626e+00	3.803130456563724948e+00	-5.572859600000000802e-01	8.168625315179022239e-01
3.029757439359840099e+00	3.809657431112862813e+00	-5.896621600000000463e-01	8.494962178517398987e-01
3.030757689422356016e+00	3.815769725843371152e+00	-6.090878800000000259e-01	1.045298335854765615e+00
3.031757939484871489e+00	3.821801080710424792e+00	-7.062164799999999243e-01	1.012664649520927940e+00
3.032758189547386962e+00	3.828213920246763990e+00	-8.227708000000000244e-01	1.045298335854765615e+00
3.033758439609902879e+00	3.834007431427763013e+00	-7.321174399999998972e-01	1.110565708522440964e+00
3.034758689672418353e+00	3.838763069841551356e+00	-8.098203199999999269e-01	1.077932022188603289e+00
3.035758939734934270e+00	3.842297485671612556e+00	-7.515431599999999879e-01	1.143199394856278639e+00
3.036759189797449743e+00	3.844150454566823250e+00	-8.033450799999999337e-01	1.045298335854765615e+00
3.037759439859965216e+00	3.844750177591166107e+00	-7.515431599999999879e-01	1.143199394856278639e+00
3.038759689922481133e+00	3.844767478973642572e+00	-7.256422000000000150e-01	1.045298335854765615e+00
3.039759939984996606e+00	3.844325568436484541e+00	-6.932660000000000489e-01	9.473972768532528121e-01
3.040760190047512079e+00	3.843205146676283768e+00	-6.090878800000000259e-01	9.147635905194151373e-01
3.041760440110027996e+00	3.841911465155413818e+00	-4.083554400000000140e-01	8.494962178517398987e-01
3.042760690172543470e+00	3.841089495465309422e+00	-5.378602399999999895e-01	7.842288451840646601e-01
3.043760940235058943e+00	3.839257229969245788e+00	-3.177020799999999978e-01	6.536940998487140719e-01
3.044761190297574860e+00	3.835273204711634687e+00	-3.500782800000000750e-01	5.884267271810389444e-01
3.045761440360090333e+00	3.830833370611488320e+00	-1.817220400000000013e-01	4.252582955118507924e-01
3.046761690422605806e+00	3.827123407231683316e+00	-1.336580000000000407e-02	2.947235501765002597e-01
3.047761940485121723e+00	3.822976815563694952e+00	1.226142399999999993e-01	2.294561775088249655e-01
3.048762190547637196e+00	3.816602759335206763e+00	2.844952399999999826e-01	1.020373171961676869e-03
3.049762440610152670e+00	3.807449793669258398e+00	4.399010000000000420e-01	-1.295143721633888190e-01
3.050762690672668587e+00	3.797550057768053655e+00	6.730096400000000756e-01	-2.926828038325769432e-01
3.051762940735184060e+00	3.789706009042128176e+00	9.514449600000001173e-01	-5.211186081694403338e-01
3.052763190797699533e+00	3.783551913709026771e+00	1.178078360000000213e+00	-7.821880988401412882e-01
3.053763440860215450e+00	3.776206159060407241e+00	1.294632679999999869e+00	-9.779902168431670040e-01
3.054763690922730923e+00	3.767831008588801822e+00	1.469464160000000019e+00	-1.206426021180030395e+00
3.055763940985246840e+00	3.762041060545416649e+00	1.832077599999999862e+00	-1.532762884518406477e+00
3.056764191047762314e+00	3.759064823187373339e+00	1.968057640000000053e+00	-1.695931316187594851e+00
3.057764441110277787e+00	3.755150717453456188e+00	2.136413880000000098e+00	-1.663297629853757176e+00
3.058764691172793704e+00	3.749601785738262194e+00	2.116988160000000008e+00	-1.793832375189107875e+00
3.059764941235309177e+00	3.745422150990351806e+00	2.104037679999999799e+00	-1.859099747856782781e+00
3.060765191297824650e+00	3.744055984295405093e+00	2.116988160000000008e+00	-1.761198688855269978e+00
3.061765441360340567e+00	3.743775458471334527e+00	2.116988160000000008e+00	-1.924367120524458352e+00
3.062765691422856040e+00	3.742466992618555199e+00	2.116988160000000008e+00	-1.793832375189107875e+00
3.063765941485371513e+00	3.740802583442055518e+00	2.136413880000000098e+00	-1.924367120524458352e+00
3.064766191547887431e+00	3.740819635525108655e+00	2.078136719999999826e+00	-1.761198688855269978e+00
3.065766441610402904e+00	3.742723062109478249e+00	1.870929040000000043e+00	-1.598030257186082048e+00
3.066766691672918377e+00	3.745601926323676167e+00	1.780275679999999916e+00	-1.467495511850731349e+00
3.067766941735434294e+00	3.748391107442012427e+00	1.391761279999999878e+00	-1.043257589510842243e+00
3.068767191797949767e+00	3.750337044960780020e+00	1.074474520000000100e+00	-8.474554715078166378e-01
3.069767441860465240e+00	3.752607417413144741e+00	7.830887200000000714e-01	-5.537522945032778976e-01
3.070767691922981157e+00	3.757289102973349060e+00	4.140000400000000136e-01	-3.253164901664145625e-01
3.071767941985496631e+00	3.764295639177184238e+00	3.168714400000000042e-01	-9.688068582955121355e-02
3.072768192048012104e+00	3.771059227211471132e+00	1.420399599999999929e-01	9.892143217347457163e-02
3.073768442110528021e+00	3.776094607898428990e+00	6.059919999999996421e-03	2.620898638426626404e-01
3.074768692173043494e+00	3.781012719924698118e+00	-1.363953600000000210e-01	4.252582955118507924e-01
3.075768942235559411e+00	3.787284381952355172e+00	-2.659001599999999965e-01	5.557930408472013806e-01
3.076769192298074884e+00	3.793666248683820630e+00	-4.213059199999999449e-01	6.863277861825517467e-01
3.077769442360590357e+00	3.798673155333516238e+00	-5.184345200000000098e-01	7.515951588502269853e-01
3.078769692423106275e+00	3.803136102421038611e+00	-5.443354799999999827e-01	8.821299041855775735e-01
3.079769942485621748e+00	3.808640771988710760e+00	-6.026126399999999217e-01	8.494962178517398987e-01
3.080770192548137221e+00	3.815626283365869842e+00	-6.090878800000000259e-01	9.800309631870904870e-01
3.081770442610653138e+00	3.823590907952992168e+00	-7.062164799999999243e-01	9.473972768532528121e-01
3.082770692673168611e+00	3.830741640114200486e+00	-8.162955600000000311e-01	9.800309631870904870e-01
3.083770942735684084e+00	3.835157747684825313e+00	-7.515431599999999879e-01	1.077932022188603289e+00
3.084771192798200001e+00	3.837958235422226583e+00	-8.162955600000000311e-01	1.045298335854765615e+00
3.085771442860715474e+00	3.841969315185373990e+00	-7.515431599999999879e-01	1.110565708522440964e+00
3.086771692923230948e+00	3.846451741215336728e+00	-7.968698400000000515e-01	1.077932022188603289e+00
3.087771942985746865e+00	3.848077950541147541e+00	-7.580183999999999811e-01	1.012664649520927940e+00
3.088772193048262338e+00	3.846818991239548957e+00	-7.191669600000000218e-01	1.045298335854765615e+00
3.089772443110777811e+00	3.844759631539719003e+00	-7.062164799999999243e-01	8.494962178517398987e-01
3.090772693173293728e+00	3.842812828740122200e+00	-6.155631200000000192e-01	9.147635905194151373e-01
3.091772943235809201e+00	3.841833801595113229e+00	-4.213059199999999449e-01	8.494962178517398987e-01
3.092773193298325118e+00	3.841391890816374666e+00	-5.313849999999999962e-01	8.168625315179022239e-01
3.093773443360840592e+00	3.839289148227813531e+00	-3.241773200000000466e-01	6.536940998487140719e-01
3.094773693423356065e+00	3.835523861401145318e+00	-3.436030400000000262e-01	5.884267271810389444e-01
3.095773943485871982e+00	3.832392235480120757e+00	-1.752468000000000081e-01	4.905256681795260310e-01
3.096774193548387455e+00	3.829498848892898266e+00	-1.984104000000000423e-02	4.252582955118507924e-01
3.097774443610902928e+00	3.823627973251769507e+00	1.161389999999999922e-01	2.294561775088249655e-01
3.098774693673418845e+00	3.814644784126453914e+00	2.844952399999999826e-01	9.892143217347457163e-02
3.099774943735934318e+00	3.806165759821531047e+00	4.334257600000001043e-01	-1.295143721633888190e-01
3.100775193798449791e+00	3.799395268490523669e+00	6.730096400000000756e-01	-2.926828038325769432e-01
3.101775443860965709e+00	3.791740921861200153e+00	9.384944800000000198e-01	-5.211186081694403338e-01
3.102775693923481182e+00	3.782802178881655930e+00	1.158652640000000122e+00	-7.169207261724660496e-01
3.103775943985996655e+00	3.775316981152140094e+00	1.294632679999999869e+00	-9.453565305093293292e-01
3.104776194048512572e+00	3.769647851400686367e+00	1.456513680000000033e+00	-1.173792334846192720e+00
3.105776444111028045e+00	3.764504859746076626e+00	1.832077599999999862e+00	-1.467495511850731349e+00
3.106776694173543518e+00	3.759786121731754083e+00	1.955107160000000066e+00	-1.663297629853757176e+00
3.107776944236059435e+00	3.754638787035686764e+00	2.123463399999999890e+00	-1.728565002521432525e+00
3.108777194298574909e+00	3.749311639669187013e+00	2.091087200000000035e+00	-1.826466061522945328e+00
3.109777444361090382e+00	3.746866289726177079e+00	2.097562439999999917e+00	-1.826466061522945328e+00
3.110777694423606299e+00	3.747584628455090439e+00	2.097562439999999917e+00	-1.793832375189107875e+00
3.111777944486121772e+00	3.747331532492339079e+00	2.116988160000000008e+00	-1.859099747856782781e+00
3.112778194548637689e+00	3.744166870336009367e+00	2.110512920000000125e+00	-1.826466061522945328e+00
3.113778444611153162e+00	3.741439952616561815e+00	2.136413880000000098e+00	-1.891733434190620455e+00
3.114778694673668635e+00	3.742146122798356345e+00	2.078136719999999826e+00	-1.793832375189107875e+00
3.115778944736184553e+00	3.744542682770004571e+00	1.851503319999999952e+00	-1.565396570852244151e+00
3.116779194798700026e+00	3.745979390125178554e+00	1.734948999999999852e+00	-1.500129198184569024e+00
3.117779444861215499e+00	3.746872279462786448e+00	1.378810799999999892e+00	-1.043257589510842243e+00
3.118779694923731416e+00	3.749254841168129015e+00	1.048573559999999905e+00	-8.148217851739789630e-01
3.119779944986246889e+00	3.754046276618885791e+00	7.636630000000000917e-01	-5.211186081694403338e-01
3.120780195048762362e+00	3.760059440208277426e+00	3.945743200000000339e-01	-2.600491174987393794e-01
3.121780445111278279e+00	3.765544866220666531e+00	3.168714400000000042e-01	-6.424699949571360813e-02
3.122780695173793752e+00	3.770573805332215755e+00	1.355647199999999997e-01	1.968224911749873740e-01
3.123780945236309226e+00	3.776360296160361063e+00	-1.336580000000000407e-02	2.620898638426626404e-01
3.124781195298825143e+00	3.782827624825044754e+00	-1.299201200000000000e-01	4.252582955118507924e-01
3.125781445361340616e+00	3.788622802486631080e+00	-2.723753999999999897e-01	5.557930408472013806e-01
3.126781695423856089e+00	3.793298506319438879e+00	-4.213059199999999449e-01	6.863277861825517467e-01
3.127781945486372006e+00	3.798740498164624668e+00	-5.378602399999999895e-01	7.515951588502269853e-01
3.128782195548887479e+00	3.806036717996595264e+00	-5.637612000000000734e-01	8.168625315179022239e-01
3.129782445611403396e+00	3.812752782476871438e+00	-6.026126399999999217e-01	9.147635905194151373e-01
3.130782695673918870e+00	3.817826507163927019e+00	-6.026126399999999217e-01	1.012664649520927940e+00
3.131782945736434343e+00	3.823105809659157028e+00	-7.191669600000000218e-01	1.012664649520927940e+00
3.132783195798950260e+00	3.828857724058091883e+00	-8.357212800000000108e-01	1.045298335854765615e+00
3.133783445861465733e+00	3.834792682389544183e+00	-7.450679199999999947e-01	1.110565708522440964e+00
3.134783695923981206e+00	3.841207019951728086e+00	-8.033450799999999337e-01	1.077932022188603289e+00
3.135783945986497123e+00	3.846317516110636436e+00	-7.450679199999999947e-01	1.077932022188603289e+00
3.136784196049012596e+00	3.848079124981444554e+00	-8.162955600000000311e-01	1.110565708522440964e+00
3.137784446111528069e+00	3.847444473180951174e+00	-7.515431599999999879e-01	1.175833081190116092e+00
3.138784696174043987e+00	3.846351235561452864e+00	-7.256422000000000150e-01	1.077932022188603289e+00
3.139784946236559460e+00	3.845048650205499907e+00	-7.126917200000000285e-01	1.045298335854765615e+00
3.140785196299074933e+00	3.843155623612725780e+00	-6.026126399999999217e-01	9.800309631870904870e-01
3.141785446361590850e+00	3.841569522390495539e+00	-4.148306800000000072e-01	9.147635905194151373e-01
3.142785696424106323e+00	3.841475588118587137e+00	-5.443354799999999827e-01	7.515951588502269853e-01
3.143785946486621796e+00	3.841422160219614135e+00	-3.241773200000000466e-01	6.536940998487140719e-01
3.144786196549137713e+00	3.838860659864615332e+00	-3.695039999999999436e-01	6.210604135148766192e-01
3.145786446611653187e+00	3.834076485041724602e+00	-1.946725200000000155e-01	4.905256681795260310e-01
3.146786696674168660e+00	3.828630535696879722e+00	-2.631628000000000439e-02	3.599909228441755538e-01
3.147786946736684577e+00	3.823098439908523716e+00	1.031885200000000058e-01	2.294561775088249655e-01
3.148787196799200050e+00	3.817354220268963427e+00	2.909704799999999758e-01	6.628774583963688294e-02
3.149787446861715967e+00	3.810167776609008961e+00	4.204752800000000068e-01	-1.295143721633888190e-01
3.150787696924231440e+00	3.800734073428884585e+00	6.535839199999999849e-01	-2.274154311649017046e-01
3.151787946986746913e+00	3.790839951086065085e+00	9.320192400000000266e-01	-5.211186081694403338e-01
3.152788197049262831e+00	3.782932533697291877e+00	1.152177400000000018e+00	-7.169207261724660496e-01
3.153788447111778304e+00	3.776720789015477475e+00	1.281682200000000105e+00	-9.779902168431670040e-01
3.154788697174293777e+00	3.770035983858118556e+00	1.430612719999999838e+00	-1.108524962178517592e+00
3.155788947236809694e+00	3.762837471350277241e+00	1.812651879999999993e+00	-1.467495511850731349e+00
3.156789197299325167e+00	3.757326972171522783e+00	1.961582399999999726e+00	-1.598030257186082048e+00
3.157789447361840640e+00	3.754039399818571709e+00	2.091087200000000035e+00	-1.630663943519919501e+00
3.158789697424356557e+00	3.751133073125092920e+00	2.091087200000000035e+00	-1.826466061522945328e+00
3.159789947486872030e+00	3.747948224275320595e+00	2.071661479999999944e+00	-1.891733434190620455e+00
3.160790197549387504e+00	3.745806020718847940e+00	2.078136719999999826e+00	-1.728565002521432525e+00
3.161790447611903421e+00	3.744784734134074089e+00	2.104037679999999799e+00	-1.891733434190620455e+00
3.162790697674418894e+00	3.743817173568986689e+00	2.084611959999999709e+00	-1.793832375189107875e+00
3.163790947736934367e+00	3.743093476768961647e+00	2.123463399999999890e+00	-1.924367120524458352e+00
3.164791197799450284e+00	3.742677489417256975e+00	2.052235759999999853e+00	-1.761198688855269978e+00
3.165791447861965757e+00	3.742186468793089027e+00	1.845028079999999848e+00	-1.565396570852244151e+00
3.166791697924481674e+00	3.743140887178797449e+00	1.715523279999999984e+00	-1.500129198184569024e+00
3.167791947986997148e+00	3.746810707723827516e+00	1.352909840000000141e+00	-1.075891275844679917e+00
3.168792198049512621e+00	3.751536449919723015e+00	1.035623080000000140e+00	-8.474554715078166378e-01
3.169792448112028538e+00	3.755935565599679116e+00	7.507125199999999943e-01	-4.884849218356027145e-01
3.170792698174544011e+00	3.760917266663265757e+00	3.945743200000000339e-01	-3.253164901664145625e-01
3.171792948237059484e+00	3.766816035522912554e+00	2.780200000000000449e-01	-3.161331316187596802e-02
3.172793198299575401e+00	3.772345147579257318e+00	1.355647199999999997e-01	2.294561775088249655e-01
3.173793448362090874e+00	3.776880256524530743e+00	-1.984104000000000423e-02	2.947235501765002597e-01
3.174793698424606347e+00	3.781378010046247073e+00	-1.493458400000000075e-01	4.578919818456884672e-01
3.175793948487122265e+00	3.786740937288979758e+00	-2.918011200000000249e-01	5.231593545133637058e-01
3.176794198549637738e+00	3.792697653876354824e+00	-4.213059199999999449e-01	6.536940998487140719e-01
3.177794448612153211e+00	3.798639108398057296e+00	-5.313849999999999962e-01	7.515951588502269853e-01
3.178794698674669128e+00	3.804400603994940955e+00	-5.637612000000000734e-01	8.168625315179022239e-01
3.179794948737184601e+00	3.810224853694711200e+00	-5.961373999999999285e-01	8.494962178517398987e-01
3.180795198799700074e+00	3.816535067598752828e+00	-6.220383600000000124e-01	1.012664649520927940e+00
3.181795448862215991e+00	3.823320374381021569e+00	-6.997412400000000421e-01	1.077932022188603289e+00
3.182795698924731465e+00	3.829878921152085613e+00	-8.292460400000000176e-01	1.012664649520927940e+00
3.183795948987246938e+00	3.835196867410645361e+00	-7.580183999999999811e-01	1.110565708522440964e+00
3.184796199049762855e+00	3.838880343242550452e+00	-8.098203199999999269e-01	1.077932022188603289e+00
3.185796449112278328e+00	3.842005130402422530e+00	-7.515431599999999879e-01	1.110565708522440964e+00
3.186796699174794245e+00	3.845127234974992536e+00	-8.098203199999999269e-01	1.012664649520927940e+00
3.187796949237309718e+00	3.846987584083167988e+00	-7.644936400000000853e-01	1.143199394856278639e+00
3.188797199299825191e+00	3.847153077422328593e+00	-7.191669600000000218e-01	1.012664649520927940e+00
3.189797449362341109e+00	3.846247882491323988e+00	-7.126917200000000285e-01	1.012664649520927940e+00
3.190797699424856582e+00	3.844641884173399582e+00	-6.090878800000000259e-01	9.473972768532528121e-01
3.191797949487372055e+00	3.843194572072033299e+00	-4.277811600000000491e-01	8.494962178517398987e-01
3.192798199549887972e+00	3.841792448052110842e+00	-5.508107199999999759e-01	8.168625315179022239e-01
3.193798449612403445e+00	3.838836184143262997e+00	-3.371277999999999775e-01	6.863277861825517467e-01
3.194798699674918918e+00	3.834636884272931034e+00	-3.630287599999999504e-01	6.536940998487140719e-01
3.195798949737434835e+00	3.831240183220894657e+00	-1.881972800000000223e-01	4.905256681795260310e-01
3.196799199799950308e+00	3.828565666417358848e+00	-2.631628000000000439e-02	3.926246091780131731e-01
3.197799449862465782e+00	3.824302407452716324e+00	9.671327999999999869e-02	1.968224911749873740e-01
3.198799699924981699e+00	3.816949078958553176e+00	2.780200000000000449e-01	1.641888048411497825e-01
3.199799949987497172e+00	3.807452984024425557e+00	4.075248000000000759e-01	-1.295143721633888190e-01
3.200800200050012645e+00	3.798211657991646284e+00	6.535839199999999849e-01	-2.600491174987393794e-01
3.201800450112528562e+00	3.790033985881845258e+00	9.125935200000000469e-01	-5.537522945032778976e-01
3.202800700175044035e+00	3.781745059033734702e+00	1.139226920000000032e+00	-7.169207261724660496e-01
3.203800950237559508e+00	3.773398752237073328e+00	1.255781239999999910e+00	-9.779902168431670040e-01
3.204801200300075426e+00	3.766301560398783277e+00	1.424137479999999734e+00	-1.108524962178517592e+00
3.205801450362590899e+00	3.760994060618430446e+00	1.793226159999999902e+00	-1.402228139183055999e+00
3.206801700425106816e+00	3.757503035554735416e+00	1.935681439999999975e+00	-1.663297629853757176e+00
3.207801950487622289e+00	3.755040214110137775e+00	2.084611959999999709e+00	-1.695931316187594851e+00
3.208802200550137762e+00	3.752138405425410106e+00	2.071661479999999944e+00	-1.793832375189107875e+00
3.209802450612653679e+00	3.748804881836987679e+00	2.084611959999999709e+00	-1.859099747856782781e+00
3.210802700675169152e+00	3.746288806972685403e+00	2.078136719999999826e+00	-1.728565002521432525e+00
3.211802950737684625e+00	3.744498462481590462e+00	2.091087200000000035e+00	-1.859099747856782781e+00
3.212803200800200543e+00	3.742424190035254394e+00	2.084611959999999709e+00	-1.761198688855269978e+00
3.213803450862716016e+00	3.740609027402717501e+00	2.116988160000000008e+00	-1.793832375189107875e+00
3.214803700925231489e+00	3.740516339207372809e+00	2.058711000000000180e+00	-1.826466061522945328e+00
3.215803950987747406e+00	3.742325038905380374e+00	1.845028079999999848e+00	-1.565396570852244151e+00
3.216804201050262879e+00	3.744955440523784151e+00	1.696097560000000115e+00	-1.434861825516893896e+00
3.217804451112778352e+00	3.747627380986454870e+00	1.346434599999999815e+00	-1.010623903177004790e+00
3.218804701175294269e+00	3.750337478928518209e+00	1.048573559999999905e+00	-8.474554715078166378e-01
3.219804951237809743e+00	3.753406022201235093e+00	7.507125199999999943e-01	-4.558512355017650397e-01
3.220805201300325216e+00	3.757932984966812384e+00	3.880990800000000407e-01	-3.253164901664145625e-01
3.221805451362841133e+00	3.764449514053548995e+00	3.039209600000000178e-01	-3.161331316187596802e-02
3.222805701425356606e+00	3.770540923002437150e+00	1.226142399999999993e-01	1.315551185073121632e-01
3.223805951487872523e+00	3.774372753852149209e+00	6.059919999999996421e-03	3.273572365103378790e-01
3.224806201550387996e+00	3.778460530606222445e+00	-1.687715600000000149e-01	4.578919818456884672e-01
3.225806451612903469e+00	3.784916299905621617e+00	-2.853258800000000317e-01	5.231593545133637058e-01
3.226806701675419387e+00	3.791934224776442264e+00	-4.342563999999999869e-01	7.189614725163894215e-01
3.227806951737934860e+00	3.797876393062793454e+00	-5.249097599999998920e-01	7.842288451840646601e-01
3.228807201800450333e+00	3.803535103735742329e+00	-5.702364399999999556e-01	8.821299041855775735e-01
3.229807451862966250e+00	3.809934939650693408e+00	-6.090878800000000259e-01	9.147635905194151373e-01
3.230807701925481723e+00	3.816637010244771755e+00	-6.155631200000000192e-01	1.012664649520927940e+00
3.231807951987997196e+00	3.822477152260914668e+00	-7.126917200000000285e-01	1.045298335854765615e+00
3.232808202050513113e+00	3.827623699245567224e+00	-8.421965199999998930e-01	1.045298335854765615e+00
3.233808452113028586e+00	3.833018915306475982e+00	-7.515431599999999879e-01	1.077932022188603289e+00
3.234808702175544060e+00	3.838091689727852085e+00	-8.162955600000000311e-01	1.143199394856278639e+00
3.235808952238059977e+00	3.841698022839757698e+00	-7.709688800000000786e-01	1.110565708522440964e+00
3.236809202300575450e+00	3.843750823670999850e+00	-8.162955600000000311e-01	1.077932022188603289e+00
3.237809452363090923e+00	3.844317338124364714e+00	-7.644936400000000853e-01	1.143199394856278639e+00
3.238809702425606840e+00	3.843654867312930712e+00	-7.321174399999998972e-01	1.110565708522440964e+00
3.239809952488122313e+00	3.843340290919798008e+00	-7.191669600000000218e-01	9.800309631870904870e-01
3.240810202550637786e+00	3.844425959527288938e+00	-6.090878800000000259e-01	9.473972768532528121e-01
3.241810452613153704e+00	3.844910548002853368e+00	-4.277811600000000491e-01	8.821299041855775735e-01
3.242810702675669177e+00	3.842404428888818835e+00	-5.378602399999999895e-01	8.168625315179022239e-01
3.243810952738185094e+00	3.838138763568829326e+00	-3.306525599999999843e-01	7.189614725163894215e-01
3.244811202800700567e+00	3.834526345618274323e+00	-3.889297199999999788e-01	6.210604135148766192e-01
3.245811452863216040e+00	3.831199664447068276e+00	-1.946725200000000155e-01	4.578919818456884672e-01
3.246811702925731957e+00	3.826944206648852820e+00	-3.279152000000000455e-02	3.926246091780131731e-01
3.247811952988247430e+00	3.821897518950627681e+00	1.031885200000000058e-01	2.294561775088249655e-01
3.248812203050762903e+00	3.815915755635935991e+00	2.844952399999999826e-01	1.641888048411497825e-01
3.249812453113278821e+00	3.808541146932862276e+00	4.204752800000000068e-01	-3.161331316187596802e-02
3.250812703175794294e+00	3.800178569686770036e+00	6.406334400000001095e-01	-2.926828038325769432e-01
3.251812953238309767e+00	3.790928029512533382e+00	9.190687600000001511e-01	-4.232175491679274204e-01
3.252813203300825684e+00	3.781013177344051179e+00	1.145702159999999914e+00	-6.842870398386284858e-01
3.253813453363341157e+00	3.772800815553591924e+00	1.255781239999999910e+00	-9.453565305093293292e-01
3.254813703425856630e+00	3.767889583411892396e+00	1.430612719999999838e+00	-1.141158648512355045e+00
3.255813953488372547e+00	3.763687637088630300e+00	1.806176639999999889e+00	-1.500129198184569024e+00
3.256814203550888021e+00	3.757906688894331548e+00	1.903305239999999898e+00	-1.532762884518406477e+00
3.257814453613403494e+00	3.752858378850343790e+00	2.078136719999999826e+00	-1.695931316187594851e+00
3.258814703675919411e+00	3.750637528664331644e+00	2.058711000000000180e+00	-1.728565002521432525e+00
3.259814953738434884e+00	3.749166051767108154e+00	2.078136719999999826e+00	-1.826466061522945328e+00
3.260815203800950801e+00	3.746526859900861428e+00	2.065186240000000062e+00	-1.761198688855269978e+00
3.261815453863466274e+00	3.743676922730795553e+00	2.084611959999999709e+00	-1.826466061522945328e+00
3.262815703925981747e+00	3.741660393797403561e+00	2.071661479999999944e+00	-1.728565002521432525e+00
3.263815953988497665e+00	3.740995318828012284e+00	2.097562439999999917e+00	-1.924367120524458352e+00
3.264816204051013138e+00	3.742351997416692555e+00	2.039285280000000089e+00	-1.793832375189107875e+00
3.265816454113528611e+00	3.745010607253756341e+00	1.825602359999999980e+00	-1.532762884518406477e+00
3.266816704176044528e+00	3.747250618953765766e+00	1.696097560000000115e+00	-1.434861825516893896e+00
3.267816954238560001e+00	3.748691143498178668e+00	1.333484120000000051e+00	-1.010623903177004790e+00
3.268817204301075474e+00	3.750621503306839077e+00	1.016197360000000049e+00	-7.821880988401412882e-01
3.269817454363591391e+00	3.754374143940959918e+00	7.571877599999999875e-01	-4.232175491679274204e-01
3.270817704426106864e+00	3.759788148275998498e+00	3.751485999999999432e-01	-2.926828038325769432e-01
3.271817954488622338e+00	3.765940575402179746e+00	2.780200000000000449e-01	-3.161331316187596802e-02
3.272818204551138255e+00	3.772507605646915341e+00	1.420399599999999929e-01	1.968224911749873740e-01
3.273818454613653728e+00	3.778676306328430101e+00	-2.631628000000000439e-02	3.273572365103378790e-01
3.274818704676169201e+00	3.783205090887307609e+00	-1.493458400000000075e-01	4.905256681795260310e-01
3.275818954738685118e+00	3.786876363744755114e+00	-2.918011200000000249e-01	5.557930408472013806e-01
3.276819204801200591e+00	3.791608975920774505e+00	-4.213059199999999449e-01	7.189614725163894215e-01
3.277819454863716064e+00	3.797703210719242328e+00	-5.508107199999999759e-01	7.515951588502269853e-01
3.278819704926231982e+00	3.804087458308140768e+00	-5.702364399999999556e-01	8.494962178517398987e-01
3.279819954988747455e+00	3.809850325302736707e+00	-6.090878800000000259e-01	7.842288451840646601e-01
3.280820205051263372e+00	3.815320842525786293e+00	-6.285136000000000056e-01	9.800309631870904870e-01
3.281820455113778845e+00	3.821485309832464594e+00	-7.321174399999998972e-01	9.800309631870904870e-01
3.282820705176294318e+00	3.828277507548116354e+00	-8.357212800000000108e-01	1.045298335854765615e+00
3.283820955238810235e+00	3.834872807075783818e+00	-7.515431599999999879e-01	1.110565708522440964e+00
3.284821205301325708e+00	3.840503140210760780e+00	-8.098203199999999269e-01	1.045298335854765615e+00
3.285821455363841181e+00	3.844111846100405128e+00	-7.644936400000000853e-01	1.143199394856278639e+00
3.286821705426357099e+00	3.845355421068392232e+00	-8.098203199999999269e-01	1.143199394856278639e+00
3.287821955488872572e+00	3.845543970818435131e+00	-7.644936400000000853e-01	1.110565708522440964e+00
3.288822205551388045e+00	3.845833874753455728e+00	-7.321174399999998972e-01	9.473972768532528121e-01
3.289822455613903962e+00	3.846112002942777330e+00	-7.126917200000000285e-01	1.045298335854765615e+00
3.290822705676419435e+00	3.845638070654275431e+00	-6.155631200000000192e-01	9.800309631870904870e-01
3.291822955738934908e+00	3.843780751768306470e+00	-4.407316399999999801e-01	9.147635905194151373e-01
3.292823205801450825e+00	3.841316308985072148e+00	-5.508107199999999759e-01	8.168625315179022239e-01
3.293823455863966299e+00	3.839636762663518610e+00	-3.241773200000000466e-01	7.189614725163894215e-01
3.294823705926481772e+00	3.838170243054027431e+00	-3.824544800000000411e-01	6.210604135148766192e-01
3.295823955988997689e+00	3.835050442131654691e+00	-2.011477600000000088e-01	4.905256681795260310e-01
3.296824206051513162e+00	3.829586893974442408e+00	-2.631628000000000439e-02	4.252582955118507924e-01
3.297824456114028635e+00	3.822385516644519310e+00	9.671327999999999869e-02	2.294561775088249655e-01
3.298824706176544552e+00	3.813979198273917071e+00	2.650695199999999474e-01	1.315551185073121632e-01
3.299824956239060025e+00	3.805107804804405358e+00	4.075248000000000759e-01	-6.424699949571360813e-02
3.300825206301575943e+00	3.797446250515111643e+00	6.535839199999999849e-01	-2.600491174987393794e-01
3.301825456364091416e+00	3.790967554272501427e+00	9.125935200000000469e-01	-4.558512355017650397e-01
3.302825706426606889e+00	3.783452896568488821e+00	1.145702159999999914e+00	-6.516533535047908110e-01
3.303825956489122806e+00	3.775160653692369639e+00	1.249306000000000250e+00	-8.800891578416540906e-01
3.304826206551638279e+00	3.768528918684972417e+00	1.404711760000000087e+00	-1.075891275844679917e+00
3.305826456614153752e+00	3.763707125803790188e+00	1.780275679999999916e+00	-1.402228139183055999e+00
3.306826706676669669e+00	3.759158156900242798e+00	1.916255719999999885e+00	-1.565396570852244151e+00
3.307826956739185142e+00	3.754563385569956946e+00	2.065186240000000062e+00	-1.728565002521432525e+00
3.308827206801700616e+00	3.750852939654486740e+00	2.052235759999999853e+00	-1.793832375189107875e+00
3.309827456864216533e+00	3.748116432462841985e+00	2.065186240000000062e+00	-1.859099747856782781e+00
3.310827706926732006e+00	3.745655636813766343e+00	2.058711000000000180e+00	-1.761198688855269978e+00
3.311827956989247479e+00	3.744087854687430106e+00	2.065186240000000062e+00	-1.859099747856782781e+00
3.312828207051763396e+00	3.744163255040210636e+00	2.065186240000000062e+00	-1.793832375189107875e+00
3.313828457114278869e+00	3.744597478971693594e+00	2.097562439999999917e+00	-1.859099747856782781e+00
3.314828707176794342e+00	3.744096806214474160e+00	2.013384319999999672e+00	-1.761198688855269978e+00
3.315828957239310260e+00	3.743895600181783578e+00	1.845028079999999848e+00	-1.500129198184569024e+00
3.316829207301825733e+00	3.745987880942450943e+00	1.702572799999999775e+00	-1.434861825516893896e+00
3.317829457364341650e+00	3.750106314926593853e+00	1.339959359999999933e+00	-1.043257589510842243e+00
3.318829707426857123e+00	3.753944056287338515e+00	9.967716399999999588e-01	-8.148217851739789630e-01
3.319829957489372596e+00	3.756198032171015111e+00	7.312868000000000146e-01	-4.232175491679274204e-01
3.320830207551888513e+00	3.758679032431585298e+00	3.686733600000000055e-01	-2.600491174987393794e-01
3.321830457614403986e+00	3.763618339751874320e+00	2.715447599999999961e-01	-1.295143721633888190e-01
3.322830707676919459e+00	3.769985259723803495e+00	1.161389999999999922e-01	1.968224911749873740e-01
3.323830957739435377e+00	3.775731434262545871e+00	-2.631628000000000439e-02	3.273572365103378790e-01
3.324831207801950850e+00	3.781048462813251021e+00	-1.687715600000000149e-01	5.231593545133637058e-01
3.325831457864466323e+00	3.786795301473485864e+00	-2.982763600000000181e-01	5.557930408472013806e-01
3.326831707926982240e+00	3.792853047980439651e+00	-4.472068799999999733e-01	7.189614725163894215e-01
3.327831957989497713e+00	3.798625390123134604e+00	-5.443354799999999827e-01	7.515951588502269853e-01
3.328832208052013186e+00	3.803797786603424047e+00	-5.896621600000000463e-01	8.494962178517398987e-01
3.329832458114529103e+00	3.809416443729868984e+00	-6.026126399999999217e-01	8.821299041855775735e-01
3.330832708177044577e+00	3.816651156124290623e+00	-6.285136000000000056e-01	9.800309631870904870e-01
3.331832958239560050e+00	3.824002775295649581e+00	-7.191669600000000218e-01	1.077932022188603289e+00
3.332833208302075967e+00	3.829785207390380197e+00	-8.486717599999999972e-01	1.077932022188603289e+00
3.333833458364591440e+00	3.835256293607203215e+00	-7.580183999999999811e-01	1.143199394856278639e+00
3.334833708427106913e+00	3.840999248146983458e+00	-8.162955600000000311e-01	1.077932022188603289e+00
3.335833958489622830e+00	3.845147949457797587e+00	-7.644936400000000853e-01	1.143199394856278639e+00
3.336834208552138303e+00	3.846725561617884814e+00	-8.227708000000000244e-01	1.077932022188603289e+00
3.337834458614654221e+00	3.846471063011496216e+00	-7.644936400000000853e-01	1.143199394856278639e+00
3.338834708677169694e+00	3.845480477818982390e+00	-7.385926799999998904e-01	1.045298335854765615e+00
3.339834958739685167e+00	3.844531479006238150e+00	-7.191669600000000218e-01	1.045298335854765615e+00
3.340835208802201084e+00	3.843879245422014534e+00	-6.090878800000000259e-01	9.473972768532528121e-01
3.341835458864716557e+00	3.843136893465906478e+00	-4.407316399999999801e-01	8.494962178517398987e-01
3.342835708927232030e+00	3.841350036724805239e+00	-5.508107199999999759e-01	8.168625315179022239e-01
3.343835958989747947e+00	3.838389592975497422e+00	-3.306525599999999843e-01	6.536940998487140719e-01
3.344836209052263420e+00	3.835544924698536029e+00	-3.759792400000000478e-01	6.536940998487140719e-01
3.345836459114778894e+00	3.833141053403742671e+00	-2.011477600000000088e-01	4.578919818456884672e-01
3.346836709177294811e+00	3.829414323200125647e+00	-3.279152000000000455e-02	4.252582955118507924e-01
3.347836959239810284e+00	3.823380042681832069e+00	9.023803999999999159e-02	2.294561775088249655e-01
3.348837209302325757e+00	3.815967230415566736e+00	2.780200000000000449e-01	6.628774583963688294e-02
3.349837459364841674e+00	3.807740880747403356e+00	4.140000400000000136e-01	-6.424699949571360813e-02
3.350837709427357147e+00	3.799072315317450599e+00	6.276829600000000120e-01	-2.274154311649017046e-01
3.351837959489872620e+00	3.790901681174607241e+00	8.996430400000000605e-01	-3.905838628340898566e-01
3.352838209552388538e+00	3.783417451630984640e+00	1.119801199999999941e+00	-7.495544125063037244e-01
3.353838459614904011e+00	3.776268238056222248e+00	1.229880280000000159e+00	-8.148217851739789630e-01
3.354838709677419928e+00	3.769624589797265113e+00	1.398236519999999983e+00	-1.043257589510842243e+00
3.355838959739935401e+00	3.763818336157523259e+00	1.767325200000000152e+00	-1.434861825516893896e+00
3.356839209802450874e+00	3.758474063173078861e+00	1.903305239999999898e+00	-1.598030257186082048e+00
3.357839459864966791e+00	3.753624894513574173e+00	2.052235759999999853e+00	-1.695931316187594851e+00
3.358839709927482264e+00	3.750516409185697064e+00	2.032810039999999763e+00	-1.826466061522945328e+00
3.359839959989997737e+00	3.748618035868189757e+00	2.058711000000000180e+00	-1.793832375189107875e+00
3.360840210052513655e+00	3.745849847064058213e+00	2.039285280000000089e+00	-1.793832375189107875e+00
3.361840460115029128e+00	3.742853080741597172e+00	2.065186240000000062e+00	-1.826466061522945328e+00
3.362840710177544601e+00	3.741661813147511229e+00	2.052235759999999853e+00	-1.728565002521432525e+00
3.363840960240060518e+00	3.742304609512775215e+00	2.084611959999999709e+00	-1.859099747856782781e+00
3.364841210302575991e+00	3.743856849582721136e+00	2.006909079999999790e+00	-1.826466061522945328e+00
3.365841460365091464e+00	3.745505904003207043e+00	1.819127120000000097e+00	-1.532762884518406477e+00
3.366841710427607381e+00	3.746583640906190560e+00	1.676671840000000024e+00	-1.369594452849218325e+00
3.367841960490122855e+00	3.747755494036191681e+00	1.320533639999999842e+00	-1.010623903177004790e+00
3.368842210552638328e+00	3.750609453136652505e+00	9.902964000000000766e-01	-7.821880988401412882e-01
3.369842460615154245e+00	3.755310966814079610e+00	7.053858400000000417e-01	-3.905838628340898566e-01
3.370842710677669718e+00	3.760527427344688256e+00	3.492476399999999703e-01	-2.274154311649017046e-01
3.371842960740185191e+00	3.765437064774796561e+00	2.715447599999999961e-01	-6.424699949571360813e-02
3.372843210802701108e+00	3.770593047694575706e+00	1.031885200000000058e-01	1.315551185073121632e-01
3.373843460865216581e+00	3.776578770070258440e+00	-3.279152000000000455e-02	3.273572365103378790e-01
3.374843710927732499e+00	3.782244183514472891e+00	-1.752468000000000081e-01	4.905256681795260310e-01
3.375843960990247972e+00	3.786583405043249417e+00	-2.982763600000000181e-01	5.884267271810389444e-01
3.376844211052763445e+00	3.790925423811421169e+00	-4.407316399999999801e-01	7.189614725163894215e-01
3.377844461115279362e+00	3.796540366607232375e+00	-5.508107199999999759e-01	7.842288451840646601e-01
3.378844711177794835e+00	3.803295190328003450e+00	-5.702364399999999556e-01	8.494962178517398987e-01
3.379844961240310308e+00	3.810429505237344028e+00	-6.220383600000000124e-01	8.821299041855775735e-01
3.380845211302826225e+00	3.816576225366610675e+00	-6.414640799999999921e-01	9.800309631870904870e-01
3.381845461365341698e+00	3.821682140626436297e+00	-7.321174399999998972e-01	1.045298335854765615e+00
3.382845711427857172e+00	3.827391966492395436e+00	-8.292460400000000176e-01	1.012664649520927940e+00
3.383845961490373089e+00	3.833948997807212322e+00	-7.580183999999999811e-01	1.143199394856278639e+00
3.384846211552888562e+00	3.839542871125042112e+00	-8.357212800000000108e-01	1.110565708522440964e+00
3.385846461615404035e+00	3.842767027478906083e+00	-7.774441199999999608e-01	1.143199394856278639e+00
3.386846711677919952e+00	3.844475377769599689e+00	-8.292460400000000176e-01	1.077932022188603289e+00
3.387846961740435425e+00	3.846173137517305829e+00	-7.709688800000000786e-01	1.110565708522440964e+00
3.388847211802950898e+00	3.847056271052713416e+00	-7.450679199999999947e-01	1.012664649520927940e+00
3.389847461865466816e+00	3.845354532230794931e+00	-7.321174399999998972e-01	8.821299041855775735e-01
3.390847711927982289e+00	3.842529157877003332e+00	-6.155631200000000192e-01	9.800309631870904870e-01
3.391847961990497762e+00	3.841841921332240339e+00	-4.277811600000000491e-01	9.800309631870904870e-01
3.392848212053013679e+00	3.842020280752050265e+00	-5.508107199999999759e-01	7.842288451840646601e-01
3.393848462115529152e+00	3.839481884543850310e+00	-3.436030400000000262e-01	7.189614725163894215e-01
3.394848712178045069e+00	3.835382614369690746e+00	-3.889297199999999788e-01	5.884267271810389444e-01
3.395848962240560542e+00	3.832064053276644788e+00	-2.076230000000000020e-01	5.557930408472013806e-01
3.396849212303076015e+00	3.828045230286214906e+00	-4.574200000000000488e-02	4.252582955118507924e-01
3.397849462365591933e+00	3.822058908437111935e+00	9.671327999999999869e-02	3.273572365103378790e-01
3.398849712428107406e+00	3.815144188499303368e+00	2.585942800000000097e-01	9.892143217347457163e-02
3.399849962490622879e+00	3.807544776614251170e+00	4.010495599999999716e-01	-6.424699949571360813e-02
3.400850212553138796e+00	3.798688816289980785e+00	6.212077200000000188e-01	-2.600491174987393794e-01
3.401850462615654269e+00	3.789217663068888520e+00	8.866925599999999630e-01	-4.558512355017650397e-01
3.402850712678169742e+00	3.780686999702977946e+00	1.119801199999999941e+00	-7.495544125063037244e-01
3.403850962740685659e+00	3.774023119375634394e+00	1.223405040000000055e+00	-9.453565305093293292e-01
3.404851212803201133e+00	3.768827336365510927e+00	1.385286039999999996e+00	-1.108524962178517592e+00
3.405851462865716606e+00	3.763918668609111506e+00	1.773800439999999812e+00	-1.369594452849218325e+00
3.406851712928232523e+00	3.758460836822782980e+00	1.890354760000000134e+00	-1.565396570852244151e+00
3.407851962990747996e+00	3.752758952195022868e+00	2.039285280000000089e+00	-1.630663943519919501e+00
3.408852213053263469e+00	3.748047598999745045e+00	2.026334799999999881e+00	-1.695931316187594851e+00
3.409852463115779386e+00	3.745349803029204505e+00	2.026334799999999881e+00	-1.826466061522945328e+00
3.410852713178294859e+00	3.743948825932660540e+00	2.039285280000000089e+00	-1.728565002521432525e+00
3.411852963240810777e+00	3.742419534347307231e+00	2.039285280000000089e+00	-1.793832375189107875e+00
3.412853213303326250e+00	3.741318707814058175e+00	2.045760519999999971e+00	-1.761198688855269978e+00
3.413853463365841723e+00	3.741483277278537134e+00	2.065186240000000062e+00	-1.826466061522945328e+00
3.414853713428357640e+00	3.741962014705743300e+00	2.013384319999999672e+00	-1.728565002521432525e+00
3.415853963490873113e+00	3.742503889504226855e+00	1.799701400000000007e+00	-1.467495511850731349e+00
3.416854213553388586e+00	3.744077713193715962e+00	1.676671840000000024e+00	-1.434861825516893896e+00
3.417854463615904503e+00	3.746516382947427282e+00	1.288157439999999765e+00	-9.779902168431670040e-01
3.418854713678419976e+00	3.749140034831337065e+00	1.003246880000000063e+00	-8.474554715078166378e-01
3.419854963740935450e+00	3.752365960967725123e+00	7.312868000000000146e-01	-4.558512355017650397e-01
3.420855213803451367e+00	3.756795467151397450e+00	3.298219200000001017e-01	-2.600491174987393794e-01
3.421855463865966840e+00	3.762600969765067305e+00	2.585942800000000097e-01	3.365405950579927752e-02
3.422855713928482313e+00	3.769363564263537469e+00	9.671327999999999869e-02	1.641888048411497825e-01
3.423855963990998230e+00	3.775631460228237479e+00	-3.926676000000000472e-02	2.947235501765002597e-01
3.424856214053513703e+00	3.780807712845944302e+00	-1.752468000000000081e-01	4.578919818456884672e-01
3.425856464116029176e+00	3.785903449376533558e+00	-3.047516000000000114e-01	5.231593545133637058e-01
3.426856714178545094e+00	3.791573821525062726e+00	-4.472068799999999733e-01	6.863277861825517467e-01
3.427856964241060567e+00	3.797385633300196517e+00	-5.637612000000000734e-01	7.842288451840646601e-01
3.428857214303576040e+00	3.802513985574424993e+00	-5.831869200000000530e-01	8.494962178517398987e-01
3.429857464366091957e+00	3.807710571606016003e+00	-6.285136000000000056e-01	9.473972768532528121e-01
3.430857714428607430e+00	3.814760568165352694e+00	-6.414640799999999921e-01	1.012664649520927940e+00
3.431857964491123347e+00	3.822932433413657183e+00	-7.321174399999998972e-01	1.077932022188603289e+00
3.432858214553638820e+00	3.829867204724959340e+00	-8.551469999999999905e-01	1.012664649520927940e+00
3.433858464616154293e+00	3.835020662724311524e+00	-7.644936400000000853e-01	1.110565708522440964e+00
3.434858714678670211e+00	3.839052430378970371e+00	-8.357212800000000108e-01	1.143199394856278639e+00
3.435858964741185684e+00	3.841777588628049411e+00	-7.774441199999999608e-01	1.208466767523953767e+00
3.436859214803701157e+00	3.843270073153720823e+00	-8.357212800000000108e-01	1.077932022188603289e+00
3.437859464866217074e+00	3.844347262266385457e+00	-7.709688800000000786e-01	1.208466767523953767e+00
3.438859714928732547e+00	3.844742274335614329e+00	-7.450679199999999947e-01	1.012664649520927940e+00
3.439859964991248020e+00	3.843917535709253652e+00	-7.321174399999998972e-01	1.045298335854765615e+00
3.440860215053763937e+00	3.842564045057817790e+00	-6.155631200000000192e-01	9.473972768532528121e-01
3.441860465116279411e+00	3.841417155124100091e+00	-4.472068799999999733e-01	8.494962178517398987e-01
3.442860715178794884e+00	3.839943177234913296e+00	-5.637612000000000734e-01	8.494962178517398987e-01
3.443860965241310801e+00	3.837612990305142358e+00	-3.500782800000000750e-01	6.863277861825517467e-01
3.444861215303826274e+00	3.835265016843647956e+00	-3.824544800000000411e-01	6.210604135148766192e-01
3.445861465366341747e+00	3.832829564328722238e+00	-2.140982399999999952e-01	5.557930408472013806e-01
3.446861715428857664e+00	3.828318852669995831e+00	-2.631628000000000439e-02	3.926246091780131731e-01
3.447861965491373137e+00	3.821007447223092157e+00	8.376279999999999837e-02	2.620898638426626404e-01
3.448862215553889055e+00	3.812783696292794566e+00	2.585942800000000097e-01	1.315551185073121632e-01
3.449862465616404528e+00	3.805560833977459367e+00	3.945743200000000339e-01	-3.161331316187596802e-02
3.450862715678920001e+00	3.799196460267330266e+00	6.276829600000000120e-01	-2.926828038325769432e-01
3.451862965741435918e+00	3.792136514945217307e+00	8.672668400000000943e-01	-4.558512355017650397e-01
3.452863215803951391e+00	3.783347049764866465e+00	1.106850720000000177e+00	-7.169207261724660496e-01
3.453863465866466864e+00	3.774384703921980222e+00	1.210454560000000068e+00	-8.800891578416540906e-01
3.454863715928982781e+00	3.768250145184355304e+00	1.365860319999999906e+00	-1.075891275844679917e+00
3.455863965991498254e+00	3.764684797463797583e+00	1.767325200000000152e+00	-1.369594452849218325e+00
3.456864216054013728e+00	3.760100289277696017e+00	1.883879520000000030e+00	-1.565396570852244151e+00
3.457864466116529645e+00	3.753655082529649523e+00	2.026334799999999881e+00	-1.630663943519919501e+00
3.458864716179045118e+00	3.748824340609865136e+00	2.013384319999999672e+00	-1.728565002521432525e+00
3.459864966241560591e+00	3.747570446465462890e+00	2.032810039999999763e+00	-1.761198688855269978e+00
3.460865216304076508e+00	3.747685188975473203e+00	2.019859559999999998e+00	-1.695931316187594851e+00
3.461865466366591981e+00	3.746599362852273796e+00	2.052235759999999853e+00	-1.793832375189107875e+00
3.462865716429107454e+00	3.744050806273032439e+00	2.026334799999999881e+00	-1.728565002521432525e+00
3.463865966491623372e+00	3.741783391998191100e+00	2.058711000000000180e+00	-1.924367120524458352e+00
3.464866216554138845e+00	3.741905591225969552e+00	1.987483359999999921e+00	-1.695931316187594851e+00
3.465866466616654318e+00	3.744050571550164186e+00	1.799701400000000007e+00	-1.467495511850731349e+00
3.466866716679170235e+00	3.745865932762736161e+00	1.657246119999999934e+00	-1.402228139183055999e+00
3.467866966741685708e+00	3.746972441110584917e+00	1.320533639999999842e+00	-9.127228441754917654e-01
3.468867216804201625e+00	3.749339761485298350e+00	9.838211600000000834e-01	-7.821880988401412882e-01
3.469867466866717098e+00	3.753937417951930922e+00	7.118610800000001460e-01	-3.905838628340898566e-01
3.470867716929232571e+00	3.759663375667704255e+00	3.557228800000000746e-01	-2.274154311649017046e-01
3.471867966991748489e+00	3.765261501144729905e+00	2.456437999999999955e-01	-3.161331316187596802e-02
3.472868217054263962e+00	3.770356205968878882e+00	9.671327999999999869e-02	1.641888048411497825e-01
3.473868467116779435e+00	3.775660278993328678e+00	-5.221724000000000504e-02	2.947235501765002597e-01
3.474868717179295352e+00	3.782020219256031268e+00	-1.687715600000000149e-01	5.231593545133637058e-01
3.475868967241810825e+00	3.788088137985546666e+00	-3.177020799999999978e-01	5.557930408472013806e-01
3.476869217304326298e+00	3.792506051087771723e+00	-4.601573600000000153e-01	7.189614725163894215e-01
3.477869467366842215e+00	3.796794014329076816e+00	-5.443354799999999827e-01	7.842288451840646601e-01
3.478869717429357689e+00	3.802398945227043914e+00	-5.831869200000000530e-01	8.494962178517398987e-01
3.479869967491873162e+00	3.809075596823714882e+00	-6.090878800000000259e-01	9.800309631870904870e-01
3.480870217554389079e+00	3.816191291546665365e+00	-6.349888400000001099e-01	1.012664649520927940e+00
3.481870467616904552e+00	3.822861099947408192e+00	-7.385926799999998904e-01	1.012664649520927940e+00
3.482870717679420025e+00	3.828925103653291195e+00	-8.486717599999999972e-01	1.045298335854765615e+00
3.483870967741935942e+00	3.834919993733971300e+00	-7.709688800000000786e-01	1.175833081190116092e+00
3.484871217804451415e+00	3.839928891708182856e+00	-8.162955600000000311e-01	1.110565708522440964e+00
3.485871467866966888e+00	3.842452936036340194e+00	-7.709688800000000786e-01	1.175833081190116092e+00
3.486871717929482806e+00	3.843135183399466026e+00	-8.292460400000000176e-01	1.077932022188603289e+00
3.487871967991998279e+00	3.843741268526463362e+00	-7.774441199999999608e-01	1.143199394856278639e+00
3.488872218054514196e+00	3.844675151531933732e+00	-7.321174399999998972e-01	1.045298335854765615e+00
3.489872468117029669e+00	3.845205439880751364e+00	-7.191669600000000218e-01	1.045298335854765615e+00
3.490872718179545142e+00	3.844774382493894915e+00	-6.090878800000000259e-01	9.473972768532528121e-01
3.491872968242061059e+00	3.843495633563603686e+00	-4.407316399999999801e-01	9.147635905194151373e-01
3.492873218304576532e+00	3.841802673159791848e+00	-5.572859600000000802e-01	7.842288451840646601e-01
3.493873468367092006e+00	3.839744968664151603e+00	-3.436030400000000262e-01	7.515951588502269853e-01
3.494873718429607923e+00	3.836952101595957121e+00	-3.954049599999999165e-01	6.210604135148766192e-01
3.495873968492123396e+00	3.833013613472821657e+00	-2.140982399999999952e-01	4.905256681795260310e-01
3.496874218554638869e+00	3.828045824249442397e+00	-3.279152000000000455e-02	4.252582955118507924e-01
3.497874468617154786e+00	3.822789306578706636e+00	9.671327999999999869e-02	3.273572365103378790e-01
3.498874718679670259e+00	3.816916559213154869e+00	2.650695199999999474e-01	1.641888048411497825e-01
3.499874968742185732e+00	3.808903671007459746e+00	3.945743200000000339e-01	1.020373171961676869e-03
3.500875218804701650e+00	3.798926618631948138e+00	6.276829600000000120e-01	-2.600491174987393794e-01
3.501875468867217123e+00	3.789533808296610573e+00	8.802173200000000808e-01	-4.558512355017650397e-01
3.502875718929732596e+00	3.782505947516541234e+00	1.100375480000000072e+00	-6.516533535047908110e-01
3.503875968992248513e+00	3.776621841625185994e+00	1.210454560000000068e+00	-8.800891578416540906e-01
3.504876219054763986e+00	3.770221178590206890e+00	1.365860319999999906e+00	-1.043257589510842243e+00
3.505876469117279903e+00	3.763900943051612380e+00	1.760849959999999825e+00	-1.336960766515380872e+00
3.506876719179795376e+00	3.758315100819482169e+00	1.890354760000000134e+00	-1.565396570852244151e+00
3.507876969242310849e+00	3.753612005009949293e+00	2.026334799999999881e+00	-1.695931316187594851e+00
3.508877219304826767e+00	3.750873594514335441e+00	2.026334799999999881e+00	-1.695931316187594851e+00
3.509877469367342240e+00	3.749449121425718623e+00	2.026334799999999881e+00	-1.826466061522945328e+00
3.510877719429857713e+00	3.747211119165300808e+00	2.039285280000000089e+00	-1.695931316187594851e+00
3.511877969492373630e+00	3.744570300339000735e+00	2.032810039999999763e+00	-1.859099747856782781e+00
3.512878219554889103e+00	3.743173260369851985e+00	2.039285280000000089e+00	-1.728565002521432525e+00
3.513878469617404576e+00	3.742879182389003301e+00	2.065186240000000062e+00	-1.793832375189107875e+00
3.514878719679920493e+00	3.742626803876004882e+00	1.993958600000000025e+00	-1.728565002521432525e+00
3.515878969742435967e+00	3.742850313438045085e+00	1.799701400000000007e+00	-1.500129198184569024e+00
3.516879219804951440e+00	3.744925269055312089e+00	1.657246119999999934e+00	-1.402228139183055999e+00
3.517879469867467357e+00	3.748060066813269753e+00	1.301107919999999973e+00	-9.127228441754917654e-01
3.518879719929982830e+00	3.750917109360326851e+00	9.967716399999999588e-01	-7.821880988401412882e-01
3.519879969992498303e+00	3.754466409857032172e+00	7.053858400000000417e-01	-3.905838628340898566e-01
3.520880220055014220e+00	3.759503506423652386e+00	3.557228800000000746e-01	-2.600491174987393794e-01
3.521880470117529693e+00	3.765181701160779326e+00	2.521190400000000165e-01	3.365405950579927752e-02
3.522880720180045167e+00	3.770574428988024085e+00	1.031885200000000058e-01	1.641888048411497825e-01
3.523880970242561084e+00	3.775610086991930014e+00	-3.926676000000000472e-02	4.252582955118507924e-01
3.524881220305076557e+00	3.780870750385207035e+00	-1.752468000000000081e-01	4.578919818456884672e-01
3.525881470367592474e+00	3.786796379118144706e+00	-3.112268400000000046e-01	5.884267271810389444e-01
3.526881720430107947e+00	3.793330153284474981e+00	-4.472068799999999733e-01	7.515951588502269853e-01
3.527881970492623420e+00	3.799576626955665226e+00	-5.572859600000000802e-01	7.515951588502269853e-01
3.528882220555139337e+00	3.804458288926736653e+00	-5.831869200000000530e-01	8.168625315179022239e-01
3.529882470617654810e+00	3.808726077669248422e+00	-6.285136000000000056e-01	8.821299041855775735e-01
3.530882720680170284e+00	3.814720103169991994e+00	-6.414640799999999921e-01	1.077932022188603289e+00
3.531882970742686201e+00	3.823011957677490802e+00	-7.385926799999998904e-01	1.012664649520927940e+00
3.532883220805201674e+00	3.830674757634420668e+00	-8.421965199999998930e-01	1.045298335854765615e+00
3.533883470867717147e+00	3.835200721937814361e+00	-7.709688800000000786e-01	1.175833081190116092e+00
3.534883720930233064e+00	3.837592999637041036e+00	-8.292460400000000176e-01	1.045298335854765615e+00
3.535883970992748537e+00	3.839781353653328289e+00	-7.774441199999999608e-01	1.143199394856278639e+00
3.536884221055264010e+00	3.842855550397137776e+00	-8.357212800000000108e-01	1.012664649520927940e+00
3.537884471117779928e+00	3.846108347742767997e+00	-7.774441199999999608e-01	1.175833081190116092e+00
3.538884721180295401e+00	3.847016130757305419e+00	-7.385926799999998904e-01	1.045298335854765615e+00
3.539884971242810874e+00	3.845383522984120450e+00	-7.321174399999998972e-01	9.800309631870904870e-01
3.540885221305326791e+00	3.843553471592046744e+00	-6.220383600000000124e-01	8.821299041855775735e-01
3.541885471367842264e+00	3.842569122016694205e+00	-4.342563999999999869e-01	9.147635905194151373e-01
3.542885721430358181e+00	3.841769026766290729e+00	-5.637612000000000734e-01	8.168625315179022239e-01
3.543885971492873654e+00	3.839271466833148239e+00	-3.371277999999999775e-01	6.863277861825517467e-01
3.544886221555389128e+00	3.834193113709464473e+00	-3.824544800000000411e-01	6.210604135148766192e-01
3.545886471617905045e+00	3.829253937136922303e+00	-2.205734800000000162e-01	5.231593545133637058e-01
3.546886721680420518e+00	3.826233578504762978e+00	-3.926676000000000472e-02	3.926246091780131731e-01
3.547886971742935991e+00	3.822402914388745021e+00	9.671327999999999869e-02	1.968224911749873740e-01
3.548887221805451908e+00	3.815494623830060661e+00	2.521190400000000165e-01	1.315551185073121632e-01
3.549887471867967381e+00	3.806618146184434615e+00	4.010495599999999716e-01	-6.424699949571360813e-02
3.550887721930482854e+00	3.797561500657018474e+00	6.341582000000000052e-01	-2.274154311649017046e-01
3.551887971992998771e+00	3.789415307116934972e+00	8.607915999999999901e-01	-4.884849218356027145e-01
3.552888222055514245e+00	3.782082325590776506e+00	1.100375480000000072e+00	-6.842870398386284858e-01
3.553888472118029718e+00	3.774600240947041829e+00	1.203979319999999964e+00	-8.800891578416540906e-01
3.554888722180545635e+00	3.767437184680769491e+00	1.346434599999999815e+00	-1.075891275844679917e+00
3.555888972243061108e+00	3.761931005992361410e+00	1.741424239999999957e+00	-1.402228139183055999e+00
3.556889222305576581e+00	3.757879222174601797e+00	1.864453799999999939e+00	-1.565396570852244151e+00
3.557889472368092498e+00	3.754071541165676429e+00	2.026334799999999881e+00	-1.695931316187594851e+00
3.558889722430607971e+00	3.750418372283968793e+00	2.000433839999999908e+00	-1.663297629853757176e+00
3.559889972493123445e+00	3.747825486120738514e+00	2.019859559999999998e+00	-1.793832375189107875e+00
3.560890222555639362e+00	3.746196554043037086e+00	2.013384319999999672e+00	-1.695931316187594851e+00
3.561890472618154835e+00	3.744652666284588705e+00	2.032810039999999763e+00	-1.793832375189107875e+00
3.562890722680670752e+00	3.743025029894845979e+00	2.013384319999999672e+00	-1.695931316187594851e+00
3.563890972743186225e+00	3.741499555730846804e+00	2.045760519999999971e+00	-1.793832375189107875e+00
3.564891222805701698e+00	3.740348974698952667e+00	1.987483359999999921e+00	-1.728565002521432525e+00
3.565891472868217615e+00	3.741009442282956066e+00	1.812651879999999993e+00	-1.434861825516893896e+00
3.566891722930733089e+00	3.744522432284840274e+00	1.637820399999999843e+00	-1.402228139183055999e+00
3.567891972993248562e+00	3.748775944383781145e+00	1.301107919999999973e+00	-9.453565305093293292e-01
3.568892223055764479e+00	3.751430182010861092e+00	9.579201999999999995e-01	-7.821880988401412882e-01
3.569892473118279952e+00	3.753684726448797360e+00	6.924353600000000553e-01	-4.232175491679274204e-01
3.570892723180795425e+00	3.757664262720792347e+00	3.168714400000000042e-01	-2.600491174987393794e-01
3.571892973243311342e+00	3.763301436030595415e+00	2.391685600000000023e-01	-3.161331316187596802e-02
3.572893223305826815e+00	3.769387842536474409e+00	1.031885200000000058e-01	2.294561775088249655e-01
3.573893473368342288e+00	3.775128029733218593e+00	-3.926676000000000472e-02	2.947235501765002597e-01
3.574893723430858206e+00	3.780629603068799582e+00	-1.817220400000000013e-01	5.557930408472013806e-01
3.575893973493373679e+00	3.786550855221376466e+00	-3.241773200000000466e-01	5.884267271810389444e-01
3.576894223555889152e+00	3.792618201914992326e+00	-4.666325999999999530e-01	7.189614725163894215e-01
3.577894473618405069e+00	3.798186405875509930e+00	-5.508107199999999759e-01	7.842288451840646601e-01
3.578894723680920542e+00	3.803953011880819801e+00	-5.831869200000000530e-01	8.821299041855775735e-01
3.579894973743436015e+00	3.810622084607986348e+00	-6.155631200000000192e-01	8.168625315179022239e-01
3.580895223805951932e+00	3.817627361385100837e+00	-6.414640799999999921e-01	1.012664649520927940e+00
3.581895473868467406e+00	3.823898757713525942e+00	-7.385926799999998904e-01	1.045298335854765615e+00
3.582895723930983323e+00	3.828790883127341615e+00	-8.551469999999999905e-01	9.800309631870904870e-01
3.583895973993498796e+00	3.833002047362085385e+00	-7.644936400000000853e-01	1.143199394856278639e+00
3.584896224056014269e+00	3.837625434165706562e+00	-8.033450799999999337e-01	1.045298335854765615e+00
3.585896474118530186e+00	3.842050335913226533e+00	-7.839193599999999540e-01	1.208466767523953767e+00
3.586896724181045659e+00	3.844544817732225450e+00	-8.357212800000000108e-01	1.143199394856278639e+00
3.587896974243561132e+00	3.844729393917547533e+00	-7.709688800000000786e-01	1.143199394856278639e+00
3.588897224306077050e+00	3.844375291086947311e+00	-7.515431599999999879e-01	1.077932022188603289e+00
3.589897474368592523e+00	3.844697420236584229e+00	-7.321174399999998972e-01	1.077932022188603289e+00
3.590897724431107996e+00	3.844327555401186203e+00	-6.220383600000000124e-01	9.800309631870904870e-01
3.591897974493623913e+00	3.842210204318042166e+00	-4.342563999999999869e-01	8.821299041855775735e-01
3.592898224556139386e+00	3.839765363581809421e+00	-5.637612000000000734e-01	8.168625315179022239e-01
3.593898474618654859e+00	3.837929298623244723e+00	-3.565535200000000127e-01	6.863277861825517467e-01
3.594898724681170776e+00	3.835404743848772835e+00	-3.954049599999999165e-01	7.189614725163894215e-01
3.595898974743686249e+00	3.831811376085903387e+00	-2.270487200000000094e-01	4.905256681795260310e-01
3.596899224806201723e+00	3.827658304292346880e+00	-4.574200000000000488e-02	4.252582955118507924e-01
3.597899474868717640e+00	3.821782135782682222e+00	6.433707999999999094e-02	2.294561775088249655e-01
3.598899724931233113e+00	3.814098193263950609e+00	2.521190400000000165e-01	6.628774583963688294e-02
3.599899974993749030e+00	3.806112668012089362e+00	3.945743200000000339e-01	1.020373171961676869e-03
3.600900225056264503e+00	3.797824514827132791e+00	6.212077200000000188e-01	-1.947817448310640853e-01
3.601900475118779976e+00	3.788887177607711987e+00	8.413658800000000104e-01	-4.232175491679274204e-01
3.602900725181295893e+00	3.780227960276459243e+00	1.093900239999999968e+00	-6.842870398386284858e-01
3.603900975243811367e+00	3.773256363595503871e+00	1.210454560000000068e+00	-8.474554715078166378e-01
3.604901225306326840e+00	3.768264097238120502e+00	1.333484120000000051e+00	-1.043257589510842243e+00
3.605901475368842757e+00	3.763831556171854054e+00	1.760849959999999825e+00	-1.336960766515380872e+00
3.606901725431358230e+00	3.758953889294168071e+00	1.838552839999999744e+00	-1.565396570852244151e+00
3.607901975493873703e+00	3.754048382598702993e+00	2.019859559999999998e+00	-1.630663943519919501e+00
3.608902225556389620e+00	3.749834300448179114e+00	1.981008119999999817e+00	-1.663297629853757176e+00
3.609902475618905093e+00	3.746900242772956080e+00	2.019859559999999998e+00	-1.761198688855269978e+00
3.610902725681420566e+00	3.745280896218722511e+00	2.006909079999999790e+00	-1.663297629853757176e+00
3.611902975743936484e+00	3.744372796929169578e+00	2.026334799999999881e+00	-1.826466061522945328e+00
3.612903225806451957e+00	3.743248560667431946e+00	2.019859559999999998e+00	-1.695931316187594851e+00
3.613903475868967430e+00	3.741594948921529884e+00	2.039285280000000089e+00	-1.859099747856782781e+00
3.614903725931483347e+00	3.740759803317621479e+00	1.968057640000000053e+00	-1.695931316187594851e+00
3.615903975993998820e+00	3.741553307924143201e+00	1.786750920000000020e+00	-1.434861825516893896e+00
3.616904226056514293e+00	3.743506640659982843e+00	1.631345159999999739e+00	-1.336960766515380872e+00
3.617904476119030210e+00	3.747090068205714442e+00	1.268731720000000118e+00	-1.010623903177004790e+00
3.618904726181545684e+00	3.752095970562117078e+00	9.579201999999999995e-01	-7.495544125063037244e-01
3.619904976244061601e+00	3.756565274437048352e+00	6.924353600000000553e-01	-4.232175491679274204e-01
3.620905226306577074e+00	3.759703455617332768e+00	3.233466799999999974e-01	-1.947817448310640853e-01
3.621905476369092547e+00	3.762758422016812876e+00	2.262180799999999881e-01	1.020373171961676869e-03
3.622905726431608464e+00	3.767359517194287744e+00	9.023803999999999159e-02	1.968224911749873740e-01
3.623905976494123937e+00	3.773832854967918760e+00	-5.221724000000000504e-02	3.599909228441755538e-01
3.624906226556639410e+00	3.780724097066936462e+00	-1.817220400000000013e-01	4.578919818456884672e-01
3.625906476619155328e+00	3.786501363528258501e+00	-3.306525599999999843e-01	5.557930408472013806e-01
3.626906726681670801e+00	3.791570496978748483e+00	-4.536821200000000776e-01	7.515951588502269853e-01
3.627906976744186274e+00	3.797269464509902992e+00	-5.572859600000000802e-01	7.515951588502269853e-01
3.628907226806702191e+00	3.803453904061184332e+00	-5.961373999999999285e-01	8.821299041855775735e-01
3.629907476869217664e+00	3.809482381055787403e+00	-6.026126399999999217e-01	9.147635905194151373e-01
3.630907726931733137e+00	3.815815225230071217e+00	-6.608898000000000827e-01	9.800309631870904870e-01
3.631907976994249054e+00	3.822454010663757895e+00	-7.256422000000000150e-01	1.045298335854765615e+00
3.632908227056764527e+00	3.828453831858979584e+00	-8.680974800000000879e-01	9.147635905194151373e-01
3.633908477119280001e+00	3.833610323484321736e+00	-7.774441199999999608e-01	1.143199394856278639e+00
3.634908727181795918e+00	3.838114456211426884e+00	-8.292460400000000176e-01	1.077932022188603289e+00
3.635908977244311391e+00	3.841518137089313445e+00	-7.774441199999999608e-01	1.241100453857791219e+00
3.636909227306827308e+00	3.843620447586003852e+00	-8.421965199999998930e-01	1.077932022188603289e+00
3.637909477369342781e+00	3.844805244449182258e+00	-7.774441199999999608e-01	1.110565708522440964e+00
3.638909727431858254e+00	3.845250712769204160e+00	-7.450679199999999947e-01	1.143199394856278639e+00
3.639909977494374171e+00	3.844774515870687637e+00	-7.321174399999998972e-01	1.012664649520927940e+00
3.640910227556889645e+00	3.843344817173341532e+00	-6.220383600000000124e-01	1.012664649520927940e+00
3.641910477619405118e+00	3.841671779981787438e+00	-4.342563999999999869e-01	8.821299041855775735e-01
3.642910727681921035e+00	3.840604594117269066e+00	-5.637612000000000734e-01	8.168625315179022239e-01
3.643910977744436508e+00	3.839410038146931381e+00	-3.500782800000000750e-01	7.189614725163894215e-01
3.644911227806951981e+00	3.836370231443077650e+00	-4.148306800000000072e-01	6.536940998487140719e-01
3.645911477869467898e+00	3.831828917578740334e+00	-2.335239600000000026e-01	4.905256681795260310e-01
3.646911727931983371e+00	3.827716991630022658e+00	-4.574200000000000488e-02	4.252582955118507924e-01
3.647911977994498844e+00	3.823541569021454922e+00	7.081231999999999804e-02	2.947235501765002597e-01
3.648912228057014762e+00	3.816962358792940435e+00	2.456437999999999955e-01	1.641888048411497825e-01
3.649912478119530235e+00	3.808083858534667687e+00	3.816238400000000475e-01	-3.161331316187596802e-02
3.650912728182045708e+00	3.798980653772658922e+00	5.953067600000000459e-01	-1.947817448310640853e-01
3.651912978244561625e+00	3.790354998971132261e+00	8.607915999999999901e-01	-5.211186081694403338e-01
3.652913228307077098e+00	3.782135937092486522e+00	1.074474520000000100e+00	-6.190196671709531362e-01
3.653913478369592571e+00	3.775023576340454046e+00	1.178078360000000213e+00	-8.474554715078166378e-01
3.654913728432108488e+00	3.769041784274347329e+00	1.327008879999999946e+00	-9.779902168431670040e-01
3.655913978494623962e+00	3.763469434356910615e+00	1.715523279999999984e+00	-1.304327080181543197e+00
3.656914228557139879e+00	3.758234278269865225e+00	1.851503319999999952e+00	-1.500129198184569024e+00
3.657914478619655352e+00	3.753617545313539861e+00	1.993958600000000025e+00	-1.598030257186082048e+00
3.658914728682170825e+00	3.750028857838291874e+00	1.968057640000000053e+00	-1.663297629853757176e+00
3.659914978744686742e+00	3.747338322009264644e+00	1.987483359999999921e+00	-1.761198688855269978e+00
3.660915228807202215e+00	3.744833162902350132e+00	1.987483359999999921e+00	-1.598030257186082048e+00
3.661915478869717688e+00	3.743011514226344705e+00	1.987483359999999921e+00	-1.793832375189107875e+00
3.662915728932233606e+00	3.743231336885942895e+00	1.987483359999999921e+00	-1.630663943519919501e+00
3.663915978994749079e+00	3.745142788752823026e+00	2.019859559999999998e+00	-1.761198688855269978e+00
3.664916229057264552e+00	3.746329011902147510e+00	1.935681439999999975e+00	-1.761198688855269978e+00
3.665916479119780469e+00	3.745881859105444356e+00	1.760849959999999825e+00	-1.434861825516893896e+00
3.666916729182295942e+00	3.746071896418730507e+00	1.605444199999999988e+00	-1.402228139183055999e+00
3.667916979244811415e+00	3.748516072191812043e+00	1.255781239999999910e+00	-9.127228441754917654e-01
3.668917229307327332e+00	3.752044113171852491e+00	9.514449600000001173e-01	-7.169207261724660496e-01
3.669917479369842805e+00	3.755389675357335477e+00	6.600591600000000891e-01	-3.579501765002521818e-01
3.670917729432358279e+00	3.759122055059904266e+00	3.233466799999999974e-01	-2.600491174987393794e-01
3.671917979494874196e+00	3.764204235359639217e+00	2.197428399999999948e-01	-3.161331316187596802e-02
3.672918229557389669e+00	3.770063422499247086e+00	8.376279999999999837e-02	1.641888048411497825e-01
3.673918479619905142e+00	3.775533483719248906e+00	-7.164296000000000553e-02	3.599909228441755538e-01
3.674918729682421059e+00	3.780972818962139215e+00	-2.076230000000000020e-01	4.905256681795260310e-01
3.675918979744936532e+00	3.787397109125506756e+00	-3.371277999999999775e-01	5.884267271810389444e-01
3.676919229807452449e+00	3.794065103741534717e+00	-4.860583200000000437e-01	7.515951588502269853e-01
3.677919479869967923e+00	3.799394271903655085e+00	-5.767116799999999488e-01	7.515951588502269853e-01
3.678919729932483396e+00	3.804128294756794038e+00	-6.026126399999999217e-01	8.821299041855775735e-01
3.679919979994999313e+00	3.810055833403814152e+00	-6.155631200000000192e-01	9.473972768532528121e-01
3.680920230057514786e+00	3.816801473162454439e+00	-6.544145599999999785e-01	1.045298335854765615e+00
3.681920480120030259e+00	3.823579332620804294e+00	-7.385926799999998904e-01	1.012664649520927940e+00
3.682920730182546176e+00	3.830225507867769164e+00	-8.616222399999999837e-01	1.012664649520927940e+00
3.683920980245061649e+00	3.835484849122588802e+00	-7.709688800000000786e-01	1.175833081190116092e+00
3.684921230307577122e+00	3.839043483674359880e+00	-8.357212800000000108e-01	1.077932022188603289e+00
3.685921480370093040e+00	3.842527348180589719e+00	-7.968698400000000515e-01	1.110565708522440964e+00
3.686921730432608513e+00	3.845474516528189834e+00	-8.421965199999998930e-01	1.110565708522440964e+00
3.687921980495123986e+00	3.846075361991831532e+00	-7.839193599999999540e-01	1.208466767523953767e+00
3.688922230557639903e+00	3.845742603101204082e+00	-7.580183999999999811e-01	1.110565708522440964e+00
3.689922480620155376e+00	3.846180864681960632e+00	-7.385926799999998904e-01	1.077932022188603289e+00
3.690922730682670849e+00	3.846066605107991254e+00	-6.285136000000000056e-01	9.473972768532528121e-01
3.691922980745186766e+00	3.844508901019550340e+00	-4.666325999999999530e-01	8.821299041855775735e-01
3.692923230807702240e+00	3.842181795634517449e+00	-5.702364399999999556e-01	8.494962178517398987e-01
3.693923480870218157e+00	3.839380782566222283e+00	-3.630287599999999504e-01	7.189614725163894215e-01
3.694923730932733630e+00	3.835894210423119954e+00	-4.213059199999999449e-01	6.863277861825517467e-01
3.695923980995249103e+00	3.831676396314843025e+00	-2.335239600000000026e-01	5.231593545133637058e-01
3.696924231057765020e+00	3.827323205372779480e+00	-5.869248000000000520e-02	4.905256681795260310e-01
3.697924481120280493e+00	3.822813241325810019e+00	5.786183999999999772e-02	2.947235501765002597e-01
3.698924731182795966e+00	3.816455675636881484e+00	2.326933200000000090e-01	1.315551185073121632e-01
3.699924981245311884e+00	3.807588213393217291e+00	3.751485999999999432e-01	-9.688068582955121355e-02
3.700925231307827357e+00	3.798232761816908276e+00	5.888315200000000527e-01	-1.947817448310640853e-01
3.701925481370342830e+00	3.789875420366132452e+00	8.284154000000000240e-01	-4.558512355017650397e-01
3.702925731432858747e+00	3.782111839403835774e+00	1.061524040000000113e+00	-6.516533535047908110e-01
3.703925981495374220e+00	3.775051271392421803e+00	1.152177400000000018e+00	-8.800891578416540906e-01
3.704926231557889693e+00	3.769097906932134645e+00	1.320533639999999842e+00	-1.075891275844679917e+00
3.705926481620405610e+00	3.763782842650105209e+00	1.702572799999999775e+00	-1.532762884518406477e+00
3.706926731682921083e+00	3.758757995441661226e+00	1.819127120000000097e+00	-1.532762884518406477e+00
3.707926981745436557e+00	3.754218466792014652e+00	1.987483359999999921e+00	-1.630663943519919501e+00
3.708927231807952474e+00	3.750175853869205156e+00	1.948631919999999962e+00	-1.663297629853757176e+00
3.709927481870467947e+00	3.746764806564702788e+00	1.987483359999999921e+00	-1.761198688855269978e+00
3.710927731932983420e+00	3.745100180404814516e+00	1.968057640000000053e+00	-1.663297629853757176e+00
3.711927981995499337e+00	3.745015329985375896e+00	1.981008119999999817e+00	-1.826466061522945328e+00
3.712928232058014810e+00	3.743991302129853427e+00	1.968057640000000053e+00	-1.630663943519919501e+00
3.713928482120530727e+00	3.742056963941903014e+00	2.013384319999999672e+00	-1.761198688855269978e+00
3.714928732183046201e+00	3.742338558366095747e+00	1.935681439999999975e+00	-1.663297629853757176e+00
3.715928982245561674e+00	3.744829528184663303e+00	1.747899480000000061e+00	-1.402228139183055999e+00
3.716929232308077591e+00	3.746673055784641271e+00	1.611919440000000092e+00	-1.336960766515380872e+00
3.717929482370593064e+00	3.747879617368975680e+00	1.229880280000000159e+00	-9.453565305093293292e-01
3.718929732433108537e+00	3.750754899652705365e+00	9.514449600000001173e-01	-7.169207261724660496e-01
3.719929982495624454e+00	3.755242602635919802e+00	6.535839199999999849e-01	-3.905838628340898566e-01
3.720930232558139927e+00	3.759565333369926154e+00	3.168714400000000042e-01	-2.274154311649017046e-01
3.721930482620655400e+00	3.764050415651228665e+00	2.197428399999999948e-01	1.020373171961676869e-03
3.722930732683171318e+00	3.769529321588133364e+00	7.728756000000000514e-02	2.620898638426626404e-01
3.723930982745686791e+00	3.774930763831385150e+00	-7.164296000000000553e-02	3.599909228441755538e-01
3.724931232808202264e+00	3.780388724399318168e+00	-2.011477600000000088e-01	5.231593545133637058e-01
3.725931482870718181e+00	3.786985471011746540e+00	-3.306525599999999843e-01	5.884267271810389444e-01
3.726931732933233654e+00	3.793085639450352264e+00	-4.731078399999999462e-01	7.515951588502269853e-01
3.727931982995749127e+00	3.797448687894860786e+00	-5.637612000000000734e-01	7.515951588502269853e-01
3.728932233058265044e+00	3.802225620768012071e+00	-5.896621600000000463e-01	8.494962178517398987e-01
3.729932483120780518e+00	3.808759288692423972e+00	-6.349888400000001099e-01	8.494962178517398987e-01
3.730932733183296435e+00	3.815815294508409394e+00	-6.608898000000000827e-01	1.012664649520927940e+00
3.731932983245811908e+00	3.822431564309636265e+00	-7.450679199999999947e-01	1.110565708522440964e+00
3.732933233308327381e+00	3.828845344052247412e+00	-8.680974800000000879e-01	1.077932022188603289e+00
3.733933483370843298e+00	3.835304449402284988e+00	-7.774441199999999608e-01	1.175833081190116092e+00
3.734933733433358771e+00	3.840783446352701080e+00	-8.421965199999998930e-01	1.143199394856278639e+00
3.735933983495874244e+00	3.843921159383706598e+00	-7.903945999999999472e-01	1.208466767523953767e+00
3.736934233558390162e+00	3.844778458572359003e+00	-8.486717599999999972e-01	1.077932022188603289e+00
3.737934483620905635e+00	3.844583737932391276e+00	-7.644936400000000853e-01	1.175833081190116092e+00
3.738934733683421108e+00	3.844833566438370376e+00	-7.515431599999999879e-01	9.473972768532528121e-01
3.739934983745937025e+00	3.845373243536779562e+00	-7.321174399999998972e-01	1.110565708522440964e+00
3.740935233808452498e+00	3.844689684171991750e+00	-6.349888400000001099e-01	1.012664649520927940e+00
3.741935483870967971e+00	3.843319053081246661e+00	-4.601573600000000153e-01	9.147635905194151373e-01
3.742935733933483888e+00	3.842152448184771973e+00	-5.637612000000000734e-01	8.494962178517398987e-01
3.743935983995999361e+00	3.839800292472395959e+00	-3.695039999999999436e-01	6.536940998487140719e-01
3.744936234058514835e+00	3.835774505197850459e+00	-4.148306800000000072e-01	6.536940998487140719e-01
3.745936484121030752e+00	3.831185540245975130e+00	-2.399992000000000236e-01	4.252582955118507924e-01
3.746936734183546225e+00	3.826398073314403625e+00	-5.221724000000000504e-02	4.578919818456884672e-01
3.747936984246061698e+00	3.821157090683491742e+00	6.433707999999999094e-02	2.620898638426626404e-01
3.748937234308577615e+00	3.814598974343575311e+00	2.326933200000000090e-01	1.315551185073121632e-01
3.749937484371093088e+00	3.806306997297811190e+00	3.751485999999999432e-01	-1.295143721633888190e-01
3.750937734433609005e+00	3.797752770187071913e+00	5.953067600000000459e-01	-2.926828038325769432e-01
3.751937984496124479e+00	3.790018957852317349e+00	8.284154000000000240e-01	-3.905838628340898566e-01
3.752938234558639952e+00	3.782666713326808594e+00	1.067999279999999995e+00	-6.190196671709531362e-01
3.753938484621155869e+00	3.775471262570722075e+00	1.158652640000000122e+00	-8.800891578416540906e-01
3.754938734683671342e+00	3.768757721313741982e+00	1.301107919999999973e+00	-1.043257589510842243e+00
3.755938984746186815e+00	3.762792068953856095e+00	1.715523279999999984e+00	-1.304327080181543197e+00
3.756939234808702732e+00	3.757735168939437376e+00	1.806176639999999889e+00	-1.467495511850731349e+00
3.757939484871218205e+00	3.753888629782122344e+00	1.961582399999999726e+00	-1.630663943519919501e+00
3.758939734933733678e+00	3.750798510491850646e+00	1.942156679999999858e+00	-1.695931316187594851e+00
3.759939984996249596e+00	3.747225536030695192e+00	1.968057640000000053e+00	-1.793832375189107875e+00
3.760940235058765069e+00	3.744059778030901509e+00	1.961582399999999726e+00	-1.630663943519919501e+00
3.761940485121280542e+00	3.743417145629179821e+00	1.974532879999999935e+00	-1.728565002521432525e+00
3.762940735183796459e+00	3.743756571741597483e+00	1.968057640000000053e+00	-1.663297629853757176e+00
3.763940985246311932e+00	3.741985430884513519e+00	2.000433839999999908e+00	-1.793832375189107875e+00
3.764941235308827405e+00	3.739769210490319740e+00	1.922730959999999989e+00	-1.663297629853757176e+00
3.765941485371343322e+00	3.741002422876102962e+00	1.728473759999999970e+00	-1.467495511850731349e+00
3.766941735433858796e+00	3.744760409400280210e+00	1.573067999999999911e+00	-1.304327080181543197e+00
3.767941985496374269e+00	3.747495830241363901e+00	1.255781239999999910e+00	-8.800891578416540906e-01
3.768942235558890186e+00	3.749745728096989250e+00	9.384944800000000198e-01	-6.842870398386284858e-01
3.769942485621405659e+00	3.753845231841324903e+00	6.730096400000000756e-01	-3.905838628340898566e-01
3.770942735683921576e+00	3.759169454789885290e+00	2.909704799999999758e-01	-2.600491174987393794e-01
3.771942985746437049e+00	3.764454873247714328e+00	2.003171200000000152e-01	3.365405950579927752e-02
3.772943235808952522e+00	3.769568342904614955e+00	7.728756000000000514e-02	2.294561775088249655e-01
3.773943485871468440e+00	3.774737744476932999e+00	-7.811819999999999875e-02	3.599909228441755538e-01
3.774943735933983913e+00	3.780550475080469486e+00	-1.946725200000000155e-01	5.231593545133637058e-01
3.775943985996499386e+00	3.786902774112105075e+00	-3.436030400000000262e-01	5.884267271810389444e-01
3.776944236059015303e+00	3.792912469476834580e+00	-4.795830800000000504e-01	7.189614725163894215e-01
3.777944486121530776e+00	3.798137888647163063e+00	-5.637612000000000734e-01	8.494962178517398987e-01
3.778944736184046249e+00	3.803102889927966412e+00	-5.961373999999999285e-01	8.821299041855775735e-01
3.779944986246562166e+00	3.808888558227598420e+00	-6.349888400000001099e-01	9.147635905194151373e-01
3.780945236309077639e+00	3.815742982101423930e+00	-6.803155199999999514e-01	9.800309631870904870e-01
3.781945486371593113e+00	3.822639457206025604e+00	-7.450679199999999947e-01	1.077932022188603289e+00
3.782945736434109030e+00	3.828401949334208521e+00	-8.680974800000000879e-01	1.045298335854765615e+00
3.783945986496624503e+00	3.833091467058904023e+00	-7.709688800000000786e-01	1.175833081190116092e+00
3.784946236559139976e+00	3.837661639058829621e+00	-8.357212800000000108e-01	1.110565708522440964e+00
3.785946486621655893e+00	3.841936762809944561e+00	-7.709688800000000786e-01	1.143199394856278639e+00
3.786946736684171366e+00	3.844716522166620187e+00	-8.486717599999999972e-01	1.175833081190116092e+00
3.787946986746687283e+00	3.845321412840421615e+00	-7.774441199999999608e-01	1.143199394856278639e+00
3.788947236809202757e+00	3.844145215017324535e+00	-7.515431599999999879e-01	1.110565708522440964e+00
3.789947486871718230e+00	3.842931590662363117e+00	-7.450679199999999947e-01	1.045298335854765615e+00
3.790947736934234147e+00	3.843027241094919333e+00	-6.220383600000000124e-01	1.012664649520927940e+00
3.791947986996749620e+00	3.843013253111920768e+00	-4.666325999999999530e-01	8.821299041855775735e-01
3.792948237059265093e+00	3.841106482050070436e+00	-5.637612000000000734e-01	8.494962178517398987e-01
3.793948487121781010e+00	3.838222257153674377e+00	-3.695039999999999436e-01	7.515951588502269853e-01
3.794948737184296483e+00	3.835349190784428153e+00	-4.213059199999999449e-01	6.863277861825517467e-01
3.795948987246811956e+00	3.831759642399056531e+00	-2.335239600000000026e-01	5.884267271810389444e-01
3.796949237309327874e+00	3.827486859640025330e+00	-6.516772000000001230e-02	4.905256681795260310e-01
3.797949487371843347e+00	3.822635934803201962e+00	5.138659999999999756e-02	2.947235501765002597e-01
3.798949737434358820e+00	3.816018769672094635e+00	2.262180799999999881e-01	1.641888048411497825e-01
3.799949987496874737e+00	3.807732451014774533e+00	3.686733600000000055e-01	-6.424699949571360813e-02
3.800950237559390210e+00	3.799017832478643442e+00	5.953067600000000459e-01	-1.947817448310640853e-01
3.801950487621905683e+00	3.790023656589265766e+00	8.348906400000000172e-01	-3.905838628340898566e-01
3.802950737684421600e+00	3.781183743117690454e+00	1.048573559999999905e+00	-6.516533535047908110e-01
3.803950987746937074e+00	3.774017616432066902e+00	1.165127880000000005e+00	-8.148217851739789630e-01
3.804951237809452547e+00	3.768863281408051158e+00	1.288157439999999765e+00	-1.010623903177004790e+00
3.805951487871968464e+00	3.763982048180007034e+00	1.689622319999999789e+00	-1.336960766515380872e+00
3.806951737934483937e+00	3.757748423152828643e+00	1.825602359999999980e+00	-1.500129198184569024e+00
3.807951987996999854e+00	3.751547822283345379e+00	1.968057640000000053e+00	-1.598030257186082048e+00
3.808952238059515327e+00	3.748104358827581528e+00	1.942156679999999858e+00	-1.663297629853757176e+00
3.809952488122030800e+00	3.746698714919287632e+00	1.955107160000000066e+00	-1.728565002521432525e+00
3.810952738184546718e+00	3.745157036065469569e+00	1.942156679999999858e+00	-1.565396570852244151e+00
3.811952988247062191e+00	3.743900747217183689e+00	1.974532879999999935e+00	-1.728565002521432525e+00
3.812953238309577664e+00	3.743212596917937951e+00	1.948631919999999962e+00	-1.565396570852244151e+00
3.813953488372093581e+00	3.742119708757505769e+00	1.993958600000000025e+00	-1.728565002521432525e+00
3.814953738434609054e+00	3.741099445967835724e+00	1.909780479999999780e+00	-1.630663943519919501e+00
3.815953988497124527e+00	3.741385864909886561e+00	1.754374719999999943e+00	-1.434861825516893896e+00
3.816954238559640444e+00	3.743177459367931892e+00	1.579543240000000015e+00	-1.369594452849218325e+00
3.817954488622155917e+00	3.745897255595542763e+00	1.223405040000000055e+00	-9.779902168431670040e-01
3.818954738684671391e+00	3.749549638514858785e+00	9.384944800000000198e-01	-6.842870398386284858e-01
3.819954988747187308e+00	3.754689683383765075e+00	6.406334400000001095e-01	-3.579501765002521818e-01
3.820955238809702781e+00	3.760256231455270992e+00	2.974457200000000245e-01	-1.621480584972264660e-01
3.821955488872218254e+00	3.765168515788242409e+00	2.132676000000000016e-01	6.628774583963688294e-02
3.822955738934734171e+00	3.770770971363260671e+00	7.728756000000000514e-02	2.294561775088249655e-01
3.823955988997249644e+00	3.777138636560155138e+00	-8.459344000000000585e-02	3.273572365103378790e-01
3.824956239059765561e+00	3.782284192821648627e+00	-2.011477600000000088e-01	5.557930408472013806e-01
3.825956489122281035e+00	3.786838176809900869e+00	-3.500782800000000750e-01	5.884267271810389444e-01
3.826956739184796508e+00	3.792180155159421417e+00	-4.795830800000000504e-01	7.842288451840646601e-01
3.827956989247312425e+00	3.796960935807036197e+00	-5.508107199999999759e-01	7.842288451840646601e-01
3.828957239309827898e+00	3.801581280941919161e+00	-6.026126399999999217e-01	9.147635905194151373e-01
3.829957489372343371e+00	3.808487673701740572e+00	-6.220383600000000124e-01	9.147635905194151373e-01
3.830957739434859288e+00	3.816405040606550614e+00	-6.608898000000000827e-01	1.045298335854765615e+00
3.831957989497374761e+00	3.822876295481814513e+00	-7.450679199999999947e-01	1.045298335854765615e+00
3.832958239559890234e+00	3.828460273579100015e+00	-8.616222399999999837e-01	1.045298335854765615e+00
3.833958489622406152e+00	3.833744032789767608e+00	-7.709688800000000786e-01	1.208466767523953767e+00
3.834958739684921625e+00	3.838322345944096270e+00	-8.357212800000000108e-01	1.110565708522440964e+00
3.835958989747437098e+00	3.841966307298325223e+00	-7.839193599999999540e-01	1.175833081190116092e+00
3.836959239809953015e+00	3.844039378329608070e+00	-8.421965199999998930e-01	1.110565708522440964e+00
3.837959489872468488e+00	3.844491580179276724e+00	-7.709688800000000786e-01	1.143199394856278639e+00
3.838959739934983961e+00	3.844201949434650434e+00	-7.450679199999999947e-01	1.012664649520927940e+00
3.839959989997499878e+00	3.843699264991497166e+00	-7.385926799999998904e-01	1.110565708522440964e+00
3.840960240060015352e+00	3.843363978427975169e+00	-6.349888400000001099e-01	9.800309631870904870e-01
3.841960490122530825e+00	3.843418816947614225e+00	-4.601573600000000153e-01	8.821299041855775735e-01
3.842960740185046742e+00	3.843211100783759715e+00	-5.702364399999999556e-01	7.842288451840646601e-01
3.843960990247562215e+00	3.841712043249342123e+00	-3.500782800000000750e-01	7.189614725163894215e-01
3.844961240310078132e+00	3.838275494216769168e+00	-4.277811600000000491e-01	6.210604135148766192e-01
3.845961490372593605e+00	3.832996958595847659e+00	-2.399992000000000236e-01	5.231593545133637058e-01
3.846961740435109078e+00	3.827060595199301307e+00	-6.516772000000001230e-02	4.578919818456884672e-01
3.847961990497624996e+00	3.821758516685225260e+00	5.138659999999999756e-02	2.947235501765002597e-01
3.848962240560140469e+00	3.816486408313971346e+00	2.262180799999999881e-01	1.020373171961676869e-03
3.849962490622655942e+00	3.809250577236235724e+00	3.557228800000000746e-01	1.020373171961676869e-03
3.850962740685171859e+00	3.799983686787585579e+00	5.758810400000000662e-01	-1.947817448310640853e-01
3.851962990747687332e+00	3.790992227107048862e+00	8.154649200000001485e-01	-3.905838628340898566e-01
3.852963240810202805e+00	3.783284532920859533e+00	1.048573559999999905e+00	-5.863859808371156834e-01
3.853963490872718722e+00	3.775887976832475790e+00	1.145702159999999914e+00	-7.821880988401412882e-01
3.854963740935234195e+00	3.768674375158008072e+00	1.294632679999999869e+00	-1.010623903177004790e+00
3.855963990997749669e+00	3.762663935848083341e+00	1.683147080000000129e+00	-1.271693393847705744e+00
3.856964241060265586e+00	3.758453781709658603e+00	1.812651879999999993e+00	-1.467495511850731349e+00
3.857964491122781059e+00	3.755913425014744789e+00	1.942156679999999858e+00	-1.598030257186082048e+00
3.858964741185296532e+00	3.754097378895088877e+00	1.929206199999999871e+00	-1.663297629853757176e+00
3.859964991247812449e+00	3.751095650908266688e+00	1.948631919999999962e+00	-1.728565002521432525e+00
3.860965241310327922e+00	3.746129551447747286e+00	1.935681439999999975e+00	-1.630663943519919501e+00
3.861965491372843395e+00	3.741589613167492612e+00	1.948631919999999962e+00	-1.728565002521432525e+00
3.862965741435359313e+00	3.740584394285333403e+00	1.948631919999999962e+00	-1.630663943519919501e+00
3.863965991497874786e+00	3.742389667338103187e+00	1.981008119999999817e+00	-1.728565002521432525e+00
3.864966241560390703e+00	3.743350814933136927e+00	1.916255719999999885e+00	-1.598030257186082048e+00
3.865966491622906176e+00	3.742913602905865833e+00	1.734948999999999852e+00	-1.434861825516893896e+00
3.866966741685421649e+00	3.744006424226910656e+00	1.586018479999999897e+00	-1.304327080181543197e+00
3.867966991747937566e+00	3.747333489627376224e+00	1.197504080000000082e+00	-9.127228441754917654e-01
3.868967241810453039e+00	3.750688034694389383e+00	9.190687600000001511e-01	-7.495544125063037244e-01
3.869967491872968512e+00	3.753744450925348364e+00	6.406334400000001095e-01	-3.253164901664145625e-01
3.870967741935484430e+00	3.758451377528197135e+00	2.909704799999999758e-01	-1.621480584972264660e-01
3.871967991997999903e+00	3.765221899357555024e+00	2.132676000000000016e-01	6.628774583963688294e-02
3.872968242060515376e+00	3.772934499877342862e+00	5.786183999999999772e-02	2.294561775088249655e-01
3.873968492123031293e+00	3.780272633892305389e+00	-9.106868000000001295e-02	3.926246091780131731e-01
3.874968742185546766e+00	3.785325917972021337e+00	-2.011477600000000088e-01	5.231593545133637058e-01
3.875968992248062239e+00	3.788053339564569022e+00	-3.306525599999999843e-01	6.210604135148766192e-01
3.876969242310578156e+00	3.791838806059983469e+00	-4.795830800000000504e-01	7.189614725163894215e-01
3.877969492373093630e+00	3.798244937965056689e+00	-5.702364399999999556e-01	7.842288451840646601e-01
3.878969742435609103e+00	3.804769427537523008e+00	-5.961373999999999285e-01	8.821299041855775735e-01
3.879969992498125020e+00	3.810441118587252429e+00	-6.285136000000000056e-01	9.147635905194151373e-01
3.880970242560640493e+00	3.816853685019371500e+00	-6.867907599999999446e-01	1.045298335854765615e+00
3.881970492623156410e+00	3.824089666318517100e+00	-7.450679199999999947e-01	1.077932022188603289e+00
3.882970742685671883e+00	3.830943814805275682e+00	-8.680974800000000879e-01	1.045298335854765615e+00
3.883970992748187356e+00	3.836219338902222997e+00	-7.709688800000000786e-01	1.175833081190116092e+00
3.884971242810703274e+00	3.838863207341749906e+00	-8.292460400000000176e-01	1.045298335854765615e+00
3.885971492873218747e+00	3.840119142094679194e+00	-7.839193599999999540e-01	1.208466767523953767e+00
3.886971742935734220e+00	3.842492445866859452e+00	-8.486717599999999972e-01	1.143199394856278639e+00
3.887971992998250137e+00	3.845572066419867596e+00	-7.839193599999999540e-01	1.175833081190116092e+00
3.888972243060765610e+00	3.847088194804396011e+00	-7.515431599999999879e-01	1.077932022188603289e+00
3.889972493123281083e+00	3.846590711620434089e+00	-7.385926799999998904e-01	1.077932022188603289e+00
3.890972743185797000e+00	3.845156902699518486e+00	-6.220383600000000124e-01	9.800309631870904870e-01
3.891972993248312473e+00	3.843389470390544016e+00	-4.601573600000000153e-01	8.821299041855775735e-01
3.892973243310827947e+00	3.841276285802938339e+00	-5.702364399999999556e-01	8.821299041855775735e-01
3.893973493373343864e+00	3.838996675962825122e+00	-3.565535200000000127e-01	7.515951588502269853e-01
3.894973743435859337e+00	3.836382483811974886e+00	-4.213059199999999449e-01	6.536940998487140719e-01
3.895973993498374810e+00	3.832591400274619531e+00	-2.594249200000000033e-01	4.905256681795260310e-01
3.896974243560890727e+00	3.827808141160836897e+00	-6.516772000000001230e-02	4.578919818456884672e-01
3.897974493623406200e+00	3.822725456749763495e+00	4.491135999999999739e-02	2.620898638426626404e-01
3.898974743685921673e+00	3.816403209239157324e+00	2.262180799999999881e-01	1.315551185073121632e-01
3.899974993748437591e+00	3.808036272319581084e+00	3.621981200000000678e-01	-3.161331316187596802e-02
3.900975243810953064e+00	3.798898979845062751e+00	5.694058000000000730e-01	-1.621480584972264660e-01
3.901975493873468981e+00	3.790620273103471050e+00	7.895639599999999536e-01	-3.905838628340898566e-01
3.902975743935984454e+00	3.783185130211851988e+00	1.035623080000000140e+00	-5.863859808371156834e-01
3.903975993998499927e+00	3.775152228621245776e+00	1.126276440000000045e+00	-7.821880988401412882e-01
3.904976244061015844e+00	3.767010076635101345e+00	1.294632679999999869e+00	-1.010623903177004790e+00
3.905976494123531317e+00	3.761595891109946965e+00	1.670196599999999920e+00	-1.271693393847705744e+00
3.906976744186046790e+00	3.758502710397665147e+00	1.793226159999999902e+00	-1.434861825516893896e+00
3.907976994248562708e+00	3.754693887356089110e+00	1.955107160000000066e+00	-1.500129198184569024e+00
3.908977244311078181e+00	3.750449972710736990e+00	1.922730959999999989e+00	-1.630663943519919501e+00
3.909977494373593654e+00	3.747771945580153918e+00	1.942156679999999858e+00	-1.663297629853757176e+00
3.910977744436109571e+00	3.746219818689229264e+00	1.942156679999999858e+00	-1.565396570852244151e+00
3.911977994498625044e+00	3.744351563337682265e+00	1.948631919999999962e+00	-1.695931316187594851e+00
3.912978244561140517e+00	3.742017486161051565e+00	1.948631919999999962e+00	-1.598030257186082048e+00
3.913978494623656434e+00	3.740014292233389437e+00	1.981008119999999817e+00	-1.793832375189107875e+00
3.914978744686171908e+00	3.739680129016564436e+00	1.903305239999999898e+00	-1.532762884518406477e+00
3.915978994748687381e+00	3.741858571915907650e+00	1.734948999999999852e+00	-1.402228139183055999e+00
3.916979244811203298e+00	3.745361272963617427e+00	1.566592759999999807e+00	-1.336960766515380872e+00
3.917979494873718771e+00	3.748511851803010941e+00	1.210454560000000068e+00	-8.474554715078166378e-01
3.918979744936234688e+00	3.751247760769941486e+00	8.931677999999999562e-01	-7.495544125063037244e-01
3.919979994998750161e+00	3.754420152300464775e+00	6.600591600000000891e-01	-3.905838628340898566e-01
3.920980245061265634e+00	3.758756304917403757e+00	2.780200000000000449e-01	-1.947817448310640853e-01
3.921980495123781552e+00	3.764171106080579143e+00	2.197428399999999948e-01	1.020373171961676869e-03
3.922980745186297025e+00	3.769708854036683654e+00	7.728756000000000514e-02	2.620898638426626404e-01
3.923980995248812498e+00	3.775029071590739527e+00	-1.040191599999999994e-01	3.926246091780131731e-01
3.924981245311328415e+00	3.780956913590410196e+00	-2.011477600000000088e-01	5.231593545133637058e-01
3.925981495373843888e+00	3.787947644886005882e+00	-3.371277999999999775e-01	6.210604135148766192e-01
3.926981745436359361e+00	3.794515104434468711e+00	-4.795830800000000504e-01	7.515951588502269853e-01
3.927981995498875278e+00	3.799104535758778489e+00	-5.767116799999999488e-01	8.168625315179022239e-01
3.928982245561390751e+00	3.803116906830662280e+00	-6.026126399999999217e-01	9.147635905194151373e-01
3.929982495623906225e+00	3.808734648222967145e+00	-6.220383600000000124e-01	9.147635905194151373e-01
3.930982745686422142e+00	3.815728956587353782e+00	-6.738402799999999582e-01	1.012664649520927940e+00
3.931982995748937615e+00	3.822596270122195605e+00	-7.385926799999998904e-01	9.800309631870904870e-01
3.932983245811453088e+00	3.828472085515931322e+00	-8.616222399999999837e-01	1.077932022188603289e+00
3.933983495873969005e+00	3.833504499566517509e+00	-7.709688800000000786e-01	1.175833081190116092e+00
3.934983745936484478e+00	3.838091202912431221e+00	-8.357212800000000108e-01	1.143199394856278639e+00
3.935983995998999951e+00	3.842010821137706422e+00	-7.903945999999999472e-01	1.208466767523953767e+00
3.936984246061515869e+00	3.844578069152897459e+00	-8.421965199999998930e-01	1.110565708522440964e+00
3.937984496124031342e+00	3.845300385796108777e+00	-7.774441199999999608e-01	1.175833081190116092e+00
3.938984746186547259e+00	3.844546369246057527e+00	-7.450679199999999947e-01	9.473972768532528121e-01
3.939984996249062732e+00	3.843820050030346103e+00	-7.385926799999998904e-01	1.045298335854765615e+00
3.940985246311578205e+00	3.844104190455719383e+00	-6.285136000000000056e-01	9.147635905194151373e-01
3.941985496374094122e+00	3.843558011957426412e+00	-4.601573600000000153e-01	9.473972768532528121e-01
3.942985746436609595e+00	3.840098119665630971e+00	-5.767116799999999488e-01	8.168625315179022239e-01
3.943985996499125068e+00	3.835737955572401603e+00	-3.695039999999999436e-01	7.515951588502269853e-01
3.944986246561640986e+00	3.833631572291310352e+00	-4.342563999999999869e-01	7.189614725163894215e-01
3.945986496624156459e+00	3.832739006163270012e+00	-2.529496800000000101e-01	5.231593545133637058e-01
3.946986746686671932e+00	3.829601023254606051e+00	-5.869248000000000520e-02	4.578919818456884672e-01
3.947986996749187849e+00	3.823425830948545823e+00	5.786183999999999772e-02	2.620898638426626404e-01
3.948987246811703322e+00	3.815924027066043500e+00	2.326933200000000090e-01	1.641888048411497825e-01
3.949987496874218795e+00	3.807868198387593939e+00	3.621981200000000678e-01	3.365405950579927752e-02
3.950987746936734712e+00	3.799144835360112715e+00	5.694058000000000730e-01	-1.947817448310640853e-01
3.951987996999250186e+00	3.790091987066747325e+00	8.089896800000000443e-01	-3.253164901664145625e-01
3.952988247061765659e+00	3.781352823864799539e+00	1.029147840000000036e+00	-5.863859808371156834e-01
3.953988497124281576e+00	3.773471886194358582e+00	1.139226920000000032e+00	-8.148217851739789630e-01
3.954988747186797049e+00	3.766885438614053783e+00	1.262256480000000014e+00	-1.043257589510842243e+00
3.955988997249312522e+00	3.762169966549558264e+00	1.670196599999999920e+00	-1.304327080181543197e+00
3.956989247311828439e+00	3.758573778581395075e+00	1.786750920000000020e+00	-1.500129198184569024e+00
3.957989497374343912e+00	3.754602488005051253e+00	1.929206199999999871e+00	-1.565396570852244151e+00
3.958989747436859830e+00	3.750984557059273694e+00	1.909780479999999780e+00	-1.565396570852244151e+00
3.959989997499375303e+00	3.748582621676638027e+00	1.942156679999999858e+00	-1.663297629853757176e+00
3.960990247561890776e+00	3.746286666133755272e+00	1.929206199999999871e+00	-1.565396570852244151e+00
3.961990497624406693e+00	3.743760683259166555e+00	1.935681439999999975e+00	-1.728565002521432525e+00
3.962990747686922166e+00	3.741918172575230628e+00	1.929206199999999871e+00	-1.598030257186082048e+00
3.963990997749437639e+00	3.741076185748260396e+00	1.961582399999999726e+00	-1.761198688855269978e+00
3.964991247811953556e+00	3.741045518516841639e+00	1.890354760000000134e+00	-1.630663943519919501e+00
3.965991497874469029e+00	3.741932578914286101e+00	1.728473759999999970e+00	-1.402228139183055999e+00
3.966991747936984503e+00	3.743959092986736792e+00	1.547167039999999716e+00	-1.304327080181543197e+00
3.967991997999500420e+00	3.747005916297871497e+00	1.191028839999999978e+00	-9.127228441754917654e-01
3.968992248062015893e+00	3.750768252262116409e+00	9.125935200000000469e-01	-7.169207261724660496e-01
3.969992498124531366e+00	3.755018204034222595e+00	6.406334400000001095e-01	-4.232175491679274204e-01
3.970992748187047283e+00	3.759690114221751589e+00	2.780200000000000449e-01	-1.621480584972264660e-01
3.971992998249562756e+00	3.764597797472778229e+00	1.873666400000000010e-01	9.892143217347457163e-02
3.972993248312078229e+00	3.769603639297641529e+00	7.728756000000000514e-02	2.294561775088249655e-01
3.973993498374594147e+00	3.775216293223264685e+00	-1.040191599999999994e-01	3.273572365103378790e-01
3.974993748437109620e+00	3.781490748150183823e+00	-2.076230000000000020e-01	5.884267271810389444e-01
3.975993998499625537e+00	3.787233979128531214e+00	-3.436030400000000262e-01	5.884267271810389444e-01
3.976994248562141010e+00	3.792253667244742221e+00	-4.860583200000000437e-01	7.515951588502269853e-01
3.977994498624656483e+00	3.798181176091884659e+00	-5.831869200000000530e-01	7.842288451840646601e-01
3.978994748687172400e+00	3.805279074820940188e+00	-6.026126399999999217e-01	9.800309631870904870e-01
3.979994998749687873e+00	3.811643050262325083e+00	-6.220383600000000124e-01	9.473972768532528121e-01
3.980995248812203346e+00	3.816726361853589822e+00	-6.867907599999999446e-01	1.045298335854765615e+00
3.981995498874719264e+00	3.821959970720467670e+00	-7.321174399999998972e-01	1.110565708522440964e+00
3.982995748937234737e+00	3.827852684797066196e+00	-8.616222399999999837e-01	1.045298335854765615e+00
3.983995998999750210e+00	3.833577538507658033e+00	-7.774441199999999608e-01	1.175833081190116092e+00
3.984996249062266127e+00	3.838301135669781150e+00	-8.421965199999998930e-01	1.143199394856278639e+00
3.985996499124781600e+00	3.841372531462719841e+00	-7.839193599999999540e-01	1.175833081190116092e+00
3.986996749187297073e+00	3.843101517897794306e+00	-8.486717599999999972e-01	1.110565708522440964e+00
3.987996999249812990e+00	3.844875307755539762e+00	-7.709688800000000786e-01	1.143199394856278639e+00
3.988997249312328464e+00	3.846504900580370645e+00	-7.580183999999999811e-01	1.077932022188603289e+00
3.989997499374843937e+00	3.846172452518878515e+00	-7.385926799999998904e-01	1.045298335854765615e+00
3.990997749437359854e+00	3.843865818863386963e+00	-6.414640799999999921e-01	9.800309631870904870e-01
3.991997999499875327e+00	3.841577651084985501e+00	-4.536821200000000776e-01	9.800309631870904870e-01
3.992998249562390800e+00	3.840406173315178417e+00	-5.702364399999999556e-01	8.494962178517398987e-01
3.993998499624906717e+00	3.839413230309424385e+00	-3.630287599999999504e-01	7.515951588502269853e-01
3.994998749687422190e+00	3.837039754565577443e+00	-4.342563999999999869e-01	6.863277861825517467e-01
3.995998999749938108e+00	3.832740248930454285e+00	-2.529496800000000101e-01	5.231593545133637058e-01
3.996999249812453581e+00	3.827243695416594704e+00	-7.164296000000000553e-02	4.905256681795260310e-01
3.997999499874969054e+00	3.821415810468156149e+00	5.138659999999999756e-02	2.947235501765002597e-01
3.998999749937484971e+00	3.814950835801660833e+00	2.197428399999999948e-01	1.641888048411497825e-01
4.000000000000000000e+00	3.807381747054694898e+00	3.492476399999999703e-01	6.628774583963688294e-02
