Time(s)\disp(mm)\Force(Lb)\Force(Lb)
0.000000000000000000e+00	4.424612266205035560e+00	-1.250136640000000021e+00	1.371635199193141919e+00
1.001001001001000992e-03	4.438814702262789957e+00	-1.204809959999999958e+00	1.404268885526979593e+00
2.002002002002001985e-03	4.448651274143208489e+00	-1.211285200000000062e+00	1.175833081190116092e+00
3.003003003003002977e-03	4.452289774349952545e+00	-1.146532799999999908e+00	1.436902571860817046e+00
4.004004004004003969e-03	4.450156996632918194e+00	-1.017028000000000043e+00	1.077932022188603289e+00
5.005005005005004962e-03	4.443395999380151729e+00	-8.292460400000000176e-01	1.208466767523953767e+00
6.006006006006005954e-03	4.432138051494147746e+00	-6.026126399999999217e-01	7.515951588502269853e-01
7.007007007007006946e-03	4.416375142722190006e+00	-3.436030400000000262e-01	6.536940998487140719e-01
8.008008008008007939e-03	4.399074643048767719e+00	4.140000400000000136e-01	6.628774583963688294e-02
9.009009009009008931e-03	4.385832399041093232e+00	2.780200000000000449e-01	8.168625315179022239e-01
1.001001001001000992e-02	4.379621807636480568e+00	9.190687600000001511e-01	-8.474554715078166378e-01
1.101101101101101092e-02	4.377820950589563331e+00	5.888315200000000527e-01	-1.947817448310640853e-01
1.201201201201201191e-02	4.377185540319241674e+00	7.248115600000000214e-01	-3.905838628340898566e-01
1.301301301301301290e-02	4.378651330001932962e+00	-3.436030400000000262e-01	8.821299041855775735e-01
1.401401401401401389e-02	4.385328961308992746e+00	-5.702364399999999556e-01	7.515951588502269853e-01
1.501501501501501488e-02	4.398407610576644089e+00	-9.652260799999999863e-01	1.436902571860817046e+00
1.601601601601601588e-02	4.415013046805897012e+00	-1.172433759999999880e+00	1.404268885526979593e+00
1.701701701701701513e-02	4.430419880522477705e+00	-1.185384240000000089e+00	1.371635199193141919e+00
1.801801801801801786e-02	4.442035747451569705e+00	-1.230710920000000153e+00	1.469536258194654943e+00
1.901901901901902059e-02	4.449424078916882408e+00	-1.191859479999999971e+00	1.208466767523953767e+00
2.002002002002001985e-02	4.451777116679298985e+00	-1.191859479999999971e+00	1.567437317196167523e+00
2.102102102102101910e-02	4.448076107972127602e+00	-9.587508399999999931e-01	1.012664649520927940e+00
2.202202202202202183e-02	4.439069123065943145e+00	-8.745727199999999701e-01	1.175833081190116092e+00
2.302302302302302456e-02	4.426287114657946553e+00	-3.177020799999999978e-01	5.884267271810389444e-01
2.402402402402402382e-02	4.411067551943038900e+00	-2.205734800000000162e-01	5.884267271810389444e-01
2.502502502502502307e-02	4.396116092093008909e+00	5.629305600000000798e-01	-1.295143721633888190e-01
2.602602602602602580e-02	4.385205181115927608e+00	5.305543600000000026e-01	6.210604135148766192e-01
2.702702702702702853e-02	4.379806098170870854e+00	9.190687600000001511e-01	-9.779902168431670040e-01
2.802802802802802778e-02	4.377691939191136861e+00	5.240791200000000094e-01	-3.161331316187596802e-02
2.902902902902902704e-02	4.377365637208918692e+00	-5.221724000000000504e-02	-5.863859808371156834e-01
3.003003003003002977e-02	4.380888971747520344e+00	-2.594249200000000033e-01	8.494962178517398987e-01
3.103103103103103250e-02	4.389918577445633296e+00	-7.062164799999999243e-01	1.012664649520927940e+00
3.203203203203203175e-02	4.403510590958680915e+00	-1.004077520000000057e+00	1.502169944528492396e+00
3.303303303303303101e-02	4.419913114861307335e+00	-1.288988079999999981e+00	1.339001512859304244e+00
3.403403403403403027e-02	4.436036706258684958e+00	-1.217760439999999944e+00	1.436902571860817046e+00
3.503503503503503647e-02	4.447354428186353736e+00	-1.204809959999999958e+00	1.339001512859304244e+00
3.603603603603603572e-02	4.451601560181233985e+00	-1.159483280000000116e+00	1.306367826525466569e+00
3.703703703703703498e-02	4.450091892269722571e+00	-1.127107080000000039e+00	1.404268885526979593e+00
3.803803803803804118e-02	4.444448792387474256e+00	-7.968698400000000515e-01	1.077932022188603289e+00
3.903903903903904044e-02	4.434661879060045386e+00	-8.227708000000000244e-01	9.473972768532528121e-01
4.004004004004003969e-02	4.420782864005410318e+00	-4.407316399999999801e-01	5.557930408472013806e-01
4.104104104104103895e-02	4.404905667763325816e+00	2.844952399999999826e-01	2.947235501765002597e-01
4.204204204204203821e-02	4.390951140099371486e+00	-1.336580000000000407e-02	-6.424699949571360813e-02
4.304304304304304440e-02	4.382256892416990013e+00	7.960392000000000579e-01	-3.579501765002521818e-01
4.404404404404404366e-02	4.378664066441079861e+00	7.442372800000001121e-01	-5.537522945032778976e-01
4.504504504504504292e-02	4.377289248098247043e+00	6.147324800000000256e-01	3.365405950579927752e-02
4.604604604604604912e-02	4.377673803563125077e+00	2.715447599999999961e-01	5.231593545133637058e-01
4.704704704704704837e-02	4.382907985284323793e+00	-5.702364399999999556e-01	8.494962178517398987e-01
4.804804804804804763e-02	4.394229743629406215e+00	-8.098203199999999269e-01	1.339001512859304244e+00
4.904904904904904689e-02	4.409362664858025305e+00	-9.587508399999999931e-01	1.404268885526979593e+00
5.005005005005004615e-02	4.425519457739521378e+00	-1.237186160000000035e+00	1.371635199193141919e+00
5.105105105105105234e-02	4.439886665389445319e+00	-1.211285200000000062e+00	1.436902571860817046e+00
5.205205205205205160e-02	4.449550265367056667e+00	-1.224235680000000048e+00	1.241100453857791219e+00
5.305305305305305086e-02	4.452758526972638187e+00	-1.165958519999999998e+00	1.436902571860817046e+00
5.405405405405405705e-02	4.449710345764428254e+00	-1.017028000000000043e+00	1.077932022188603289e+00
5.505505505505505631e-02	4.442020586806985527e+00	-8.098203199999999269e-01	1.273734140191629116e+00
5.605605605605605557e-02	4.430573543761756383e+00	-6.155631200000000192e-01	7.189614725163894215e-01
5.705705705705705483e-02	4.415795311239802068e+00	-3.177020799999999978e-01	6.863277861825517467e-01
5.805805805805805409e-02	4.400544786012910770e+00	4.075248000000000759e-01	6.628774583963688294e-02
5.905905905905906028e-02	4.389014089648847872e+00	2.585942800000000097e-01	9.147635905194151373e-01
6.006006006006005954e-02	4.382401722742452321e+00	9.125935200000000469e-01	-9.453565305093293292e-01
6.106106106106105880e-02	4.378546813312432562e+00	5.694058000000000730e-01	-1.621480584972264660e-01
6.206206206206206499e-02	4.376599370746531825e+00	7.248115600000000214e-01	-3.253164901664145625e-01
6.306306306306305731e-02	4.378641661925790629e+00	-3.500782800000000750e-01	1.012664649520927940e+00
6.406406406406406351e-02	4.386066063639280976e+00	-5.637612000000000734e-01	7.842288451840646601e-01
6.506506506506506970e-02	4.398576111740500671e+00	-9.587508399999999931e-01	1.567437317196167523e+00
6.606606606606606202e-02	4.414522024116357635e+00	-1.191859479999999971e+00	1.371635199193141919e+00
6.706706706706706822e-02	4.430254897045354134e+00	-1.178908999999999985e+00	1.404268885526979593e+00
6.806806806806806054e-02	4.442572070398781214e+00	-1.243661399999999917e+00	1.404268885526979593e+00
6.906906906906906674e-02	4.450245478615769024e+00	-1.191859479999999971e+00	1.175833081190116092e+00
7.007007007007007293e-02	4.452395623405046798e+00	-1.204809959999999958e+00	1.534803630862329848e+00
7.107107107107106525e-02	4.448330825835155267e+00	-9.393251199999999024e-01	1.012664649520927940e+00
7.207207207207207145e-02	4.439003536913594949e+00	-8.875231999999999566e-01	1.208466767523953767e+00
7.307307307307307764e-02	4.426446474070501402e+00	-3.436030400000000262e-01	5.884267271810389444e-01
7.407407407407406996e-02	4.411678917561248525e+00	-2.140982399999999952e-01	6.536940998487140719e-01
7.507507507507507616e-02	4.396577928614390451e+00	5.370296000000001069e-01	-1.295143721633888190e-01
7.607607607607608236e-02	4.385784350708369139e+00	5.046534000000000297e-01	7.189614725163894215e-01
7.707707707707707467e-02	4.381057496779382276e+00	9.061182800000000537e-01	-9.779902168431670040e-01
7.807807807807808087e-02	4.378623688597501840e+00	5.111286400000001340e-01	3.365405950579927752e-02
7.907907907907907319e-02	4.376922607905299856e+00	-1.984104000000000423e-02	-5.863859808371156834e-01
8.008008008008007939e-02	4.379737438296116281e+00	-2.723753999999999897e-01	9.473972768532528121e-01
8.108108108108108558e-02	4.389652643799092147e+00	-7.191669600000000218e-01	9.473972768532528121e-01
8.208208208208207790e-02	4.404469909681526296e+00	-1.004077520000000057e+00	1.469536258194654943e+00
8.308308308308308410e-02	4.420279035184426775e+00	-1.301938559999999967e+00	1.306367826525466569e+00
8.408408408408407642e-02	4.434777749092497778e+00	-1.204809959999999958e+00	1.469536258194654943e+00
8.508508508508508261e-02	4.446261195324047399e+00	-1.217760439999999944e+00	1.371635199193141919e+00
8.608608608608608881e-02	4.452341496446419633e+00	-1.172433759999999880e+00	1.339001512859304244e+00
8.708708708708708113e-02	4.452103591971094509e+00	-1.133582319999999921e+00	1.469536258194654943e+00
8.808808808808808732e-02	4.446286264541771338e+00	-7.968698400000000515e-01	1.045298335854765615e+00
8.908908908908909352e-02	4.435393889732301531e+00	-8.421965199999998930e-01	9.473972768532528121e-01
9.009009009009008584e-02	4.420727070832629835e+00	-4.601573600000000153e-01	5.231593545133637058e-01
9.109109109109109204e-02	4.405192747467387981e+00	2.780200000000000449e-01	3.599909228441755538e-01
9.209209209209209823e-02	4.391957493271377189e+00	-1.984104000000000423e-02	-9.688068582955121355e-02
9.309309309309309055e-02	4.383147825239846362e+00	7.766134800000000782e-01	-2.600491174987393794e-01
9.409409409409409675e-02	4.378536228590919954e+00	7.442372800000001121e-01	-5.863859808371156834e-01
9.509509509509508907e-02	4.376674704036267904e+00	6.017820000000000391e-01	1.020373171961676869e-03
9.609609609609609526e-02	4.377434477492074372e+00	2.262180799999999881e-01	4.905256681795260310e-01
9.709709709709710146e-02	4.382358895113857677e+00	-5.831869200000000530e-01	8.168625315179022239e-01
9.809809809809809378e-02	4.393284471616261122e+00	-8.162955600000000311e-01	1.241100453857791219e+00
9.909909909909909997e-02	4.409089972793450940e+00	-9.587508399999999931e-01	1.436902571860817046e+00
1.001001001001000923e-01	4.425575927880358584e+00	-1.250136640000000021e+00	1.339001512859304244e+00
1.011011011011010985e-01	4.439562841657751058e+00	-1.217760439999999944e+00	1.436902571860817046e+00
1.021021021021021047e-01	4.449320361105311150e+00	-1.217760439999999944e+00	1.208466767523953767e+00
1.031031031031030970e-01	4.453301450567650477e+00	-1.153008040000000012e+00	1.436902571860817046e+00
1.041041041041041032e-01	4.451033301194065928e+00	-1.029978480000000030e+00	1.110565708522440964e+00
1.051051051051051094e-01	4.443268646117961573e+00	-8.227708000000000244e-01	1.175833081190116092e+00
1.061061061061061017e-01	4.431229269744376253e+00	-6.155631200000000192e-01	6.863277861825517467e-01
1.071071071071071079e-01	4.416127586077634781e+00	-3.500782800000000750e-01	6.536940998487140719e-01
1.081081081081081141e-01	4.400305607266770558e+00	4.075248000000000759e-01	6.628774583963688294e-02
1.091091091091091064e-01	4.388281447600488328e+00	2.585942800000000097e-01	9.147635905194151373e-01
1.101101101101101126e-01	4.382344713806808123e+00	9.125935200000000469e-01	-9.453565305093293292e-01
1.111111111111111049e-01	4.379264969045284062e+00	5.758810400000000662e-01	-9.688068582955121355e-02
1.121121121121121111e-01	4.377180603106544332e+00	7.183363200000001392e-01	-3.253164901664145625e-01
1.131131131131131173e-01	4.379247146726390483e+00	-3.306525599999999843e-01	9.473972768532528121e-01
1.141141141141141097e-01	4.386817455564198553e+00	-5.767116799999999488e-01	7.842288451840646601e-01
1.151151151151151159e-01	4.398406824353396694e+00	-9.652260799999999863e-01	1.469536258194654943e+00
1.161161161161161082e-01	4.413614217356190750e+00	-1.185384240000000089e+00	1.339001512859304244e+00
1.171171171171171144e-01	4.430665136567371931e+00	-1.191859479999999971e+00	1.436902571860817046e+00
1.181181181181181206e-01	4.444758452745255717e+00	-1.243661399999999917e+00	1.436902571860817046e+00
1.191191191191191129e-01	4.452135106020116417e+00	-1.198334720000000075e+00	1.175833081190116092e+00
1.201201201201201191e-01	4.452730467534419034e+00	-1.198334720000000075e+00	1.632704689863842651e+00
1.211211211211211253e-01	4.448291797905230993e+00	-9.652260799999999863e-01	1.045298335854765615e+00
1.221221221221221176e-01	4.439826222370101938e+00	-8.939984399999999498e-01	1.241100453857791219e+00
1.231231231231231238e-01	4.427300080535307103e+00	-3.306525599999999843e-01	5.884267271810389444e-01
1.241241241241241300e-01	4.411426093272055482e+00	-2.270487200000000094e-01	6.536940998487140719e-01
1.251251251251251362e-01	4.395677094904832494e+00	5.176038800000000162e-01	-9.688068582955121355e-02
1.261261261261261146e-01	4.384805900127277667e+00	4.917029200000000433e-01	6.863277861825517467e-01
1.271271271271271208e-01	4.379754404562827830e+00	9.061182800000000537e-01	-9.779902168431670040e-01
1.281281281281281270e-01	4.377220017504408034e+00	5.111286400000001340e-01	6.628774583963688294e-02
1.291291291291291332e-01	4.376442085185617614e+00	-1.336580000000000407e-02	-5.863859808371156834e-01
1.301301301301301394e-01	4.380774361137069306e+00	-2.594249200000000033e-01	8.821299041855775735e-01
1.311311311311311179e-01	4.391329806044134365e+00	-7.321174399999998972e-01	9.147635905194151373e-01
1.321321321321321240e-01	4.405506531737992226e+00	-1.010552759999999939e+00	1.502169944528492396e+00
1.331331331331331302e-01	4.420732849592303282e+00	-1.301938559999999967e+00	1.371635199193141919e+00
1.341341341341341364e-01	4.435048292781582191e+00	-1.230710920000000153e+00	1.371635199193141919e+00
1.351351351351351426e-01	4.446042923781100775e+00	-1.224235680000000048e+00	1.404268885526979593e+00
1.361361361361361211e-01	4.451354323115190859e+00	-1.191859479999999971e+00	1.339001512859304244e+00
1.371371371371371273e-01	4.450450340531282301e+00	-1.140057560000000025e+00	1.436902571860817046e+00
1.381381381381381335e-01	4.445247917401092153e+00	-7.968698400000000515e-01	1.077932022188603289e+00
1.391391391391391397e-01	4.436331760185542983e+00	-8.357212800000000108e-01	9.473972768532528121e-01
1.401401401401401459e-01	4.422089838998839895e+00	-4.536821200000000776e-01	5.231593545133637058e-01
1.411411411411411521e-01	4.404564197907218315e+00	2.844952399999999826e-01	2.947235501765002597e-01
1.421421421421421305e-01	4.389837363994007369e+00	-3.926676000000000472e-02	-9.688068582955121355e-02
1.431431431431431367e-01	4.381799474998268273e+00	7.701382400000000850e-01	-2.274154311649017046e-01
1.441441441441441429e-01	4.379021615500615638e+00	7.312868000000000146e-01	-5.863859808371156834e-01
1.451451451451451491e-01	4.377866156177074863e+00	5.953067600000000459e-01	3.365405950579927752e-02
1.461461461461461553e-01	4.378314996171015494e+00	2.262180799999999881e-01	5.231593545133637058e-01
1.471471471471471337e-01	4.383249375949556104e+00	-5.572859600000000802e-01	9.147635905194151373e-01
1.481481481481481399e-01	4.393370460642006314e+00	-8.227708000000000244e-01	1.241100453857791219e+00
1.491491491491491461e-01	4.407573768217673660e+00	-9.458003599999998956e-01	1.436902571860817046e+00
1.501501501501501523e-01	4.424179475046941867e+00	-1.250136640000000021e+00	1.371635199193141919e+00
1.511511511511511585e-01	4.439406033978016808e+00	-1.224235680000000048e+00	1.436902571860817046e+00
1.521521521521521647e-01	4.449249534781370308e+00	-1.237186160000000035e+00	1.143199394856278639e+00
1.531531531531531432e-01	4.452413079502352211e+00	-1.159483280000000116e+00	1.502169944528492396e+00
1.541541541541541493e-01	4.449509290251652871e+00	-1.029978480000000030e+00	1.045298335854765615e+00
1.551551551551551555e-01	4.442064836750525103e+00	-8.292460400000000176e-01	1.208466767523953767e+00
1.561561561561561617e-01	4.431244251994228556e+00	-6.155631200000000192e-01	6.863277861825517467e-01
1.571571571571571679e-01	4.416711614478725068e+00	-3.565535200000000127e-01	7.515951588502269853e-01
1.581581581581581464e-01	4.400067013850329722e+00	4.140000400000000136e-01	1.315551185073121632e-01
1.591591591591591526e-01	4.386817441991254896e+00	2.456437999999999955e-01	8.494962178517398987e-01
1.601601601601601588e-01	4.380415870336120676e+00	8.996430400000000605e-01	-9.127228441754917654e-01
1.611611611611611650e-01	4.378265064571023046e+00	5.694058000000000730e-01	-1.947817448310640853e-01
1.621621621621621712e-01	4.377283281328931963e+00	7.053858400000000417e-01	-2.926828038325769432e-01
1.631631631631631496e-01	4.378347024882493166e+00	-3.436030400000000262e-01	9.473972768532528121e-01
1.641641641641641558e-01	4.383948452551216235e+00	-5.896621600000000463e-01	7.842288451840646601e-01
1.651651651651651620e-01	4.395607550162475619e+00	-9.587508399999999931e-01	1.469536258194654943e+00
1.661661661661661682e-01	4.412325737754557942e+00	-1.198334720000000075e+00	1.339001512859304244e+00
1.671671671671671744e-01	4.429961084099657498e+00	-1.185384240000000089e+00	1.404268885526979593e+00
1.681681681681681528e-01	4.443649357349852558e+00	-1.250136640000000021e+00	1.436902571860817046e+00
1.691691691691691590e-01	4.450795140718621923e+00	-1.185384240000000089e+00	1.208466767523953767e+00
1.701701701701701652e-01	4.451473609779900364e+00	-1.185384240000000089e+00	1.567437317196167523e+00
1.711711711711711714e-01	4.446999377023470146e+00	-9.458003599999998956e-01	1.012664649520927940e+00
1.721721721721721776e-01	4.438440199134182862e+00	-9.004736800000000541e-01	1.175833081190116092e+00
1.731731731731731838e-01	4.426358305968930651e+00	-3.371277999999999775e-01	5.884267271810389444e-01
1.741741741741741623e-01	4.410962825283645472e+00	-2.011477600000000088e-01	5.884267271810389444e-01
1.751751751751751685e-01	4.394256608886148108e+00	5.176038800000000162e-01	-9.688068582955121355e-02
1.761761761761761746e-01	4.382280687854698265e+00	4.981781600000000365e-01	7.189614725163894215e-01
1.771771771771771808e-01	4.378346474653003639e+00	9.061182800000000537e-01	-9.453565305093293292e-01
1.781781781781781870e-01	4.377780161390638192e+00	5.046534000000000297e-01	3.365405950579927752e-02
1.791791791791791655e-01	4.377110240934674046e+00	-4.153200000000037417e-04	-6.190196671709531362e-01
1.801801801801801717e-01	4.379938710092267762e+00	-2.723753999999999897e-01	9.147635905194151373e-01
1.811811811811811779e-01	4.389565156889486452e+00	-7.191669600000000218e-01	9.800309631870904870e-01
1.821821821821821841e-01	4.404105806111480170e+00	-1.010552759999999939e+00	1.502169944528492396e+00
1.831831831831831903e-01	4.419779968182817598e+00	-1.308413800000000071e+00	1.371635199193141919e+00
1.841841841841841965e-01	4.434252032427011159e+00	-1.217760439999999944e+00	1.436902571860817046e+00
1.851851851851851749e-01	4.445997662523833327e+00	-1.224235680000000048e+00	1.339001512859304244e+00
1.861861861861861811e-01	4.452514478289903543e+00	-1.165958519999999998e+00	1.371635199193141919e+00
1.871871871871871873e-01	4.452511144914244490e+00	-1.127107080000000039e+00	1.469536258194654943e+00
1.881881881881881935e-01	4.447446801006089245e+00	-7.903945999999999472e-01	1.045298335854765615e+00
1.891891891891891997e-01	4.437393882022959701e+00	-8.162955600000000311e-01	9.473972768532528121e-01
1.901901901901901781e-01	4.421954424501930880e+00	-4.601573600000000153e-01	5.557930408472013806e-01
1.911911911911911843e-01	4.405330572228328911e+00	2.780200000000000449e-01	3.599909228441755538e-01
1.921921921921921905e-01	4.392632744519818999e+00	-4.153200000000037417e-04	-9.688068582955121355e-02
1.931931931931931967e-01	4.384502661532892809e+00	7.636630000000000917e-01	-2.926828038325769432e-01
1.941941941941942029e-01	4.379111855440064538e+00	7.248115600000000214e-01	-5.211186081694403338e-01
1.951951951951951814e-01	4.375935060385876874e+00	5.758810400000000662e-01	3.365405950579927752e-02
1.961961961961961876e-01	4.376650886868249657e+00	1.938418799999999942e-01	5.231593545133637058e-01
1.971971971971971938e-01	4.382932854433547298e+00	-5.572859600000000802e-01	8.494962178517398987e-01
1.981981981981981999e-01	4.394064966790580229e+00	-8.227708000000000244e-01	1.306367826525466569e+00
1.991991991991992061e-01	4.408058571385439883e+00	-9.652260799999999863e-01	1.371635199193141919e+00
2.002002002002001846e-01	4.423349258318002519e+00	-1.237186160000000035e+00	1.404268885526979593e+00
2.012012012012011908e-01	4.437650091917296535e+00	-1.211285200000000062e+00	1.404268885526979593e+00
2.022022022022021970e-01	4.447681840997329772e+00	-1.211285200000000062e+00	1.208466767523953767e+00
2.032032032032032032e-01	4.451591308110593559e+00	-1.165958519999999998e+00	1.404268885526979593e+00
2.042042042042042094e-01	4.449709404526393186e+00	-1.036453719999999912e+00	1.110565708522440964e+00
2.052052052052052156e-01	4.442896919152706126e+00	-8.357212800000000108e-01	1.143199394856278639e+00
2.062062062062061940e-01	4.431611260129823648e+00	-6.090878800000000259e-01	6.536940998487140719e-01
2.072072072072072002e-01	4.416722668606742452e+00	-3.436030400000000262e-01	7.515951588502269853e-01
2.082082082082082064e-01	4.401010272481496344e+00	4.204752800000000068e-01	6.628774583963688294e-02
2.092092092092092126e-01	4.388428101110575241e+00	2.650695199999999474e-01	9.147635905194151373e-01
2.102102102102102188e-01	4.381080153852477288e+00	8.996430400000000605e-01	-9.453565305093293292e-01
2.112112112112111972e-01	4.377789965455652244e+00	5.629305600000000798e-01	-1.947817448310640853e-01
2.122122122122122034e-01	4.376536098748974091e+00	6.859601199999999510e-01	-3.579501765002521818e-01
2.132132132132132096e-01	4.377914249595657559e+00	-3.371277999999999775e-01	1.045298335854765615e+00
2.142142142142142158e-01	4.384421842795124036e+00	-6.026126399999999217e-01	7.189614725163894215e-01
2.152152152152152220e-01	4.397006590139117321e+00	-9.587508399999999931e-01	1.469536258194654943e+00
2.162162162162162282e-01	4.413578000590546502e+00	-1.204809959999999958e+00	1.371635199193141919e+00
2.172172172172172067e-01	4.430363173825345058e+00	-1.178908999999999985e+00	1.469536258194654943e+00
2.182182182182182129e-01	4.444025944388711125e+00	-1.250136640000000021e+00	1.436902571860817046e+00
2.192192192192192191e-01	4.452001694967074208e+00	-1.178908999999999985e+00	1.208466767523953767e+00
2.202202202202202252e-01	4.452979957289979751e+00	-1.185384240000000089e+00	1.567437317196167523e+00
2.212212212212212314e-01	4.448557871535639308e+00	-9.652260799999999863e-01	9.800309631870904870e-01
2.222222222222222099e-01	4.440734503053025861e+00	-9.004736800000000541e-01	1.241100453857791219e+00
2.232232232232232161e-01	4.428346116095513096e+00	-3.371277999999999775e-01	5.557930408472013806e-01
2.242242242242242223e-01	4.411581407428042390e+00	-2.205734800000000162e-01	5.884267271810389444e-01
2.252252252252252285e-01	4.395825651352148533e+00	4.981781600000000365e-01	-9.688068582955121355e-02
2.262262262262262347e-01	4.385474800798043304e+00	5.046534000000000297e-01	7.189614725163894215e-01
2.272272272272272131e-01	4.379489741178466566e+00	8.866925599999999630e-01	-9.779902168431670040e-01
2.282282282282282193e-01	4.375560365613440084e+00	5.046534000000000297e-01	6.628774583963688294e-02
2.292292292292292255e-01	4.374536087324986333e+00	1.253515999999999658e-02	-5.537522945032778976e-01
2.302302302302302317e-01	4.379190751223800859e+00	-2.788506400000000385e-01	8.821299041855775735e-01
2.312312312312312379e-01	4.389648769714357357e+00	-7.126917200000000285e-01	9.800309631870904870e-01
2.322322322322322163e-01	4.403286156230644011e+00	-9.976022799999999524e-01	1.534803630862329848e+00
2.332332332332332225e-01	4.418507023123805055e+00	-1.308413800000000071e+00	1.339001512859304244e+00
2.342342342342342287e-01	4.434063402571408297e+00	-1.224235680000000048e+00	1.436902571860817046e+00
2.352352352352352349e-01	4.446860876614080915e+00	-1.224235680000000048e+00	1.339001512859304244e+00
2.362362362362362411e-01	4.453629551874493941e+00	-1.159483280000000116e+00	1.306367826525466569e+00
2.372372372372372473e-01	4.453622938010996180e+00	-1.133582319999999921e+00	1.371635199193141919e+00
2.382382382382382258e-01	4.448472188222987178e+00	-7.968698400000000515e-01	1.045298335854765615e+00
2.392392392392392320e-01	4.439059819080781288e+00	-8.227708000000000244e-01	9.800309631870904870e-01
2.402402402402402382e-01	4.424723292774396022e+00	-4.536821200000000776e-01	5.557930408472013806e-01
2.412412412412412444e-01	4.406768488232695624e+00	3.298219200000001017e-01	2.947235501765002597e-01
2.422422422422422505e-01	4.390884900835656524e+00	-2.631628000000000439e-02	-9.688068582955121355e-02
2.432432432432432290e-01	4.382572782747566897e+00	7.571877599999999875e-01	-2.926828038325769432e-01
2.442442442442442352e-01	4.380139205833607718e+00	7.053858400000000417e-01	-5.537522945032778976e-01
2.452452452452452414e-01	4.378549218224631723e+00	5.758810400000000662e-01	3.365405950579927752e-02
2.462462462462462476e-01	4.378089116200237108e+00	1.938418799999999942e-01	5.884267271810389444e-01
2.472472472472472538e-01	4.382559473064269184e+00	-5.702364399999999556e-01	8.494962178517398987e-01
2.482482482482482600e-01	4.393608150133685442e+00	-8.033450799999999337e-01	1.273734140191629116e+00
2.492492492492492384e-01	4.409357412622101791e+00	-9.522755999999999998e-01	1.469536258194654943e+00
2.502502502502502724e-01	4.425488284357253832e+00	-1.243661399999999917e+00	1.339001512859304244e+00
2.512512512512512508e-01	4.438593980165303599e+00	-1.211285200000000062e+00	1.404268885526979593e+00
2.522522522522522292e-01	4.447849832866767272e+00	-1.217760439999999944e+00	1.241100453857791219e+00
2.532532532532532632e-01	4.452992691684587889e+00	-1.159483280000000116e+00	1.469536258194654943e+00
2.542542542542542416e-01	4.453253270709474521e+00	-1.029978480000000030e+00	1.110565708522440964e+00
2.552552552552552756e-01	4.447762771768522860e+00	-8.357212800000000108e-01	1.175833081190116092e+00
2.562562562562562540e-01	4.436107089487873800e+00	-6.090878800000000259e-01	7.189614725163894215e-01
2.572572572572572325e-01	4.419580386532651062e+00	-3.436030400000000262e-01	7.189614725163894215e-01
2.582582582582582664e-01	4.402272936485173815e+00	4.269505200000000000e-01	1.020373171961676869e-03
2.592592592592592449e-01	4.389833892975663510e+00	2.391685600000000023e-01	9.147635905194151373e-01
2.602602602602602788e-01	4.384062738210024790e+00	8.931677999999999562e-01	-9.127228441754917654e-01
2.612612612612612573e-01	4.380715538646998475e+00	5.499800799999999823e-01	-1.295143721633888190e-01
2.622622622622622357e-01	4.377450458916887222e+00	7.053858400000000417e-01	-2.926828038325769432e-01
2.632632632632632697e-01	4.378191193469497478e+00	-3.565535200000000127e-01	1.012664649520927940e+00
2.642642642642642481e-01	4.385989362588532003e+00	-5.702364399999999556e-01	8.168625315179022239e-01
2.652652652652652820e-01	4.399110197143690115e+00	-9.458003599999998956e-01	1.469536258194654943e+00
2.662662662662662605e-01	4.414967497680361674e+00	-1.198334720000000075e+00	1.371635199193141919e+00
2.672672672672672389e-01	4.431682630231857267e+00	-1.185384240000000089e+00	1.404268885526979593e+00
2.682682682682682729e-01	4.445830418074590895e+00	-1.243661399999999917e+00	1.469536258194654943e+00
2.692692692692692513e-01	4.453690325541609596e+00	-1.178908999999999985e+00	1.241100453857791219e+00
2.702702702702702853e-01	4.454981660392679288e+00	-1.211285200000000062e+00	1.567437317196167523e+00
2.712712712712712637e-01	4.451324673989716096e+00	-9.458003599999998956e-01	1.045298335854765615e+00
2.722722722722722422e-01	4.442810563918484945e+00	-9.069489200000000473e-01	1.241100453857791219e+00
2.732732732732732761e-01	4.429292845683532320e+00	-3.241773200000000466e-01	6.210604135148766192e-01
2.742742742742742545e-01	4.413014092300117319e+00	-1.881972800000000223e-01	6.536940998487140719e-01
2.752752752752752885e-01	4.398251091958263359e+00	4.852276800000000501e-01	-9.688068582955121355e-02
2.762762762762762669e-01	4.388184317578060600e+00	4.787524399999999458e-01	7.189614725163894215e-01
2.772772772772773009e-01	4.382390187410903692e+00	8.996430400000000605e-01	-9.453565305093293292e-01
2.782782782782782793e-01	4.378779465808016802e+00	4.917029200000000433e-01	1.020373171961676869e-03
2.792792792792792578e-01	4.377289565930737147e+00	-3.279152000000000455e-02	-5.863859808371156834e-01
2.802802802802802917e-01	4.379748229882812538e+00	-2.853258800000000317e-01	9.473972768532528121e-01
2.812812812812812702e-01	4.387790915874688835e+00	-7.191669600000000218e-01	9.147635905194151373e-01
2.822822822822823041e-01	4.401740316661223673e+00	-1.004077520000000057e+00	1.534803630862329848e+00
2.832832832832832826e-01	4.419373468687236794e+00	-1.288988079999999981e+00	1.339001512859304244e+00
2.842842842842842610e-01	4.436090117889958329e+00	-1.230710920000000153e+00	1.404268885526979593e+00
2.852852852852852950e-01	4.447701834222502981e+00	-1.198334720000000075e+00	1.371635199193141919e+00
2.862862862862862734e-01	4.453051364691048342e+00	-1.159483280000000116e+00	1.339001512859304244e+00
2.872872872872873073e-01	4.453565234806114326e+00	-1.120631839999999935e+00	1.371635199193141919e+00
2.882882882882882858e-01	4.449914596005103640e+00	-7.968698400000000515e-01	1.077932022188603289e+00
2.892892892892892642e-01	4.440237791561386871e+00	-8.357212800000000108e-01	9.800309631870904870e-01
2.902902902902902982e-01	4.424174232133969653e+00	-4.407316399999999801e-01	5.231593545133637058e-01
2.912912912912912766e-01	4.406449199992909627e+00	2.909704799999999758e-01	3.926246091780131731e-01
2.922922922922923106e-01	4.392736856896103603e+00	-5.221724000000000504e-02	1.020373171961676869e-03
2.932932932932932890e-01	4.384983250565419155e+00	7.442372800000001121e-01	-2.600491174987393794e-01
2.942942942942942675e-01	4.381285506129533935e+00	7.248115600000000214e-01	-5.537522945032778976e-01
2.952952952952953014e-01	4.378623741865101060e+00	5.823562799999999484e-01	1.020373171961676869e-03
2.962962962962962798e-01	4.377722912662938448e+00	2.132676000000000016e-01	5.557930408472013806e-01
2.972972972972973138e-01	4.382210929693205692e+00	-5.702364399999999556e-01	8.494962178517398987e-01
2.982982982982982922e-01	4.392986360201810214e+00	-8.227708000000000244e-01	1.273734140191629116e+00
2.992992992992992707e-01	4.408028727488524368e+00	-9.263746400000000270e-01	1.371635199193141919e+00
3.003003003003003046e-01	4.424567094906586284e+00	-1.230710920000000153e+00	1.404268885526979593e+00
3.013013013013012831e-01	4.439387435468997722e+00	-1.211285200000000062e+00	1.436902571860817046e+00
3.023023023023023170e-01	4.449816982353306472e+00	-1.224235680000000048e+00	1.241100453857791219e+00
3.033033033033032955e-01	4.454578777575222581e+00	-1.172433759999999880e+00	1.469536258194654943e+00
3.043043043043043294e-01	4.453244183829218272e+00	-1.029978480000000030e+00	1.110565708522440964e+00
3.053053053053053079e-01	4.445816355419717425e+00	-8.486717599999999972e-01	1.241100453857791219e+00
3.063063063063062863e-01	4.433358105852996722e+00	-6.026126399999999217e-01	7.189614725163894215e-01
3.073073073073073203e-01	4.417963822716666655e+00	-3.177020799999999978e-01	7.189614725163894215e-01
3.083083083083082987e-01	4.402048816577295298e+00	4.010495599999999716e-01	9.892143217347457163e-02
3.093093093093093326e-01	4.388934360772326571e+00	2.521190400000000165e-01	9.473972768532528121e-01
3.103103103103103111e-01	4.381465597853217986e+00	8.931677999999999562e-01	-9.453565305093293292e-01
3.113113113113112895e-01	4.378529385954434083e+00	5.564553199999999755e-01	-1.947817448310640853e-01
3.123123123123123235e-01	4.377366667798082922e+00	7.053858400000000417e-01	-2.600491174987393794e-01
3.133133133133133019e-01	4.378825954950301025e+00	-3.500782800000000750e-01	9.800309631870904870e-01
3.143143143143143359e-01	4.385743827938687112e+00	-5.702364399999999556e-01	8.168625315179022239e-01
3.153153153153153143e-01	4.398324136381305038e+00	-9.522755999999999998e-01	1.436902571860817046e+00
3.163163163163162928e-01	4.414015430408631424e+00	-1.204809959999999958e+00	1.404268885526979593e+00
3.173173173173173267e-01	4.429909745316273018e+00	-1.185384240000000089e+00	1.404268885526979593e+00
3.183183183183183051e-01	4.443424802056122225e+00	-1.224235680000000048e+00	1.436902571860817046e+00
3.193193193193193391e-01	4.451732008919578654e+00	-1.159483280000000116e+00	1.241100453857791219e+00
3.203203203203203175e-01	4.453640315177818998e+00	-1.191859479999999971e+00	1.534803630862329848e+00
3.213213213213212960e-01	4.450629416329691779e+00	-9.652260799999999863e-01	1.077932022188603289e+00
3.223223223223223299e-01	4.443227986067667779e+00	-9.198994000000000337e-01	1.208466767523953767e+00
3.233233233233233084e-01	4.430404575686482715e+00	-3.371277999999999775e-01	5.884267271810389444e-01
3.243243243243243423e-01	4.413523615479620688e+00	-2.011477600000000088e-01	6.536940998487140719e-01
3.253253253253253208e-01	4.397294102179809094e+00	4.658019600000000704e-01	-6.424699949571360813e-02
3.263263263263262992e-01	4.386382467211591418e+00	4.787524399999999458e-01	7.189614725163894215e-01
3.273273273273273332e-01	4.381165908069592163e+00	8.996430400000000605e-01	-9.779902168431670040e-01
3.283283283283283116e-01	4.378208424239015351e+00	5.046534000000000297e-01	3.365405950579927752e-02
3.293293293293293456e-01	4.376392322028491932e+00	-4.153200000000037417e-04	-4.884849218356027145e-01
3.303303303303303240e-01	4.379121841654199265e+00	-2.659001599999999965e-01	9.147635905194151373e-01
3.313313313313313024e-01	4.388544170620377827e+00	-6.932660000000000489e-01	9.473972768532528121e-01
3.323323323323323364e-01	4.402724265882421051e+00	-9.781765600000000838e-01	1.502169944528492396e+00
3.333333333333333148e-01	4.419096605834822888e+00	-1.295463320000000085e+00	1.339001512859304244e+00
3.343343343343343488e-01	4.434994587940739308e+00	-1.211285200000000062e+00	1.436902571860817046e+00
3.353353353353353272e-01	4.446937045731558236e+00	-1.211285200000000062e+00	1.339001512859304244e+00
3.363363363363363057e-01	4.452786107156075701e+00	-1.172433759999999880e+00	1.306367826525466569e+00
3.373373373373373396e-01	4.452576340595118864e+00	-1.127107080000000039e+00	1.404268885526979593e+00
3.383383383383383181e-01	4.447583538584940932e+00	-8.098203199999999269e-01	1.110565708522440964e+00
3.393393393393393520e-01	4.438572391019601326e+00	-8.421965199999998930e-01	9.473972768532528121e-01
3.403403403403403304e-01	4.425044147312000575e+00	-4.407316399999999801e-01	5.231593545133637058e-01
3.413413413413413644e-01	4.408230587726041705e+00	2.844952399999999826e-01	3.273572365103378790e-01
3.423423423423423428e-01	4.393193844967549389e+00	-4.574200000000000488e-02	-3.161331316187596802e-02
3.433433433433433213e-01	4.384323879007109959e+00	7.571877599999999875e-01	-2.274154311649017046e-01
3.443443443443443552e-01	4.380182728812432202e+00	7.312868000000000146e-01	-5.863859808371156834e-01
3.453453453453453337e-01	4.377453161762342226e+00	5.953067600000000459e-01	1.020373171961676869e-03
3.463463463463463676e-01	4.377191745055138306e+00	1.938418799999999942e-01	5.557930408472013806e-01
3.473473473473473461e-01	4.382366582999233984e+00	-5.443354799999999827e-01	8.168625315179022239e-01
3.483483483483483245e-01	4.393094366016356389e+00	-8.162955600000000311e-01	1.273734140191629116e+00
3.493493493493493585e-01	4.407429032325244300e+00	-9.522755999999999998e-01	1.404268885526979593e+00
3.503503503503503369e-01	4.423613872197239338e+00	-1.224235680000000048e+00	1.339001512859304244e+00
3.513513513513513709e-01	4.439484531423168789e+00	-1.204809959999999958e+00	1.436902571860817046e+00
3.523523523523523493e-01	4.451246535645487334e+00	-1.211285200000000062e+00	1.175833081190116092e+00
3.533533533533533277e-01	4.455432252443345398e+00	-1.165958519999999998e+00	1.404268885526979593e+00
3.543543543543543617e-01	4.452310930224442131e+00	-1.023503240000000147e+00	1.110565708522440964e+00
3.553553553553553401e-01	4.444780187406164984e+00	-8.421965199999998930e-01	1.175833081190116092e+00
3.563563563563563741e-01	4.434182652469996100e+00	-6.155631200000000192e-01	7.515951588502269853e-01
3.573573573573573525e-01	4.419981934210378327e+00	-3.371277999999999775e-01	6.863277861825517467e-01
3.583583583583583310e-01	4.403052923059300738e+00	4.140000400000000136e-01	6.628774583963688294e-02
3.593593593593593649e-01	4.387898124982051229e+00	2.521190400000000165e-01	9.800309631870904870e-01
3.603603603603603434e-01	4.379634544923405315e+00	8.866925599999999630e-01	-9.779902168431670040e-01
3.613613613613613773e-01	4.377710556623156890e+00	5.564553199999999755e-01	-1.621480584972264660e-01
3.623623623623623557e-01	4.377312613736513036e+00	7.053858400000000417e-01	-3.579501765002521818e-01
3.633633633633633342e-01	4.378084323289280988e+00	-3.500782800000000750e-01	9.147635905194151373e-01
3.643643643643643681e-01	4.384553783518442494e+00	-5.637612000000000734e-01	8.168625315179022239e-01
3.653653653653653466e-01	4.397738267669614842e+00	-9.458003599999998956e-01	1.502169944528492396e+00
3.663663663663663805e-01	4.413682552122837777e+00	-1.211285200000000062e+00	1.306367826525466569e+00
3.673673673673673590e-01	4.429148456668218437e+00	-1.185384240000000089e+00	1.371635199193141919e+00
3.683683683683683929e-01	4.442430339041778531e+00	-1.230710920000000153e+00	1.436902571860817046e+00
3.693693693693693714e-01	4.451031121510514055e+00	-1.185384240000000089e+00	1.208466767523953767e+00
3.703703703703703498e-01	4.453249128110716271e+00	-1.172433759999999880e+00	1.600071003530005198e+00
3.713713713713713838e-01	4.449741541423040125e+00	-9.652260799999999863e-01	9.800309631870904870e-01
3.723723723723723622e-01	4.441551438905405824e+00	-9.263746400000000270e-01	1.273734140191629116e+00
3.733733733733733962e-01	4.428905513666625104e+00	-3.241773200000000466e-01	6.210604135148766192e-01
3.743743743743743746e-01	4.413101464931985518e+00	-1.817220400000000013e-01	6.210604135148766192e-01
3.753753753753753530e-01	4.397976439477033317e+00	4.463762399999999797e-01	-6.424699949571360813e-02
3.763763763763763870e-01	4.387246495940188673e+00	4.917029200000000433e-01	7.189614725163894215e-01
3.773773773773773654e-01	4.381080012595711004e+00	8.866925599999999630e-01	-8.800891578416540906e-01
3.783783783783783994e-01	4.377628179564419852e+00	4.981781600000000365e-01	-3.161331316187596802e-02
3.793793793793793778e-01	4.376225357574557329e+00	-4.153200000000037417e-04	-6.190196671709531362e-01
3.803803803803803563e-01	4.378393859253694842e+00	-2.594249200000000033e-01	8.494962178517398987e-01
3.813813813813813902e-01	4.387122786528263596e+00	-7.126917200000000285e-01	9.800309631870904870e-01
3.823823823823823687e-01	4.402654272380827294e+00	-9.911270399999999592e-01	1.469536258194654943e+00
3.833833833833834026e-01	4.420264675972614299e+00	-1.288988079999999981e+00	1.339001512859304244e+00
3.843843843843843811e-01	4.435306175920936234e+00	-1.211285200000000062e+00	1.469536258194654943e+00
3.853853853853853595e-01	4.446368141576145128e+00	-1.211285200000000062e+00	1.404268885526979593e+00
3.863863863863863934e-01	4.452659283636231535e+00	-1.172433759999999880e+00	1.273734140191629116e+00
3.873873873873873719e-01	4.453148984530058030e+00	-1.127107080000000039e+00	1.404268885526979593e+00
3.883883883883884058e-01	4.448032891723812554e+00	-8.098203199999999269e-01	1.045298335854765615e+00
3.893893893893893843e-01	4.438214497854988672e+00	-8.227708000000000244e-01	9.800309631870904870e-01
3.903903903903903627e-01	4.424147562858349758e+00	-4.666325999999999530e-01	5.884267271810389444e-01
3.913913913913913967e-01	4.407296236489171015e+00	2.909704799999999758e-01	3.599909228441755538e-01
3.923923923923923751e-01	4.392269510541497723e+00	-4.574200000000000488e-02	-3.161331316187596802e-02
3.933933933933934091e-01	4.383597036153988213e+00	7.636630000000000917e-01	-3.253164901664145625e-01
3.943943943943943875e-01	4.379934476383438913e+00	7.248115600000000214e-01	-5.863859808371156834e-01
3.953953953953953659e-01	4.376894082108854889e+00	5.888315200000000527e-01	3.365405950579927752e-02
3.963963963963963999e-01	4.375423816905801289e+00	2.003171200000000152e-01	5.557930408472013806e-01
3.973973973973973783e-01	4.380593415764193033e+00	-5.637612000000000734e-01	8.494962178517398987e-01
3.983983983983984123e-01	4.393077566753067487e+00	-8.033450799999999337e-01	1.306367826525466569e+00
3.993993993993993907e-01	4.408590850230543090e+00	-9.458003599999998956e-01	1.436902571860817046e+00
4.004004004004003692e-01	4.423809885066563474e+00	-1.250136640000000021e+00	1.436902571860817046e+00
4.014014014014014031e-01	4.437632212945898047e+00	-1.211285200000000062e+00	1.404268885526979593e+00
4.024024024024023816e-01	4.448414546833096672e+00	-1.217760439999999944e+00	1.208466767523953767e+00
4.034034034034034155e-01	4.453675369383487848e+00	-1.165958519999999998e+00	1.469536258194654943e+00
4.044044044044043940e-01	4.452379741632060295e+00	-1.023503240000000147e+00	1.077932022188603289e+00
4.054054054054054279e-01	4.445464828224399589e+00	-8.616222399999999837e-01	1.241100453857791219e+00
4.064064064064064064e-01	4.434092706547070328e+00	-6.155631200000000192e-01	7.189614725163894215e-01
4.074074074074073848e-01	4.419303683220573653e+00	-3.500782800000000750e-01	5.884267271810389444e-01
4.084084084084084187e-01	4.403523787189230987e+00	4.010495599999999716e-01	9.892143217347457163e-02
4.094094094094093972e-01	4.390446634672771964e+00	2.456437999999999955e-01	9.473972768532528121e-01
4.104104104104104311e-01	4.382753794075836318e+00	9.061182800000000537e-01	-8.474554715078166378e-01
4.114114114114114096e-01	4.379824858066039717e+00	5.629305600000000798e-01	-1.621480584972264660e-01
4.124124124124123880e-01	4.379035140438743312e+00	6.989106000000000485e-01	-2.600491174987393794e-01
4.134134134134134220e-01	4.380413468968532342e+00	-3.436030400000000262e-01	9.473972768532528121e-01
4.144144144144144004e-01	4.386153771890284325e+00	-5.702364399999999556e-01	8.168625315179022239e-01
4.154154154154154344e-01	4.396703489888879268e+00	-9.328498800000000202e-01	1.436902571860817046e+00
4.164164164164164128e-01	4.411560004918126054e+00	-1.191859479999999971e+00	1.339001512859304244e+00
4.174174174174173912e-01	4.428846200524026777e+00	-1.172433759999999880e+00	1.371635199193141919e+00
4.184184184184184252e-01	4.443529368739762120e+00	-1.230710920000000153e+00	1.502169944528492396e+00
4.194194194194194036e-01	4.452206725296654177e+00	-1.165958519999999998e+00	1.241100453857791219e+00
4.204204204204204376e-01	4.455468340566487662e+00	-1.191859479999999971e+00	1.567437317196167523e+00
4.214214214214214160e-01	4.453026440008832409e+00	-9.522755999999999998e-01	1.045298335854765615e+00
4.224224224224223945e-01	4.443864243070199116e+00	-9.134241599999999295e-01	1.208466767523953767e+00
4.234234234234234284e-01	4.429765759542362069e+00	-3.241773200000000466e-01	6.536940998487140719e-01
4.244244244244244069e-01	4.413732536084855163e+00	-1.946725200000000155e-01	5.884267271810389444e-01
4.254254254254254408e-01	4.398729975365393230e+00	4.593267200000000772e-01	-3.161331316187596802e-02
4.264264264264264193e-01	4.387838108297133388e+00	4.917029200000000433e-01	7.189614725163894215e-01
4.274274274274273977e-01	4.381553039398906613e+00	8.996430400000000605e-01	-9.779902168431670040e-01
4.284284284284284317e-01	4.377629211419225896e+00	4.981781600000000365e-01	1.020373171961676869e-03
4.294294294294294101e-01	4.375979082586503033e+00	-6.890560000000003904e-03	-5.211186081694403338e-01
4.304304304304304440e-01	4.379468766627655718e+00	-2.529496800000000101e-01	9.147635905194151373e-01
4.314314314314314225e-01	4.388963765083258473e+00	-7.126917200000000285e-01	9.147635905194151373e-01
4.324324324324324564e-01	4.402894639721210979e+00	-9.846517999999999660e-01	1.534803630862329848e+00
4.334334334334334349e-01	4.419501344789140695e+00	-1.295463320000000085e+00	1.306367826525466569e+00
4.344344344344344133e-01	4.435298130794281590e+00	-1.198334720000000075e+00	1.404268885526979593e+00
4.354354354354354473e-01	4.446598083832384418e+00	-1.211285200000000062e+00	1.404268885526979593e+00
4.364364364364364257e-01	4.452467187055773934e+00	-1.165958519999999998e+00	1.339001512859304244e+00
4.374374374374374597e-01	4.452532662176102995e+00	-1.127107080000000039e+00	1.404268885526979593e+00
4.384384384384384381e-01	4.446684450043600023e+00	-7.968698400000000515e-01	1.077932022188603289e+00
4.394394394394394165e-01	4.436664357143268234e+00	-8.421965199999998930e-01	1.012664649520927940e+00
4.404404404404404505e-01	4.424066755221389258e+00	-4.666325999999999530e-01	5.557930408472013806e-01
4.414414414414414289e-01	4.409686204244620988e+00	2.780200000000000449e-01	3.273572365103378790e-01
4.424424424424424629e-01	4.395775508903221329e+00	-3.926676000000000472e-02	-3.161331316187596802e-02
4.434434434434434413e-01	4.385861768070669520e+00	7.442372800000001121e-01	-2.274154311649017046e-01
4.444444444444444198e-01	4.380724535026682354e+00	7.248115600000000214e-01	-6.190196671709531362e-01
4.454454454454454537e-01	4.377642831450720529e+00	5.888315200000000527e-01	1.020373171961676869e-03
4.464464464464464322e-01	4.376377376413187470e+00	1.873666400000000010e-01	5.231593545133637058e-01
4.474474474474474661e-01	4.380527031235283530e+00	-5.508107199999999759e-01	9.147635905194151373e-01
4.484484484484484446e-01	4.391584283644727194e+00	-8.033450799999999337e-01	1.273734140191629116e+00
4.494494494494494230e-01	4.407404052632265312e+00	-9.587508399999999931e-01	1.436902571860817046e+00
4.504504504504504570e-01	4.425125180770264066e+00	-1.230710920000000153e+00	1.306367826525466569e+00
4.514514514514514354e-01	4.441473961344996724e+00	-1.217760439999999944e+00	1.469536258194654943e+00
4.524524524524524693e-01	4.452052320877669445e+00	-1.230710920000000153e+00	1.208466767523953767e+00
4.534534534534534478e-01	4.454393273193668179e+00	-1.159483280000000116e+00	1.436902571860817046e+00
4.544544544544544262e-01	4.450983042837544090e+00	-1.042928960000000016e+00	1.077932022188603289e+00
4.554554554554554602e-01	4.444842855833051942e+00	-8.486717599999999972e-01	1.241100453857791219e+00
4.564564564564564386e-01	4.434653348120242811e+00	-6.026126399999999217e-01	6.863277861825517467e-01
4.574574574574574726e-01	4.418972192038998159e+00	-3.371277999999999775e-01	7.515951588502269853e-01
4.584584584584584510e-01	4.401556636544714074e+00	3.945743200000000339e-01	1.315551185073121632e-01
4.594594594594594295e-01	4.388875777004221490e+00	2.456437999999999955e-01	9.800309631870904870e-01
4.604604604604604634e-01	4.383123435781454802e+00	8.996430400000000605e-01	-8.474554715078166378e-01
4.614614614614614418e-01	4.380381585530347621e+00	5.499800799999999823e-01	-1.295143721633888190e-01
4.624624624624624758e-01	4.377948085419681945e+00	6.924353600000000553e-01	-2.600491174987393794e-01
4.634634634634634542e-01	4.378643961851234501e+00	-3.306525599999999843e-01	9.473972768532528121e-01
4.644644644644644327e-01	4.385615616860079058e+00	-5.702364399999999556e-01	8.168625315179022239e-01
4.654654654654654666e-01	4.398400250829658020e+00	-9.458003599999998956e-01	1.469536258194654943e+00
4.664664664664664451e-01	4.414203279258678947e+00	-1.217760439999999944e+00	1.371635199193141919e+00
4.674674674674674790e-01	4.429635051725220762e+00	-1.185384240000000089e+00	1.404268885526979593e+00
4.684684684684684575e-01	4.442425920034439812e+00	-1.230710920000000153e+00	1.436902571860817046e+00
4.694694694694694914e-01	4.451631345157801789e+00	-1.172433759999999880e+00	1.143199394856278639e+00
4.704704704704704699e-01	4.455263981308518417e+00	-1.191859479999999971e+00	1.632704689863842651e+00
4.714714714714714483e-01	4.451508092491404334e+00	-9.587508399999999931e-01	9.473972768532528121e-01
4.724724724724724823e-01	4.442012070173984917e+00	-9.134241599999999295e-01	1.241100453857791219e+00
4.734734734734734607e-01	4.429414959627340664e+00	-3.047516000000000114e-01	5.557930408472013806e-01
4.744744744744744946e-01	4.414177312131798203e+00	-2.011477600000000088e-01	6.536940998487140719e-01
4.754754754754754731e-01	4.398171345223597761e+00	4.399010000000000420e-01	-6.424699949571360813e-02
4.764764764764764515e-01	4.387021624911692008e+00	4.852276800000000501e-01	6.536940998487140719e-01
4.774774774774774855e-01	4.382746553875088935e+00	8.802173200000000808e-01	-1.010623903177004790e+00
4.784784784784784639e-01	4.380410624825190169e+00	5.046534000000000297e-01	3.365405950579927752e-02
4.794794794794794979e-01	4.377740180169906736e+00	-1.336580000000000407e-02	-6.516533535047908110e-01
4.804804804804804763e-01	4.379487522744840433e+00	-2.723753999999999897e-01	9.147635905194151373e-01
4.814814814814814548e-01	4.388912641124838032e+00	-7.126917200000000285e-01	9.800309631870904870e-01
4.824824824824824887e-01	4.403346111331622126e+00	-9.781765600000000838e-01	1.469536258194654943e+00
4.834834834834834671e-01	4.419719701816000601e+00	-1.288988079999999981e+00	1.339001512859304244e+00
4.844844844844845011e-01	4.435915966734109261e+00	-1.211285200000000062e+00	1.436902571860817046e+00
4.854854854854854795e-01	4.447848131919257320e+00	-1.224235680000000048e+00	1.339001512859304244e+00
4.864864864864864580e-01	4.453326832385618772e+00	-1.191859479999999971e+00	1.306367826525466569e+00
4.874874874874874919e-01	4.454013926356569009e+00	-1.127107080000000039e+00	1.404268885526979593e+00
4.884884884884884704e-01	4.450108651853271091e+00	-8.098203199999999269e-01	1.143199394856278639e+00
4.894894894894895043e-01	4.439908410851511000e+00	-8.227708000000000244e-01	1.012664649520927940e+00
4.904904904904904828e-01	4.424407140210135481e+00	-4.601573600000000153e-01	5.884267271810389444e-01
4.914914914914914612e-01	4.407140437271835687e+00	2.780200000000000449e-01	3.273572365103378790e-01
4.924924924924924952e-01	4.391981708020805897e+00	-5.869248000000000520e-02	-6.424699949571360813e-02
4.934934934934934736e-01	4.382837918461474302e+00	7.507125199999999943e-01	-2.600491174987393794e-01
4.944944944944945076e-01	4.379729003296059631e+00	7.183363200000001392e-01	-5.537522945032778976e-01
4.954954954954954860e-01	4.378259165761791749e+00	5.888315200000000527e-01	1.020373171961676869e-03
4.964964964964965199e-01	4.377780813380635294e+00	2.067923600000000084e-01	5.557930408472013806e-01
4.974974974974974984e-01	4.382361941267656213e+00	-5.637612000000000734e-01	8.821299041855775735e-01
4.984984984984984768e-01	4.393359103299233404e+00	-8.162955600000000311e-01	1.273734140191629116e+00
4.994994994994995108e-01	4.408323589575010359e+00	-9.652260799999999863e-01	1.436902571860817046e+00
5.005005005005005447e-01	4.424781801893961308e+00	-1.224235680000000048e+00	1.339001512859304244e+00
5.015015015015015232e-01	4.439976317665245809e+00	-1.211285200000000062e+00	1.469536258194654943e+00
5.025025025025025016e-01	4.449828708191374993e+00	-1.204809959999999958e+00	1.208466767523953767e+00
5.035035035035034801e-01	4.452423333170986375e+00	-1.165958519999999998e+00	1.469536258194654943e+00
5.045045045045044585e-01	4.449613700093955515e+00	-1.036453719999999912e+00	1.110565708522440964e+00
5.055055055055055480e-01	4.443105741911224094e+00	-8.616222399999999837e-01	1.241100453857791219e+00
5.065065065065065264e-01	4.432547685820017236e+00	-6.155631200000000192e-01	6.863277861825517467e-01
5.075075075075075048e-01	4.417983128714724650e+00	-3.241773200000000466e-01	6.863277861825517467e-01
5.085085085085084833e-01	4.402178266211739022e+00	3.945743200000000339e-01	6.628774583963688294e-02
5.095095095095094617e-01	4.389856427432730968e+00	2.326933200000000090e-01	9.473972768532528121e-01
5.105105105105105512e-01	4.383172030939276098e+00	8.802173200000000808e-01	-8.800891578416540906e-01
5.115115115115115296e-01	4.379668523432918015e+00	5.629305600000000798e-01	-1.295143721633888190e-01
5.125125125125125081e-01	4.377034884805735437e+00	6.989106000000000485e-01	-2.926828038325769432e-01
5.135135135135134865e-01	4.376923551428085091e+00	-3.565535200000000127e-01	9.473972768532528121e-01
5.145145145145144649e-01	4.382682671087238191e+00	-5.572859600000000802e-01	8.821299041855775735e-01
5.155155155155155544e-01	4.395217733158198747e+00	-9.328498800000000202e-01	1.567437317196167523e+00
5.165165165165165329e-01	4.411805268762921450e+00	-1.191859479999999971e+00	1.339001512859304244e+00
5.175175175175175113e-01	4.428705327000509229e+00	-1.172433759999999880e+00	1.339001512859304244e+00
5.185185185185184897e-01	4.443019820184423097e+00	-1.217760439999999944e+00	1.436902571860817046e+00
5.195195195195194682e-01	4.452028656878829871e+00	-1.191859479999999971e+00	1.208466767523953767e+00
5.205205205205205576e-01	4.454098590904374433e+00	-1.204809959999999958e+00	1.567437317196167523e+00
5.215215215215215361e-01	4.450053946889949152e+00	-9.652260799999999863e-01	1.045298335854765615e+00
5.225225225225225145e-01	4.441719669009902560e+00	-9.263746400000000270e-01	1.241100453857791219e+00
5.235235235235234930e-01	4.429378967216338836e+00	-3.177020799999999978e-01	6.210604135148766192e-01
5.245245245245244714e-01	4.412915332371079913e+00	-1.946725200000000155e-01	6.536940998487140719e-01
5.255255255255255609e-01	4.396496023571579315e+00	4.528514799999999729e-01	-6.424699949571360813e-02
5.265265265265265393e-01	4.386522350341381937e+00	4.787524399999999458e-01	7.189614725163894215e-01
5.275275275275275177e-01	4.382798211039760083e+00	8.866925599999999630e-01	-9.779902168431670040e-01
5.285285285285284962e-01	4.379650119428554866e+00	4.917029200000000433e-01	3.365405950579927752e-02
5.295295295295294746e-01	4.376596492544289951e+00	-1.336580000000000407e-02	-5.537522945032778976e-01
5.305305305305305641e-01	4.378695341685871156e+00	-2.853258800000000317e-01	8.821299041855775735e-01
5.315315315315315425e-01	4.388195910845032799e+00	-7.062164799999999243e-01	9.473972768532528121e-01
5.325325325325325210e-01	4.403005215072980150e+00	-9.846517999999999660e-01	1.534803630862329848e+00
5.335335335335334994e-01	4.419309283111358511e+00	-1.295463320000000085e+00	1.339001512859304244e+00
5.345345345345344779e-01	4.433735392765710159e+00	-1.204809959999999958e+00	1.469536258194654943e+00
5.355355355355355673e-01	4.445172886417820379e+00	-1.224235680000000048e+00	1.306367826525466569e+00
5.365365365365365458e-01	4.452533130146858475e+00	-1.165958519999999998e+00	1.306367826525466569e+00
5.375375375375375242e-01	4.453748709472436396e+00	-1.120631839999999935e+00	1.436902571860817046e+00
5.385385385385385026e-01	4.448687884955529803e+00	-8.162955600000000311e-01	1.045298335854765615e+00
5.395395395395394811e-01	4.438320469648657784e+00	-8.033450799999999337e-01	9.473972768532528121e-01
5.405405405405405705e-01	4.423689178676905698e+00	-4.536821200000000776e-01	5.231593545133637058e-01
5.415415415415415490e-01	4.407733391644516274e+00	2.715447599999999961e-01	3.273572365103378790e-01
5.425425425425425274e-01	4.394364822398449277e+00	-6.516772000000001230e-02	1.020373171961676869e-03
5.435435435435435059e-01	4.385886266007466894e+00	7.507125199999999943e-01	-2.274154311649017046e-01
5.445445445445444843e-01	4.381202676301097831e+00	7.248115600000000214e-01	-5.863859808371156834e-01
5.455455455455455738e-01	4.377775945570294702e+00	5.694058000000000730e-01	1.020373171961676869e-03
5.465465465465465522e-01	4.376591926131207622e+00	2.003171200000000152e-01	5.884267271810389444e-01
5.475475475475475307e-01	4.381376559440774976e+00	-5.508107199999999759e-01	8.494962178517398987e-01
5.485485485485485091e-01	4.393164265781676292e+00	-8.162955600000000311e-01	1.241100453857791219e+00
5.495495495495495986e-01	4.408864612718699227e+00	-9.522755999999999998e-01	1.371635199193141919e+00
5.505505505505505770e-01	4.424630647959120644e+00	-1.217760439999999944e+00	1.339001512859304244e+00
5.515515515515515554e-01	4.438551916059867430e+00	-1.211285200000000062e+00	1.436902571860817046e+00
5.525525525525525339e-01	4.449257758458236012e+00	-1.224235680000000048e+00	1.208466767523953767e+00
5.535535535535535123e-01	4.454574231650482830e+00	-1.185384240000000089e+00	1.469536258194654943e+00
5.545545545545546018e-01	4.453190552427623849e+00	-1.029978480000000030e+00	1.077932022188603289e+00
5.555555555555555802e-01	4.445842794947422405e+00	-8.616222399999999837e-01	1.208466767523953767e+00
5.565565565565565587e-01	4.434239118157635495e+00	-6.026126399999999217e-01	7.189614725163894215e-01
5.575575575575575371e-01	4.419482442334914829e+00	-3.436030400000000262e-01	6.536940998487140719e-01
5.585585585585585155e-01	4.403507217590015621e+00	3.945743200000000339e-01	1.315551185073121632e-01
5.595595595595596050e-01	4.390668824123440395e+00	2.521190400000000165e-01	9.473972768532528121e-01
5.605605605605605835e-01	4.383543155490436050e+00	8.866925599999999630e-01	-9.453565305093293292e-01
5.615615615615615619e-01	4.379985673107428923e+00	5.564553199999999755e-01	-1.621480584972264660e-01
5.625625625625625403e-01	4.377660963269840444e+00	7.118610800000001460e-01	-2.274154311649017046e-01
5.635635635635635188e-01	4.378390033839656859e+00	-3.436030400000000262e-01	9.800309631870904870e-01
5.645645645645646082e-01	4.385245919190405850e+00	-5.637612000000000734e-01	8.494962178517398987e-01
5.655655655655655867e-01	4.397810665032435118e+00	-9.263746400000000270e-01	1.436902571860817046e+00
5.665665665665665651e-01	4.413363165707082203e+00	-1.217760439999999944e+00	1.371635199193141919e+00
5.675675675675675436e-01	4.429244717370793616e+00	-1.159483280000000116e+00	1.404268885526979593e+00
5.685685685685685220e-01	4.442818166434478577e+00	-1.243661399999999917e+00	1.436902571860817046e+00
5.695695695695696115e-01	4.452053870791981893e+00	-1.185384240000000089e+00	1.208466767523953767e+00
5.705705705705705899e-01	4.455423327319623539e+00	-1.191859479999999971e+00	1.600071003530005198e+00
5.715715715715715683e-01	4.451872339330356532e+00	-9.652260799999999863e-01	9.800309631870904870e-01
5.725725725725725468e-01	4.442336458567053725e+00	-9.198994000000000337e-01	1.175833081190116092e+00
5.735735735735735252e-01	4.429316019249047720e+00	-3.177020799999999978e-01	5.884267271810389444e-01
5.745745745745746147e-01	4.414580702051887684e+00	-1.881972800000000223e-01	6.863277861825517467e-01
5.755755755755755931e-01	4.400073451514141532e+00	4.204752800000000068e-01	-6.424699949571360813e-02
5.765765765765765716e-01	4.389295029577308327e+00	4.722772000000000081e-01	7.842288451840646601e-01
5.775775775775775500e-01	4.383141832528296256e+00	8.866925599999999630e-01	-9.779902168431670040e-01
5.785785785785785285e-01	4.378912138359451589e+00	4.917029200000000433e-01	3.365405950579927752e-02
5.795795795795796179e-01	4.376811823679593871e+00	1.253515999999999658e-02	-5.863859808371156834e-01
5.805805805805805964e-01	4.380350548864567983e+00	-2.788506400000000385e-01	8.494962178517398987e-01
5.815815815815815748e-01	4.389905724264158593e+00	-7.191669600000000218e-01	9.800309631870904870e-01
5.825825825825825532e-01	4.403011862798476450e+00	-9.911270399999999592e-01	1.502169944528492396e+00
5.835835835835835317e-01	4.418871336619740298e+00	-1.295463320000000085e+00	1.404268885526979593e+00
5.845845845845846211e-01	4.436222076383390167e+00	-1.211285200000000062e+00	1.469536258194654943e+00
5.855855855855855996e-01	4.450272529097753171e+00	-1.230710920000000153e+00	1.371635199193141919e+00
5.865865865865865780e-01	4.456842555602292144e+00	-1.172433759999999880e+00	1.371635199193141919e+00
5.875875875875875565e-01	4.456206661649383172e+00	-1.127107080000000039e+00	1.436902571860817046e+00
5.885885885885885349e-01	4.450453444080571863e+00	-8.227708000000000244e-01	1.012664649520927940e+00
5.895895895895896244e-01	4.440218355083660917e+00	-8.292460400000000176e-01	1.012664649520927940e+00
5.905905905905906028e-01	4.425513507068621344e+00	-4.601573600000000153e-01	5.557930408472013806e-01
5.915915915915915813e-01	4.408106169165340482e+00	2.715447599999999961e-01	3.273572365103378790e-01
5.925925925925925597e-01	4.392525913511422075e+00	-6.516772000000001230e-02	-3.161331316187596802e-02
5.935935935935935381e-01	4.383424426307254151e+00	7.507125199999999943e-01	-2.600491174987393794e-01
5.945945945945946276e-01	4.380375536073097820e+00	7.118610800000001460e-01	-5.537522945032778976e-01
5.955955955955956060e-01	4.378792519372825431e+00	5.823562799999999484e-01	3.365405950579927752e-02
5.965965965965965845e-01	4.377539188377148172e+00	1.808914000000000077e-01	5.557930408472013806e-01
5.975975975975975629e-01	4.381084378045287053e+00	-5.508107199999999759e-01	8.821299041855775735e-01
5.985985985985985414e-01	4.392489609683376983e+00	-8.033450799999999337e-01	1.273734140191629116e+00
5.995995995995996308e-01	4.408764771859227771e+00	-9.458003599999998956e-01	1.469536258194654943e+00
6.006006006006006093e-01	4.425222256013366717e+00	-1.217760439999999944e+00	1.306367826525466569e+00
6.016016016016015877e-01	4.439443142612175208e+00	-1.198334720000000075e+00	1.404268885526979593e+00
6.026026026026025662e-01	4.449728187950532821e+00	-1.217760439999999944e+00	1.208466767523953767e+00
6.036036036036035446e-01	4.454344845775322526e+00	-1.159483280000000116e+00	1.436902571860817046e+00
6.046046046046046341e-01	4.453121789139080633e+00	-1.042928960000000016e+00	1.110565708522440964e+00
6.056056056056056125e-01	4.447164239075945602e+00	-8.551469999999999905e-01	1.208466767523953767e+00
6.066066066066065909e-01	4.436690334686210768e+00	-5.896621600000000463e-01	7.189614725163894215e-01
6.076076076076075694e-01	4.421819428597380863e+00	-3.306525599999999843e-01	7.515951588502269853e-01
6.086086086086086588e-01	4.405595790304504433e+00	3.945743200000000339e-01	1.315551185073121632e-01
6.096096096096096373e-01	4.392888926447390041e+00	2.391685600000000023e-01	9.473972768532528121e-01
6.106106106106106157e-01	4.385287611272321584e+00	8.866925599999999630e-01	-8.800891578416540906e-01
6.116116116116115942e-01	4.380218826068792204e+00	5.564553199999999755e-01	-1.621480584972264660e-01
6.126126126126125726e-01	4.376814631882221640e+00	6.859601199999999510e-01	-2.274154311649017046e-01
6.136136136136136621e-01	4.378116435467013012e+00	-3.436030400000000262e-01	1.012664649520927940e+00
6.146146146146146405e-01	4.386070385444623021e+00	-5.702364399999999556e-01	8.821299041855775735e-01
6.156156156156156189e-01	4.399219102306940243e+00	-9.328498800000000202e-01	1.502169944528492396e+00
6.166166166166165974e-01	4.415117187578480262e+00	-1.198334720000000075e+00	1.371635199193141919e+00
6.176176176176175758e-01	4.431103957254836523e+00	-1.178908999999999985e+00	1.371635199193141919e+00
6.186186186186186653e-01	4.444014900399915646e+00	-1.237186160000000035e+00	1.436902571860817046e+00
6.196196196196196437e-01	4.452035325661265475e+00	-1.178908999999999985e+00	1.208466767523953767e+00
6.206206206206206222e-01	4.454852455954300794e+00	-1.191859479999999971e+00	1.632704689863842651e+00
6.216216216216216006e-01	4.451797081090356656e+00	-9.458003599999998956e-01	9.800309631870904870e-01
6.226226226226225791e-01	4.442892241933817488e+00	-9.328498800000000202e-01	1.175833081190116092e+00
6.236236236236236685e-01	4.429786113819772275e+00	-3.177020799999999978e-01	6.210604135148766192e-01
6.246246246246246470e-01	4.414325939506238861e+00	-1.881972800000000223e-01	6.210604135148766192e-01
6.256256256256256254e-01	4.399000853189534155e+00	4.334257600000001043e-01	1.020373171961676869e-03
6.266266266266266038e-01	4.387758755194827387e+00	4.722772000000000081e-01	7.515951588502269853e-01
6.276276276276275823e-01	4.382416484466259199e+00	8.866925599999999630e-01	-1.010623903177004790e+00
6.286286286286286717e-01	4.380020992901292765e+00	4.917029200000000433e-01	1.020373171961676869e-03
6.296296296296296502e-01	4.378054733227080497e+00	-1.336580000000000407e-02	-4.884849218356027145e-01
6.306306306306306286e-01	4.379415473145347626e+00	-2.853258800000000317e-01	8.168625315179022239e-01
6.316316316316316071e-01	4.388191747620492578e+00	-6.997412400000000421e-01	9.800309631870904870e-01
6.326326326326325855e-01	4.403331685422604558e+00	-9.911270399999999592e-01	1.534803630862329848e+00
6.336336336336336750e-01	4.420385088065423851e+00	-1.288988079999999981e+00	1.306367826525466569e+00
6.346346346346346534e-01	4.436074571787709253e+00	-1.211285200000000062e+00	1.404268885526979593e+00
6.356356356356356319e-01	4.447922129646538103e+00	-1.204809959999999958e+00	1.436902571860817046e+00
6.366366366366366103e-01	4.454062338832772916e+00	-1.172433759999999880e+00	1.306367826525466569e+00
6.376376376376375887e-01	4.454577264603202913e+00	-1.114156600000000052e+00	1.436902571860817046e+00
6.386386386386386782e-01	4.449718785266100873e+00	-8.162955600000000311e-01	1.077932022188603289e+00
6.396396396396396566e-01	4.438963449934045791e+00	-8.357212800000000108e-01	9.800309631870904870e-01
6.406406406406406351e-01	4.423501766996395190e+00	-4.536821200000000776e-01	5.557930408472013806e-01
6.416416416416416135e-01	4.407228731950773692e+00	2.521190400000000165e-01	3.926246091780131731e-01
6.426426426426425920e-01	4.394458392170942140e+00	-6.516772000000001230e-02	3.365405950579927752e-02
6.436436436436436814e-01	4.386598533024796076e+00	7.507125199999999943e-01	-2.600491174987393794e-01
6.446446446446446599e-01	4.381665024776515871e+00	7.248115600000000214e-01	-5.537522945032778976e-01
6.456456456456456383e-01	4.378188780309419492e+00	5.758810400000000662e-01	3.365405950579927752e-02
6.466466466466466168e-01	4.377906042655557606e+00	1.808914000000000077e-01	5.884267271810389444e-01
6.476476476476475952e-01	4.383205416567920842e+00	-5.508107199999999759e-01	8.168625315179022239e-01
6.486486486486486847e-01	4.394017127888721674e+00	-8.162955600000000311e-01	1.241100453857791219e+00
6.496496496496496631e-01	4.408351255805004421e+00	-9.587508399999999931e-01	1.436902571860817046e+00
6.506506506506506415e-01	4.424053846801581535e+00	-1.217760439999999944e+00	1.371635199193141919e+00
6.516516516516516200e-01	4.438966844985015037e+00	-1.204809959999999958e+00	1.436902571860817046e+00
6.526526526526525984e-01	4.450192992436679873e+00	-1.211285200000000062e+00	1.208466767523953767e+00
6.536536536536536879e-01	4.455107081302900340e+00	-1.159483280000000116e+00	1.436902571860817046e+00
6.546546546546546663e-01	4.453174082293724467e+00	-1.036453719999999912e+00	1.110565708522440964e+00
6.556556556556556448e-01	4.445576189827243674e+00	-8.486717599999999972e-01	1.175833081190116092e+00
6.566566566566566232e-01	4.434239060412458855e+00	-6.220383600000000124e-01	7.189614725163894215e-01
6.576576576576576016e-01	4.420549223403574146e+00	-3.241773200000000466e-01	6.863277861825517467e-01
6.586586586586586911e-01	4.405196745054724694e+00	4.010495599999999716e-01	9.892143217347457163e-02
6.596596596596596696e-01	4.391225586270627090e+00	2.456437999999999955e-01	9.473972768532528121e-01
6.606606606606606480e-01	4.382605958175923355e+00	8.802173200000000808e-01	-9.453565305093293292e-01
6.616616616616616264e-01	4.378923740875126036e+00	5.499800799999999823e-01	-1.621480584972264660e-01
6.626626626626626049e-01	4.377412842542855564e+00	6.924353600000000553e-01	-2.274154311649017046e-01
6.636636636636636943e-01	4.378350377077202538e+00	-3.630287599999999504e-01	9.473972768532528121e-01
6.646646646646646728e-01	4.384326419147347664e+00	-5.637612000000000734e-01	8.494962178517398987e-01
6.656656656656656512e-01	4.396601471549855589e+00	-9.393251199999999024e-01	1.469536258194654943e+00
6.666666666666666297e-01	4.413273798683326810e+00	-1.204809959999999958e+00	1.339001512859304244e+00
6.676676676676676081e-01	4.429848691589758580e+00	-1.178908999999999985e+00	1.436902571860817046e+00
6.686686686686686976e-01	4.442601157760326380e+00	-1.243661399999999917e+00	1.436902571860817046e+00
6.696696696696696760e-01	4.450475574390638123e+00	-1.165958519999999998e+00	1.175833081190116092e+00
6.706706706706706544e-01	4.453469324668809293e+00	-1.204809959999999958e+00	1.567437317196167523e+00
6.716716716716716329e-01	4.451538233790886423e+00	-9.587508399999999931e-01	1.077932022188603289e+00
6.726726726726726113e-01	4.444241217987653592e+00	-9.522755999999999998e-01	1.273734140191629116e+00
6.736736736736737008e-01	4.431226238027472064e+00	-3.112268400000000046e-01	6.863277861825517467e-01
6.746746746746746792e-01	4.414306057907669611e+00	-1.687715600000000149e-01	6.210604135148766192e-01
6.756756756756756577e-01	4.398146154111631567e+00	4.269505200000000000e-01	1.020373171961676869e-03
6.766766766766766361e-01	4.387365424162278593e+00	4.658019600000000704e-01	7.842288451840646601e-01
6.776776776776777256e-01	4.381922777576624739e+00	8.866925599999999630e-01	-9.779902168431670040e-01
6.786786786786787040e-01	4.378219083545807244e+00	4.981781600000000365e-01	3.365405950579927752e-02
6.796796796796796825e-01	4.376017185633695128e+00	-4.153200000000037417e-04	-6.190196671709531362e-01
6.806806806806806609e-01	4.378911284292631656e+00	-2.723753999999999897e-01	8.821299041855775735e-01
6.816816816816816393e-01	4.388365408622387775e+00	-6.997412400000000421e-01	1.045298335854765615e+00
6.826826826826827288e-01	4.402304239885296511e+00	-9.781765600000000838e-01	1.567437317196167523e+00
6.836836836836837072e-01	4.418035247927951659e+00	-1.276037599999999994e+00	1.371635199193141919e+00
6.846846846846846857e-01	4.433543524135699521e+00	-1.211285200000000062e+00	1.436902571860817046e+00
6.856856856856856641e-01	4.445956756301946200e+00	-1.230710920000000153e+00	1.404268885526979593e+00
6.866866866866866426e-01	4.451876250824994052e+00	-1.178908999999999985e+00	1.306367826525466569e+00
6.876876876876877320e-01	4.451155880780951257e+00	-1.114156600000000052e+00	1.404268885526979593e+00
6.886886886886887105e-01	4.446130186077772883e+00	-8.098203199999999269e-01	1.045298335854765615e+00
6.896896896896896889e-01	4.437202818745905830e+00	-8.357212800000000108e-01	9.800309631870904870e-01
6.906906906906906674e-01	4.423801498097779117e+00	-4.472068799999999733e-01	5.884267271810389444e-01
6.916916916916916458e-01	4.407832216023945371e+00	2.844952399999999826e-01	3.599909228441755538e-01
6.926926926926927353e-01	4.393739538461356453e+00	-5.869248000000000520e-02	-3.161331316187596802e-02
6.936936936936937137e-01	4.384738259773903302e+00	7.507125199999999943e-01	-2.600491174987393794e-01
6.946946946946946921e-01	4.379823927923556681e+00	7.248115600000000214e-01	-5.537522945032778976e-01
6.956956956956956706e-01	4.377037959723423910e+00	5.823562799999999484e-01	3.365405950579927752e-02
6.966966966966966490e-01	4.377126146034850507e+00	1.744161599999999868e-01	5.557930408472013806e-01
6.976976976976977385e-01	4.381934348176347527e+00	-5.443354799999999827e-01	8.494962178517398987e-01
6.986986986986987169e-01	4.392174050167224841e+00	-7.839193599999999540e-01	1.306367826525466569e+00
6.996996996996996954e-01	4.407092221582006530e+00	-9.587508399999999931e-01	1.469536258194654943e+00
7.007007007007006738e-01	4.424183233733095300e+00	-1.211285200000000062e+00	1.371635199193141919e+00
7.017017017017016522e-01	4.439428564415876188e+00	-1.185384240000000089e+00	1.469536258194654943e+00
7.027027027027027417e-01	4.449587037709358484e+00	-1.217760439999999944e+00	1.175833081190116092e+00
7.037037037037037202e-01	4.453595798940733985e+00	-1.159483280000000116e+00	1.469536258194654943e+00
7.047047047047046986e-01	4.451662291146922357e+00	-1.017028000000000043e+00	1.175833081190116092e+00
7.057057057057056770e-01	4.444982254840815550e+00	-8.486717599999999972e-01	1.241100453857791219e+00
7.067067067067066555e-01	4.434715852292028693e+00	-6.155631200000000192e-01	7.189614725163894215e-01
7.077077077077077449e-01	4.420605983105084569e+00	-3.306525599999999843e-01	6.536940998487140719e-01
7.087087087087087234e-01	4.403847784924095343e+00	4.010495599999999716e-01	9.892143217347457163e-02
7.097097097097097018e-01	4.389806252188245494e+00	2.391685600000000023e-01	9.800309631870904870e-01
7.107107107107106803e-01	4.382695728211306374e+00	8.931677999999999562e-01	-9.127228441754917654e-01
7.117117117117116587e-01	4.379855786799070394e+00	5.499800799999999823e-01	-1.947817448310640853e-01
7.127127127127127482e-01	4.377386827031319427e+00	7.053858400000000417e-01	-2.600491174987393794e-01
7.137137137137137266e-01	4.377522857335399031e+00	-3.630287599999999504e-01	9.473972768532528121e-01
7.147147147147147050e-01	4.384392742181180580e+00	-5.572859600000000802e-01	8.494962178517398987e-01
7.157157157157156835e-01	4.397289122357251223e+00	-9.328498800000000202e-01	1.502169944528492396e+00
7.167167167167166619e-01	4.412901875991865452e+00	-1.224235680000000048e+00	1.371635199193141919e+00
7.177177177177177514e-01	4.429059372776802839e+00	-1.172433759999999880e+00	1.371635199193141919e+00
7.187187187187187298e-01	4.443093660015520641e+00	-1.230710920000000153e+00	1.502169944528492396e+00
7.197197197197197083e-01	4.452014770171368596e+00	-1.165958519999999998e+00	1.175833081190116092e+00
7.207207207207206867e-01	4.455068010978457949e+00	-1.204809959999999958e+00	1.600071003530005198e+00
7.217217217217216652e-01	4.452292287648026203e+00	-9.522755999999999998e-01	1.012664649520927940e+00
7.227227227227227546e-01	4.443356507603134276e+00	-9.458003599999998956e-01	1.241100453857791219e+00
7.237237237237237331e-01	4.429344496253253993e+00	-3.112268400000000046e-01	6.536940998487140719e-01
7.247247247247247115e-01	4.412997501325921057e+00	-1.817220400000000013e-01	6.536940998487140719e-01
7.257257257257256899e-01	4.397809930311494142e+00	4.140000400000000136e-01	-3.161331316187596802e-02
7.267267267267266684e-01	4.386901564308710810e+00	4.722772000000000081e-01	7.842288451840646601e-01
7.277277277277277578e-01	4.380803729572444460e+00	8.866925599999999630e-01	-1.010623903177004790e+00
7.287287287287287363e-01	4.377292666669736043e+00	4.917029200000000433e-01	9.892143217347457163e-02
7.297297297297297147e-01	4.375540498590082095e+00	-3.926676000000000472e-02	-5.211186081694403338e-01
7.307307307307306932e-01	4.378242801963663666e+00	-2.853258800000000317e-01	8.494962178517398987e-01
7.317317317317316716e-01	4.387326446309027794e+00	-6.997412400000000421e-01	9.800309631870904870e-01
7.327327327327327611e-01	4.401387062726088040e+00	-9.911270399999999592e-01	1.502169944528492396e+00
7.337337337337337395e-01	4.418054865412764265e+00	-1.282512840000000320e+00	1.371635199193141919e+00
7.347347347347347180e-01	4.434696936840698989e+00	-1.224235680000000048e+00	1.436902571860817046e+00
7.357357357357356964e-01	4.447714369136299695e+00	-1.211285200000000062e+00	1.404268885526979593e+00
7.367367367367367859e-01	4.454236506052909661e+00	-1.172433759999999880e+00	1.339001512859304244e+00
7.377377377377377643e-01	4.453972273167946305e+00	-1.120631839999999935e+00	1.436902571860817046e+00
7.387387387387387427e-01	4.448378706032548813e+00	-8.098203199999999269e-01	1.045298335854765615e+00
7.397397397397397212e-01	4.438619381906467432e+00	-8.357212800000000108e-01	1.012664649520927940e+00
7.407407407407406996e-01	4.424677231738607830e+00	-4.731078399999999462e-01	5.231593545133637058e-01
7.417417417417417891e-01	4.408225420691760377e+00	2.650695199999999474e-01	3.599909228441755538e-01
7.427427427427427675e-01	4.394600170960305086e+00	-9.106868000000001295e-02	3.365405950579927752e-02
7.437437437437437460e-01	4.386816956615540164e+00	7.377620400000000078e-01	-2.600491174987393794e-01
7.447447447447447244e-01	4.382147953587734790e+00	7.183363200000001392e-01	-5.211186081694403338e-01
7.457457457457457028e-01	4.378390616313566852e+00	5.758810400000000662e-01	3.365405950579927752e-02
7.467467467467467923e-01	4.377375757288488600e+00	2.132676000000000016e-01	5.557930408472013806e-01
7.477477477477477708e-01	4.381775976952298812e+00	-5.443354799999999827e-01	8.821299041855775735e-01
7.487487487487487492e-01	4.392534134130572809e+00	-7.968698400000000515e-01	1.241100453857791219e+00
7.497497497497497276e-01	4.408362503195899507e+00	-9.522755999999999998e-01	1.436902571860817046e+00
7.507507507507507061e-01	4.425954895848721371e+00	-1.217760439999999944e+00	1.371635199193141919e+00
7.517517517517517955e-01	4.441165155685139254e+00	-1.204809959999999958e+00	1.371635199193141919e+00
7.527527527527527740e-01	4.451142312500304676e+00	-1.224235680000000048e+00	1.241100453857791219e+00
7.537537537537537524e-01	4.455287656589182355e+00	-1.185384240000000089e+00	1.469536258194654943e+00
7.547547547547547309e-01	4.453940667163531764e+00	-1.029978480000000030e+00	1.077932022188603289e+00
7.557557557557557093e-01	4.447312559988652936e+00	-8.551469999999999905e-01	1.208466767523953767e+00
7.567567567567567988e-01	4.435381074568946147e+00	-6.090878800000000259e-01	7.189614725163894215e-01
7.577577577577577772e-01	4.419150336877402552e+00	-3.436030400000000262e-01	6.863277861825517467e-01
7.587587587587587556e-01	4.402596207825203223e+00	4.140000400000000136e-01	9.892143217347457163e-02
7.597597597597597341e-01	4.390355336397411712e+00	2.326933200000000090e-01	9.473972768532528121e-01
7.607607607607607125e-01	4.383685480518646038e+00	8.737420800000000876e-01	-8.800891578416540906e-01
7.617617617617618020e-01	4.380525994061367001e+00	5.435048399999999891e-01	-1.295143721633888190e-01
7.627627627627627804e-01	4.378554378295260285e+00	6.859601199999999510e-01	-3.253164901664145625e-01
7.637637637637637589e-01	4.378807017561538117e+00	-3.824544800000000411e-01	1.012664649520927940e+00
7.647647647647647373e-01	4.384761236588898825e+00	-5.637612000000000734e-01	8.168625315179022239e-01
7.657657657657657158e-01	4.397277508036818716e+00	-9.328498800000000202e-01	1.502169944528492396e+00
7.667667667667668052e-01	4.413705135430965321e+00	-1.217760439999999944e+00	1.339001512859304244e+00
7.677677677677677837e-01	4.430353964762868912e+00	-1.172433759999999880e+00	1.404268885526979593e+00
7.687687687687687621e-01	4.443760096982294350e+00	-1.217760439999999944e+00	1.502169944528492396e+00
7.697697697697697405e-01	4.451786031444235014e+00	-1.172433759999999880e+00	1.208466767523953767e+00
7.707707707707707190e-01	4.454447906888066022e+00	-1.204809959999999958e+00	1.632704689863842651e+00
7.717717717717718084e-01	4.452370128024768725e+00	-9.587508399999999931e-01	1.012664649520927940e+00
7.727727727727727869e-01	4.444737984318979152e+00	-9.328498800000000202e-01	1.306367826525466569e+00
7.737737737737737653e-01	4.430778903579681405e+00	-2.982763600000000181e-01	5.884267271810389444e-01
7.747747747747747438e-01	4.412855943990075858e+00	-1.752468000000000081e-01	6.536940998487140719e-01
7.757757757757757222e-01	4.396652844845019281e+00	4.204752800000000068e-01	-6.424699949571360813e-02
7.767767767767768117e-01	4.387205787037811611e+00	4.722772000000000081e-01	8.168625315179022239e-01
7.777777777777777901e-01	4.383802768755257873e+00	8.737420800000000876e-01	-9.779902168431670040e-01
7.787787787787787686e-01	4.381463375640071156e+00	5.046534000000000297e-01	6.628774583963688294e-02
7.797797797797797470e-01	4.378775879276557426e+00	-3.926676000000000472e-02	-5.537522945032778976e-01
7.807807807807807254e-01	4.379677699168396998e+00	-2.918011200000000249e-01	9.147635905194151373e-01
7.817817817817818149e-01	4.387496719613851681e+00	-7.191669600000000218e-01	9.800309631870904870e-01
7.827827827827827933e-01	4.401988657405272676e+00	-9.846517999999999660e-01	1.534803630862329848e+00
7.837837837837837718e-01	4.419652332906433223e+00	-1.288988079999999981e+00	1.371635199193141919e+00
7.847847847847847502e-01	4.435506959569951668e+00	-1.211285200000000062e+00	1.436902571860817046e+00
7.857857857857857287e-01	4.447159200598032491e+00	-1.217760439999999944e+00	1.404268885526979593e+00
7.867867867867868181e-01	4.453792907577431848e+00	-1.178908999999999985e+00	1.339001512859304244e+00
7.877877877877877966e-01	4.454033106044134271e+00	-1.107681359999999948e+00	1.404268885526979593e+00
7.887887887887887750e-01	4.448557563296419382e+00	-7.903945999999999472e-01	1.077932022188603289e+00
7.897897897897897534e-01	4.438809553187609502e+00	-8.421965199999998930e-01	9.800309631870904870e-01
7.907907907907907319e-01	4.424884042060737599e+00	-4.731078399999999462e-01	5.884267271810389444e-01
7.917917917917918214e-01	4.408696270988461841e+00	2.456437999999999955e-01	3.273572365103378790e-01
7.927927927927927998e-01	4.394853162623400422e+00	-7.164296000000000553e-02	1.020373171961676869e-03
7.937937937937937782e-01	4.386310749843803869e+00	7.507125199999999943e-01	-1.947817448310640853e-01
7.947947947947947567e-01	4.382095904146777521e+00	7.183363200000001392e-01	-5.211186081694403338e-01
7.957957957957957351e-01	4.380120651217423777e+00	5.823562799999999484e-01	6.628774583963688294e-02
7.967967967967968246e-01	4.379944128560752326e+00	1.938418799999999942e-01	5.557930408472013806e-01
7.977977977977978030e-01	4.383610950319066113e+00	-5.313849999999999962e-01	9.147635905194151373e-01
7.987987987987987815e-01	4.393903064535337855e+00	-8.098203199999999269e-01	1.306367826525466569e+00
7.997997997997997599e-01	4.409840670399225893e+00	-9.587508399999999931e-01	1.404268885526979593e+00
8.008008008008007383e-01	4.426881918166040819e+00	-1.224235680000000048e+00	1.339001512859304244e+00
8.018018018018018278e-01	4.441333799686717043e+00	-1.191859479999999971e+00	1.404268885526979593e+00
8.028028028028028062e-01	4.450902091630578816e+00	-1.211285200000000062e+00	1.241100453857791219e+00
8.038038038038037847e-01	4.454470336236123984e+00	-1.172433759999999880e+00	1.469536258194654943e+00
8.048048048048047631e-01	4.452782259204830062e+00	-1.029978480000000030e+00	1.143199394856278639e+00
8.058058058058058526e-01	4.446193350096335983e+00	-8.486717599999999972e-01	1.241100453857791219e+00
8.068068068068068310e-01	4.434208188892184488e+00	-5.961373999999999285e-01	7.515951588502269853e-01
8.078078078078078095e-01	4.418319362285664909e+00	-3.241773200000000466e-01	7.189614725163894215e-01
8.088088088088087879e-01	4.402428375545771821e+00	4.204752800000000068e-01	9.892143217347457163e-02
8.098098098098097664e-01	4.390605905831069578e+00	2.326933200000000090e-01	9.473972768532528121e-01
8.108108108108108558e-01	4.384192649012256027e+00	8.866925599999999630e-01	-8.800891578416540906e-01
8.118118118118118343e-01	4.380689907481027490e+00	5.564553199999999755e-01	-1.295143721633888190e-01
8.128128128128128127e-01	4.378188265902644538e+00	6.859601199999999510e-01	-2.926828038325769432e-01
8.138138138138137911e-01	4.379245678469662728e+00	-3.824544800000000411e-01	9.800309631870904870e-01
8.148148148148147696e-01	4.386450742450982432e+00	-5.443354799999999827e-01	8.168625315179022239e-01
8.158158158158158590e-01	4.398663406317763425e+00	-9.328498800000000202e-01	1.502169944528492396e+00
8.168168168168168375e-01	4.413970477809513682e+00	-1.217760439999999944e+00	1.339001512859304244e+00
8.178178178178178159e-01	4.430799823897642042e+00	-1.178908999999999985e+00	1.404268885526979593e+00
8.188188188188187944e-01	4.445496669428135483e+00	-1.237186160000000035e+00	1.469536258194654943e+00
8.198198198198197728e-01	4.453579466363740025e+00	-1.172433759999999880e+00	1.208466767523953767e+00
8.208208208208208623e-01	4.454635750422775153e+00	-1.204809959999999958e+00	1.600071003530005198e+00
8.218218218218218407e-01	4.451199924531400676e+00	-9.522755999999999998e-01	1.012664649520927940e+00
8.228228228228228192e-01	4.443547061524613540e+00	-9.393251199999999024e-01	1.273734140191629116e+00
8.238238238238237976e-01	4.430988557041155573e+00	-3.047516000000000114e-01	6.536940998487140719e-01
8.248248248248247760e-01	4.414795504642337498e+00	-1.363953600000000210e-01	6.863277861825517467e-01
8.258258258258258655e-01	4.398237838429279734e+00	4.334257600000001043e-01	-6.424699949571360813e-02
8.268268268268268439e-01	4.385959255647175148e+00	4.722772000000000081e-01	7.515951588502269853e-01
8.278278278278278224e-01	4.379937641797312153e+00	8.737420800000000876e-01	-9.453565305093293292e-01
8.288288288288288008e-01	4.377803093603056972e+00	4.981781600000000365e-01	6.628774583963688294e-02
8.298298298298297793e-01	4.377800050833483780e+00	-2.631628000000000439e-02	-5.537522945032778976e-01
8.308308308308308687e-01	4.381140681604499321e+00	-2.918011200000000249e-01	9.473972768532528121e-01
8.318318318318318472e-01	4.389689618361413359e+00	-6.997412400000000421e-01	9.800309631870904870e-01
8.328328328328328256e-01	4.403561888264632351e+00	-9.846517999999999660e-01	1.469536258194654943e+00
8.338338338338338041e-01	4.420016100312193608e+00	-1.288988079999999981e+00	1.371635199193141919e+00
8.348348348348347825e-01	4.435477212565997363e+00	-1.204809959999999958e+00	1.436902571860817046e+00
8.358358358358358720e-01	4.447801829995127854e+00	-1.204809959999999958e+00	1.436902571860817046e+00
8.368368368368368504e-01	4.454907225031411677e+00	-1.165958519999999998e+00	1.371635199193141919e+00
8.378378378378378288e-01	4.454831694835025502e+00	-1.120631839999999935e+00	1.436902571860817046e+00
8.388388388388388073e-01	4.448592249015456801e+00	-8.162955600000000311e-01	1.045298335854765615e+00
8.398398398398397857e-01	4.438393523624386106e+00	-8.292460400000000176e-01	9.800309631870904870e-01
8.408408408408408752e-01	4.424397965722398851e+00	-4.666325999999999530e-01	4.905256681795260310e-01
8.418418418418418536e-01	4.407884793287299985e+00	2.715447599999999961e-01	3.273572365103378790e-01
8.428428428428428321e-01	4.393553157785044405e+00	-6.516772000000001230e-02	3.365405950579927752e-02
8.438438438438438105e-01	4.384904802175040750e+00	7.571877599999999875e-01	-2.274154311649017046e-01
8.448448448448447889e-01	4.380345744356811899e+00	7.118610800000001460e-01	-5.537522945032778976e-01
8.458458458458458784e-01	4.376822483483116422e+00	5.694058000000000730e-01	6.628774583963688294e-02
8.468468468468468568e-01	4.375854338971371327e+00	1.808914000000000077e-01	4.905256681795260310e-01
8.478478478478478353e-01	4.381387952357314930e+00	-5.443354799999999827e-01	8.821299041855775735e-01
8.488488488488488137e-01	4.393428588105752652e+00	-8.162955600000000311e-01	1.273734140191629116e+00
8.498498498498497922e-01	4.408913361876767745e+00	-9.458003599999998956e-01	1.469536258194654943e+00
8.508508508508508816e-01	4.425455012034235303e+00	-1.224235680000000048e+00	1.404268885526979593e+00
8.518518518518518601e-01	4.440757094484519385e+00	-1.204809959999999958e+00	1.469536258194654943e+00
8.528528528528528385e-01	4.451574450552299389e+00	-1.211285200000000062e+00	1.241100453857791219e+00
8.538538538538538170e-01	4.455512454252295029e+00	-1.172433759999999880e+00	1.404268885526979593e+00
8.548548548548547954e-01	4.452684078095928477e+00	-1.042928960000000016e+00	1.110565708522440964e+00
8.558558558558558849e-01	4.444699124350860231e+00	-8.486717599999999972e-01	1.241100453857791219e+00
8.568568568568568633e-01	4.433288561194012267e+00	-6.090878800000000259e-01	7.515951588502269853e-01
8.578578578578578417e-01	4.419551755303390728e+00	-3.112268400000000046e-01	7.189614725163894215e-01
8.588588588588588202e-01	4.404698901124236343e+00	4.204752800000000068e-01	1.315551185073121632e-01
8.598598598598597986e-01	4.392232972339019881e+00	2.326933200000000090e-01	9.800309631870904870e-01
8.608608608608608881e-01	4.384870810117567075e+00	8.737420800000000876e-01	-8.800891578416540906e-01
8.618618618618618665e-01	4.380567736003918355e+00	5.435048399999999891e-01	-9.688068582955121355e-02
8.628628628628628450e-01	4.377703261701409332e+00	6.665344000000000824e-01	-1.947817448310640853e-01
8.638638638638638234e-01	4.379187996254234605e+00	-3.889297199999999788e-01	9.800309631870904870e-01
8.648648648648649129e-01	4.387009895693342543e+00	-5.572859600000000802e-01	8.821299041855775735e-01
8.658658658658658913e-01	4.399131671087443074e+00	-9.328498800000000202e-01	1.502169944528492396e+00
8.668668668668668698e-01	4.413609628846202781e+00	-1.224235680000000048e+00	1.339001512859304244e+00
8.678678678678678482e-01	4.429720628354730572e+00	-1.185384240000000089e+00	1.404268885526979593e+00
8.688688688688688266e-01	4.444593543676027991e+00	-1.230710920000000153e+00	1.469536258194654943e+00
8.698698698698699161e-01	4.453731886842434484e+00	-1.185384240000000089e+00	1.208466767523953767e+00
8.708708708708708945e-01	4.455397221319516099e+00	-1.224235680000000048e+00	1.567437317196167523e+00
8.718718718718718730e-01	4.451364597202148055e+00	-9.717013200000000905e-01	1.045298335854765615e+00
8.728728728728728514e-01	4.443226783615760844e+00	-9.458003599999998956e-01	1.273734140191629116e+00
8.738738738738738299e-01	4.430684455967848656e+00	-3.047516000000000114e-01	6.536940998487140719e-01
8.748748748748749193e-01	4.414282990338969093e+00	-1.493458400000000075e-01	6.863277861825517467e-01
8.758758758758758978e-01	4.398225061338631114e+00	4.204752800000000068e-01	-6.424699949571360813e-02
8.768768768768768762e-01	4.387681908516498197e+00	4.658019600000000704e-01	7.842288451840646601e-01
8.778778778778778547e-01	4.382827471704116462e+00	8.737420800000000876e-01	-8.800891578416540906e-01
8.788788788788788331e-01	4.379688666708663192e+00	4.917029200000000433e-01	9.892143217347457163e-02
8.798798798798799226e-01	4.377200957080701116e+00	-5.221724000000000504e-02	-5.537522945032778976e-01
8.808808808808809010e-01	4.378977210689847688e+00	-3.112268400000000046e-01	9.147635905194151373e-01
8.818818818818818794e-01	4.387885284681694031e+00	-6.997412400000000421e-01	1.012664649520927940e+00
8.828828828828828579e-01	4.402111809198881787e+00	-9.846517999999999660e-01	1.469536258194654943e+00
8.838838838838838363e-01	4.418059509265368057e+00	-1.288988079999999981e+00	1.371635199193141919e+00
8.848848848848849258e-01	4.433795826427102682e+00	-1.211285200000000062e+00	1.469536258194654943e+00
8.858858858858859042e-01	4.447127667648012483e+00	-1.198334720000000075e+00	1.436902571860817046e+00
8.868868868868868827e-01	4.454736644912348886e+00	-1.185384240000000089e+00	1.306367826525466569e+00
8.878878878878878611e-01	4.454978771955454775e+00	-1.114156600000000052e+00	1.371635199193141919e+00
8.888888888888888395e-01	4.448788049579118109e+00	-8.292460400000000176e-01	1.077932022188603289e+00
8.898898898898899290e-01	4.438185223248923172e+00	-8.162955600000000311e-01	9.147635905194151373e-01
8.908908908908909074e-01	4.424230097889370050e+00	-4.860583200000000437e-01	5.557930408472013806e-01
8.918918918918918859e-01	4.408151162989783600e+00	2.456437999999999955e-01	3.599909228441755538e-01
8.928928928928928643e-01	4.394364564219552349e+00	-8.459344000000000585e-02	3.365405950579927752e-02
8.938938938938938428e-01	4.386023950625214773e+00	7.377620400000000078e-01	-2.600491174987393794e-01
8.948948948948949322e-01	4.380663306162013271e+00	7.118610800000001460e-01	-5.211186081694403338e-01
8.958958958958959107e-01	4.376532066518547204e+00	5.694058000000000730e-01	3.365405950579927752e-02
8.968968968968968891e-01	4.376482983425133533e+00	1.938418799999999942e-01	5.884267271810389444e-01
8.978978978978978676e-01	4.382847661124422700e+00	-5.572859600000000802e-01	9.147635905194151373e-01
8.988988988988988460e-01	4.394357292157200057e+00	-7.968698400000000515e-01	1.273734140191629116e+00
8.998998998998999355e-01	4.408809080537392511e+00	-9.587508399999999931e-01	1.436902571860817046e+00
9.009009009009009139e-01	4.425108631280878946e+00	-1.191859479999999971e+00	1.371635199193141919e+00
9.019019019019018923e-01	4.440759429183538387e+00	-1.198334720000000075e+00	1.469536258194654943e+00
9.029029029029028708e-01	4.451051320161246494e+00	-1.230710920000000153e+00	1.273734140191629116e+00
9.039039039039038492e-01	4.453930016537809067e+00	-1.165958519999999998e+00	1.502169944528492396e+00
9.049049049049049387e-01	4.451987464046240461e+00	-1.042928960000000016e+00	1.110565708522440964e+00
9.059059059059059171e-01	4.446664217069917768e+00	-8.616222399999999837e-01	1.241100453857791219e+00
9.069069069069068956e-01	4.435482309593570704e+00	-6.026126399999999217e-01	7.189614725163894215e-01
9.079079079079078740e-01	4.418543546432097457e+00	-3.565535200000000127e-01	7.189614725163894215e-01
9.089089089089088525e-01	4.401432934505135286e+00	4.010495599999999716e-01	9.892143217347457163e-02
9.099099099099099419e-01	4.389626289408758097e+00	2.456437999999999955e-01	1.012664649520927940e+00
9.109109109109109204e-01	4.383873041975467011e+00	8.802173200000000808e-01	-8.474554715078166378e-01
9.119119119119118988e-01	4.380488933859379763e+00	5.370296000000001069e-01	-9.688068582955121355e-02
9.129129129129128772e-01	4.376919572014667636e+00	6.859601199999999510e-01	-1.621480584972264660e-01
9.139139139139138557e-01	4.376413004042640331e+00	-3.824544800000000411e-01	9.473972768532528121e-01
9.149149149149149451e-01	4.383509892227323235e+00	-5.508107199999999759e-01	8.821299041855775735e-01
9.159159159159159236e-01	4.397460607044403780e+00	-9.328498800000000202e-01	1.502169944528492396e+00
9.169169169169169020e-01	4.413648098152439303e+00	-1.224235680000000048e+00	1.371635199193141919e+00
9.179179179179178805e-01	4.429140317946642647e+00	-1.165958519999999998e+00	1.404268885526979593e+00
9.189189189189188589e-01	4.442844598725418592e+00	-1.237186160000000035e+00	1.502169944528492396e+00
9.199199199199199484e-01	4.452193969895046344e+00	-1.165958519999999998e+00	1.143199394856278639e+00
9.209209209209209268e-01	4.454979801128623684e+00	-1.204809959999999958e+00	1.632704689863842651e+00
9.219219219219219053e-01	4.451972499565998831e+00	-9.717013200000000905e-01	9.800309631870904870e-01
9.229229229229228837e-01	4.444134827992244574e+00	-9.458003599999998956e-01	1.273734140191629116e+00
9.239239239239238621e-01	4.431084025021747586e+00	-3.112268400000000046e-01	6.210604135148766192e-01
9.249249249249249516e-01	4.414270276850183805e+00	-1.752468000000000081e-01	6.536940998487140719e-01
9.259259259259259300e-01	4.398565166370870472e+00	3.880990800000000407e-01	-6.424699949571360813e-02
9.269269269269269085e-01	4.388522855932467159e+00	4.528514799999999729e-01	7.842288451840646601e-01
9.279279279279278869e-01	4.383732694176263323e+00	8.737420800000000876e-01	-8.800891578416540906e-01
9.289289289289288654e-01	4.380510183710726757e+00	4.722772000000000081e-01	3.365405950579927752e-02
9.299299299299299548e-01	4.378120360654543575e+00	-5.869248000000000520e-02	-5.537522945032778976e-01
9.309309309309309333e-01	4.379898004700460312e+00	-3.112268400000000046e-01	9.147635905194151373e-01
9.319319319319319117e-01	4.388154484205449180e+00	-7.126917200000000285e-01	9.800309631870904870e-01
9.329329329329328901e-01	4.401620016142238079e+00	-9.781765600000000838e-01	1.502169944528492396e+00
9.339339339339339796e-01	4.418033974838603939e+00	-1.288988079999999981e+00	1.371635199193141919e+00
9.349349349349349581e-01	4.434989435326484930e+00	-1.211285200000000062e+00	1.436902571860817046e+00
9.359359359359359365e-01	4.448684385544583009e+00	-1.204809959999999958e+00	1.339001512859304244e+00
9.369369369369369149e-01	4.455593983441526795e+00	-1.165958519999999998e+00	1.339001512859304244e+00
9.379379379379378934e-01	4.454863908731360844e+00	-1.127107080000000039e+00	1.469536258194654943e+00
9.389389389389389828e-01	4.448304897513761347e+00	-8.227708000000000244e-01	1.110565708522440964e+00
9.399399399399399613e-01	4.438154040126781830e+00	-8.292460400000000176e-01	1.012664649520927940e+00
9.409409409409409397e-01	4.424598960892590860e+00	-4.795830800000000504e-01	5.557930408472013806e-01
9.419419419419419182e-01	4.407616769516853772e+00	2.262180799999999881e-01	3.926246091780131731e-01
9.429429429429428966e-01	4.391798182835718656e+00	-1.104944000000000065e-01	-3.161331316187596802e-02
9.439439439439439861e-01	4.383407006575839482e+00	7.183363200000001392e-01	-2.274154311649017046e-01
9.449449449449449645e-01	4.381474689153996849e+00	6.924353600000000553e-01	-5.863859808371156834e-01
9.459459459459459429e-01	4.380222792839671087e+00	5.564553199999999755e-01	6.628774583963688294e-02
9.469469469469469214e-01	4.379199199436278889e+00	1.938418799999999942e-01	5.884267271810389444e-01
9.479479479479478998e-01	4.382556422134066487e+00	-5.313849999999999962e-01	9.147635905194151373e-01
9.489489489489489893e-01	4.392303010836001498e+00	-7.968698400000000515e-01	1.306367826525466569e+00
9.499499499499499677e-01	4.407702143588272392e+00	-9.652260799999999863e-01	1.469536258194654943e+00
9.509509509509509462e-01	4.425518193468357175e+00	-1.224235680000000048e+00	1.371635199193141919e+00
9.519519519519519246e-01	4.440165090999782294e+00	-1.191859479999999971e+00	1.502169944528492396e+00
9.529529529529529031e-01	4.448975517497840038e+00	-1.217760439999999944e+00	1.175833081190116092e+00
9.539539539539539925e-01	4.453584850010249063e+00	-1.165958519999999998e+00	1.469536258194654943e+00
9.549549549549549710e-01	4.453996452680767604e+00	-1.036453719999999912e+00	1.143199394856278639e+00
9.559559559559559494e-01	4.447656843559294693e+00	-8.616222399999999837e-01	1.208466767523953767e+00
9.569569569569569278e-01	4.434704090178393621e+00	-5.961373999999999285e-01	7.515951588502269853e-01
9.579579579579579063e-01	4.418787442032482637e+00	-3.565535200000000127e-01	6.536940998487140719e-01
9.589589589589589957e-01	4.403256906931802384e+00	3.945743200000000339e-01	1.315551185073121632e-01
9.599599599599599742e-01	4.390515711036552027e+00	2.197428399999999948e-01	1.012664649520927940e+00
9.609609609609609526e-01	4.382907336559213718e+00	8.737420800000000876e-01	-9.127228441754917654e-01
9.619619619619619311e-01	4.379926641071451243e+00	5.435048399999999891e-01	-1.295143721633888190e-01
9.629629629629629095e-01	4.378380765795907514e+00	6.859601199999999510e-01	-2.926828038325769432e-01
9.639639639639639990e-01	4.378897339142416634e+00	-3.889297199999999788e-01	9.473972768532528121e-01
9.649649649649649774e-01	4.385744700114574179e+00	-5.637612000000000734e-01	9.147635905194151373e-01
9.659659659659659559e-01	4.399007642401207008e+00	-9.458003599999998956e-01	1.502169944528492396e+00
9.669669669669669343e-01	4.414668810215220951e+00	-1.224235680000000048e+00	1.436902571860817046e+00
9.679679679679679127e-01	4.429919102154097565e+00	-1.172433759999999880e+00	1.404268885526979593e+00
9.689689689689690022e-01	4.442849072760172824e+00	-1.224235680000000048e+00	1.469536258194654943e+00
9.699699699699699806e-01	4.450992361872732950e+00	-1.159483280000000116e+00	1.241100453857791219e+00
9.709709709709709591e-01	4.453095889427451937e+00	-1.198334720000000075e+00	1.534803630862329848e+00
9.719719719719719375e-01	4.450039809193722107e+00	-9.717013200000000905e-01	1.045298335854765615e+00
9.729729729729729160e-01	4.442888492716472015e+00	-9.781765600000000838e-01	1.241100453857791219e+00
9.739739739739740054e-01	4.431336443829671623e+00	-3.047516000000000114e-01	5.884267271810389444e-01
9.749749749749749839e-01	4.415268645907286960e+00	-1.881972800000000223e-01	5.884267271810389444e-01
9.759759759759759623e-01	4.398146988465735596e+00	3.751485999999999432e-01	1.020373171961676869e-03
9.769769769769769407e-01	4.386288043155231797e+00	4.463762399999999797e-01	7.842288451840646601e-01
9.779779779779779192e-01	4.381807565649801894e+00	8.737420800000000876e-01	-9.127228441754917654e-01
9.789789789789790087e-01	4.380375359868983409e+00	4.722772000000000081e-01	9.892143217347457163e-02
9.799799799799799871e-01	4.379216689130138285e+00	-3.279152000000000455e-02	-5.537522945032778976e-01
9.809809809809809655e-01	4.381269049668405025e+00	-3.047516000000000114e-01	9.147635905194151373e-01
9.819819819819819440e-01	4.389356129887429070e+00	-6.997412400000000421e-01	9.800309631870904870e-01
9.829829829829829224e-01	4.402728479904874703e+00	-9.846517999999999660e-01	1.502169944528492396e+00
9.839839839839840119e-01	4.418927681999695878e+00	-1.301938559999999967e+00	1.371635199193141919e+00
9.849849849849849903e-01	4.434494806651547272e+00	-1.204809959999999958e+00	1.404268885526979593e+00
9.859859859859859688e-01	4.446302274045400793e+00	-1.204809959999999958e+00	1.371635199193141919e+00
9.869869869869869472e-01	4.453271514579168588e+00	-1.165958519999999998e+00	1.339001512859304244e+00
9.879879879879879256e-01	4.454881183687445123e+00	-1.120631839999999935e+00	1.436902571860817046e+00
9.889889889889890151e-01	4.450189007914795880e+00	-8.033450799999999337e-01	1.077932022188603289e+00
9.899899899899899935e-01	4.439596146459593662e+00	-8.162955600000000311e-01	1.012664649520927940e+00
9.909909909909909720e-01	4.424816677077309635e+00	-4.925335599999999814e-01	6.210604135148766192e-01
9.919919919919919504e-01	4.408146766292462715e+00	2.326933200000000090e-01	3.926246091780131731e-01
9.929929929929930399e-01	4.393625907905586381e+00	-9.754392000000000618e-02	3.365405950579927752e-02
9.939939939939940183e-01	4.384639407598464267e+00	7.248115600000000214e-01	-2.274154311649017046e-01
9.949949949949949968e-01	4.380326887708516637e+00	7.053858400000000417e-01	-6.190196671709531362e-01
9.959959959959959752e-01	4.378152877937406373e+00	5.499800799999999823e-01	6.628774583963688294e-02
9.969969969969969537e-01	4.378403795030210155e+00	1.744161599999999868e-01	5.884267271810389444e-01
9.979979979979980431e-01	4.383707245366592176e+00	-5.249097599999998920e-01	9.147635905194151373e-01
9.989989989989990216e-01	4.394041461568544804e+00	-7.968698400000000515e-01	1.241100453857791219e+00
1.000000000000000000e+00	4.406212540814863132e+00	-9.587508399999999931e-01	1.436902571860817046e+00
