Time(s)\disp(mm)\Force(Lb)\Force(Lb)
0.000000000000000000e+00	4.416249186586462372e+00	-6.997412400000000421e-01	1.600071003530005198e+00
1.001001001001000992e-03	4.420316721627390422e+00	-6.220383600000000124e-01	1.436902571860817046e+00
2.002002002002001985e-03	4.421875008649371885e+00	-7.385926799999998904e-01	1.600071003530005198e+00
3.003003003003002977e-03	4.421000713976614982e+00	-6.544145599999999785e-01	1.436902571860817046e+00
4.004004004004003969e-03	4.418452366045707791e+00	-6.608898000000000827e-01	1.567437317196167523e+00
5.005005005005004962e-03	4.413776111032231775e+00	-3.306525599999999843e-01	1.371635199193141919e+00
6.006006006006005954e-03	4.406599025848939810e+00	-2.723753999999999897e-01	1.306367826525466569e+00
7.007007007007006946e-03	4.397894856258409035e+00	1.901039999999999675e-02	1.077932022188603289e+00
8.008008008008007939e-03	4.388306256917646309e+00	1.938418799999999942e-01	9.147635905194151373e-01
9.009009009009008931e-03	4.377462739654834678e+00	6.082572400000001434e-01	6.863277861825517467e-01
1.001001001001000992e-02	4.367735787624273058e+00	4.463762399999999797e-01	1.315551185073121632e-01
1.101101101101101092e-02	4.363720005813765290e+00	7.442372800000001121e-01	6.210604135148766192e-01
1.201201201201201191e-02	4.364761882948293703e+00	9.449697200000000130e-01	-2.274154311649017046e-01
1.301301301301301290e-02	4.365409518449487436e+00	7.766134800000000782e-01	3.599909228441755538e-01
1.401401401401401389e-02	4.363867075093656567e+00	9.255440000000001444e-01	-3.161331316187596802e-02
1.501501501501501488e-02	4.362324333037265411e+00	8.737420800000000876e-01	1.315551185073121632e-01
1.601601601601601588e-02	4.362173561739023597e+00	4.981781600000000365e-01	1.968224911749873740e-01
1.701701701701701513e-02	4.364091535137213818e+00	2.521190400000000165e-01	7.189614725163894215e-01
1.801801801801801786e-02	4.368211317142240091e+00	2.548563999999999691e-02	9.473972768532528121e-01
1.901901901901902059e-02	4.373300616547149744e+00	-3.436030400000000262e-01	1.339001512859304244e+00
2.002002002002001985e-02	4.378841491290551780e+00	-5.702364399999999556e-01	1.404268885526979593e+00
2.102102102102101910e-02	4.385696426666791048e+00	-6.738402799999999582e-01	1.567437317196167523e+00
2.202202202202202183e-02	4.394330944844202058e+00	-6.349888400000001099e-01	1.534803630862329848e+00
2.302302302302302456e-02	4.404147846983154757e+00	-7.774441199999999608e-01	1.600071003530005198e+00
2.402402402402402382e-02	4.412871942135011771e+00	-6.285136000000000056e-01	1.469536258194654943e+00
2.502502502502502307e-02	4.418205805464009650e+00	-7.126917200000000285e-01	1.600071003530005198e+00
2.602602602602602580e-02	4.420789729045568883e+00	-6.090878800000000259e-01	1.469536258194654943e+00
2.702702702702702853e-02	4.421623773856005357e+00	-7.450679199999999947e-01	1.632704689863842651e+00
2.802802802802802778e-02	4.419977733821273347e+00	-6.414640799999999921e-01	1.469536258194654943e+00
2.902902902902902704e-02	4.416330445068626709e+00	-6.608898000000000827e-01	1.469536258194654943e+00
3.003003003003002977e-02	4.411913785677272770e+00	-3.177020799999999978e-01	1.371635199193141919e+00
3.103103103103103250e-02	4.406200099626875755e+00	-2.464744400000000168e-01	1.273734140191629116e+00
3.203203203203203175e-02	4.398382812525325036e+00	2.548563999999999691e-02	1.143199394856278639e+00
3.303303303303303101e-02	4.388639958077765968e+00	1.873666400000000010e-01	8.821299041855775735e-01
3.403403403403403027e-02	4.378070038268043085e+00	6.082572400000001434e-01	5.231593545133637058e-01
3.503503503503503647e-02	4.369477928605102868e+00	4.463762399999999797e-01	1.315551185073121632e-01
3.603603603603603572e-02	4.365442745876685571e+00	7.377620400000000078e-01	5.557930408472013806e-01
3.703703703703703498e-02	4.364847956491507475e+00	9.384944800000000198e-01	-1.947817448310640853e-01
3.803803803803804118e-02	4.364502044617192489e+00	7.636630000000000917e-01	3.599909228441755538e-01
3.903903903903904044e-02	4.363281203713283318e+00	9.320192400000000266e-01	1.020373171961676869e-03
4.004004004004003969e-02	4.361864658818760176e+00	8.607915999999999901e-01	6.628774583963688294e-02
4.104104104104103895e-02	4.361420939328692903e+00	4.917029200000000433e-01	1.968224911749873740e-01
4.204204204204203821e-02	4.363575277131189978e+00	2.521190400000000165e-01	7.189614725163894215e-01
4.304304304304304440e-02	4.368294790405373718e+00	6.059919999999996421e-03	9.147635905194151373e-01
4.404404404404404366e-02	4.373512417082311643e+00	-3.436030400000000262e-01	1.404268885526979593e+00
4.504504504504504292e-02	4.378256918692205346e+00	-5.508107199999999759e-01	1.502169944528492396e+00
4.604604604604604912e-02	4.384105526031972566e+00	-6.673650399999999649e-01	1.502169944528492396e+00
4.704704704704704837e-02	4.392736774591928572e+00	-6.349888400000001099e-01	1.567437317196167523e+00
4.804804804804804763e-02	4.402608829668587909e+00	-7.709688800000000786e-01	1.567437317196167523e+00
4.904904904904904689e-02	4.410476204798950306e+00	-5.961373999999999285e-01	1.371635199193141919e+00
5.005005005005004615e-02	4.415649123108305041e+00	-7.062164799999999243e-01	1.632704689863842651e+00
5.105105105105105234e-02	4.419194859286947441e+00	-6.220383600000000124e-01	1.502169944528492396e+00
5.205205205205205160e-02	4.420939421277526371e+00	-7.321174399999998972e-01	1.632704689863842651e+00
5.305305305305305086e-02	4.420233713690886468e+00	-6.414640799999999921e-01	1.469536258194654943e+00
5.405405405405405705e-02	4.417138754886107854e+00	-6.479393199999999853e-01	1.600071003530005198e+00
5.505505505505505631e-02	4.411972776218211045e+00	-3.306525599999999843e-01	1.339001512859304244e+00
5.605605605605605557e-02	4.405380015019947137e+00	-2.464744400000000168e-01	1.339001512859304244e+00
5.705705705705705483e-02	4.397772889410079600e+00	2.548563999999999691e-02	1.077932022188603289e+00
5.805805805805805409e-02	4.388570378752504553e+00	1.679409199999999935e-01	9.473972768532528121e-01
5.905905905905906028e-02	4.378325164699095495e+00	6.276829600000000120e-01	6.210604135148766192e-01
6.006006006006005954e-02	4.369879133733728160e+00	4.787524399999999458e-01	1.641888048411497825e-01
6.106106106106105880e-02	4.365358265835490137e+00	7.442372800000001121e-01	5.231593545133637058e-01
6.206206206206206499e-02	4.364183015904756324e+00	9.449697200000000130e-01	-2.274154311649017046e-01
6.306306306306305731e-02	4.363917443003445307e+00	7.701382400000000850e-01	3.926246091780131731e-01
6.406406406406406351e-02	4.362687864955810291e+00	9.320192400000000266e-01	-3.161331316187596802e-02
6.506506506506506970e-02	4.361274971393090283e+00	8.543163600000001079e-01	1.641888048411497825e-01
6.606606606606606202e-02	4.361464135310938239e+00	4.917029200000000433e-01	2.620898638426626404e-01
6.706706706706706822e-02	4.363516226149608990e+00	2.585942800000000097e-01	6.863277861825517467e-01
6.806806806806806054e-02	4.366956242409635536e+00	3.843611999999999723e-02	1.012664649520927940e+00
6.906906906906906674e-02	4.371947344107859124e+00	-3.436030400000000262e-01	1.339001512859304244e+00
7.007007007007007293e-02	4.378717811815555194e+00	-5.508107199999999759e-01	1.436902571860817046e+00
7.107107107107106525e-02	4.386864171421310132e+00	-6.673650399999999649e-01	1.534803630862329848e+00
7.207207207207207145e-02	4.395491740996912533e+00	-6.349888400000001099e-01	1.567437317196167523e+00
7.307307307307307764e-02	4.403512783474545778e+00	-7.644936400000000853e-01	1.632704689863842651e+00
7.407407407407406996e-02	4.410212621843093039e+00	-6.026126399999999217e-01	1.469536258194654943e+00
7.507507507507507616e-02	4.415830309181923319e+00	-7.191669600000000218e-01	1.665338376197680104e+00
7.607607607607608236e-02	4.420530456906714534e+00	-6.155631200000000192e-01	1.469536258194654943e+00
7.707707707707707467e-02	4.423130128179207254e+00	-7.450679199999999947e-01	1.632704689863842651e+00
7.807807807807808087e-02	4.422519976086580762e+00	-6.479393199999999853e-01	1.469536258194654943e+00
7.907907907907907319e-02	4.418867725140064096e+00	-6.544145599999999785e-01	1.567437317196167523e+00
8.008008008008007939e-02	4.412810357391811600e+00	-3.371277999999999775e-01	1.339001512859304244e+00
8.108108108108108558e-02	4.405360818042582061e+00	-2.335239600000000026e-01	1.273734140191629116e+00
8.208208208208207790e-02	4.397151983411744069e+00	2.548563999999999691e-02	1.077932022188603289e+00
8.308308308308308410e-02	4.387792945792606147e+00	2.003171200000000152e-01	9.147635905194151373e-01
8.408408408408407642e-02	4.377867597796024413e+00	6.082572400000001434e-01	6.210604135148766192e-01
8.508508508508508261e-02	4.369544795891265210e+00	4.852276800000000501e-01	1.968224911749873740e-01
8.608608608608608881e-02	4.364542796102901079e+00	7.312868000000000146e-01	5.884267271810389444e-01
8.708708708708708113e-02	4.362784698770092007e+00	9.579201999999999995e-01	-2.600491174987393794e-01
8.808808808808808732e-02	4.362576984863092200e+00	7.701382400000000850e-01	3.926246091780131731e-01
8.908908908908909352e-02	4.362212195877699372e+00	9.320192400000000266e-01	-9.688068582955121355e-02
9.009009009009008584e-02	4.361769635669099365e+00	8.607915999999999901e-01	1.315551185073121632e-01
9.109109109109109204e-02	4.362371045194783470e+00	4.787524399999999458e-01	1.641888048411497825e-01
9.209209209209209823e-02	4.364397764923514167e+00	2.780200000000000449e-01	6.863277861825517467e-01
9.309309309309309055e-02	4.367844940193759129e+00	3.196087999999999707e-02	1.012664649520927940e+00
9.409409409409409675e-02	4.372854290627377516e+00	-3.371277999999999775e-01	1.371635199193141919e+00
9.509509509509508907e-02	4.379169558665928719e+00	-5.572859600000000802e-01	1.404268885526979593e+00
9.609609609609609526e-02	4.386395441539382212e+00	-6.544145599999999785e-01	1.502169944528492396e+00
9.709709709709710146e-02	4.394401628400160575e+00	-6.349888400000001099e-01	1.567437317196167523e+00
9.809809809809809378e-02	4.402909149956988344e+00	-7.709688800000000786e-01	1.567437317196167523e+00
9.909909909909909997e-02	4.411283417994011913e+00	-6.155631200000000192e-01	1.502169944528492396e+00
1.001001001001000923e-01	4.418248129309452210e+00	-6.997412400000000421e-01	1.632704689863842651e+00
1.011011011011010985e-01	4.421886636036912677e+00	-6.155631200000000192e-01	1.469536258194654943e+00
1.021021021021021047e-01	4.421772172379638377e+00	-7.385926799999998904e-01	1.632704689863842651e+00
1.031031031031030970e-01	4.420002948593429792e+00	-6.285136000000000056e-01	1.469536258194654943e+00
1.041041041041041032e-01	4.417906796370986378e+00	-6.608898000000000827e-01	1.534803630862329848e+00
1.051051051051051094e-01	4.414011011772465132e+00	-3.112268400000000046e-01	1.502169944528492396e+00
1.061061061061061017e-01	4.406629858447520753e+00	-2.659001599999999965e-01	1.404268885526979593e+00
1.071071071071071079e-01	4.396646861770319603e+00	3.196087999999999707e-02	1.110565708522440964e+00
1.081081081081081141e-01	4.386994120141141984e+00	1.744161599999999868e-01	8.494962178517398987e-01
1.091091091091091064e-01	4.378861317834052080e+00	6.147324800000000256e-01	6.536940998487140719e-01
1.101101101101101126e-01	4.371395998535374972e+00	5.046534000000000297e-01	1.641888048411497825e-01
1.111111111111111049e-01	4.365776440955125182e+00	7.442372800000001121e-01	6.210604135148766192e-01
1.121121121121121111e-01	4.363348929145203670e+00	9.579201999999999995e-01	-2.274154311649017046e-01
1.131131131131131173e-01	4.362544950010417644e+00	7.830887200000000714e-01	3.926246091780131731e-01
1.141141141141141097e-01	4.361993743562133652e+00	9.384944800000000198e-01	-3.161331316187596802e-02
1.151151151151151159e-01	4.361564555362789974e+00	8.672668400000000943e-01	1.315551185073121632e-01
1.161161161161161082e-01	4.361444817853326938e+00	4.593267200000000772e-01	1.968224911749873740e-01
1.171171171171171144e-01	4.363151215324435839e+00	2.715447599999999961e-01	6.536940998487140719e-01
1.181181181181181206e-01	4.367766268548977315e+00	3.843611999999999723e-02	1.012664649520927940e+00
1.191191191191191129e-01	4.373847825089196562e+00	-3.241773200000000466e-01	1.306367826525466569e+00
1.201201201201201191e-01	4.379731460446216751e+00	-5.572859600000000802e-01	1.404268885526979593e+00
1.211211211211211253e-01	4.385862561516899127e+00	-6.414640799999999921e-01	1.600071003530005198e+00
1.221221221221221176e-01	4.393617955652831419e+00	-6.155631200000000192e-01	1.502169944528492396e+00
1.231231231231231238e-01	4.402603829340455910e+00	-7.774441199999999608e-01	1.567437317196167523e+00
1.241241241241241300e-01	4.410405420118481246e+00	-6.155631200000000192e-01	1.502169944528492396e+00
1.251251251251251362e-01	4.415594800451909663e+00	-7.256422000000000150e-01	1.632704689863842651e+00
1.261261261261261146e-01	4.418738386308854516e+00	-6.349888400000001099e-01	1.404268885526979593e+00
1.271271271271271208e-01	4.420434002114159711e+00	-7.385926799999998904e-01	1.600071003530005198e+00
1.281281281281281270e-01	4.420534269950305628e+00	-6.285136000000000056e-01	1.469536258194654943e+00
1.291291291291291332e-01	4.418552881662967557e+00	-6.608898000000000827e-01	1.600071003530005198e+00
1.301301301301301394e-01	4.413971333359271831e+00	-3.306525599999999843e-01	1.371635199193141919e+00
1.311311311311311179e-01	4.406600583250726011e+00	-2.464744400000000168e-01	1.339001512859304244e+00
1.321321321321321240e-01	4.397189966322477161e+00	3.196087999999999707e-02	1.110565708522440964e+00
1.331331331331331302e-01	4.387360041459800186e+00	1.744161599999999868e-01	8.494962178517398987e-01
1.341341341341341364e-01	4.378151435223911037e+00	6.082572400000001434e-01	6.210604135148766192e-01
1.351351351351351426e-01	4.370066101250086099e+00	5.240791200000000094e-01	1.641888048411497825e-01
1.361361361361361211e-01	4.364474499484591874e+00	7.442372800000001121e-01	5.884267271810389444e-01
1.371371371371371273e-01	4.362598837239572092e+00	9.708706800000000969e-01	-2.600491174987393794e-01
1.381381381381381335e-01	4.363539282574926403e+00	7.830887200000000714e-01	3.599909228441755538e-01
1.391391391391391397e-01	4.364478770561734500e+00	9.449697200000000130e-01	-6.424699949571360813e-02
1.401401401401401459e-01	4.363591344885231926e+00	8.607915999999999901e-01	1.315551185073121632e-01
1.411411411411411521e-01	4.362339145499012361e+00	4.204752800000000068e-01	2.620898638426626404e-01
1.421421421421421305e-01	4.363377832503198661e+00	2.780200000000000449e-01	6.863277861825517467e-01
1.431431431431431367e-01	4.367442474544096953e+00	3.196087999999999707e-02	9.800309631870904870e-01
1.441441441441441429e-01	4.372970398783794010e+00	-3.306525599999999843e-01	1.306367826525466569e+00
1.451451451451451491e-01	4.378270830540199832e+00	-5.443354799999999827e-01	1.502169944528492396e+00
1.461461461461461553e-01	4.384209658731595738e+00	-6.544145599999999785e-01	1.534803630862329848e+00
1.471471471471471337e-01	4.392669263935366608e+00	-6.479393199999999853e-01	1.534803630862329848e+00
1.481481481481481399e-01	4.402526051769364734e+00	-7.774441199999999608e-01	1.567437317196167523e+00
1.491491491491491461e-01	4.410867356890325830e+00	-6.090878800000000259e-01	1.436902571860817046e+00
1.501501501501501523e-01	4.416878013233884737e+00	-6.932660000000000489e-01	1.632704689863842651e+00
1.511511511511511585e-01	4.421097234544602017e+00	-6.155631200000000192e-01	1.469536258194654943e+00
1.521521521521521647e-01	4.422848768151838250e+00	-7.321174399999998972e-01	1.600071003530005198e+00
1.531531531531531432e-01	4.420973641501627860e+00	-6.479393199999999853e-01	1.502169944528492396e+00
1.541541541541541493e-01	4.416162759532839210e+00	-6.414640799999999921e-01	1.502169944528492396e+00
1.551551551551551555e-01	4.410648966675333682e+00	-3.241773200000000466e-01	1.371635199193141919e+00
1.561561561561561617e-01	4.405144863115897813e+00	-2.659001599999999965e-01	1.339001512859304244e+00
1.571571571571571679e-01	4.398284975417642073e+00	3.196087999999999707e-02	1.143199394856278639e+00
1.581581581581581464e-01	4.389284574670326400e+00	1.808914000000000077e-01	9.800309631870904870e-01
1.591591591591591526e-01	4.379085524486209025e+00	6.017820000000000391e-01	5.884267271810389444e-01
1.601601601601601588e-01	4.370010887280195711e+00	5.758810400000000662e-01	1.641888048411497825e-01
1.611611611611611650e-01	4.364465798254594908e+00	7.377620400000000078e-01	5.884267271810389444e-01
1.621621621621621712e-01	4.362678298708133617e+00	9.708706800000000969e-01	-2.600491174987393794e-01
1.631631631631631496e-01	4.362657400692611986e+00	7.895639599999999536e-01	3.273572365103378790e-01
1.641641641641641558e-01	4.362384504860520984e+00	9.449697200000000130e-01	-3.161331316187596802e-02
1.651651651651651620e-01	4.361364138540288593e+00	8.737420800000000876e-01	1.641888048411497825e-01
1.661661661661661682e-01	4.360607235929945702e+00	4.269505200000000000e-01	2.947235501765002597e-01
1.671671671671671744e-01	4.361732199287640555e+00	2.521190400000000165e-01	6.863277861825517467e-01
1.681681681681681528e-01	4.365710155351918864e+00	1.901039999999999675e-02	9.473972768532528121e-01
1.691691691691691590e-01	4.371689717544157361e+00	-3.371277999999999775e-01	1.339001512859304244e+00
1.701701701701701652e-01	4.377851323814279105e+00	-5.637612000000000734e-01	1.436902571860817046e+00
1.711711711711711714e-01	4.384339469656394428e+00	-6.738402799999999582e-01	1.502169944528492396e+00
1.721721721721721776e-01	4.392736846333719747e+00	-6.349888400000001099e-01	1.567437317196167523e+00
1.731731731731731838e-01	4.402191512030339204e+00	-7.709688800000000786e-01	1.567437317196167523e+00
1.741741741741741623e-01	4.410045013796259461e+00	-6.220383600000000124e-01	1.436902571860817046e+00
1.751751751751751685e-01	4.415410019023762622e+00	-6.997412400000000421e-01	1.632704689863842651e+00
1.761761761761761746e-01	4.419272867271690330e+00	-6.155631200000000192e-01	1.436902571860817046e+00
1.771771771771771808e-01	4.421955007993158659e+00	-7.321174399999998972e-01	1.567437317196167523e+00
1.781781781781781870e-01	4.421869567644859167e+00	-6.414640799999999921e-01	1.436902571860817046e+00
1.791791791791791655e-01	4.417975182115819521e+00	-6.608898000000000827e-01	1.567437317196167523e+00
1.801801801801801717e-01	4.412115909668075986e+00	-3.177020799999999978e-01	1.404268885526979593e+00
1.811811811811811779e-01	4.406036708365008714e+00	-2.594249200000000033e-01	1.339001512859304244e+00
1.821821821821821841e-01	4.398623656476394750e+00	3.196087999999999707e-02	1.077932022188603289e+00
1.831831831831831903e-01	4.388811924031641887e+00	1.873666400000000010e-01	8.821299041855775735e-01
1.841841841841841965e-01	4.378095561430561666e+00	6.147324800000000256e-01	6.863277861825517467e-01
1.851851851851851749e-01	4.369445879573582658e+00	5.629305600000000798e-01	1.641888048411497825e-01
1.861861861861861811e-01	4.365048762950510586e+00	7.507125199999999943e-01	6.210604135148766192e-01
1.871871871871871873e-01	4.364031929296883661e+00	9.773459200000000902e-01	-2.274154311649017046e-01
1.881881881881881935e-01	4.363494997292247213e+00	7.830887200000000714e-01	3.599909228441755538e-01
1.891891891891891997e-01	4.362354927903454360e+00	9.320192400000000266e-01	-3.161331316187596802e-02
1.901901901901901781e-01	4.361610082255644727e+00	8.672668400000000943e-01	9.892143217347457163e-02
1.911911911911911843e-01	4.361940133373201967e+00	4.140000400000000136e-01	2.620898638426626404e-01
1.921921921921921905e-01	4.363600717545216057e+00	2.650695199999999474e-01	6.536940998487140719e-01
1.931931931931931967e-01	4.366942257378013004e+00	2.548563999999999691e-02	1.012664649520927940e+00
1.941941941941942029e-01	4.371941640301532317e+00	-3.371277999999999775e-01	1.371635199193141919e+00
1.951951951951951814e-01	4.378325723943025771e+00	-5.702364399999999556e-01	1.436902571860817046e+00
1.961961961961961876e-01	4.385977547433788537e+00	-6.608898000000000827e-01	1.534803630862329848e+00
1.971971971971971938e-01	4.394512831544237663e+00	-6.479393199999999853e-01	1.502169944528492396e+00
1.981981981981981999e-01	4.402983743196913657e+00	-7.709688800000000786e-01	1.665338376197680104e+00
1.991991991991992061e-01	4.410623678422586735e+00	-6.155631200000000192e-01	1.436902571860817046e+00
2.002002002002001846e-01	4.417382108545627517e+00	-7.062164799999999243e-01	1.730605748865355453e+00
2.012012012012011908e-01	4.422388448601905608e+00	-6.155631200000000192e-01	1.436902571860817046e+00
2.022022022022021970e-01	4.423548282003182841e+00	-7.321174399999998972e-01	1.567437317196167523e+00
2.032032032032032032e-01	4.420997234494379313e+00	-6.220383600000000124e-01	1.436902571860817046e+00
2.042042042042042094e-01	4.417316069122116495e+00	-6.608898000000000827e-01	1.600071003530005198e+00
2.052052052052052156e-01	4.413397971810869791e+00	-3.306525599999999843e-01	1.436902571860817046e+00
2.062062062062061940e-01	4.407561756887329985e+00	-2.399992000000000236e-01	1.339001512859304244e+00
2.072072072072072002e-01	4.398494460209070311e+00	1.901039999999999675e-02	1.077932022188603289e+00
2.082082082082082064e-01	4.387847944760244090e+00	2.003171200000000152e-01	9.147635905194151373e-01
2.092092092092092126e-01	4.378425032321585419e+00	6.147324800000000256e-01	6.536940998487140719e-01
2.102102102102102188e-01	4.371195640390039827e+00	5.370296000000001069e-01	1.968224911749873740e-01
2.112112112112111972e-01	4.366546555591173551e+00	7.442372800000001121e-01	5.884267271810389444e-01
2.122122122122122034e-01	4.364533608827978917e+00	9.773459200000000902e-01	-1.947817448310640853e-01
2.132132132132132096e-01	4.363378680285816991e+00	7.830887200000000714e-01	3.926246091780131731e-01
2.142142142142142158e-01	4.361776867049778517e+00	9.320192400000000266e-01	-6.424699949571360813e-02
2.152152152152152220e-01	4.360810191653563095e+00	8.737420800000000876e-01	1.315551185073121632e-01
2.162162162162162282e-01	4.361561397244683391e+00	4.334257600000001043e-01	1.641888048411497825e-01
2.172172172172172067e-01	4.363498245584919388e+00	2.585942800000000097e-01	6.863277861825517467e-01
2.182182182182182129e-01	4.366447313283322806e+00	1.253515999999999658e-02	9.147635905194151373e-01
2.192192192192192191e-01	4.371683651805657433e+00	-3.371277999999999775e-01	1.339001512859304244e+00
2.202202202202202252e-01	4.379165058350077189e+00	-5.508107199999999759e-01	1.469536258194654943e+00
2.212212212212212314e-01	4.386791594939467132e+00	-6.608898000000000827e-01	1.567437317196167523e+00
2.222222222222222099e-01	4.394153546345967776e+00	-6.479393199999999853e-01	1.502169944528492396e+00
2.232232232232232161e-01	4.402539223808065394e+00	-7.644936400000000853e-01	1.567437317196167523e+00
2.242242242242242223e-01	4.411103699775285492e+00	-6.155631200000000192e-01	1.371635199193141919e+00
2.252252252252252285e-01	4.417562466513294872e+00	-6.997412400000000421e-01	1.665338376197680104e+00
2.262262262262262347e-01	4.421540316543723925e+00	-6.220383600000000124e-01	1.404268885526979593e+00
2.272272272272272131e-01	4.423747009015892573e+00	-7.515431599999999879e-01	1.600071003530005198e+00
2.282282282282282193e-01	4.423096939201163202e+00	-6.285136000000000056e-01	1.534803630862329848e+00
2.292292292292292255e-01	4.418452415367799091e+00	-6.608898000000000827e-01	1.534803630862329848e+00
2.302302302302302317e-01	4.411684140786785946e+00	-3.241773200000000466e-01	1.436902571860817046e+00
2.312312312312312379e-01	4.404726729549876652e+00	-2.399992000000000236e-01	1.339001512859304244e+00
2.322322322322322163e-01	4.396641476488353462e+00	3.843611999999999723e-02	1.110565708522440964e+00
2.332332332332332225e-01	4.386994653941881595e+00	2.067923600000000084e-01	9.147635905194151373e-01
2.342342342342342287e-01	4.377875078792046182e+00	6.082572400000001434e-01	6.210604135148766192e-01
2.352352352352352349e-01	4.370786858338970404e+00	5.240791200000000094e-01	1.315551185073121632e-01
2.362362362362362411e-01	4.365844772480034663e+00	7.442372800000001121e-01	6.536940998487140719e-01
2.372372372372372473e-01	4.363657814803404200e+00	9.643954399999999927e-01	-2.274154311649017046e-01
2.382382382382382258e-01	4.363957555332835803e+00	7.830887200000000714e-01	3.273572365103378790e-01
2.392392392392392320e-01	4.364094991528819634e+00	9.514449600000001173e-01	-3.161331316187596802e-02
2.402402402402402382e-01	4.362220501631940195e+00	8.672668400000000943e-01	1.315551185073121632e-01
2.412412412412412444e-01	4.360237420413190179e+00	4.399010000000000420e-01	2.294561775088249655e-01
2.422422422422422505e-01	4.361148354106595626e+00	2.780200000000000449e-01	6.536940998487140719e-01
2.432432432432432290e-01	4.365382206354279759e+00	1.901039999999999675e-02	9.800309631870904870e-01
2.442442442442442352e-01	4.371827359249168765e+00	-3.306525599999999843e-01	1.306367826525466569e+00
2.452452452452452414e-01	4.379352477887008099e+00	-5.443354799999999827e-01	1.436902571860817046e+00
2.462462462462462476e-01	4.386606530896981937e+00	-6.608898000000000827e-01	1.502169944528492396e+00
2.472472472472472538e-01	4.394094136053428024e+00	-6.414640799999999921e-01	1.534803630862329848e+00
2.482482482482482600e-01	4.403505900619466118e+00	-7.774441199999999608e-01	1.632704689863842651e+00
2.492492492492492384e-01	4.412945452853326955e+00	-6.026126399999999217e-01	1.469536258194654943e+00
2.502502502502502724e-01	4.418638313126335149e+00	-7.191669600000000218e-01	1.632704689863842651e+00
2.512512512512512508e-01	4.420585473526455367e+00	-5.961373999999999285e-01	1.469536258194654943e+00
2.522522522522522292e-01	4.421343385105475754e+00	-7.450679199999999947e-01	1.600071003530005198e+00
2.532532532532532632e-01	4.421129756217648143e+00	-6.414640799999999921e-01	1.469536258194654943e+00
2.542542542542542416e-01	4.418416625339345316e+00	-6.414640799999999921e-01	1.567437317196167523e+00
2.552552552552552756e-01	4.413569461116841453e+00	-3.371277999999999775e-01	1.404268885526979593e+00
2.562562562562562540e-01	4.407345093631017008e+00	-2.594249200000000033e-01	1.339001512859304244e+00
2.572572572572572325e-01	4.399005713509716031e+00	5.786183999999999772e-02	1.110565708522440964e+00
2.582582582582582664e-01	4.388883723510765833e+00	1.808914000000000077e-01	9.147635905194151373e-01
2.592592592592592449e-01	4.378531444931214267e+00	6.082572400000001434e-01	5.884267271810389444e-01
2.602602602602602788e-01	4.369379408292570766e+00	5.305543600000000026e-01	1.641888048411497825e-01
2.612612612612612573e-01	4.363724115773010226e+00	7.377620400000000078e-01	5.557930408472013806e-01
2.622622622622622357e-01	4.362686246644090993e+00	9.773459200000000902e-01	-1.947817448310640853e-01
2.632632632632632697e-01	4.363479797987769970e+00	7.830887200000000714e-01	3.599909228441755538e-01
2.642642642642642481e-01	4.362968296232397236e+00	9.384944800000000198e-01	1.020373171961676869e-03
2.652652652652652820e-01	4.361353214400273792e+00	8.737420800000000876e-01	1.315551185073121632e-01
2.662662662662662605e-01	4.360441961482210083e+00	4.334257600000001043e-01	2.294561775088249655e-01
2.672672672672672389e-01	4.361811702262439638e+00	2.780200000000000449e-01	7.189614725163894215e-01
2.682682682682682729e-01	4.366118010666457216e+00	6.059919999999996421e-03	9.800309631870904870e-01
2.692692692692692513e-01	4.372059979265251251e+00	-3.436030400000000262e-01	1.339001512859304244e+00
2.702702702702702853e-01	4.378078532664394729e+00	-5.572859600000000802e-01	1.436902571860817046e+00
2.712712712712712637e-01	4.384547462644642124e+00	-6.608898000000000827e-01	1.534803630862329848e+00
2.722722722722722422e-01	4.392638448778228621e+00	-6.349888400000001099e-01	1.600071003530005198e+00
2.732732732732732761e-01	4.402246003239505434e+00	-7.839193599999999540e-01	1.632704689863842651e+00
2.742742742742742545e-01	4.411244545708961518e+00	-6.220383600000000124e-01	1.436902571860817046e+00
2.752752752752752885e-01	4.417384145070131218e+00	-7.062164799999999243e-01	1.502169944528492396e+00
2.762762762762762669e-01	4.420537627649665957e+00	-6.285136000000000056e-01	1.436902571860817046e+00
2.772772772772773009e-01	4.421764736523961403e+00	-7.385926799999998904e-01	1.567437317196167523e+00
2.782782782782782793e-01	4.421445027763004632e+00	-6.349888400000001099e-01	1.502169944528492396e+00
2.792792792792792578e-01	4.418815395744375429e+00	-6.673650399999999649e-01	1.567437317196167523e+00
2.802802802802802917e-01	4.413398388581225795e+00	-3.306525599999999843e-01	1.436902571860817046e+00
2.812812812812812702e-01	4.406203830642089869e+00	-2.464744400000000168e-01	1.339001512859304244e+00
2.822822822822823041e-01	4.398044166318318737e+00	2.548563999999999691e-02	1.045298335854765615e+00
2.832832832832832826e-01	4.388641687600341790e+00	1.808914000000000077e-01	9.147635905194151373e-01
2.842842842842842610e-01	4.378617312606129630e+00	5.888315200000000527e-01	5.884267271810389444e-01
2.852852852852852950e-01	4.370300175884307414e+00	5.629305600000000798e-01	1.641888048411497825e-01
2.862862862862862734e-01	4.365843167774659861e+00	7.377620400000000078e-01	5.884267271810389444e-01
2.872872872872873073e-01	4.364930875872926386e+00	9.838211600000000834e-01	-2.600491174987393794e-01
2.882882882882882858e-01	4.364897660610741248e+00	7.960392000000000579e-01	3.599909228441755538e-01
2.892892892892892642e-01	4.363634151005306272e+00	9.514449600000001173e-01	3.365405950579927752e-02
2.902902902902902982e-01	4.361599607249102561e+00	8.737420800000000876e-01	1.315551185073121632e-01
2.912912912912912766e-01	4.360893047054876348e+00	4.075248000000000759e-01	2.620898638426626404e-01
2.922922922922923106e-01	4.363097259695845942e+00	2.715447599999999961e-01	6.536940998487140719e-01
2.932932932932932890e-01	4.367763775036765495e+00	1.901039999999999675e-02	9.800309631870904870e-01
2.942942942942942675e-01	4.373300151544551539e+00	-3.371277999999999775e-01	1.339001512859304244e+00
2.952952952952953014e-01	4.379461836888063786e+00	-5.572859600000000802e-01	1.502169944528492396e+00
2.962962962962962798e-01	4.386693492123749039e+00	-6.608898000000000827e-01	1.534803630862329848e+00
2.972972972972973138e-01	4.394401835084082109e+00	-6.544145599999999785e-01	1.567437317196167523e+00
2.982982982982982922e-01	4.402347696393349885e+00	-7.774441199999999608e-01	1.632704689863842651e+00
2.992992992992992707e-01	4.410153544238479384e+00	-6.155631200000000192e-01	1.469536258194654943e+00
3.003003003003003046e-01	4.416300667527695900e+00	-7.191669600000000218e-01	1.665338376197680104e+00
3.013013013013012831e-01	4.420302117587482371e+00	-6.090878800000000259e-01	1.502169944528492396e+00
3.023023023023023170e-01	4.422309420615635034e+00	-7.321174399999998972e-01	1.600071003530005198e+00
3.033033033033032955e-01	4.421440023316979051e+00	-6.285136000000000056e-01	1.469536258194654943e+00
3.043043043043043294e-01	4.417467124166634562e+00	-6.608898000000000827e-01	1.534803630862329848e+00
3.053053053053053079e-01	4.411991214459822785e+00	-3.306525599999999843e-01	1.371635199193141919e+00
3.063063063063062863e-01	4.406221577148029311e+00	-2.399992000000000236e-01	1.371635199193141919e+00
3.073073073073073203e-01	4.398965016623924917e+00	3.196087999999999707e-02	1.110565708522440964e+00
3.083083083083082987e-01	4.389047124712573300e+00	2.003171200000000152e-01	9.147635905194151373e-01
3.093093093093093326e-01	4.378681162043237762e+00	5.953067600000000459e-01	5.557930408472013806e-01
3.103103103103103111e-01	4.371195228424451074e+00	6.276829600000000120e-01	1.641888048411497825e-01
3.113113113113112895e-01	4.367048287136014117e+00	7.442372800000001121e-01	6.210604135148766192e-01
3.123123123123123235e-01	4.365009611528925859e+00	9.773459200000000902e-01	-1.947817448310640853e-01
3.133133133133133019e-01	4.364293938444467891e+00	7.895639599999999536e-01	3.599909228441755538e-01
3.143143143143143359e-01	4.363939395388904074e+00	9.514449600000001173e-01	-3.161331316187596802e-02
3.153153153153153143e-01	4.363180465455518409e+00	8.737420800000000876e-01	1.315551185073121632e-01
3.163163163163162928e-01	4.362328266816773770e+00	3.880990800000000407e-01	3.273572365103378790e-01
3.173173173173173267e-01	4.362579386922325497e+00	2.715447599999999961e-01	7.189614725163894215e-01
3.183183183183183051e-01	4.365538055520747029e+00	1.253515999999999658e-02	9.800309631870904870e-01
3.193193193193193391e-01	4.371481108259785309e+00	-3.371277999999999775e-01	1.306367826525466569e+00
3.203203203203203175e-01	4.378835602774230118e+00	-5.572859600000000802e-01	1.404268885526979593e+00
3.213213213213212960e-01	4.386416648587686318e+00	-6.738402799999999582e-01	1.502169944528492396e+00
3.223223223223223299e-01	4.394530471274015859e+00	-6.479393199999999853e-01	1.534803630862329848e+00
3.233233233233233084e-01	4.403318734604876994e+00	-7.774441199999999608e-01	1.600071003530005198e+00
3.243243243243243423e-01	4.411680672072447074e+00	-6.155631200000000192e-01	1.534803630862329848e+00
3.253253253253253208e-01	4.418278480663423657e+00	-7.126917200000000285e-01	1.632704689863842651e+00
3.263263263263262992e-01	4.421883334982056546e+00	-6.155631200000000192e-01	1.469536258194654943e+00
3.273273273273273332e-01	4.422016835037793747e+00	-7.385926799999998904e-01	1.600071003530005198e+00
3.283283283283283116e-01	4.419625500844141186e+00	-6.479393199999999853e-01	1.469536258194654943e+00
3.293293293293293456e-01	4.415572113638215335e+00	-6.608898000000000827e-01	1.534803630862329848e+00
3.303303303303303240e-01	4.410424511313969731e+00	-3.306525599999999843e-01	1.371635199193141919e+00
3.313313313313313024e-01	4.404502539018465335e+00	-2.464744400000000168e-01	1.339001512859304244e+00
3.323323323323323364e-01	4.396798071093966698e+00	3.843611999999999723e-02	1.077932022188603289e+00
3.333333333333333148e-01	4.387038321710584832e+00	1.873666400000000010e-01	8.821299041855775735e-01
3.343343343343343488e-01	4.377358785201316493e+00	5.888315200000000527e-01	6.210604135148766192e-01
3.353353353353353272e-01	4.369912686828288706e+00	6.600591600000000891e-01	1.968224911749873740e-01
3.363363363363363057e-01	4.365440517699318512e+00	7.442372800000001121e-01	6.210604135148766192e-01
3.373373373373373396e-01	4.363841043519575358e+00	9.838211600000000834e-01	-2.600491174987393794e-01
3.383383383383383181e-01	4.363553955888383129e+00	8.025144400000000511e-01	2.947235501765002597e-01
3.393393393393393520e-01	4.362197079882732531e+00	9.514449600000001173e-01	-3.161331316187596802e-02
3.403403403403403304e-01	4.360028220500160145e+00	8.802173200000000808e-01	1.315551185073121632e-01
3.413413413413413644e-01	4.359732685555363751e+00	3.816238400000000475e-01	2.947235501765002597e-01
3.423423423423423428e-01	4.362160308893679783e+00	2.715447599999999961e-01	6.536940998487140719e-01
3.433433433433433213e-01	4.366126749997980561e+00	1.901039999999999675e-02	1.012664649520927940e+00
3.443443443443443552e-01	4.371293333377925805e+00	-3.371277999999999775e-01	1.339001512859304244e+00
3.453453453453453337e-01	4.377899017172234508e+00	-5.702364399999999556e-01	1.404268885526979593e+00
3.463463463463463676e-01	4.385453309617882489e+00	-6.673650399999999649e-01	1.502169944528492396e+00
3.473473473473473461e-01	4.393706802399669265e+00	-6.414640799999999921e-01	1.502169944528492396e+00
3.483483483483483245e-01	4.402595699866607148e+00	-7.709688800000000786e-01	1.632704689863842651e+00
3.493493493493493585e-01	4.410868427481567267e+00	-5.961373999999999285e-01	1.502169944528492396e+00
3.503503503503503369e-01	4.416889184623889797e+00	-7.062164799999999243e-01	1.600071003530005198e+00
3.513513513513513709e-01	4.420053272532848077e+00	-6.155631200000000192e-01	1.469536258194654943e+00
3.523523523523523493e-01	4.421039380854823619e+00	-7.450679199999999947e-01	1.632704689863842651e+00
3.533533533533533277e-01	4.420545499541955969e+00	-6.285136000000000056e-01	1.502169944528492396e+00
3.543543543543543617e-01	4.417808002196347061e+00	-6.544145599999999785e-01	1.534803630862329848e+00
3.553553553553553401e-01	4.412589069585379775e+00	-3.436030400000000262e-01	1.404268885526979593e+00
3.563563563563563741e-01	4.406282704160433994e+00	-2.529496800000000101e-01	1.339001512859304244e+00
3.573573573573573525e-01	4.398781475935216179e+00	4.491135999999999739e-02	1.110565708522440964e+00
3.583583583583583310e-01	4.389175840038302745e+00	2.003171200000000152e-01	9.147635905194151373e-01
3.593593593593593649e-01	4.379184551049936758e+00	6.017820000000000391e-01	5.884267271810389444e-01
3.603603603603603434e-01	4.371198164887542426e+00	6.730096400000000756e-01	1.641888048411497825e-01
3.613613613613613773e-01	4.365884204644268074e+00	7.442372800000001121e-01	5.884267271810389444e-01
3.623623623623623557e-01	4.363190566564907336e+00	9.902964000000000766e-01	-2.274154311649017046e-01
3.633633633633633342e-01	4.362411490089547428e+00	7.895639599999999536e-01	3.273572365103378790e-01
3.643643643643643681e-01	4.362305397261875939e+00	9.449697200000000130e-01	3.365405950579927752e-02
3.653653653653653466e-01	4.362257551198868377e+00	8.931677999999999562e-01	1.315551185073121632e-01
3.663663663663663805e-01	4.362242324524778780e+00	3.686733600000000055e-01	3.273572365103378790e-01
3.673673673673673590e-01	4.363308477378187611e+00	2.780200000000000449e-01	7.189614725163894215e-01
3.683683683683683929e-01	4.366851351969871509e+00	1.901039999999999675e-02	1.045298335854765615e+00
3.693693693693693714e-01	4.372211256930608414e+00	-3.436030400000000262e-01	1.339001512859304244e+00
3.703703703703703498e-01	4.378568965240306810e+00	-5.572859600000000802e-01	1.436902571860817046e+00
3.713713713713713838e-01	4.386324798686104032e+00	-6.608898000000000827e-01	1.534803630862329848e+00
3.723723723723723622e-01	4.394817000028432119e+00	-6.414640799999999921e-01	1.502169944528492396e+00
3.733733733733733962e-01	4.403139685343550269e+00	-7.709688800000000786e-01	1.632704689863842651e+00
3.743743743743743746e-01	4.411064492509745527e+00	-6.026126399999999217e-01	1.469536258194654943e+00
3.753753753753753530e-01	4.417771915273228878e+00	-7.062164799999999243e-01	1.665338376197680104e+00
3.763763763763763870e-01	4.421948461884366743e+00	-6.090878800000000259e-01	1.404268885526979593e+00
3.773773773773773654e-01	4.422726210350676368e+00	-7.515431599999999879e-01	1.567437317196167523e+00
3.783783783783783994e-01	4.420687274422845370e+00	-6.220383600000000124e-01	1.469536258194654943e+00
3.793793793793793778e-01	4.416840559730331073e+00	-6.608898000000000827e-01	1.534803630862329848e+00
3.803803803803803563e-01	4.411515941808260344e+00	-3.371277999999999775e-01	1.469536258194654943e+00
3.813813813813813902e-01	4.405382396881462270e+00	-2.464744400000000168e-01	1.273734140191629116e+00
3.823823823823823687e-01	4.398387624278083941e+00	3.843611999999999723e-02	1.110565708522440964e+00
3.833833833833834026e-01	4.389690638169065906e+00	1.808914000000000077e-01	8.494962178517398987e-01
3.843843843843843811e-01	4.380111722480237724e+00	6.017820000000000391e-01	6.210604135148766192e-01
3.853853853853853595e-01	4.371518749671544413e+00	6.535839199999999849e-01	2.294561775088249655e-01
3.863863863863863934e-01	4.365733160298811200e+00	7.442372800000001121e-01	6.210604135148766192e-01
3.873873873873873719e-01	4.364097681449608856e+00	9.838211600000000834e-01	-2.600491174987393794e-01
3.883883883883884058e-01	4.364899651021593385e+00	7.895639599999999536e-01	3.273572365103378790e-01
3.893893893893893843e-01	4.364069322038496068e+00	9.449697200000000130e-01	1.020373171961676869e-03
3.903903903903903627e-01	4.360861316829965695e+00	8.802173200000000808e-01	9.892143217347457163e-02
3.913913913913913967e-01	4.359115215279056876e+00	3.816238400000000475e-01	2.947235501765002597e-01
3.923923923923923751e-01	4.361670523790724729e+00	2.650695199999999474e-01	7.189614725163894215e-01
3.933933933933934091e-01	4.367122974070189123e+00	-4.153200000000037417e-04	1.012664649520927940e+00
3.943943943943943875e-01	4.372562592235978762e+00	-3.177020799999999978e-01	1.273734140191629116e+00
3.953953953953953659e-01	4.377557275594510244e+00	-5.637612000000000734e-01	1.469536258194654943e+00
3.963963963963963999e-01	4.384182029581607409e+00	-6.673650399999999649e-01	1.502169944528492396e+00
3.973973973973973783e-01	4.393088316934064430e+00	-6.414640799999999921e-01	1.534803630862329848e+00
3.983983983983984123e-01	4.402263277787241691e+00	-7.774441199999999608e-01	1.567437317196167523e+00
3.993993993993993907e-01	4.409902949273696748e+00	-6.090878800000000259e-01	1.469536258194654943e+00
4.004004004004003692e-01	4.415973219987002096e+00	-6.932660000000000489e-01	1.600071003530005198e+00
4.014014014014014031e-01	4.420610139236585745e+00	-6.026126399999999217e-01	1.436902571860817046e+00
4.024024024024023816e-01	4.422685813606166860e+00	-7.385926799999998904e-01	1.600071003530005198e+00
4.034034034034034155e-01	4.421515199246877970e+00	-6.349888400000001099e-01	1.436902571860817046e+00
4.044044044044043940e-01	4.418045280053743085e+00	-6.479393199999999853e-01	1.567437317196167523e+00
4.054054054054054279e-01	4.412904848091064203e+00	-3.177020799999999978e-01	1.371635199193141919e+00
4.064064064064064064e-01	4.405721670554322067e+00	-2.399992000000000236e-01	1.273734140191629116e+00
4.074074074074073848e-01	4.396753460626062093e+00	4.491135999999999739e-02	1.077932022188603289e+00
4.084084084084084187e-01	4.387286631238358936e+00	1.873666400000000010e-01	9.473972768532528121e-01
4.094094094094093972e-01	4.378491532951126253e+00	5.953067600000000459e-01	5.557930408472013806e-01
4.104104104104104311e-01	4.371385475275133992e+00	6.276829600000000120e-01	1.315551185073121632e-01
4.114114114114114096e-01	4.367052195967063177e+00	7.442372800000001121e-01	6.536940998487140719e-01
4.124124124124123880e-01	4.364792268469169123e+00	9.902964000000000766e-01	-2.274154311649017046e-01
4.134134134134134220e-01	4.362787403690543186e+00	7.830887200000000714e-01	3.273572365103378790e-01
4.144144144144144004e-01	4.360871429747411376e+00	9.449697200000000130e-01	-3.161331316187596802e-02
4.154154154154154344e-01	4.359670433699968761e+00	8.802173200000000808e-01	9.892143217347457163e-02
4.164164164164164128e-01	4.360044517978736600e+00	4.075248000000000759e-01	2.947235501765002597e-01
4.174174174174173912e-01	4.362564515603060578e+00	2.585942800000000097e-01	6.536940998487140719e-01
4.184184184184184252e-01	4.366417761022930222e+00	1.901039999999999675e-02	9.800309631870904870e-01
4.194194194194194036e-01	4.371734946211442541e+00	-3.371277999999999775e-01	1.306367826525466569e+00
4.204204204204204376e-01	4.379186540318642962e+00	-5.767116799999999488e-01	1.469536258194654943e+00
4.214214214214214160e-01	4.387417558486614411e+00	-6.544145599999999785e-01	1.534803630862329848e+00
4.224224224224223945e-01	4.394890562224836650e+00	-6.479393199999999853e-01	1.534803630862329848e+00
4.234234234234234284e-01	4.402077569838874105e+00	-7.774441199999999608e-01	1.632704689863842651e+00
4.244244244244244069e-01	4.410005544252982190e+00	-6.090878800000000259e-01	1.469536258194654943e+00
4.254254254254254408e-01	4.417197360491686986e+00	-7.126917200000000285e-01	1.632704689863842651e+00
4.264264264264264193e-01	4.420701390359715433e+00	-6.220383600000000124e-01	1.404268885526979593e+00
4.274274274274273977e-01	4.420544811105643568e+00	-7.450679199999999947e-01	1.632704689863842651e+00
4.284284284284284317e-01	4.419192386669076100e+00	-6.220383600000000124e-01	1.436902571860817046e+00
4.294294294294294101e-01	4.417121823104153577e+00	-6.608898000000000827e-01	1.567437317196167523e+00
4.304304304304304440e-01	4.412532430126958616e+00	-3.371277999999999775e-01	1.404268885526979593e+00
4.314314314314314225e-01	4.405039860453687339e+00	-2.464744400000000168e-01	1.306367826525466569e+00
4.324324324324324564e-01	4.396292648409277248e+00	3.843611999999999723e-02	1.077932022188603289e+00
4.334334334334334349e-01	4.387282816212532133e+00	1.938418799999999942e-01	9.147635905194151373e-01
4.344344344344344133e-01	4.378283402496462529e+00	5.823562799999999484e-01	5.884267271810389444e-01
4.354354354354354473e-01	4.370417464670993013e+00	6.017820000000000391e-01	1.315551185073121632e-01
4.364364364364364257e-01	4.365416369192351098e+00	7.507125199999999943e-01	6.536940998487140719e-01
4.374374374374374597e-01	4.363913303680882372e+00	9.902964000000000766e-01	-2.274154311649017046e-01
4.384384384384384381e-01	4.364446940494783433e+00	7.830887200000000714e-01	3.273572365103378790e-01
4.394394394394394165e-01	4.364604162791661857e+00	9.384944800000000198e-01	1.020373171961676869e-03
4.404404404404404505e-01	4.363058015667419021e+00	8.737420800000000876e-01	1.315551185073121632e-01
4.414414414414414289e-01	4.361108681108004426e+00	4.140000400000000136e-01	2.620898638426626404e-01
4.424424424424424629e-01	4.361488372740868869e+00	2.715447599999999961e-01	6.536940998487140719e-01
4.434434434434434413e-01	4.365499958931644997e+00	1.901039999999999675e-02	9.800309631870904870e-01
4.444444444444444198e-01	4.372295155127534194e+00	-3.436030400000000262e-01	1.339001512859304244e+00
4.454454454454454537e-01	4.379447412587738064e+00	-5.572859600000000802e-01	1.404268885526979593e+00
4.464464464464464322e-01	4.385132447852258863e+00	-6.673650399999999649e-01	1.502169944528492396e+00
4.474474474474474661e-01	4.390897708982075542e+00	-6.414640799999999921e-01	1.502169944528492396e+00
4.484484484484484446e-01	4.399337271561390317e+00	-7.774441199999999608e-01	1.632704689863842651e+00
4.494494494494494230e-01	4.409447483974223481e+00	-6.220383600000000124e-01	1.469536258194654943e+00
4.504504504504504570e-01	4.417524441333804397e+00	-7.062164799999999243e-01	1.632704689863842651e+00
4.514514514514514354e-01	4.421351761836066707e+00	-6.349888400000001099e-01	1.404268885526979593e+00
4.524524524524524693e-01	4.421322624330427331e+00	-7.450679199999999947e-01	1.600071003530005198e+00
4.534534534534534478e-01	4.419193639809205543e+00	-6.220383600000000124e-01	1.436902571860817046e+00
4.544544544544544262e-01	4.416309640062686448e+00	-6.673650399999999649e-01	1.567437317196167523e+00
4.554554554554554602e-01	4.411874539809833351e+00	-3.177020799999999978e-01	1.371635199193141919e+00
4.564564564564564386e-01	4.404953368328358820e+00	-2.464744400000000168e-01	1.502169944528492396e+00
4.574574574574574726e-01	4.396893315452422790e+00	3.843611999999999723e-02	1.045298335854765615e+00
4.584584584584584510e-01	4.388613952005973928e+00	2.067923600000000084e-01	9.147635905194151373e-01
4.594594594594594295e-01	4.379519067704064739e+00	5.888315200000000527e-01	6.536940998487140719e-01
4.604604604604604634e-01	4.370880696334370263e+00	5.823562799999999484e-01	1.315551185073121632e-01
4.614614614614614418e-01	4.365765265202292689e+00	7.442372800000001121e-01	6.536940998487140719e-01
4.624624624624624758e-01	4.364820910486392869e+00	9.773459200000000902e-01	-2.600491174987393794e-01
4.634634634634634542e-01	4.365299676376882765e+00	7.895639599999999536e-01	3.273572365103378790e-01
4.644644644644644327e-01	4.364549778304315453e+00	9.514449600000001173e-01	-3.161331316187596802e-02
4.654654654654654666e-01	4.362610836944102566e+00	8.737420800000000876e-01	1.315551185073121632e-01
4.664664664664664451e-01	4.361363736656449497e+00	4.075248000000000759e-01	2.620898638426626404e-01
4.674674674674674790e-01	4.362482353768796450e+00	2.780200000000000449e-01	7.189614725163894215e-01
4.684684684684684575e-01	4.366533076417931980e+00	1.901039999999999675e-02	9.800309631870904870e-01
4.694694694694694914e-01	4.372632935692374545e+00	-3.371277999999999775e-01	1.273734140191629116e+00
4.704704704704704699e-01	4.378848140130663147e+00	-5.637612000000000734e-01	1.469536258194654943e+00
4.714714714714714483e-01	4.384620849724898406e+00	-6.608898000000000827e-01	1.534803630862329848e+00
4.724724724724724823e-01	4.391787515378492657e+00	-6.544145599999999785e-01	1.502169944528492396e+00
4.734734734734734607e-01	4.401232724330837343e+00	-7.644936400000000853e-01	1.567437317196167523e+00
4.744744744744744946e-01	4.410562406061882434e+00	-6.220383600000000124e-01	1.567437317196167523e+00
4.754754754754754731e-01	4.416699588002916954e+00	-7.062164799999999243e-01	1.632704689863842651e+00
4.764764764764764515e-01	4.418790555492915217e+00	-6.155631200000000192e-01	1.436902571860817046e+00
4.774774774774774855e-01	4.418521803537212023e+00	-7.385926799999998904e-01	1.600071003530005198e+00
4.784784784784784639e-01	4.418391558042801925e+00	-6.349888400000001099e-01	1.436902571860817046e+00
4.794794794794794979e-01	4.418048664985328777e+00	-6.608898000000000827e-01	1.502169944528492396e+00
4.804804804804804763e-01	4.414230104172181868e+00	-3.306525599999999843e-01	1.371635199193141919e+00
4.814814814814814548e-01	4.406519949314287032e+00	-2.335239600000000026e-01	1.339001512859304244e+00
4.824824824824824887e-01	4.397780053352517093e+00	2.548563999999999691e-02	1.143199394856278639e+00
4.834834834834834671e-01	4.388348061756070173e+00	1.808914000000000077e-01	9.147635905194151373e-01
4.844844844844845011e-01	4.377697563950235349e+00	5.888315200000000527e-01	5.884267271810389444e-01
4.854854854854854795e-01	4.369236745988122728e+00	6.212077200000000188e-01	1.641888048411497825e-01
4.864864864864864580e-01	4.365771284666728036e+00	7.377620400000000078e-01	6.210604135148766192e-01
4.874874874874874919e-01	4.364914237655348472e+00	9.708706800000000969e-01	-2.600491174987393794e-01
4.884884884884884704e-01	4.363739641624612808e+00	7.895639599999999536e-01	3.599909228441755538e-01
4.894894894894895043e-01	4.362288343917349209e+00	9.514449600000001173e-01	-3.161331316187596802e-02
4.904904904904904828e-01	4.361092405404976446e+00	8.802173200000000808e-01	9.892143217347457163e-02
4.914914914914914612e-01	4.360620973501495357e+00	4.204752800000000068e-01	2.620898638426626404e-01
4.924924924924924952e-01	4.362280357167509948e+00	2.780200000000000449e-01	7.189614725163894215e-01
4.934934934934934736e-01	4.366560246295665415e+00	1.901039999999999675e-02	9.800309631870904870e-01
4.944944944944945076e-01	4.372017925119736859e+00	-3.306525599999999843e-01	1.306367826525466569e+00
4.954954954954954860e-01	4.377755173159475710e+00	-5.572859600000000802e-01	1.436902571860817046e+00
4.964964964964965199e-01	4.385167488042529982e+00	-6.738402799999999582e-01	1.502169944528492396e+00
4.974974974974974984e-01	4.394972725608403685e+00	-6.479393199999999853e-01	1.534803630862329848e+00
4.984984984984984768e-01	4.404422393006774072e+00	-7.774441199999999608e-01	1.567437317196167523e+00
4.994994994994995108e-01	4.410943931110741900e+00	-6.090878800000000259e-01	1.436902571860817046e+00
5.005005005005005447e-01	4.415414757086811193e+00	-7.126917200000000285e-01	1.600071003530005198e+00
5.015015015015015232e-01	4.419170682978935893e+00	-6.090878800000000259e-01	1.436902571860817046e+00
5.025025025025025016e-01	4.421368409498171559e+00	-7.450679199999999947e-01	1.600071003530005198e+00
5.035035035035034801e-01	4.420747400657037751e+00	-6.285136000000000056e-01	1.436902571860817046e+00
5.045045045045044585e-01	4.417308257873342470e+00	-6.479393199999999853e-01	1.534803630862329848e+00
5.055055055055055480e-01	4.411423897018930340e+00	-3.241773200000000466e-01	1.371635199193141919e+00
5.065065065065065264e-01	4.403934008875896922e+00	-2.399992000000000236e-01	1.306367826525466569e+00
5.075075075075075048e-01	4.396370700490263239e+00	3.196087999999999707e-02	1.110565708522440964e+00
5.085085085085084833e-01	4.388713358330871728e+00	2.003171200000000152e-01	9.147635905194151373e-01
5.095095095095094617e-01	4.379759978548444010e+00	5.888315200000000527e-01	6.536940998487140719e-01
5.105105105105105512e-01	4.370467262407578879e+00	6.276829600000000120e-01	1.641888048411497825e-01
5.115115115115115296e-01	4.364006059668309234e+00	7.377620400000000078e-01	6.210604135148766192e-01
5.125125125125125081e-01	4.362183975143027581e+00	9.773459200000000902e-01	-2.274154311649017046e-01
5.135135135135134865e-01	4.363068667288352742e+00	7.830887200000000714e-01	3.273572365103378790e-01
5.145145145145144649e-01	4.363221360264031290e+00	9.579201999999999995e-01	1.020373171961676869e-03
5.155155155155155544e-01	4.361865343841737186e+00	8.672668400000000943e-01	1.315551185073121632e-01
5.165165165165165329e-01	4.361098559653205697e+00	4.269505200000000000e-01	2.947235501765002597e-01
5.175175175175175113e-01	4.362495478032557550e+00	2.780200000000000449e-01	6.536940998487140719e-01
5.185185185185184897e-01	4.366107134758195230e+00	2.548563999999999691e-02	1.012664649520927940e+00
5.195195195195194682e-01	4.371626972352433249e+00	-3.371277999999999775e-01	1.306367826525466569e+00
5.205205205205205576e-01	4.378323545372843739e+00	-5.508107199999999759e-01	1.469536258194654943e+00
5.215215215215215361e-01	4.385625372921567511e+00	-6.544145599999999785e-01	1.534803630862329848e+00
5.225225225225225145e-01	4.393688314725408439e+00	-6.285136000000000056e-01	1.534803630862329848e+00
5.235235235235234930e-01	4.402066036499856061e+00	-7.644936400000000853e-01	1.600071003530005198e+00
5.245245245245244714e-01	4.409718469896651172e+00	-6.220383600000000124e-01	1.469536258194654943e+00
5.255255255255255609e-01	4.416549679801232031e+00	-6.932660000000000489e-01	1.665338376197680104e+00
5.265265265265265393e-01	4.421953373137387011e+00	-6.155631200000000192e-01	1.469536258194654943e+00
5.275275275275275177e-01	4.423606073157523966e+00	-7.321174399999998972e-01	1.632704689863842651e+00
5.285285285285284962e-01	4.421167474087950744e+00	-6.349888400000001099e-01	1.534803630862329848e+00
5.295295295295294746e-01	4.416965395510595194e+00	-6.608898000000000827e-01	1.567437317196167523e+00
5.305305305305305641e-01	4.411975254284094206e+00	-3.371277999999999775e-01	1.371635199193141919e+00
5.315315315315315425e-01	4.405426230252764697e+00	-2.399992000000000236e-01	1.339001512859304244e+00
5.325325325325325210e-01	4.396824260617716362e+00	2.548563999999999691e-02	1.077932022188603289e+00
5.335335335335334994e-01	4.386793735871370004e+00	1.938418799999999942e-01	9.473972768532528121e-01
5.345345345345344779e-01	4.377323615948435886e+00	5.823562799999999484e-01	5.231593545133637058e-01
5.355355355355355673e-01	4.370456510629277425e+00	6.665344000000000824e-01	1.641888048411497825e-01
5.365365365365365458e-01	4.366461699122725193e+00	7.507125199999999943e-01	6.210604135148766192e-01
5.375375375375375242e-01	4.364168108272339808e+00	9.838211600000000834e-01	-2.600491174987393794e-01
5.385385385385385026e-01	4.362480169180042999e+00	7.960392000000000579e-01	3.273572365103378790e-01
5.395395395395394811e-01	4.361363578424896303e+00	9.384944800000000198e-01	1.020373171961676869e-03
5.405405405405405705e-01	4.361267982177437830e+00	8.737420800000000876e-01	6.628774583963688294e-02
5.415415415415415490e-01	4.361897563260008326e+00	3.880990800000000407e-01	3.273572365103378790e-01
5.425425425425425274e-01	4.363322724407183273e+00	2.844952399999999826e-01	6.863277861825517467e-01
5.435435435435435059e-01	4.366516316675999931e+00	2.548563999999999691e-02	1.012664649520927940e+00
5.445445445445444843e-01	4.371442632918324023e+00	-3.371277999999999775e-01	1.371635199193141919e+00
5.455455455455455738e-01	4.377578516548820353e+00	-5.508107199999999759e-01	1.436902571860817046e+00
5.465465465465465522e-01	4.385067807721720001e+00	-6.738402799999999582e-01	1.502169944528492396e+00
5.475475475475475307e-01	4.393567528602396521e+00	-6.608898000000000827e-01	1.534803630862329848e+00
5.485485485485485091e-01	4.402250345413570187e+00	-7.580183999999999811e-01	1.567437317196167523e+00
5.495495495495495986e-01	4.410351860028878690e+00	-6.220383600000000124e-01	1.534803630862329848e+00
5.505505505505505770e-01	4.416837746948659493e+00	-7.062164799999999243e-01	1.600071003530005198e+00
5.515515515515515554e-01	4.420782884756644826e+00	-6.349888400000001099e-01	1.436902571860817046e+00
5.525525525525525339e-01	4.421693361359247731e+00	-7.321174399999998972e-01	1.600071003530005198e+00
5.535535535535535123e-01	4.420029815371344206e+00	-6.285136000000000056e-01	1.469536258194654943e+00
5.545545545545546018e-01	4.417280978564517291e+00	-6.544145599999999785e-01	1.600071003530005198e+00
5.555555555555555802e-01	4.413280851525512638e+00	-3.371277999999999775e-01	1.339001512859304244e+00
5.565565565565565587e-01	4.406281799157383716e+00	-2.399992000000000236e-01	1.273734140191629116e+00
5.575575575575575371e-01	4.396819179324772620e+00	3.843611999999999723e-02	1.110565708522440964e+00
5.585585585585585155e-01	4.387199227398822288e+00	1.873666400000000010e-01	8.494962178517398987e-01
5.595595595595596050e-01	4.378557572754290028e+00	5.823562799999999484e-01	5.884267271810389444e-01
5.605605605605605835e-01	4.371349769709295785e+00	6.730096400000000756e-01	1.315551185073121632e-01
5.615615615615615619e-01	4.366590238449372663e+00	7.507125199999999943e-01	6.536940998487140719e-01
5.625625625625625403e-01	4.364257550273865860e+00	9.967716399999999588e-01	-2.600491174987393794e-01
5.635635635635635188e-01	4.362984042703916820e+00	8.025144400000000511e-01	3.599909228441755538e-01
5.645645645645646082e-01	4.362442733625329971e+00	9.514449600000001173e-01	-6.424699949571360813e-02
5.655655655655655867e-01	4.362297978856894964e+00	8.802173200000000808e-01	9.892143217347457163e-02
5.665665665665665651e-01	4.362024033494842357e+00	3.751485999999999432e-01	2.947235501765002597e-01
5.675675675675675436e-01	4.363329714245525182e+00	2.909704799999999758e-01	7.189614725163894215e-01
5.685685685685685220e-01	4.367187406356173085e+00	6.059919999999996421e-03	1.012664649520927940e+00
5.695695695695696115e-01	4.372043408068559955e+00	-3.241773200000000466e-01	1.339001512859304244e+00
5.705705705705705899e-01	4.377607285382301150e+00	-5.572859600000000802e-01	1.404268885526979593e+00
5.715715715715715683e-01	4.384801588701449759e+00	-6.479393199999999853e-01	1.502169944528492396e+00
5.725725725725725468e-01	4.393560181351209515e+00	-6.479393199999999853e-01	1.567437317196167523e+00
5.735735735735735252e-01	4.403246884384961035e+00	-7.644936400000000853e-01	1.632704689863842651e+00
5.745745745745746147e-01	4.412039885562257346e+00	-6.155631200000000192e-01	1.469536258194654943e+00
5.755755755755755931e-01	4.417815575579544074e+00	-6.997412400000000421e-01	1.632704689863842651e+00
5.765765765765765716e-01	4.420698343965997701e+00	-6.090878800000000259e-01	1.469536258194654943e+00
5.775775775775775500e-01	4.421520694041508825e+00	-7.515431599999999879e-01	1.567437317196167523e+00
5.785785785785785285e-01	4.420521745441587491e+00	-6.220383600000000124e-01	1.502169944528492396e+00
5.795795795795796179e-01	4.418175509269934409e+00	-6.544145599999999785e-01	1.567437317196167523e+00
5.805805805805805964e-01	4.413759233614177546e+00	-3.177020799999999978e-01	1.371635199193141919e+00
5.815815815815815748e-01	4.406105414821836597e+00	-2.270487200000000094e-01	1.306367826525466569e+00
5.825825825825825532e-01	4.396802378442020931e+00	1.253515999999999658e-02	1.012664649520927940e+00
5.835835835835835317e-01	4.388199358136559702e+00	2.003171200000000152e-01	9.147635905194151373e-01
5.845845845845846211e-01	4.379852706821870001e+00	5.758810400000000662e-01	6.210604135148766192e-01
5.855855855855855996e-01	4.371379857627509580e+00	6.989106000000000485e-01	1.641888048411497825e-01
5.865865865865865780e-01	4.365527078365602165e+00	7.507125199999999943e-01	6.536940998487140719e-01
5.875875875875875565e-01	4.363913247456713052e+00	9.967716399999999588e-01	-2.274154311649017046e-01
5.885885885885885349e-01	4.363886091989608751e+00	7.960392000000000579e-01	3.273572365103378790e-01
5.895895895895896244e-01	4.362805751750292060e+00	9.449697200000000130e-01	1.020373171961676869e-03
5.905905905905906028e-01	4.361294264946000254e+00	8.802173200000000808e-01	6.628774583963688294e-02
5.915915915915915813e-01	4.361026582992086453e+00	3.880990800000000407e-01	2.947235501765002597e-01
5.925925925925925597e-01	4.362595460416114790e+00	2.844952399999999826e-01	6.210604135148766192e-01
5.935935935935935381e-01	4.366118247808778108e+00	1.253515999999999658e-02	9.473972768532528121e-01
5.945945945945946276e-01	4.371598156946821412e+00	-3.436030400000000262e-01	1.306367826525466569e+00
5.955955955955956060e-01	4.378328843730468378e+00	-5.702364399999999556e-01	1.469536258194654943e+00
5.965965965965965845e-01	4.385698282971680406e+00	-6.608898000000000827e-01	1.502169944528492396e+00
5.975975975975975629e-01	4.393645411529077727e+00	-6.608898000000000827e-01	1.567437317196167523e+00
5.985985985985985414e-01	4.401657391604793190e+00	-7.774441199999999608e-01	1.665338376197680104e+00
5.995995995995996308e-01	4.409134235287140768e+00	-6.155631200000000192e-01	1.469536258194654943e+00
6.006006006006006093e-01	4.415583217402017091e+00	-6.867907599999999446e-01	1.600071003530005198e+00
6.016016016016015877e-01	4.419647195981691645e+00	-6.090878800000000259e-01	1.436902571860817046e+00
6.026026026026025662e-01	4.420613582719301604e+00	-7.450679199999999947e-01	1.534803630862329848e+00
6.036036036036035446e-01	4.419698018464100819e+00	-6.285136000000000056e-01	1.534803630862329848e+00
6.046046046046046341e-01	4.417486981082004327e+00	-6.479393199999999853e-01	1.600071003530005198e+00
6.056056056056056125e-01	4.413061900024446871e+00	-3.306525599999999843e-01	1.436902571860817046e+00
6.066066066066065909e-01	4.406125562692408515e+00	-2.399992000000000236e-01	1.273734140191629116e+00
6.076076076076075694e-01	4.397628329808541459e+00	5.786183999999999772e-02	1.110565708522440964e+00
6.086086086086086588e-01	4.388766999101058275e+00	1.873666400000000010e-01	8.821299041855775735e-01
6.096096096096096373e-01	4.379776109361828595e+00	5.888315200000000527e-01	6.210604135148766192e-01
6.106106106106106157e-01	4.371299285689429936e+00	7.118610800000001460e-01	1.968224911749873740e-01
6.116116116116115942e-01	4.365997067189200109e+00	7.442372800000001121e-01	6.210604135148766192e-01
6.126126126126125726e-01	4.364665393550567707e+00	9.902964000000000766e-01	-2.274154311649017046e-01
6.136136136136136621e-01	4.364488178227544424e+00	7.895639599999999536e-01	3.599909228441755538e-01
6.146146146146146405e-01	4.363391579704463119e+00	9.643954399999999927e-01	6.628774583963688294e-02
6.156156156156156189e-01	4.361393535844135805e+00	8.866925599999999630e-01	9.892143217347457163e-02
6.166166166166165974e-01	4.360104890892686491e+00	3.945743200000000339e-01	2.947235501765002597e-01
6.176176176176175758e-01	4.362234104219234077e+00	3.039209600000000178e-01	6.863277861825517467e-01
6.186186186186186653e-01	4.367717150731533771e+00	-6.890560000000003904e-03	9.800309631870904870e-01
6.196196196196196437e-01	4.373667023229974582e+00	-3.241773200000000466e-01	1.339001512859304244e+00
6.206206206206206222e-01	4.378857028021902131e+00	-5.637612000000000734e-01	1.469536258194654943e+00
6.216216216216216006e-01	4.384519062057949057e+00	-6.608898000000000827e-01	1.534803630862329848e+00
6.226226226226225791e-01	4.392222824577196150e+00	-6.414640799999999921e-01	1.534803630862329848e+00
6.236236236236236685e-01	4.401645718224807879e+00	-7.709688800000000786e-01	1.632704689863842651e+00
6.246246246246246470e-01	4.410450729268029946e+00	-6.220383600000000124e-01	1.502169944528492396e+00
6.256256256256256254e-01	4.416832478595656752e+00	-7.062164799999999243e-01	1.665338376197680104e+00
6.266266266266266038e-01	4.420698017917063183e+00	-6.090878800000000259e-01	1.436902571860817046e+00
6.276276276276275823e-01	4.422329598666020267e+00	-7.450679199999999947e-01	1.534803630862329848e+00
6.286286286286286717e-01	4.421276502599551073e+00	-6.090878800000000259e-01	1.502169944528492396e+00
6.296296296296296502e-01	4.417650600226233237e+00	-6.544145599999999785e-01	1.534803630862329848e+00
6.306306306306306286e-01	4.412576438434812509e+00	-3.306525599999999843e-01	1.371635199193141919e+00
6.316316316316316071e-01	4.405936898169922067e+00	-2.464744400000000168e-01	1.371635199193141919e+00
6.326326326326325855e-01	4.397289904351159073e+00	4.491135999999999739e-02	1.110565708522440964e+00
6.336336336336336750e-01	4.388062656232006198e+00	1.938418799999999942e-01	9.147635905194151373e-01
6.346346346346346534e-01	4.378946701976274447e+00	5.953067600000000459e-01	5.884267271810389444e-01
6.356356356356356319e-01	4.369859519417134130e+00	6.665344000000000824e-01	1.641888048411497825e-01
6.366366366366366103e-01	4.363784738091077031e+00	7.377620400000000078e-01	5.884267271810389444e-01
6.376376376376375887e-01	4.363135713465083221e+00	9.902964000000000766e-01	-2.274154311649017046e-01
6.386386386386386782e-01	4.364373517894044596e+00	7.895639599999999536e-01	3.599909228441755538e-01
6.396396396396396566e-01	4.363136805901363324e+00	9.514449600000001173e-01	1.020373171961676869e-03
6.406406406406406351e-01	4.360948405223774138e+00	8.737420800000000876e-01	1.315551185073121632e-01
6.416416416416416135e-01	4.361490502937027891e+00	4.010495599999999716e-01	2.620898638426626404e-01
6.426426426426425920e-01	4.364183192845029424e+00	2.909704799999999758e-01	6.863277861825517467e-01
6.436436436436436814e-01	4.367185451137415519e+00	1.253515999999999658e-02	9.800309631870904870e-01
6.446446446446446599e-01	4.371617531824129266e+00	-3.695039999999999436e-01	1.306367826525466569e+00
6.456456456456456383e-01	4.378152547252661897e+00	-5.637612000000000734e-01	1.436902571860817046e+00
6.466466466466466168e-01	4.385667012138657839e+00	-6.673650399999999649e-01	1.469536258194654943e+00
6.476476476476475952e-01	4.393635987067279203e+00	-6.479393199999999853e-01	1.600071003530005198e+00
6.486486486486486847e-01	4.401825641725620741e+00	-7.644936400000000853e-01	1.632704689863842651e+00
6.496496496496496631e-01	4.409367078535738393e+00	-6.220383600000000124e-01	1.502169944528492396e+00
6.506506506506506415e-01	4.415441342939940839e+00	-6.997412400000000421e-01	1.665338376197680104e+00
6.516516516516516200e-01	4.419932271811647162e+00	-6.026126399999999217e-01	1.469536258194654943e+00
6.526526526526525984e-01	4.422132934800806936e+00	-7.450679199999999947e-01	1.600071003530005198e+00
6.536536536536536879e-01	4.421100141955247587e+00	-6.285136000000000056e-01	1.469536258194654943e+00
6.546546546546546663e-01	4.417712652783615468e+00	-6.479393199999999853e-01	1.600071003530005198e+00
6.556556556556556448e-01	4.412727637546309367e+00	-3.241773200000000466e-01	1.371635199193141919e+00
6.566566566566566232e-01	4.405761246690840238e+00	-2.205734800000000162e-01	1.273734140191629116e+00
6.576576576576576016e-01	4.397395425756348786e+00	3.843611999999999723e-02	1.077932022188603289e+00
6.586586586586586911e-01	4.388218157119244900e+00	2.003171200000000152e-01	9.473972768532528121e-01
6.596596596596596696e-01	4.378162374433640203e+00	5.888315200000000527e-01	6.536940998487140719e-01
6.606606606606606480e-01	4.369102165572779306e+00	6.341582000000000052e-01	1.968224911749873740e-01
6.616616616616616264e-01	4.364203404792344365e+00	7.377620400000000078e-01	5.557930408472013806e-01
6.626626626626626049e-01	4.363342558494625045e+00	9.838211600000000834e-01	-2.600491174987393794e-01
6.636636636636636943e-01	4.363482200658947541e+00	7.895639599999999536e-01	2.947235501765002597e-01
6.646646646646646728e-01	4.363489444998331912e+00	9.384944800000000198e-01	-3.161331316187596802e-02
6.656656656656656512e-01	4.363368575643479907e+00	8.737420800000000876e-01	9.892143217347457163e-02
6.666666666666666297e-01	4.362513245045155585e+00	4.140000400000000136e-01	2.620898638426626404e-01
6.676676676676676081e-01	4.362262463580076854e+00	2.844952399999999826e-01	6.536940998487140719e-01
6.686686686686686976e-01	4.364878136541026521e+00	2.548563999999999691e-02	9.800309631870904870e-01
6.696696696696696760e-01	4.370685471835701108e+00	-3.371277999999999775e-01	1.371635199193141919e+00
6.706706706706706544e-01	4.378428361274818492e+00	-5.572859600000000802e-01	1.469536258194654943e+00
6.716716716716716329e-01	4.386489257895213711e+00	-6.738402799999999582e-01	1.534803630862329848e+00
6.726726726726726113e-01	4.394288417530725077e+00	-6.738402799999999582e-01	1.534803630862329848e+00
6.736736736736737008e-01	4.402006004324061195e+00	-7.774441199999999608e-01	1.632704689863842651e+00
6.746746746746746792e-01	4.409358458882257636e+00	-6.220383600000000124e-01	1.436902571860817046e+00
6.756756756756756577e-01	4.416045987882349699e+00	-7.062164799999999243e-01	1.632704689863842651e+00
6.766766766766766361e-01	4.421004270128823244e+00	-6.155631200000000192e-01	1.469536258194654943e+00
6.776776776776777256e-01	4.422506479697264403e+00	-7.321174399999998972e-01	1.600071003530005198e+00
6.786786786786787040e-01	4.420531259714764794e+00	-6.285136000000000056e-01	1.469536258194654943e+00
6.796796796796796825e-01	4.416539449322206323e+00	-6.544145599999999785e-01	1.534803630862329848e+00
6.806806806806806609e-01	4.411723510952550775e+00	-3.112268400000000046e-01	1.404268885526979593e+00
6.816816816816816393e-01	4.405736079123876436e+00	-2.205734800000000162e-01	1.273734140191629116e+00
6.826826826826827288e-01	4.397298224120421040e+00	5.786183999999999772e-02	1.143199394856278639e+00
6.836836836836837072e-01	4.387033299692826738e+00	2.067923600000000084e-01	9.473972768532528121e-01
6.846846846846846857e-01	4.377240644553357818e+00	5.758810400000000662e-01	4.905256681795260310e-01
6.856856856856856641e-01	4.369545634259298872e+00	6.471086800000001027e-01	1.641888048411497825e-01
6.866866866866866426e-01	4.364812853130747961e+00	7.377620400000000078e-01	5.884267271810389444e-01
6.876876876876877320e-01	4.362702959231788746e+00	9.902964000000000766e-01	-2.274154311649017046e-01
6.886886886886887105e-01	4.361583595938680169e+00	7.830887200000000714e-01	3.599909228441755538e-01
6.896896896896896889e-01	4.361029083879743418e+00	9.449697200000000130e-01	1.020373171961676869e-03
6.906906906906906674e-01	4.361605424178637946e+00	8.802173200000000808e-01	9.892143217347457163e-02
6.916916916916916458e-01	4.362860613281866584e+00	4.075248000000000759e-01	2.294561775088249655e-01
6.926926926926927353e-01	4.364703711930957297e+00	3.039209600000000178e-01	6.863277861825517467e-01
6.936936936936937137e-01	4.367763354528962694e+00	6.059919999999996421e-03	9.473972768532528121e-01
6.946946946946946921e-01	4.372019175503051081e+00	-3.436030400000000262e-01	1.339001512859304244e+00
6.956956956956956706e-01	4.377496793707887690e+00	-5.637612000000000734e-01	1.436902571860817046e+00
6.966966966966966490e-01	4.384409341838940044e+00	-6.479393199999999853e-01	1.502169944528492396e+00
6.976976976976977385e-01	4.392810827795026185e+00	-6.608898000000000827e-01	1.534803630862329848e+00
6.986986986986987169e-01	4.402279176406047156e+00	-7.709688800000000786e-01	1.665338376197680104e+00
6.996996996996996954e-01	4.410792010564682286e+00	-6.220383600000000124e-01	1.469536258194654943e+00
7.007007007007006738e-01	4.416486871446711149e+00	-7.126917200000000285e-01	1.632704689863842651e+00
7.017017017017016522e-01	4.419735037779068954e+00	-6.026126399999999217e-01	1.436902571860817046e+00
7.027027027027027417e-01	4.421260717088853376e+00	-7.385926799999998904e-01	1.600071003530005198e+00
7.037037037037037202e-01	4.420858614121780050e+00	-6.220383600000000124e-01	1.502169944528492396e+00
7.047047047047046986e-01	4.418555008829091690e+00	-6.544145599999999785e-01	1.502169944528492396e+00
7.057057057057056770e-01	4.414374038579692794e+00	-3.177020799999999978e-01	1.404268885526979593e+00
7.067067067067066555e-01	4.407433816139024962e+00	-2.399992000000000236e-01	1.339001512859304244e+00
7.077077077077077449e-01	4.397794812547958010e+00	4.491135999999999739e-02	1.077932022188603289e+00
7.087087087087087234e-01	4.387376649543103468e+00	2.003171200000000152e-01	9.473972768532528121e-01
7.097097097097097018e-01	4.377465074370084253e+00	5.823562799999999484e-01	5.884267271810389444e-01
7.107107107107106803e-01	4.369133219861969231e+00	6.535839199999999849e-01	1.968224911749873740e-01
7.117117117117116587e-01	4.364642396662588908e+00	7.377620400000000078e-01	6.536940998487140719e-01
7.127127127127127482e-01	4.363997740335626041e+00	9.838211600000000834e-01	-2.600491174987393794e-01
7.137137137137137266e-01	4.364054615790643687e+00	7.960392000000000579e-01	3.273572365103378790e-01
7.147147147147147050e-01	4.362872721382614394e+00	9.514449600000001173e-01	1.020373171961676869e-03
7.157157157157156835e-01	4.361167803842800339e+00	8.802173200000000808e-01	1.315551185073121632e-01
7.167167167167166619e-01	4.360540272319240351e+00	4.010495599999999716e-01	2.620898638426626404e-01
7.177177177177177514e-01	4.362349347804408417e+00	2.780200000000000449e-01	7.189614725163894215e-01
7.187187187187187298e-01	4.366460075923924933e+00	3.196087999999999707e-02	9.800309631870904870e-01
7.197197197197197083e-01	4.371528582860525702e+00	-3.371277999999999775e-01	1.273734140191629116e+00
7.207207207207206867e-01	4.377600541142300017e+00	-5.572859600000000802e-01	1.436902571860817046e+00
7.217217217217216652e-01	4.385525484671292773e+00	-6.608898000000000827e-01	1.502169944528492396e+00
7.227227227227227546e-01	4.394327977223460913e+00	-6.608898000000000827e-01	1.534803630862329848e+00
7.237237237237237331e-01	4.402763755493413811e+00	-7.709688800000000786e-01	1.600071003530005198e+00
7.247247247247247115e-01	4.410785276288228474e+00	-6.220383600000000124e-01	1.436902571860817046e+00
7.257257257257256899e-01	4.417481386669377841e+00	-6.997412400000000421e-01	1.665338376197680104e+00
7.267267267267266684e-01	4.421603715728831041e+00	-5.961373999999999285e-01	1.469536258194654943e+00
7.277277277277277578e-01	4.423172600964176304e+00	-7.256422000000000150e-01	1.632704689863842651e+00
7.287287287287287363e-01	4.422198612147707486e+00	-6.220383600000000124e-01	1.534803630862329848e+00
7.297297297297297147e-01	4.418634521802534465e+00	-6.414640799999999921e-01	1.502169944528492396e+00
7.307307307307306932e-01	4.412828926773070037e+00	-3.306525599999999843e-01	1.469536258194654943e+00
7.317317317317316716e-01	4.405044854423052492e+00	-2.270487200000000094e-01	1.306367826525466569e+00
7.327327327327327611e-01	4.396525575633198457e+00	3.843611999999999723e-02	1.110565708522440964e+00
7.337337337337337395e-01	4.388249219987576666e+00	1.938418799999999942e-01	8.494962178517398987e-01
7.347347347347347180e-01	4.379098408796435749e+00	5.823562799999999484e-01	6.210604135148766192e-01
7.357357357357356964e-01	4.369632180630580898e+00	6.600591600000000891e-01	1.641888048411497825e-01
7.367367367367367859e-01	4.363638825888066286e+00	7.442372800000001121e-01	5.884267271810389444e-01
7.377377377377377643e-01	4.362640471569093847e+00	9.902964000000000766e-01	-1.947817448310640853e-01
7.387387387387387427e-01	4.363424573432206799e+00	8.089896800000000443e-01	3.273572365103378790e-01
7.397397397397397212e-01	4.362990174344370864e+00	9.449697200000000130e-01	1.020373171961676869e-03
7.407407407407406996e-01	4.361769851618594096e+00	8.802173200000000808e-01	9.892143217347457163e-02
7.417417417417417891e-01	4.361192823315237277e+00	4.075248000000000759e-01	2.294561775088249655e-01
7.427427427427427675e-01	4.362712525227566474e+00	2.909704799999999758e-01	6.210604135148766192e-01
7.437437437437437460e-01	4.367445449565408033e+00	1.253515999999999658e-02	1.045298335854765615e+00
7.447447447447447244e-01	4.373765603125005619e+00	-3.500782800000000750e-01	1.371635199193141919e+00
7.457457457457457028e-01	4.379399302596105770e+00	-5.572859600000000802e-01	1.469536258194654943e+00
7.467467467467467923e-01	4.385121872539171406e+00	-6.738402799999999582e-01	1.502169944528492396e+00
7.477477477477477708e-01	4.392586300017581102e+00	-6.479393199999999853e-01	1.502169944528492396e+00
7.487487487487487492e-01	4.401275697161923794e+00	-7.839193599999999540e-01	1.600071003530005198e+00
7.497497497497497276e-01	4.409400312911260222e+00	-6.155631200000000192e-01	1.502169944528492396e+00
7.507507507507507061e-01	4.415940728202131460e+00	-7.062164799999999243e-01	1.665338376197680104e+00
7.517517517517517955e-01	4.420782552608204519e+00	-6.090878800000000259e-01	1.436902571860817046e+00
7.527527527527527740e-01	4.423031989510835871e+00	-7.385926799999998904e-01	1.600071003530005198e+00
7.537537537537537524e-01	4.421819710809476334e+00	-6.220383600000000124e-01	1.469536258194654943e+00
7.547547547547547309e-01	4.418509782700215993e+00	-6.544145599999999785e-01	1.600071003530005198e+00
7.557557557557557093e-01	4.414250787063337178e+00	-3.241773200000000466e-01	1.404268885526979593e+00
7.567567567567567988e-01	4.407606611350038506e+00	-2.464744400000000168e-01	1.371635199193141919e+00
7.577577577577577772e-01	4.397573224958395421e+00	4.491135999999999739e-02	1.045298335854765615e+00
7.587587587587587556e-01	4.386385104405896129e+00	2.003171200000000152e-01	9.147635905194151373e-01
7.597597597597597341e-01	4.377245140564078874e+00	5.953067600000000459e-01	5.557930408472013806e-01
7.607607607607607125e-01	4.370727918324846861e+00	6.859601199999999510e-01	1.641888048411497825e-01
7.617617617617618020e-01	4.366183587088188212e+00	7.312868000000000146e-01	6.536940998487140719e-01
7.627627627627627804e-01	4.363784648994267990e+00	9.902964000000000766e-01	-2.274154311649017046e-01
7.637637637637637589e-01	4.362554605911884487e+00	7.830887200000000714e-01	3.273572365103378790e-01
7.647647647647647373e-01	4.360883860108147658e+00	9.579201999999999995e-01	1.020373171961676869e-03
7.657657657657657158e-01	4.359426762961185808e+00	8.737420800000000876e-01	9.892143217347457163e-02
7.667667667667668052e-01	4.360141199859351779e+00	3.945743200000000339e-01	3.273572365103378790e-01
7.677677677677677837e-01	4.363422982384549620e+00	3.039209600000000178e-01	6.536940998487140719e-01
7.687687687687687621e-01	4.368334305668120088e+00	1.901039999999999675e-02	9.800309631870904870e-01
7.697697697697697405e-01	4.374355015130120705e+00	-3.241773200000000466e-01	1.339001512859304244e+00
7.707707707707707190e-01	4.380972277444812768e+00	-5.702364399999999556e-01	1.371635199193141919e+00
7.717717717717718084e-01	4.387565786790458056e+00	-6.544145599999999785e-01	1.469536258194654943e+00
7.727727727727727869e-01	4.394804926270677647e+00	-6.673650399999999649e-01	1.567437317196167523e+00
7.737737737737737653e-01	4.403586263676355195e+00	-7.644936400000000853e-01	1.600071003530005198e+00
7.747747747747747438e-01	4.412079044571247444e+00	-6.220383600000000124e-01	1.404268885526979593e+00
7.757757757757757222e-01	4.417196878891528122e+00	-7.126917200000000285e-01	1.600071003530005198e+00
7.767767767767768117e-01	4.419218644992592537e+00	-6.026126399999999217e-01	1.502169944528492396e+00
7.777777777777777901e-01	4.420711717728861068e+00	-7.321174399999998972e-01	1.600071003530005198e+00
7.787787787787787686e-01	4.421833581404196245e+00	-6.349888400000001099e-01	1.469536258194654943e+00
7.797797797797797470e-01	4.420302642114354974e+00	-6.608898000000000827e-01	1.534803630862329848e+00
7.807807807807807254e-01	4.414895115680759652e+00	-3.241773200000000466e-01	1.339001512859304244e+00
7.817817817817818149e-01	4.406696925516011554e+00	-2.270487200000000094e-01	1.339001512859304244e+00
7.827827827827827933e-01	4.397038804378620824e+00	3.843611999999999723e-02	1.110565708522440964e+00
7.837837837837837718e-01	4.386704938276437815e+00	2.003171200000000152e-01	8.821299041855775735e-01
7.847847847847847502e-01	4.377298269135688535e+00	5.758810400000000662e-01	6.210604135148766192e-01
7.857857857857857287e-01	4.370554956365494625e+00	7.183363200000001392e-01	1.315551185073121632e-01
7.867867867867868181e-01	4.366399236238303061e+00	7.507125199999999943e-01	6.536940998487140719e-01
7.877877877877877966e-01	4.363666231449971455e+00	9.902964000000000766e-01	-2.274154311649017046e-01
7.887887887887887750e-01	4.362043937869455767e+00	7.960392000000000579e-01	2.947235501765002597e-01
7.897897897897897534e-01	4.361767327333282651e+00	9.579201999999999995e-01	1.020373171961676869e-03
7.907907907907907319e-01	4.362275122065644162e+00	8.866925599999999630e-01	6.628774583963688294e-02
7.917917917917918214e-01	4.362486012921663381e+00	3.945743200000000339e-01	3.273572365103378790e-01
7.927927927927927998e-01	4.362734248967750972e+00	2.974457200000000245e-01	6.863277861825517467e-01
7.937937937937937782e-01	4.365090936087290707e+00	6.059919999999996421e-03	9.473972768532528121e-01
7.947947947947947567e-01	4.370620923947235781e+00	-3.436030400000000262e-01	1.306367826525466569e+00
7.957957957957957351e-01	4.378015151550593842e+00	-5.637612000000000734e-01	1.469536258194654943e+00
7.967967967967968246e-01	4.385568404408470400e+00	-6.544145599999999785e-01	1.567437317196167523e+00
7.977977977977978030e-01	4.393209454610333076e+00	-6.738402799999999582e-01	1.567437317196167523e+00
7.987987987987987815e-01	4.401741185123898781e+00	-7.644936400000000853e-01	1.632704689863842651e+00
7.997997997997997599e-01	4.410390958119748461e+00	-6.090878800000000259e-01	1.436902571860817046e+00
8.008008008008007383e-01	4.416883045710332745e+00	-6.997412400000000421e-01	1.632704689863842651e+00
8.018018018018018278e-01	4.420070014773614275e+00	-6.090878800000000259e-01	1.404268885526979593e+00
8.028028028028028062e-01	4.421094373649007814e+00	-7.385926799999998904e-01	1.600071003530005198e+00
8.038038038038037847e-01	4.420922515459177582e+00	-6.285136000000000056e-01	1.469536258194654943e+00
8.048048048048047631e-01	4.418320539774675204e+00	-6.479393199999999853e-01	1.567437317196167523e+00
8.058058058058058526e-01	4.412819298130896684e+00	-3.371277999999999775e-01	1.371635199193141919e+00
8.068068068068068310e-01	4.405661552185890173e+00	-2.205734800000000162e-01	1.371635199193141919e+00
8.078078078078078095e-01	4.397023088744895780e+00	3.196087999999999707e-02	1.110565708522440964e+00
8.088088088088087879e-01	4.387372081728017292e+00	1.938418799999999942e-01	9.473972768532528121e-01
8.098098098098097664e-01	4.378632025058031729e+00	5.694058000000000730e-01	6.210604135148766192e-01
8.108108108108108558e-01	4.371769246135488451e+00	7.377620400000000078e-01	1.968224911749873740e-01
8.118118118118118343e-01	4.366775970636664894e+00	7.507125199999999943e-01	6.210604135148766192e-01
8.128128128128128127e-01	4.364076903677123198e+00	9.967716399999999588e-01	-2.926828038325769432e-01
8.138138138138137911e-01	4.363467908136161810e+00	7.960392000000000579e-01	3.273572365103378790e-01
8.148148148148147696e-01	4.363107136779592388e+00	9.384944800000000198e-01	1.020373171961676869e-03
8.158158158158158590e-01	4.361718120365750906e+00	8.866925599999999630e-01	6.628774583963688294e-02
8.168168168168168375e-01	4.360727327455617086e+00	3.751485999999999432e-01	2.947235501765002597e-01
8.178178178178178159e-01	4.362143222610797899e+00	2.909704799999999758e-01	7.189614725163894215e-01
8.188188188188187944e-01	4.365939685138557458e+00	1.901039999999999675e-02	9.473972768532528121e-01
8.198198198198197728e-01	4.371378662069365539e+00	-3.500782800000000750e-01	1.306367826525466569e+00
8.208208208208208623e-01	4.378026764428520679e+00	-5.637612000000000734e-01	1.404268885526979593e+00
8.218218218218218407e-01	4.384958423752122414e+00	-6.608898000000000827e-01	1.534803630862329848e+00
8.228228228228228192e-01	4.392291028291501753e+00	-6.673650399999999649e-01	1.502169944528492396e+00
8.238238238238237976e-01	4.401297909220376781e+00	-7.709688800000000786e-01	1.665338376197680104e+00
8.248248248248247760e-01	4.410871770575582218e+00	-6.155631200000000192e-01	1.404268885526979593e+00
8.258258258258258655e-01	4.417643615498200838e+00	-6.997412400000000421e-01	1.600071003530005198e+00
8.268268268268268439e-01	4.420612632647054951e+00	-6.026126399999999217e-01	1.371635199193141919e+00
8.278278278278278224e-01	4.421992363404539716e+00	-7.450679199999999947e-01	1.600071003530005198e+00
8.288288288288288008e-01	4.422204128341913787e+00	-6.155631200000000192e-01	1.534803630862329848e+00
8.298298298298297793e-01	4.418862874892568904e+00	-6.608898000000000827e-01	1.534803630862329848e+00
8.308308308308308687e-01	4.412114201829858473e+00	-3.306525599999999843e-01	1.404268885526979593e+00
8.318318318318318472e-01	4.404854973442479782e+00	-2.205734800000000162e-01	1.273734140191629116e+00
8.328328328328328256e-01	4.397462987378779609e+00	3.196087999999999707e-02	1.110565708522440964e+00
8.338338338338338041e-01	4.388323797351104005e+00	1.873666400000000010e-01	9.147635905194151373e-01
8.348348348348347825e-01	4.378370440415507048e+00	5.823562799999999484e-01	6.210604135148766192e-01
8.358358358358358720e-01	4.370210952859856057e+00	6.989106000000000485e-01	1.968224911749873740e-01
8.368368368368368504e-01	4.365396513568321701e+00	7.507125199999999943e-01	6.210604135148766192e-01
8.378378378378378288e-01	4.364111393409128681e+00	9.967716399999999588e-01	-2.274154311649017046e-01
8.388388388388388073e-01	4.364479036319914407e+00	7.960392000000000579e-01	2.947235501765002597e-01
8.398398398398397857e-01	4.363622136233320958e+00	9.449697200000000130e-01	3.365405950579927752e-02
8.408408408408408752e-01	4.361212585480923387e+00	8.802173200000000808e-01	6.628774583963688294e-02
8.418418418418418536e-01	4.360111907290849409e+00	4.010495599999999716e-01	3.273572365103378790e-01
8.428428428428428321e-01	4.362492592876266784e+00	3.039209600000000178e-01	6.863277861825517467e-01
8.438438438438438105e-01	4.367444495813698424e+00	6.059919999999996421e-03	1.012664649520927940e+00
8.448448448448447889e-01	4.373133397080855467e+00	-3.306525599999999843e-01	1.339001512859304244e+00
8.458458458458458784e-01	4.378813230271012991e+00	-5.637612000000000734e-01	1.404268885526979593e+00
8.468468468468468568e-01	4.384953264006025364e+00	-6.608898000000000827e-01	1.534803630862329848e+00
8.478478478478478353e-01	4.392758266000369005e+00	-6.544145599999999785e-01	1.567437317196167523e+00
8.488488488488488137e-01	4.402083198975074829e+00	-7.774441199999999608e-01	1.600071003530005198e+00
8.498498498498497922e-01	4.410627300199368328e+00	-6.090878800000000259e-01	1.469536258194654943e+00
8.508508508508508816e-01	4.417118813865453575e+00	-7.062164799999999243e-01	1.632704689863842651e+00
8.518518518518518601e-01	4.421612217195476369e+00	-6.026126399999999217e-01	1.502169944528492396e+00
8.528528528528528385e-01	4.422683172586585165e+00	-7.385926799999998904e-01	1.534803630862329848e+00
8.538538538538538170e-01	4.419796513147088213e+00	-6.220383600000000124e-01	1.469536258194654943e+00
8.548548548548547954e-01	4.415242821433046139e+00	-6.608898000000000827e-01	1.534803630862329848e+00
8.558558558558558849e-01	4.410505910712737787e+00	-3.241773200000000466e-01	1.469536258194654943e+00
8.568568568568568633e-01	4.404975599270817277e+00	-2.335239600000000026e-01	1.339001512859304244e+00
8.578578578578578417e-01	4.397811373258146084e+00	3.843611999999999723e-02	1.175833081190116092e+00
8.588588588588588202e-01	4.388711029550991682e+00	1.938418799999999942e-01	9.473972768532528121e-01
8.598598598598597986e-01	4.378724771686302475e+00	5.629305600000000798e-01	5.231593545133637058e-01
8.608608608608608881e-01	4.370276000121805282e+00	6.794848799999999578e-01	2.294561775088249655e-01
8.618618618618618665e-01	4.365431206353792781e+00	7.442372800000001121e-01	6.536940998487140719e-01
8.628628628628628450e-01	4.364170233067417470e+00	9.902964000000000766e-01	-1.947817448310640853e-01
8.638638638638638234e-01	4.363916548336294277e+00	7.960392000000000579e-01	3.599909228441755538e-01
8.648648648648649129e-01	4.362367695591768957e+00	9.449697200000000130e-01	1.020373171961676869e-03
8.658658658658658913e-01	4.360371043447824668e+00	8.672668400000000943e-01	1.315551185073121632e-01
8.668668668668668698e-01	4.360052512613042275e+00	4.075248000000000759e-01	2.294561775088249655e-01
8.678678678678678482e-01	4.362249845049396058e+00	3.039209600000000178e-01	6.210604135148766192e-01
8.688688688688688266e-01	4.366546238232482224e+00	1.901039999999999675e-02	1.012664649520927940e+00
8.698698698698699161e-01	4.372086004355706379e+00	-3.371277999999999775e-01	1.306367826525466569e+00
8.708708708708708945e-01	4.378407682427025271e+00	-5.572859600000000802e-01	1.469536258194654943e+00
8.718718718718718730e-01	4.385625880174701230e+00	-6.544145599999999785e-01	1.534803630862329848e+00
8.728728728728728514e-01	4.393580744355898737e+00	-6.544145599999999785e-01	1.567437317196167523e+00
8.738738738738738299e-01	4.401603960977782393e+00	-7.774441199999999608e-01	1.632704689863842651e+00
8.748748748748749193e-01	4.409443399629657812e+00	-6.155631200000000192e-01	1.469536258194654943e+00
8.758758758758758978e-01	4.416812559390932869e+00	-6.997412400000000421e-01	1.600071003530005198e+00
8.768768768768768762e-01	4.422038654249115908e+00	-6.155631200000000192e-01	1.436902571860817046e+00
8.778778778778778547e-01	4.423327226571265314e+00	-7.385926799999998904e-01	1.600071003530005198e+00
8.788788788788788331e-01	4.420930857684567172e+00	-6.155631200000000192e-01	1.469536258194654943e+00
8.798798798798799226e-01	4.416702884578712407e+00	-6.673650399999999649e-01	1.502169944528492396e+00
8.808808808808809010e-01	4.411636960732924884e+00	-3.241773200000000466e-01	1.371635199193141919e+00
8.818818818818818794e-01	4.404771076140712616e+00	-2.335239600000000026e-01	1.306367826525466569e+00
8.828828828828828579e-01	4.395745216608637485e+00	3.843611999999999723e-02	1.077932022188603289e+00
8.838838838838838363e-01	4.385969038896347705e+00	1.873666400000000010e-01	9.473972768532528121e-01
8.848848848848849258e-01	4.376608974685240128e+00	5.629305600000000798e-01	6.536940998487140719e-01
8.858858858858859042e-01	4.369369003152504760e+00	6.600591600000000891e-01	1.315551185073121632e-01
8.868868868868868827e-01	4.365974102701886572e+00	7.377620400000000078e-01	5.884267271810389444e-01
8.878878878878878611e-01	4.364827006669036003e+00	9.967716399999999588e-01	-1.947817448310640853e-01
8.888888888888888395e-01	4.363611322678663029e+00	7.960392000000000579e-01	3.599909228441755538e-01
8.898898898898899290e-01	4.362679472670842884e+00	9.579201999999999995e-01	3.365405950579927752e-02
8.908908908908909074e-01	4.362495856475387512e+00	8.737420800000000876e-01	9.892143217347457163e-02
8.918918918918918859e-01	4.362543209116201304e+00	4.140000400000000136e-01	2.947235501765002597e-01
8.928928928928928643e-01	4.363187879419568205e+00	3.103962000000000110e-01	6.863277861825517467e-01
8.938938938938938428e-01	4.365508324442242127e+00	-4.153200000000037417e-04	9.800309631870904870e-01
8.948948948948949322e-01	4.370187473116198262e+00	-3.500782800000000750e-01	1.339001512859304244e+00
8.958958958958959107e-01	4.377126336086089253e+00	-5.508107199999999759e-01	1.436902571860817046e+00
8.968968968968968891e-01	4.385206412653269048e+00	-6.608898000000000827e-01	1.502169944528492396e+00
8.978978978978978676e-01	4.393106826463192505e+00	-6.544145599999999785e-01	1.632704689863842651e+00
8.988988988988988460e-01	4.401001164766663365e+00	-7.709688800000000786e-01	1.665338376197680104e+00
8.998998998998999355e-01	4.409386476177485470e+00	-6.285136000000000056e-01	1.469536258194654943e+00
9.009009009009009139e-01	4.416667027029726356e+00	-6.997412400000000421e-01	1.697972062531518000e+00
9.019019019019018923e-01	4.421181401995111671e+00	-6.090878800000000259e-01	1.436902571860817046e+00
9.029029029029028708e-01	4.423130506089881564e+00	-7.321174399999998972e-01	1.600071003530005198e+00
9.039039039039038492e-01	4.422785872941284779e+00	-6.090878800000000259e-01	1.469536258194654943e+00
9.049049049049049387e-01	4.419701450687957056e+00	-6.544145599999999785e-01	1.567437317196167523e+00
9.059059059059059171e-01	4.413909452894669627e+00	-3.177020799999999978e-01	1.371635199193141919e+00
9.069069069069068956e-01	4.406212574853642039e+00	-2.335239600000000026e-01	1.339001512859304244e+00
9.079079079079078740e-01	4.396982356978853979e+00	4.491135999999999739e-02	1.045298335854765615e+00
9.089089089089088525e-01	4.386866811957571777e+00	2.003171200000000152e-01	8.494962178517398987e-01
9.099099099099099419e-01	4.377786260890515813e+00	5.823562799999999484e-01	5.557930408472013806e-01
9.109109109109109204e-01	4.370904420370933963e+00	6.730096400000000756e-01	1.641888048411497825e-01
9.119119119119118988e-01	4.366036799398714585e+00	7.507125199999999943e-01	6.536940998487140719e-01
9.129129129129128772e-01	4.363080284595936220e+00	9.838211600000000834e-01	-2.274154311649017046e-01
9.139139139139138557e-01	4.362057856292415714e+00	7.895639599999999536e-01	3.273572365103378790e-01
9.149149149149149451e-01	4.362424478162445496e+00	9.449697200000000130e-01	1.020373171961676869e-03
9.159159159159159236e-01	4.362554048367475623e+00	8.802173200000000808e-01	9.892143217347457163e-02
9.169169169169169020e-01	4.361638121090336995e+00	4.140000400000000136e-01	2.947235501765002597e-01
9.179179179179178805e-01	4.361883128163674961e+00	3.103962000000000110e-01	6.863277861825517467e-01
9.189189189189188589e-01	4.365339359096736871e+00	6.059919999999996421e-03	1.012664649520927940e+00
9.199199199199199484e-01	4.371266945320507524e+00	-3.306525599999999843e-01	1.339001512859304244e+00
9.209209209209209268e-01	4.378208860755115062e+00	-5.637612000000000734e-01	1.404268885526979593e+00
9.219219219219219053e-01	4.385052463262524292e+00	-6.608898000000000827e-01	1.567437317196167523e+00
9.229229229229228837e-01	4.391798776373757818e+00	-6.608898000000000827e-01	1.469536258194654943e+00
9.239239239239238621e-01	4.400009033476952602e+00	-7.580183999999999811e-01	1.632704689863842651e+00
9.249249249249249516e-01	4.409461408606100363e+00	-6.220383600000000124e-01	1.436902571860817046e+00
9.259259259259259300e-01	4.416919276149640083e+00	-6.803155199999999514e-01	1.600071003530005198e+00
9.269269269269269085e-01	4.420367146653121360e+00	-6.220383600000000124e-01	1.469536258194654943e+00
9.279279279279278869e-01	4.420936431800367217e+00	-7.515431599999999879e-01	1.567437317196167523e+00
9.289289289289288654e-01	4.420069273695781398e+00	-6.285136000000000056e-01	1.469536258194654943e+00
9.299299299299299548e-01	4.417559249567469593e+00	-6.608898000000000827e-01	1.534803630862329848e+00
9.309309309309309333e-01	4.412623484252540251e+00	-3.241773200000000466e-01	1.436902571860817046e+00
9.319319319319319117e-01	4.405369102698550421e+00	-2.335239600000000026e-01	1.306367826525466569e+00
9.329329329329328901e-01	4.396542147488820440e+00	3.843611999999999723e-02	1.077932022188603289e+00
9.339339339339339796e-01	4.387379002569649522e+00	1.938418799999999942e-01	8.821299041855775735e-01
9.349349349349349581e-01	4.379204420183230084e+00	5.629305600000000798e-01	6.210604135148766192e-01
9.359359359359359365e-01	4.372020170573037490e+00	6.989106000000000485e-01	1.641888048411497825e-01
9.369369369369369149e-01	4.366331607431161110e+00	7.377620400000000078e-01	6.210604135148766192e-01
9.379379379379378934e-01	4.364237147069938594e+00	9.902964000000000766e-01	-1.947817448310640853e-01
9.389389389389389828e-01	4.364725336814115231e+00	7.895639599999999536e-01	2.947235501765002597e-01
9.399399399399399613e-01	4.363567462844893718e+00	9.514449600000001173e-01	-3.161331316187596802e-02
9.409409409409409397e-01	4.360472399512617336e+00	8.737420800000000876e-01	9.892143217347457163e-02
9.419419419419419182e-01	4.359477838530733784e+00	4.140000400000000136e-01	2.947235501765002597e-01
9.429429429429428966e-01	4.362505631042553844e+00	3.039209600000000178e-01	6.863277861825517467e-01
9.439439439439439861e-01	4.367958160043337479e+00	2.548563999999999691e-02	1.012664649520927940e+00
9.449449449449449645e-01	4.373795354051442708e+00	-3.500782800000000750e-01	1.371635199193141919e+00
9.459459459459459429e-01	4.379710735372771779e+00	-5.637612000000000734e-01	1.371635199193141919e+00
9.469469469469469214e-01	4.386822972025303358e+00	-6.544145599999999785e-01	1.567437317196167523e+00
9.479479479479478998e-01	4.395223125458878499e+00	-6.673650399999999649e-01	1.567437317196167523e+00
9.489489489489489893e-01	4.403584680766742032e+00	-7.774441199999999608e-01	1.632704689863842651e+00
9.499499499499499677e-01	4.410831391514080657e+00	-6.155631200000000192e-01	1.469536258194654943e+00
9.509509509509509462e-01	4.416276480254617276e+00	-6.932660000000000489e-01	1.632704689863842651e+00
9.519519519519519246e-01	4.419595520708428538e+00	-6.220383600000000124e-01	1.469536258194654943e+00
9.529529529529529031e-01	4.421217559880718184e+00	-7.515431599999999879e-01	1.567437317196167523e+00
9.539539539539539925e-01	4.421656335596221510e+00	-6.349888400000001099e-01	1.436902571860817046e+00
9.549549549549549710e-01	4.419860698699863200e+00	-6.867907599999999446e-01	1.534803630862329848e+00
9.559559559559559494e-01	4.413909003953034649e+00	-3.112268400000000046e-01	1.404268885526979593e+00
9.569569569569569278e-01	4.405497322131623150e+00	-2.399992000000000236e-01	1.306367826525466569e+00
9.579579579579579063e-01	4.398114587973726231e+00	5.138659999999999756e-02	1.143199394856278639e+00
9.589589589589589957e-01	4.390162724847914255e+00	1.938418799999999942e-01	1.012664649520927940e+00
9.599599599599599742e-01	4.379356878161617672e+00	5.499800799999999823e-01	5.884267271810389444e-01
9.609609609609609526e-01	4.369407659778167918e+00	6.989106000000000485e-01	1.641888048411497825e-01
9.619619619619619311e-01	4.364680774505804273e+00	7.442372800000001121e-01	6.210604135148766192e-01
9.629629629629629095e-01	4.364583158112843364e+00	9.902964000000000766e-01	-2.926828038325769432e-01
9.639639639639639990e-01	4.365277966659300901e+00	8.025144400000000511e-01	3.926246091780131731e-01
9.649649649649649774e-01	4.364103907382336445e+00	9.514449600000001173e-01	-3.161331316187596802e-02
9.659659659659659559e-01	4.362152875086342085e+00	8.802173200000000808e-01	6.628774583963688294e-02
9.669669669669669343e-01	4.361767648272259379e+00	4.204752800000000068e-01	2.620898638426626404e-01
9.679679679679679127e-01	4.363579123773196677e+00	3.168714400000000042e-01	6.863277861825517467e-01
9.689689689689690022e-01	4.367064543934663590e+00	6.059919999999996421e-03	1.045298335854765615e+00
9.699699699699699806e-01	4.371528410102949458e+00	-3.436030400000000262e-01	1.339001512859304244e+00
9.709709709709709591e-01	4.376928134274206350e+00	-5.702364399999999556e-01	1.436902571860817046e+00
9.719719719719719375e-01	4.384296745247961091e+00	-6.673650399999999649e-01	1.502169944528492396e+00
9.729729729729729160e-01	4.393576173271932284e+00	-6.608898000000000827e-01	1.534803630862329848e+00
9.739739739739740054e-01	4.402609165922149792e+00	-7.644936400000000853e-01	1.567437317196167523e+00
9.749749749749749839e-01	4.410114018856404527e+00	-6.090878800000000259e-01	1.436902571860817046e+00
9.759759759759759623e-01	4.416292241800818807e+00	-6.997412400000000421e-01	1.600071003530005198e+00
9.769769769769769407e-01	4.420528576262209519e+00	-6.026126399999999217e-01	1.436902571860817046e+00
9.779779779779779192e-01	4.422098505448099459e+00	-7.385926799999998904e-01	1.567437317196167523e+00
9.789789789789790087e-01	4.420957152080557506e+00	-6.285136000000000056e-01	1.502169944528492396e+00
9.799799799799799871e-01	4.417068330038984136e+00	-6.673650399999999649e-01	1.567437317196167523e+00
9.809809809809809655e-01	4.411316561484146526e+00	-3.371277999999999775e-01	1.404268885526979593e+00
9.819819819819819440e-01	4.404643479932119021e+00	-2.205734800000000162e-01	1.306367826525466569e+00
9.829829829829829224e-01	4.396804962275443707e+00	5.138659999999999756e-02	1.110565708522440964e+00
9.839839839839840119e-01	4.388041881547375844e+00	1.808914000000000077e-01	9.147635905194151373e-01
9.849849849849849903e-01	4.378934454231886875e+00	5.499800799999999823e-01	5.884267271810389444e-01
9.859859859859859688e-01	4.370441230332850147e+00	6.859601199999999510e-01	1.968224911749873740e-01
9.869869869869869472e-01	4.365179522062986983e+00	7.442372800000001121e-01	6.210604135148766192e-01
9.879879879879879256e-01	4.363847999804771227e+00	9.967716399999999588e-01	-1.947817448310640853e-01
9.889889889889890151e-01	4.363544260675801922e+00	7.830887200000000714e-01	3.599909228441755538e-01
9.899899899899899935e-01	4.362463154096868578e+00	9.449697200000000130e-01	-3.161331316187596802e-02
9.909909909909909720e-01	4.361183742841841848e+00	8.737420800000000876e-01	9.892143217347457163e-02
9.919919919919919504e-01	4.360638350274961716e+00	4.140000400000000136e-01	2.620898638426626404e-01
9.929929929929930399e-01	4.361927713495129311e+00	3.168714400000000042e-01	6.863277861825517467e-01
9.939939939939940183e-01	4.365444820045478735e+00	1.253515999999999658e-02	1.012664649520927940e+00
9.949949949949949968e-01	4.370697027997673345e+00	-3.371277999999999775e-01	1.306367826525466569e+00
9.959959959959959752e-01	4.377739510448166449e+00	-5.637612000000000734e-01	1.436902571860817046e+00
9.969969969969969537e-01	4.385918315578463123e+00	-6.544145599999999785e-01	1.534803630862329848e+00
9.979979979979980431e-01	4.393673061836839366e+00	-6.803155199999999514e-01	1.600071003530005198e+00
9.989989989989990216e-01	4.401238324913244959e+00	-7.709688800000000786e-01	1.632704689863842651e+00
1.000000000000000000e+00	4.409557666722869307e+00	-6.220383600000000124e-01	1.469536258194654943e+00
