Time(s)\disp(mm)\Force(Lb)\Force(Lb)
0.000000000000000000e+00	4.434648667215411066e+00	-8.033450799999999337e-01	1.339001512859304244e+00
1.001001001001000992e-03	4.434468349489773864e+00	-7.709688800000000786e-01	1.273734140191629116e+00
2.002002002002001985e-03	4.432990979600899273e+00	-7.385926799999998904e-01	1.175833081190116092e+00
3.003003003003002977e-03	4.429694872567256247e+00	-5.508107199999999759e-01	1.077932022188603289e+00
4.004004004004003969e-03	4.424519801563428167e+00	-3.954049599999999165e-01	1.012664649520927940e+00
5.005005005005004962e-03	4.417713387735083153e+00	-2.982763600000000181e-01	9.147635905194151373e-01
6.006006006006005954e-03	4.410096123013165226e+00	-1.493458400000000075e-01	7.515951588502269853e-01
7.007007007007006946e-03	4.402376676364938568e+00	-9.106868000000001295e-02	5.884267271810389444e-01
8.008008008008007939e-03	4.394710455609370570e+00	1.290894800000000064e-01	3.926246091780131731e-01
9.009009009009008931e-03	4.387615958376438918e+00	3.557228800000000746e-01	2.294561775088249655e-01
1.001001001001000992e-02	4.381849312110996486e+00	4.204752800000000068e-01	3.365405950579927752e-02
1.101101101101101092e-02	4.376936283785392234e+00	7.830887200000000714e-01	-9.688068582955121355e-02
1.201201201201201191e-02	4.371530122631027027e+00	9.449697200000000130e-01	-3.253164901664145625e-01
1.301301301301301290e-02	4.365448662894213960e+00	9.643954399999999927e-01	-5.211186081694403338e-01
1.401401401401401389e-02	4.360161793732602931e+00	1.301107919999999973e+00	-5.863859808371156834e-01
1.501501501501501488e-02	4.357236742695977050e+00	1.307583159999999856e+00	-7.169207261724660496e-01
1.601601601601601588e-02	4.356728124475857555e+00	1.262256480000000014e+00	-8.474554715078166378e-01
1.701701701701701513e-02	4.356941938396065694e+00	1.255781239999999910e+00	-7.495544125063037244e-01
1.801801801801801786e-02	4.356080607149822370e+00	1.281682200000000105e+00	-8.148217851739789630e-01
1.901901901901902059e-02	4.354377352945720148e+00	1.262256480000000014e+00	-6.842870398386284858e-01
2.002002002002001985e-02	4.353363115204341049e+00	1.268731720000000118e+00	-7.495544125063037244e-01
2.102102102102101910e-02	4.353332561350311103e+00	1.268731720000000118e+00	-6.842870398386284858e-01
2.202202202202202183e-02	4.353588475605866037e+00	1.288157439999999765e+00	-7.821880988401412882e-01
2.302302302302302456e-02	4.353802342074410525e+00	1.255781239999999910e+00	-6.842870398386284858e-01
2.402402402402402382e-02	4.354117449712330057e+00	9.967716399999999588e-01	-3.905838628340898566e-01
2.502502502502502307e-02	4.355373871044700529e+00	9.773459200000000902e-01	-5.211186081694403338e-01
2.602602602602602580e-02	4.358245443540844200e+00	5.370296000000001069e-01	1.020373171961676869e-03
2.702702702702702853e-02	4.362202025096256541e+00	3.039209600000000178e-01	1.315551185073121632e-01
2.802802802802802778e-02	4.366402723658096008e+00	2.521190400000000165e-01	3.599909228441755538e-01
2.902902902902902704e-02	4.370679253038707301e+00	-1.558210800000000007e-01	5.884267271810389444e-01
3.003003003003002977e-02	4.375221350936453035e+00	-2.659001599999999965e-01	7.189614725163894215e-01
3.103103103103103250e-02	4.379896165722044543e+00	-4.277811600000000491e-01	8.821299041855775735e-01
3.203203203203203175e-02	4.384406163258139699e+00	-5.054840400000000233e-01	9.147635905194151373e-01
3.303303303303303101e-02	4.388880384078261088e+00	-6.349888400000001099e-01	1.110565708522440964e+00
3.403403403403403027e-02	4.394077939878227923e+00	-6.932660000000000489e-01	1.175833081190116092e+00
3.503503503503503647e-02	4.400193794516053636e+00	-7.450679199999999947e-01	1.208466767523953767e+00
3.603603603603603572e-02	4.406316233673659433e+00	-7.191669600000000218e-01	1.339001512859304244e+00
3.703703703703703498e-02	4.411982789099298863e+00	-9.263746400000000270e-01	1.371635199193141919e+00
3.803803803803804118e-02	4.416886502426423000e+00	-8.810479599999999634e-01	1.404268885526979593e+00
3.903903903903904044e-02	4.421098153017866572e+00	-9.328498800000000202e-01	1.469536258194654943e+00
4.004004004004003969e-02	4.426534849961146989e+00	-1.068829919999999989e+00	1.534803630862329848e+00
4.104104104104103895e-02	4.433234385330994343e+00	-1.029978480000000030e+00	1.534803630862329848e+00
4.204204204204203821e-02	4.437528261837690557e+00	-9.846517999999999660e-01	1.567437317196167523e+00
4.304304304304304440e-02	4.438282592240138769e+00	-1.010552759999999939e+00	1.567437317196167523e+00
4.404404404404404366e-02	4.438864142591749662e+00	-1.049404199999999898e+00	1.567437317196167523e+00
4.504504504504504292e-02	4.441020311685124788e+00	-1.029978480000000030e+00	1.534803630862329848e+00
4.604604604604604912e-02	4.442437042797339863e+00	-9.781765600000000838e-01	1.567437317196167523e+00
4.704704704704704837e-02	4.441291029282687930e+00	-9.069489200000000473e-01	1.502169944528492396e+00
4.804804804804804763e-02	4.438899935696744237e+00	-8.810479599999999634e-01	1.469536258194654943e+00
4.904904904904904689e-02	4.436929004252319508e+00	-8.551469999999999905e-01	1.436902571860817046e+00
5.005005005005004615e-02	4.435640792347984807e+00	-8.162955600000000311e-01	1.436902571860817046e+00
5.105105105105105234e-02	4.434394352221391777e+00	-7.580183999999999811e-01	1.306367826525466569e+00
5.205205205205205160e-02	4.431969385785294868e+00	-7.450679199999999947e-01	1.143199394856278639e+00
5.305305305305305086e-02	4.428037271111357143e+00	-5.443354799999999827e-01	1.110565708522440964e+00
5.405405405405405705e-02	4.422966395885521429e+00	-4.018802000000000207e-01	1.012664649520927940e+00
5.505505505505505631e-02	4.416860373150546693e+00	-2.982763600000000181e-01	8.494962178517398987e-01
5.605605605605605557e-02	4.410401885737768701e+00	-1.558210800000000007e-01	7.515951588502269853e-01
5.705705705705705483e-02	4.403297877318962605e+00	-1.104944000000000065e-01	5.557930408472013806e-01
5.805805805805805409e-02	4.394429284939660896e+00	1.355647199999999997e-01	3.926246091780131731e-01
5.905905905905906028e-02	4.385450833526440384e+00	3.492476399999999703e-01	2.294561775088249655e-01
6.006006006006005954e-02	4.379048796255303522e+00	4.140000400000000136e-01	1.020373171961676869e-03
6.106106106106105880e-02	4.374787789623572287e+00	7.766134800000000782e-01	-9.688068582955121355e-02
6.206206206206206499e-02	4.370214568977750069e+00	9.449697200000000130e-01	-3.579501765002521818e-01
6.306306306306305731e-02	4.364613999547602319e+00	9.773459200000000902e-01	-5.537522945032778976e-01
6.406406406406406351e-02	4.359983010919648905e+00	1.288157439999999765e+00	-5.863859808371156834e-01
6.506506506506506970e-02	4.357702373498507420e+00	1.288157439999999765e+00	-6.842870398386284858e-01
6.606606606606606202e-02	4.356607308717250326e+00	1.275206959999999778e+00	-7.821880988401412882e-01
6.706706706706706822e-02	4.355819172357367819e+00	1.242830760000000145e+00	-7.495544125063037244e-01
6.806806806806806054e-02	4.355311573654677915e+00	1.275206959999999778e+00	-7.821880988401412882e-01
6.906906906906906674e-02	4.353957474936418492e+00	1.249306000000000250e+00	-6.516533535047908110e-01
7.007007007007007293e-02	4.351407288494851144e+00	1.275206959999999778e+00	-7.495544125063037244e-01
7.107107107107106525e-02	4.349447396575986780e+00	1.249306000000000250e+00	-7.169207261724660496e-01
7.207207207207207145e-02	4.349365360760549137e+00	1.275206959999999778e+00	-7.169207261724660496e-01
7.307307307307307764e-02	4.350769834973815975e+00	1.255781239999999910e+00	-7.495544125063037244e-01
7.407407407407406996e-02	4.352975880878137360e+00	1.016197360000000049e+00	-3.579501765002521818e-01
7.507507507507507616e-02	4.355708837245976461e+00	9.967716399999999588e-01	-4.884849218356027145e-01
7.607607607607608236e-02	4.358445350803011209e+00	5.240791200000000094e-01	1.020373171961676869e-03
7.707707707707707467e-02	4.360715668699589820e+00	3.039209600000000178e-01	9.892143217347457163e-02
7.807807807807808087e-02	4.363835782629676530e+00	2.391685600000000023e-01	3.599909228441755538e-01
7.907907907907907319e-02	4.369226160058988562e+00	-1.428706000000000143e-01	5.557930408472013806e-01
8.008008008008007939e-02	4.375368692107138635e+00	-2.788506400000000385e-01	7.189614725163894215e-01
8.108108108108108558e-02	4.380064814838578791e+00	-4.472068799999999733e-01	9.147635905194151373e-01
8.208208208208207790e-02	4.383579990972835461e+00	-4.990087999999999191e-01	8.821299041855775735e-01
8.308308308308308410e-02	4.387648871499033376e+00	-6.544145599999999785e-01	1.045298335854765615e+00
8.408408408408407642e-02	4.393033144410276591e+00	-6.867907599999999446e-01	1.110565708522440964e+00
8.508508508508508261e-02	4.399050666576183488e+00	-7.450679199999999947e-01	1.273734140191629116e+00
8.608608608608608881e-02	4.405047624467969491e+00	-7.385926799999998904e-01	1.273734140191629116e+00
8.708708708708708113e-02	4.410873159589175252e+00	-9.069489200000000473e-01	1.436902571860817046e+00
8.808808808808808732e-02	4.416343043399942658e+00	-9.069489200000000473e-01	1.436902571860817046e+00
8.908908908908909352e-02	4.421371859149649808e+00	-9.522755999999999998e-01	1.502169944528492396e+00
9.009009009009008584e-02	4.426046080746494304e+00	-1.062354679999999885e+00	1.469536258194654943e+00
9.109109109109109204e-02	4.430192711760807533e+00	-1.042928960000000016e+00	1.600071003530005198e+00
9.209209209209209823e-02	4.433477137283254876e+00	-9.911270399999999592e-01	1.567437317196167523e+00
9.309309309309309055e-02	4.436186397212595445e+00	-1.010552759999999939e+00	1.600071003530005198e+00
9.409409409409409675e-02	4.438568996236911701e+00	-1.042928960000000016e+00	1.567437317196167523e+00
9.509509509509508907e-02	4.439912046823174308e+00	-1.049404199999999898e+00	1.534803630862329848e+00
9.609609609609609526e-02	4.439895491182100251e+00	-9.911270399999999592e-01	1.567437317196167523e+00
9.709709709709710146e-02	4.439164192893626293e+00	-8.939984399999999498e-01	1.567437317196167523e+00
9.809809809809809378e-02	4.438553638575490901e+00	-8.875231999999999566e-01	1.469536258194654943e+00
9.909909909909909997e-02	4.438252956000593663e+00	-8.616222399999999837e-01	1.404268885526979593e+00
1.001001001001000923e-01	4.436914704971260726e+00	-8.162955600000000311e-01	1.371635199193141919e+00
1.011011011011010985e-01	4.433595610700023393e+00	-7.644936400000000853e-01	1.273734140191629116e+00
1.021021021021021047e-01	4.429690339746108485e+00	-7.450679199999999947e-01	1.208466767523953767e+00
1.031031031031030970e-01	4.426487635912075724e+00	-5.572859600000000802e-01	1.110565708522440964e+00
1.041041041041041032e-01	4.422821428049313219e+00	-3.954049599999999165e-01	1.012664649520927940e+00
1.051051051051051094e-01	4.416920660709167556e+00	-3.177020799999999978e-01	9.147635905194151373e-01
1.061061061061061017e-01	4.409368961644855034e+00	-1.428706000000000143e-01	7.515951588502269853e-01
1.071071071071071079e-01	4.401976720876909610e+00	-1.169696400000000136e-01	6.210604135148766192e-01
1.081081081081081141e-01	4.394917309324260835e+00	1.420399599999999929e-01	4.252582955118507924e-01
1.091091091091091064e-01	4.387462996611051658e+00	3.362971600000000394e-01	2.620898638426626404e-01
1.101101101101101126e-01	4.379662640330222345e+00	4.010495599999999716e-01	3.365405950579927752e-02
1.111111111111111049e-01	4.372399521856650928e+00	7.766134800000000782e-01	-1.295143721633888190e-01
1.121121121121121111e-01	4.366879835573509006e+00	9.320192400000000266e-01	-3.905838628340898566e-01
1.131131131131131173e-01	4.363549756186597683e+00	9.838211600000000834e-01	-5.537522945032778976e-01
1.141141141141141097e-01	4.361814103242905638e+00	1.288157439999999765e+00	-6.516533535047908110e-01
1.151151151151151159e-01	4.360621613422363652e+00	1.294632679999999869e+00	-7.495544125063037244e-01
1.161161161161161082e-01	4.358991753340386133e+00	1.275206959999999778e+00	-8.148217851739789630e-01
1.171171171171171144e-01	4.356931440202501449e+00	1.236355520000000041e+00	-6.842870398386284858e-01
1.181181181181181206e-01	4.355064566760137978e+00	1.268731720000000118e+00	-8.800891578416540906e-01
1.191191191191191129e-01	4.353564537670330026e+00	1.236355520000000041e+00	-7.169207261724660496e-01
1.201201201201201191e-01	4.352177596098700363e+00	1.268731720000000118e+00	-7.495544125063037244e-01
1.211211211211211253e-01	4.350692752327381285e+00	1.255781239999999910e+00	-7.495544125063037244e-01
1.221221221221221176e-01	4.350008654611210446e+00	1.268731720000000118e+00	-8.148217851739789630e-01
1.231231231231231238e-01	4.351217836600363320e+00	1.249306000000000250e+00	-6.842870398386284858e-01
1.241241241241241300e-01	4.353363942749536974e+00	1.003246880000000063e+00	-4.232175491679274204e-01
1.251251251251251362e-01	4.355120893454771824e+00	9.902964000000000766e-01	-4.884849218356027145e-01
1.261261261261261146e-01	4.357146396583690517e+00	5.176038800000000162e-01	3.365405950579927752e-02
1.271271271271271208e-01	4.360449908100787475e+00	3.039209600000000178e-01	9.892143217347457163e-02
1.281281281281281270e-01	4.364550602635242527e+00	2.585942800000000097e-01	3.599909228441755538e-01
1.291291291291291332e-01	4.368899601153394485e+00	-1.752468000000000081e-01	5.557930408472013806e-01
1.301301301301301394e-01	4.374051437152804311e+00	-2.723753999999999897e-01	6.863277861825517467e-01
1.311311311311311179e-01	4.379780862581335477e+00	-4.601573600000000153e-01	8.494962178517398987e-01
1.321321321321321240e-01	4.384914212684181578e+00	-4.990087999999999191e-01	1.045298335854765615e+00
1.331331331331331302e-01	4.389679143948088225e+00	-6.479393199999999853e-01	1.077932022188603289e+00
1.341341341341341364e-01	4.394708623395235492e+00	-7.126917200000000285e-01	1.175833081190116092e+00
1.351351351351351426e-01	4.399698315587154518e+00	-7.385926799999998904e-01	1.273734140191629116e+00
1.361361361361361211e-01	4.405369504865052299e+00	-7.126917200000000285e-01	1.339001512859304244e+00
1.371371371371371273e-01	4.412484191943130796e+00	-9.198994000000000337e-01	1.404268885526979593e+00
1.381381381381381335e-01	4.419427125471447226e+00	-8.875231999999999566e-01	1.436902571860817046e+00
1.391391391391391397e-01	4.424439702892861703e+00	-9.458003599999998956e-01	1.534803630862329848e+00
1.401401401401401459e-01	4.428128593667140400e+00	-1.055879440000000002e+00	1.534803630862329848e+00
1.411411411411411521e-01	4.431919858124202527e+00	-1.036453719999999912e+00	1.567437317196167523e+00
1.421421421421421305e-01	4.435461441715145448e+00	-9.846517999999999660e-01	1.632704689863842651e+00
1.431431431431431367e-01	4.437810073026681401e+00	-1.004077520000000057e+00	1.567437317196167523e+00
1.441441441441441429e-01	4.439635054462584662e+00	-1.062354679999999885e+00	1.600071003530005198e+00
1.451451451451451491e-01	4.440988177023314165e+00	-1.055879440000000002e+00	1.534803630862329848e+00
1.461461461461461553e-01	4.440714747124739681e+00	-1.004077520000000057e+00	1.534803630862329848e+00
1.471471471471471337e-01	4.439447290177391814e+00	-8.875231999999999566e-01	1.567437317196167523e+00
1.481481481481481399e-01	4.438426532703069860e+00	-8.680974800000000879e-01	1.469536258194654943e+00
1.491491491491491461e-01	4.437150952957602534e+00	-8.680974800000000879e-01	1.502169944528492396e+00
1.501501501501501523e-01	4.435185373403405684e+00	-8.098203199999999269e-01	1.404268885526979593e+00
1.511511511511511585e-01	4.433233688235246106e+00	-7.644936400000000853e-01	1.273734140191629116e+00
1.521521521521521647e-01	4.430993525297092894e+00	-7.450679199999999947e-01	1.175833081190116092e+00
1.531531531531531432e-01	4.427252107454117791e+00	-5.572859600000000802e-01	1.143199394856278639e+00
1.541541541541541493e-01	4.422586134320352969e+00	-4.213059199999999449e-01	1.012664649520927940e+00
1.551551551551551555e-01	4.417713886500915343e+00	-2.982763600000000181e-01	8.494962178517398987e-01
1.561561561561561617e-01	4.411150249327373096e+00	-1.558210800000000007e-01	7.515951588502269853e-01
1.571571571571571679e-01	4.403143738023342024e+00	-1.040191599999999994e-01	6.536940998487140719e-01
1.581581581581581464e-01	4.396173852976295038e+00	1.290894800000000064e-01	3.926246091780131731e-01
1.591591591591591526e-01	4.389703933099143640e+00	3.621981200000000678e-01	2.947235501765002597e-01
1.601601601601601588e-01	4.382051066753680502e+00	4.010495599999999716e-01	6.628774583963688294e-02
1.611611611611611650e-01	4.374513994379067405e+00	7.830887200000000714e-01	-1.295143721633888190e-01
1.621621621621621712e-01	4.368856197407997577e+00	9.384944800000000198e-01	-3.579501765002521818e-01
1.631631631631631496e-01	4.365349093161404070e+00	9.579201999999999995e-01	-5.211186081694403338e-01
1.641641641641641558e-01	4.363458258980043247e+00	1.281682200000000105e+00	-5.537522945032778976e-01
1.651651651651651620e-01	4.361929161358896856e+00	1.288157439999999765e+00	-6.516533535047908110e-01
1.661661661661661682e-01	4.359695788531123384e+00	1.281682200000000105e+00	-7.169207261724660496e-01
1.671671671671671744e-01	4.357323080766936307e+00	1.242830760000000145e+00	-7.169207261724660496e-01
1.681681681681681528e-01	4.355887043317538954e+00	1.275206959999999778e+00	-7.169207261724660496e-01
1.691691691691691590e-01	4.354925278926409682e+00	1.242830760000000145e+00	-7.169207261724660496e-01
1.701701701701701652e-01	4.354065900432385838e+00	1.262256480000000014e+00	-7.821880988401412882e-01
1.711711711711711714e-01	4.353845640244645487e+00	1.255781239999999910e+00	-6.516533535047908110e-01
1.721721721721721776e-01	4.353747105219229141e+00	1.268731720000000118e+00	-7.495544125063037244e-01
1.731731731731731838e-01	4.353521364447187736e+00	1.249306000000000250e+00	-7.169207261724660496e-01
1.741741741741741623e-01	4.354135597663843171e+00	9.967716399999999588e-01	-3.905838628340898566e-01
1.751751751751751685e-01	4.355710302483831065e+00	9.708706800000000969e-01	-5.211186081694403338e-01
1.761761761761761746e-01	4.357977926218402409e+00	5.176038800000000162e-01	-3.161331316187596802e-02
1.771771771771771808e-01	4.361300769518567932e+00	3.039209600000000178e-01	9.892143217347457163e-02
1.781781781781781870e-01	4.365480613351625294e+00	2.391685600000000023e-01	3.599909228441755538e-01
1.791791791791791655e-01	4.369895867056617256e+00	-1.428706000000000143e-01	6.210604135148766192e-01
1.801801801801801717e-01	4.374330686658758793e+00	-2.723753999999999897e-01	6.863277861825517467e-01
1.811811811811811779e-01	4.378806893753314888e+00	-4.342563999999999869e-01	9.147635905194151373e-01
1.821821821821821841e-01	4.383981415791814662e+00	-5.054840400000000233e-01	1.012664649520927940e+00
1.831831831831831903e-01	4.390344913863637899e+00	-6.544145599999999785e-01	1.110565708522440964e+00
1.841841841841841965e-01	4.396680733523994355e+00	-7.191669600000000218e-01	1.175833081190116092e+00
1.851851851851851749e-01	4.401695797501089302e+00	-7.450679199999999947e-01	1.273734140191629116e+00
1.861861861861861811e-01	4.406178617003042142e+00	-7.321174399999998972e-01	1.273734140191629116e+00
1.871871871871871873e-01	4.411542506562149413e+00	-9.134241599999999295e-01	1.469536258194654943e+00
1.881881881881881935e-01	4.417618475093965991e+00	-8.875231999999999566e-01	1.436902571860817046e+00
1.891891891891891997e-01	4.423074200685598534e+00	-9.587508399999999931e-01	1.469536258194654943e+00
1.901901901901901781e-01	4.427298763205721244e+00	-1.062354679999999885e+00	1.502169944528492396e+00
1.911911911911911843e-01	4.431018291590322455e+00	-1.029978480000000030e+00	1.567437317196167523e+00
1.921921921921921905e-01	4.434721875992307716e+00	-9.976022799999999524e-01	1.600071003530005198e+00
1.931931931931931967e-01	4.437894130998262021e+00	-1.017028000000000043e+00	1.567437317196167523e+00
1.941941941941942029e-01	4.439884146681809973e+00	-1.062354679999999885e+00	1.567437317196167523e+00
1.951951951951951814e-01	4.440549040297843142e+00	-1.042928960000000016e+00	1.600071003530005198e+00
1.961961961961961876e-01	4.440796114962089369e+00	-9.911270399999999592e-01	1.567437317196167523e+00
1.971971971971971938e-01	4.441161697128771735e+00	-8.810479599999999634e-01	1.534803630862329848e+00
1.981981981981981999e-01	4.440198299749356536e+00	-8.745727199999999701e-01	1.502169944528492396e+00
1.991991991991992061e-01	4.437339913133231839e+00	-8.745727199999999701e-01	1.436902571860817046e+00
2.002002002002001846e-01	4.434509668446774633e+00	-8.033450799999999337e-01	1.371635199193141919e+00
2.012012012012011908e-01	4.432894586519696922e+00	-7.580183999999999811e-01	1.306367826525466569e+00
2.022022022022021970e-01	4.431603277130851559e+00	-7.580183999999999811e-01	1.241100453857791219e+00
2.032032032032032032e-01	4.429097757571778260e+00	-5.572859600000000802e-01	1.045298335854765615e+00
2.042042042042042094e-01	4.424621460853652266e+00	-4.148306800000000072e-01	9.800309631870904870e-01
2.052052052052052156e-01	4.418688063528678711e+00	-3.112268400000000046e-01	8.494962178517398987e-01
2.062062062062061940e-01	4.411710225171739275e+00	-1.622963199999999939e-01	7.842288451840646601e-01
2.072072072072072002e-01	4.403816580037802630e+00	-1.104944000000000065e-01	5.884267271810389444e-01
2.082082082082082064e-01	4.395796803956013576e+00	1.161389999999999922e-01	4.578919818456884672e-01
2.092092092092092126e-01	4.388038125704102121e+00	3.427723999999999771e-01	2.620898638426626404e-01
2.102102102102102188e-01	4.380407963311522934e+00	4.204752800000000068e-01	3.365405950579927752e-02
2.112112112112111972e-01	4.373799731576416328e+00	7.701382400000000850e-01	-9.688068582955121355e-02
2.122122122122122034e-01	4.369055601922779530e+00	9.320192400000000266e-01	-2.926828038325769432e-01
2.132132132132132096e-01	4.365445989363260004e+00	9.773459200000000902e-01	-5.863859808371156834e-01
2.142142142142142158e-01	4.362232224473773456e+00	1.275206959999999778e+00	-5.537522945032778976e-01
2.152152152152152220e-01	4.359552980660803989e+00	1.294632679999999869e+00	-7.169207261724660496e-01
2.162162162162162282e-01	4.357652681325392408e+00	1.268731720000000118e+00	-7.495544125063037244e-01
2.172172172172172067e-01	4.356428871015981308e+00	1.229880280000000159e+00	-6.516533535047908110e-01
2.182182182182182129e-01	4.355153678750406598e+00	1.268731720000000118e+00	-7.821880988401412882e-01
2.192192192192192191e-01	4.353466808401665666e+00	1.255781239999999910e+00	-6.516533535047908110e-01
2.202202202202202252e-01	4.352145640742214994e+00	1.262256480000000014e+00	-7.495544125063037244e-01
2.212212212212212314e-01	4.351781697125890247e+00	1.255781239999999910e+00	-6.842870398386284858e-01
2.222222222222222099e-01	4.351783985619601225e+00	1.275206959999999778e+00	-7.821880988401412882e-01
2.232232232232232161e-01	4.351472740516938664e+00	1.255781239999999910e+00	-7.169207261724660496e-01
2.242242242242242223e-01	4.351943821784251654e+00	9.838211600000000834e-01	-4.232175491679274204e-01
2.252252252252252285e-01	4.355011591446425356e+00	9.902964000000000766e-01	-5.537522945032778976e-01
2.262262262262262347e-01	4.359710014217661467e+00	5.176038800000000162e-01	3.365405950579927752e-02
2.272272272272272131e-01	4.363359882523906386e+00	2.974457200000000245e-01	1.315551185073121632e-01
2.282282282282282193e-01	4.365643415534364635e+00	2.326933200000000090e-01	3.599909228441755538e-01
2.292292292292292255e-01	4.368276165220430052e+00	-1.493458400000000075e-01	5.884267271810389444e-01
2.302302302302302317e-01	4.372458140992935505e+00	-2.853258800000000317e-01	7.515951588502269853e-01
2.312312312312312379e-01	4.378102437466394825e+00	-4.472068799999999733e-01	8.821299041855775735e-01
2.322322322322322163e-01	4.384181267015705430e+00	-5.184345200000000098e-01	9.800309631870904870e-01
2.332332332332332225e-01	4.389500509982389609e+00	-6.673650399999999649e-01	1.143199394856278639e+00
2.342342342342342287e-01	4.394008750126996432e+00	-7.062164799999999243e-01	1.175833081190116092e+00
2.352352352352352349e-01	4.399103122776805819e+00	-7.385926799999998904e-01	1.306367826525466569e+00
2.362362362362362411e-01	4.405283557563740793e+00	-7.385926799999998904e-01	1.273734140191629116e+00
2.372372372372372473e-01	4.411215850191702259e+00	-9.134241599999999295e-01	1.404268885526979593e+00
2.382382382382382258e-01	4.416460905398203352e+00	-8.875231999999999566e-01	1.436902571860817046e+00
2.392392392392392320e-01	4.421772325623472000e+00	-9.522755999999999998e-01	1.534803630862329848e+00
2.402402402402402382e-01	4.426775686520905140e+00	-1.055879440000000002e+00	1.534803630862329848e+00
2.412412412412412444e-01	4.430792644034831973e+00	-1.042928960000000016e+00	1.534803630862329848e+00
2.422422422422422505e-01	4.433999773217751184e+00	-1.004077520000000057e+00	1.665338376197680104e+00
2.432432432432432290e-01	4.436368114243983918e+00	-1.029978480000000030e+00	1.534803630862329848e+00
2.442442442442442352e-01	4.438048996575003180e+00	-1.049404199999999898e+00	1.567437317196167523e+00
2.452452452452452414e-01	4.439894523220558220e+00	-1.068829919999999989e+00	1.567437317196167523e+00
2.462462462462462476e-01	4.441656497789187696e+00	-1.004077520000000057e+00	1.534803630862329848e+00
2.472472472472472538e-01	4.441596683767540910e+00	-8.875231999999999566e-01	1.502169944528492396e+00
2.482482482482482600e-01	4.439380219183182597e+00	-8.875231999999999566e-01	1.469536258194654943e+00
2.492492492492492384e-01	4.437057221237645344e+00	-8.680974800000000879e-01	1.469536258194654943e+00
2.502502502502502724e-01	4.436048702727111603e+00	-8.227708000000000244e-01	1.436902571860817046e+00
2.512512512512512508e-01	4.434992106684326529e+00	-7.709688800000000786e-01	1.339001512859304244e+00
2.522522522522522292e-01	4.431550706313705845e+00	-7.644936400000000853e-01	1.175833081190116092e+00
2.532532532532532632e-01	4.425995238208163762e+00	-5.572859600000000802e-01	1.143199394856278639e+00
2.542542542542542416e-01	4.420888785186580350e+00	-4.148306800000000072e-01	9.473972768532528121e-01
2.552552552552552756e-01	4.416805840088596113e+00	-3.047516000000000114e-01	9.147635905194151373e-01
2.562562562562562540e-01	4.411577253384823649e+00	-1.622963199999999939e-01	6.863277861825517467e-01
2.572572572572572325e-01	4.403994397734118493e+00	-1.234448800000000068e-01	6.210604135148766192e-01
2.582582582582582664e-01	4.395309177765357234e+00	1.290894800000000064e-01	4.578919818456884672e-01
2.592592592592592449e-01	4.387180732106543246e+00	3.492476399999999703e-01	2.947235501765002597e-01
2.602602602602602788e-01	4.380121270522892907e+00	4.010495599999999716e-01	1.020373171961676869e-03
2.612612612612612573e-01	4.373748142886233481e+00	7.701382400000000850e-01	-6.424699949571360813e-02
2.622622622622622357e-01	4.367917963125741210e+00	9.190687600000001511e-01	-3.253164901664145625e-01
2.632632632632632697e-01	4.363267493382437578e+00	9.643954399999999927e-01	-5.537522945032778976e-01
2.642642642642642481e-01	4.360144840316062975e+00	1.281682200000000105e+00	-5.537522945032778976e-01
2.652652652652652820e-01	4.358457502928136051e+00	1.294632679999999869e+00	-6.516533535047908110e-01
2.662662662662662605e-01	4.357932938190772099e+00	1.275206959999999778e+00	-7.821880988401412882e-01
2.672672672672672389e-01	4.356816679094114519e+00	1.249306000000000250e+00	-6.516533535047908110e-01
2.682682682682682729e-01	4.353886810856096190e+00	1.275206959999999778e+00	-8.148217851739789630e-01
2.692692692692692513e-01	4.351399082235662519e+00	1.255781239999999910e+00	-7.169207261724660496e-01
2.702702702702702853e-01	4.351103036943995583e+00	1.268731720000000118e+00	-7.821880988401412882e-01
2.712712712712712637e-01	4.351254914595721779e+00	1.255781239999999910e+00	-6.516533535047908110e-01
2.722722722722722422e-01	4.350942922004525037e+00	1.275206959999999778e+00	-6.842870398386284858e-01
2.732732732732732761e-01	4.351683029284728832e+00	1.255781239999999910e+00	-7.169207261724660496e-01
2.742742742742742545e-01	4.353851030123576216e+00	9.384944800000000198e-01	-3.905838628340898566e-01
2.752752752752752885e-01	4.355949352229592009e+00	9.708706800000000969e-01	-4.884849218356027145e-01
2.762762762762762669e-01	4.357471382095491563e+00	4.917029200000000433e-01	6.628774583963688294e-02
2.772772772772773009e-01	4.360032095346728198e+00	3.039209600000000178e-01	1.641888048411497825e-01
2.782782782782782793e-01	4.364622668480008016e+00	2.456437999999999955e-01	3.599909228441755538e-01
2.792792792792792578e-01	4.369741663473067028e+00	-1.622963199999999939e-01	6.210604135148766192e-01
2.802802802802802917e-01	4.374130412002285695e+00	-2.723753999999999897e-01	7.515951588502269853e-01
2.812812812812812702e-01	4.378491723136844094e+00	-4.277811600000000491e-01	8.821299041855775735e-01
2.822822822822823041e-01	4.383531942312659524e+00	-5.054840400000000233e-01	9.800309631870904870e-01
2.832832832832832826e-01	4.389044719426531849e+00	-6.738402799999999582e-01	1.045298335854765615e+00
2.842842842842842610e-01	4.394559716476181599e+00	-6.997412400000000421e-01	1.208466767523953767e+00
2.852852852852852950e-01	4.399775869581757703e+00	-7.385926799999998904e-01	1.339001512859304244e+00
2.862862862862862734e-01	4.404299795031413112e+00	-7.450679199999999947e-01	1.306367826525466569e+00
2.872872872872873073e-01	4.408471515347721414e+00	-9.328498800000000202e-01	1.436902571860817046e+00
2.882882882882882858e-01	4.414285315374154806e+00	-9.004736800000000541e-01	1.436902571860817046e+00
2.892892892892892642e-01	4.421674834714879765e+00	-9.652260799999999863e-01	1.502169944528492396e+00
2.902902902902902982e-01	4.427431302319600803e+00	-1.062354679999999885e+00	1.469536258194654943e+00
2.912912912912912766e-01	4.430776502610878076e+00	-1.036453719999999912e+00	1.567437317196167523e+00
2.922922922922923106e-01	4.433914379309362275e+00	-1.004077520000000057e+00	1.567437317196167523e+00
2.932932932932932890e-01	4.437398809126166910e+00	-1.023503240000000147e+00	1.567437317196167523e+00
2.942942942942942675e-01	4.439578455086388153e+00	-1.049404199999999898e+00	1.632704689863842651e+00
2.952952952952953014e-01	4.439580983360502664e+00	-1.042928960000000016e+00	1.567437317196167523e+00
2.962962962962962798e-01	4.438419628638351710e+00	-9.846517999999999660e-01	1.600071003530005198e+00
2.972972972972973138e-01	4.437429095466471018e+00	-8.939984399999999498e-01	1.567437317196167523e+00
2.982982982982982922e-01	4.437199445259933483e+00	-8.939984399999999498e-01	1.469536258194654943e+00
2.992992992992992707e-01	4.437285628008017291e+00	-8.680974800000000879e-01	1.436902571860817046e+00
3.003003003003003046e-01	4.436479462249909744e+00	-8.227708000000000244e-01	1.436902571860817046e+00
3.013013013013012831e-01	4.434443832643684580e+00	-7.774441199999999608e-01	1.306367826525466569e+00
3.023023023023023170e-01	4.431983278530033488e+00	-7.515431599999999879e-01	1.241100453857791219e+00
3.033033033033032955e-01	4.429056475681640848e+00	-5.572859600000000802e-01	1.045298335854765615e+00
3.043043043043043294e-01	4.424553435804778445e+00	-4.083554400000000140e-01	9.800309631870904870e-01
3.053053053053053079e-01	4.418222864175390896e+00	-3.177020799999999978e-01	8.168625315179022239e-01
3.063063063063062863e-01	4.410902018635929345e+00	-1.558210800000000007e-01	7.515951588502269853e-01
3.073073073073073203e-01	4.403303636328188553e+00	-1.104944000000000065e-01	5.884267271810389444e-01
3.083083083083082987e-01	4.395695935640528518e+00	1.161389999999999922e-01	4.252582955118507924e-01
3.093093093093093326e-01	4.388235565595590693e+00	3.362971600000000394e-01	2.620898638426626404e-01
3.103103103103103111e-01	4.380985024310366960e+00	3.880990800000000407e-01	3.365405950579927752e-02
3.113113113113112895e-01	4.373964391366964577e+00	7.636630000000000917e-01	-6.424699949571360813e-02
3.123123123123123235e-01	4.368203170534809665e+00	9.384944800000000198e-01	-2.926828038325769432e-01
3.133133133133133019e-01	4.365096946158348423e+00	9.708706800000000969e-01	-5.863859808371156834e-01
3.143143143143143359e-01	4.363424330083270242e+00	1.268731720000000118e+00	-5.863859808371156834e-01
3.153153153153153143e-01	4.360646224669857851e+00	1.281682200000000105e+00	-6.516533535047908110e-01
3.163163163163162928e-01	4.357206967065471837e+00	1.268731720000000118e+00	-8.148217851739789630e-01
3.173173173173173267e-01	4.355236582745789065e+00	1.236355520000000041e+00	-6.842870398386284858e-01
3.183183183183183051e-01	4.354963147840694049e+00	1.275206959999999778e+00	-7.495544125063037244e-01
3.193193193193193391e-01	4.355345516864412403e+00	1.242830760000000145e+00	-7.169207261724660496e-01
3.203203203203203175e-01	4.355407251320145612e+00	1.262256480000000014e+00	-7.821880988401412882e-01
3.213213213213212960e-01	4.354247066067653549e+00	1.262256480000000014e+00	-6.842870398386284858e-01
3.223223223223223299e-01	4.352477383378604792e+00	1.255781239999999910e+00	-7.169207261724660496e-01
3.233233233233233084e-01	4.352365282430884719e+00	1.262256480000000014e+00	-7.495544125063037244e-01
3.243243243243243423e-01	4.354558089810735666e+00	9.514449600000001173e-01	-3.579501765002521818e-01
3.253253253253253208e-01	4.357227236179422647e+00	9.643954399999999927e-01	-4.558512355017650397e-01
3.263263263263262992e-01	4.359221761467285461e+00	4.852276800000000501e-01	1.020373171961676869e-03
3.273273273273273332e-01	4.361718803660019184e+00	2.780200000000000449e-01	1.641888048411497825e-01
3.283283283283283116e-01	4.365958664010133994e+00	2.391685600000000023e-01	3.599909228441755538e-01
3.293293293293293456e-01	4.370888861091534849e+00	-1.558210800000000007e-01	5.884267271810389444e-01
3.303303303303303240e-01	4.375236680038044668e+00	-2.918011200000000249e-01	7.515951588502269853e-01
3.313313313313313024e-01	4.379958094271188429e+00	-4.472068799999999733e-01	8.821299041855775735e-01
3.323323323323323364e-01	4.385594603726421070e+00	-5.119592800000000166e-01	9.800309631870904870e-01
3.333333333333333148e-01	4.390808271020178566e+00	-6.479393199999999853e-01	1.110565708522440964e+00
3.343343343343343488e-01	4.395295522265645793e+00	-6.932660000000000489e-01	1.208466767523953767e+00
3.353353353353353272e-01	4.400273520333588984e+00	-7.450679199999999947e-01	1.306367826525466569e+00
3.363363363363363057e-01	4.406185853179564127e+00	-7.385926799999998904e-01	1.339001512859304244e+00
3.373373373373373396e-01	4.412085613541778528e+00	-9.069489200000000473e-01	1.404268885526979593e+00
3.383383383383383181e-01	4.417287558433445227e+00	-8.939984399999999498e-01	1.469536258194654943e+00
3.393393393393393520e-01	4.422074191405193311e+00	-9.717013200000000905e-01	1.502169944528492396e+00
3.403403403403403304e-01	4.426767960702714610e+00	-1.062354679999999885e+00	1.534803630862329848e+00
3.413413413413413644e-01	4.431457107713904442e+00	-1.042928960000000016e+00	1.567437317196167523e+00
3.423423423423423428e-01	4.435728541381259049e+00	-1.010552759999999939e+00	1.502169944528492396e+00
3.433433433433433213e-01	4.438770309826788107e+00	-1.010552759999999939e+00	1.534803630862329848e+00
3.443443443443443552e-01	4.440229444860200658e+00	-1.042928960000000016e+00	1.600071003530005198e+00
3.453453453453453337e-01	4.440707639212190472e+00	-1.055879440000000002e+00	1.567437317196167523e+00
3.463463463463463676e-01	4.441063082222278524e+00	-9.911270399999999592e-01	1.600071003530005198e+00
3.473473473473473461e-01	4.441006635673903524e+00	-9.004736800000000541e-01	1.567437317196167523e+00
3.483483483483483245e-01	4.439923908869569225e+00	-8.939984399999999498e-01	1.469536258194654943e+00
3.493493493493493585e-01	4.438111682948091108e+00	-8.680974800000000879e-01	1.371635199193141919e+00
3.503503503503503369e-01	4.435889046465309349e+00	-8.227708000000000244e-01	1.436902571860817046e+00
3.513513513513513709e-01	4.433437161664633308e+00	-7.644936400000000853e-01	1.273734140191629116e+00
3.523523523523523493e-01	4.431128598768259153e+00	-7.580183999999999811e-01	1.241100453857791219e+00
3.533533533533533277e-01	4.428415958606786162e+00	-5.572859600000000802e-01	1.077932022188603289e+00
3.543543543543543617e-01	4.423581086721061872e+00	-4.083554400000000140e-01	1.077932022188603289e+00
3.553553553553553401e-01	4.416381794164604635e+00	-3.177020799999999978e-01	8.821299041855775735e-01
3.563563563563563741e-01	4.409227238601299170e+00	-1.558210800000000007e-01	7.189614725163894215e-01
3.573573573573573525e-01	4.403281597449576701e+00	-1.104944000000000065e-01	6.210604135148766192e-01
3.583583583583583310e-01	4.396680699773585665e+00	1.161389999999999922e-01	4.252582955118507924e-01
3.593593593593593649e-01	4.388536158018309763e+00	3.427723999999999771e-01	2.620898638426626404e-01
3.603603603603603434e-01	4.380932996696007997e+00	3.945743200000000339e-01	3.365405950579927752e-02
3.613613613613613773e-01	4.375528297428745717e+00	7.701382400000000850e-01	-6.424699949571360813e-02
3.623623623623623557e-01	4.370875993807394444e+00	9.190687600000001511e-01	-2.926828038325769432e-01
3.633633633633633342e-01	4.365449182523391869e+00	9.708706800000000969e-01	-5.211186081694403338e-01
3.643643643643643681e-01	4.360821104940042048e+00	1.281682200000000105e+00	-5.863859808371156834e-01
3.653653653653653466e-01	4.358641611277559669e+00	1.281682200000000105e+00	-6.842870398386284858e-01
3.663663663663663805e-01	4.357608163204205631e+00	1.268731720000000118e+00	-7.821880988401412882e-01
3.673673673673673590e-01	4.356039406146224202e+00	1.236355520000000041e+00	-6.190196671709531362e-01
3.683683683683683929e-01	4.354322840721650323e+00	1.268731720000000118e+00	-8.148217851739789630e-01
3.693693693693693714e-01	4.353369545283968023e+00	1.236355520000000041e+00	-6.516533535047908110e-01
3.703703703703703498e-01	4.352993409886589227e+00	1.262256480000000014e+00	-7.821880988401412882e-01
3.713713713713713838e-01	4.352754740701831437e+00	1.249306000000000250e+00	-6.842870398386284858e-01
3.723723723723723622e-01	4.352546341361327897e+00	1.262256480000000014e+00	-7.495544125063037244e-01
3.733733733733733962e-01	4.352422585617941486e+00	1.255781239999999910e+00	-6.842870398386284858e-01
3.743743743743743746e-01	4.353212761628476812e+00	9.384944800000000198e-01	-3.579501765002521818e-01
3.753753753753753530e-01	4.355866676133295812e+00	9.643954399999999927e-01	-4.884849218356027145e-01
3.763763763763763870e-01	4.359697573709282459e+00	4.852276800000000501e-01	3.365405950579927752e-02
3.773773773773773654e-01	4.363134017310765778e+00	2.844952399999999826e-01	1.641888048411497825e-01
3.783783783783783994e-01	4.366121829600149162e+00	2.391685600000000023e-01	3.599909228441755538e-01
3.793793793793793778e-01	4.369612627242269731e+00	-1.752468000000000081e-01	6.536940998487140719e-01
3.803803803803803563e-01	4.373781874255953994e+00	-2.853258800000000317e-01	7.515951588502269853e-01
3.813813813813813902e-01	4.378673084847195973e+00	-4.407316399999999801e-01	8.168625315179022239e-01
3.823823823823823687e-01	4.384124007670512135e+00	-5.054840400000000233e-01	8.821299041855775735e-01
3.833833833833834026e-01	4.388921940825090573e+00	-6.738402799999999582e-01	1.175833081190116092e+00
3.843843843843843811e-01	4.393028572935134157e+00	-7.062164799999999243e-01	1.208466767523953767e+00
3.853853853853853595e-01	4.398658468620313400e+00	-7.515431599999999879e-01	1.306367826525466569e+00
3.863863863863863934e-01	4.406203747480887500e+00	-7.385926799999998904e-01	1.339001512859304244e+00
3.873873873873873719e-01	4.412789633428211289e+00	-9.069489200000000473e-01	1.469536258194654943e+00
3.883883883883884058e-01	4.417774431096277432e+00	-9.134241599999999295e-01	1.371635199193141919e+00
3.893893893893893843e-01	4.423646900949222527e+00	-9.458003599999998956e-01	1.436902571860817046e+00
3.903903903903903627e-01	4.429683318433497163e+00	-1.049404199999999898e+00	1.600071003530005198e+00
3.913913913913913967e-01	4.433025806581476935e+00	-1.036453719999999912e+00	1.502169944528492396e+00
3.923923923923923751e-01	4.434476630931134089e+00	-1.010552759999999939e+00	1.600071003530005198e+00
3.933933933933934091e-01	4.436148961376019884e+00	-1.017028000000000043e+00	1.534803630862329848e+00
3.943943943943943875e-01	4.438134706391203110e+00	-1.068829919999999989e+00	1.502169944528492396e+00
3.953953953953953659e-01	4.439812633311572831e+00	-1.049404199999999898e+00	1.567437317196167523e+00
3.963963963963963999e-01	4.440665381178606985e+00	-9.846517999999999660e-01	1.567437317196167523e+00
3.973973973973973783e-01	4.440634465229678973e+00	-8.939984399999999498e-01	1.534803630862329848e+00
3.983983983983984123e-01	4.440223076451250250e+00	-8.939984399999999498e-01	1.469536258194654943e+00
3.993993993993993907e-01	4.439567000654316864e+00	-8.616222399999999837e-01	1.502169944528492396e+00
4.004004004004003692e-01	4.437837163738372226e+00	-8.227708000000000244e-01	1.436902571860817046e+00
4.014014014014014031e-01	4.434277335600073755e+00	-7.774441199999999608e-01	1.339001512859304244e+00
4.024024024024023816e-01	4.430013348136510487e+00	-7.709688800000000786e-01	1.208466767523953767e+00
4.034034034034034155e-01	4.426937729867141513e+00	-5.637612000000000734e-01	1.110565708522440964e+00
4.044044044044043940e-01	4.424142696089139903e+00	-4.277811600000000491e-01	9.800309631870904870e-01
4.054054054054054279e-01	4.418556504657939143e+00	-3.112268400000000046e-01	8.494962178517398987e-01
4.064064064064064064e-01	4.410318254744057143e+00	-1.558210800000000007e-01	6.863277861825517467e-01
4.074074074074073848e-01	4.402584183817524810e+00	-1.428706000000000143e-01	5.884267271810389444e-01
4.084084084084084187e-01	4.395427481558050076e+00	1.161389999999999922e-01	4.578919818456884672e-01
4.094094094094093972e-01	4.387200507597802002e+00	3.492476399999999703e-01	2.947235501765002597e-01
4.104104104104104311e-01	4.379834090977638539e+00	4.075248000000000759e-01	6.628774583963688294e-02
4.114114114114114096e-01	4.375039703855280848e+00	7.830887200000000714e-01	-6.424699949571360813e-02
4.124124124124123880e-01	4.370359092034441950e+00	9.061182800000000537e-01	-2.926828038325769432e-01
4.134134134134134220e-01	4.364698261805465052e+00	9.773459200000000902e-01	-5.537522945032778976e-01
4.144144144144144004e-01	4.360839644146774496e+00	1.255781239999999910e+00	-6.190196671709531362e-01
4.154154154154154344e-01	4.359453952009232580e+00	1.288157439999999765e+00	-7.495544125063037244e-01
4.164164164164164128e-01	4.358013829736765210e+00	1.275206959999999778e+00	-7.169207261724660496e-01
4.174174174174173912e-01	4.356098059623463747e+00	1.223405040000000055e+00	-6.516533535047908110e-01
4.184184184184184252e-01	4.355215724039035230e+00	1.268731720000000118e+00	-7.821880988401412882e-01
4.194194194194194036e-01	4.354714349978467069e+00	1.242830760000000145e+00	-6.516533535047908110e-01
4.204204204204204376e-01	4.353084931458811369e+00	1.262256480000000014e+00	-7.495544125063037244e-01
4.214214214214214160e-01	4.351318102496559703e+00	1.242830760000000145e+00	-6.842870398386284858e-01
4.224224224224223945e-01	4.351104328610612804e+00	1.262256480000000014e+00	-6.842870398386284858e-01
4.234234234234234284e-01	4.352170411286248708e+00	1.242830760000000145e+00	-6.842870398386284858e-01
4.244244244244244069e-01	4.353409762261844840e+00	9.190687600000001511e-01	-3.579501765002521818e-01
4.254254254254254408e-01	4.354634583179368690e+00	9.838211600000000834e-01	-4.558512355017650397e-01
4.264264264264264193e-01	4.356612160940311895e+00	4.593267200000000772e-01	3.365405950579927752e-02
4.274274274274273977e-01	4.359906128777708112e+00	2.844952399999999826e-01	1.968224911749873740e-01
4.284284284284284317e-01	4.364364775263729790e+00	2.326933200000000090e-01	3.599909228441755538e-01
4.294294294294294101e-01	4.369303165647793641e+00	-1.687715600000000149e-01	5.884267271810389444e-01
4.304304304304304440e-01	4.374027926165525493e+00	-2.918011200000000249e-01	7.189614725163894215e-01
4.314314314314314225e-01	4.378739610367890833e+00	-4.342563999999999869e-01	9.147635905194151373e-01
4.324324324324324564e-01	4.383568395119630701e+00	-5.054840400000000233e-01	1.012664649520927940e+00
4.334334334334334349e-01	4.387995893865523911e+00	-6.738402799999999582e-01	1.077932022188603289e+00
4.344344344344344133e-01	4.392770774611369333e+00	-7.191669600000000218e-01	1.208466767523953767e+00
4.354354354354354473e-01	4.399130092277794724e+00	-7.385926799999998904e-01	1.339001512859304244e+00
4.364364364364364257e-01	4.405797083684748650e+00	-7.385926799999998904e-01	1.306367826525466569e+00
4.374374374374374597e-01	4.410885938442891785e+00	-9.198994000000000337e-01	1.404268885526979593e+00
4.384384384384384381e-01	4.415454079617648020e+00	-9.004736800000000541e-01	1.469536258194654943e+00
4.394394394394394165e-01	4.421215760325732269e+00	-9.652260799999999863e-01	1.469536258194654943e+00
4.404404404404404505e-01	4.427284982504001931e+00	-1.042928960000000016e+00	1.534803630862329848e+00
4.414414414414414289e-01	4.431952881280462719e+00	-1.049404199999999898e+00	1.534803630862329848e+00
4.424424424424424629e-01	4.435296244819198819e+00	-9.976022799999999524e-01	1.632704689863842651e+00
4.434434434434434413e-01	4.438326810366634234e+00	-1.010552759999999939e+00	1.534803630862329848e+00
4.444444444444444198e-01	4.440633491571532865e+00	-1.049404199999999898e+00	1.534803630862329848e+00
4.454454454454454537e-01	4.441200151546809138e+00	-1.055879440000000002e+00	1.567437317196167523e+00
4.464464464464464322e-01	4.440743809376085593e+00	-9.976022799999999524e-01	1.534803630862329848e+00
4.474474474474474661e-01	4.440167771986080147e+00	-8.875231999999999566e-01	1.534803630862329848e+00
4.484484484484484446e-01	4.438926432945788925e+00	-9.004736800000000541e-01	1.436902571860817046e+00
4.494494494494494230e-01	4.436797864731317986e+00	-8.745727199999999701e-01	1.436902571860817046e+00
4.504504504504504570e-01	4.434665975985353725e+00	-8.098203199999999269e-01	1.404268885526979593e+00
4.514514514514514354e-01	4.432959024924519653e+00	-7.774441199999999608e-01	1.241100453857791219e+00
4.524524524524524693e-01	4.431100943273071024e+00	-7.580183999999999811e-01	1.175833081190116092e+00
4.534534534534534478e-01	4.428416820114891017e+00	-5.702364399999999556e-01	1.143199394856278639e+00
4.544544544544544262e-01	4.424133734742272672e+00	-4.213059199999999449e-01	1.012664649520927940e+00
4.554554554554554602e-01	4.417691117285960978e+00	-3.241773200000000466e-01	9.147635905194151373e-01
4.564564564564564386e-01	4.410120783118575361e+00	-1.622963199999999939e-01	7.515951588502269853e-01
4.574574574574574726e-01	4.402951996082162367e+00	-1.234448800000000068e-01	6.210604135148766192e-01
4.584584584584584510e-01	4.395784917227937960e+00	1.031885200000000058e-01	4.578919818456884672e-01
4.594594594594594295e-01	4.387531732241699345e+00	3.298219200000001017e-01	2.620898638426626404e-01
4.604604604604604634e-01	4.379559659443532205e+00	3.880990800000000407e-01	3.365405950579927752e-02
4.614614614614614418e-01	4.374357254586999311e+00	7.701382400000000850e-01	-9.688068582955121355e-02
4.624624624624624758e-01	4.370811890139324696e+00	9.125935200000000469e-01	-3.253164901664145625e-01
4.634634634634634542e-01	4.365952666481653033e+00	9.643954399999999927e-01	-5.537522945032778976e-01
4.644644644644644327e-01	4.360906353341194475e+00	1.268731720000000118e+00	-6.516533535047908110e-01
4.654654654654654666e-01	4.358464461229475617e+00	1.275206959999999778e+00	-6.842870398386284858e-01
4.664664664664664451e-01	4.357997131895229970e+00	1.262256480000000014e+00	-7.821880988401412882e-01
4.674674674674674790e-01	4.357435177906340940e+00	1.236355520000000041e+00	-6.516533535047908110e-01
4.684684684684684575e-01	4.356085557323696733e+00	1.268731720000000118e+00	-7.495544125063037244e-01
4.694694694694694914e-01	4.354371974499923859e+00	1.242830760000000145e+00	-6.516533535047908110e-01
4.704704704704704699e-01	4.352900762171593385e+00	1.249306000000000250e+00	-7.495544125063037244e-01
4.714714714714714483e-01	4.352035237084938224e+00	1.242830760000000145e+00	-6.842870398386284858e-01
4.724724724724724823e-01	4.352175866479130129e+00	1.262256480000000014e+00	-7.169207261724660496e-01
4.734734734734734607e-01	4.353228111813742807e+00	1.242830760000000145e+00	-7.169207261724660496e-01
4.744744744744744946e-01	4.354691903206793668e+00	9.384944800000000198e-01	-3.905838628340898566e-01
4.754754754754754731e-01	4.356771155154599562e+00	9.773459200000000902e-01	-4.884849218356027145e-01
4.764764764764764515e-01	4.359556753420280373e+00	4.722772000000000081e-01	9.892143217347457163e-02
4.774774774774774855e-01	4.362756104996234008e+00	2.909704799999999758e-01	1.641888048411497825e-01
4.784784784784784639e-01	4.366323965185716638e+00	2.326933200000000090e-01	4.252582955118507924e-01
4.794794794794794979e-01	4.370139266678292778e+00	-1.687715600000000149e-01	5.557930408472013806e-01
4.804804804804804763e-01	4.374382591891292194e+00	-2.982763600000000181e-01	6.210604135148766192e-01
4.814814814814814548e-01	4.379236582265069622e+00	-4.472068799999999733e-01	8.494962178517398987e-01
4.824824824824824887e-01	4.384499343422262996e+00	-5.249097599999998920e-01	1.012664649520927940e+00
4.834834834834834671e-01	4.390032449461044095e+00	-6.608898000000000827e-01	1.045298335854765615e+00
4.844844844844845011e-01	4.395193973368516360e+00	-6.997412400000000421e-01	1.175833081190116092e+00
4.854854854854854795e-01	4.399795473685419900e+00	-7.450679199999999947e-01	1.339001512859304244e+00
4.864864864864864580e-01	4.405381340576891347e+00	-7.321174399999998972e-01	1.339001512859304244e+00
4.874874874874874919e-01	4.412384293270448232e+00	-9.069489200000000473e-01	1.436902571860817046e+00
4.884884884884884704e-01	4.418870761227131183e+00	-8.939984399999999498e-01	1.469536258194654943e+00
4.894894894894895043e-01	4.424105581400822551e+00	-9.652260799999999863e-01	1.502169944528492396e+00
4.904904904904904828e-01	4.428945877131580389e+00	-1.062354679999999885e+00	1.534803630862329848e+00
4.914914914914914612e-01	4.433188130319248188e+00	-1.036453719999999912e+00	1.502169944528492396e+00
4.924924924924924952e-01	4.436132237752038243e+00	-1.004077520000000057e+00	1.534803630862329848e+00
4.934934934934934736e-01	4.438061760217275165e+00	-1.023503240000000147e+00	1.567437317196167523e+00
4.944944944944945076e-01	4.439811127356006359e+00	-1.049404199999999898e+00	1.632704689863842651e+00
4.954954954954954860e-01	4.441555203404183416e+00	-1.055879440000000002e+00	1.632704689863842651e+00
4.964964964964965199e-01	4.442332935446795972e+00	-9.717013200000000905e-01	1.502169944528492396e+00
4.974974974974974984e-01	4.441647932710677260e+00	-9.069489200000000473e-01	1.502169944528492396e+00
4.984984984984984768e-01	4.440250305895495408e+00	-9.134241599999999295e-01	1.469536258194654943e+00
4.994994994994995108e-01	4.438434469114679537e+00	-8.745727199999999701e-01	1.404268885526979593e+00
5.005005005005005447e-01	4.436006232804714067e+00	-8.292460400000000176e-01	1.371635199193141919e+00
5.015015015015015232e-01	4.433368213917936451e+00	-7.774441199999999608e-01	1.339001512859304244e+00
5.025025025025025016e-01	4.430935439135770260e+00	-7.580183999999999811e-01	1.175833081190116092e+00
5.035035035035034801e-01	4.428506858920370881e+00	-5.572859600000000802e-01	1.077932022188603289e+00
5.045045045045044585e-01	4.425459213606455222e+00	-4.213059199999999449e-01	1.045298335854765615e+00
5.055055055055055480e-01	4.420923472609014304e+00	-3.177020799999999978e-01	8.494962178517398987e-01
5.065065065065065264e-01	4.414042390088958712e+00	-1.622963199999999939e-01	7.515951588502269853e-01
5.075075075075075048e-01	4.405213066514987119e+00	-1.234448800000000068e-01	5.884267271810389444e-01
5.085085085085084833e-01	4.396020459437552930e+00	1.031885200000000058e-01	4.905256681795260310e-01
5.095095095095094617e-01	4.387460062919097403e+00	3.362971600000000394e-01	2.620898638426626404e-01
5.105105105105105512e-01	4.380079287224549311e+00	3.945743200000000339e-01	6.628774583963688294e-02
5.115115115115115296e-01	4.374198910949521846e+00	7.766134800000000782e-01	-6.424699949571360813e-02
5.125125125125125081e-01	4.369131292103340947e+00	8.996430400000000605e-01	-2.926828038325769432e-01
5.135135135135134865e-01	4.364465331339507870e+00	9.643954399999999927e-01	-5.211186081694403338e-01
5.145145145145144649e-01	4.361270404047506766e+00	1.255781239999999910e+00	-5.537522945032778976e-01
5.155155155155155544e-01	4.360019616850997259e+00	1.281682200000000105e+00	-6.842870398386284858e-01
5.165165165165165329e-01	4.359166136553087156e+00	1.268731720000000118e+00	-7.821880988401412882e-01
5.175175175175175113e-01	4.357955133618053978e+00	1.223405040000000055e+00	-6.842870398386284858e-01
5.185185185185184897e-01	4.357071032968947044e+00	1.268731720000000118e+00	-7.821880988401412882e-01
5.195195195195194682e-01	4.355551572617210709e+00	1.242830760000000145e+00	-6.516533535047908110e-01
5.205205205205205576e-01	4.352509747081197311e+00	1.249306000000000250e+00	-7.169207261724660496e-01
5.215215215215215361e-01	4.350292180678597909e+00	1.249306000000000250e+00	-7.169207261724660496e-01
5.225225225225225145e-01	4.351027415086641703e+00	1.262256480000000014e+00	-6.842870398386284858e-01
5.235235235235234930e-01	4.353306942405925639e+00	1.242830760000000145e+00	-6.842870398386284858e-01
5.245245245245244714e-01	4.355282783213153763e+00	9.190687600000001511e-01	-3.905838628340898566e-01
5.255255255255255609e-01	4.357204872577973731e+00	9.643954399999999927e-01	-5.537522945032778976e-01
5.265265265265265393e-01	4.359668991064215682e+00	4.658019600000000704e-01	6.628774583963688294e-02
5.275275275275275177e-01	4.362584036153413614e+00	2.650695199999999474e-01	1.641888048411497825e-01
5.285285285285284962e-01	4.365896014745615616e+00	2.197428399999999948e-01	3.599909228441755538e-01
5.295295295295294746e-01	4.369901606881964717e+00	-1.622963199999999939e-01	6.210604135148766192e-01
5.305305305305305641e-01	4.374328990598355560e+00	-2.982763600000000181e-01	7.515951588502269853e-01
5.315315315315315425e-01	4.378325543596250036e+00	-4.342563999999999869e-01	9.147635905194151373e-01
5.325325325325325210e-01	4.382739835330373701e+00	-5.119592800000000166e-01	1.012664649520927940e+00
5.335335335335334994e-01	4.389045497831334686e+00	-6.803155199999999514e-01	1.143199394856278639e+00
5.345345345345344779e-01	4.395768358054347402e+00	-6.997412400000000421e-01	1.241100453857791219e+00
5.355355355355355673e-01	4.400773734123404779e+00	-7.450679199999999947e-01	1.339001512859304244e+00
5.365365365365365458e-01	4.405367251413531804e+00	-7.321174399999998972e-01	1.306367826525466569e+00
5.375375375375375242e-01	4.411683459421603004e+00	-9.134241599999999295e-01	1.436902571860817046e+00
5.385385385385385026e-01	4.418380911521455623e+00	-8.875231999999999566e-01	1.436902571860817046e+00
5.395395395395394811e-01	4.423150546906559732e+00	-9.393251199999999024e-01	1.534803630862329848e+00
5.405405405405405705e-01	4.426880931949775722e+00	-1.055879440000000002e+00	1.534803630862329848e+00
5.415415415415415490e-01	4.431255616834970823e+00	-1.023503240000000147e+00	1.502169944528492396e+00
5.425425425425425274e-01	4.435630071670624730e+00	-1.004077520000000057e+00	1.600071003530005198e+00
5.435435435435435059e-01	4.438902899599013629e+00	-1.010552759999999939e+00	1.534803630862329848e+00
5.445445445445444843e-01	4.440707291876939244e+00	-1.062354679999999885e+00	1.567437317196167523e+00
5.455455455455455738e-01	4.440949946887642774e+00	-1.062354679999999885e+00	1.600071003530005198e+00
5.465465465465465522e-01	4.440803536122092332e+00	-1.004077520000000057e+00	1.567437317196167523e+00
5.475475475475475307e-01	4.441092910708700714e+00	-9.134241599999999295e-01	1.567437317196167523e+00
5.485485485485485091e-01	4.440166983024081304e+00	-8.875231999999999566e-01	1.534803630862329848e+00
5.495495495495495986e-01	4.437351725063863661e+00	-8.616222399999999837e-01	1.469536258194654943e+00
5.505505505505505770e-01	4.434690147638424840e+00	-8.357212800000000108e-01	1.371635199193141919e+00
5.515515515515515554e-01	4.432892501355981452e+00	-7.839193599999999540e-01	1.306367826525466569e+00
5.525525525525525339e-01	4.430551718706228215e+00	-7.515431599999999879e-01	1.241100453857791219e+00
5.535535535535535123e-01	4.427425745763701848e+00	-5.767116799999999488e-01	1.110565708522440964e+00
5.545545545545546018e-01	4.424059488770782700e+00	-4.148306800000000072e-01	9.800309631870904870e-01
5.555555555555555802e-01	4.419522309812282224e+00	-3.241773200000000466e-01	8.821299041855775735e-01
5.565565565565565587e-01	4.412788194374098971e+00	-1.622963199999999939e-01	7.515951588502269853e-01
5.575575575575575371e-01	4.404664891293609941e+00	-1.234448800000000068e-01	5.884267271810389444e-01
5.585585585585585155e-01	4.396581804263684390e+00	1.226142399999999993e-01	4.905256681795260310e-01
5.595595595595596050e-01	4.388804855324615062e+00	3.168714400000000042e-01	2.947235501765002597e-01
5.605605605605605835e-01	4.381310835702102224e+00	4.075248000000000759e-01	9.892143217347457163e-02
5.615615615615615619e-01	4.375041886036494354e+00	7.507125199999999943e-01	-6.424699949571360813e-02
5.625625625625625403e-01	4.370380566140467771e+00	8.996430400000000605e-01	-2.600491174987393794e-01
5.635635635635635188e-01	4.366426242710851113e+00	9.708706800000000969e-01	-5.211186081694403338e-01
5.645645645645646082e-01	4.362579476505633380e+00	1.249306000000000250e+00	-5.863859808371156834e-01
5.655655655655655867e-01	4.359120149554137846e+00	1.268731720000000118e+00	-6.190196671709531362e-01
5.665665665665665651e-01	4.356753271206149414e+00	1.268731720000000118e+00	-7.495544125063037244e-01
5.675675675675675436e-01	4.355536538018775161e+00	1.236355520000000041e+00	-5.863859808371156834e-01
5.685685685685685220e-01	4.354348399424911698e+00	1.262256480000000014e+00	-7.495544125063037244e-01
5.695695695695696115e-01	4.352562794052604822e+00	1.236355520000000041e+00	-6.516533535047908110e-01
5.705705705705705899e-01	4.351185883375462637e+00	1.249306000000000250e+00	-7.821880988401412882e-01
5.715715715715715683e-01	4.351407272778502033e+00	1.249306000000000250e+00	-6.516533535047908110e-01
5.725725725725725468e-01	4.352493321136516435e+00	1.262256480000000014e+00	-7.169207261724660496e-01
5.735735735735735252e-01	4.352950590090590488e+00	1.242830760000000145e+00	-7.169207261724660496e-01
5.745745745745746147e-01	4.353665698628733871e+00	9.190687600000001511e-01	-3.905838628340898566e-01
5.755755755755755931e-01	4.355718828080468619e+00	9.514449600000001173e-01	-4.558512355017650397e-01
5.765765765765765716e-01	4.357869327362420719e+00	4.593267200000000772e-01	3.365405950579927752e-02
5.775775775775775500e-01	4.360147679435598000e+00	2.715447599999999961e-01	1.315551185073121632e-01
5.785785785785785285e-01	4.364093039233013727e+00	2.003171200000000152e-01	3.599909228441755538e-01
5.795795795795796179e-01	4.369278683088969828e+00	-1.493458400000000075e-01	6.210604135148766192e-01
5.805805805805805964e-01	4.374401175927707719e+00	-3.177020799999999978e-01	7.189614725163894215e-01
5.815815815815815748e-01	4.379481310492818302e+00	-4.342563999999999869e-01	8.821299041855775735e-01
5.825825825825825532e-01	4.384946054296738893e+00	-5.184345200000000098e-01	1.012664649520927940e+00
5.835835835835835317e-01	4.390261019113745888e+00	-6.738402799999999582e-01	1.143199394856278639e+00
5.845845845845846211e-01	4.395004190374855568e+00	-7.062164799999999243e-01	1.241100453857791219e+00
5.855855855855855996e-01	4.399852038401201426e+00	-7.385926799999998904e-01	1.306367826525466569e+00
5.865865865865865780e-01	4.405236972234516379e+00	-7.450679199999999947e-01	1.339001512859304244e+00
5.875875875875875565e-01	4.410979979893192571e+00	-9.263746400000000270e-01	1.469536258194654943e+00
5.885885885885885349e-01	4.416581332555562511e+00	-9.134241599999999295e-01	1.502169944528492396e+00
5.895895895895896244e-01	4.421602276360265371e+00	-9.587508399999999931e-01	1.534803630862329848e+00
5.905905905905906028e-01	4.426936064335843746e+00	-1.049404199999999898e+00	1.502169944528492396e+00
5.915915915915915813e-01	4.432885165342450584e+00	-1.062354679999999885e+00	1.600071003530005198e+00
5.925925925925925597e-01	4.437098856320106144e+00	-9.976022799999999524e-01	1.632704689863842651e+00
5.935935935935935381e-01	4.438201077969261554e+00	-1.023503240000000147e+00	1.567437317196167523e+00
5.945945945945946276e-01	4.438530295032941275e+00	-1.042928960000000016e+00	1.600071003530005198e+00
5.955955955955956060e-01	4.440185906439200636e+00	-1.029978480000000030e+00	1.567437317196167523e+00
5.965965965965965845e-01	4.441524111948288223e+00	-9.976022799999999524e-01	1.600071003530005198e+00
5.975975975975975629e-01	4.440524487020014455e+00	-9.004736800000000541e-01	1.567437317196167523e+00
5.985985985985985414e-01	4.438020524910903930e+00	-9.198994000000000337e-01	1.469536258194654943e+00
5.995995995995996308e-01	4.435671819635322422e+00	-8.680974800000000879e-01	1.469536258194654943e+00
6.006006006006006093e-01	4.434302989043245269e+00	-8.357212800000000108e-01	1.404268885526979593e+00
6.016016016016015877e-01	4.433504092457475565e+00	-7.839193599999999540e-01	1.339001512859304244e+00
6.026026026026025662e-01	4.431675706670998416e+00	-7.839193599999999540e-01	1.175833081190116092e+00
6.036036036036035446e-01	4.427945170872889413e+00	-5.572859600000000802e-01	1.110565708522440964e+00
6.046046046046046341e-01	4.422720852156562188e+00	-4.213059199999999449e-01	1.012664649520927940e+00
6.056056056056056125e-01	4.416630523485531867e+00	-3.177020799999999978e-01	9.147635905194151373e-01
6.066066066066065909e-01	4.409659760936215811e+00	-1.558210800000000007e-01	7.842288451840646601e-01
6.076076076076075694e-01	4.401423653828043570e+00	-1.104944000000000065e-01	6.863277861825517467e-01
6.086086086086086588e-01	4.393273089468840986e+00	8.376279999999999837e-02	4.252582955118507924e-01
6.096096096096096373e-01	4.386889758978530729e+00	3.427723999999999771e-01	3.273572365103378790e-01
6.106106106106106157e-01	4.380873605872682930e+00	3.880990800000000407e-01	6.628774583963688294e-02
6.116116116116115942e-01	4.373882948411036864e+00	7.571877599999999875e-01	-3.161331316187596802e-02
6.126126126126125726e-01	4.367949105613127436e+00	8.931677999999999562e-01	-3.253164901664145625e-01
6.136136136136136621e-01	4.364422344221370764e+00	9.514449600000001173e-01	-5.211186081694403338e-01
6.146146146146146405e-01	4.361714716331563046e+00	1.249306000000000250e+00	-6.190196671709531362e-01
6.156156156156156189e-01	4.358920791238562131e+00	1.275206959999999778e+00	-6.516533535047908110e-01
6.166166166166165974e-01	4.356846093909087614e+00	1.255781239999999910e+00	-7.821880988401412882e-01
6.176176176176175758e-01	4.355391164682228755e+00	1.229880280000000159e+00	-6.190196671709531362e-01
6.186186186186186653e-01	4.353819867951488121e+00	1.262256480000000014e+00	-7.169207261724660496e-01
6.196196196196196437e-01	4.352798036957588046e+00	1.223405040000000055e+00	-6.842870398386284858e-01
6.206206206206206222e-01	4.352591538653327596e+00	1.249306000000000250e+00	-7.169207261724660496e-01
6.216216216216216006e-01	4.351813899544887398e+00	1.249306000000000250e+00	-7.169207261724660496e-01
6.226226226226225791e-01	4.350442408951844087e+00	1.255781239999999910e+00	-7.169207261724660496e-01
6.236236236236236685e-01	4.350275586587292409e+00	1.242830760000000145e+00	-7.495544125063037244e-01
6.246246246246246470e-01	4.352020185010852416e+00	9.190687600000001511e-01	-3.579501765002521818e-01
6.256256256256256254e-01	4.354635113736468277e+00	9.514449600000001173e-01	-4.558512355017650397e-01
6.266266266266266038e-01	4.357247989806332988e+00	4.658019600000000704e-01	9.892143217347457163e-02
6.276276276276275823e-01	4.360125059274328585e+00	2.585942800000000097e-01	9.892143217347457163e-02
6.286286286286286717e-01	4.363612090178331293e+00	2.197428399999999948e-01	3.599909228441755538e-01
6.296296296296296502e-01	4.367989052110971215e+00	-1.752468000000000081e-01	6.210604135148766192e-01
6.306306306306306286e-01	4.373726430662546960e+00	-3.047516000000000114e-01	7.189614725163894215e-01
6.316316316316316071e-01	4.379714517653246375e+00	-4.472068799999999733e-01	8.821299041855775735e-01
6.326326326326325855e-01	4.384457342363162979e+00	-4.990087999999999191e-01	1.012664649520927940e+00
6.336336336336336750e-01	4.389315051699303361e+00	-6.738402799999999582e-01	1.110565708522440964e+00
6.346346346346346534e-01	4.395265785521989876e+00	-7.062164799999999243e-01	1.208466767523953767e+00
6.356356356356356319e-01	4.400276503148210061e+00	-7.450679199999999947e-01	1.371635199193141919e+00
6.366366366366366103e-01	4.404156113285283780e+00	-7.385926799999998904e-01	1.339001512859304244e+00
6.376376376376375887e-01	4.409379158825584177e+00	-9.134241599999999295e-01	1.404268885526979593e+00
6.386386386386386782e-01	4.416114047664863484e+00	-9.069489200000000473e-01	1.469536258194654943e+00
6.396396396396396566e-01	4.422419183720210256e+00	-9.522755999999999998e-01	1.534803630862329848e+00
6.406406406406406351e-01	4.427475210909785908e+00	-1.062354679999999885e+00	1.534803630862329848e+00
6.416416416416416135e-01	4.431257253110127081e+00	-1.055879440000000002e+00	1.600071003530005198e+00
6.426426426426425920e-01	4.434331261767155752e+00	-1.017028000000000043e+00	1.567437317196167523e+00
6.436436436436436814e-01	4.437951734274691695e+00	-1.010552759999999939e+00	1.600071003530005198e+00
6.446446446446446599e-01	4.441215028898781725e+00	-1.068829919999999989e+00	1.567437317196167523e+00
6.456456456456456383e-01	4.441637169979200550e+00	-1.049404199999999898e+00	1.567437317196167523e+00
6.466466466466466168e-01	4.439892279324380020e+00	-9.911270399999999592e-01	1.567437317196167523e+00
6.476476476476475952e-01	4.438757092913553137e+00	-9.134241599999999295e-01	1.567437317196167523e+00
6.486486486486486847e-01	4.438435943349549717e+00	-9.134241599999999295e-01	1.534803630862329848e+00
6.496496496496496631e-01	4.437297721865259170e+00	-8.810479599999999634e-01	1.436902571860817046e+00
6.506506506506506415e-01	4.435115021895008169e+00	-8.292460400000000176e-01	1.339001512859304244e+00
6.516516516516516200e-01	4.433043272053144079e+00	-7.903945999999999472e-01	1.306367826525466569e+00
6.526526526526525984e-01	4.431406223700999902e+00	-7.774441199999999608e-01	1.208466767523953767e+00
6.536536536536536879e-01	4.429084191068940690e+00	-5.702364399999999556e-01	1.143199394856278639e+00
6.546546546546546663e-01	4.425198427984531335e+00	-4.342563999999999869e-01	9.800309631870904870e-01
6.556556556556556448e-01	4.419457132442122571e+00	-3.241773200000000466e-01	9.147635905194151373e-01
6.566566566566566232e-01	4.411790897535794898e+00	-1.817220400000000013e-01	7.842288451840646601e-01
6.576576576576576016e-01	4.403397510209326349e+00	-1.299201200000000000e-01	6.210604135148766192e-01
6.586586586586586911e-01	4.395572158070672586e+00	8.376279999999999837e-02	4.578919818456884672e-01
6.596596596596596696e-01	4.388110764901773209e+00	3.168714400000000042e-01	2.620898638426626404e-01
6.606606606606606480e-01	4.380838810829646768e+00	4.010495599999999716e-01	9.892143217347457163e-02
6.616616616616616264e-01	4.374619321648742343e+00	7.571877599999999875e-01	-9.688068582955121355e-02
6.626626626626626049e-01	4.370040584418859453e+00	9.061182800000000537e-01	-2.600491174987393794e-01
6.636636636636636943e-01	4.366310297740723989e+00	9.643954399999999927e-01	-5.537522945032778976e-01
6.646646646646646728e-01	4.362582325418128626e+00	1.242830760000000145e+00	-5.863859808371156834e-01
6.656656656656656512e-01	4.359402028332784340e+00	1.281682200000000105e+00	-6.516533535047908110e-01
6.666666666666666297e-01	4.357912514882666066e+00	1.262256480000000014e+00	-8.148217851739789630e-01
6.676676676676676081e-01	4.358142987466375295e+00	1.223405040000000055e+00	-6.516533535047908110e-01
6.686686686686686976e-01	4.358262709041634153e+00	1.249306000000000250e+00	-7.821880988401412882e-01
6.696696696696696760e-01	4.356714748905236689e+00	1.236355520000000041e+00	-6.190196671709531362e-01
6.706706706706706544e-01	4.354140511184325213e+00	1.249306000000000250e+00	-7.169207261724660496e-01
6.716716716716716329e-01	4.352325178830686703e+00	1.242830760000000145e+00	-7.169207261724660496e-01
6.726726726726726113e-01	4.352596485843236884e+00	1.255781239999999910e+00	-7.169207261724660496e-01
6.736736736736737008e-01	4.354163819513154898e+00	1.249306000000000250e+00	-6.842870398386284858e-01
6.746746746746746792e-01	4.355110215158767950e+00	9.125935200000000469e-01	-3.905838628340898566e-01
6.756756756756756577e-01	4.355885099791600545e+00	9.449697200000000130e-01	-4.884849218356027145e-01
6.766766766766766361e-01	4.358298973204074223e+00	4.528514799999999729e-01	3.365405950579927752e-02
6.776776776776777256e-01	4.362118596895598444e+00	2.780200000000000449e-01	1.315551185073121632e-01
6.786786786786787040e-01	4.365925135662149792e+00	2.003171200000000152e-01	3.926246091780131731e-01
6.796796796796796825e-01	4.369832238065880503e+00	-1.687715600000000149e-01	6.210604135148766192e-01
6.806806806806806609e-01	4.374687927529420151e+00	-3.177020799999999978e-01	7.189614725163894215e-01
6.816816816816816393e-01	4.380043551180440531e+00	-4.472068799999999733e-01	8.821299041855775735e-01
6.826826826826827288e-01	4.385575225406668665e+00	-5.313849999999999962e-01	1.077932022188603289e+00
6.836836836836837072e-01	4.391352152590321190e+00	-6.673650399999999649e-01	1.110565708522440964e+00
6.846846846846846857e-01	4.395960544692782968e+00	-7.126917200000000285e-01	1.175833081190116092e+00
6.856856856856856641e-01	4.399433840293092146e+00	-7.515431599999999879e-01	1.306367826525466569e+00
6.866866866866866426e-01	4.404724163226105382e+00	-7.450679199999999947e-01	1.339001512859304244e+00
6.876876876876877320e-01	4.412398035065268509e+00	-9.198994000000000337e-01	1.404268885526979593e+00
6.886886886886887105e-01	4.419538187717966693e+00	-9.004736800000000541e-01	1.534803630862329848e+00
6.896896896896896889e-01	4.424384764024233974e+00	-9.587508399999999931e-01	1.534803630862329848e+00
6.906906906906906674e-01	4.428107561826966965e+00	-1.062354679999999885e+00	1.567437317196167523e+00
6.916916916916916458e-01	4.432335648213831192e+00	-1.049404199999999898e+00	1.632704689863842651e+00
6.926926926926927353e-01	4.436312925939534857e+00	-1.010552759999999939e+00	1.600071003530005198e+00
6.936936936936937137e-01	4.438715693077011970e+00	-1.017028000000000043e+00	1.632704689863842651e+00
6.946946946946946921e-01	4.440401668965510140e+00	-1.062354679999999885e+00	1.632704689863842651e+00
6.956956956956956706e-01	4.441829510070657960e+00	-1.062354679999999885e+00	1.600071003530005198e+00
6.966966966966966490e-01	4.441954419321755054e+00	-9.976022799999999524e-01	1.534803630862329848e+00
6.976976976976977385e-01	4.441020870711832380e+00	-8.875231999999999566e-01	1.534803630862329848e+00
6.986986986986987169e-01	4.440258150176494389e+00	-9.004736800000000541e-01	1.469536258194654943e+00
6.996996996996996954e-01	4.439413468151663267e+00	-8.810479599999999634e-01	1.469536258194654943e+00
7.007007007007006738e-01	4.437174038673634691e+00	-8.421965199999998930e-01	1.469536258194654943e+00
7.017017017017016522e-01	4.433975769703971892e+00	-7.968698400000000515e-01	1.339001512859304244e+00
7.027027027027027417e-01	4.431447958510081442e+00	-7.774441199999999608e-01	1.273734140191629116e+00
7.037037037037037202e-01	4.428900657746402736e+00	-5.572859600000000802e-01	1.143199394856278639e+00
7.047047047047046986e-01	4.424561713211154768e+00	-4.277811600000000491e-01	9.800309631870904870e-01
7.057057057057056770e-01	4.418789479296654221e+00	-3.177020799999999978e-01	8.494962178517398987e-01
7.067067067067066555e-01	4.412224029647488166e+00	-1.622963199999999939e-01	7.842288451840646601e-01
7.077077077077077449e-01	4.404241540685189804e+00	-1.428706000000000143e-01	6.536940998487140719e-01
7.087087087087087234e-01	4.395282791033629621e+00	9.671327999999999869e-02	4.252582955118507924e-01
7.097097097097097018e-01	4.387059656911542760e+00	3.168714400000000042e-01	3.273572365103378790e-01
7.107107107107106803e-01	4.380469170080469432e+00	3.945743200000000339e-01	9.892143217347457163e-02
7.117117117117116587e-01	4.375063806535039568e+00	7.377620400000000078e-01	-6.424699949571360813e-02
7.127127127127127482e-01	4.370038729661358090e+00	8.931677999999999562e-01	-3.579501765002521818e-01
7.137137137137137266e-01	4.365530851843041127e+00	9.579201999999999995e-01	-5.211186081694403338e-01
7.147147147147147050e-01	4.362126739282439658e+00	1.249306000000000250e+00	-5.863859808371156834e-01
7.157157157157156835e-01	4.359452441683237645e+00	1.281682200000000105e+00	-6.190196671709531362e-01
7.167167167167166619e-01	4.357302464734815750e+00	1.242830760000000145e+00	-7.821880988401412882e-01
7.177177177177177514e-01	4.356110886971730878e+00	1.216929799999999950e+00	-7.495544125063037244e-01
7.187187187187187298e-01	4.354851397195586671e+00	1.262256480000000014e+00	-8.148217851739789630e-01
7.197197197197197083e-01	4.352966185355122697e+00	1.223405040000000055e+00	-6.516533535047908110e-01
7.207207207207206867e-01	4.352636835801965809e+00	1.242830760000000145e+00	-7.821880988401412882e-01
7.217217217217216652e-01	4.354267064019526678e+00	1.236355520000000041e+00	-7.169207261724660496e-01
7.227227227227227546e-01	4.354993584825003872e+00	1.249306000000000250e+00	-6.842870398386284858e-01
7.237237237237237331e-01	4.353788270799060278e+00	1.242830760000000145e+00	-6.842870398386284858e-01
7.247247247247247115e-01	4.353103917238835052e+00	9.061182800000000537e-01	-3.579501765002521818e-01
7.257257257257256899e-01	4.355360151457453810e+00	9.384944800000000198e-01	-4.232175491679274204e-01
7.267267267267266684e-01	4.359576107443205117e+00	4.399010000000000420e-01	6.628774583963688294e-02
7.277277277277277578e-01	4.363134769324960693e+00	2.521190400000000165e-01	1.315551185073121632e-01
7.287287287287287363e-01	4.366123116156390260e+00	2.067923600000000084e-01	3.599909228441755538e-01
7.297297297297297147e-01	4.370114639832945791e+00	-1.622963199999999939e-01	6.210604135148766192e-01
7.307307307307306932e-01	4.374731976614453011e+00	-2.982763600000000181e-01	6.863277861825517467e-01
7.317317317317316716e-01	4.379005679008426632e+00	-4.472068799999999733e-01	9.147635905194151373e-01
7.327327327327327611e-01	4.383440239542498951e+00	-5.249097599999998920e-01	9.800309631870904870e-01
7.337337337337337395e-01	4.388933429556643340e+00	-6.867907599999999446e-01	1.110565708522440964e+00
7.347347347347347180e-01	4.395344723914849538e+00	-7.062164799999999243e-01	1.175833081190116092e+00
7.357357357357356964e-01	4.401602363789248962e+00	-7.515431599999999879e-01	1.339001512859304244e+00
7.367367367367367859e-01	4.407208652038399954e+00	-7.385926799999998904e-01	1.339001512859304244e+00
7.377377377377377643e-01	4.412678237710319529e+00	-9.198994000000000337e-01	1.436902571860817046e+00
7.387387387387387427e-01	4.417792407070181504e+00	-9.004736800000000541e-01	1.469536258194654943e+00
7.397397397397397212e-01	4.422207735517502236e+00	-9.587508399999999931e-01	1.469536258194654943e+00
7.407407407407406996e-01	4.426897847172806877e+00	-1.062354679999999885e+00	1.502169944528492396e+00
7.417417417417417891e-01	4.431735929731247303e+00	-1.036453719999999912e+00	1.632704689863842651e+00
7.427427427427427675e-01	4.435280729353840989e+00	-1.004077520000000057e+00	1.632704689863842651e+00
7.437437437437437460e-01	4.437800189040284948e+00	-1.010552759999999939e+00	1.567437317196167523e+00
7.447447447447447244e-01	4.440277364265002191e+00	-1.055879440000000002e+00	1.632704689863842651e+00
7.457457457457457028e-01	4.442067764764514592e+00	-1.049404199999999898e+00	1.600071003530005198e+00
7.467467467467467923e-01	4.442059733250760978e+00	-9.911270399999999592e-01	1.632704689863842651e+00
7.477477477477477708e-01	4.440506846585414280e+00	-8.810479599999999634e-01	1.567437317196167523e+00
7.487487487487487492e-01	4.438914215873094093e+00	-9.134241599999999295e-01	1.469536258194654943e+00
7.497497497497497276e-01	4.438077581066959709e+00	-8.745727199999999701e-01	1.404268885526979593e+00
7.507507507507507061e-01	4.436768776266327485e+00	-8.357212800000000108e-01	1.436902571860817046e+00
7.517517517517517955e-01	4.434141562039918938e+00	-7.903945999999999472e-01	1.306367826525466569e+00
7.527527527527527740e-01	4.431041690107978326e+00	-7.580183999999999811e-01	1.273734140191629116e+00
7.537537537537537524e-01	4.427569079955675946e+00	-5.637612000000000734e-01	1.143199394856278639e+00
7.547547547547547309e-01	4.423222808881722479e+00	-4.148306800000000072e-01	1.045298335854765615e+00
7.557557557557557093e-01	4.418249599406369299e+00	-3.241773200000000466e-01	9.147635905194151373e-01
7.567567567567567988e-01	4.412300169727485510e+00	-1.493458400000000075e-01	8.168625315179022239e-01
7.577577577577577772e-01	4.404630620668281260e+00	-1.299201200000000000e-01	6.210604135148766192e-01
7.587587587587587556e-01	4.396164854883076956e+00	8.376279999999999837e-02	4.905256681795260310e-01
7.597597597597597341e-01	4.388610478622759992e+00	3.233466799999999974e-01	2.947235501765002597e-01
7.607607607607607125e-01	4.381791490342750173e+00	3.816238400000000475e-01	6.628774583963688294e-02
7.617617617617618020e-01	4.374569706013211601e+00	7.312868000000000146e-01	-6.424699949571360813e-02
7.627627627627627804e-01	4.367913587677183962e+00	8.931677999999999562e-01	-2.926828038325769432e-01
7.637637637637637589e-01	4.363599211543309764e+00	9.579201999999999995e-01	-5.211186081694403338e-01
7.647647647647647373e-01	4.361009939477159314e+00	1.223405040000000055e+00	-6.516533535047908110e-01
7.657657657657657158e-01	4.358991052555402312e+00	1.268731720000000118e+00	-6.516533535047908110e-01
7.667667667667668052e-01	4.357764851251972438e+00	1.255781239999999910e+00	-6.842870398386284858e-01
7.677677677677677837e-01	4.356629084889116932e+00	1.216929799999999950e+00	-5.863859808371156834e-01
7.687687687687687621e-01	4.354866588757666079e+00	1.255781239999999910e+00	-7.169207261724660496e-01
7.697697697697697405e-01	4.353663808698116533e+00	1.223405040000000055e+00	-6.842870398386284858e-01
7.707707707707707190e-01	4.352919655342203598e+00	1.242830760000000145e+00	-7.169207261724660496e-01
7.717717717717718084e-01	4.351235836903918575e+00	1.223405040000000055e+00	-7.169207261724660496e-01
7.727727727727727869e-01	4.349936054302018462e+00	1.249306000000000250e+00	-7.169207261724660496e-01
7.737737737737737653e-01	4.351205479832837675e+00	1.236355520000000041e+00	-6.842870398386284858e-01
7.747747747747747438e-01	4.353893840791063674e+00	9.061182800000000537e-01	-3.253164901664145625e-01
7.757757757757757222e-01	4.355488304913261111e+00	9.255440000000001444e-01	-4.558512355017650397e-01
7.767767767767768117e-01	4.356548674933335974e+00	4.528514799999999729e-01	6.628774583963688294e-02
7.777777777777777901e-01	4.359930506977122810e+00	2.585942800000000097e-01	1.315551185073121632e-01
7.787787787787787686e-01	4.365934323636105674e+00	2.132676000000000016e-01	3.599909228441755538e-01
7.797797797797797470e-01	4.371648596436896739e+00	-1.817220400000000013e-01	6.210604135148766192e-01
7.807807807807807254e-01	4.375546742526549515e+00	-3.112268400000000046e-01	7.189614725163894215e-01
7.817817817817818149e-01	4.378860689741650880e+00	-4.342563999999999869e-01	9.473972768532528121e-01
7.827827827827827933e-01	4.382922213739550266e+00	-5.313849999999999962e-01	1.045298335854765615e+00
7.837837837837837718e-01	4.388269408553346906e+00	-6.867907599999999446e-01	1.110565708522440964e+00
7.847847847847847502e-01	4.394292691100963211e+00	-7.126917200000000285e-01	1.208466767523953767e+00
7.857857857857857287e-01	4.399876991066713039e+00	-7.515431599999999879e-01	1.306367826525466569e+00
7.867867867867868181e-01	4.405675320425966213e+00	-7.450679199999999947e-01	1.339001512859304244e+00
7.877877877877877966e-01	4.411985519030648284e+00	-9.134241599999999295e-01	1.436902571860817046e+00
7.887887887887887750e-01	4.417171808970360658e+00	-9.069489200000000473e-01	1.436902571860817046e+00
7.897897897897897534e-01	4.421398576879107978e+00	-9.652260799999999863e-01	1.502169944528492396e+00
7.907907907907907319e-01	4.426300279375081637e+00	-1.055879440000000002e+00	1.534803630862329848e+00
7.917917917917918214e-01	4.431429112232196488e+00	-1.036453719999999912e+00	1.600071003530005198e+00
7.927927927927927998e-01	4.435304957090663081e+00	-1.004077520000000057e+00	1.600071003530005198e+00
7.937937937937937782e-01	4.437941186383375758e+00	-1.010552759999999939e+00	1.600071003530005198e+00
7.947947947947947567e-01	4.439893210211925734e+00	-1.042928960000000016e+00	1.665338376197680104e+00
7.957957957957957351e-01	4.440692242775151399e+00	-1.062354679999999885e+00	1.567437317196167523e+00
7.967967967967968246e-01	4.440158652683048324e+00	-9.976022799999999524e-01	1.632704689863842651e+00
7.977977977977978030e-01	4.439419071449937526e+00	-8.939984399999999498e-01	1.534803630862329848e+00
7.987987987987987815e-01	4.438995877314266814e+00	-9.263746400000000270e-01	1.502169944528492396e+00
7.997997997997997599e-01	4.437616199570488362e+00	-8.745727199999999701e-01	1.436902571860817046e+00
8.008008008008007383e-01	4.434834466467519221e+00	-8.421965199999998930e-01	1.404268885526979593e+00
8.018018018018018278e-01	4.432143138145121952e+00	-7.968698400000000515e-01	1.339001512859304244e+00
8.028028028028028062e-01	4.430020556011596611e+00	-7.644936400000000853e-01	1.175833081190116092e+00
8.038038038038037847e-01	4.427475673372883946e+00	-5.831869200000000530e-01	1.110565708522440964e+00
8.048048048048047631e-01	4.423756724389996009e+00	-4.342563999999999869e-01	1.045298335854765615e+00
8.058058058058058526e-01	4.418299396508306387e+00	-3.241773200000000466e-01	9.473972768532528121e-01
8.068068068068068310e-01	4.410954166204098748e+00	-1.752468000000000081e-01	7.842288451840646601e-01
8.078078078078078095e-01	4.402752533779705324e+00	-1.363953600000000210e-01	6.536940998487140719e-01
8.088088088088087879e-01	4.395343406216428939e+00	7.081231999999999804e-02	4.905256681795260310e-01
8.098098098098097664e-01	4.388956582263968009e+00	3.168714400000000042e-01	3.273572365103378790e-01
8.108108108108108558e-01	4.382211697856933874e+00	4.010495599999999716e-01	3.365405950579927752e-02
8.118118118118118343e-01	4.375207526484405030e+00	7.571877599999999875e-01	-6.424699949571360813e-02
8.128128128128128127e-01	4.369559212978202822e+00	8.802173200000000808e-01	-2.274154311649017046e-01
8.138138138138137911e-01	4.365280673084031449e+00	9.449697200000000130e-01	-5.537522945032778976e-01
8.148148148148147696e-01	4.361588600745168520e+00	1.242830760000000145e+00	-5.863859808371156834e-01
8.158158158158158590e-01	4.359137083428186621e+00	1.255781239999999910e+00	-6.190196671709531362e-01
8.168168168168168375e-01	4.358501746351985950e+00	1.242830760000000145e+00	-7.495544125063037244e-01
8.178178178178178159e-01	4.358253215261042257e+00	1.210454560000000068e+00	-6.842870398386284858e-01
8.188188188188187944e-01	4.356557400328541441e+00	1.249306000000000250e+00	-7.495544125063037244e-01
8.198198198198197728e-01	4.353809260752224297e+00	1.223405040000000055e+00	-6.190196671709531362e-01
8.208208208208208623e-01	4.352074155975381053e+00	1.242830760000000145e+00	-7.169207261724660496e-01
8.218218218218218407e-01	4.352084415926827710e+00	1.242830760000000145e+00	-6.516533535047908110e-01
8.228228228228228192e-01	4.352481883502206550e+00	1.249306000000000250e+00	-7.169207261724660496e-01
8.238238238238237976e-01	4.352659397080231862e+00	1.236355520000000041e+00	-6.516533535047908110e-01
8.248248248248247760e-01	4.353682407264546583e+00	8.866925599999999630e-01	-3.579501765002521818e-01
8.258258258258258655e-01	4.355952487564423770e+00	9.449697200000000130e-01	-4.558512355017650397e-01
8.268268268268268439e-01	4.359453224041597963e+00	4.399010000000000420e-01	6.628774583963688294e-02
8.278278278278278224e-01	4.364055048121449509e+00	2.715447599999999961e-01	1.968224911749873740e-01
8.288288288288288008e-01	4.367954637400059070e+00	2.132676000000000016e-01	4.252582955118507924e-01
8.298298298298297793e-01	4.370691474386000586e+00	-1.687715600000000149e-01	5.884267271810389444e-01
8.308308308308308687e-01	4.374738353142360481e+00	-3.241773200000000466e-01	7.515951588502269853e-01
8.318318318318318472e-01	4.380478880902697547e+00	-4.407316399999999801e-01	9.147635905194151373e-01
8.328328328328328256e-01	4.385752236280733740e+00	-5.313849999999999962e-01	1.012664649520927940e+00
8.338338338338338041e-01	4.390390004226270015e+00	-6.803155199999999514e-01	1.143199394856278639e+00
8.348348348348347825e-01	4.395684409265321335e+00	-7.062164799999999243e-01	1.175833081190116092e+00
8.358358358358358720e-01	4.401425979035655800e+00	-7.644936400000000853e-01	1.273734140191629116e+00
8.368368368368368504e-01	4.407040320346681028e+00	-7.450679199999999947e-01	1.339001512859304244e+00
8.378378378378378288e-01	4.413116326992118310e+00	-9.263746400000000270e-01	1.404268885526979593e+00
8.388388388388388073e-01	4.419299067299897743e+00	-8.939984399999999498e-01	1.534803630862329848e+00
8.398398398398397857e-01	4.423937361729658235e+00	-9.522755999999999998e-01	1.469536258194654943e+00
8.408408408408408752e-01	4.427226127214805018e+00	-1.055879440000000002e+00	1.567437317196167523e+00
8.418418418418418536e-01	4.430956348334953887e+00	-1.029978480000000030e+00	1.534803630862329848e+00
8.428428428428428321e-01	4.435149810591611619e+00	-1.004077520000000057e+00	1.632704689863842651e+00
8.438438438438438105e-01	4.438238984916282881e+00	-1.023503240000000147e+00	1.534803630862329848e+00
8.448448448448447889e-01	4.439898241366507570e+00	-1.062354679999999885e+00	1.600071003530005198e+00
8.458458458458458784e-01	4.441050926334699334e+00	-1.049404199999999898e+00	1.567437317196167523e+00
8.468468468468468568e-01	4.441956323114346183e+00	-9.911270399999999592e-01	1.567437317196167523e+00
8.478478478478478353e-01	4.441987304138966586e+00	-9.069489200000000473e-01	1.567437317196167523e+00
8.488488488488488137e-01	4.440750155019955514e+00	-9.328498800000000202e-01	1.502169944528492396e+00
8.498498498498497922e-01	4.438575228474167744e+00	-8.875231999999999566e-01	1.502169944528492396e+00
8.508508508508508816e-01	4.435892816680014228e+00	-8.421965199999998930e-01	1.339001512859304244e+00
8.518518518518518601e-01	4.433020641762591474e+00	-7.903945999999999472e-01	1.339001512859304244e+00
8.528528528528528385e-01	4.430279731329645365e+00	-7.774441199999999608e-01	1.143199394856278639e+00
8.538538538538538170e-01	4.427106110773482150e+00	-5.767116799999999488e-01	1.143199394856278639e+00
8.548548548548547954e-01	4.422816033128947666e+00	-4.407316399999999801e-01	1.012664649520927940e+00
8.558558558558558849e-01	4.417966557627513779e+00	-3.436030400000000262e-01	9.147635905194151373e-01
8.568568568568568633e-01	4.412157361302992520e+00	-1.687715600000000149e-01	7.842288451840646601e-01
8.578578578578578417e-01	4.404282774233996278e+00	-1.493458400000000075e-01	6.536940998487140719e-01
8.588588588588588202e-01	4.395755770323070521e+00	9.023803999999999159e-02	3.926246091780131731e-01
8.598598598598597986e-01	4.388471532717708179e+00	3.039209600000000178e-01	3.273572365103378790e-01
8.608608608608608881e-01	4.381879739837668097e+00	3.880990800000000407e-01	6.628774583963688294e-02
8.618618618618618665e-01	4.374914872447932979e+00	7.442372800000001121e-01	-3.161331316187596802e-02
8.628628628628628450e-01	4.368629530697554664e+00	8.672668400000000943e-01	-2.600491174987393794e-01
8.638638638638638234e-01	4.365012580559511690e+00	9.449697200000000130e-01	-5.211186081694403338e-01
8.648648648648649129e-01	4.363316875298978381e+00	1.242830760000000145e+00	-6.190196671709531362e-01
8.658658658658658913e-01	4.361038292611778111e+00	1.262256480000000014e+00	-6.516533535047908110e-01
8.668668668668668698e-01	4.358261691038346264e+00	1.242830760000000145e+00	-7.821880988401412882e-01
8.678678678678678482e-01	4.356313962412581731e+00	1.210454560000000068e+00	-6.516533535047908110e-01
8.688688688688688266e-01	4.354596746796827844e+00	1.262256480000000014e+00	-7.169207261724660496e-01
8.698698698698699161e-01	4.352670948071082790e+00	1.223405040000000055e+00	-6.842870398386284858e-01
8.708708708708708945e-01	4.351532801031250841e+00	1.236355520000000041e+00	-6.842870398386284858e-01
8.718718718718718730e-01	4.351653635133567732e+00	1.229880280000000159e+00	-7.169207261724660496e-01
8.728728728728728514e-01	4.352672534119481185e+00	1.249306000000000250e+00	-7.169207261724660496e-01
8.738738738738738299e-01	4.353873328231328443e+00	1.229880280000000159e+00	-7.169207261724660496e-01
8.748748748748749193e-01	4.354752569364769066e+00	8.931677999999999562e-01	-2.926828038325769432e-01
8.758758758758758978e-01	4.355790524890067239e+00	9.449697200000000130e-01	-4.232175491679274204e-01
8.768768768768768762e-01	4.357859733402206892e+00	4.399010000000000420e-01	3.365405950579927752e-02
8.778778778778778547e-01	4.361303826726881994e+00	2.585942800000000097e-01	1.315551185073121632e-01
8.788788788788788331e-01	4.365572798547871614e+00	2.003171200000000152e-01	3.926246091780131731e-01
8.798798798798799226e-01	4.369797301400490497e+00	-1.881972800000000223e-01	6.210604135148766192e-01
8.808808808808809010e-01	4.373895768297478170e+00	-3.047516000000000114e-01	7.515951588502269853e-01
8.818818818818818794e-01	4.378558875051892230e+00	-4.407316399999999801e-01	9.147635905194151373e-01
8.828828828828828579e-01	4.383989674473641074e+00	-5.378602399999999895e-01	9.473972768532528121e-01
8.838838838838838363e-01	4.389422525438694045e+00	-6.867907599999999446e-01	1.110565708522440964e+00
8.848848848848849258e-01	4.394557033504712606e+00	-7.321174399999998972e-01	1.175833081190116092e+00
8.858858858858859042e-01	4.399950947883349173e+00	-7.256422000000000150e-01	1.339001512859304244e+00
8.868868868868868827e-01	4.405530871558990924e+00	-7.580183999999999811e-01	1.371635199193141919e+00
8.878878878878878611e-01	4.411225016675352606e+00	-9.198994000000000337e-01	1.469536258194654943e+00
8.888888888888888395e-01	4.417774159768468323e+00	-9.004736800000000541e-01	1.436902571860817046e+00
8.898898898898899290e-01	4.424214923334508498e+00	-9.458003599999998956e-01	1.600071003530005198e+00
8.908908908908909074e-01	4.428685111462501212e+00	-1.062354679999999885e+00	1.534803630862329848e+00
8.918918918918918859e-01	4.432018644452489831e+00	-1.042928960000000016e+00	1.567437317196167523e+00
8.928928928928928643e-01	4.435448011505696897e+00	-9.976022799999999524e-01	1.600071003530005198e+00
8.938938938938938428e-01	4.438278490045176383e+00	-1.017028000000000043e+00	1.600071003530005198e+00
8.948948948948949322e-01	4.439995473353779865e+00	-1.055879440000000002e+00	1.600071003530005198e+00
8.958958958958959107e-01	4.440587954873663534e+00	-1.049404199999999898e+00	1.567437317196167523e+00
8.968968968968968891e-01	4.440238374846754432e+00	-1.010552759999999939e+00	1.534803630862329848e+00
8.978978978978978676e-01	4.439707495197062315e+00	-8.939984399999999498e-01	1.567437317196167523e+00
8.988988988988988460e-01	4.439251636620045183e+00	-9.263746400000000270e-01	1.534803630862329848e+00
8.998998998998999355e-01	4.438499011278834949e+00	-8.810479599999999634e-01	1.502169944528492396e+00
9.009009009009009139e-01	4.437401965618495758e+00	-8.421965199999998930e-01	1.371635199193141919e+00
9.019019019019018923e-01	4.435757753876488074e+00	-7.839193599999999540e-01	1.339001512859304244e+00
9.029029029029028708e-01	4.432759621257105209e+00	-7.709688800000000786e-01	1.241100453857791219e+00
9.039039039039038492e-01	4.428323119312701728e+00	-5.637612000000000734e-01	1.143199394856278639e+00
9.049049049049049387e-01	4.423154653223108745e+00	-4.213059199999999449e-01	1.045298335854765615e+00
9.059059059059059171e-01	4.417127304006863042e+00	-3.371277999999999775e-01	9.147635905194151373e-01
9.069069069069068956e-01	4.410154817100172764e+00	-1.558210800000000007e-01	7.842288451840646601e-01
9.079079079079078740e-01	4.403083154839460889e+00	-1.493458400000000075e-01	6.536940998487140719e-01
9.089089089089088525e-01	4.395723439427647428e+00	9.023803999999999159e-02	4.578919818456884672e-01
9.099099099099099419e-01	4.387308592977007926e+00	3.298219200000001017e-01	3.599909228441755538e-01
9.109109109109109204e-01	4.379058136833806181e+00	3.686733600000000055e-01	6.628774583963688294e-02
9.119119119119118988e-01	4.373055865128234743e+00	7.442372800000001121e-01	-3.161331316187596802e-02
9.129129129129128772e-01	4.369700726448622063e+00	8.607915999999999901e-01	-2.600491174987393794e-01
9.139139139139138557e-01	4.367293299059964440e+00	9.449697200000000130e-01	-4.884849218356027145e-01
9.149149149149149451e-01	4.363893080945786984e+00	1.229880280000000159e+00	-5.537522945032778976e-01
9.159159159159159236e-01	4.360085609517066807e+00	1.262256480000000014e+00	-6.190196671709531362e-01
9.169169169169169020e-01	4.357915038555780995e+00	1.249306000000000250e+00	-7.495544125063037244e-01
9.179179179179178805e-01	4.357240276190786687e+00	1.210454560000000068e+00	-5.863859808371156834e-01
9.189189189189188589e-01	4.356100456045415292e+00	1.236355520000000041e+00	-7.495544125063037244e-01
9.199199199199199484e-01	4.353920236505656405e+00	1.216929799999999950e+00	-6.190196671709531362e-01
9.209209209209209268e-01	4.352057107750859188e+00	1.229880280000000159e+00	-7.495544125063037244e-01
9.219219219219219053e-01	4.351595145046616153e+00	1.229880280000000159e+00	-6.516533535047908110e-01
9.229229229229228837e-01	4.352204761702594737e+00	1.229880280000000159e+00	-6.516533535047908110e-01
9.239239239239238621e-01	4.352974980318458975e+00	1.229880280000000159e+00	-6.842870398386284858e-01
9.249249249249249516e-01	4.353689475427002797e+00	8.802173200000000808e-01	-3.905838628340898566e-01
9.259259259259259300e-01	4.355384614445145353e+00	9.449697200000000130e-01	-4.884849218356027145e-01
9.269269269269269085e-01	4.358851581436602451e+00	4.269505200000000000e-01	3.365405950579927752e-02
9.279279279279278869e-01	4.362964926449540037e+00	2.391685600000000023e-01	1.315551185073121632e-01
9.289289289289288654e-01	4.366539292288357466e+00	1.938418799999999942e-01	3.599909228441755538e-01
9.299299299299299548e-01	4.370272878667904592e+00	-1.946725200000000155e-01	5.884267271810389444e-01
9.309309309309309333e-01	4.374632156688993412e+00	-2.982763600000000181e-01	7.515951588502269853e-01
9.319319319319319117e-01	4.379062444303965407e+00	-4.536821200000000776e-01	9.147635905194151373e-01
9.329329329329328901e-01	4.383622982963284898e+00	-5.313849999999999962e-01	9.473972768532528121e-01
9.339339339339339796e-01	4.388434598948443899e+00	-6.932660000000000489e-01	1.241100453857791219e+00
9.349349349349349581e-01	4.393511727885721641e+00	-7.126917200000000285e-01	1.273734140191629116e+00
9.359359359359359365e-01	4.399520449563683933e+00	-7.580183999999999811e-01	1.273734140191629116e+00
9.369369369369369149e-01	4.406314908774199957e+00	-7.580183999999999811e-01	1.339001512859304244e+00
9.379379379379378934e-01	4.412286866793989404e+00	-9.004736800000000541e-01	1.436902571860817046e+00
9.389389389389389828e-01	4.416624308385810771e+00	-8.939984399999999498e-01	1.502169944528492396e+00
9.399399399399399613e-01	4.420783387231964845e+00	-9.652260799999999863e-01	1.534803630862329848e+00
9.409409409409409397e-01	4.426436628244534432e+00	-1.062354679999999885e+00	1.534803630862329848e+00
9.419419419419419182e-01	4.432309836062103159e+00	-1.036453719999999912e+00	1.567437317196167523e+00
9.429429429429428966e-01	4.435870719888366231e+00	-1.010552759999999939e+00	1.632704689863842651e+00
9.439439439439439861e-01	4.437453810200429061e+00	-1.017028000000000043e+00	1.534803630862329848e+00
9.449449449449449645e-01	4.438871350845863262e+00	-1.068829919999999989e+00	1.632704689863842651e+00
9.459459459459459429e-01	4.440226709753318346e+00	-1.055879440000000002e+00	1.534803630862329848e+00
9.469469469469469214e-01	4.440705913502501545e+00	-9.976022799999999524e-01	1.600071003530005198e+00
9.479479479479478998e-01	4.440190579474278643e+00	-9.069489200000000473e-01	1.600071003530005198e+00
9.489489489489489893e-01	4.439243238053221852e+00	-9.198994000000000337e-01	1.502169944528492396e+00
9.499499499499499677e-01	4.438470817025494064e+00	-8.939984399999999498e-01	1.469536258194654943e+00
9.509509509509509462e-01	4.437821173793564888e+00	-8.421965199999998930e-01	1.404268885526979593e+00
9.519519519519519246e-01	4.436280190549188873e+00	-7.903945999999999472e-01	1.339001512859304244e+00
9.529529529529529031e-01	4.432761837063125654e+00	-7.515431599999999879e-01	1.208466767523953767e+00
9.539539539539539925e-01	4.427725759819443496e+00	-5.767116799999999488e-01	1.143199394856278639e+00
9.549549549549549710e-01	4.422722150211916947e+00	-4.342563999999999869e-01	1.012664649520927940e+00
9.559559559559559494e-01	4.417679958004099738e+00	-3.306525599999999843e-01	8.821299041855775735e-01
9.569569569569569278e-01	4.411074908501563918e+00	-1.817220400000000013e-01	7.515951588502269853e-01
9.579579579579579063e-01	4.402873656638909949e+00	-1.428706000000000143e-01	6.536940998487140719e-01
9.589589589589589957e-01	4.394817171179846049e+00	8.376279999999999837e-02	4.578919818456884672e-01
9.599599599599599742e-01	4.388012928183075978e+00	3.168714400000000042e-01	2.620898638426626404e-01
9.609609609609609526e-01	4.381902944059488547e+00	3.816238400000000475e-01	6.628774583963688294e-02
9.619619619619619311e-01	4.375730195531343902e+00	7.312868000000000146e-01	-6.424699949571360813e-02
9.629629629629629095e-01	4.369428904509855549e+00	8.672668400000000943e-01	-2.600491174987393794e-01
9.639639639639639990e-01	4.363924668313168276e+00	9.384944800000000198e-01	-5.211186081694403338e-01
9.649649649649649774e-01	4.361006494492962737e+00	1.249306000000000250e+00	-5.863859808371156834e-01
9.659659659659659559e-01	4.360059599567472688e+00	1.255781239999999910e+00	-6.190196671709531362e-01
9.669669669669669343e-01	4.357942915184218613e+00	1.229880280000000159e+00	-7.821880988401412882e-01
9.679679679679679127e-01	4.354910478626058179e+00	1.216929799999999950e+00	-6.516533535047908110e-01
9.689689689689690022e-01	4.353801650148391822e+00	1.236355520000000041e+00	-7.169207261724660496e-01
9.699699699699699806e-01	4.353706989535832683e+00	1.223405040000000055e+00	-5.863859808371156834e-01
9.709709709709709591e-01	4.352440379626643541e+00	1.236355520000000041e+00	-7.495544125063037244e-01
9.719719719719719375e-01	4.351022647280941236e+00	1.223405040000000055e+00	-6.190196671709531362e-01
9.729729729729729160e-01	4.350531225485168463e+00	1.236355520000000041e+00	-7.495544125063037244e-01
9.739739739739740054e-01	4.350768725873240150e+00	1.216929799999999950e+00	-6.516533535047908110e-01
9.749749749749749839e-01	4.352474800267460253e+00	9.190687600000001511e-01	-3.253164901664145625e-01
9.759759759759759623e-01	4.355812952004211702e+00	9.514449600000001173e-01	-4.884849218356027145e-01
9.769769769769769407e-01	4.359449614312585375e+00	4.334257600000001043e-01	3.365405950579927752e-02
9.779779779779779192e-01	4.362601155540364317e+00	2.391685600000000023e-01	9.892143217347457163e-02
9.789789789789790087e-01	4.365838481051739883e+00	2.067923600000000084e-01	3.926246091780131731e-01
9.799799799799799871e-01	4.370354455704152485e+00	-1.687715600000000149e-01	6.210604135148766192e-01
9.809809809809809655e-01	4.375729924943104088e+00	-3.241773200000000466e-01	7.515951588502269853e-01
9.819819819819819440e-01	4.379773108425522921e+00	-4.472068799999999733e-01	9.147635905194151373e-01
9.829829829829829224e-01	4.382755317254455107e+00	-5.378602399999999895e-01	1.012664649520927940e+00
9.839839839839840119e-01	4.387434458902336409e+00	-6.738402799999999582e-01	1.077932022188603289e+00
9.849849849849849903e-01	4.394274532165111324e+00	-7.126917200000000285e-01	1.208466767523953767e+00
9.859859859859859688e-01	4.401465203999292086e+00	-7.644936400000000853e-01	1.339001512859304244e+00
9.869869869869869472e-01	4.407623881385912767e+00	-7.580183999999999811e-01	1.306367826525466569e+00
9.879879879879879256e-01	4.412491100814754041e+00	-9.393251199999999024e-01	1.404268885526979593e+00
9.889889889889890151e-01	4.417207578164712878e+00	-9.134241599999999295e-01	1.436902571860817046e+00
9.899899899899899935e-01	4.422631361250985549e+00	-9.587508399999999931e-01	1.534803630862329848e+00
9.909909909909909720e-01	4.427482524968504585e+00	-1.062354679999999885e+00	1.534803630862329848e+00
9.919919919919919504e-01	4.431054023085659210e+00	-1.036453719999999912e+00	1.567437317196167523e+00
9.929929929929930399e-01	4.434866557774735263e+00	-1.004077520000000057e+00	1.567437317196167523e+00
9.939939939939940183e-01	4.438958936890726292e+00	-1.017028000000000043e+00	1.534803630862329848e+00
9.949949949949949968e-01	4.441341360514066139e+00	-1.049404199999999898e+00	1.600071003530005198e+00
9.959959959959959752e-01	4.441651672316549337e+00	-1.049404199999999898e+00	1.567437317196167523e+00
9.969969969969969537e-01	4.441108059914703254e+00	-9.976022799999999524e-01	1.567437317196167523e+00
9.979979979979980431e-01	4.440171942563031493e+00	-9.198994000000000337e-01	1.567437317196167523e+00
9.989989989989990216e-01	4.438542127061158027e+00	-9.328498800000000202e-01	1.436902571860817046e+00
1.000000000000000000e+00	4.436321320499879484e+00	-8.875231999999999566e-01	1.502169944528492396e+00
