Time(s)\disp(mm)\Force(Lb)\Force(Lb)
0.000000000000000000e+00	4.404540128547380640e+00	-6.220383600000000124e-01	1.241100453857791219e+00
1.001001001001000992e-03	4.413772884864319401e+00	-6.026126399999999217e-01	1.012664649520927940e+00
2.002002002002001985e-03	4.420467922283510376e+00	-5.054840400000000233e-01	1.077932022188603289e+00
3.003003003003002977e-03	4.423610741175262540e+00	-4.601573600000000153e-01	1.012664649520927940e+00
4.004004004004003969e-03	4.423549544542296985e+00	-2.335239600000000026e-01	9.147635905194151373e-01
5.005005005005004962e-03	4.421386893200813795e+00	-1.169696400000000136e-01	7.189614725163894215e-01
6.006006006006005954e-03	4.417568101869030706e+00	3.298219200000001017e-01	3.599909228441755538e-01
7.007007007007006946e-03	4.411510437858648714e+00	5.888315200000000527e-01	1.968224911749873740e-01
8.008008008008007939e-03	4.402702876147245092e+00	7.183363200000001392e-01	1.020373171961676869e-03
9.009009009009008931e-03	4.391866541188700346e+00	1.113325960000000059e+00	-2.926828038325769432e-01
1.001001001001000992e-02	4.382458623829171174e+00	8.089896800000000443e-01	-5.211186081694403338e-01
1.101101101101101092e-02	4.378262308902521660e+00	8.931677999999999562e-01	6.628774583963688294e-02
1.201201201201201191e-02	4.378281651241240802e+00	1.145702159999999914e+00	-8.800891578416540906e-01
1.301301301301301290e-02	4.378332592275271828e+00	8.543163600000001079e-01	-2.926828038325769432e-01
1.401401401401401389e-02	4.376751835014175640e+00	1.055048800000000009e+00	-4.884849218356027145e-01
1.501501501501501488e-02	4.375624371157422310e+00	3.233466799999999974e-01	-2.274154311649017046e-01
1.601601601601601588e-02	4.377562373516449057e+00	7.081231999999999804e-02	3.599909228441755538e-01
1.701701701701701513e-02	4.382603504763197044e+00	-3.177020799999999978e-01	7.189614725163894215e-01
1.801801801801801786e-02	4.389283356467532649e+00	-4.277811600000000491e-01	9.800309631870904870e-01
1.901901901901902059e-02	4.396963671758082448e+00	-6.608898000000000827e-01	1.143199394856278639e+00
2.002002002002001985e-02	4.405127884965236440e+00	-6.414640799999999921e-01	1.175833081190116092e+00
2.102102102102101910e-02	4.412549742066094183e+00	-5.896621600000000463e-01	1.012664649520927940e+00
2.202202202202202183e-02	4.417938557499336838e+00	-5.184345200000000098e-01	1.045298335854765615e+00
2.302302302302302456e-02	4.420926557975065840e+00	-4.601573600000000153e-01	9.147635905194151373e-01
2.402402402402402382e-02	4.422247223661953441e+00	-2.335239600000000026e-01	9.473972768532528121e-01
2.502502502502502307e-02	4.421988026602818422e+00	-1.428706000000000143e-01	7.189614725163894215e-01
2.602602602602602580e-02	4.418711482206693297e+00	3.039209600000000178e-01	3.273572365103378790e-01
2.702702702702702853e-02	4.411424176076680581e+00	5.888315200000000527e-01	1.641888048411497825e-01
2.802802802802802778e-02	4.401326692150964170e+00	7.248115600000000214e-01	3.365405950579927752e-02
2.902902902902902704e-02	4.390946623048627373e+00	1.126276440000000045e+00	-2.600491174987393794e-01
3.003003003003002977e-02	4.382881504030231135e+00	9.643954399999999927e-01	-4.884849218356027145e-01
3.103103103103103250e-02	4.378849946945704730e+00	8.996430400000000605e-01	1.315551185073121632e-01
3.203203203203203175e-02	4.377956909461031110e+00	1.171603120000000109e+00	-9.127228441754917654e-01
3.303303303303303101e-02	4.377399393015987350e+00	8.737420800000000876e-01	-2.926828038325769432e-01
3.403403403403403027e-02	4.375768339204763713e+00	1.061524040000000113e+00	-5.211186081694403338e-01
3.503503503503503647e-02	4.374781440660851395e+00	3.427723999999999771e-01	-2.274154311649017046e-01
3.603603603603603572e-02	4.377097246714166445e+00	5.786183999999999772e-02	4.252582955118507924e-01
3.703703703703703498e-02	4.382739798992819402e+00	-3.112268400000000046e-01	7.515951588502269853e-01
3.803803803803804118e-02	4.389712191371162753e+00	-4.342563999999999869e-01	9.800309631870904870e-01
3.903903903903904044e-02	4.396988836876919216e+00	-6.608898000000000827e-01	1.175833081190116092e+00
4.004004004004003969e-02	4.404692713205482058e+00	-6.349888400000001099e-01	1.241100453857791219e+00
4.104104104104103895e-02	4.412262457123451220e+00	-6.026126399999999217e-01	1.077932022188603289e+00
4.204204204204203821e-02	4.418448042294500056e+00	-5.119592800000000166e-01	1.045298335854765615e+00
4.304304304304304440e-02	4.422625102512085071e+00	-4.601573600000000153e-01	9.147635905194151373e-01
4.404404404404404366e-02	4.424643619229954083e+00	-2.399992000000000236e-01	8.494962178517398987e-01
4.504504504504504292e-02	4.423793020341524773e+00	-1.363953600000000210e-01	7.515951588502269853e-01
4.604604604604604912e-02	4.418878021741184270e+00	3.362971600000000394e-01	3.599909228441755538e-01
4.704704704704704837e-02	4.410604645125606460e+00	5.888315200000000527e-01	1.315551185073121632e-01
4.804804804804804763e-02	4.401276481095501403e+00	7.312868000000000146e-01	-6.424699949571360813e-02
4.904904904904904689e-02	4.391549748726757407e+00	1.119801199999999941e+00	-3.253164901664145625e-01
5.005005005005004615e-02	4.382179875398648505e+00	9.902964000000000766e-01	-4.558512355017650397e-01
5.105105105105105234e-02	4.376050723828000422e+00	8.802173200000000808e-01	9.892143217347457163e-02
5.205205205205205160e-02	4.374689693437162852e+00	1.165127880000000005e+00	-8.474554715078166378e-01
5.305305305305305086e-02	4.376028142016812339e+00	8.543163600000001079e-01	-2.600491174987393794e-01
5.405405405405405705e-02	4.376837089092551203e+00	1.055048800000000009e+00	-4.558512355017650397e-01
5.505505505505505631e-02	4.376608260045038890e+00	3.103962000000000110e-01	-2.600491174987393794e-01
5.605605605605605557e-02	4.378133740560666176e+00	6.433707999999999094e-02	3.926246091780131731e-01
5.705705705705705483e-02	4.383186398845307252e+00	-3.306525599999999843e-01	7.515951588502269853e-01
5.805805805805805409e-02	4.389951677273207231e+00	-4.472068799999999733e-01	9.800309631870904870e-01
5.905905905905906028e-02	4.396664195527153041e+00	-6.673650399999999649e-01	1.110565708522440964e+00
6.006006006006005954e-02	4.403892014806454647e+00	-6.414640799999999921e-01	1.143199394856278639e+00
6.106106106106105880e-02	4.411254639079952966e+00	-6.155631200000000192e-01	9.800309631870904870e-01
6.206206206206206499e-02	4.417158258777530655e+00	-5.249097599999998920e-01	1.077932022188603289e+00
6.306306306306305731e-02	4.421469453254019299e+00	-4.601573600000000153e-01	9.473972768532528121e-01
6.406406406406406351e-02	4.423983109002226577e+00	-2.464744400000000168e-01	8.821299041855775735e-01
6.506506506506506970e-02	4.423371179634727923e+00	-1.493458400000000075e-01	7.515951588502269853e-01
6.606606606606606202e-02	4.419112734045300250e+00	3.233466799999999974e-01	3.926246091780131731e-01
6.706706706706706822e-02	4.411782272334844102e+00	5.758810400000000662e-01	1.641888048411497825e-01
6.806806806806806054e-02	4.402201428358272217e+00	7.312868000000000146e-01	1.020373171961676869e-03
6.906906906906906674e-02	4.391596669617090498e+00	1.113325960000000059e+00	-2.926828038325769432e-01
7.007007007007007293e-02	4.382249967526997025e+00	8.737420800000000876e-01	-5.211186081694403338e-01
7.107107107107106525e-02	4.377100637566374353e+00	8.931677999999999562e-01	6.628774583963688294e-02
7.207207207207207145e-02	4.376689615123775745e+00	1.158652640000000122e+00	-8.800891578416540906e-01
7.307307307307307764e-02	4.377208937565063351e+00	8.737420800000000876e-01	-2.600491174987393794e-01
7.407407407407406996e-02	4.375640087432827841e+00	1.048573559999999905e+00	-4.558512355017650397e-01
7.507507507507507616e-02	4.374328061026252712e+00	3.298219200000001017e-01	-2.274154311649017046e-01
7.607607607607608236e-02	4.376624985393425149e+00	5.138659999999999756e-02	3.926246091780131731e-01
7.707707707707707467e-02	4.382305110531851788e+00	-3.371277999999999775e-01	7.189614725163894215e-01
7.807807807807808087e-02	4.389328589348065357e+00	-4.536821200000000776e-01	9.800309631870904870e-01
7.907907907907907319e-02	4.396704925557842536e+00	-6.803155199999999514e-01	1.110565708522440964e+00
8.008008008008007939e-02	4.404121164945324018e+00	-6.414640799999999921e-01	1.175833081190116092e+00
8.108108108108108558e-02	4.411055191779396978e+00	-6.026126399999999217e-01	1.012664649520927940e+00
8.208208208208207790e-02	4.417242801299321009e+00	-5.378602399999999895e-01	1.045298335854765615e+00
8.308308308308308410e-02	4.421789051596789477e+00	-4.536821200000000776e-01	1.012664649520927940e+00
8.408408408408407642e-02	4.423246703732616858e+00	-2.399992000000000236e-01	8.168625315179022239e-01
8.508508508508508261e-02	4.421653036878663734e+00	-1.493458400000000075e-01	7.189614725163894215e-01
8.608608608608608881e-02	4.417592135132083264e+00	2.974457200000000245e-01	3.273572365103378790e-01
8.708708708708708113e-02	4.410898909940154766e+00	5.694058000000000730e-01	1.968224911749873740e-01
8.808808808808808732e-02	4.402025161948748710e+00	7.183363200000001392e-01	3.365405950579927752e-02
8.908908908908909352e-02	4.391924143302333050e+00	1.093900239999999968e+00	-2.600491174987393794e-01
9.009009009009008584e-02	4.382319098607743157e+00	1.093900239999999968e+00	-5.537522945032778976e-01
9.109109109109109204e-02	4.376855513279477528e+00	8.866925599999999630e-01	1.641888048411497825e-01
9.209209209209209823e-02	4.376451095048824236e+00	1.178078360000000213e+00	-9.127228441754917654e-01
9.309309309309309055e-02	4.376679498741462560e+00	8.413658800000000104e-01	-3.253164901664145625e-01
9.409409409409409675e-02	4.375329365942060456e+00	1.042098320000000022e+00	-4.232175491679274204e-01
9.509509509509508907e-02	4.375240751965141506e+00	3.492476399999999703e-01	-2.600491174987393794e-01
9.609609609609609526e-02	4.377891478983116258e+00	5.138659999999999756e-02	4.252582955118507924e-01
9.709709709709710146e-02	4.382376536301340053e+00	-3.436030400000000262e-01	7.189614725163894215e-01
9.809809809809809378e-02	4.388731192739647291e+00	-4.472068799999999733e-01	9.473972768532528121e-01
9.909909909909909997e-02	4.397036390861764232e+00	-6.673650399999999649e-01	1.110565708522440964e+00
1.001001001001000923e-01	4.405602695576273931e+00	-6.479393199999999853e-01	1.175833081190116092e+00
1.011011011011010985e-01	4.412340395905863133e+00	-6.026126399999999217e-01	1.012664649520927940e+00
1.021021021021021047e-01	4.417314568420739995e+00	-5.249097599999998920e-01	1.077932022188603289e+00
1.031031031031030970e-01	4.421273560402902092e+00	-4.731078399999999462e-01	1.012664649520927940e+00
1.041041041041041032e-01	4.423007281232886889e+00	-2.399992000000000236e-01	9.147635905194151373e-01
1.051051051051051094e-01	4.421788069055774706e+00	-1.299201200000000000e-01	7.842288451840646601e-01
1.061061061061061017e-01	4.418120547579169610e+00	3.233466799999999974e-01	3.599909228441755538e-01
1.071071071071071079e-01	4.411440563501242806e+00	5.888315200000000527e-01	1.968224911749873740e-01
1.081081081081081141e-01	4.401603176055572497e+00	7.118610800000001460e-01	6.628774583963688294e-02
1.091091091091091064e-01	4.390211900618433916e+00	1.113325960000000059e+00	-2.600491174987393794e-01
1.101101101101101126e-01	4.380140824370367447e+00	9.125935200000000469e-01	-4.884849218356027145e-01
1.111111111111111049e-01	4.374878339803606409e+00	8.737420800000000876e-01	6.628774583963688294e-02
1.121121121121121111e-01	4.374888328628593115e+00	1.139226920000000032e+00	-9.453565305093293292e-01
1.131131131131131173e-01	4.376036739972801293e+00	8.478411200000001147e-01	-2.926828038325769432e-01
1.141141141141141097e-01	4.375175262682638788e+00	1.029147840000000036e+00	-5.537522945032778976e-01
1.151151151151151159e-01	4.374383634614019023e+00	3.168714400000000042e-01	-2.274154311649017046e-01
1.161161161161161082e-01	4.377033443240399890e+00	4.491135999999999739e-02	3.599909228441755538e-01
1.171171171171171144e-01	4.383143866597515093e+00	-3.436030400000000262e-01	7.515951588502269853e-01
1.181181181181181206e-01	4.390688088735883454e+00	-4.536821200000000776e-01	9.473972768532528121e-01
1.191191191191191129e-01	4.398307659015054938e+00	-6.738402799999999582e-01	1.110565708522440964e+00
1.201201201201201191e-01	4.405591975929886495e+00	-6.285136000000000056e-01	1.208466767523953767e+00
1.211211211211211253e-01	4.412309010988638036e+00	-6.155631200000000192e-01	1.012664649520927940e+00
1.221221221221221176e-01	4.417931056592437677e+00	-5.249097599999998920e-01	1.045298335854765615e+00
1.231231231231231238e-01	4.421863312612695829e+00	-4.536821200000000776e-01	9.473972768532528121e-01
1.241241241241241300e-01	4.423500848998437540e+00	-2.464744400000000168e-01	8.494962178517398987e-01
1.251251251251251362e-01	4.422462717863586690e+00	-1.363953600000000210e-01	8.168625315179022239e-01
1.261261261261261146e-01	4.418724429963520883e+00	3.103962000000000110e-01	3.926246091780131731e-01
1.271271271271271208e-01	4.411821051023793849e+00	5.758810400000000662e-01	1.968224911749873740e-01
1.281281281281281270e-01	4.401668091133259963e+00	7.118610800000001460e-01	1.020373171961676869e-03
1.291291291291291332e-01	4.390599748394791391e+00	1.080949760000000204e+00	-2.926828038325769432e-01
1.301301301301301394e-01	4.382492873239375086e+00	1.035623080000000140e+00	-4.232175491679274204e-01
1.311311311311311179e-01	4.378861609061872606e+00	8.737420800000000876e-01	9.892143217347457163e-02
1.321321321321321240e-01	4.377438228934265929e+00	1.158652640000000122e+00	-8.800891578416540906e-01
1.331331331331331302e-01	4.376003584113077771e+00	8.413658800000000104e-01	-2.274154311649017046e-01
1.341341341341341364e-01	4.375087276006862425e+00	1.042098320000000022e+00	-4.558512355017650397e-01
1.351351351351351426e-01	4.375617433093315967e+00	3.103962000000000110e-01	-2.600491174987393794e-01
1.361361361361361211e-01	4.377520529278990047e+00	3.843611999999999723e-02	4.578919818456884672e-01
1.371371371371371273e-01	4.381628719590551668e+00	-3.436030400000000262e-01	7.189614725163894215e-01
1.381381381381381335e-01	4.388689914609989806e+00	-4.601573600000000153e-01	1.012664649520927940e+00
1.391391391391391397e-01	4.396964832848970772e+00	-6.932660000000000489e-01	1.077932022188603289e+00
1.401401401401401459e-01	4.404548603198603196e+00	-6.479393199999999853e-01	1.175833081190116092e+00
1.411411411411411521e-01	4.411008494403794167e+00	-6.090878800000000259e-01	1.045298335854765615e+00
1.421421421421421305e-01	4.416153201947595086e+00	-5.249097599999998920e-01	1.045298335854765615e+00
1.431431431431431367e-01	4.420136617699538029e+00	-4.731078399999999462e-01	9.473972768532528121e-01
1.441441441441441429e-01	4.422666018150723133e+00	-2.594249200000000033e-01	8.494962178517398987e-01
1.451451451451451491e-01	4.422414427909199475e+00	-1.493458400000000075e-01	7.515951588502269853e-01
1.461461461461461553e-01	4.418820426255686051e+00	2.974457200000000245e-01	3.926246091780131731e-01
1.471471471471471337e-01	4.412164774803532197e+00	5.758810400000000662e-01	1.968224911749873740e-01
1.481481481481481399e-01	4.402763299657852514e+00	7.118610800000001460e-01	3.365405950579927752e-02
1.491491491491491461e-01	4.391931117390233119e+00	1.100375480000000072e+00	-2.600491174987393794e-01
1.501501501501501523e-01	4.382516469238613155e+00	1.029147840000000036e+00	-4.884849218356027145e-01
1.511511511511511585e-01	4.378056870178313353e+00	8.607915999999999901e-01	1.641888048411497825e-01
1.521521521521521647e-01	4.378710510703854197e+00	1.158652640000000122e+00	-9.127228441754917654e-01
1.531531531531531432e-01	4.379500648418988895e+00	8.413658800000000104e-01	-1.947817448310640853e-01
1.541541541541541493e-01	4.377466254548536995e+00	1.022672600000000154e+00	-4.558512355017650397e-01
1.551551551551551555e-01	4.375512316458287643e+00	3.233466799999999974e-01	-2.274154311649017046e-01
1.561561561561561617e-01	4.377028773997020394e+00	3.843611999999999723e-02	3.926246091780131731e-01
1.571571571571571679e-01	4.382107776814289757e+00	-3.371277999999999775e-01	7.842288451840646601e-01
1.581581581581581464e-01	4.389261467760134039e+00	-4.536821200000000776e-01	1.077932022188603289e+00
1.591591591591591526e-01	4.397541027861051610e+00	-6.803155199999999514e-01	1.110565708522440964e+00
1.601601601601601588e-01	4.405792816729061201e+00	-6.285136000000000056e-01	1.241100453857791219e+00
1.611611611611611650e-01	4.412926755116663102e+00	-6.090878800000000259e-01	9.800309631870904870e-01
1.621621621621621712e-01	4.418988988203015111e+00	-5.313849999999999962e-01	1.077932022188603289e+00
1.631631631631631496e-01	4.423105256147904285e+00	-4.666325999999999530e-01	1.012664649520927940e+00
1.641641641641641558e-01	4.423643261974762098e+00	-2.529496800000000101e-01	8.821299041855775735e-01
1.651651651651651620e-01	4.421084155963268536e+00	-1.428706000000000143e-01	7.842288451840646601e-01
1.661661661661661682e-01	4.416812020494992552e+00	3.039209600000000178e-01	3.926246091780131731e-01
1.671671671671671744e-01	4.410486924591794811e+00	5.888315200000000527e-01	1.641888048411497825e-01
1.681681681681681528e-01	4.401291158949925730e+00	7.377620400000000078e-01	1.020373171961676869e-03
1.691691691691691590e-01	4.390783159158535121e+00	1.100375480000000072e+00	-2.926828038325769432e-01
1.701701701701701652e-01	4.382485098658559508e+00	8.607915999999999901e-01	-4.558512355017650397e-01
1.711711711711711714e-01	4.378258915481534785e+00	8.672668400000000943e-01	3.365405950579927752e-02
1.721721721721721776e-01	4.377025453172624481e+00	1.145702159999999914e+00	-8.474554715078166378e-01
1.731731731731731838e-01	4.376927268541744631e+00	8.413658800000000104e-01	-1.947817448310640853e-01
1.741741741741741623e-01	4.376735349727660207e+00	1.009722120000000167e+00	-4.558512355017650397e-01
1.751751751751751685e-01	4.376532508110742015e+00	3.103962000000000110e-01	-2.274154311649017046e-01
1.761761761761761746e-01	4.378081127874285272e+00	4.491135999999999739e-02	3.926246091780131731e-01
1.771771771771771808e-01	4.382741783926157986e+00	-3.500782800000000750e-01	7.842288451840646601e-01
1.781781781781781870e-01	4.389532737326510059e+00	-4.666325999999999530e-01	9.800309631870904870e-01
1.791791791791791655e-01	4.396898570686732732e+00	-6.867907599999999446e-01	1.143199394856278639e+00
1.801801801801801717e-01	4.404785556313276729e+00	-6.479393199999999853e-01	1.241100453857791219e+00
1.811811811811811779e-01	4.412802069331233312e+00	-6.155631200000000192e-01	1.045298335854765615e+00
1.821821821821821841e-01	4.418906793122260090e+00	-5.249097599999998920e-01	1.012664649520927940e+00
1.831831831831831903e-01	4.421986761745194450e+00	-4.666325999999999530e-01	9.800309631870904870e-01
1.841841841841841965e-01	4.422634626585465689e+00	-2.399992000000000236e-01	8.821299041855775735e-01
1.851851851851851749e-01	4.421228964726001465e+00	-1.428706000000000143e-01	7.842288451840646601e-01
1.861861861861861811e-01	4.417927895332303123e+00	2.974457200000000245e-01	3.599909228441755538e-01
1.871871871871871873e-01	4.412409277277848929e+00	5.888315200000000527e-01	2.294561775088249655e-01
1.881881881881881935e-01	4.403131744184186402e+00	6.989106000000000485e-01	3.365405950579927752e-02
1.891891891891891997e-01	4.390813210297658920e+00	1.100375480000000072e+00	-2.926828038325769432e-01
1.901901901901901781e-01	4.380361977574120935e+00	1.048573559999999905e+00	-4.558512355017650397e-01
1.911911911911911843e-01	4.376156255960736985e+00	8.737420800000000876e-01	9.892143217347457163e-02
1.921921921921921905e-01	4.377050973856679406e+00	1.139226920000000032e+00	-8.800891578416540906e-01
1.931931931931931967e-01	4.377804198509230638e+00	8.284154000000000240e-01	-1.947817448310640853e-01
1.941941941941942029e-01	4.376196280418158224e+00	1.009722120000000167e+00	-4.884849218356027145e-01
1.951951951951951814e-01	4.375046298686363855e+00	3.298219200000001017e-01	-1.621480584972264660e-01
1.961961961961961876e-01	4.377108245897893823e+00	5.138659999999999756e-02	4.905256681795260310e-01
1.971971971971971938e-01	4.382418556206238769e+00	-3.436030400000000262e-01	7.515951588502269853e-01
1.981981981981981999e-01	4.389218255055406637e+00	-4.536821200000000776e-01	1.012664649520927940e+00
1.991991991991992061e-01	4.396142369281275109e+00	-6.997412400000000421e-01	1.143199394856278639e+00
2.002002002002001846e-01	4.403463554766944732e+00	-6.479393199999999853e-01	1.273734140191629116e+00
2.012012012012011908e-01	4.410971662044936181e+00	-6.220383600000000124e-01	1.012664649520927940e+00
2.022022022022021970e-01	4.417117019512908804e+00	-5.313849999999999962e-01	1.110565708522440964e+00
2.032032032032032032e-01	4.421180075420381606e+00	-4.731078399999999462e-01	9.473972768532528121e-01
2.042042042042042094e-01	4.422986293769720412e+00	-2.529496800000000101e-01	8.821299041855775735e-01
2.052052052052052156e-01	4.422045001952088050e+00	-1.493458400000000075e-01	7.189614725163894215e-01
2.062062062062061940e-01	4.418444021265996113e+00	2.909704799999999758e-01	3.599909228441755538e-01
2.072072072072072002e-01	4.411665161965621529e+00	5.758810400000000662e-01	1.641888048411497825e-01
2.082082082082082064e-01	4.401356032257516482e+00	7.183363200000001392e-01	3.365405950579927752e-02
2.092092092092092126e-01	4.390280087795586539e+00	1.087425000000000086e+00	-2.926828038325769432e-01
2.102102102102102188e-01	4.382136568901752405e+00	9.190687600000001511e-01	-4.558512355017650397e-01
2.112112112112111972e-01	4.378426395425661255e+00	8.478411200000001147e-01	1.315551185073121632e-01
2.122122122122122034e-01	4.378215402976001869e+00	1.132751680000000150e+00	-9.127228441754917654e-01
2.132132132132132096e-01	4.378098171099682467e+00	8.284154000000000240e-01	-2.274154311649017046e-01
2.142142142142142158e-01	4.375798668673289704e+00	1.016197360000000049e+00	-4.884849218356027145e-01
2.152152152152152220e-01	4.374357745398210540e+00	3.039209600000000178e-01	-1.947817448310640853e-01
2.162162162162162282e-01	4.377493131817914218e+00	2.548563999999999691e-02	4.252582955118507924e-01
2.172172172172172067e-01	4.383746837055095824e+00	-3.565535200000000127e-01	7.515951588502269853e-01
2.182182182182182129e-01	4.389815617569762907e+00	-4.601573600000000153e-01	9.800309631870904870e-01
2.192192192192192191e-01	4.395552080915251736e+00	-6.867907599999999446e-01	1.143199394856278639e+00
2.202202202202202252e-01	4.402839915480265098e+00	-6.544145599999999785e-01	1.175833081190116092e+00
2.212212212212212314e-01	4.411512400532475731e+00	-6.155631200000000192e-01	1.077932022188603289e+00
2.222222222222222099e-01	4.418588781858889369e+00	-5.443354799999999827e-01	1.077932022188603289e+00
2.232232232232232161e-01	4.421871354580644287e+00	-4.731078399999999462e-01	1.012664649520927940e+00
2.242242242242242223e-01	4.422306557849350561e+00	-2.594249200000000033e-01	8.494962178517398987e-01
2.252252252252252285e-01	4.421538365652319946e+00	-1.493458400000000075e-01	7.515951588502269853e-01
2.262262262262262347e-01	4.418541608152627198e+00	2.844952399999999826e-01	3.273572365103378790e-01
2.272272272272272131e-01	4.411504634314354689e+00	5.694058000000000730e-01	1.968224911749873740e-01
2.282282282282282193e-01	4.401450246858097159e+00	6.989106000000000485e-01	1.020373171961676869e-03
2.292292292292292255e-01	4.390913534573083865e+00	1.080949760000000204e+00	-2.926828038325769432e-01
2.302302302302302317e-01	4.382310049841503741e+00	1.055048800000000009e+00	-4.558512355017650397e-01
2.312312312312312379e-01	4.378131664131423406e+00	8.607915999999999901e-01	9.892143217347457163e-02
2.322322322322322163e-01	4.377916658166783215e+00	1.145702159999999914e+00	-9.127228441754917654e-01
2.332332332332332225e-01	4.377560401227872156e+00	8.284154000000000240e-01	-2.600491174987393794e-01
2.342342342342342287e-01	4.375744945729111990e+00	1.016197360000000049e+00	-3.905838628340898566e-01
2.352352352352352349e-01	4.375370029633698366e+00	3.103962000000000110e-01	-1.947817448310640853e-01
2.362362362362362411e-01	4.377277858862328230e+00	6.059919999999996421e-03	4.252582955118507924e-01
2.372372372372372473e-01	4.380719967803592851e+00	-3.565535200000000127e-01	7.515951588502269853e-01
2.382382382382382258e-01	4.386979201098101910e+00	-4.731078399999999462e-01	1.045298335854765615e+00
2.392392392392392320e-01	4.395973903591375631e+00	-6.932660000000000489e-01	1.143199394856278639e+00
2.402402402402402382e-01	4.405019289528153692e+00	-6.608898000000000827e-01	1.208466767523953767e+00
2.412412412412412444e-01	4.412008333727236220e+00	-6.285136000000000056e-01	1.077932022188603289e+00
2.422422422422422505e-01	4.416712508341916532e+00	-5.443354799999999827e-01	1.110565708522440964e+00
2.432432432432432290e-01	4.420146643595702862e+00	-4.601573600000000153e-01	9.147635905194151373e-01
2.442442442442442352e-01	4.422184915174732112e+00	-2.594249200000000033e-01	9.147635905194151373e-01
2.452452452452452414e-01	4.421354433208770196e+00	-1.558210800000000007e-01	7.842288451840646601e-01
2.462462462462462476e-01	4.416965960567970306e+00	2.844952399999999826e-01	3.273572365103378790e-01
2.472472472472472538e-01	4.409314807381378820e+00	5.694058000000000730e-01	1.968224911749873740e-01
2.482482482482482600e-01	4.400153154452352666e+00	6.859601199999999510e-01	6.628774583963688294e-02
2.492492492492492384e-01	4.391691097166442681e+00	1.080949760000000204e+00	-2.600491174987393794e-01
2.502502502502502724e-01	4.384141052991800791e+00	1.061524040000000113e+00	-4.558512355017650397e-01
2.512512512512512508e-01	4.378165181793860050e+00	8.607915999999999901e-01	1.968224911749873740e-01
2.522522522522522292e-01	4.375754930539573984e+00	1.145702159999999914e+00	-8.800891578416540906e-01
2.532532532532532632e-01	4.375745377230022548e+00	8.284154000000000240e-01	-2.274154311649017046e-01
2.542542542542542416e-01	4.375175332323885335e+00	1.009722120000000167e+00	-5.211186081694403338e-01
2.552552552552552756e-01	4.374517679940176151e+00	2.844952399999999826e-01	-1.947817448310640853e-01
2.562562562562562540e-01	4.376166423481937962e+00	1.253515999999999658e-02	3.599909228441755538e-01
2.572572572572572325e-01	4.380958246523610100e+00	-3.630287599999999504e-01	8.168625315179022239e-01
2.582582582582582664e-01	4.388362938776577238e+00	-4.925335599999999814e-01	9.800309631870904870e-01
2.592592592592592449e-01	4.397069291824542425e+00	-7.126917200000000285e-01	1.110565708522440964e+00
2.602602602602602788e-01	4.405355497706523238e+00	-6.479393199999999853e-01	1.175833081190116092e+00
2.612612612612612573e-01	4.411888569047181186e+00	-6.414640799999999921e-01	1.012664649520927940e+00
2.622622622622622357e-01	4.416656943312710304e+00	-5.313849999999999962e-01	1.012664649520927940e+00
2.632632632632632697e-01	4.420606198872738091e+00	-4.795830800000000504e-01	9.800309631870904870e-01
2.642642642642642481e-01	4.423018452601469974e+00	-2.659001599999999965e-01	8.821299041855775735e-01
2.652652652652652820e-01	4.422062287946089576e+00	-1.558210800000000007e-01	7.515951588502269853e-01
2.662662662662662605e-01	4.417874789045832529e+00	2.780200000000000449e-01	3.926246091780131731e-01
2.672672672672672389e-01	4.411298967119384962e+00	5.629305600000000798e-01	2.294561775088249655e-01
2.682682682682682729e-01	4.402230200457132980e+00	6.989106000000000485e-01	3.365405950579927752e-02
2.692692692692692513e-01	4.391623615449133489e+00	1.093900239999999968e+00	-2.600491174987393794e-01
2.702702702702702853e-01	4.382478924503431017e+00	9.643954399999999927e-01	-4.558512355017650397e-01
2.712712712712712637e-01	4.377422267789578214e+00	8.478411200000001147e-01	1.315551185073121632e-01
2.722722722722722422e-01	4.376123456596185513e+00	1.132751680000000150e+00	-8.474554715078166378e-01
2.732732732732732761e-01	4.376088565823666343e+00	8.219401600000000307e-01	-2.600491174987393794e-01
2.742742742742742545e-01	4.375462659902454199e+00	1.016197360000000049e+00	-4.232175491679274204e-01
2.752752752752752885e-01	4.374874173242335296e+00	3.427723999999999771e-01	-1.621480584972264660e-01
2.762762762762762669e-01	4.376582998243519818e+00	1.253515999999999658e-02	4.252582955118507924e-01
2.772772772772773009e-01	4.381821519836491596e+00	-3.759792400000000478e-01	8.168625315179022239e-01
2.782782782782782793e-01	4.389757939777868323e+00	-4.860583200000000437e-01	9.800309631870904870e-01
2.792792792792792578e-01	4.398224002084049289e+00	-6.997412400000000421e-01	1.175833081190116092e+00
2.802802802802802917e-01	4.405768826665766191e+00	-6.544145599999999785e-01	1.208466767523953767e+00
2.812812812812812702e-01	4.412460588475958012e+00	-6.349888400000001099e-01	1.110565708522440964e+00
2.822822822822823041e-01	4.417800101135177293e+00	-5.443354799999999827e-01	1.045298335854765615e+00
2.832832832832832826e-01	4.421037504619787839e+00	-4.666325999999999530e-01	9.800309631870904870e-01
2.842842842842842610e-01	4.422437020146383624e+00	-2.529496800000000101e-01	9.147635905194151373e-01
2.852852852852852950e-01	4.421411500324624377e+00	-1.428706000000000143e-01	7.842288451840646601e-01
2.862862862862862734e-01	4.416874804234405261e+00	2.844952399999999826e-01	3.926246091780131731e-01
2.872872872872873073e-01	4.409754254521908834e+00	5.564553199999999755e-01	1.641888048411497825e-01
2.882882882882882858e-01	4.401284342911954361e+00	6.924353600000000553e-01	6.628774583963688294e-02
2.892892892892892642e-01	4.391506413497015870e+00	1.087425000000000086e+00	-2.274154311649017046e-01
2.902902902902902982e-01	4.382463211146971460e+00	1.093900239999999968e+00	-4.232175491679274204e-01
2.912912912912912766e-01	4.377997481240020861e+00	8.672668400000000943e-01	1.641888048411497825e-01
2.922922922922923106e-01	4.377999949709988847e+00	1.152177400000000018e+00	-8.800891578416540906e-01
2.932932932932932890e-01	4.377772619652352759e+00	8.219401600000000307e-01	-1.947817448310640853e-01
2.942942942942942675e-01	4.375092035164411364e+00	1.003246880000000063e+00	-4.884849218356027145e-01
2.952952952952953014e-01	4.373394546548345474e+00	2.909704799999999758e-01	-1.947817448310640853e-01
2.962962962962962798e-01	4.376093898128102566e+00	-4.153200000000037417e-04	4.252582955118507924e-01
2.972972972972973138e-01	4.382324382732788237e+00	-3.695039999999999436e-01	8.494962178517398987e-01
2.982982982982982922e-01	4.389717743488935398e+00	-4.925335599999999814e-01	1.012664649520927940e+00
2.992992992992992707e-01	4.397522806830127529e+00	-7.062164799999999243e-01	1.143199394856278639e+00
3.003003003003003046e-01	4.405662749084906515e+00	-6.608898000000000827e-01	1.175833081190116092e+00
3.013013013013012831e-01	4.412819475383711776e+00	-6.285136000000000056e-01	1.077932022188603289e+00
3.023023023023023170e-01	4.417640407479398235e+00	-5.378602399999999895e-01	1.077932022188603289e+00
3.033033033033032955e-01	4.420421733857051727e+00	-4.795830800000000504e-01	9.473972768532528121e-01
3.043043043043043294e-01	4.421828548802177572e+00	-2.853258800000000317e-01	8.821299041855775735e-01
3.053053053053053079e-01	4.421401816273808016e+00	-1.493458400000000075e-01	7.515951588502269853e-01
3.063063063063062863e-01	4.418176259665807848e+00	2.780200000000000449e-01	4.252582955118507924e-01
3.073073073073073203e-01	4.412100840449278749e+00	5.694058000000000730e-01	1.968224911749873740e-01
3.083083083083082987e-01	4.403283991396317987e+00	6.989106000000000485e-01	3.365405950579927752e-02
3.093093093093093326e-01	4.392490979721270783e+00	1.067999279999999995e+00	-2.274154311649017046e-01
3.103103103103103111e-01	4.383381907117178677e+00	1.016197360000000049e+00	-4.558512355017650397e-01
3.113113113113112895e-01	4.378943407695685686e+00	8.413658800000000104e-01	1.641888048411497825e-01
3.123123123123123235e-01	4.378015324273209607e+00	1.126276440000000045e+00	-9.127228441754917654e-01
3.133133133133133019e-01	4.377803338133068323e+00	8.219401600000000307e-01	-2.274154311649017046e-01
3.143143143143143359e-01	4.376590158104487038e+00	1.003246880000000063e+00	-4.558512355017650397e-01
3.153153153153153143e-01	4.375609730927866536e+00	3.362971600000000394e-01	-9.688068582955121355e-02
3.163163163163162928e-01	4.377962406512742710e+00	-6.890560000000003904e-03	4.578919818456884672e-01
3.173173173173173267e-01	4.384056955712606118e+00	-3.695039999999999436e-01	7.842288451840646601e-01
3.183183183183183051e-01	4.391226612548816632e+00	-4.990087999999999191e-01	1.045298335854765615e+00
3.193193193193193391e-01	4.397457516019754209e+00	-7.191669600000000218e-01	1.208466767523953767e+00
3.203203203203203175e-01	4.403104580639684684e+00	-6.544145599999999785e-01	1.208466767523953767e+00
3.213213213213212960e-01	4.409805936406391957e+00	-6.349888400000001099e-01	1.045298335854765615e+00
3.223223223223223299e-01	4.417262506783059983e+00	-5.508107199999999759e-01	1.110565708522440964e+00
3.233233233233233084e-01	4.421841149933945836e+00	-4.731078399999999462e-01	1.012664649520927940e+00
3.243243243243243423e-01	4.421635988846206011e+00	-2.853258800000000317e-01	8.821299041855775735e-01
3.253253253253253208e-01	4.419244280509244227e+00	-1.687715600000000149e-01	7.515951588502269853e-01
3.263263263263262992e-01	4.416364098378493530e+00	2.844952399999999826e-01	3.273572365103378790e-01
3.273273273273273332e-01	4.411081307511720340e+00	5.758810400000000662e-01	2.294561775088249655e-01
3.283283283283283116e-01	4.401804187628123977e+00	6.924353600000000553e-01	3.365405950579927752e-02
3.293293293293293456e-01	4.390729447952748110e+00	1.067999279999999995e+00	-2.600491174987393794e-01
3.303303303303303240e-01	4.382363914995478282e+00	1.087425000000000086e+00	-4.558512355017650397e-01
3.313313313313313024e-01	4.378823155226205799e+00	8.543163600000001079e-01	1.315551185073121632e-01
3.323323323323323364e-01	4.378075881902780075e+00	1.152177400000000018e+00	-8.800891578416540906e-01
3.333333333333333148e-01	4.376940962998989271e+00	8.219401600000000307e-01	-1.947817448310640853e-01
3.343343343343343488e-01	4.374735738159158061e+00	1.003246880000000063e+00	-4.558512355017650397e-01
3.353353353353353272e-01	4.374213390762862197e+00	3.039209600000000178e-01	-1.947817448310640853e-01
3.363363363363363057e-01	4.378155747966834710e+00	2.548563999999999691e-02	4.252582955118507924e-01
3.373373373373373396e-01	4.384933817538009038e+00	-3.759792400000000478e-01	7.842288451840646601e-01
3.383383383383383181e-01	4.391084628339713802e+00	-4.860583200000000437e-01	1.077932022188603289e+00
3.393393393393393520e-01	4.396938106951813197e+00	-7.191669600000000218e-01	1.143199394856278639e+00
3.403403403403403304e-01	4.404599499870075263e+00	-6.673650399999999649e-01	1.241100453857791219e+00
3.413413413413413644e-01	4.412881884418506928e+00	-6.220383600000000124e-01	1.077932022188603289e+00
3.423423423423423428e-01	4.418471240768261588e+00	-5.443354799999999827e-01	1.110565708522440964e+00
3.433433433433433213e-01	4.420631979526598698e+00	-4.795830800000000504e-01	9.473972768532528121e-01
3.443443443443443552e-01	4.421252220003299982e+00	-2.788506400000000385e-01	9.147635905194151373e-01
3.453453453453453337e-01	4.420914288651598412e+00	-1.687715600000000149e-01	7.842288451840646601e-01
3.463463463463463676e-01	4.418294332880596365e+00	2.715447599999999961e-01	4.252582955118507924e-01
3.473473473473473461e-01	4.412306694223381065e+00	5.758810400000000662e-01	1.968224911749873740e-01
3.483483483483483245e-01	4.403151880906468030e+00	6.989106000000000485e-01	6.628774583963688294e-02
3.493493493493493585e-01	4.392579740128740973e+00	1.067999279999999995e+00	-2.600491174987393794e-01
3.503503503503503369e-01	4.383220141411622528e+00	1.074474520000000100e+00	-4.558512355017650397e-01
3.513513513513513709e-01	4.377368636046896633e+00	8.413658800000000104e-01	1.968224911749873740e-01
3.523523523523523493e-01	4.375772607276917192e+00	1.132751680000000150e+00	-8.474554715078166378e-01
3.533533533533533277e-01	4.376290587030021939e+00	8.089896800000000443e-01	-1.947817448310640853e-01
3.543543543543543617e-01	4.375990183480005236e+00	9.902964000000000766e-01	-4.232175491679274204e-01
3.553553553553553401e-01	4.375388388606624268e+00	3.039209600000000178e-01	-1.621480584972264660e-01
3.563563563563563741e-01	4.377114127816965627e+00	-1.336580000000000407e-02	4.252582955118507924e-01
3.573573573573573525e-01	4.381879628163888540e+00	-3.824544800000000411e-01	7.842288451840646601e-01
3.583583583583583310e-01	4.388552705049255209e+00	-4.925335599999999814e-01	1.012664649520927940e+00
3.593593593593593649e-01	4.396524781325512166e+00	-7.256422000000000150e-01	1.175833081190116092e+00
3.603603603603603434e-01	4.405778262025039638e+00	-6.608898000000000827e-01	1.208466767523953767e+00
3.613613613613613773e-01	4.414234250401083415e+00	-6.414640799999999921e-01	1.110565708522440964e+00
3.623623623623623557e-01	4.418948723708152393e+00	-5.508107199999999759e-01	1.077932022188603289e+00
3.633633633633633342e-01	4.420458308126271163e+00	-4.795830800000000504e-01	1.012664649520927940e+00
3.643643643643643681e-01	4.421390337358349854e+00	-2.788506400000000385e-01	9.147635905194151373e-01
3.653653653653653466e-01	4.421440306500864281e+00	-1.687715600000000149e-01	8.168625315179022239e-01
3.663663663663663805e-01	4.417824501240279034e+00	2.715447599999999961e-01	3.599909228441755538e-01
3.673673673673673590e-01	4.410160613957983422e+00	5.758810400000000662e-01	1.968224911749873740e-01
3.683683683683683929e-01	4.400814620814095690e+00	6.989106000000000485e-01	6.628774583963688294e-02
3.693693693693693714e-01	4.391548516993935003e+00	1.055048800000000009e+00	-2.274154311649017046e-01
3.703703703703703498e-01	4.383495491298375235e+00	9.708706800000000969e-01	-3.905838628340898566e-01
3.713713713713713838e-01	4.378174856252303293e+00	8.284154000000000240e-01	9.892143217347457163e-02
3.723723723723723622e-01	4.375621412618909467e+00	1.113325960000000059e+00	-8.148217851739789630e-01
3.733733733733733962e-01	4.374157199792126249e+00	8.219401600000000307e-01	-2.600491174987393794e-01
3.743743743743743746e-01	4.373276579821823162e+00	9.902964000000000766e-01	-3.579501765002521818e-01
3.753753753753753530e-01	4.374000804950671117e+00	3.233466799999999974e-01	-1.295143721633888190e-01
3.763763763763763870e-01	4.376819835826665894e+00	-2.631628000000000439e-02	4.578919818456884672e-01
3.773773773773773654e-01	4.381465896749185518e+00	-3.824544800000000411e-01	8.168625315179022239e-01
3.783783783783783994e-01	4.388013928070014558e+00	-5.119592800000000166e-01	1.012664649520927940e+00
3.793793793793793778e-01	4.396212976320324373e+00	-7.126917200000000285e-01	1.143199394856278639e+00
3.803803803803803563e-01	4.404287083311555939e+00	-6.608898000000000827e-01	1.208466767523953767e+00
3.813813813813813902e-01	4.410664323837817591e+00	-6.479393199999999853e-01	1.077932022188603289e+00
3.823823823823823687e-01	4.415889241520240205e+00	-5.572859600000000802e-01	1.077932022188603289e+00
3.833833833833834026e-01	4.420444431334435542e+00	-4.860583200000000437e-01	9.800309631870904870e-01
3.843843843843843811e-01	4.422838589742161375e+00	-2.918011200000000249e-01	8.821299041855775735e-01
3.853853853853853595e-01	4.421748072095662785e+00	-1.752468000000000081e-01	7.842288451840646601e-01
3.863863863863863934e-01	4.417212601704544106e+00	2.650695199999999474e-01	4.252582955118507924e-01
3.873873873873873719e-01	4.410000608040770764e+00	5.888315200000000527e-01	1.641888048411497825e-01
3.883883883883884058e-01	4.401365054784949216e+00	6.730096400000000756e-01	3.365405950579927752e-02
3.893893893893893843e-01	4.392200786902413334e+00	1.055048800000000009e+00	-1.947817448310640853e-01
3.903903903903903627e-01	4.383313853298603568e+00	1.087425000000000086e+00	-4.558512355017650397e-01
3.913913913913913967e-01	4.376930309008256081e+00	8.413658800000000104e-01	1.641888048411497825e-01
3.923923923923923751e-01	4.375324451216815902e+00	1.126276440000000045e+00	-8.800891578416540906e-01
3.933933933933934091e-01	4.376790436198586320e+00	8.089896800000000443e-01	-1.947817448310640853e-01
3.943943943943943875e-01	4.376912697093898075e+00	9.773459200000000902e-01	-4.232175491679274204e-01
3.953953953953953659e-01	4.375336686923494867e+00	2.780200000000000449e-01	-1.947817448310640853e-01
3.963963963963963999e-01	4.376208979343058303e+00	-2.631628000000000439e-02	4.252582955118507924e-01
3.973973973973973783e-01	4.381689989094096127e+00	-3.759792400000000478e-01	7.842288451840646601e-01
3.983983983983984123e-01	4.389715660559324384e+00	-5.184345200000000098e-01	1.045298335854765615e+00
3.993993993993993907e-01	4.397714317427391606e+00	-7.256422000000000150e-01	1.143199394856278639e+00
4.004004004004003692e-01	4.404723810017748598e+00	-6.673650399999999649e-01	1.208466767523953767e+00
4.014014014014014031e-01	4.410632094579079343e+00	-6.479393199999999853e-01	1.077932022188603289e+00
4.024024024024023816e-01	4.415748925943127290e+00	-5.637612000000000734e-01	1.110565708522440964e+00
4.034034034034034155e-01	4.419972821209668723e+00	-4.860583200000000437e-01	9.800309631870904870e-01
4.044044044044043940e-01	4.422407401068778832e+00	-2.918011200000000249e-01	9.147635905194151373e-01
4.054054054054054279e-01	4.422100895813389165e+00	-1.622963199999999939e-01	8.168625315179022239e-01
4.064064064064064064e-01	4.418267338462208649e+00	2.715447599999999961e-01	4.252582955118507924e-01
4.074074074074073848e-01	4.410864342148789419e+00	5.758810400000000662e-01	1.315551185073121632e-01
4.084084084084084187e-01	4.401322310921440106e+00	6.859601199999999510e-01	6.628774583963688294e-02
4.094094094094093972e-01	4.391683691115795263e+00	1.055048800000000009e+00	-2.600491174987393794e-01
4.104104104104104311e-01	4.383351935151865497e+00	9.708706800000000969e-01	-4.232175491679274204e-01
4.114114114114114096e-01	4.377496438760200448e+00	8.219401600000000307e-01	1.641888048411497825e-01
4.124124124124123880e-01	4.375138703960751663e+00	1.100375480000000072e+00	-8.148217851739789630e-01
4.134134134134134220e-01	4.375583464333272943e+00	8.025144400000000511e-01	-2.600491174987393794e-01
4.144144144144144004e-01	4.376316387917278838e+00	9.838211600000000834e-01	-4.232175491679274204e-01
4.154154154154154344e-01	4.376157900354332497e+00	2.974457200000000245e-01	-1.295143721633888190e-01
4.164164164164164128e-01	4.377463515369230507e+00	-1.984104000000000423e-02	4.905256681795260310e-01
4.174174174174173912e-01	4.382151457523740135e+00	-3.954049599999999165e-01	7.842288451840646601e-01
4.184184184184184252e-01	4.388639241587998896e+00	-4.990087999999999191e-01	1.045298335854765615e+00
4.194194194194194036e-01	4.395797004278428233e+00	-7.256422000000000150e-01	1.175833081190116092e+00
4.204204204204204376e-01	4.404073299810439934e+00	-6.673650399999999649e-01	1.273734140191629116e+00
4.214214214214214160e-01	4.412474595314642478e+00	-6.479393199999999853e-01	1.110565708522440964e+00
4.224224224224223945e-01	4.419055695298566455e+00	-5.637612000000000734e-01	1.110565708522440964e+00
4.234234234234234284e-01	4.422544105963432060e+00	-4.860583200000000437e-01	1.012664649520927940e+00
4.244244244244244069e-01	4.423289825460337887e+00	-2.723753999999999897e-01	9.473972768532528121e-01
4.254254254254254408e-01	4.422394150582521277e+00	-1.817220400000000013e-01	7.842288451840646601e-01
4.264264264264264193e-01	4.418865932485987358e+00	2.585942800000000097e-01	4.252582955118507924e-01
4.274274274274273977e-01	4.411551661359451870e+00	5.629305600000000798e-01	1.968224911749873740e-01
4.284284284284284317e-01	4.401866454966429032e+00	6.794848799999999578e-01	1.315551185073121632e-01
4.294294294294294101e-01	4.391448298232039527e+00	1.055048800000000009e+00	-2.600491174987393794e-01
4.304304304304304440e-01	4.381997543147758911e+00	1.067999279999999995e+00	-4.884849218356027145e-01
4.314314314314314225e-01	4.376548765992331447e+00	8.284154000000000240e-01	1.641888048411497825e-01
4.324324324324324564e-01	4.376030068501438386e+00	1.119801199999999941e+00	-8.474554715078166378e-01
4.334334334334334349e-01	4.377323116674898706e+00	8.025144400000000511e-01	-2.600491174987393794e-01
4.344344344344344133e-01	4.377340725256484433e+00	9.838211600000000834e-01	-4.232175491679274204e-01
4.354354354354354473e-01	4.376703924230891829e+00	2.974457200000000245e-01	-1.621480584972264660e-01
4.364364364364364257e-01	4.377953325662135242e+00	-1.336580000000000407e-02	4.905256681795260310e-01
4.374374374374374597e-01	4.382153794501975952e+00	-3.889297199999999788e-01	7.842288451840646601e-01
4.384384384384384381e-01	4.388857819640717750e+00	-5.249097599999998920e-01	1.110565708522440964e+00
4.394394394394394165e-01	4.396909669392197628e+00	-7.385926799999998904e-01	1.208466767523953767e+00
4.404404404404404505e-01	4.404781087490833080e+00	-6.867907599999999446e-01	1.241100453857791219e+00
4.414414414414414289e-01	4.411650755662882339e+00	-6.414640799999999921e-01	1.045298335854765615e+00
4.424424424424424629e-01	4.417099457453099731e+00	-5.508107199999999759e-01	1.077932022188603289e+00
4.434434434434434413e-01	4.420519990751133221e+00	-4.925335599999999814e-01	9.147635905194151373e-01
4.444444444444444198e-01	4.421774133404690943e+00	-2.853258800000000317e-01	9.473972768532528121e-01
4.454454454454454537e-01	4.421144639200276671e+00	-1.881972800000000223e-01	7.842288451840646601e-01
4.464464464464464322e-01	4.418207346647158751e+00	2.585942800000000097e-01	4.252582955118507924e-01
4.474474474474474661e-01	4.411872935136647023e+00	5.564553199999999755e-01	1.641888048411497825e-01
4.484484484484484446e-01	4.402315529475825606e+00	6.794848799999999578e-01	6.628774583963688294e-02
4.494494494494494230e-01	4.391606522380979705e+00	1.048573559999999905e+00	-2.274154311649017046e-01
4.504504504504504570e-01	4.382470748219819079e+00	1.048573559999999905e+00	-4.558512355017650397e-01
4.514514514514514354e-01	4.376950858181233528e+00	8.089896800000000443e-01	1.315551185073121632e-01
4.524524524524524693e-01	4.375250829849289147e+00	1.100375480000000072e+00	-8.474554715078166378e-01
4.534534534534534478e-01	4.375588694822410751e+00	7.895639599999999536e-01	-2.600491174987393794e-01
4.544544544544544262e-01	4.375688464088232976e+00	9.773459200000000902e-01	-2.926828038325769432e-01
4.554554554554554602e-01	4.375835742568607856e+00	2.909704799999999758e-01	-1.295143721633888190e-01
4.564564564564564386e-01	4.378609866165359854e+00	-1.984104000000000423e-02	5.231593545133637058e-01
4.574574574574574726e-01	4.384079173748946623e+00	-4.083554400000000140e-01	7.842288451840646601e-01
4.584584584584584510e-01	4.389916259509103469e+00	-5.119592800000000166e-01	1.045298335854765615e+00
4.594594594594594295e-01	4.395425485301227120e+00	-7.256422000000000150e-01	1.175833081190116092e+00
4.604604604604604634e-01	4.401955684926645240e+00	-6.803155199999999514e-01	1.175833081190116092e+00
4.614614614614614418e-01	4.410266926663036102e+00	-6.738402799999999582e-01	1.045298335854765615e+00
4.624624624624624758e-01	4.417939035232175904e+00	-5.767116799999999488e-01	1.110565708522440964e+00
4.634634634634634542e-01	4.421943594542484313e+00	-4.990087999999999191e-01	1.012664649520927940e+00
4.644644644644644327e-01	4.422907491013896575e+00	-3.047516000000000114e-01	8.821299041855775735e-01
4.654654654654654666e-01	4.422350399750720307e+00	-1.687715600000000149e-01	8.168625315179022239e-01
4.664664664664664451e-01	4.418931177511545627e+00	2.521190400000000165e-01	4.252582955118507924e-01
4.674674674674674790e-01	4.411578322341334513e+00	5.629305600000000798e-01	1.968224911749873740e-01
4.684684684684684575e-01	4.401857319259521617e+00	6.665344000000000824e-01	3.365405950579927752e-02
4.694694694694694914e-01	4.391332083172546419e+00	1.055048800000000009e+00	-2.274154311649017046e-01
4.704704704704704699e-01	4.381987112363648684e+00	9.579201999999999995e-01	-4.558512355017650397e-01
4.714714714714714483e-01	4.377219395367410115e+00	8.154649200000001485e-01	1.641888048411497825e-01
4.724724724724724823e-01	4.376938144342883419e+00	1.093900239999999968e+00	-7.821880988401412882e-01
4.734734734734734607e-01	4.376760977203394631e+00	8.025144400000000511e-01	-2.600491174987393794e-01
4.744744744744744946e-01	4.375248122711407284e+00	9.773459200000000902e-01	-4.232175491679274204e-01
4.754754754754754731e-01	4.375224354535487414e+00	3.103962000000000110e-01	-9.688068582955121355e-02
4.764764764764764515e-01	4.377891889072974330e+00	-6.890560000000003904e-03	4.252582955118507924e-01
4.774774774774774855e-01	4.382393442417331642e+00	-3.954049599999999165e-01	8.168625315179022239e-01
4.784784784784784639e-01	4.388809975431148480e+00	-5.249097599999998920e-01	9.800309631870904870e-01
4.794794794794794979e-01	4.396951351595467905e+00	-7.385926799999998904e-01	1.175833081190116092e+00
4.804804804804804763e-01	4.405129589337411389e+00	-6.867907599999999446e-01	1.143199394856278639e+00
4.814814814814814548e-01	4.411997369957775916e+00	-6.608898000000000827e-01	1.045298335854765615e+00
4.824824824824824887e-01	4.417565356872809268e+00	-5.831869200000000530e-01	1.077932022188603289e+00
4.834834834834834671e-01	4.421744044497979864e+00	-4.990087999999999191e-01	1.012664649520927940e+00
4.844844844844845011e-01	4.423648367619079202e+00	-2.982763600000000181e-01	9.473972768532528121e-01
4.854854854854854795e-01	4.422653612152875446e+00	-2.011477600000000088e-01	7.842288451840646601e-01
4.864864864864864580e-01	4.418205017959294878e+00	2.585942800000000097e-01	4.252582955118507924e-01
4.874874874874874919e-01	4.409958597972910788e+00	5.435048399999999891e-01	1.968224911749873740e-01
4.884884884884884704e-01	4.399618911958754985e+00	6.665344000000000824e-01	3.365405950579927752e-02
4.894894894894895043e-01	4.389874596392621342e+00	1.029147840000000036e+00	-2.600491174987393794e-01
4.904904904904904828e-01	4.381925673412708555e+00	1.080949760000000204e+00	-3.905838628340898566e-01
4.914914914914914612e-01	4.376711419827070237e+00	8.219401600000000307e-01	1.968224911749873740e-01
4.924924924924924952e-01	4.375363408199936188e+00	1.113325960000000059e+00	-8.148217851739789630e-01
4.934934934934934736e-01	4.376248184646141404e+00	7.830887200000000714e-01	-2.600491174987393794e-01
4.944944944944945076e-01	4.376394424221325075e+00	9.643954399999999927e-01	-3.579501765002521818e-01
4.954954954954954860e-01	4.376300019129733876e+00	2.715447599999999961e-01	-1.621480584972264660e-01
4.964964964964965199e-01	4.378443304165507755e+00	-1.984104000000000423e-02	4.905256681795260310e-01
4.974974974974974984e-01	4.383143090848069079e+00	-4.083554400000000140e-01	8.494962178517398987e-01
4.984984984984984768e-01	4.389373315945258369e+00	-5.249097599999998920e-01	1.012664649520927940e+00
4.994994994994995108e-01	4.396395928996018831e+00	-7.321174399999998972e-01	1.175833081190116092e+00
5.005005005005005447e-01	4.403707197449832300e+00	-6.867907599999999446e-01	1.241100453857791219e+00
5.015015015015015232e-01	4.411234835404254540e+00	-6.479393199999999853e-01	1.110565708522440964e+00
5.025025025025025016e-01	4.418009168815344445e+00	-5.767116799999999488e-01	1.143199394856278639e+00
5.035035035035034801e-01	4.421856541839333410e+00	-4.990087999999999191e-01	1.045298335854765615e+00
5.045045045045044585e-01	4.422407887851442787e+00	-2.982763600000000181e-01	9.147635905194151373e-01
5.055055055055055480e-01	4.421068451798533694e+00	-1.817220400000000013e-01	7.842288451840646601e-01
5.065065065065065264e-01	4.417676885753752281e+00	2.326933200000000090e-01	3.926246091780131731e-01
5.075075075075075048e-01	4.410993508458908252e+00	5.629305600000000798e-01	1.968224911749873740e-01
5.085085085085084833e-01	4.401519118670035979e+00	6.665344000000000824e-01	3.365405950579927752e-02
5.095095095095094617e-01	4.391104781840069471e+00	1.042098320000000022e+00	-1.621480584972264660e-01
5.105105105105105512e-01	4.381925185938875700e+00	1.022672600000000154e+00	-4.558512355017650397e-01
5.115115115115115296e-01	4.376658950955087057e+00	8.025144400000000511e-01	1.315551185073121632e-01
5.125125125125125081e-01	4.375975192621266885e+00	1.093900239999999968e+00	-8.800891578416540906e-01
5.135135135135134865e-01	4.377005523290330657e+00	7.895639599999999536e-01	-1.947817448310640853e-01
5.145145145145144649e-01	4.376905982316531940e+00	9.708706800000000969e-01	-3.579501765002521818e-01
5.155155155155155544e-01	4.375990233285934394e+00	3.621981200000000678e-01	-6.424699949571360813e-02
5.165165165165165329e-01	4.377271237462550424e+00	-6.516772000000001230e-02	4.252582955118507924e-01
5.175175175175175113e-01	4.382571756406938412e+00	-4.018802000000000207e-01	7.842288451840646601e-01
5.185185185185184897e-01	4.390039670058698995e+00	-5.249097599999998920e-01	1.077932022188603289e+00
5.195195195195194682e-01	4.397624655196988641e+00	-7.385926799999998904e-01	1.208466767523953767e+00
5.205205205205205576e-01	4.405062916621489855e+00	-6.867907599999999446e-01	1.241100453857791219e+00
5.215215215215215361e-01	4.411961011508393149e+00	-6.867907599999999446e-01	1.077932022188603289e+00
5.225225225225225145e-01	4.417572053970657109e+00	-5.702364399999999556e-01	1.208466767523953767e+00
5.235235235235234930e-01	4.421288891592756620e+00	-5.054840400000000233e-01	1.077932022188603289e+00
5.245245245245244714e-01	4.422838502318038323e+00	-3.047516000000000114e-01	9.147635905194151373e-01
5.255255255255255609e-01	4.422075466314115744e+00	-2.011477600000000088e-01	8.168625315179022239e-01
5.265265265265265393e-01	4.418039380088470303e+00	2.262180799999999881e-01	3.926246091780131731e-01
5.275275275275275177e-01	4.410537204191207650e+00	5.564553199999999755e-01	2.294561775088249655e-01
5.285285285285284962e-01	4.401422604484738876e+00	6.794848799999999578e-01	3.365405950579927752e-02
5.295295295295294746e-01	4.391999237500822773e+00	1.029147840000000036e+00	-2.274154311649017046e-01
5.305305305305305641e-01	4.382978132145804118e+00	1.093900239999999968e+00	-3.905838628340898566e-01
5.315315315315315425e-01	4.376766653837488086e+00	8.154649200000001485e-01	1.641888048411497825e-01
5.325325325325325210e-01	4.374772162144207499e+00	1.106850720000000177e+00	-8.474554715078166378e-01
5.335335335335334994e-01	4.374628494905303810e+00	7.960392000000000579e-01	-1.947817448310640853e-01
5.345345345345344779e-01	4.373871309243384964e+00	9.579201999999999995e-01	-3.905838628340898566e-01
5.355355355355355673e-01	4.373417592116291885e+00	3.168714400000000042e-01	-9.688068582955121355e-02
5.365365365365365458e-01	4.375773420631735355e+00	-3.926676000000000472e-02	4.252582955118507924e-01
5.375375375375375242e-01	4.381984812352676784e+00	-4.018802000000000207e-01	8.168625315179022239e-01
5.385385385385385026e-01	4.390352268098553168e+00	-5.508107199999999759e-01	1.012664649520927940e+00
5.395395395395394811e-01	4.397864472683111536e+00	-7.385926799999998904e-01	1.175833081190116092e+00
5.405405405405405705e-01	4.403848789783308071e+00	-6.867907599999999446e-01	1.306367826525466569e+00
5.415415415415415490e-01	4.410272695216045591e+00	-6.738402799999999582e-01	1.045298335854765615e+00
5.425425425425425274e-01	4.417017018091060621e+00	-5.702364399999999556e-01	1.077932022188603289e+00
5.435435435435435059e-01	4.421142706702279490e+00	-4.925335599999999814e-01	1.012664649520927940e+00
5.445445445445444843e-01	4.421528356424712314e+00	-3.177020799999999978e-01	9.147635905194151373e-01
5.455455455455455738e-01	4.419622759370110288e+00	-1.881972800000000223e-01	8.168625315179022239e-01
5.465465465465465522e-01	4.416419026169588591e+00	2.197428399999999948e-01	4.252582955118507924e-01
5.475475475475475307e-01	4.411181588437933954e+00	5.564553199999999755e-01	1.968224911749873740e-01
5.485485485485485091e-01	4.402418608732915573e+00	6.600591600000000891e-01	9.892143217347457163e-02
5.495495495495495986e-01	4.390585638964469517e+00	1.048573559999999905e+00	-1.295143721633888190e-01
5.505505505505505770e-01	4.380295171435372836e+00	1.067999279999999995e+00	-4.232175491679274204e-01
5.515515515515515554e-01	4.376240306510177369e+00	7.960392000000000579e-01	1.315551185073121632e-01
5.525525525525525339e-01	4.376492235280703191e+00	1.100375480000000072e+00	-8.474554715078166378e-01
5.535535535535535123e-01	4.375854755686037656e+00	7.830887200000000714e-01	-1.947817448310640853e-01
5.545545545545546018e-01	4.373761030003670669e+00	9.579201999999999995e-01	-3.905838628340898566e-01
5.555555555555555802e-01	4.373277218198158955e+00	2.909704799999999758e-01	-9.688068582955121355e-02
5.565565565565565587e-01	4.376387733793261958e+00	-3.279152000000000455e-02	4.252582955118507924e-01
5.575575575575575371e-01	4.382437150510609669e+00	-4.148306800000000072e-01	8.168625315179022239e-01
5.585585585585585155e-01	4.389285734658725957e+00	-5.443354799999999827e-01	1.012664649520927940e+00
5.595595595595596050e-01	4.396127173083521633e+00	-7.515431599999999879e-01	1.208466767523953767e+00
5.605605605605605835e-01	4.403779189251652681e+00	-6.867907599999999446e-01	1.273734140191629116e+00
5.615615615615615619e-01	4.411880600356955284e+00	-6.803155199999999514e-01	1.077932022188603289e+00
5.625625625625625403e-01	4.418501154720821056e+00	-5.896621600000000463e-01	1.143199394856278639e+00
5.635635635635635188e-01	4.422432485184985218e+00	-4.990087999999999191e-01	9.800309631870904870e-01
5.645645645645646082e-01	4.423565757766117379e+00	-3.112268400000000046e-01	9.147635905194151373e-01
5.655655655655655867e-01	4.421985159351148553e+00	-2.011477600000000088e-01	7.515951588502269853e-01
5.665665665665665651e-01	4.417764879229055808e+00	2.326933200000000090e-01	4.578919818456884672e-01
5.675675675675675436e-01	4.410771807806654010e+00	5.435048399999999891e-01	1.968224911749873740e-01
5.685685685685685220e-01	4.401505998763280303e+00	6.794848799999999578e-01	3.365405950579927752e-02
5.695695695695696115e-01	4.391518278200980951e+00	1.016197360000000049e+00	-1.947817448310640853e-01
5.705705705705705899e-01	4.382752267333977159e+00	9.967716399999999588e-01	-3.905838628340898566e-01
5.715715715715715683e-01	4.377745095161349909e+00	7.960392000000000579e-01	2.294561775088249655e-01
5.725725725725725468e-01	4.376880312166502307e+00	1.087425000000000086e+00	-8.474554715078166378e-01
5.735735735735735252e-01	4.376766005130805937e+00	7.895639599999999536e-01	-2.274154311649017046e-01
5.745745745745746147e-01	4.375666316229231967e+00	9.514449600000001173e-01	-4.232175491679274204e-01
5.755755755755755931e-01	4.375504842606947165e+00	3.492476399999999703e-01	-9.688068582955121355e-02
5.765765765765765716e-01	4.377949626432023678e+00	-3.926676000000000472e-02	4.905256681795260310e-01
5.775775775775775500e-01	4.383214552350775506e+00	-4.148306800000000072e-01	8.494962178517398987e-01
5.785785785785785285e-01	4.390554424048638715e+00	-5.572859600000000802e-01	1.110565708522440964e+00
5.795795795795796179e-01	4.398435047362304395e+00	-7.580183999999999811e-01	1.175833081190116092e+00
5.805805805805805964e-01	4.405477780861723147e+00	-7.062164799999999243e-01	1.273734140191629116e+00
5.815815815815815748e-01	4.411473995151880878e+00	-6.867907599999999446e-01	1.110565708522440964e+00
5.825825825825825532e-01	4.417077180828923311e+00	-5.767116799999999488e-01	1.110565708522440964e+00
5.835835835835835317e-01	4.421727886706773525e+00	-5.184345200000000098e-01	1.045298335854765615e+00
5.845845845845846211e-01	4.423720166068465964e+00	-3.306525599999999843e-01	9.800309631870904870e-01
5.855855855855855996e-01	4.422437578276139369e+00	-2.076230000000000020e-01	7.515951588502269853e-01
5.865865865865865780e-01	4.418262403306862929e+00	2.132676000000000016e-01	3.926246091780131731e-01
5.875875875875875565e-01	4.411270959024530036e+00	5.370296000000001069e-01	1.968224911749873740e-01
5.885885885885885349e-01	4.401711867713569148e+00	6.665344000000000824e-01	1.020373171961676869e-03
5.895895895895896244e-01	4.391416373688215913e+00	1.016197360000000049e+00	-1.947817448310640853e-01
5.905905905905906028e-01	4.382692240414180596e+00	1.087425000000000086e+00	-3.905838628340898566e-01
5.915915915915915813e-01	4.377021015590200292e+00	7.960392000000000579e-01	1.968224911749873740e-01
5.925925925925925597e-01	4.375361893875254538e+00	1.087425000000000086e+00	-8.148217851739789630e-01
5.935935935935935381e-01	4.376194254491245772e+00	7.636630000000000917e-01	-1.621480584972264660e-01
5.945945945945946276e-01	4.376473298597818307e+00	9.320192400000000266e-01	-4.232175491679274204e-01
5.955955955955956060e-01	4.376314004295979387e+00	2.585942800000000097e-01	-1.621480584972264660e-01
5.965965965965965845e-01	4.377971572231231789e+00	-5.869248000000000520e-02	5.557930408472013806e-01
5.975975975975975629e-01	4.382276754575625155e+00	-4.213059199999999449e-01	7.842288451840646601e-01
5.985985985985985414e-01	4.388779411454939883e+00	-5.508107199999999759e-01	1.077932022188603289e+00
5.995995995995996308e-01	4.396561828885214851e+00	-7.515431599999999879e-01	1.175833081190116092e+00
6.006006006006006093e-01	4.404396934606536362e+00	-6.932660000000000489e-01	1.208466767523953767e+00
6.016016016016015877e-01	4.411105772341520570e+00	-6.803155199999999514e-01	1.143199394856278639e+00
6.026026026026025662e-01	4.416137361225177749e+00	-5.961373999999999285e-01	1.143199394856278639e+00
6.036036036036035446e-01	4.419955954036937307e+00	-5.313849999999999962e-01	9.800309631870904870e-01
6.046046046046046341e-01	4.422912731077303761e+00	-3.177020799999999978e-01	9.473972768532528121e-01
6.056056056056056125e-01	4.423401131947074738e+00	-2.140982399999999952e-01	8.494962178517398987e-01
6.066066066066065909e-01	4.419028700278362365e+00	2.262180799999999881e-01	4.578919818456884672e-01
6.076076076076075694e-01	4.410606991388235976e+00	5.499800799999999823e-01	2.294561775088249655e-01
6.086086086086086588e-01	4.401266942595215781e+00	6.665344000000000824e-01	6.628774583963688294e-02
6.096096096096096373e-01	4.391927559545434789e+00	9.967716399999999588e-01	-1.295143721633888190e-01
6.106106106106106157e-01	4.382922783293058622e+00	9.643954399999999927e-01	-4.232175491679274204e-01
6.116116116116115942e-01	4.377126934372791212e+00	7.766134800000000782e-01	1.641888048411497825e-01
6.126126126126125726e-01	4.376096272580075386e+00	1.061524040000000113e+00	-8.148217851739789630e-01
6.136136136136136621e-01	4.376720266798222347e+00	7.766134800000000782e-01	-2.274154311649017046e-01
6.146146146146146405e-01	4.376018260639365387e+00	9.449697200000000130e-01	-3.905838628340898566e-01
6.156156156156156189e-01	4.375561077961142686e+00	2.974457200000000245e-01	-1.621480584972264660e-01
6.166166166166165974e-01	4.378294710417389268e+00	-5.869248000000000520e-02	4.578919818456884672e-01
6.176176176176175758e-01	4.384595589417925154e+00	-4.213059199999999449e-01	8.168625315179022239e-01
6.186186186186186653e-01	4.392313752875662836e+00	-5.572859600000000802e-01	1.077932022188603289e+00
6.196196196196196437e-01	4.399292499333779638e+00	-7.580183999999999811e-01	1.175833081190116092e+00
6.206206206206206222e-01	4.405449344502526898e+00	-6.997412400000000421e-01	1.241100453857791219e+00
6.216216216216216006e-01	4.411639089694840976e+00	-6.932660000000000489e-01	1.110565708522440964e+00
6.226226226226225791e-01	4.417997536446692131e+00	-5.961373999999999285e-01	1.175833081190116092e+00
6.236236236236236685e-01	4.423225289197016075e+00	-5.313849999999999962e-01	1.012664649520927940e+00
6.246246246246246470e-01	4.424917312160014049e+00	-3.371277999999999775e-01	9.473972768532528121e-01
6.256256256256256254e-01	4.422487978520292629e+00	-2.140982399999999952e-01	7.842288451840646601e-01
6.266266266266266038e-01	4.417686370008635066e+00	2.132676000000000016e-01	4.252582955118507924e-01
6.276276276276275823e-01	4.411143865929110675e+00	5.499800799999999823e-01	2.620898638426626404e-01
6.286286286286286717e-01	4.402298210551643720e+00	6.341582000000000052e-01	6.628774583963688294e-02
6.296296296296296502e-01	4.392128532016574383e+00	1.003246880000000063e+00	-1.295143721633888190e-01
6.306306306306306286e-01	4.383095638403435856e+00	1.061524040000000113e+00	-4.232175491679274204e-01
6.316316316316316071e-01	4.377893291294689071e+00	7.830887200000000714e-01	1.641888048411497825e-01
6.326326326326325855e-01	4.377373295680866860e+00	1.087425000000000086e+00	-8.148217851739789630e-01
6.336336336336336750e-01	4.378611996234657688e+00	7.571877599999999875e-01	-1.947817448310640853e-01
6.346346346346346534e-01	4.378219532082678889e+00	9.384944800000000198e-01	-3.253164901664145625e-01
6.356356356356356319e-01	4.376826031298548969e+00	2.585942800000000097e-01	-9.688068582955121355e-02
6.366366366366366103e-01	4.378028100964508340e+00	-3.926676000000000472e-02	4.578919818456884672e-01
6.376376376376375887e-01	4.383477694255756063e+00	-4.148306800000000072e-01	8.168625315179022239e-01
6.386386386386386782e-01	4.390875782719768416e+00	-5.508107199999999759e-01	1.077932022188603289e+00
6.396396396396396566e-01	4.398044073530432030e+00	-7.580183999999999811e-01	1.208466767523953767e+00
6.406406406406406351e-01	4.405143865162204797e+00	-7.062164799999999243e-01	1.241100453857791219e+00
6.416416416416416135e-01	4.411883985378394435e+00	-7.062164799999999243e-01	1.110565708522440964e+00
6.426426426426425920e-01	4.417086605495166296e+00	-5.961373999999999285e-01	1.143199394856278639e+00
6.436436436436436814e-01	4.420495274609434588e+00	-5.184345200000000098e-01	1.045298335854765615e+00
6.446446446446446599e-01	4.422324822910786324e+00	-3.241773200000000466e-01	9.473972768532528121e-01
6.456456456456456383e-01	4.421896061764828190e+00	-2.076230000000000020e-01	8.494962178517398987e-01
6.466466466466466168e-01	4.418261483287995617e+00	2.067923600000000084e-01	4.578919818456884672e-01
6.476476476476475952e-01	4.411570893040385855e+00	5.499800799999999823e-01	2.294561775088249655e-01
6.486486486486486847e-01	4.402276375554580845e+00	6.535839199999999849e-01	3.365405950579927752e-02
6.496496496496496631e-01	4.390994641534259557e+00	9.967716399999999588e-01	-2.274154311649017046e-01
6.506506506506506415e-01	4.380978824246708037e+00	1.035623080000000140e+00	-3.905838628340898566e-01
6.516516516516516200e-01	4.376742408208465385e+00	7.766134800000000782e-01	2.294561775088249655e-01
6.526526526526525984e-01	4.377550684170239848e+00	1.067999279999999995e+00	-8.148217851739789630e-01
6.536536536536536879e-01	4.377451275505742423e+00	7.571877599999999875e-01	-1.621480584972264660e-01
6.546546546546546663e-01	4.374253882723949438e+00	9.255440000000001444e-01	-3.253164901664145625e-01
6.556556556556556448e-01	4.372395907310213659e+00	2.326933200000000090e-01	-9.688068582955121355e-02
6.566566566566566232e-01	4.375717590301536397e+00	-7.164296000000000553e-02	3.926246091780131731e-01
6.576576576576576016e-01	4.382783074299100967e+00	-4.407316399999999801e-01	8.494962178517398987e-01
6.586586586586586911e-01	4.390304676599188660e+00	-5.637612000000000734e-01	1.045298335854765615e+00
6.596596596596596696e-01	4.397442007530124819e+00	-7.839193599999999540e-01	1.241100453857791219e+00
6.606606606606606480e-01	4.405026524539566779e+00	-7.126917200000000285e-01	1.241100453857791219e+00
6.616616616616616264e-01	4.412845579617410863e+00	-6.867907599999999446e-01	1.077932022188603289e+00
6.626626626626626049e-01	4.419198110781444200e+00	-5.961373999999999285e-01	1.208466767523953767e+00
6.636636636636636943e-01	4.422854974044475362e+00	-5.443354799999999827e-01	9.800309631870904870e-01
6.646646646646646728e-01	4.423991174123547587e+00	-3.436030400000000262e-01	9.800309631870904870e-01
6.656656656656656512e-01	4.422667024083096088e+00	-2.270487200000000094e-01	8.168625315179022239e-01
6.666666666666666297e-01	4.418697202173204275e+00	2.003171200000000152e-01	4.578919818456884672e-01
6.676676676676676081e-01	4.412112618564567157e+00	5.240791200000000094e-01	1.968224911749873740e-01
6.686686686686686976e-01	4.403013843609791422e+00	6.406334400000001095e-01	6.628774583963688294e-02
6.696696696696696760e-01	4.392827814079996784e+00	9.708706800000000969e-01	-1.621480584972264660e-01
6.706706706706706544e-01	4.384481851328945190e+00	9.902964000000000766e-01	-4.558512355017650397e-01
6.716716716716716329e-01	4.380256045147529420e+00	7.766134800000000782e-01	2.620898638426626404e-01
6.726726726726726113e-01	4.379213005657971003e+00	1.067999279999999995e+00	-7.821880988401412882e-01
6.736736736736737008e-01	4.377954233361986525e+00	7.636630000000000917e-01	-1.947817448310640853e-01
6.746746746746746792e-01	4.375831324452984283e+00	9.320192400000000266e-01	-3.253164901664145625e-01
6.756756756756756577e-01	4.375900788392128149e+00	3.168714400000000042e-01	-6.424699949571360813e-02
6.766766766766766361e-01	4.379645016177257766e+00	-7.164296000000000553e-02	4.905256681795260310e-01
6.776776776776777256e-01	4.385505137417600174e+00	-4.342563999999999869e-01	8.821299041855775735e-01
6.786786786786787040e-01	4.391926053371662420e+00	-5.896621600000000463e-01	1.045298335854765615e+00
6.796796796796796825e-01	4.398513633483960739e+00	-7.709688800000000786e-01	1.273734140191629116e+00
6.806806806806806609e-01	4.405588880336787305e+00	-7.191669600000000218e-01	1.241100453857791219e+00
6.816816816816816393e-01	4.412893670504464794e+00	-6.932660000000000489e-01	1.143199394856278639e+00
6.826826826826827288e-01	4.418384376374991263e+00	-6.090878800000000259e-01	1.143199394856278639e+00
6.836836836836837072e-01	4.420658447338444930e+00	-5.313849999999999962e-01	9.800309631870904870e-01
6.846846846846846857e-01	4.420784025896214331e+00	-3.371277999999999775e-01	9.473972768532528121e-01
6.856856856856856641e-01	4.419907340264696671e+00	-2.205734800000000162e-01	8.821299041855775735e-01
6.866866866866866426e-01	4.417844940196904879e+00	2.003171200000000152e-01	3.926246091780131731e-01
6.876876876876877320e-01	4.413303784153730369e+00	5.305543600000000026e-01	1.968224911749873740e-01
6.886886886886887105e-01	4.404643720255958073e+00	6.665344000000000824e-01	9.892143217347457163e-02
6.896896896896896889e-01	4.392622281512767124e+00	9.838211600000000834e-01	-1.295143721633888190e-01
6.906906906906906674e-01	4.381409341437329630e+00	1.074474520000000100e+00	-3.905838628340898566e-01
6.916916916916916458e-01	4.375279942382520382e+00	7.766134800000000782e-01	2.294561775088249655e-01
6.926926926926927353e-01	4.374272947184873139e+00	1.061524040000000113e+00	-7.821880988401412882e-01
6.936936936936937137e-01	4.374562165324458185e+00	7.442372800000001121e-01	-1.621480584972264660e-01
6.946946946946946921e-01	4.374253612558515414e+00	9.255440000000001444e-01	-3.579501765002521818e-01
6.956956956956956706e-01	4.375302281056329790e+00	2.391685600000000023e-01	-1.621480584972264660e-01
6.966966966966966490e-01	4.378996948279504586e+00	-3.926676000000000472e-02	5.231593545133637058e-01
6.976976976976977385e-01	4.384124695171212949e+00	-4.536821200000000776e-01	8.494962178517398987e-01
6.986986986986987169e-01	4.389864973783820901e+00	-5.831869200000000530e-01	1.110565708522440964e+00
6.996996996996996954e-01	4.396522173709772829e+00	-7.774441199999999608e-01	1.175833081190116092e+00
7.007007007007006738e-01	4.403549028023930667e+00	-7.191669600000000218e-01	1.306367826525466569e+00
7.017017017017016522e-01	4.410332118228448728e+00	-7.256422000000000150e-01	1.143199394856278639e+00
7.027027027027027417e-01	4.416793816672443640e+00	-6.026126399999999217e-01	1.143199394856278639e+00
7.037037037037037202e-01	4.421292112171326671e+00	-5.443354799999999827e-01	1.045298335854765615e+00
7.047047047047046986e-01	4.422330971265918897e+00	-3.630287599999999504e-01	9.800309631870904870e-01
7.057057057057056770e-01	4.421175969833028851e+00	-2.464744400000000168e-01	8.494962178517398987e-01
7.067067067067066555e-01	4.418517381979919278e+00	1.873666400000000010e-01	5.231593545133637058e-01
7.077077077077077449e-01	4.412585540779677906e+00	5.370296000000001069e-01	2.947235501765002597e-01
7.087087087087087234e-01	4.403243901337516419e+00	6.471086800000001027e-01	6.628774583963688294e-02
7.097097097097097018e-01	4.393154045899138715e+00	9.967716399999999588e-01	-1.295143721633888190e-01
7.107107107107106803e-01	4.384954036015617618e+00	1.009722120000000167e+00	-3.905838628340898566e-01
7.117117117117116587e-01	4.380334798307173649e+00	7.636630000000000917e-01	2.620898638426626404e-01
7.127127127127127482e-01	4.378658906099820669e+00	1.061524040000000113e+00	-7.821880988401412882e-01
7.137137137137137266e-01	4.377155482584972113e+00	7.507125199999999943e-01	-1.295143721633888190e-01
7.147147147147147050e-01	4.375338315395730149e+00	9.320192400000000266e-01	-3.253164901664145625e-01
7.157157157157156835e-01	4.375596407315344827e+00	3.751485999999999432e-01	-9.688068582955121355e-02
7.167167167167166619e-01	4.378975392929580934e+00	-7.164296000000000553e-02	4.578919818456884672e-01
7.177177177177177514e-01	4.383948397505962546e+00	-4.407316399999999801e-01	9.147635905194151373e-01
7.187187187187187298e-01	4.389745958476020782e+00	-6.026126399999999217e-01	1.110565708522440964e+00
7.197197197197197083e-01	4.397285833442266423e+00	-7.903945999999999472e-01	1.208466767523953767e+00
7.207207207207206867e-01	4.405957386080399552e+00	-7.191669600000000218e-01	1.241100453857791219e+00
7.217217217217216652e-01	4.413453656367572364e+00	-7.126917200000000285e-01	1.175833081190116092e+00
7.227227227227227546e-01	4.418353436808964751e+00	-5.961373999999999285e-01	1.143199394856278639e+00
7.237237237237237331e-01	4.421035398491102164e+00	-5.508107199999999759e-01	1.045298335854765615e+00
7.247247247247247115e-01	4.422273868408501230e+00	-3.500782800000000750e-01	9.473972768532528121e-01
7.257257257257256899e-01	4.421267424634995891e+00	-2.464744400000000168e-01	8.494962178517398987e-01
7.267267267267266684e-01	4.417300378987905063e+00	1.808914000000000077e-01	4.905256681795260310e-01
7.277277277277277578e-01	4.411457170218234580e+00	5.176038800000000162e-01	2.620898638426626404e-01
7.287287287287287363e-01	4.403912178708058178e+00	6.471086800000001027e-01	1.315551185073121632e-01
7.297297297297297147e-01	4.393978326456742245e+00	9.838211600000000834e-01	-1.947817448310640853e-01
7.307307307307306932e-01	4.383834085644120471e+00	1.080949760000000204e+00	-3.579501765002521818e-01
7.317317317317316716e-01	4.377353840952869390e+00	7.766134800000000782e-01	1.968224911749873740e-01
7.327327327327327611e-01	4.375510421229696689e+00	1.074474520000000100e+00	-7.821880988401412882e-01
7.337337337337337395e-01	4.375817126696057713e+00	7.442372800000001121e-01	-2.274154311649017046e-01
7.347347347347347180e-01	4.376113000100962935e+00	9.190687600000001511e-01	-3.579501765002521818e-01
7.357357357357356964e-01	4.376571234844700342e+00	2.909704799999999758e-01	-6.424699949571360813e-02
7.367367367367367859e-01	4.378312124998176458e+00	-8.459344000000000585e-02	4.578919818456884672e-01
7.377377377377377643e-01	4.382783209938223123e+00	-4.601573600000000153e-01	9.147635905194151373e-01
7.387387387387387427e-01	4.390441815069602960e+00	-5.896621600000000463e-01	1.110565708522440964e+00
7.397397397397397212e-01	4.399120354169993696e+00	-7.774441199999999608e-01	1.241100453857791219e+00
7.407407407407406996e-01	4.406627291599660268e+00	-7.256422000000000150e-01	1.306367826525466569e+00
7.417417417417417891e-01	4.412811629297519467e+00	-7.321174399999998972e-01	1.110565708522440964e+00
7.427427427427427675e-01	4.417819924249172026e+00	-6.155631200000000192e-01	1.110565708522440964e+00
7.437437437437437460e-01	4.421380329323951308e+00	-5.572859600000000802e-01	1.077932022188603289e+00
7.447447447447447244e-01	4.423132327388258567e+00	-3.630287599999999504e-01	1.045298335854765615e+00
7.457457457457457028e-01	4.422348932997564930e+00	-2.529496800000000101e-01	8.168625315179022239e-01
7.467467467467467923e-01	4.418537625678248482e+00	1.744161599999999868e-01	4.578919818456884672e-01
7.477477477477477708e-01	4.412150388078802443e+00	5.111286400000001340e-01	2.294561775088249655e-01
7.487487487487487492e-01	4.403993793884941610e+00	6.212077200000000188e-01	9.892143217347457163e-02
7.497497497497497276e-01	4.394591998939852751e+00	9.773459200000000902e-01	-1.295143721633888190e-01
7.507507507507507061e-01	4.385452569611958396e+00	1.061524040000000113e+00	-3.905838628340898566e-01
7.517517517517517955e-01	4.379669431632599697e+00	7.701382400000000850e-01	2.947235501765002597e-01
7.527527527527527740e-01	4.378263233693829193e+00	1.048573559999999905e+00	-7.821880988401412882e-01
7.537537537537537524e-01	4.378037018731960828e+00	7.377620400000000078e-01	-1.295143721633888190e-01
7.547547547547547309e-01	4.376377460805471742e+00	8.931677999999999562e-01	-2.926828038325769432e-01
7.557557557557557093e-01	4.375154334257339350e+00	2.974457200000000245e-01	1.020373171961676869e-03
7.567567567567567988e-01	4.377317970026478378e+00	-8.459344000000000585e-02	4.905256681795260310e-01
7.577577577577577772e-01	4.383210233417394797e+00	-4.472068799999999733e-01	8.494962178517398987e-01
7.587587587587587556e-01	4.391124151616061511e+00	-6.026126399999999217e-01	1.077932022188603289e+00
7.597597597597597341e-01	4.398811469312197353e+00	-7.839193599999999540e-01	1.241100453857791219e+00
7.607607607607607125e-01	4.405200138152351563e+00	-7.321174399999998972e-01	1.339001512859304244e+00
7.617617617617618020e-01	4.410892493245646584e+00	-7.256422000000000150e-01	1.143199394856278639e+00
7.627627627627627804e-01	4.416500598657995269e+00	-6.285136000000000056e-01	1.143199394856278639e+00
7.637637637637637589e-01	4.421495054474802622e+00	-5.702364399999999556e-01	9.800309631870904870e-01
7.647647647647647373e-01	4.424111880083931858e+00	-3.695039999999999436e-01	1.012664649520927940e+00
7.657657657657657158e-01	4.422743362714459003e+00	-2.464744400000000168e-01	8.821299041855775735e-01
7.667667667667668052e-01	4.418161412244733910e+00	1.614656800000000003e-01	4.905256681795260310e-01
7.677677677677677837e-01	4.412178150916194141e+00	5.111286400000001340e-01	2.620898638426626404e-01
7.687687687687687621e-01	4.404435166360485709e+00	6.212077200000000188e-01	1.315551185073121632e-01
7.697697697697697405e-01	4.394030992198604935e+00	9.838211600000000834e-01	-1.295143721633888190e-01
7.707707707707707190e-01	4.383180548192207482e+00	9.773459200000000902e-01	-3.905838628340898566e-01
7.717717717717718084e-01	4.376316865803731027e+00	7.507125199999999943e-01	1.968224911749873740e-01
7.727727727727727869e-01	4.375563236569262493e+00	1.061524040000000113e+00	-7.821880988401412882e-01
7.737737737737737653e-01	4.377804534699675010e+00	7.442372800000001121e-01	-2.274154311649017046e-01
7.747747747747747438e-01	4.378122356375225621e+00	9.125935200000000469e-01	-3.253164901664145625e-01
7.757757757757757222e-01	4.376556382560448100e+00	3.298219200000001017e-01	-6.424699949571360813e-02
7.767767767767768117e-01	4.377912148031223971e+00	-7.811819999999999875e-02	4.578919818456884672e-01
7.777777777777777901e-01	4.384230337359602991e+00	-4.925335599999999814e-01	8.494962178517398987e-01
7.787787787787787686e-01	4.392505031456797937e+00	-6.026126399999999217e-01	1.110565708522440964e+00
7.797797797797797470e-01	4.399652351654537163e+00	-7.903945999999999472e-01	1.208466767523953767e+00
7.807807807807807254e-01	4.405520590831753402e+00	-7.385926799999998904e-01	1.241100453857791219e+00
7.817817817817818149e-01	4.411517938688353624e+00	-7.321174399999998972e-01	1.110565708522440964e+00
7.827827827827827933e-01	4.417378779890192675e+00	-6.220383600000000124e-01	1.241100453857791219e+00
7.837837837837837718e-01	4.421083276625576097e+00	-5.508107199999999759e-01	1.077932022188603289e+00
7.847847847847847502e-01	4.421867761730820412e+00	-3.954049599999999165e-01	1.012664649520927940e+00
7.857857857857857287e-01	4.420406807217759138e+00	-2.659001599999999965e-01	8.821299041855775735e-01
7.867867867867868181e-01	4.417366254253280999e+00	1.614656800000000003e-01	4.578919818456884672e-01
7.877877877877877966e-01	4.412391219437828305e+00	4.917029200000000433e-01	2.620898638426626404e-01
7.887887887887887750e-01	4.403923033793484265e+00	6.212077200000000188e-01	1.315551185073121632e-01
7.897897897897897534e-01	4.392580070275892368e+00	9.643954399999999927e-01	-1.295143721633888190e-01
7.907907907907907319e-01	4.382866724436317973e+00	1.074474520000000100e+00	-3.905838628340898566e-01
7.917917917917918214e-01	4.378118485379411062e+00	7.571877599999999875e-01	2.294561775088249655e-01
7.927927927927927998e-01	4.377121956241734502e+00	1.042098320000000022e+00	-7.495544125063037244e-01
7.937937937937937782e-01	4.376809293467005979e+00	7.377620400000000078e-01	-1.621480584972264660e-01
7.947947947947947567e-01	4.375774705535240727e+00	8.931677999999999562e-01	-2.926828038325769432e-01
7.957957957957957351e-01	4.375708077801554019e+00	2.262180799999999881e-01	-1.621480584972264660e-01
7.967967967967968246e-01	4.378730357380476335e+00	-8.459344000000000585e-02	5.557930408472013806e-01
7.977977977977978030e-01	4.384460919136541790e+00	-4.731078399999999462e-01	8.168625315179022239e-01
7.987987987987987815e-01	4.391616137061004288e+00	-5.831869200000000530e-01	1.143199394856278639e+00
7.997997997997997599e-01	4.399117165751797565e+00	-7.903945999999999472e-01	1.241100453857791219e+00
8.008008008008007383e-01	4.405853970707907408e+00	-7.191669600000000218e-01	1.306367826525466569e+00
8.018018018018018278e-01	4.411989406038243189e+00	-7.450679199999999947e-01	1.110565708522440964e+00
8.028028028028028062e-01	4.417940105888800595e+00	-6.285136000000000056e-01	1.241100453857791219e+00
8.038038038038037847e-01	4.422135080148456687e+00	-5.637612000000000734e-01	1.012664649520927940e+00
8.048048048048047631e-01	4.423184558442235570e+00	-3.954049599999999165e-01	1.012664649520927940e+00
8.058058058058058526e-01	4.421988073029289090e+00	-2.659001599999999965e-01	9.147635905194151373e-01
8.068068068068068310e-01	4.418940413144627044e+00	1.614656800000000003e-01	4.578919818456884672e-01
8.078078078078078095e-01	4.412724441634080286e+00	4.981781600000000365e-01	2.620898638426626404e-01
8.088088088088087879e-01	4.403197548892435975e+00	6.212077200000000188e-01	1.641888048411497825e-01
8.098098098098097664e-01	4.392344893006332462e+00	9.579201999999999995e-01	-1.295143721633888190e-01
8.108108108108108558e-01	4.383136408661652439e+00	9.643954399999999927e-01	-3.905838628340898566e-01
8.118118118118118343e-01	4.378359971370649362e+00	7.377620400000000078e-01	1.968224911749873740e-01
8.128128128128128127e-01	4.377902046650513412e+00	1.048573559999999905e+00	-7.495544125063037244e-01
8.138138138138137911e-01	4.378104621078743541e+00	7.377620400000000078e-01	-1.621480584972264660e-01
8.148148148148147696e-01	4.376678966866325737e+00	9.061182800000000537e-01	-2.926828038325769432e-01
8.158158158158158590e-01	4.376058180438595180e+00	2.909704799999999758e-01	-6.424699949571360813e-02
8.168168168168168375e-01	4.379215542424149454e+00	-9.754392000000000618e-02	4.905256681795260310e-01
8.178178178178178159e-01	4.385246752851912788e+00	-4.472068799999999733e-01	9.147635905194151373e-01
8.188188188188187944e-01	4.391982542617228091e+00	-6.090878800000000259e-01	1.110565708522440964e+00
8.198198198198197728e-01	4.399070193401748874e+00	-8.033450799999999337e-01	1.273734140191629116e+00
8.208208208208208623e-01	4.406515774046373402e+00	-7.385926799999998904e-01	1.273734140191629116e+00
8.218218218218218407e-01	4.413158117282908854e+00	-7.385926799999998904e-01	1.175833081190116092e+00
8.228228228228228192e-01	4.417784657451138131e+00	-6.349888400000001099e-01	1.143199394856278639e+00
8.238238238238237976e-01	4.421024273039599883e+00	-5.702364399999999556e-01	1.110565708522440964e+00
8.248248248248247760e-01	4.423455445729747915e+00	-4.018802000000000207e-01	1.045298335854765615e+00
8.258258258258258655e-01	4.423302427288414940e+00	-2.659001599999999965e-01	9.473972768532528121e-01
8.268268268268268439e-01	4.419143248716953742e+00	1.420399599999999929e-01	4.252582955118507924e-01
8.278278278278278224e-01	4.411803611197272268e+00	4.981781600000000365e-01	2.294561775088249655e-01
8.288288288288288008e-01	4.402546003600829039e+00	6.017820000000000391e-01	1.315551185073121632e-01
8.298298298298297793e-01	4.392373744218708076e+00	9.514449600000001173e-01	-1.621480584972264660e-01
8.308308308308308687e-01	4.383497423119488978e+00	1.048573559999999905e+00	-4.558512355017650397e-01
8.318318318318318472e-01	4.378271339103335436e+00	7.507125199999999943e-01	2.294561775088249655e-01
8.328328328328328256e-01	4.376387505195098448e+00	1.048573559999999905e+00	-8.148217851739789630e-01
8.338338338338338041e-01	4.376098497180644031e+00	7.312868000000000146e-01	-1.947817448310640853e-01
8.348348348348347825e-01	4.376205291412405884e+00	8.802173200000000808e-01	-2.926828038325769432e-01
8.358358358358358720e-01	4.376474580076324727e+00	2.391685600000000023e-01	-1.295143721633888190e-01
8.368368368368368504e-01	4.378554004023859747e+00	-8.459344000000000585e-02	5.231593545133637058e-01
8.378378378378378288e-01	4.383918123493764085e+00	-4.536821200000000776e-01	8.821299041855775735e-01
8.388388388388388073e-01	4.391407315893673946e+00	-6.026126399999999217e-01	1.143199394856278639e+00
8.398398398398397857e-01	4.399098371044087408e+00	-8.033450799999999337e-01	1.241100453857791219e+00
8.408408408408408752e-01	4.406446895638640449e+00	-7.321174399999998972e-01	1.339001512859304244e+00
8.418418418418418536e-01	4.413481325357155427e+00	-7.385926799999998904e-01	1.143199394856278639e+00
8.428428428428428321e-01	4.418773154621084664e+00	-6.349888400000001099e-01	1.143199394856278639e+00
8.438438438438438105e-01	4.420729557811522881e+00	-5.831869200000000530e-01	1.110565708522440964e+00
8.448448448448447889e-01	4.420938762837287150e+00	-3.954049599999999165e-01	9.800309631870904870e-01
8.458458458458458784e-01	4.421402088863149338e+00	-2.723753999999999897e-01	8.821299041855775735e-01
8.468468468468468568e-01	4.419873162023853830e+00	1.485152000000000139e-01	4.905256681795260310e-01
8.478478478478478353e-01	4.413464091818503299e+00	4.981781600000000365e-01	3.273572365103378790e-01
8.488488488488488137e-01	4.403192272941500285e+00	6.017820000000000391e-01	9.892143217347457163e-02
8.498498498498497922e-01	4.391838397785416070e+00	9.579201999999999995e-01	-1.295143721633888190e-01
8.508508508508508816e-01	4.382235315488040683e+00	1.022672600000000154e+00	-4.232175491679274204e-01
8.518518518518518601e-01	4.377313870792245432e+00	7.248115600000000214e-01	2.947235501765002597e-01
8.528528528528528385e-01	4.377459393634026696e+00	1.022672600000000154e+00	-7.821880988401412882e-01
8.538538538538538170e-01	4.379033231760995015e+00	7.312868000000000146e-01	-1.295143721633888190e-01
8.548548548548547954e-01	4.378563267279111493e+00	8.931677999999999562e-01	-2.274154311649017046e-01
8.558558558558558849e-01	4.377387104932577877e+00	2.456437999999999955e-01	-6.424699949571360813e-02
8.568568568568568633e-01	4.379225013552225043e+00	-8.459344000000000585e-02	4.905256681795260310e-01
8.578578578578578417e-01	4.384708149504461083e+00	-4.860583200000000437e-01	9.147635905194151373e-01
8.588588588588588202e-01	4.391714126295735987e+00	-6.026126399999999217e-01	1.110565708522440964e+00
8.598598598598597986e-01	4.399300178132738992e+00	-8.033450799999999337e-01	1.241100453857791219e+00
8.608608608608608881e-01	4.407280445417384840e+00	-7.385926799999998904e-01	1.306367826525466569e+00
8.618618618618618665e-01	4.413989523104158152e+00	-7.515431599999999879e-01	1.175833081190116092e+00
8.628628628628628450e-01	4.418483178125776512e+00	-6.479393199999999853e-01	1.143199394856278639e+00
8.638638638638638234e-01	4.421660341390206028e+00	-5.767116799999999488e-01	1.077932022188603289e+00
8.648648648648649129e-01	4.423517782890129979e+00	-3.954049599999999165e-01	1.012664649520927940e+00
8.658658658658658913e-01	4.422836388512874528e+00	-2.723753999999999897e-01	8.821299041855775735e-01
8.668668668668668698e-01	4.418907060509893014e+00	1.420399599999999929e-01	4.905256681795260310e-01
8.678678678678678482e-01	4.412291064640164073e+00	4.852276800000000501e-01	2.947235501765002597e-01
8.688688688688688266e-01	4.403900795682818448e+00	6.082572400000001434e-01	1.315551185073121632e-01
8.698698698698699161e-01	4.394096839486245187e+00	9.384944800000000198e-01	-1.295143721633888190e-01
8.708708708708708945e-01	4.384804768563182797e+00	9.902964000000000766e-01	-4.558512355017650397e-01
8.718718718718718730e-01	4.379154290073400624e+00	7.248115600000000214e-01	2.294561775088249655e-01
8.728728728728728514e-01	4.377224905609392813e+00	1.035623080000000140e+00	-7.169207261724660496e-01
8.738738738738738299e-01	4.376604894961545256e+00	7.248115600000000214e-01	-1.295143721633888190e-01
8.748748748748749193e-01	4.375728031492035264e+00	8.802173200000000808e-01	-3.253164901664145625e-01
8.758758758758758978e-01	4.375062308710455206e+00	3.168714400000000042e-01	-6.424699949571360813e-02
8.768768768768768762e-01	4.377234741412308949e+00	-1.040191599999999994e-01	4.578919818456884672e-01
8.778778778778778547e-01	4.383521799609374270e+00	-4.666325999999999530e-01	8.168625315179022239e-01
8.788788788788788331e-01	4.391436597184648072e+00	-6.155631200000000192e-01	1.110565708522440964e+00
8.798798798798799226e-01	4.398706808566944737e+00	-8.098203199999999269e-01	1.241100453857791219e+00
8.808808808808809010e-01	4.405917759644610854e+00	-7.580183999999999811e-01	1.306367826525466569e+00
8.818818818818818794e-01	4.413717957814793813e+00	-7.580183999999999811e-01	1.143199394856278639e+00
8.828828828828828579e-01	4.420245978434552470e+00	-6.544145599999999785e-01	1.143199394856278639e+00
8.838838838838838363e-01	4.423046747262313616e+00	-5.896621600000000463e-01	1.077932022188603289e+00
8.848848848848849258e-01	4.422667221108947722e+00	-4.083554400000000140e-01	9.473972768532528121e-01
8.858858858858859042e-01	4.421480362008552767e+00	-2.918011200000000249e-01	9.147635905194151373e-01
8.868868868868868827e-01	4.418902209168735773e+00	1.226142399999999993e-01	5.557930408472013806e-01
8.878878878878878611e-01	4.412349974355032955e+00	4.852276800000000501e-01	2.620898638426626404e-01
8.888888888888888395e-01	4.402271399221331372e+00	5.953067600000000459e-01	9.892143217347457163e-02
8.898898898898899290e-01	4.391753985981873498e+00	9.320192400000000266e-01	-1.295143721633888190e-01
8.908908908908909074e-01	4.383713378084946655e+00	1.061524040000000113e+00	-3.905838628340898566e-01
8.918918918918918859e-01	4.379770814506840360e+00	7.377620400000000078e-01	3.273572365103378790e-01
8.928928928928928643e-01	4.378711801501328438e+00	1.042098320000000022e+00	-7.495544125063037244e-01
8.938938938938938428e-01	4.377757668154887760e+00	7.118610800000001460e-01	-1.295143721633888190e-01
8.948948948948949322e-01	4.376261600917358052e+00	8.672668400000000943e-01	-2.274154311649017046e-01
8.958958958958959107e-01	4.375892699415668829e+00	2.456437999999999955e-01	-9.688068582955121355e-02
8.968968968968968891e-01	4.378400916977527757e+00	-1.040191599999999994e-01	5.884267271810389444e-01
8.978978978978978676e-01	4.384077525623717442e+00	-4.795830800000000504e-01	8.494962178517398987e-01
8.988988988988988460e-01	4.391433173236841014e+00	-6.220383600000000124e-01	1.110565708522440964e+00
8.998998998998999355e-01	4.398723838925019614e+00	-8.162955600000000311e-01	1.241100453857791219e+00
9.009009009009009139e-01	4.405608483196101766e+00	-7.580183999999999811e-01	1.306367826525466569e+00
9.019019019019018923e-01	4.412223694222131343e+00	-7.709688800000000786e-01	1.143199394856278639e+00
9.029029029029028708e-01	4.417923283924066524e+00	-6.673650399999999649e-01	1.175833081190116092e+00
9.039039039039038492e-01	4.421959033301773978e+00	-5.767116799999999488e-01	1.077932022188603289e+00
9.049049049049049387e-01	4.423530977742454517e+00	-4.213059199999999449e-01	9.800309631870904870e-01
9.059059059059059171e-01	4.421973710495626264e+00	-3.112268400000000046e-01	8.821299041855775735e-01
9.069069069069068956e-01	4.417715074737917469e+00	1.355647199999999997e-01	5.557930408472013806e-01
9.079079079079078740e-01	4.411313952822998985e+00	4.787524399999999458e-01	2.947235501765002597e-01
9.089089089089088525e-01	4.402675961163645901e+00	5.888315200000000527e-01	1.315551185073121632e-01
9.099099099099099419e-01	4.392458634107788029e+00	9.255440000000001444e-01	-9.688068582955121355e-02
9.109109109109109204e-01	4.383309496291755814e+00	9.838211600000000834e-01	-3.253164901664145625e-01
9.119119119119118988e-01	4.378251658143131664e+00	7.183363200000001392e-01	2.294561775088249655e-01
9.129129129129128772e-01	4.377385108598688568e+00	1.029147840000000036e+00	-7.169207261724660496e-01
9.139139139139138557e-01	4.377804403912528564e+00	7.183363200000001392e-01	-1.947817448310640853e-01
9.149149149149149451e-01	4.377098441257559536e+00	8.802173200000000808e-01	-2.274154311649017046e-01
9.159159159159159236e-01	4.376295085803662666e+00	3.621981200000000678e-01	-3.161331316187596802e-02
9.169169169169169020e-01	4.378888344988310699e+00	-1.040191599999999994e-01	4.905256681795260310e-01
9.179179179179178805e-01	4.385798248687463818e+00	-4.795830800000000504e-01	9.147635905194151373e-01
9.189189189189188589e-01	4.393526252841033042e+00	-6.285136000000000056e-01	1.110565708522440964e+00
9.199199199199199484e-01	4.399706090172731621e+00	-8.162955600000000311e-01	1.273734140191629116e+00
9.209209209209209268e-01	4.405944264438086400e+00	-7.644936400000000853e-01	1.339001512859304244e+00
9.219219219219219053e-01	4.412973017970807987e+00	-7.644936400000000853e-01	1.241100453857791219e+00
9.229229229229228837e-01	4.418833649447186929e+00	-6.414640799999999921e-01	1.143199394856278639e+00
9.239239239239238621e-01	4.422335327571089714e+00	-5.896621600000000463e-01	1.110565708522440964e+00
9.249249249249249516e-01	4.423587491370831515e+00	-4.213059199999999449e-01	1.045298335854765615e+00
9.259259259259259300e-01	4.422312042850536251e+00	-2.918011200000000249e-01	8.821299041855775735e-01
9.269269269269269085e-01	4.418138338304272494e+00	1.226142399999999993e-01	4.905256681795260310e-01
9.279279279279278869e-01	4.411416730713829892e+00	4.722772000000000081e-01	3.273572365103378790e-01
9.289289289289288654e-01	4.402588932426742652e+00	5.823562799999999484e-01	1.315551185073121632e-01
9.299299299299299548e-01	4.392339989837753755e+00	9.190687600000001511e-01	-9.688068582955121355e-02
9.309309309309309333e-01	4.383408405146814957e+00	1.042098320000000022e+00	-3.905838628340898566e-01
9.319319319319319117e-01	4.378860745872501958e+00	7.507125199999999943e-01	2.947235501765002597e-01
9.329329329329328901e-01	4.377715039635095451e+00	1.035623080000000140e+00	-8.474554715078166378e-01
9.339339339339339796e-01	4.376777588095945859e+00	7.183363200000001392e-01	-1.947817448310640853e-01
9.349349349349349581e-01	4.375856301613922028e+00	8.737420800000000876e-01	-2.600491174987393794e-01
9.359359359359359365e-01	4.376828760394569251e+00	2.650695199999999474e-01	-6.424699949571360813e-02
9.369369369369369149e-01	4.380156763804634146e+00	-1.104944000000000065e-01	5.557930408472013806e-01
9.379379379379378934e-01	4.385295727818342648e+00	-4.860583200000000437e-01	8.821299041855775735e-01
9.389389389389389828e-01	4.392176012165946553e+00	-6.090878800000000259e-01	1.110565708522440964e+00
9.399399399399399613e-01	4.400514829936809313e+00	-8.357212800000000108e-01	1.273734140191629116e+00
9.409409409409409397e-01	4.408595512522930804e+00	-7.644936400000000853e-01	1.306367826525466569e+00
9.419419419419419182e-01	4.414477588264550612e+00	-7.580183999999999811e-01	1.241100453857791219e+00
9.429429429429428966e-01	4.418494443920987891e+00	-6.738402799999999582e-01	1.175833081190116092e+00
9.439439439439439861e-01	4.421699075773130261e+00	-5.896621600000000463e-01	1.077932022188603289e+00
9.449449449449449645e-01	4.422971476443186667e+00	-4.342563999999999869e-01	1.045298335854765615e+00
9.459459459459459429e-01	4.421279561625071075e+00	-2.918011200000000249e-01	8.494962178517398987e-01
9.469469469469469214e-01	4.417155500817116831e+00	1.031885200000000058e-01	5.231593545133637058e-01
9.479479479479478998e-01	4.410720670995750936e+00	4.658019600000000704e-01	2.947235501765002597e-01
9.489489489489489893e-01	4.402411128838363830e+00	5.953067600000000459e-01	1.315551185073121632e-01
9.499499499499499677e-01	4.393367052222341584e+00	9.190687600000001511e-01	-1.621480584972264660e-01
9.509509509509509462e-01	4.384621708734375289e+00	1.042098320000000022e+00	-3.905838628340898566e-01
9.519519519519519246e-01	4.378412563862275952e+00	7.312868000000000146e-01	3.273572365103378790e-01
9.529529529529529031e-01	4.376467509707213210e+00	1.022672600000000154e+00	-6.842870398386284858e-01
9.539539539539539925e-01	4.376766906912980204e+00	7.053858400000000417e-01	-1.621480584972264660e-01
9.549549549549549710e-01	4.376273689584569304e+00	8.607915999999999901e-01	-1.947817448310640853e-01
9.559559559559559494e-01	4.375668318642849108e+00	3.168714400000000042e-01	-6.424699949571360813e-02
9.569569569569569278e-01	4.378063610478760914e+00	-1.234448800000000068e-01	5.557930408472013806e-01
9.579579579579579063e-01	4.383905505212928766e+00	-4.860583200000000437e-01	9.147635905194151373e-01
9.589589589589589957e-01	4.390935857272618925e+00	-6.414640799999999921e-01	1.110565708522440964e+00
9.599599599599599742e-01	4.398307631302831311e+00	-8.421965199999998930e-01	1.241100453857791219e+00
9.609609609609609526e-01	4.406420619190588361e+00	-7.515431599999999879e-01	1.339001512859304244e+00
9.619619619619619311e-01	4.414056604936175354e+00	-7.839193599999999540e-01	1.208466767523953767e+00
9.629629629629629095e-01	4.419402271930456649e+00	-6.803155199999999514e-01	1.208466767523953767e+00
9.639639639639639990e-01	4.422250397228008723e+00	-6.026126399999999217e-01	1.077932022188603289e+00
9.649649649649649774e-01	4.423044823438189610e+00	-4.277811600000000491e-01	1.045298335854765615e+00
9.659659659659659559e-01	4.421738037943650390e+00	-3.177020799999999978e-01	8.821299041855775735e-01
9.669669669669669343e-01	4.418316657127244973e+00	1.031885200000000058e-01	4.578919818456884672e-01
9.679679679679679127e-01	4.413272979638489524e+00	4.593267200000000772e-01	3.273572365103378790e-01
9.689689689689690022e-01	4.406243464570901658e+00	5.758810400000000662e-01	1.968224911749873740e-01
9.699699699699699806e-01	4.395994543504473384e+00	9.320192400000000266e-01	-9.688068582955121355e-02
9.709709709709709591e-01	4.384720845495249542e+00	1.003246880000000063e+00	-3.579501765002521818e-01
9.719719719719719375e-01	4.377658771554013839e+00	7.248115600000000214e-01	2.947235501765002597e-01
9.729729729729729160e-01	4.376222130558775625e+00	1.022672600000000154e+00	-7.169207261724660496e-01
9.739739739739740054e-01	4.376989458620683671e+00	7.118610800000001460e-01	-1.621480584972264660e-01
9.749749749749749839e-01	4.376810472284450526e+00	8.607915999999999901e-01	-2.926828038325769432e-01
9.759759759759759623e-01	4.375923156134757797e+00	3.427723999999999771e-01	-6.424699949571360813e-02
9.769769769769769407e-01	4.377597359717528391e+00	-1.363953600000000210e-01	5.557930408472013806e-01
9.779779779779779192e-01	4.383826639413515913e+00	-4.860583200000000437e-01	9.473972768532528121e-01
9.789789789789790087e-01	4.392360223710265466e+00	-6.414640799999999921e-01	1.175833081190116092e+00
9.799799799799799871e-01	4.400198699467143371e+00	-8.227708000000000244e-01	1.273734140191629116e+00
9.809809809809809655e-01	4.406704225624647364e+00	-7.709688800000000786e-01	1.371635199193141919e+00
9.819819819819819440e-01	4.412825326908157209e+00	-7.839193599999999540e-01	1.175833081190116092e+00
9.829829829829829224e-01	4.418785333178062658e+00	-6.738402799999999582e-01	1.208466767523953767e+00
9.839839839839840119e-01	4.422728864652585301e+00	-6.090878800000000259e-01	1.110565708522440964e+00
9.849849849849849903e-01	4.423117427799017065e+00	-4.407316399999999801e-01	1.012664649520927940e+00
9.859859859859859688e-01	4.420934866854085321e+00	-3.177020799999999978e-01	8.821299041855775735e-01
9.869869869869869472e-01	4.417661614284805971e+00	9.671327999999999869e-02	5.231593545133637058e-01
9.879879879879879256e-01	4.412595406172084012e+00	4.463762399999999797e-01	2.947235501765002597e-01
9.889889889889890151e-01	4.404246629255615275e+00	5.564553199999999755e-01	2.294561775088249655e-01
9.899899899899899935e-01	4.393335956523640284e+00	9.255440000000001444e-01	-1.295143721633888190e-01
9.909909909909909720e-01	4.383138857921620613e+00	1.022672600000000154e+00	-3.905838628340898566e-01
9.919919919919919504e-01	4.377560758308019828e+00	7.312868000000000146e-01	3.273572365103378790e-01
9.929929929929930399e-01	4.376838270727530400e+00	1.029147840000000036e+00	-7.169207261724660496e-01
9.939939939939940183e-01	4.376890703357993573e+00	6.924353600000000553e-01	-1.295143721633888190e-01
9.949949949949949968e-01	4.375531974275419955e+00	8.478411200000001147e-01	-2.600491174987393794e-01
9.959959959959959752e-01	4.374940990097154092e+00	2.262180799999999881e-01	-6.424699949571360813e-02
9.969969969969969537e-01	4.377961364163996727e+00	-9.754392000000000618e-02	5.557930408472013806e-01
9.979979979979980431e-01	4.384800258322611555e+00	-5.119592800000000166e-01	9.473972768532528121e-01
9.989989989989990216e-01	4.393127405900226101e+00	-6.414640799999999921e-01	1.143199394856278639e+00
1.000000000000000000e+00	4.401193640059265277e+00	-8.292460400000000176e-01	1.273734140191629116e+00
