Time(s)\disp(mm)\Force(Lb)\Force(Lb)
0.000000000000000000e+00	4.356030955569452523e+00	-3.926676000000000472e-02	6.536940998487140719e-01
1.001001001001000992e-03	4.355788722730217444e+00	-5.869248000000000520e-02	6.210604135148766192e-01
2.002002002002001985e-03	4.356305231375037224e+00	7.081231999999999804e-02	6.536940998487140719e-01
3.003003003003002977e-03	4.356405787857272394e+00	7.728756000000000514e-02	6.536940998487140719e-01
4.004004004004003969e-03	4.356057960478942448e+00	-1.336580000000000407e-02	6.863277861825517467e-01
5.005005005005004962e-03	4.356533209854631217e+00	6.433707999999999094e-02	6.536940998487140719e-01
6.006006006006005954e-03	4.357267310049921072e+00	1.355647199999999997e-01	6.210604135148766192e-01
7.007007007007006946e-03	4.356824323603163407e+00	-7.811819999999999875e-02	5.884267271810389444e-01
8.008008008008007939e-03	4.356112971529233491e+00	9.671327999999999869e-02	6.863277861825517467e-01
9.009009009009008931e-03	4.356622929974355962e+00	-7.811819999999999875e-02	7.189614725163894215e-01
1.001001001001000992e-02	4.357647875933030157e+00	-2.631628000000000439e-02	7.189614725163894215e-01
1.101101101101101092e-02	4.358376533428532262e+00	-1.752468000000000081e-01	6.536940998487140719e-01
1.201201201201201191e-02	4.358792697759510837e+00	-3.926676000000000472e-02	6.863277861825517467e-01
1.301301301301301290e-02	4.358928926920592417e+00	-4.574200000000000488e-02	7.189614725163894215e-01
1.401401401401401389e-02	4.359588772125403189e+00	-1.104944000000000065e-01	7.189614725163894215e-01
1.501501501501501488e-02	4.360551805953016391e+00	-1.299201200000000000e-01	7.515951588502269853e-01
1.601601601601601588e-02	4.360358347542522495e+00	4.491135999999999739e-02	7.189614725163894215e-01
1.701701701701701513e-02	4.359462047994981937e+00	-1.493458400000000075e-01	7.842288451840646601e-01
1.801801801801801786e-02	4.359126597823268945e+00	-2.631628000000000439e-02	7.842288451840646601e-01
1.901901901901902059e-02	4.359359584131547116e+00	-9.106868000000001295e-02	6.863277861825517467e-01
2.002002002002001985e-02	4.359893032712578886e+00	-1.299201200000000000e-01	7.842288451840646601e-01
2.102102102102101910e-02	4.360227769840321344e+00	6.059919999999996421e-03	7.515951588502269853e-01
2.202202202202202183e-02	4.359871594815456497e+00	-2.788506400000000385e-01	6.863277861825517467e-01
2.302302302302302456e-02	4.359302896600459221e+00	-6.516772000000001230e-02	7.842288451840646601e-01
2.402402402402402382e-02	4.359233787308879116e+00	-1.493458400000000075e-01	7.842288451840646601e-01
2.502502502502502307e-02	4.359802173181510199e+00	-7.811819999999999875e-02	7.189614725163894215e-01
2.602602602602602580e-02	4.360573003955857452e+00	-2.205734800000000162e-01	7.842288451840646601e-01
2.702702702702702853e-02	4.361076808654543946e+00	-1.336580000000000407e-02	8.494962178517398987e-01
2.802802802802802778e-02	4.361539065879262544e+00	-1.299201200000000000e-01	8.168625315179022239e-01
2.902902902902902704e-02	4.362129628963861805e+00	-1.752468000000000081e-01	8.494962178517398987e-01
3.003003003003002977e-02	4.362767031990553157e+00	-1.363953600000000210e-01	8.821299041855775735e-01
3.103103103103103250e-02	4.363737981363491336e+00	-2.205734800000000162e-01	7.842288451840646601e-01
3.203203203203203175e-02	4.364469438557847525e+00	-1.428706000000000143e-01	8.821299041855775735e-01
3.303303303303303101e-02	4.363907667244708577e+00	-2.464744400000000168e-01	8.494962178517398987e-01
3.403403403403403027e-02	4.363063298201220519e+00	-2.335239600000000026e-01	8.821299041855775735e-01
3.503503503503503647e-02	4.363790265847382166e+00	-1.299201200000000000e-01	8.821299041855775735e-01
3.603603603603603572e-02	4.364779601194470615e+00	-2.659001599999999965e-01	9.147635905194151373e-01
3.703703703703703498e-02	4.363488632920249799e+00	-2.982763600000000181e-01	8.821299041855775735e-01
3.803803803803804118e-02	4.361742411600693536e+00	-2.464744400000000168e-01	9.147635905194151373e-01
3.903903903903904044e-02	4.362906765590763847e+00	-2.659001599999999965e-01	9.147635905194151373e-01
4.004004004004003969e-02	4.365703914722049106e+00	-2.659001599999999965e-01	9.147635905194151373e-01
4.104104104104103895e-02	4.366699602494811039e+00	-2.335239600000000026e-01	9.147635905194151373e-01
4.204204204204203821e-02	4.365880971334441973e+00	-2.076230000000000020e-01	9.147635905194151373e-01
4.304304304304304440e-02	4.365433334146761268e+00	-1.881972800000000223e-01	9.473972768532528121e-01
4.404404404404404366e-02	4.365875261117948547e+00	-2.723753999999999897e-01	9.473972768532528121e-01
4.504504504504504292e-02	4.366729041041400805e+00	-1.946725200000000155e-01	9.147635905194151373e-01
4.604604604604604912e-02	4.367405176664255428e+00	-2.918011200000000249e-01	9.473972768532528121e-01
4.704704704704704837e-02	4.366911911460576334e+00	-2.011477600000000088e-01	9.473972768532528121e-01
4.804804804804804763e-02	4.365758592471737920e+00	-1.881972800000000223e-01	9.800309631870904870e-01
4.904904904904904689e-02	4.365355337480753661e+00	-2.335239600000000026e-01	9.473972768532528121e-01
5.005005005005004615e-02	4.365744627781842802e+00	-2.529496800000000101e-01	1.012664649520927940e+00
5.105105105105105234e-02	4.366984712071680264e+00	-3.047516000000000114e-01	9.800309631870904870e-01
5.205205205205205160e-02	4.369147710973465770e+00	-3.177020799999999978e-01	9.147635905194151373e-01
5.305305305305305086e-02	4.370474014524122985e+00	-3.306525599999999843e-01	1.012664649520927940e+00
5.405405405405405705e-02	4.369652062260376724e+00	-3.306525599999999843e-01	9.800309631870904870e-01
5.505505505505505631e-02	4.367981355535426324e+00	-2.918011200000000249e-01	9.800309631870904870e-01
5.605605605605605557e-02	4.367404648496635566e+00	-2.918011200000000249e-01	9.800309631870904870e-01
5.705705705705705483e-02	4.368575386426853058e+00	-2.788506400000000385e-01	1.012664649520927940e+00
5.805805805805805409e-02	4.370348514633734638e+00	-2.464744400000000168e-01	1.045298335854765615e+00
5.905905905905906028e-02	4.370849281786472140e+00	-2.982763600000000181e-01	1.012664649520927940e+00
6.006006006006005954e-02	4.369987129312539409e+00	-4.018802000000000207e-01	1.045298335854765615e+00
6.106106106106105880e-02	4.369157210185378837e+00	-4.277811600000000491e-01	1.045298335854765615e+00
6.206206206206206499e-02	4.369211575102609046e+00	-4.795830800000000504e-01	1.012664649520927940e+00
6.306306306306305731e-02	4.370344900993364590e+00	-4.925335599999999814e-01	1.045298335854765615e+00
6.406406406406406351e-02	4.371717219393775444e+00	-4.990087999999999191e-01	1.012664649520927940e+00
6.506506506506506970e-02	4.371601671185495697e+00	-4.083554400000000140e-01	1.045298335854765615e+00
6.606606606606606202e-02	4.370004239304759786e+00	-4.213059199999999449e-01	1.012664649520927940e+00
6.706706706706706822e-02	4.369564202663683616e+00	-4.472068799999999733e-01	1.045298335854765615e+00
6.806806806806806054e-02	4.371921987538598842e+00	-4.731078399999999462e-01	1.077932022188603289e+00
6.906906906906906674e-02	4.374677755593338269e+00	-5.313849999999999962e-01	1.045298335854765615e+00
7.007007007007007293e-02	4.374673809672631641e+00	-4.148306800000000072e-01	1.110565708522440964e+00
7.107107107107106525e-02	4.372797280293063693e+00	-5.054840400000000233e-01	1.110565708522440964e+00
7.207207207207207145e-02	4.372135881802126534e+00	-5.313849999999999962e-01	1.143199394856278639e+00
7.307307307307307764e-02	4.373112091155960002e+00	-5.184345200000000098e-01	1.110565708522440964e+00
7.407407407407406996e-02	4.373739006302813870e+00	-4.148306800000000072e-01	1.077932022188603289e+00
7.507507507507507616e-02	4.373103701278856725e+00	-4.407316399999999801e-01	1.077932022188603289e+00
7.607607607607608236e-02	4.372512675178283459e+00	-4.925335599999999814e-01	1.143199394856278639e+00
7.707707707707707467e-02	4.373675585108449226e+00	-4.018802000000000207e-01	1.143199394856278639e+00
7.807807807807808087e-02	4.375758471135169358e+00	-2.853258800000000317e-01	1.143199394856278639e+00
7.907907907907907319e-02	4.376107160017094877e+00	-4.407316399999999801e-01	1.175833081190116092e+00
8.008008008008007939e-02	4.375073490545653421e+00	-4.083554400000000140e-01	1.143199394856278639e+00
8.108108108108108558e-02	4.375163869043415588e+00	-4.342563999999999869e-01	1.143199394856278639e+00
8.208208208208207790e-02	4.375937578125859595e+00	-5.184345200000000098e-01	1.175833081190116092e+00
8.308308308308308410e-02	4.375882973687231114e+00	-5.443354799999999827e-01	1.143199394856278639e+00
8.408408408408407642e-02	4.375619810383490460e+00	-5.961373999999999285e-01	1.143199394856278639e+00
8.508508508508508261e-02	4.375857058517496512e+00	-4.731078399999999462e-01	1.143199394856278639e+00
8.608608608608608881e-02	4.376662329257496431e+00	-4.666325999999999530e-01	1.143199394856278639e+00
8.708708708708708113e-02	4.377802511181702272e+00	-5.961373999999999285e-01	1.175833081190116092e+00
8.808808808808808732e-02	4.378252182624664535e+00	-5.961373999999999285e-01	1.208466767523953767e+00
8.908908908908909352e-02	4.377864686384384640e+00	-5.119592800000000166e-01	1.208466767523953767e+00
9.009009009009008584e-02	4.377706808706091302e+00	-4.342563999999999869e-01	1.208466767523953767e+00
9.109109109109109204e-02	4.378055248793693011e+00	-5.184345200000000098e-01	1.143199394856278639e+00
9.209209209209209823e-02	4.378552843420491669e+00	-4.925335599999999814e-01	1.208466767523953767e+00
9.309309309309309055e-02	4.379358765424771427e+00	-3.954049599999999165e-01	1.241100453857791219e+00
9.409409409409409675e-02	4.379876497061752083e+00	-6.026126399999999217e-01	1.241100453857791219e+00
9.509509509509508907e-02	4.378874302097818472e+00	-6.026126399999999217e-01	1.208466767523953767e+00
9.609609609609609526e-02	4.377779383938751323e+00	-5.443354799999999827e-01	1.208466767523953767e+00
9.709709709709710146e-02	4.378804854568723037e+00	-5.313849999999999962e-01	1.208466767523953767e+00
9.809809809809809378e-02	4.380674854736795965e+00	-6.285136000000000056e-01	1.208466767523953767e+00
9.909909909909909997e-02	4.381378713929984237e+00	-8.033450799999999337e-01	1.208466767523953767e+00
1.001001001001000923e-01	4.381289896239059622e+00	-5.313849999999999962e-01	1.208466767523953767e+00
1.011011011011010985e-01	4.381059403029177624e+00	-5.443354799999999827e-01	1.241100453857791219e+00
1.021021021021021047e-01	4.380558664436517979e+00	-5.961373999999999285e-01	1.306367826525466569e+00
1.031031031031030970e-01	4.380401409072755214e+00	-4.925335599999999814e-01	1.273734140191629116e+00
1.041041041041041032e-01	4.380985592030024023e+00	-5.767116799999999488e-01	1.208466767523953767e+00
1.051051051051051094e-01	4.381323261992611684e+00	-5.637612000000000734e-01	1.273734140191629116e+00
1.061061061061061017e-01	4.381664324561138635e+00	-6.544145599999999785e-01	1.339001512859304244e+00
1.071071071071071079e-01	4.383140981868859143e+00	-5.961373999999999285e-01	1.208466767523953767e+00
1.081081081081081141e-01	4.384692200649780602e+00	-5.831869200000000530e-01	1.273734140191629116e+00
1.091091091091091064e-01	4.384694496569442101e+00	-6.544145599999999785e-01	1.241100453857791219e+00
1.101101101101101126e-01	4.383409675614084122e+00	-6.220383600000000124e-01	1.273734140191629116e+00
1.111111111111111049e-01	4.382755598218265547e+00	-6.349888400000001099e-01	1.208466767523953767e+00
1.121121121121121111e-01	4.383895172590270839e+00	-6.349888400000001099e-01	1.273734140191629116e+00
1.131131131131131173e-01	4.385308274755911562e+00	-5.767116799999999488e-01	1.241100453857791219e+00
1.141141141141141097e-01	4.385610137488328064e+00	-7.774441199999999608e-01	1.339001512859304244e+00
1.151151151151151159e-01	4.385312800759132656e+00	-7.644936400000000853e-01	1.306367826525466569e+00
1.161161161161161082e-01	4.384871116282239356e+00	-7.385926799999998904e-01	1.339001512859304244e+00
1.171171171171171144e-01	4.384405679061897487e+00	-6.544145599999999785e-01	1.339001512859304244e+00
1.181181181181181206e-01	4.384244856901233334e+00	-7.126917200000000285e-01	1.306367826525466569e+00
1.191191191191191129e-01	4.384825750662865396e+00	-8.033450799999999337e-01	1.306367826525466569e+00
1.201201201201201191e-01	4.386232368103748946e+00	-7.774441199999999608e-01	1.208466767523953767e+00
1.211211211211211253e-01	4.387394219903643311e+00	-5.831869200000000530e-01	1.371635199193141919e+00
1.221221221221221176e-01	4.387478891717702112e+00	-6.155631200000000192e-01	1.306367826525466569e+00
1.231231231231231238e-01	4.387454086025536881e+00	-7.062164799999999243e-01	1.404268885526979593e+00
1.241241241241241300e-01	4.388048503989911531e+00	-7.321174399999998972e-01	1.371635199193141919e+00
1.251251251251251362e-01	4.388708197202749517e+00	-7.709688800000000786e-01	1.339001512859304244e+00
1.261261261261261146e-01	4.389238794751797457e+00	-7.580183999999999811e-01	1.371635199193141919e+00
1.271271271271271208e-01	4.389487218316279638e+00	-7.256422000000000150e-01	1.339001512859304244e+00
1.281281281281281270e-01	4.389054636777097507e+00	-6.803155199999999514e-01	1.306367826525466569e+00
1.291291291291291332e-01	4.388577113037103850e+00	-7.321174399999998972e-01	1.339001512859304244e+00
1.301301301301301394e-01	4.388969293863408616e+00	-7.644936400000000853e-01	1.371635199193141919e+00
1.311311311311311179e-01	4.389913301879150076e+00	-7.839193599999999540e-01	1.339001512859304244e+00
1.321321321321321240e-01	4.390501864750111061e+00	-6.544145599999999785e-01	1.404268885526979593e+00
1.331331331331331302e-01	4.390333472974874418e+00	-6.026126399999999217e-01	1.371635199193141919e+00
1.341341341341341364e-01	4.389755336642286565e+00	-6.932660000000000489e-01	1.436902571860817046e+00
1.351351351351351426e-01	4.389821679277960520e+00	-7.580183999999999811e-01	1.371635199193141919e+00
1.361361361361361211e-01	4.391029223542791016e+00	-9.069489200000000473e-01	1.371635199193141919e+00
1.371371371371371273e-01	4.392472270363724896e+00	-8.421965199999998930e-01	1.339001512859304244e+00
1.381381381381381335e-01	4.393332339976161016e+00	-8.098203199999999269e-01	1.404268885526979593e+00
1.391391391391391397e-01	4.393807626143451550e+00	-7.515431599999999879e-01	1.404268885526979593e+00
1.401401401401401459e-01	4.394130507642967309e+00	-6.803155199999999514e-01	1.469536258194654943e+00
1.411411411411411521e-01	4.394017520967643087e+00	-5.961373999999999285e-01	1.436902571860817046e+00
1.421421421421421305e-01	4.393729228647720753e+00	-7.903945999999999472e-01	1.469536258194654943e+00
1.431431431431431367e-01	4.393931862532376442e+00	-7.709688800000000786e-01	1.371635199193141919e+00
1.441441441441441429e-01	4.394502379522522872e+00	-7.644936400000000853e-01	1.436902571860817046e+00
1.451451451451451491e-01	4.395072273749653036e+00	-7.385926799999998904e-01	1.436902571860817046e+00
1.461461461461461553e-01	4.395282885848175169e+00	-9.198994000000000337e-01	1.436902571860817046e+00
1.471471471471471337e-01	4.395006308320220434e+00	-8.745727199999999701e-01	1.404268885526979593e+00
1.481481481481481399e-01	4.394844829598683056e+00	-7.321174399999998972e-01	1.404268885526979593e+00
1.491491491491491461e-01	4.395098045109412155e+00	-7.580183999999999811e-01	1.469536258194654943e+00
1.501501501501501523e-01	4.395856305340110737e+00	-8.292460400000000176e-01	1.436902571860817046e+00
1.511511511511511585e-01	4.397122656093299220e+00	-7.774441199999999608e-01	1.436902571860817046e+00
1.521521521521521647e-01	4.397752706009872448e+00	-6.544145599999999785e-01	1.469536258194654943e+00
1.531531531531531432e-01	4.397428584848835698e+00	-8.033450799999999337e-01	1.469536258194654943e+00
1.541541541541541493e-01	4.397908157697921538e+00	-6.803155199999999514e-01	1.436902571860817046e+00
1.551551551551551555e-01	4.399422889340826259e+00	-8.033450799999999337e-01	1.436902571860817046e+00
1.561561561561561617e-01	4.400097179479082854e+00	-9.004736800000000541e-01	1.502169944528492396e+00
1.571571571571571679e-01	4.399696465081389896e+00	-6.803155199999999514e-01	1.436902571860817046e+00
1.581581581581581464e-01	4.399352928552118236e+00	-7.968698400000000515e-01	1.469536258194654943e+00
1.591591591591591526e-01	4.399406127865496785e+00	-8.292460400000000176e-01	1.469536258194654943e+00
1.601601601601601588e-01	4.399956701473000997e+00	-8.486717599999999972e-01	1.469536258194654943e+00
1.611611611611611650e-01	4.400874575420295365e+00	-8.162955600000000311e-01	1.469536258194654943e+00
1.621621621621621712e-01	4.401260092024021020e+00	-7.903945999999999472e-01	1.502169944528492396e+00
1.631631631631631496e-01	4.400717781606100054e+00	-9.069489200000000473e-01	1.469536258194654943e+00
1.641641641641641558e-01	4.400363174665845811e+00	-7.968698400000000515e-01	1.502169944528492396e+00
1.651651651651651620e-01	4.401026452366339825e+00	-8.292460400000000176e-01	1.469536258194654943e+00
1.661661661661661682e-01	4.401932221974264259e+00	-7.774441199999999608e-01	1.469536258194654943e+00
1.671671671671671744e-01	4.402676643338574891e+00	-7.450679199999999947e-01	1.469536258194654943e+00
1.681681681681681528e-01	4.403451120640375471e+00	-9.263746400000000270e-01	1.534803630862329848e+00
1.691691691691691590e-01	4.403339447333240564e+00	-8.227708000000000244e-01	1.502169944528492396e+00
1.701701701701701652e-01	4.401968591063861069e+00	-8.745727199999999701e-01	1.502169944528492396e+00
1.711711711711711714e-01	4.401057854112488954e+00	-9.458003599999998956e-01	1.469536258194654943e+00
1.721721721721721776e-01	4.401817670988009468e+00	-7.580183999999999811e-01	1.502169944528492396e+00
1.731731731731731838e-01	4.403211988854017989e+00	-9.134241599999999295e-01	1.534803630862329848e+00
1.741741741741741623e-01	4.404205721019630815e+00	-8.162955600000000311e-01	1.534803630862329848e+00
1.751751751751751685e-01	4.405114105073646869e+00	-8.680974800000000879e-01	1.534803630862329848e+00
1.761761761761761746e-01	4.405919094073285969e+00	-9.458003599999998956e-01	1.567437317196167523e+00
1.771771771771771808e-01	4.405765315322138775e+00	-9.781765600000000838e-01	1.502169944528492396e+00
1.781781781781781870e-01	4.404959781737914248e+00	-8.680974800000000879e-01	1.600071003530005198e+00
1.791791791791791655e-01	4.404974070190779578e+00	-8.227708000000000244e-01	1.502169944528492396e+00
1.801801801801801717e-01	4.405656860977006595e+00	-8.745727199999999701e-01	1.567437317196167523e+00
1.811811811811811779e-01	4.405724909010960033e+00	-8.939984399999999498e-01	1.567437317196167523e+00
1.821821821821821841e-01	4.405779119597305282e+00	-8.745727199999999701e-01	1.567437317196167523e+00
1.831831831831831903e-01	4.407029253800455848e+00	-9.781765600000000838e-01	1.502169944528492396e+00
1.841841841841841965e-01	4.408530265785768343e+00	-8.357212800000000108e-01	1.600071003530005198e+00
1.851851851851851749e-01	4.408488611401731205e+00	-8.551469999999999905e-01	1.600071003530005198e+00
1.861861861861861811e-01	4.406955527772346670e+00	-8.292460400000000176e-01	1.600071003530005198e+00
1.871871871871871873e-01	4.405955319873417153e+00	-9.134241599999999295e-01	1.600071003530005198e+00
1.881881881881881935e-01	4.406961966225457772e+00	-1.010552759999999939e+00	1.600071003530005198e+00
1.891891891891891997e-01	4.408823090853720927e+00	-8.875231999999999566e-01	1.534803630862329848e+00
1.901901901901901781e-01	4.409334428950084650e+00	-8.551469999999999905e-01	1.600071003530005198e+00
1.911911911911911843e-01	4.408367798808002114e+00	-8.357212800000000108e-01	1.502169944528492396e+00
1.921921921921921905e-01	4.407638545597258428e+00	-9.134241599999999295e-01	1.534803630862329848e+00
1.931931931931931967e-01	4.408231780102012998e+00	-9.976022799999999524e-01	1.567437317196167523e+00
1.941941941941942029e-01	4.409586894980501270e+00	-1.010552759999999939e+00	1.567437317196167523e+00
1.951951951951951814e-01	4.410339539813532106e+00	-9.069489200000000473e-01	1.600071003530005198e+00
1.961961961961961876e-01	4.410465302622172068e+00	-9.652260799999999863e-01	1.534803630862329848e+00
1.971971971971971938e-01	4.411210687128323649e+00	-9.198994000000000337e-01	1.567437317196167523e+00
1.981981981981981999e-01	4.412446417117479314e+00	-9.198994000000000337e-01	1.534803630862329848e+00
1.991991991991992061e-01	4.413075953256629269e+00	-9.976022799999999524e-01	1.502169944528492396e+00
2.002002002002001846e-01	4.413063009381885671e+00	-9.134241599999999295e-01	1.534803630862329848e+00
2.012012012012011908e-01	4.412722185190185442e+00	-8.486717599999999972e-01	1.600071003530005198e+00
2.022022022022021970e-01	4.412400473879359630e+00	-9.198994000000000337e-01	1.534803630862329848e+00
2.032032032032032032e-01	4.412979527460543672e+00	-8.551469999999999905e-01	1.567437317196167523e+00
2.042042042042042094e-01	4.414086383770372990e+00	-9.522755999999999998e-01	1.632704689863842651e+00
2.052052052052052156e-01	4.414298308194450904e+00	-9.263746400000000270e-01	1.567437317196167523e+00
2.062062062062061940e-01	4.413833369655389305e+00	-9.393251199999999024e-01	1.632704689863842651e+00
2.072072072072072002e-01	4.413655480389473418e+00	-8.680974800000000879e-01	1.534803630862329848e+00
2.082082082082082064e-01	4.413665544454276279e+00	-1.004077520000000057e+00	1.600071003530005198e+00
2.092092092092092126e-01	4.413684600195819208e+00	-9.587508399999999931e-01	1.567437317196167523e+00
2.102102102102102188e-01	4.414089154346065413e+00	-8.486717599999999972e-01	1.567437317196167523e+00
2.112112112112111972e-01	4.414989064592590218e+00	-8.745727199999999701e-01	1.600071003530005198e+00
2.122122122122122034e-01	4.415897097345789390e+00	-9.781765600000000838e-01	1.600071003530005198e+00
2.132132132132132096e-01	4.416333068134187023e+00	-9.458003599999998956e-01	1.567437317196167523e+00
2.142142142142142158e-01	4.416334805473836944e+00	-1.004077520000000057e+00	1.632704689863842651e+00
2.152152152152152220e-01	4.416164492216404724e+00	-8.357212800000000108e-01	1.567437317196167523e+00
2.162162162162162282e-01	4.416082390855178730e+00	-9.328498800000000202e-01	1.600071003530005198e+00
2.172172172172172067e-01	4.416668299611372639e+00	-8.745727199999999701e-01	1.567437317196167523e+00
2.182182182182182129e-01	4.417995525868954054e+00	-9.263746400000000270e-01	1.600071003530005198e+00
2.192192192192192191e-01	4.418832163738569463e+00	-8.616222399999999837e-01	1.600071003530005198e+00
2.202202202202202252e-01	4.418478106423140872e+00	-8.745727199999999701e-01	1.632704689863842651e+00
2.212212212212212314e-01	4.417890503028471194e+00	-8.551469999999999905e-01	1.600071003530005198e+00
2.222222222222222099e-01	4.417851265233589508e+00	-8.875231999999999566e-01	1.600071003530005198e+00
2.232232232232232161e-01	4.418031181442385602e+00	-9.458003599999998956e-01	1.567437317196167523e+00
2.242242242242242223e-01	4.417784310097237821e+00	-1.036453719999999912e+00	1.567437317196167523e+00
2.252252252252252285e-01	4.417292416239126496e+00	-1.114156600000000052e+00	1.665338376197680104e+00
2.262262262262262347e-01	4.417976526675027493e+00	-1.029978480000000030e+00	1.567437317196167523e+00
2.272272272272272131e-01	4.419911618185022206e+00	-1.017028000000000043e+00	1.600071003530005198e+00
2.282282282282282193e-01	4.421071959493990455e+00	-9.652260799999999863e-01	1.632704689863842651e+00
2.292292292292292255e-01	4.420825924880438684e+00	-1.036453719999999912e+00	1.600071003530005198e+00
2.302302302302302317e-01	4.419870610029697389e+00	-1.042928960000000016e+00	1.600071003530005198e+00
2.312312312312312379e-01	4.418575370771137933e+00	-9.911270399999999592e-01	1.632704689863842651e+00
2.322322322322322163e-01	4.418128785987397222e+00	-9.328498800000000202e-01	1.600071003530005198e+00
2.332332332332332225e-01	4.419455412713348075e+00	-9.263746400000000270e-01	1.567437317196167523e+00
2.342342342342342287e-01	4.421417525406790006e+00	-1.017028000000000043e+00	1.600071003530005198e+00
2.352352352352352349e-01	4.422280203178479141e+00	-1.055879440000000002e+00	1.600071003530005198e+00
2.362362362362362411e-01	4.421826732389873449e+00	-1.042928960000000016e+00	1.600071003530005198e+00
2.372372372372372473e-01	4.421178527042877171e+00	-9.911270399999999592e-01	1.697972062531518000e+00
2.382382382382382258e-01	4.421100883651204683e+00	-1.010552759999999939e+00	1.665338376197680104e+00
2.392392392392392320e-01	4.421618371671877767e+00	-9.652260799999999863e-01	1.469536258194654943e+00
2.402402402402402382e-01	4.422537702810521942e+00	-8.680974800000000879e-01	1.600071003530005198e+00
2.412412412412412444e-01	4.423426401752959869e+00	-9.328498800000000202e-01	1.567437317196167523e+00
2.422422422422422505e-01	4.423842546321853142e+00	-9.522755999999999998e-01	1.697972062531518000e+00
2.432432432432432290e-01	4.423847352655646326e+00	-9.911270399999999592e-01	1.632704689863842651e+00
2.442442442442442352e-01	4.423776575823115564e+00	-8.810479599999999634e-01	1.632704689863842651e+00
2.452452452452452414e-01	4.423695394307795681e+00	-1.010552759999999939e+00	1.665338376197680104e+00
2.462462462462462476e-01	4.423703910734085198e+00	-9.069489200000000473e-01	1.567437317196167523e+00
2.472472472472472538e-01	4.424186193492206876e+00	-9.587508399999999931e-01	1.600071003530005198e+00
2.482482482482482600e-01	4.425042227196868794e+00	-9.781765600000000838e-01	1.632704689863842651e+00
2.492492492492492384e-01	4.425575133882946766e+00	-9.911270399999999592e-01	1.665338376197680104e+00
2.502502502502502724e-01	4.425448547807905086e+00	-9.587508399999999931e-01	1.632704689863842651e+00
2.512512512512512508e-01	4.425114246652793071e+00	-9.717013200000000905e-01	1.600071003530005198e+00
2.522522522522522292e-01	4.425017729398382116e+00	-8.810479599999999634e-01	1.632704689863842651e+00
2.532532532532532632e-01	4.424817918783237047e+00	-9.652260799999999863e-01	1.665338376197680104e+00
2.542542542542542416e-01	4.424687252954873529e+00	-9.717013200000000905e-01	1.665338376197680104e+00
2.552552552552552756e-01	4.425384062370992133e+00	-9.846517999999999660e-01	1.632704689863842651e+00
2.562562562562562540e-01	4.426264574595575318e+00	-9.198994000000000337e-01	1.534803630862329848e+00
2.572572572572572325e-01	4.426465305863359845e+00	-8.810479599999999634e-01	1.632704689863842651e+00
2.582582582582582664e-01	4.426331030923442711e+00	-9.328498800000000202e-01	1.632704689863842651e+00
2.592592592592592449e-01	4.426102544760358803e+00	-9.134241599999999295e-01	1.632704689863842651e+00
2.602602602602602788e-01	4.426027682175274869e+00	-9.717013200000000905e-01	1.632704689863842651e+00
2.612612612612612573e-01	4.427197867885996452e+00	-9.134241599999999295e-01	1.665338376197680104e+00
2.622622622622622357e-01	4.429454029196161713e+00	-9.134241599999999295e-01	1.600071003530005198e+00
2.632632632632632697e-01	4.430188599963746476e+00	-9.328498800000000202e-01	1.795873121533031025e+00
2.642642642642642481e-01	4.428435470706015842e+00	-9.781765600000000838e-01	1.469536258194654943e+00
2.652652652652652820e-01	4.427039637539138539e+00	-8.939984399999999498e-01	1.697972062531518000e+00
2.662662662662662605e-01	4.427775052906524067e+00	-9.198994000000000337e-01	1.567437317196167523e+00
2.672672672672672389e-01	4.428724637701244582e+00	-9.069489200000000473e-01	1.665338376197680104e+00
2.682682682682682729e-01	4.428574341044279272e+00	-9.781765600000000838e-01	1.665338376197680104e+00
2.692692692692692513e-01	4.428454442592177465e+00	-9.263746400000000270e-01	1.600071003530005198e+00
2.702702702702702853e-01	4.428620807166587348e+00	-9.911270399999999592e-01	1.665338376197680104e+00
2.712712712712712637e-01	4.428390613084481231e+00	-8.745727199999999701e-01	1.665338376197680104e+00
2.722722722722722422e-01	4.428379077724852841e+00	-9.652260799999999863e-01	1.600071003530005198e+00
2.732732732732732761e-01	4.429043785239723974e+00	-9.911270399999999592e-01	1.665338376197680104e+00
2.742742742742742545e-01	4.429782988252952691e+00	-9.587508399999999931e-01	1.632704689863842651e+00
2.752752752752752885e-01	4.430206714395182210e+00	-9.781765600000000838e-01	1.632704689863842651e+00
2.762762762762762669e-01	4.429964808824789380e+00	-1.068829919999999989e+00	1.697972062531518000e+00
2.772772772772773009e-01	4.429266810746151251e+00	-9.458003599999998956e-01	1.632704689863842651e+00
2.782782782782782793e-01	4.429142685725406814e+00	-9.652260799999999863e-01	1.632704689863842651e+00
2.792792792792792578e-01	4.429561526335533017e+00	-9.976022799999999524e-01	1.600071003530005198e+00
2.802802802802802917e-01	4.429711826600521540e+00	-9.328498800000000202e-01	1.665338376197680104e+00
2.812812812812812702e-01	4.429569491878138088e+00	-9.781765600000000838e-01	1.600071003530005198e+00
2.822822822822823041e-01	4.429628170738822313e+00	-8.162955600000000311e-01	1.697972062531518000e+00
2.832832832832832826e-01	4.430063338462997713e+00	-9.717013200000000905e-01	1.600071003530005198e+00
2.842842842842842610e-01	4.430397320463772992e+00	-9.522755999999999998e-01	1.567437317196167523e+00
2.852852852852852950e-01	4.430437715130715048e+00	-9.717013200000000905e-01	1.632704689863842651e+00
2.862862862862862734e-01	4.430884210554985714e+00	-9.328498800000000202e-01	1.632704689863842651e+00
2.872872872872873073e-01	4.431879385688905160e+00	-9.911270399999999592e-01	1.632704689863842651e+00
2.882882882882882858e-01	4.432211852861978940e+00	-9.781765600000000838e-01	1.632704689863842651e+00
2.892892892892892642e-01	4.431218539970739556e+00	-9.976022799999999524e-01	1.632704689863842651e+00
2.902902902902902982e-01	4.430449952367770727e+00	-9.004736800000000541e-01	1.697972062531518000e+00
2.912912912912912766e-01	4.431232877431930284e+00	-8.551469999999999905e-01	1.632704689863842651e+00
2.922922922922923106e-01	4.432166514157191983e+00	-9.976022799999999524e-01	1.567437317196167523e+00
2.932932932932932890e-01	4.431807698382949745e+00	-1.101206119999999844e+00	1.632704689863842651e+00
2.942942942942942675e-01	4.431156242783703902e+00	-9.781765600000000838e-01	1.632704689863842651e+00
2.952952952952953014e-01	4.431689856935125071e+00	-1.029978480000000030e+00	1.665338376197680104e+00
2.962962962962962798e-01	4.432992242945601902e+00	-1.023503240000000147e+00	1.632704689863842651e+00
2.972972972972973138e-01	4.433494795530793731e+00	-9.069489200000000473e-01	1.697972062531518000e+00
2.982982982982982922e-01	4.433022778506140682e+00	-9.263746400000000270e-01	1.632704689863842651e+00
2.992992992992992707e-01	4.432819270563044256e+00	-9.717013200000000905e-01	1.665338376197680104e+00
3.003003003003003046e-01	4.433512631270614790e+00	-1.004077520000000057e+00	1.665338376197680104e+00
3.013013013013012831e-01	4.434231126344005069e+00	-9.652260799999999863e-01	1.697972062531518000e+00
3.023023023023023170e-01	4.433888400842717736e+00	-1.004077520000000057e+00	1.632704689863842651e+00
3.033033033033032955e-01	4.433126360064949978e+00	-9.004736800000000541e-01	1.665338376197680104e+00
3.043043043043043294e-01	4.432816641505362476e+00	-9.976022799999999524e-01	1.665338376197680104e+00
3.053053053053053079e-01	4.432488613949236544e+00	-9.393251199999999024e-01	1.697972062531518000e+00
3.063063063063062863e-01	4.432180584518436106e+00	-9.717013200000000905e-01	1.665338376197680104e+00
3.073073073073073203e-01	4.432401724343345784e+00	-9.522755999999999998e-01	1.600071003530005198e+00
3.083083083083082987e-01	4.432886908627993172e+00	-1.017028000000000043e+00	1.632704689863842651e+00
3.093093093093093326e-01	4.433560808094395789e+00	-1.042928960000000016e+00	1.632704689863842651e+00
3.103103103103103111e-01	4.434303153536799158e+00	-9.587508399999999931e-01	1.665338376197680104e+00
3.113113113113112895e-01	4.434220394062821313e+00	-9.717013200000000905e-01	1.567437317196167523e+00
3.123123123123123235e-01	4.433462914273105682e+00	-9.652260799999999863e-01	1.665338376197680104e+00
3.133133133133133019e-01	4.433285571650571022e+00	-9.263746400000000270e-01	1.600071003530005198e+00
3.143143143143143359e-01	4.433742683226981285e+00	-8.680974800000000879e-01	1.600071003530005198e+00
3.153153153153153143e-01	4.434053143006302378e+00	-9.328498800000000202e-01	1.632704689863842651e+00
3.163163163163162928e-01	4.433740664197288517e+00	-9.976022799999999524e-01	1.697972062531518000e+00
3.173173173173173267e-01	4.432891603573769324e+00	-1.017028000000000043e+00	1.632704689863842651e+00
3.183183183183183051e-01	4.432636653991703923e+00	-1.023503240000000147e+00	1.600071003530005198e+00
3.193193193193193391e-01	4.433238780804147794e+00	-9.976022799999999524e-01	1.665338376197680104e+00
3.203203203203203175e-01	4.433408246245813977e+00	-9.458003599999998956e-01	1.665338376197680104e+00
3.213213213213212960e-01	4.433153612284280953e+00	-1.017028000000000043e+00	1.632704689863842651e+00
3.223223223223223299e-01	4.433228124646218404e+00	-9.846517999999999660e-01	1.697972062531518000e+00
3.233233233233233084e-01	4.433317446173099974e+00	-9.652260799999999863e-01	1.600071003530005198e+00
3.243243243243243423e-01	4.433537261989683564e+00	-9.846517999999999660e-01	1.632704689863842651e+00
3.253253253253253208e-01	4.434092322219795435e+00	-9.587508399999999931e-01	1.665338376197680104e+00
3.263263263263262992e-01	4.434371625818096518e+00	-9.717013200000000905e-01	1.665338376197680104e+00
3.273273273273273332e-01	4.434297364630020333e+00	-9.587508399999999931e-01	1.632704689863842651e+00
3.283283283283283116e-01	4.434074438083374758e+00	-9.781765600000000838e-01	1.730605748865355453e+00
3.293293293293293456e-01	4.433964944981717338e+00	-9.587508399999999931e-01	1.600071003530005198e+00
3.303303303303303240e-01	4.434186845233420549e+00	-9.781765600000000838e-01	1.600071003530005198e+00
3.313313313313313024e-01	4.434081709601569443e+00	-9.522755999999999998e-01	1.665338376197680104e+00
3.323323323323323364e-01	4.433809590067867568e+00	-1.017028000000000043e+00	1.600071003530005198e+00
3.333333333333333148e-01	4.434549896960635174e+00	-9.652260799999999863e-01	1.665338376197680104e+00
3.343343343343343488e-01	4.435960713911138775e+00	-1.075305160000000093e+00	1.697972062531518000e+00
3.353353353353353272e-01	4.436642140765604481e+00	-9.393251199999999024e-01	1.665338376197680104e+00
3.363363363363363057e-01	4.435976557465112435e+00	-9.846517999999999660e-01	1.665338376197680104e+00
3.373373373373373396e-01	4.434493111165035195e+00	-9.846517999999999660e-01	1.632704689863842651e+00
3.383383383383383181e-01	4.433730372298002820e+00	-9.522755999999999998e-01	1.665338376197680104e+00
3.393393393393393520e-01	4.434422424375168426e+00	-9.717013200000000905e-01	1.632704689863842651e+00
3.403403403403403304e-01	4.435482663728505415e+00	-9.522755999999999998e-01	1.665338376197680104e+00
3.413413413413413644e-01	4.436159219285067401e+00	-9.587508399999999931e-01	1.665338376197680104e+00
3.423423423423423428e-01	4.436415010041168117e+00	-9.587508399999999931e-01	1.665338376197680104e+00
3.433433433433433213e-01	4.435845401773980790e+00	-9.587508399999999931e-01	1.632704689863842651e+00
3.443443443443443552e-01	4.434923128743780474e+00	-9.652260799999999863e-01	1.665338376197680104e+00
3.453453453453453337e-01	4.435155156500731444e+00	-9.717013200000000905e-01	1.632704689863842651e+00
3.463463463463463676e-01	4.436251226776481538e+00	-9.587508399999999931e-01	1.697972062531518000e+00
3.473473473473473461e-01	4.436265023931833973e+00	-9.587508399999999931e-01	1.697972062531518000e+00
3.483483483483483245e-01	4.435629007886755737e+00	-9.717013200000000905e-01	1.534803630862329848e+00
3.493493493493493585e-01	4.436150552627561972e+00	-9.652260799999999863e-01	1.665338376197680104e+00
3.503503503503503369e-01	4.437197867762540326e+00	-9.717013200000000905e-01	1.665338376197680104e+00
3.513513513513513709e-01	4.437400223881827976e+00	-9.781765600000000838e-01	1.632704689863842651e+00
3.523523523523523493e-01	4.436770481696257207e+00	-9.652260799999999863e-01	1.665338376197680104e+00
3.533533533533533277e-01	4.435871155669597776e+00	-9.781765600000000838e-01	1.632704689863842651e+00
3.543543543543543617e-01	4.435256871928561218e+00	-8.939984399999999498e-01	1.567437317196167523e+00
3.553553553553553401e-01	4.435432339390007250e+00	-9.846517999999999660e-01	1.632704689863842651e+00
3.563563563563563741e-01	4.436402362302318103e+00	-9.522755999999999998e-01	1.632704689863842651e+00
3.573573573573573525e-01	4.437085238990166047e+00	-9.393251199999999024e-01	1.697972062531518000e+00
3.583583583583583310e-01	4.436897517836565719e+00	-1.023503240000000147e+00	1.632704689863842651e+00
3.593593593593593649e-01	4.436806567397376888e+00	-9.717013200000000905e-01	1.665338376197680104e+00
3.603603603603603434e-01	4.436962871406669784e+00	-9.393251199999999024e-01	1.632704689863842651e+00
3.613613613613613773e-01	4.436825697353960152e+00	-8.680974800000000879e-01	1.632704689863842651e+00
3.623623623623623557e-01	4.436911949881671369e+00	-9.652260799999999863e-01	1.632704689863842651e+00
3.633633633633633342e-01	4.436989589207253282e+00	-9.781765600000000838e-01	1.632704689863842651e+00
3.643643643643643681e-01	4.436315770031686867e+00	-8.875231999999999566e-01	1.600071003530005198e+00
3.653653653653653466e-01	4.435987108130909462e+00	-1.010552759999999939e+00	1.567437317196167523e+00
3.663663663663663805e-01	4.436598348937115688e+00	-1.010552759999999939e+00	1.600071003530005198e+00
3.673673673673673590e-01	4.436819970156451909e+00	-9.717013200000000905e-01	1.665338376197680104e+00
3.683683683683683929e-01	4.436335410784399080e+00	-1.004077520000000057e+00	1.632704689863842651e+00
3.693693693693693714e-01	4.436170700799022981e+00	-1.023503240000000147e+00	1.632704689863842651e+00
3.703703703703703498e-01	4.436794105365395424e+00	-1.029978480000000030e+00	1.632704689863842651e+00
3.713713713713713838e-01	4.437560744058316686e+00	-1.023503240000000147e+00	1.632704689863842651e+00
3.723723723723723622e-01	4.437650297751617678e+00	-9.976022799999999524e-01	1.632704689863842651e+00
3.733733733733733962e-01	4.437396952728812849e+00	-9.134241599999999295e-01	1.632704689863842651e+00
3.743743743743743746e-01	4.437072581432506269e+00	-9.781765600000000838e-01	1.665338376197680104e+00
3.753753753753753530e-01	4.436153302016675681e+00	-8.292460400000000176e-01	1.665338376197680104e+00
3.763763763763763870e-01	4.435500909811601389e+00	-1.004077520000000057e+00	1.632704689863842651e+00
3.773773773773773654e-01	4.436251798750168618e+00	-9.587508399999999931e-01	1.600071003530005198e+00
3.783783783783783994e-01	4.437145101557443461e+00	-1.010552759999999939e+00	1.632704689863842651e+00
3.793793793793793778e-01	4.436904469061351719e+00	-9.328498800000000202e-01	1.665338376197680104e+00
3.803803803803803563e-01	4.436378821572123599e+00	-9.198994000000000337e-01	1.567437317196167523e+00
3.813813813813813902e-01	4.436235372180235892e+00	-1.023503240000000147e+00	1.632704689863842651e+00
3.823823823823823687e-01	4.435986888018717877e+00	-9.846517999999999660e-01	1.632704689863842651e+00
3.833833833833834026e-01	4.435415506006399333e+00	-9.328498800000000202e-01	1.632704689863842651e+00
3.843843843843843811e-01	4.434922992175126311e+00	-9.717013200000000905e-01	1.665338376197680104e+00
3.853853853853853595e-01	4.435149311921438908e+00	-9.263746400000000270e-01	1.632704689863842651e+00
3.863863863863863934e-01	4.435843812780985829e+00	-1.004077520000000057e+00	1.665338376197680104e+00
3.873873873873873719e-01	4.435893631745297050e+00	-9.393251199999999024e-01	1.600071003530005198e+00
3.883883883883884058e-01	4.435564562138772260e+00	-9.328498800000000202e-01	1.665338376197680104e+00
3.893893893893893843e-01	4.435875684036467703e+00	-9.004736800000000541e-01	1.632704689863842651e+00
3.903903903903903627e-01	4.436319245386197707e+00	-1.029978480000000030e+00	1.632704689863842651e+00
3.913913913913913967e-01	4.436075405895451240e+00	-8.939984399999999498e-01	1.600071003530005198e+00
3.923923923923923751e-01	4.435415818263328092e+00	-8.551469999999999905e-01	1.632704689863842651e+00
3.933933933933934091e-01	4.434895022450376700e+00	-9.328498800000000202e-01	1.632704689863842651e+00
3.943943943943943875e-01	4.435063565173909872e+00	-8.745727199999999701e-01	1.632704689863842651e+00
3.953953953953953659e-01	4.435923113252751016e+00	-8.486717599999999972e-01	1.632704689863842651e+00
3.963963963963963999e-01	4.436407799973550503e+00	-8.098203199999999269e-01	1.600071003530005198e+00
3.973973973973973783e-01	4.435953084462802565e+00	-8.227708000000000244e-01	1.600071003530005198e+00
3.983983983983984123e-01	4.435385487704079921e+00	-9.069489200000000473e-01	1.632704689863842651e+00
3.993993993993993907e-01	4.435581521829988105e+00	-9.846517999999999660e-01	1.567437317196167523e+00
4.004004004004003692e-01	4.435993349371914363e+00	-9.652260799999999863e-01	1.632704689863842651e+00
4.014014014014014031e-01	4.435271860127215859e+00	-9.976022799999999524e-01	1.567437317196167523e+00
4.024024024024023816e-01	4.434204847064250110e+00	-8.162955600000000311e-01	1.600071003530005198e+00
4.034034034034034155e-01	4.434992326687052788e+00	-9.004736800000000541e-01	1.632704689863842651e+00
4.044044044044043940e-01	4.436800800373567277e+00	-9.587508399999999931e-01	1.600071003530005198e+00
4.054054054054054279e-01	4.436979189030799020e+00	-9.328498800000000202e-01	1.632704689863842651e+00
4.064064064064064064e-01	4.435558914273382669e+00	-1.004077520000000057e+00	1.567437317196167523e+00
4.074074074074073848e-01	4.434537458137061350e+00	-9.069489200000000473e-01	1.600071003530005198e+00
4.084084084084084187e-01	4.434559789556082876e+00	-9.587508399999999931e-01	1.632704689863842651e+00
4.094094094094093972e-01	4.434655649707684333e+00	-1.023503240000000147e+00	1.600071003530005198e+00
4.104104104104104311e-01	4.434269225091236777e+00	-9.717013200000000905e-01	1.665338376197680104e+00
4.114114114114114096e-01	4.433879164888075763e+00	-9.069489200000000473e-01	1.600071003530005198e+00
4.124124124124123880e-01	4.433666314878131232e+00	-1.042928960000000016e+00	1.632704689863842651e+00
4.134134134134134220e-01	4.433401749655888402e+00	-8.033450799999999337e-01	1.632704689863842651e+00
4.144144144144144004e-01	4.433392563472263959e+00	-1.010552759999999939e+00	1.632704689863842651e+00
4.154154154154154344e-01	4.433697304149144536e+00	-8.810479599999999634e-01	1.632704689863842651e+00
4.164164164164164128e-01	4.433965271260838392e+00	-9.263746400000000270e-01	1.632704689863842651e+00
4.174174174174173912e-01	4.434074103281529844e+00	-9.393251199999999024e-01	1.600071003530005198e+00
4.184184184184184252e-01	4.434148197654733892e+00	-8.680974800000000879e-01	1.665338376197680104e+00
4.194194194194194036e-01	4.434863175713443795e+00	-9.846517999999999660e-01	1.665338376197680104e+00
4.204204204204204376e-01	4.435823353222263066e+00	-9.393251199999999024e-01	1.600071003530005198e+00
4.214214214214214160e-01	4.435606429998666833e+00	-9.198994000000000337e-01	1.600071003530005198e+00
4.224224224224223945e-01	4.434789403151761178e+00	-1.029978480000000030e+00	1.600071003530005198e+00
4.234234234234234284e-01	4.434539609004764849e+00	-9.976022799999999524e-01	1.632704689863842651e+00
4.244244244244244069e-01	4.434299815428028424e+00	-9.393251199999999024e-01	1.567437317196167523e+00
4.254254254254254408e-01	4.433506437243990739e+00	-9.198994000000000337e-01	1.600071003530005198e+00
4.264264264264264193e-01	4.432416803831837449e+00	-8.810479599999999634e-01	1.567437317196167523e+00
4.274274274274273977e-01	4.431572379073966950e+00	-9.522755999999999998e-01	1.632704689863842651e+00
4.284284284284284317e-01	4.431659129684660137e+00	-9.911270399999999592e-01	1.600071003530005198e+00
4.294294294294294101e-01	4.432500923836705020e+00	-9.717013200000000905e-01	1.665338376197680104e+00
4.304304304304304440e-01	4.433070053584702741e+00	-9.393251199999999024e-01	1.600071003530005198e+00
4.314314314314314225e-01	4.433045490579653247e+00	-9.976022799999999524e-01	1.632704689863842651e+00
4.324324324324324564e-01	4.432889383200453892e+00	-9.328498800000000202e-01	1.665338376197680104e+00
4.334334334334334349e-01	4.433031322508572458e+00	-8.939984399999999498e-01	1.567437317196167523e+00
4.344344344344344133e-01	4.433398837035770867e+00	-8.680974800000000879e-01	1.567437317196167523e+00
4.354354354354354473e-01	4.433408119621975452e+00	-8.939984399999999498e-01	1.600071003530005198e+00
4.364364364364364257e-01	4.433031850697728871e+00	-9.522755999999999998e-01	1.567437317196167523e+00
4.374374374374374597e-01	4.432834215872378358e+00	-8.810479599999999634e-01	1.600071003530005198e+00
4.384384384384384381e-01	4.433051604030920245e+00	-8.292460400000000176e-01	1.600071003530005198e+00
4.394394394394394165e-01	4.433391774966950472e+00	-9.393251199999999024e-01	1.665338376197680104e+00
4.404404404404404505e-01	4.433300070369818435e+00	-9.393251199999999024e-01	1.665338376197680104e+00
4.414414414414414289e-01	4.433129390438725004e+00	-9.004736800000000541e-01	1.600071003530005198e+00
4.424424424424424629e-01	4.433462229862976223e+00	-8.810479599999999634e-01	1.567437317196167523e+00
4.434434434434434413e-01	4.433309783083637434e+00	-8.033450799999999337e-01	1.600071003530005198e+00
4.444444444444444198e-01	4.432240806565126867e+00	-8.551469999999999905e-01	1.534803630862329848e+00
4.454454454454454537e-01	4.431653456312512951e+00	-9.263746400000000270e-01	1.600071003530005198e+00
4.464464464464464322e-01	4.431879987990239300e+00	-9.587508399999999931e-01	1.600071003530005198e+00
4.474474474474474661e-01	4.432211114565786758e+00	-9.781765600000000838e-01	1.567437317196167523e+00
4.484484484484484446e-01	4.432757256447803940e+00	-9.587508399999999931e-01	1.600071003530005198e+00
4.494494494494494230e-01	4.433030558106870522e+00	-7.968698400000000515e-01	1.600071003530005198e+00
4.504504504504504570e-01	4.432036241426650314e+00	-8.551469999999999905e-01	1.600071003530005198e+00
4.514514514514514354e-01	4.430901660326576064e+00	-8.745727199999999701e-01	1.632704689863842651e+00
4.524524524524524693e-01	4.431303285946663451e+00	-8.162955600000000311e-01	1.600071003530005198e+00
4.534534534534534478e-01	4.431982982878951205e+00	-8.357212800000000108e-01	1.600071003530005198e+00
4.544544544544544262e-01	4.431403901268512691e+00	-8.875231999999999566e-01	1.632704689863842651e+00
4.554554554554554602e-01	4.430969367064473197e+00	-9.781765600000000838e-01	1.632704689863842651e+00
4.564564564564564386e-01	4.431533164817411219e+00	-9.328498800000000202e-01	1.567437317196167523e+00
4.574574574574574726e-01	4.431787962249615020e+00	-9.004736800000000541e-01	1.567437317196167523e+00
4.584584584584584510e-01	4.431493323632036407e+00	-9.263746400000000270e-01	1.567437317196167523e+00
4.594594594594594295e-01	4.431235428672720467e+00	-1.036453719999999912e+00	1.534803630862329848e+00
4.604604604604604634e-01	4.430766751765519373e+00	-1.042928960000000016e+00	1.534803630862329848e+00
4.614614614614614418e-01	4.430386613229471138e+00	-9.522755999999999998e-01	1.534803630862329848e+00
4.624624624624624758e-01	4.430984247000643528e+00	-8.745727199999999701e-01	1.567437317196167523e+00
4.634634634634634542e-01	4.431850262316509692e+00	-9.976022799999999524e-01	1.600071003530005198e+00
4.644644644644644327e-01	4.431242202886287451e+00	-1.036453719999999912e+00	1.567437317196167523e+00
4.654654654654654666e-01	4.429771671246617082e+00	-8.745727199999999701e-01	1.567437317196167523e+00
4.664664664664664451e-01	4.429476972337297980e+00	-8.616222399999999837e-01	1.534803630862329848e+00
4.674674674674674790e-01	4.429906947990621013e+00	-7.903945999999999472e-01	1.600071003530005198e+00
4.684684684684684575e-01	4.429774134587152190e+00	-8.551469999999999905e-01	1.534803630862329848e+00
4.694694694694694914e-01	4.429501167736750844e+00	-9.069489200000000473e-01	1.534803630862329848e+00
4.704704704704704699e-01	4.429756391637016399e+00	-7.903945999999999472e-01	1.567437317196167523e+00
4.714714714714714483e-01	4.430127861656232291e+00	-8.680974800000000879e-01	1.600071003530005198e+00
4.724724724724724823e-01	4.429565687087976045e+00	-8.939984399999999498e-01	1.469536258194654943e+00
4.734734734734734607e-01	4.428446189252948528e+00	-8.680974800000000879e-01	1.502169944528492396e+00
4.744744744744744946e-01	4.428218591042741181e+00	-8.486717599999999972e-01	1.502169944528492396e+00
4.754754754754754731e-01	4.428709620024603666e+00	-8.292460400000000176e-01	1.502169944528492396e+00
4.764764764764764515e-01	4.428964672994361251e+00	-8.939984399999999498e-01	1.534803630862329848e+00
4.774774774774774855e-01	4.428810707797958379e+00	-9.458003599999998956e-01	1.567437317196167523e+00
4.784784784784784639e-01	4.428344343619489365e+00	-8.098203199999999269e-01	1.600071003530005198e+00
4.794794794794794979e-01	4.427940750386172297e+00	-8.616222399999999837e-01	1.567437317196167523e+00
4.804804804804804763e-01	4.427974816197612462e+00	-8.551469999999999905e-01	1.534803630862329848e+00
4.814814814814814548e-01	4.428041274504308511e+00	-8.486717599999999972e-01	1.567437317196167523e+00
4.824824824824824887e-01	4.427466888384268273e+00	-9.069489200000000473e-01	1.502169944528492396e+00
4.834834834834834671e-01	4.426635376347540785e+00	-8.098203199999999269e-01	1.534803630862329848e+00
4.844844844844845011e-01	4.426702205536860113e+00	-8.357212800000000108e-01	1.534803630862329848e+00
4.854854854854854795e-01	4.427443042301178799e+00	-8.486717599999999972e-01	1.567437317196167523e+00
4.864864864864864580e-01	4.427616453285303955e+00	-9.393251199999999024e-01	1.469536258194654943e+00
4.874874874874874919e-01	4.427348366455599482e+00	-8.939984399999999498e-01	1.469536258194654943e+00
4.884884884884884704e-01	4.427077426791400150e+00	-8.745727199999999701e-01	1.502169944528492396e+00
4.894894894894895043e-01	4.426272400145563779e+00	-8.357212800000000108e-01	1.600071003530005198e+00
4.904904904904904828e-01	4.425215560857025388e+00	-9.328498800000000202e-01	1.502169944528492396e+00
4.914914914914914612e-01	4.424459319552659586e+00	-9.458003599999998956e-01	1.502169944528492396e+00
4.924924924924924952e-01	4.423544096079261578e+00	-8.551469999999999905e-01	1.502169944528492396e+00
4.934934934934934736e-01	4.423032082542201593e+00	-9.198994000000000337e-01	1.502169944528492396e+00
4.944944944944945076e-01	4.423725774662035981e+00	-8.745727199999999701e-01	1.469536258194654943e+00
4.954954954954954860e-01	4.424208675469281538e+00	-7.839193599999999540e-01	1.502169944528492396e+00
4.964964964964965199e-01	4.423470812513281558e+00	-7.839193599999999540e-01	1.502169944528492396e+00
4.974974974974974984e-01	4.422758132066605619e+00	-8.292460400000000176e-01	1.502169944528492396e+00
4.984984984984984768e-01	4.423146195963293614e+00	-8.616222399999999837e-01	1.436902571860817046e+00
4.994994994994995108e-01	4.424430311546490024e+00	-8.033450799999999337e-01	1.502169944528492396e+00
5.005005005005005447e-01	4.425348857411972148e+00	-6.608898000000000827e-01	1.534803630862329848e+00
5.015015015015015232e-01	4.424211332368565230e+00	-6.932660000000000489e-01	1.502169944528492396e+00
5.025025025025025016e-01	4.421657414998461988e+00	-7.709688800000000786e-01	1.404268885526979593e+00
5.035035035035034801e-01	4.420507606236746767e+00	-8.292460400000000176e-01	1.469536258194654943e+00
5.045045045045044585e-01	4.421530877713963470e+00	-7.774441199999999608e-01	1.404268885526979593e+00
5.055055055055055480e-01	4.422876411888709391e+00	-7.191669600000000218e-01	1.436902571860817046e+00
5.065065065065065264e-01	4.422636122114984580e+00	-8.875231999999999566e-01	1.436902571860817046e+00
5.075075075075075048e-01	4.420730858407443620e+00	-6.997412400000000421e-01	1.436902571860817046e+00
5.085085085085084833e-01	4.419476614712835705e+00	-8.357212800000000108e-01	1.371635199193141919e+00
5.095095095095094617e-01	4.420362753054766003e+00	-7.256422000000000150e-01	1.436902571860817046e+00
5.105105105105105512e-01	4.421437661557180654e+00	-9.522755999999999998e-01	1.469536258194654943e+00
5.115115115115115296e-01	4.420535161502749055e+00	-6.673650399999999649e-01	1.469536258194654943e+00
5.125125125125125081e-01	4.418685375902349222e+00	-7.450679199999999947e-01	1.404268885526979593e+00
5.135135135135134865e-01	4.418196105307788280e+00	-7.385926799999998904e-01	1.404268885526979593e+00
5.145145145145144649e-01	4.419020000679207527e+00	-6.932660000000000489e-01	1.436902571860817046e+00
5.155155155155155544e-01	4.419512702581521069e+00	-6.738402799999999582e-01	1.306367826525466569e+00
5.165165165165165329e-01	4.419764537672889126e+00	-7.256422000000000150e-01	1.371635199193141919e+00
5.175175175175175113e-01	4.420643018573045424e+00	-6.544145599999999785e-01	1.404268885526979593e+00
5.185185185185184897e-01	4.420817178943029724e+00	-7.968698400000000515e-01	1.371635199193141919e+00
5.195195195195194682e-01	4.419235368789129481e+00	-6.932660000000000489e-01	1.371635199193141919e+00
5.205205205205205576e-01	4.417938571477852960e+00	-6.738402799999999582e-01	1.404268885526979593e+00
5.215215215215215361e-01	4.418187397202395950e+00	-7.580183999999999811e-01	1.339001512859304244e+00
5.225225225225225145e-01	4.418266821831242197e+00	-6.220383600000000124e-01	1.339001512859304244e+00
5.235235235235234930e-01	4.417519322208016241e+00	-7.839193599999999540e-01	1.306367826525466569e+00
5.245245245245244714e-01	4.417503216316345238e+00	-6.544145599999999785e-01	1.371635199193141919e+00
5.255255255255255609e-01	4.418393966611676049e+00	-6.867907599999999446e-01	1.339001512859304244e+00
5.265265265265265393e-01	4.418411177332856710e+00	-5.831869200000000530e-01	1.404268885526979593e+00
5.275275275275275177e-01	4.417159596903574403e+00	-8.162955600000000311e-01	1.339001512859304244e+00
5.285285285285284962e-01	4.416236083038294069e+00	-6.090878800000000259e-01	1.273734140191629116e+00
5.295295295295294746e-01	4.416163971879700334e+00	-6.867907599999999446e-01	1.404268885526979593e+00
5.305305305305305641e-01	4.415833356341110516e+00	-5.896621600000000463e-01	1.306367826525466569e+00
5.315315315315315425e-01	4.415008537432345115e+00	-6.479393199999999853e-01	1.306367826525466569e+00
5.325325325325325210e-01	4.414570322809685976e+00	-6.414640799999999921e-01	1.371635199193141919e+00
5.335335335335334994e-01	4.414573214841654547e+00	-5.961373999999999285e-01	1.273734140191629116e+00
5.345345345345344779e-01	4.414187696396716376e+00	-6.738402799999999582e-01	1.339001512859304244e+00
5.355355355355355673e-01	4.413322452253929384e+00	-6.479393199999999853e-01	1.306367826525466569e+00
5.365365365365365458e-01	4.412728355826737392e+00	-5.313849999999999962e-01	1.306367826525466569e+00
5.375375375375375242e-01	4.412898796072269647e+00	-6.479393199999999853e-01	1.339001512859304244e+00
5.385385385385385026e-01	4.413503471360884944e+00	-6.997412400000000421e-01	1.273734140191629116e+00
5.395395395395394811e-01	4.413346074030478405e+00	-6.285136000000000056e-01	1.339001512859304244e+00
5.405405405405405705e-01	4.411984829585712475e+00	-5.961373999999999285e-01	1.306367826525466569e+00
5.415415415415415490e-01	4.411086062462880264e+00	-5.831869200000000530e-01	1.241100453857791219e+00
5.425425425425425274e-01	4.411958010403905561e+00	-6.738402799999999582e-01	1.208466767523953767e+00
5.435435435435435059e-01	4.413326233321951619e+00	-5.831869200000000530e-01	1.306367826525466569e+00
5.445445445445444843e-01	4.413637567269919515e+00	-5.831869200000000530e-01	1.273734140191629116e+00
5.455455455455455738e-01	4.413017840323432139e+00	-5.637612000000000734e-01	1.273734140191629116e+00
5.465465465465465522e-01	4.411950599554341323e+00	-5.961373999999999285e-01	1.273734140191629116e+00
5.475475475475475307e-01	4.410955316595741138e+00	-7.126917200000000285e-01	1.208466767523953767e+00
5.485485485485485091e-01	4.410356583823356935e+00	-5.637612000000000734e-01	1.208466767523953767e+00
5.495495495495495986e-01	4.409420809652615070e+00	-5.119592800000000166e-01	1.241100453857791219e+00
5.505505505505505770e-01	4.408225959046921716e+00	-5.702364399999999556e-01	1.208466767523953767e+00
5.515515515515515554e-01	4.408145043591011891e+00	-5.184345200000000098e-01	1.241100453857791219e+00
5.525525525525525339e-01	4.409222036558591462e+00	-4.990087999999999191e-01	1.241100453857791219e+00
5.535535535535535123e-01	4.409806948034927565e+00	-4.213059199999999449e-01	1.339001512859304244e+00
5.545545545545546018e-01	4.408721617984492802e+00	-6.026126399999999217e-01	1.208466767523953767e+00
5.555555555555555802e-01	4.406965775442121647e+00	-5.184345200000000098e-01	1.175833081190116092e+00
5.565565565565565587e-01	4.406546274768063931e+00	-4.666325999999999530e-01	1.241100453857791219e+00
5.575575575575575371e-01	4.407296508817386105e+00	-4.601573600000000153e-01	1.143199394856278639e+00
5.585585585585585155e-01	4.407553421192687004e+00	-4.018802000000000207e-01	1.208466767523953767e+00
5.595595595595596050e-01	4.407316925728739676e+00	-4.407316399999999801e-01	1.175833081190116092e+00
5.605605605605605835e-01	4.407031307580859369e+00	-5.054840400000000233e-01	1.208466767523953767e+00
5.615615615615615619e-01	4.406027335455481975e+00	-4.860583200000000437e-01	1.241100453857791219e+00
5.625625625625625403e-01	4.404975065677850132e+00	-4.407316399999999801e-01	1.175833081190116092e+00
5.635635635635635188e-01	4.405380905884971554e+00	-4.277811600000000491e-01	1.208466767523953767e+00
5.645645645645646082e-01	4.406125654689551752e+00	-4.407316399999999801e-01	1.045298335854765615e+00
5.655655655655655867e-01	4.405530941002073320e+00	-5.313849999999999962e-01	1.110565708522440964e+00
5.665665665665665651e-01	4.404623784241826989e+00	-5.249097599999998920e-01	1.110565708522440964e+00
5.675675675675675436e-01	4.404440804440102220e+00	-4.342563999999999869e-01	1.143199394856278639e+00
5.685685685685685220e-01	4.404120863617785098e+00	-4.472068799999999733e-01	1.175833081190116092e+00
5.695695695695696115e-01	4.403304389826000254e+00	-4.148306800000000072e-01	1.143199394856278639e+00
5.705705705705705899e-01	4.402785769800669158e+00	-4.536821200000000776e-01	1.045298335854765615e+00
5.715715715715715683e-01	4.402849459773883645e+00	-4.860583200000000437e-01	1.045298335854765615e+00
5.725725725725725468e-01	4.402935699028707184e+00	-4.213059199999999449e-01	1.143199394856278639e+00
5.735735735735735252e-01	4.402533677551334179e+00	-4.925335599999999814e-01	1.110565708522440964e+00
5.745745745745746147e-01	4.401698506617851336e+00	-3.695039999999999436e-01	1.110565708522440964e+00
5.755755755755755931e-01	4.400701523789398273e+00	-3.500782800000000750e-01	1.077932022188603289e+00
5.765765765765765716e-01	4.399771822126380627e+00	-3.759792400000000478e-01	1.045298335854765615e+00
5.775775775775775500e-01	4.399464897135511698e+00	-3.112268400000000046e-01	1.077932022188603289e+00
5.785785785785785285e-01	4.400023790038011029e+00	-3.306525599999999843e-01	1.077932022188603289e+00
5.795795795795796179e-01	4.400353256522067547e+00	-5.313849999999999962e-01	1.077932022188603289e+00
5.805805805805805964e-01	4.399602311629823959e+00	-4.795830800000000504e-01	1.045298335854765615e+00
5.815815815815815748e-01	4.398768793146224709e+00	-4.407316399999999801e-01	1.045298335854765615e+00
5.825825825825825532e-01	4.398533792447837598e+00	-4.601573600000000153e-01	1.045298335854765615e+00
5.835835835835835317e-01	4.398187304286158117e+00	-3.759792400000000478e-01	1.045298335854765615e+00
5.845845845845846211e-01	4.397839187079114254e+00	-3.241773200000000466e-01	1.012664649520927940e+00
5.855855855855855996e-01	4.398242568243182049e+00	-2.723753999999999897e-01	1.012664649520927940e+00
5.865865865865865780e-01	4.398893561324089596e+00	-3.824544800000000411e-01	1.077932022188603289e+00
5.875875875875875565e-01	4.398492473361102384e+00	-3.630287599999999504e-01	1.045298335854765615e+00
5.885885885885885349e-01	4.396607342942440155e+00	-2.982763600000000181e-01	1.077932022188603289e+00
5.895895895895896244e-01	4.394428712406948101e+00	-2.723753999999999897e-01	1.012664649520927940e+00
5.905905905905906028e-01	4.393379525819833376e+00	-2.270487200000000094e-01	1.012664649520927940e+00
5.915915915915915813e-01	4.393470710117858502e+00	-3.306525599999999843e-01	1.012664649520927940e+00
5.925925925925925597e-01	4.394123761190377842e+00	-2.918011200000000249e-01	9.147635905194151373e-01
5.935935935935935381e-01	4.394918930507851762e+00	-4.536821200000000776e-01	9.800309631870904870e-01
5.945945945945946276e-01	4.395395232379328831e+00	-2.594249200000000033e-01	9.473972768532528121e-01
5.955955955955956060e-01	4.395551164755678641e+00	-2.659001599999999965e-01	9.147635905194151373e-01
5.965965965965965845e-01	4.395385724173772601e+00	-2.659001599999999965e-01	1.012664649520927940e+00
5.975975975975975629e-01	4.394491316028073413e+00	-2.140982399999999952e-01	9.147635905194151373e-01
5.985985985985985414e-01	4.393334946788291617e+00	-1.817220400000000013e-01	9.147635905194151373e-01
5.995995995995996308e-01	4.392690975277047549e+00	-2.982763600000000181e-01	9.473972768532528121e-01
6.006006006006006093e-01	4.392267432428814011e+00	-3.500782800000000750e-01	9.473972768532528121e-01
6.016016016016015877e-01	4.392007537062757372e+00	-2.788506400000000385e-01	1.012664649520927940e+00
6.026026026026025662e-01	4.392359741672458462e+00	-2.723753999999999897e-01	9.147635905194151373e-01
6.036036036036035446e-01	4.392890374520302288e+00	-2.594249200000000033e-01	8.821299041855775735e-01
6.046046046046046341e-01	4.392873400570068476e+00	-2.205734800000000162e-01	9.473972768532528121e-01
6.056056056056056125e-01	4.392458565138672277e+00	-2.399992000000000236e-01	9.147635905194151373e-01
6.066066066066065909e-01	4.392208204230373170e+00	-2.464744400000000168e-01	9.800309631870904870e-01
6.076076076076075694e-01	4.391657517681300860e+00	-2.335239600000000026e-01	8.821299041855775735e-01
6.086086086086086588e-01	4.389831235361849160e+00	-2.464744400000000168e-01	8.821299041855775735e-01
6.096096096096096373e-01	4.387695702078584503e+00	-1.104944000000000065e-01	9.147635905194151373e-01
6.106106106106106157e-01	4.387194780885416812e+00	-1.428706000000000143e-01	8.168625315179022239e-01
6.116116116116115942e-01	4.388013335686026473e+00	-2.270487200000000094e-01	8.821299041855775735e-01
6.126126126126125726e-01	4.388663368015134125e+00	-1.946725200000000155e-01	8.494962178517398987e-01
6.136136136136136621e-01	4.389232994214222749e+00	-1.622963199999999939e-01	8.168625315179022239e-01
6.146146146146146405e-01	4.390015498582091169e+00	-1.428706000000000143e-01	8.168625315179022239e-01
6.156156156156156189e-01	4.389960963736299071e+00	-3.112268400000000046e-01	8.821299041855775735e-01
6.166166166166165974e-01	4.388797682349331986e+00	-2.982763600000000181e-01	8.168625315179022239e-01
6.176176176176175758e-01	4.387718909795124134e+00	-2.011477600000000088e-01	8.168625315179022239e-01
6.186186186186186653e-01	4.387225250310100577e+00	-2.140982399999999952e-01	8.494962178517398987e-01
6.196196196196196437e-01	4.387061577042181248e+00	-1.946725200000000155e-01	8.168625315179022239e-01
6.206206206206206222e-01	4.387005038189940365e+00	-2.529496800000000101e-01	8.168625315179022239e-01
6.216216216216216006e-01	4.386556784062049630e+00	-2.594249200000000033e-01	8.168625315179022239e-01
6.226226226226225791e-01	4.385716965800783740e+00	-1.622963199999999939e-01	8.168625315179022239e-01
6.236236236236236685e-01	4.385224742116568208e+00	-1.622963199999999939e-01	7.842288451840646601e-01
6.246246246246246470e-01	4.385302057957184196e+00	-1.493458400000000075e-01	7.842288451840646601e-01
6.256256256256256254e-01	4.385358232470890627e+00	-2.140982399999999952e-01	7.842288451840646601e-01
6.266266266266266038e-01	4.384897800258585221e+00	-2.076230000000000020e-01	7.842288451840646601e-01
6.276276276276275823e-01	4.384216621430691241e+00	-1.299201200000000000e-01	7.842288451840646601e-01
6.286286286286286717e-01	4.383556477144429309e+00	-5.221724000000000504e-02	7.189614725163894215e-01
6.296296296296296502e-01	4.382569243018869187e+00	-7.811819999999999875e-02	7.515951588502269853e-01
6.306306306306306286e-01	4.381972408369526839e+00	1.253515999999999658e-02	7.189614725163894215e-01
6.316316316316316071e-01	4.382722503941691272e+00	-3.279152000000000455e-02	7.515951588502269853e-01
6.326326326326325855e-01	4.383618234404526248e+00	-5.869248000000000520e-02	7.189614725163894215e-01
6.336336336336336750e-01	4.383450316816580816e+00	-1.622963199999999939e-01	7.189614725163894215e-01
6.346346346346346534e-01	4.382854545838261728e+00	-7.811819999999999875e-02	7.842288451840646601e-01
6.356356356356356319e-01	4.382275600363900736e+00	-1.169696400000000136e-01	6.863277861825517467e-01
6.366366366366366103e-01	4.381609074051495689e+00	-1.752468000000000081e-01	7.189614725163894215e-01
6.376376376376375887e-01	4.381068887336258655e+00	-4.574200000000000488e-02	6.536940998487140719e-01
6.386386386386386782e-01	4.380645683609789565e+00	-6.890560000000003904e-03	7.189614725163894215e-01
6.396396396396396566e-01	4.380283972226223455e+00	-3.279152000000000455e-02	7.189614725163894215e-01
6.406406406406406351e-01	4.380144299177958445e+00	1.901039999999999675e-02	7.189614725163894215e-01
6.416416416416416135e-01	4.380345687904985574e+00	-5.869248000000000520e-02	6.210604135148766192e-01
6.426426426426425920e-01	4.380770574491178238e+00	-6.516772000000001230e-02	6.536940998487140719e-01
6.436436436436436814e-01	4.380760308942446279e+00	6.059919999999996421e-03	6.863277861825517467e-01
6.446446446446446599e-01	4.380023373333299830e+00	3.843611999999999723e-02	6.536940998487140719e-01
6.456456456456456383e-01	4.379047222468788192e+00	6.059919999999996421e-03	6.536940998487140719e-01
6.466466466466466168e-01	4.378025816958258432e+00	-1.984104000000000423e-02	6.210604135148766192e-01
6.476476476476475952e-01	4.377202144255100791e+00	1.485152000000000139e-01	6.210604135148766192e-01
6.486486486486486847e-01	4.377376669488461047e+00	6.059919999999996421e-03	5.884267271810389444e-01
6.496496496496496631e-01	4.378276723992700070e+00	1.253515999999999658e-02	6.210604135148766192e-01
6.506506506506506415e-01	4.378250978103062963e+00	1.485152000000000139e-01	6.210604135148766192e-01
6.516516516516516200e-01	4.377019745500273729e+00	1.420399599999999929e-01	6.536940998487140719e-01
6.526526526526525984e-01	4.376163340174866967e+00	-3.279152000000000455e-02	6.210604135148766192e-01
6.536536536536536879e-01	4.375959837848398593e+00	1.161389999999999922e-01	5.557930408472013806e-01
6.546546546546546663e-01	4.375269527681386883e+00	-6.890560000000003904e-03	6.210604135148766192e-01
6.556556556556556448e-01	4.374376352523507094e+00	4.491135999999999739e-02	5.884267271810389444e-01
6.566566566566566232e-01	4.374356486271764766e+00	2.132676000000000016e-01	5.557930408472013806e-01
6.576576576576576016e-01	4.374900906966292524e+00	1.031885200000000058e-01	5.557930408472013806e-01
6.586586586586586911e-01	4.374874059213886390e+00	1.161389999999999922e-01	5.231593545133637058e-01
6.596596596596596696e-01	4.374173421064342371e+00	1.614656800000000003e-01	5.557930408472013806e-01
6.606606606606606480e-01	4.373518018400649687e+00	1.290894800000000064e-01	5.231593545133637058e-01
6.616616616616616264e-01	4.372995649454036737e+00	2.067923600000000084e-01	5.884267271810389444e-01
6.626626626626626049e-01	4.372773136039243447e+00	5.138659999999999756e-02	5.557930408472013806e-01
6.636636636636636943e-01	4.373262566148989450e+00	2.197428399999999948e-01	4.905256681795260310e-01
6.646646646646646728e-01	4.373580338441700910e+00	1.679409199999999935e-01	4.905256681795260310e-01
6.656656656656656512e-01	4.372838837589577032e+00	1.485152000000000139e-01	5.557930408472013806e-01
6.666666666666666297e-01	4.371991072677974266e+00	1.808914000000000077e-01	4.905256681795260310e-01
6.676676676676676081e-01	4.371768870531621332e+00	2.456437999999999955e-01	4.578919818456884672e-01
6.686686686686686976e-01	4.371519555129308010e+00	2.844952399999999826e-01	4.578919818456884672e-01
6.696696696696696760e-01	4.371085202569939376e+00	1.614656800000000003e-01	4.578919818456884672e-01
6.706706706706706544e-01	4.370919793605813730e+00	2.521190400000000165e-01	4.905256681795260310e-01
6.716716716716716329e-01	4.371239044818763908e+00	2.197428399999999948e-01	4.578919818456884672e-01
6.726726726726726113e-01	4.371644458575961067e+00	1.873666400000000010e-01	4.905256681795260310e-01
6.736736736736737008e-01	4.370999659287497785e+00	2.521190400000000165e-01	4.578919818456884672e-01
6.746746746746746792e-01	4.369568941138306961e+00	2.067923600000000084e-01	4.905256681795260310e-01
6.756756756756756577e-01	4.368936708506787170e+00	2.456437999999999955e-01	4.252582955118507924e-01
6.766766766766766361e-01	4.368752049346036337e+00	3.751485999999999432e-01	3.926246091780131731e-01
6.776776776776777256e-01	4.368172111844400796e+00	3.816238400000000475e-01	4.578919818456884672e-01
6.786786786786787040e-01	4.368201718668488276e+00	4.269505200000000000e-01	4.252582955118507924e-01
6.796796796796796825e-01	4.368968154590342934e+00	2.067923600000000084e-01	4.578919818456884672e-01
6.806806806806806609e-01	4.368975172806569773e+00	3.427723999999999771e-01	3.599909228441755538e-01
6.816816816816816393e-01	4.368301916496550419e+00	2.974457200000000245e-01	3.926246091780131731e-01
6.826826826826827288e-01	4.368230200375106342e+00	3.492476399999999703e-01	3.599909228441755538e-01
6.836836836836837072e-01	4.368157880593888542e+00	4.852276800000000501e-01	3.599909228441755538e-01
6.846846846846846857e-01	4.366908448246585195e+00	2.974457200000000245e-01	3.273572365103378790e-01
6.856856856856856641e-01	4.365506556954305672e+00	2.909704799999999758e-01	3.599909228441755538e-01
6.866866866866866426e-01	4.365547668290734151e+00	2.650695199999999474e-01	3.273572365103378790e-01
6.876876876876877320e-01	4.366504136956797844e+00	3.751485999999999432e-01	3.926246091780131731e-01
6.886886886886887105e-01	4.366670545855660279e+00	4.204752800000000068e-01	1.968224911749873740e-01
6.896896896896896889e-01	4.365679046871040470e+00	3.751485999999999432e-01	3.273572365103378790e-01
6.906906906906906674e-01	4.364639482141431159e+00	3.168714400000000042e-01	3.273572365103378790e-01
6.916916916916916458e-01	4.364613874803870530e+00	3.945743200000000339e-01	2.620898638426626404e-01
6.926926926926927353e-01	4.365666721703442832e+00	4.528514799999999729e-01	3.273572365103378790e-01
6.936936936936937137e-01	4.366811864713424640e+00	4.463762399999999797e-01	3.273572365103378790e-01
6.946946946946946921e-01	4.366552480624821264e+00	5.240791200000000094e-01	3.273572365103378790e-01
6.956956956956956706e-01	4.364725362481710391e+00	4.010495599999999716e-01	3.273572365103378790e-01
6.966966966966966490e-01	4.363556109254018267e+00	4.463762399999999797e-01	2.294561775088249655e-01
6.976976976976977385e-01	4.364173765374138370e+00	4.463762399999999797e-01	2.620898638426626404e-01
6.986986986986987169e-01	4.364757825389927959e+00	4.658019600000000704e-01	2.947235501765002597e-01
6.996996996996996954e-01	4.364551717672060960e+00	4.140000400000000136e-01	2.620898638426626404e-01
7.007007007007006738e-01	4.364725677094623002e+00	4.334257600000001043e-01	2.294561775088249655e-01
7.017017017017016522e-01	4.365344667281708446e+00	3.233466799999999974e-01	1.968224911749873740e-01
7.027027027027027417e-01	4.365389561590284906e+00	4.658019600000000704e-01	2.620898638426626404e-01
7.037037037037037202e-01	4.364390794475252022e+00	4.010495599999999716e-01	1.968224911749873740e-01
7.047047047047046986e-01	4.363111113771357630e+00	5.305543600000000026e-01	1.968224911749873740e-01
7.057057057057056770e-01	4.362630238265383653e+00	4.140000400000000136e-01	1.641888048411497825e-01
7.067067067067066555e-01	4.362736229311340530e+00	5.240791200000000094e-01	1.315551185073121632e-01
7.077077077077077449e-01	4.362438472312867965e+00	4.787524399999999458e-01	1.315551185073121632e-01
7.087087087087087234e-01	4.361409495881281018e+00	5.953067600000000459e-01	1.968224911749873740e-01
7.097097097097097018e-01	4.360331491658619107e+00	5.046534000000000297e-01	1.641888048411497825e-01
7.107107107107106803e-01	4.360544871193086536e+00	5.046534000000000297e-01	1.315551185073121632e-01
7.117117117117116587e-01	4.362292520948313879e+00	5.240791200000000094e-01	1.641888048411497825e-01
7.127127127127127482e-01	4.363713931032831894e+00	4.981781600000000365e-01	9.892143217347457163e-02
7.137137137137137266e-01	4.363505946452701956e+00	5.176038800000000162e-01	1.641888048411497825e-01
7.147147147147147050e-01	4.362291305279954123e+00	6.794848799999999578e-01	1.641888048411497825e-01
7.157157157157156835e-01	4.360955207575639037e+00	5.888315200000000527e-01	6.628774583963688294e-02
7.167167167167166619e-01	4.360130801088645924e+00	5.694058000000000730e-01	9.892143217347457163e-02
7.177177177177177514e-01	4.359991817595968655e+00	4.981781600000000365e-01	1.641888048411497825e-01
7.187187187187187298e-01	4.360298409681585774e+00	5.629305600000000798e-01	6.628774583963688294e-02
7.197197197197197083e-01	4.360795697482225286e+00	5.629305600000000798e-01	3.365405950579927752e-02
7.207207207207206867e-01	4.360616906885383059e+00	6.017820000000000391e-01	1.315551185073121632e-01
7.217217217217216652e-01	4.359444874433963335e+00	6.147324800000000256e-01	9.892143217347457163e-02
7.227227227227227546e-01	4.358538315069659497e+00	5.370296000000001069e-01	9.892143217347457163e-02
7.237237237237237331e-01	4.358382378538578017e+00	5.499800799999999823e-01	9.892143217347457163e-02
7.247247247247247115e-01	4.358146037312153886e+00	5.823562799999999484e-01	3.365405950579927752e-02
7.257257257257256899e-01	4.357744622660451483e+00	6.859601199999999510e-01	9.892143217347457163e-02
7.267267267267266684e-01	4.357560163093692651e+00	6.794848799999999578e-01	1.020373171961676869e-03
7.277277277277277578e-01	4.357615521245372214e+00	6.017820000000000391e-01	3.365405950579927752e-02
7.287287287287287363e-01	4.358122264442485516e+00	5.564553199999999755e-01	9.892143217347457163e-02
7.297297297297297147e-01	4.359027885613976139e+00	6.212077200000000188e-01	1.020373171961676869e-03
7.307307307307306932e-01	4.359517307717539758e+00	5.694058000000000730e-01	6.628774583963688294e-02
7.317317317317316716e-01	4.359046355116134919e+00	6.082572400000001434e-01	1.020373171961676869e-03
7.327327327327327611e-01	4.358112145587254460e+00	6.471086800000001027e-01	3.365405950579927752e-02
7.337337337337337395e-01	4.357523173734578315e+00	7.183363200000001392e-01	1.020373171961676869e-03
7.347347347347347180e-01	4.357620876225079876e+00	7.442372800000001121e-01	1.020373171961676869e-03
7.357357357357356964e-01	4.358280238223058767e+00	8.413658800000000104e-01	-3.161331316187596802e-02
7.367367367367367859e-01	4.358628232808934300e+00	7.118610800000001460e-01	-3.161331316187596802e-02
7.377377377377377643e-01	4.357770098963347216e+00	7.183363200000001392e-01	-6.424699949571360813e-02
7.387387387387387427e-01	4.356420784387460721e+00	6.730096400000000756e-01	6.628774583963688294e-02
7.397397397397397212e-01	4.355892092883777877e+00	6.406334400000001095e-01	-3.161331316187596802e-02
7.407407407407406996e-01	4.356112786884394517e+00	6.276829600000000120e-01	-6.424699949571360813e-02
7.417417417417417891e-01	4.355961292602728463e+00	6.665344000000000824e-01	-6.424699949571360813e-02
7.427427427427427675e-01	4.355150087745045084e+00	7.377620400000000078e-01	-3.161331316187596802e-02
7.437437437437437460e-01	4.354915034078988612e+00	6.794848799999999578e-01	-9.688068582955121355e-02
7.447447447447447244e-01	4.355379792075118495e+00	7.571877599999999875e-01	-1.621480584972264660e-01
7.457457457457457028e-01	4.355268897493384195e+00	7.571877599999999875e-01	-9.688068582955121355e-02
7.467467467467467923e-01	4.354964265234026577e+00	7.248115600000000214e-01	-1.295143721633888190e-01
7.477477477477477708e-01	4.355028330960620586e+00	7.895639599999999536e-01	-6.424699949571360813e-02
7.487487487487487492e-01	4.354718655660897220e+00	7.701382400000000850e-01	-1.295143721633888190e-01
7.497497497497497276e-01	4.354445155883071017e+00	8.478411200000001147e-01	-3.161331316187596802e-02
7.507507507507507061e-01	4.354935129081024314e+00	8.931677999999999562e-01	-9.688068582955121355e-02
7.517517517517517955e-01	4.354839351161653660e+00	7.377620400000000078e-01	-9.688068582955121355e-02
7.527527527527527740e-01	4.353045542703521953e+00	8.219401600000000307e-01	-1.295143721633888190e-01
7.537537537537537524e-01	4.351384643707964628e+00	7.377620400000000078e-01	-9.688068582955121355e-02
7.547547547547547309e-01	4.351621256100358437e+00	7.636630000000000917e-01	-1.295143721633888190e-01
7.557557557557557093e-01	4.352482518264502609e+00	8.284154000000000240e-01	-1.295143721633888190e-01
7.567567567567567988e-01	4.352856652368271462e+00	7.895639599999999536e-01	-1.295143721633888190e-01
7.577577577577577772e-01	4.353531755528313951e+00	8.348906400000000172e-01	-1.621480584972264660e-01
7.587587587587587556e-01	4.354395760232788071e+00	8.737420800000000876e-01	-1.295143721633888190e-01
7.597597597597597341e-01	4.354502011687610974e+00	8.543163600000001079e-01	-1.621480584972264660e-01
7.607607607607607125e-01	4.353961981936211423e+00	8.996430400000000605e-01	-1.621480584972264660e-01
7.617617617617618020e-01	4.353485725477102442e+00	9.449697200000000130e-01	-2.274154311649017046e-01
7.627627627627627804e-01	4.353352832991419064e+00	9.643954399999999927e-01	-1.295143721633888190e-01
7.637637637637637589e-01	4.353595054001638154e+00	8.543163600000001079e-01	-1.947817448310640853e-01
7.647647647647647373e-01	4.354096083237269710e+00	8.089896800000000443e-01	-1.295143721633888190e-01
7.657657657657657158e-01	4.353955369064931524e+00	8.737420800000000876e-01	-1.947817448310640853e-01
7.667667667667668052e-01	4.352754796996566533e+00	1.042098320000000022e+00	-1.947817448310640853e-01
7.677677677677677837e-01	4.351684150160633813e+00	9.125935200000000469e-01	-1.621480584972264660e-01
7.687687687687687621e-01	4.351695709896234554e+00	8.219401600000000307e-01	-2.274154311649017046e-01
7.697697697697697405e-01	4.352405817075078787e+00	9.514449600000001173e-01	-2.274154311649017046e-01
7.707707707707707190e-01	4.352700675299972843e+00	9.061182800000000537e-01	-1.621480584972264660e-01
7.717717717717718084e-01	4.352019745352450286e+00	1.029147840000000036e+00	-2.600491174987393794e-01
7.727727727727727869e-01	4.351075391697357908e+00	8.219401600000000307e-01	-2.274154311649017046e-01
7.737737737737737653e-01	4.350269087054300599e+00	9.190687600000001511e-01	-1.947817448310640853e-01
7.747747747747747438e-01	4.349785862750865206e+00	8.931677999999999562e-01	-2.274154311649017046e-01
7.757757757757757222e-01	4.350286487977511385e+00	9.255440000000001444e-01	-2.600491174987393794e-01
7.767767767767768117e-01	4.350784765733729742e+00	9.190687600000001511e-01	-1.947817448310640853e-01
7.777777777777777901e-01	4.350260029876655388e+00	9.967716399999999588e-01	-2.600491174987393794e-01
7.787787787787787686e-01	4.350262653932389867e+00	9.061182800000000537e-01	-2.600491174987393794e-01
7.797797797797797470e-01	4.351237732988447959e+00	9.125935200000000469e-01	-2.926828038325769432e-01
7.807807807807807254e-01	4.351560066327690102e+00	9.320192400000000266e-01	-2.600491174987393794e-01
7.817817817817818149e-01	4.351252460427640578e+00	8.737420800000000876e-01	-2.274154311649017046e-01
7.827827827827827933e-01	4.350988547196195988e+00	1.061524040000000113e+00	-2.600491174987393794e-01
7.837837837837837718e-01	4.350186392680696734e+00	9.125935200000000469e-01	-3.253164901664145625e-01
7.847847847847847502e-01	4.348938472440509351e+00	9.061182800000000537e-01	-2.926828038325769432e-01
7.857857857857857287e-01	4.348204517424465898e+00	9.643954399999999927e-01	-2.274154311649017046e-01
7.867867867867868181e-01	4.348428753228199106e+00	1.067999279999999995e+00	-2.600491174987393794e-01
7.877877877877877966e-01	4.349452860690607103e+00	9.384944800000000198e-01	-2.600491174987393794e-01
7.887887887887887750e-01	4.350191721538261724e+00	9.125935200000000469e-01	-2.926828038325769432e-01
7.897897897897897534e-01	4.349799164359079207e+00	9.514449600000001173e-01	-3.253164901664145625e-01
7.907907907907907319e-01	4.349323540618772910e+00	9.773459200000000902e-01	-3.253164901664145625e-01
7.917917917917918214e-01	4.349818420801589980e+00	9.773459200000000902e-01	-3.579501765002521818e-01
7.927927927927927998e-01	4.350260591536039279e+00	9.449697200000000130e-01	-3.253164901664145625e-01
7.937937937937937782e-01	4.349356578478056790e+00	9.643954399999999927e-01	-3.253164901664145625e-01
7.947947947947947567e-01	4.348015533241535557e+00	9.838211600000000834e-01	-2.926828038325769432e-01
7.957957957957957351e-01	4.347926598827392297e+00	9.514449600000001173e-01	-2.926828038325769432e-01
7.967967967967968246e-01	4.348839856073110077e+00	9.773459200000000902e-01	-3.253164901664145625e-01
7.977977977977978030e-01	4.349441120186078535e+00	1.042098320000000022e+00	-3.253164901664145625e-01
7.987987987987987815e-01	4.349484399097645060e+00	1.029147840000000036e+00	-3.253164901664145625e-01
7.997997997997997599e-01	4.349311170553459505e+00	9.838211600000000834e-01	-2.926828038325769432e-01
8.008008008008007383e-01	4.348974595268209953e+00	9.838211600000000834e-01	-3.253164901664145625e-01
8.018018018018018278e-01	4.348576346990484787e+00	1.029147840000000036e+00	-2.600491174987393794e-01
8.028028028028028062e-01	4.348043453500806343e+00	9.967716399999999588e-01	-3.905838628340898566e-01
8.038038038038037847e-01	4.347260749991863626e+00	1.035623080000000140e+00	-3.253164901664145625e-01
8.048048048048047631e-01	4.346612909065834529e+00	9.902964000000000766e-01	-3.253164901664145625e-01
8.058058058058058526e-01	4.346689245817996650e+00	9.902964000000000766e-01	-3.579501765002521818e-01
8.068068068068068310e-01	4.347763763144364191e+00	9.902964000000000766e-01	-3.905838628340898566e-01
8.078078078078078095e-01	4.348924801570204224e+00	1.061524040000000113e+00	-3.905838628340898566e-01
8.088088088088087879e-01	4.348980026547121902e+00	1.165127880000000005e+00	-2.600491174987393794e-01
8.098098098098097664e-01	4.348628302678881674e+00	1.009722120000000167e+00	-3.253164901664145625e-01
8.108108108108108558e-01	4.348895146350745478e+00	1.042098320000000022e+00	-2.926828038325769432e-01
8.118118118118118343e-01	4.349008095704474997e+00	1.022672600000000154e+00	-3.905838628340898566e-01
8.128128128128128127e-01	4.348188164126245425e+00	1.035623080000000140e+00	-3.905838628340898566e-01
8.138138138138137911e-01	4.347025836442234059e+00	9.579201999999999995e-01	-3.905838628340898566e-01
8.148148148148147696e-01	4.346660449660531889e+00	1.029147840000000036e+00	-3.905838628340898566e-01
8.158158158158158590e-01	4.347666978401780291e+00	1.016197360000000049e+00	-3.579501765002521818e-01
8.168168168168168375e-01	4.349006519810487248e+00	1.042098320000000022e+00	-3.253164901664145625e-01
8.178178178178178159e-01	4.349147807626228435e+00	1.042098320000000022e+00	-3.579501765002521818e-01
8.188188188188187944e-01	4.348166789394646514e+00	1.029147840000000036e+00	-3.253164901664145625e-01
8.198198198198197728e-01	4.347148889188824583e+00	1.029147840000000036e+00	-3.579501765002521818e-01
8.208208208208208623e-01	4.346677324590389802e+00	1.035623080000000140e+00	-3.905838628340898566e-01
8.218218218218218407e-01	4.346788950000487262e+00	1.029147840000000036e+00	-3.253164901664145625e-01
8.228228228228228192e-01	4.347253934103201267e+00	1.029147840000000036e+00	-3.579501765002521818e-01
8.238238238238237976e-01	4.347602081848435773e+00	1.048573559999999905e+00	-3.905838628340898566e-01
8.248248248248247760e-01	4.347792808120198416e+00	1.029147840000000036e+00	-3.253164901664145625e-01
8.258258258258258655e-01	4.348101362528303149e+00	1.042098320000000022e+00	-3.905838628340898566e-01
8.268268268268268439e-01	4.348164731654751591e+00	1.035623080000000140e+00	-3.253164901664145625e-01
8.278278278278278224e-01	4.347637968320628765e+00	1.029147840000000036e+00	-3.905838628340898566e-01
8.288288288288288008e-01	4.347067027290173691e+00	1.035623080000000140e+00	-3.253164901664145625e-01
8.298298298298297793e-01	4.347409986597194909e+00	1.029147840000000036e+00	-2.926828038325769432e-01
8.308308308308308687e-01	4.348263197363868571e+00	1.029147840000000036e+00	-3.905838628340898566e-01
8.318318318318318472e-01	4.347568560285732353e+00	1.029147840000000036e+00	-3.253164901664145625e-01
8.328328328328328256e-01	4.345529303005757349e+00	1.029147840000000036e+00	-3.905838628340898566e-01
8.338338338338338041e-01	4.345172389018205017e+00	1.022672600000000154e+00	-3.253164901664145625e-01
8.348348348348347825e-01	4.346518456772940908e+00	1.022672600000000154e+00	-3.253164901664145625e-01
8.358358358358358720e-01	4.346845511486783664e+00	1.022672600000000154e+00	-3.253164901664145625e-01
8.368368368368368504e-01	4.346662850247433596e+00	1.022672600000000154e+00	-3.253164901664145625e-01
8.378378378378378288e-01	4.347566502241536845e+00	1.029147840000000036e+00	-3.579501765002521818e-01
8.388388388388388073e-01	4.348152757352769626e+00	1.042098320000000022e+00	-3.905838628340898566e-01
8.398398398398397857e-01	4.347421923253527609e+00	1.022672600000000154e+00	-3.579501765002521818e-01
8.408408408408408752e-01	4.346596120115092887e+00	1.029147840000000036e+00	-3.579501765002521818e-01
8.418418418418418536e-01	4.346732050996966024e+00	1.022672600000000154e+00	-3.253164901664145625e-01
8.428428428428428321e-01	4.347755192996856088e+00	1.022672600000000154e+00	-2.926828038325769432e-01
8.438438438438438105e-01	4.348506797234728438e+00	1.035623080000000140e+00	-3.579501765002521818e-01
8.448448448448447889e-01	4.348211880953043895e+00	1.022672600000000154e+00	-3.905838628340898566e-01
8.458458458458458784e-01	4.347748101793283304e+00	1.029147840000000036e+00	-3.579501765002521818e-01
8.468468468468468568e-01	4.347658102053632234e+00	1.016197360000000049e+00	-3.579501765002521818e-01
8.478478478478478353e-01	4.347180106484709761e+00	1.022672600000000154e+00	-3.579501765002521818e-01
8.488488488488488137e-01	4.346342310344565973e+00	1.009722120000000167e+00	-3.253164901664145625e-01
8.498498498498497922e-01	4.346328641198378584e+00	1.016197360000000049e+00	-4.232175491679274204e-01
8.508508508508508816e-01	4.347263640629542181e+00	1.022672600000000154e+00	-3.253164901664145625e-01
8.518518518518518601e-01	4.347823651075591656e+00	1.016197360000000049e+00	-3.253164901664145625e-01
8.528528528528528385e-01	4.347233227778106723e+00	1.016197360000000049e+00	-3.253164901664145625e-01
8.538538538538538170e-01	4.346395900537604717e+00	1.009722120000000167e+00	-3.253164901664145625e-01
8.548548548548547954e-01	4.346494374601738819e+00	1.016197360000000049e+00	-3.579501765002521818e-01
8.558558558558558849e-01	4.346776550449353849e+00	1.003246880000000063e+00	-4.232175491679274204e-01
8.568568568568568633e-01	4.345939773932168571e+00	1.003246880000000063e+00	-3.905838628340898566e-01
8.578578578578578417e-01	4.345084046086976848e+00	1.009722120000000167e+00	-3.579501765002521818e-01
8.588588588588588202e-01	4.345824453976605994e+00	1.003246880000000063e+00	-3.253164901664145625e-01
8.598598598598597986e-01	4.347331223480655815e+00	9.967716399999999588e-01	-2.926828038325769432e-01
8.608608608608608881e-01	4.347907329809421739e+00	9.902964000000000766e-01	-3.579501765002521818e-01
8.618618618618618665e-01	4.347249639499141338e+00	9.967716399999999588e-01	-3.579501765002521818e-01
8.628628628628628450e-01	4.346398015356394140e+00	9.838211600000000834e-01	-3.905838628340898566e-01
8.638638638638638234e-01	4.346328321424419272e+00	9.967716399999999588e-01	-3.253164901664145625e-01
8.648648648648649129e-01	4.346680182802785453e+00	9.838211600000000834e-01	-3.253164901664145625e-01
8.658658658658658913e-01	4.346919681275046798e+00	9.449697200000000130e-01	-3.253164901664145625e-01
8.668668668668668698e-01	4.347332848007334327e+00	9.643954399999999927e-01	-2.926828038325769432e-01
8.678678678678678482e-01	4.347638261965484752e+00	1.009722120000000167e+00	-2.926828038325769432e-01
8.688688688688688266e-01	4.347316466482999964e+00	9.255440000000001444e-01	-2.926828038325769432e-01
8.698698698698699161e-01	4.346917195121577926e+00	9.643954399999999927e-01	-2.600491174987393794e-01
8.708708708708708945e-01	4.346762090424454605e+00	9.773459200000000902e-01	-2.926828038325769432e-01
8.718718718718718730e-01	4.346343238345232507e+00	9.449697200000000130e-01	-2.274154311649017046e-01
8.728728728728728514e-01	4.345922951150712699e+00	9.643954399999999927e-01	-2.926828038325769432e-01
8.738738738738738299e-01	4.346326268697859874e+00	9.643954399999999927e-01	-3.253164901664145625e-01
8.748748748748749193e-01	4.347330385702360189e+00	9.579201999999999995e-01	-2.600491174987393794e-01
8.758758758758758978e-01	4.347838398788313796e+00	9.514449600000001173e-01	-2.926828038325769432e-01
8.768768768768768762e-01	4.347252116535051947e+00	9.320192400000000266e-01	-2.926828038325769432e-01
8.778778778778778547e-01	4.346309786761795024e+00	9.773459200000000902e-01	-3.253164901664145625e-01
8.788788788788788331e-01	4.346314296987250358e+00	9.643954399999999927e-01	-2.600491174987393794e-01
8.798798798798799226e-01	4.347278485391494307e+00	8.802173200000000808e-01	-2.926828038325769432e-01
8.808808808808809010e-01	4.347837706292022375e+00	8.543163600000001079e-01	-2.600491174987393794e-01
8.818818818818818794e-01	4.347176682789162250e+00	8.931677999999999562e-01	-2.600491174987393794e-01
8.828828828828828579e-01	4.346325913450147738e+00	8.996430400000000605e-01	-1.621480584972264660e-01
8.838838838838838363e-01	4.346818799773457087e+00	8.931677999999999562e-01	-2.274154311649017046e-01
8.848848848848849258e-01	4.348018773187532382e+00	9.902964000000000766e-01	-2.600491174987393794e-01
8.858858858858859042e-01	4.348231545040149193e+00	9.061182800000000537e-01	-2.274154311649017046e-01
8.868868868868868827e-01	4.347736961903800434e+00	1.016197360000000049e+00	-1.947817448310640853e-01
8.878878878878878611e-01	4.347640155324532962e+00	9.320192400000000266e-01	-2.274154311649017046e-01
8.888888888888888395e-01	4.347734969868810140e+00	8.866925599999999630e-01	-1.621480584972264660e-01
8.898898898898899290e-01	4.347266682061927234e+00	8.543163600000001079e-01	-1.947817448310640853e-01
8.908908908908909074e-01	4.346356022502741112e+00	8.413658800000000104e-01	-1.621480584972264660e-01
8.918918918918918859e-01	4.345917134203825860e+00	9.190687600000001511e-01	-1.947817448310640853e-01
8.928928928928928643e-01	4.346268144435449621e+00	8.931677999999999562e-01	-1.947817448310640853e-01
8.938938938938938428e-01	4.346860695746215697e+00	8.672668400000000943e-01	-1.947817448310640853e-01
8.948948948948949322e-01	4.347338004775396669e+00	9.061182800000000537e-01	-1.947817448310640853e-01
8.958958958958959107e-01	4.347567006929192068e+00	9.384944800000000198e-01	-1.621480584972264660e-01
8.968968968968968891e-01	4.347697564241963519e+00	9.061182800000000537e-01	-1.621480584972264660e-01
8.978978978978978676e-01	4.348240066298037831e+00	9.061182800000000537e-01	-1.295143721633888190e-01
8.988988988988988460e-01	4.348652124251961126e+00	8.996430400000000605e-01	-1.947817448310640853e-01
8.998998998998999355e-01	4.347677176051329972e+00	8.219401600000000307e-01	-9.688068582955121355e-02
9.009009009009009139e-01	4.345910626444890568e+00	7.636630000000000917e-01	-1.295143721633888190e-01
9.019019019019018923e-01	4.345363325583512015e+00	6.665344000000000824e-01	-1.295143721633888190e-01
9.029029029029028708e-01	4.346350655539656493e+00	8.348906400000000172e-01	-1.295143721633888190e-01
9.039039039039038492e-01	4.347263987189081469e+00	8.089896800000000443e-01	1.020373171961676869e-03
9.049049049049049387e-01	4.347288334208005089e+00	7.248115600000000214e-01	-9.688068582955121355e-02
9.059059059059059171e-01	4.347373777752051360e+00	8.089896800000000443e-01	-6.424699949571360813e-02
9.069069069069068956e-01	4.347913076542108790e+00	7.830887200000000714e-01	-9.688068582955121355e-02
9.079079079079078740e-01	4.348159794488145380e+00	7.895639599999999536e-01	-9.688068582955121355e-02
9.089089089089088525e-01	4.348245076448359114e+00	8.284154000000000240e-01	-9.688068582955121355e-02
9.099099099099099419e-01	4.348352036087831607e+00	7.183363200000001392e-01	-1.295143721633888190e-01
9.109109109109109204e-01	4.348137400966355592e+00	8.089896800000000443e-01	-6.424699949571360813e-02
9.119119119119118988e-01	4.348085280613356751e+00	7.636630000000000917e-01	-6.424699949571360813e-02
9.129129129129128772e-01	4.348451453952129064e+00	6.730096400000000756e-01	-3.161331316187596802e-02
9.139139139139138557e-01	4.348657216430652284e+00	7.960392000000000579e-01	-3.161331316187596802e-02
9.149149149149149451e-01	4.348347522379232721e+00	6.794848799999999578e-01	1.020373171961676869e-03
9.159159159159159236e-01	4.348001423290965839e+00	7.895639599999999536e-01	-6.424699949571360813e-02
9.169169169169169020e-01	4.348657058830835531e+00	6.924353600000000553e-01	-6.424699949571360813e-02
9.179179179179178805e-01	4.349691535452047120e+00	7.442372800000001121e-01	-6.424699949571360813e-02
9.189189189189188589e-01	4.349412837983726021e+00	7.377620400000000078e-01	1.020373171961676869e-03
9.199199199199199484e-01	4.348570209923944496e+00	6.924353600000000553e-01	-6.424699949571360813e-02
9.209209209209209268e-01	4.348750403764133132e+00	6.276829600000000120e-01	1.020373171961676869e-03
9.219219219219219053e-01	4.349426273782132313e+00	6.212077200000000188e-01	-3.161331316187596802e-02
9.229229229229228837e-01	4.349460163639189858e+00	6.535839199999999849e-01	6.628774583963688294e-02
9.239239239239238621e-01	4.348756637880583753e+00	5.240791200000000094e-01	1.020373171961676869e-03
9.249249249249249516e-01	4.348373104898052510e+00	6.017820000000000391e-01	3.365405950579927752e-02
9.259259259259259300e-01	4.349409323142079842e+00	6.212077200000000188e-01	1.020373171961676869e-03
9.269269269269269085e-01	4.350840275750339714e+00	6.147324800000000256e-01	3.365405950579927752e-02
9.279279279279278869e-01	4.350344624624002066e+00	6.276829600000000120e-01	6.628774583963688294e-02
9.289289289289288654e-01	4.347996929966063462e+00	4.528514799999999729e-01	6.628774583963688294e-02
9.299299299299299548e-01	4.346589196760582752e+00	5.758810400000000662e-01	3.365405950579927752e-02
9.309309309309309333e-01	4.347535436081770399e+00	5.370296000000001069e-01	3.365405950579927752e-02
9.319319319319319117e-01	4.348950287572161955e+00	5.694058000000000730e-01	9.892143217347457163e-02
9.329329329329328901e-01	4.348965968022455719e+00	5.046534000000000297e-01	9.892143217347457163e-02
9.339339339339339796e-01	4.348575435724543858e+00	5.888315200000000527e-01	9.892143217347457163e-02
9.349349349349349581e-01	4.349207824561338143e+00	6.017820000000000391e-01	3.365405950579927752e-02
9.359359359359359365e-01	4.350136166858409759e+00	5.499800799999999823e-01	9.892143217347457163e-02
9.369369369369369149e-01	4.350507930536708479e+00	5.499800799999999823e-01	1.641888048411497825e-01
9.379379379379378934e-01	4.350346541631409103e+00	6.212077200000000188e-01	1.315551185073121632e-01
9.389389389389389828e-01	4.349156281584563466e+00	4.658019600000000704e-01	1.315551185073121632e-01
9.399399399399399613e-01	4.347523561859548025e+00	5.758810400000000662e-01	1.315551185073121632e-01
9.409409409409409397e-01	4.347602515023365477e+00	5.499800799999999823e-01	1.315551185073121632e-01
9.419419419419419182e-01	4.349196667980054443e+00	4.463762399999999797e-01	1.641888048411497825e-01
9.429429429429428966e-01	4.349913209043998918e+00	5.694058000000000730e-01	1.315551185073121632e-01
9.439439439439439861e-01	4.349508209897706479e+00	4.981781600000000365e-01	1.968224911749873740e-01
9.449449449449449645e-01	4.349311787499573256e+00	5.111286400000001340e-01	1.641888048411497825e-01
9.459459459459459429e-01	4.349311273990768889e+00	5.111286400000001340e-01	1.641888048411497825e-01
9.469469469469469214e-01	4.348936911885754597e+00	6.989106000000000485e-01	1.315551185073121632e-01
9.479479479479478998e-01	4.348508636655000537e+00	5.046534000000000297e-01	1.641888048411497825e-01
9.489489489489489893e-01	4.348442165393609393e+00	3.168714400000000042e-01	1.641888048411497825e-01
9.499499499499499677e-01	4.348503263997334223e+00	4.204752800000000068e-01	2.294561775088249655e-01
9.509509509509509462e-01	4.348440098240820895e+00	4.722772000000000081e-01	2.620898638426626404e-01
9.519519519519519246e-01	4.348501781849226866e+00	4.075248000000000759e-01	2.620898638426626404e-01
9.529529529529529031e-01	4.348947247649697978e+00	5.111286400000001340e-01	1.968224911749873740e-01
9.539539539539539925e-01	4.349352402825406472e+00	5.111286400000001340e-01	2.294561775088249655e-01
9.549549549549549710e-01	4.349251840068703245e+00	5.111286400000001340e-01	2.294561775088249655e-01
9.559559559559559494e-01	4.349268291695659094e+00	4.917029200000000433e-01	2.294561775088249655e-01
9.569569569569569278e-01	4.350262557865272939e+00	3.751485999999999432e-01	2.294561775088249655e-01
9.579579579579579063e-01	4.351431403787569430e+00	3.233466799999999974e-01	3.273572365103378790e-01
9.589589589589589957e-01	4.351420857535680753e+00	4.981781600000000365e-01	2.947235501765002597e-01
9.599599599599599742e-01	4.351082173813909826e+00	3.168714400000000042e-01	2.947235501765002597e-01
9.609609609609609526e-01	4.351823896015369897e+00	2.844952399999999826e-01	2.620898638426626404e-01
9.619619619619619311e-01	4.352687152423699857e+00	3.039209600000000178e-01	3.273572365103378790e-01
9.629629629629629095e-01	4.352429142616177415e+00	2.197428399999999948e-01	2.947235501765002597e-01
9.639639639639639990e-01	4.351770065037316115e+00	2.844952399999999826e-01	3.273572365103378790e-01
9.649649649649649774e-01	4.351740046251122429e+00	3.427723999999999771e-01	2.947235501765002597e-01
9.659659659659659559e-01	4.352322189026351040e+00	3.168714400000000042e-01	3.599909228441755538e-01
9.669669669669669343e-01	4.352760311551031158e+00	4.334257600000001043e-01	3.273572365103378790e-01
9.679679679679679127e-01	4.352435598768134462e+00	2.780200000000000449e-01	3.599909228441755538e-01
9.689689689689690022e-01	4.351509593265981302e+00	2.262180799999999881e-01	3.599909228441755538e-01
9.699699699699699806e-01	4.350366660898527194e+00	2.909704799999999758e-01	3.926246091780131731e-01
9.709709709709709591e-01	4.349630083377675760e+00	2.909704799999999758e-01	3.926246091780131731e-01
9.719719719719719375e-01	4.350121546926331462e+00	2.974457200000000245e-01	4.252582955118507924e-01
9.729729729729729160e-01	4.351285240404248356e+00	2.650695199999999474e-01	4.252582955118507924e-01
9.739739739739740054e-01	4.351988457769379259e+00	3.103962000000000110e-01	4.252582955118507924e-01
9.749749749749749839e-01	4.352433717861688756e+00	3.686733600000000055e-01	5.231593545133637058e-01
9.759759759759759623e-01	4.352741082701469644e+00	1.679409199999999935e-01	3.926246091780131731e-01
9.769769769769769407e-01	4.352251250389173265e+00	3.362971600000000394e-01	4.578919818456884672e-01
9.779779779779779192e-01	4.351376554845097999e+00	2.391685600000000023e-01	4.578919818456884672e-01
9.789789789789790087e-01	4.351361222336958434e+00	1.549904400000000071e-01	3.599909228441755538e-01
9.799799799799799871e-01	4.352120253612274503e+00	1.873666400000000010e-01	4.252582955118507924e-01
9.809809809809809655e-01	4.352702080973410048e+00	2.780200000000000449e-01	4.252582955118507924e-01
9.819819819819819440e-01	4.353204366014940874e+00	1.614656800000000003e-01	4.252582955118507924e-01
9.829829829829829224e-01	4.353910511505613812e+00	2.326933200000000090e-01	4.905256681795260310e-01
9.839839839839840119e-01	4.354319547130465651e+00	1.485152000000000139e-01	4.905256681795260310e-01
9.849849849849849903e-01	4.354518979404510937e+00	1.161389999999999922e-01	4.905256681795260310e-01
9.859859859859859688e-01	4.354907902333345682e+00	1.096637599999999990e-01	4.905256681795260310e-01
9.869869869869869472e-01	4.354677874058143772e+00	1.744161599999999868e-01	5.557930408472013806e-01
9.879879879879879256e-01	4.353608011720020876e+00	1.679409199999999935e-01	4.905256681795260310e-01
9.889889889889890151e-01	4.353116038237447860e+00	1.420399599999999929e-01	6.210604135148766192e-01
9.899899899899899935e-01	4.353291801328260213e+00	5.786183999999999772e-02	5.557930408472013806e-01
9.909909909909909720e-01	4.353128248779422726e+00	1.549904400000000071e-01	4.905256681795260310e-01
9.919919919919919504e-01	4.353143532572669727e+00	2.197428399999999948e-01	6.210604135148766192e-01
9.929929929929930399e-01	4.353780465918398512e+00	1.679409199999999935e-01	5.231593545133637058e-01
9.939939939939940183e-01	4.354349355497975083e+00	1.549904400000000071e-01	5.557930408472013806e-01
9.949949949949949968e-01	4.354873085121793608e+00	1.161389999999999922e-01	5.557930408472013806e-01
9.959959959959959752e-01	4.355626241000428500e+00	1.901039999999999675e-02	5.884267271810389444e-01
9.969969969969969537e-01	4.356028707061144978e+00	5.138659999999999756e-02	5.884267271810389444e-01
9.979979979979980431e-01	4.355959014788979289e+00	3.843611999999999723e-02	6.210604135148766192e-01
9.989989989989990216e-01	4.356365910520339391e+00	1.096637599999999990e-01	6.210604135148766192e-01
1.000000000000000000e+00	4.357703619134439599e+00	1.901039999999999675e-02	6.536940998487140719e-01
