Time(s)\disp(mm)\Force(Lb)\Force(Lb)
0.000000000000000000e+00	4.372757848010381920e+00	-4.860583200000000437e-01	1.469536258194654943e+00
1.001001001001000992e-03	4.376576979124733313e+00	-5.313849999999999962e-01	1.371635199193141919e+00
2.002002002002001985e-03	4.381709739378749191e+00	-5.702364399999999556e-01	1.469536258194654943e+00
3.003003003003002977e-03	4.386280425676106987e+00	-6.155631200000000192e-01	1.469536258194654943e+00
4.004004004004003969e-03	4.388465678614408283e+00	-6.544145599999999785e-01	1.567437317196167523e+00
5.005005005005004962e-03	4.389840291480837209e+00	-4.018802000000000207e-01	1.567437317196167523e+00
6.006006006006005954e-03	4.392504899343763647e+00	-6.349888400000001099e-01	1.632704689863842651e+00
7.007007007007006946e-03	4.396413644445232194e+00	-6.155631200000000192e-01	1.665338376197680104e+00
8.008008008008007939e-03	4.400822340935863330e+00	-6.220383600000000124e-01	1.600071003530005198e+00
9.009009009009008931e-03	4.405267697506080715e+00	-6.285136000000000056e-01	1.632704689863842651e+00
1.001001001001000992e-02	4.408768772464290109e+00	-6.479393199999999853e-01	1.632704689863842651e+00
1.101101101101101092e-02	4.410805749706452339e+00	-6.997412400000000421e-01	1.567437317196167523e+00
1.201201201201201191e-02	4.412990332652266368e+00	-6.673650399999999649e-01	1.600071003530005198e+00
1.301301301301301290e-02	4.416395642945960986e+00	-7.385926799999998904e-01	1.665338376197680104e+00
1.401401401401401389e-02	4.419859600629746588e+00	-6.479393199999999853e-01	1.665338376197680104e+00
1.501501501501501488e-02	4.422481424521512494e+00	-7.191669600000000218e-01	1.665338376197680104e+00
1.601601601601601588e-02	4.423767402939216886e+00	-6.673650399999999649e-01	1.600071003530005198e+00
1.701701701701701513e-02	4.423867324181935956e+00	-6.738402799999999582e-01	1.697972062531518000e+00
1.801801801801801786e-02	4.424396472010104553e+00	-6.349888400000001099e-01	1.665338376197680104e+00
1.901901901901902059e-02	4.426193253241240022e+00	-6.544145599999999785e-01	1.632704689863842651e+00
2.002002002002001985e-02	4.428423231293487916e+00	-6.997412400000000421e-01	1.665338376197680104e+00
2.102102102102101910e-02	4.430087954112006621e+00	-7.126917200000000285e-01	1.730605748865355453e+00
2.202202202202202183e-02	4.431233335708011367e+00	-6.479393199999999853e-01	1.665338376197680104e+00
2.302302302302302456e-02	4.431993549013818701e+00	-6.997412400000000421e-01	1.697972062531518000e+00
2.402402402402402382e-02	4.431254835684242721e+00	-6.414640799999999921e-01	1.665338376197680104e+00
2.502502502502502307e-02	4.429210610180227548e+00	-7.321174399999998972e-01	1.632704689863842651e+00
2.602602602602602580e-02	4.428315731412331147e+00	-6.544145599999999785e-01	1.665338376197680104e+00
2.702702702702702853e-02	4.428948250542310561e+00	-6.673650399999999649e-01	1.632704689863842651e+00
2.802802802802802778e-02	4.429201748470173783e+00	-6.803155199999999514e-01	1.632704689863842651e+00
2.902902902902902704e-02	4.429123570054047221e+00	-6.479393199999999853e-01	1.632704689863842651e+00
3.003003003003002977e-02	4.429333816684633440e+00	-6.738402799999999582e-01	1.600071003530005198e+00
3.103103103103103250e-02	4.428334012621542470e+00	-6.673650399999999649e-01	1.600071003530005198e+00
3.203203203203203175e-02	4.425982679480291004e+00	-6.867907599999999446e-01	1.632704689863842651e+00
3.303303303303303101e-02	4.424532483406130368e+00	-6.479393199999999853e-01	1.665338376197680104e+00
3.403403403403403027e-02	4.424212193315261388e+00	-6.738402799999999582e-01	1.697972062531518000e+00
3.503503503503503647e-02	4.423040553235005667e+00	-7.256422000000000150e-01	1.632704689863842651e+00
3.603603603603603572e-02	4.420622783482508034e+00	-6.738402799999999582e-01	1.600071003530005198e+00
3.703703703703703498e-02	4.419066554879766962e+00	-6.608898000000000827e-01	1.600071003530005198e+00
3.803803803803804118e-02	4.419675421177830188e+00	-7.062164799999999243e-01	1.600071003530005198e+00
3.903903903903904044e-02	4.420148167716092757e+00	-6.155631200000000192e-01	1.632704689863842651e+00
4.004004004004003969e-02	4.418076384250340993e+00	-6.738402799999999582e-01	1.600071003530005198e+00
4.104104104104103895e-02	4.415123422763768346e+00	-6.349888400000001099e-01	1.567437317196167523e+00
4.204204204204203821e-02	4.413563570382295964e+00	-6.090878800000000259e-01	1.534803630862329848e+00
4.304304304304304440e-02	4.412408773306335519e+00	-5.961373999999999285e-01	1.567437317196167523e+00
4.404404404404404366e-02	4.410457984182997393e+00	-4.860583200000000437e-01	1.436902571860817046e+00
4.504504504504504292e-02	4.407794396677280346e+00	-4.083554400000000140e-01	1.404268885526979593e+00
4.604604604604604912e-02	4.404331875201381585e+00	-3.241773200000000466e-01	1.339001512859304244e+00
4.704704704704704837e-02	4.401395666994764255e+00	-2.918011200000000249e-01	1.306367826525466569e+00
4.804804804804804763e-02	4.399867277507272689e+00	-2.529496800000000101e-01	1.208466767523953767e+00
4.904904904904904689e-02	4.397566517646199102e+00	-2.788506400000000385e-01	1.208466767523953767e+00
5.005005005005004615e-02	4.393472267449648250e+00	-1.169696400000000136e-01	1.143199394856278639e+00
5.105105105105105234e-02	4.389304149075955230e+00	1.901039999999999675e-02	1.045298335854765615e+00
5.205205205205205160e-02	4.386125599697296984e+00	2.548563999999999691e-02	1.012664649520927940e+00
5.305305305305305086e-02	4.383326274325212601e+00	3.196087999999999707e-02	9.147635905194151373e-01
5.405405405405405705e-02	4.379728447037872563e+00	1.290894800000000064e-01	8.494962178517398987e-01
5.505505505505505631e-02	4.375601854747971586e+00	-1.687715600000000149e-01	8.168625315179022239e-01
5.605605605605605557e-02	4.372767638664958767e+00	1.873666400000000010e-01	7.189614725163894215e-01
5.705705705705705483e-02	4.371054077731000298e+00	2.326933200000000090e-01	7.189614725163894215e-01
5.805805805805805409e-02	4.368239249480057040e+00	2.909704799999999758e-01	6.210604135148766192e-01
5.905905905905906028e-02	4.364247387916567078e+00	3.298219200000001017e-01	4.905256681795260310e-01
6.006006006006005954e-02	4.360552621468877454e+00	6.017820000000000391e-01	5.884267271810389444e-01
6.106106106106105880e-02	4.356944911738328763e+00	7.442372800000001121e-01	3.926246091780131731e-01
6.206206206206206499e-02	4.353492254059829314e+00	7.507125199999999943e-01	3.599909228441755538e-01
6.306306306306305731e-02	4.351530644820907234e+00	9.061182800000000537e-01	1.968224911749873740e-01
6.406406406406406351e-02	4.350014339013624109e+00	7.312868000000000146e-01	1.968224911749873740e-01
6.506506506506506970e-02	4.346991884720562638e+00	8.413658800000000104e-01	9.892143217347457163e-02
6.606606606606606202e-02	4.344487979505103681e+00	9.320192400000000266e-01	9.892143217347457163e-02
6.706706706706706822e-02	4.345348139615382799e+00	9.320192400000000266e-01	1.020373171961676869e-03
6.806806806806806054e-02	4.347669834407630773e+00	9.255440000000001444e-01	1.020373171961676869e-03
6.906906906906906674e-02	4.348040394328626768e+00	9.384944800000000198e-01	3.365405950579927752e-02
7.007007007007007293e-02	4.346650395949035683e+00	9.384944800000000198e-01	1.020373171961676869e-03
7.107107107107106525e-02	4.345239587172520679e+00	9.514449600000001173e-01	6.628774583963688294e-02
7.207207207207207145e-02	4.344567039218858895e+00	9.384944800000000198e-01	6.628774583963688294e-02
7.307307307307307764e-02	4.345134133088121686e+00	9.449697200000000130e-01	1.020373171961676869e-03
7.407407407407406996e-02	4.346377642040334166e+00	9.449697200000000130e-01	1.020373171961676869e-03
7.507507507507507616e-02	4.346894953890878099e+00	9.514449600000001173e-01	6.628774583963688294e-02
7.607607607607608236e-02	4.346797291570227095e+00	9.449697200000000130e-01	3.365405950579927752e-02
7.707707707707707467e-02	4.347308103747050900e+00	9.449697200000000130e-01	3.365405950579927752e-02
7.807807807807808087e-02	4.348323279578487188e+00	9.449697200000000130e-01	3.365405950579927752e-02
7.907907907907907319e-02	4.348086516386482359e+00	9.449697200000000130e-01	3.365405950579927752e-02
8.008008008008007939e-02	4.346274900867858726e+00	9.449697200000000130e-01	1.020373171961676869e-03
8.108108108108108558e-02	4.345511956983329149e+00	9.061182800000000537e-01	3.365405950579927752e-02
8.208208208208207790e-02	4.347002919964930712e+00	7.507125199999999943e-01	1.315551185073121632e-01
8.308308308308308410e-02	4.348471924744634620e+00	6.665344000000000824e-01	2.620898638426626404e-01
8.408408408408407642e-02	4.348864961242475680e+00	5.888315200000000527e-01	2.620898638426626404e-01
8.508508508508508261e-02	4.349177430747480422e+00	6.082572400000001434e-01	3.926246091780131731e-01
8.608608608608608881e-02	4.349510025928188028e+00	6.147324800000000256e-01	4.578919818456884672e-01
8.708708708708708113e-02	4.350347981267804087e+00	2.521190400000000165e-01	4.252582955118507924e-01
8.808808808808808732e-02	4.352141150835071137e+00	2.650695199999999474e-01	6.863277861825517467e-01
8.908908908908909352e-02	4.353491792731332133e+00	3.168714400000000042e-01	7.515951588502269853e-01
9.009009009009008584e-02	4.354109156165200112e+00	2.548563999999999691e-02	7.842288451840646601e-01
9.109109109109109204e-02	4.355203614606457663e+00	1.614656800000000003e-01	8.494962178517398987e-01
9.209209209209209823e-02	4.356397107874939501e+00	-5.221724000000000504e-02	9.800309631870904870e-01
9.309309309309309055e-02	4.356843269629839810e+00	-1.881972800000000223e-01	9.800309631870904870e-01
9.409409409409409675e-02	4.357428500883780309e+00	-5.221724000000000504e-02	1.110565708522440964e+00
9.509509509509508907e-02	4.359511559922208512e+00	-2.399992000000000236e-01	1.077932022188603289e+00
9.609609609609609526e-02	4.363170233428785849e+00	-2.788506400000000385e-01	1.241100453857791219e+00
9.709709709709710146e-02	4.366952826040711777e+00	-3.954049599999999165e-01	1.273734140191629116e+00
9.809809809809809378e-02	4.369506216643405772e+00	-4.148306800000000072e-01	1.306367826525466569e+00
9.909909909909909997e-02	4.371490975689263259e+00	-5.378602399999999895e-01	1.306367826525466569e+00
1.001001001001000923e-01	4.374257199743142088e+00	-4.795830800000000504e-01	1.469536258194654943e+00
1.011011011011010985e-01	4.377802227743079477e+00	-5.313849999999999962e-01	1.404268885526979593e+00
1.021021021021021047e-01	4.381233089423605342e+00	-5.572859600000000802e-01	1.534803630862329848e+00
1.031031031031030970e-01	4.383905180704097404e+00	-6.285136000000000056e-01	1.502169944528492396e+00
1.041041041041041032e-01	4.386480804893029273e+00	-6.285136000000000056e-01	1.534803630862329848e+00
1.051051051051051094e-01	4.390321181246502391e+00	-4.277811600000000491e-01	1.567437317196167523e+00
1.061061061061061017e-01	4.394854526468741973e+00	-6.414640799999999921e-01	1.697972062531518000e+00
1.071071071071071079e-01	4.398412617112862577e+00	-6.220383600000000124e-01	1.567437317196167523e+00
1.081081081081081141e-01	4.401254783355424749e+00	-6.220383600000000124e-01	1.665338376197680104e+00
1.091091091091091064e-01	4.404501947752807567e+00	-6.414640799999999921e-01	1.600071003530005198e+00
1.101101101101101126e-01	4.408006267971295244e+00	-6.608898000000000827e-01	1.665338376197680104e+00
1.111111111111111049e-01	4.410892209268847175e+00	-6.867907599999999446e-01	1.665338376197680104e+00
1.121121121121121111e-01	4.412951140041326603e+00	-6.803155199999999514e-01	1.665338376197680104e+00
1.131131131131131173e-01	4.414969924465119711e+00	-7.385926799999998904e-01	1.665338376197680104e+00
1.141141141141141097e-01	4.417511839068892776e+00	-6.544145599999999785e-01	1.665338376197680104e+00
1.151151151151151159e-01	4.420076655255854803e+00	-7.256422000000000150e-01	1.665338376197680104e+00
1.161161161161161082e-01	4.422002411747746109e+00	-6.803155199999999514e-01	1.600071003530005198e+00
1.171171171171171144e-01	4.423830905089191745e+00	-6.997412400000000421e-01	1.697972062531518000e+00
1.181181181181181206e-01	4.426461560131470740e+00	-6.414640799999999921e-01	1.600071003530005198e+00
1.191191191191191129e-01	4.428816537063364756e+00	-6.349888400000001099e-01	1.665338376197680104e+00
1.201201201201201191e-01	4.429506669774938565e+00	-7.062164799999999243e-01	1.632704689863842651e+00
1.211211211211211253e-01	4.429439068009664027e+00	-7.062164799999999243e-01	1.665338376197680104e+00
1.221221221221221176e-01	4.429358460136902487e+00	-6.349888400000001099e-01	1.665338376197680104e+00
1.231231231231231238e-01	4.429081804656401111e+00	-6.997412400000000421e-01	1.665338376197680104e+00
1.241241241241241300e-01	4.429711674611264804e+00	-6.608898000000000827e-01	1.600071003530005198e+00
1.251251251251251362e-01	4.431439209259548484e+00	-7.256422000000000150e-01	1.632704689863842651e+00
1.261261261261261146e-01	4.431922374552481614e+00	-6.414640799999999921e-01	1.600071003530005198e+00
1.271271271271271208e-01	4.430197376441975976e+00	-6.608898000000000827e-01	1.665338376197680104e+00
1.281281281281281270e-01	4.428341225589255359e+00	-6.803155199999999514e-01	1.697972062531518000e+00
1.291291291291291332e-01	4.427763769875431521e+00	-6.220383600000000124e-01	1.600071003530005198e+00
1.301301301301301394e-01	4.427544889110514248e+00	-6.544145599999999785e-01	1.697972062531518000e+00
1.311311311311311179e-01	4.426880133494871750e+00	-6.608898000000000827e-01	1.600071003530005198e+00
1.321321321321321240e-01	4.425867791787740479e+00	-6.867907599999999446e-01	1.632704689863842651e+00
1.331331331331331302e-01	4.424579293186332585e+00	-6.479393199999999853e-01	1.632704689863842651e+00
1.341341341341341364e-01	4.423345025325202684e+00	-6.867907599999999446e-01	1.632704689863842651e+00
1.351351351351351426e-01	4.422540862820723007e+00	-7.450679199999999947e-01	1.567437317196167523e+00
1.361361361361361211e-01	4.421758901966064137e+00	-6.608898000000000827e-01	1.600071003530005198e+00
1.371371371371371273e-01	4.420345176725517966e+00	-6.544145599999999785e-01	1.600071003530005198e+00
1.381381381381381335e-01	4.418744010845772507e+00	-6.997412400000000421e-01	1.697972062531518000e+00
1.391391391391391397e-01	4.417994259635089627e+00	-6.349888400000001099e-01	1.600071003530005198e+00
1.401401401401401459e-01	4.417510595179916066e+00	-6.673650399999999649e-01	1.600071003530005198e+00
1.411411411411411521e-01	4.415895628815726504e+00	-6.285136000000000056e-01	1.567437317196167523e+00
1.421421421421421305e-01	4.413707937987553898e+00	-6.155631200000000192e-01	1.534803630862329848e+00
1.431431431431431367e-01	4.412438511365198934e+00	-5.702364399999999556e-01	1.567437317196167523e+00
1.441441441441441429e-01	4.411830278481613021e+00	-4.731078399999999462e-01	1.502169944528492396e+00
1.451451451451451491e-01	4.410189183991622741e+00	-4.018802000000000207e-01	1.436902571860817046e+00
1.461461461461461553e-01	4.406826362392739505e+00	-3.306525599999999843e-01	1.371635199193141919e+00
1.471471471471471337e-01	4.402887958217378106e+00	-3.047516000000000114e-01	1.306367826525466569e+00
1.481481481481481399e-01	4.399418813228034963e+00	-2.464744400000000168e-01	1.273734140191629116e+00
1.491491491491491461e-01	4.396254248154613187e+00	-2.918011200000000249e-01	1.241100453857791219e+00
1.501501501501501523e-01	4.392832210503843093e+00	-1.169696400000000136e-01	1.175833081190116092e+00
1.511511511511511585e-01	4.388994631363898336e+00	1.901039999999999675e-02	1.077932022188603289e+00
1.521521521521521647e-01	4.385396273072150741e+00	6.059919999999996421e-03	1.045298335854765615e+00
1.531531531531531432e-01	4.382313872939789690e+00	3.196087999999999707e-02	9.473972768532528121e-01
1.541541541541541493e-01	4.378889975725465789e+00	1.226142399999999993e-01	8.494962178517398987e-01
1.551551551551551555e-01	4.375294937333611855e+00	-1.817220400000000013e-01	8.494962178517398987e-01
1.561561561561561617e-01	4.372673305155460710e+00	1.744161599999999868e-01	7.189614725163894215e-01
1.571571571571571679e-01	4.370562561883101438e+00	2.521190400000000165e-01	7.189614725163894215e-01
1.581581581581581464e-01	4.367971010989713854e+00	2.909704799999999758e-01	5.884267271810389444e-01
1.591591591591591526e-01	4.364994334128713405e+00	3.362971600000000394e-01	5.884267271810389444e-01
1.601601601601601588e-01	4.361420030490571698e+00	5.953067600000000459e-01	4.905256681795260310e-01
1.611611611611611650e-01	4.357136527462702524e+00	7.183363200000001392e-01	3.273572365103378790e-01
1.621621621621621712e-01	4.353574170999231718e+00	7.377620400000000078e-01	3.273572365103378790e-01
1.631631631631631496e-01	4.352143070552127568e+00	9.255440000000001444e-01	2.620898638426626404e-01
1.641641641641641558e-01	4.352000850074991156e+00	7.183363200000001392e-01	2.294561775088249655e-01
1.651651651651651620e-01	4.350652913477698114e+00	8.672668400000000943e-01	3.365405950579927752e-02
1.661661661661661682e-01	4.347541393935155263e+00	9.384944800000000198e-01	6.628774583963688294e-02
1.671671671671671744e-01	4.345351137947837117e+00	9.514449600000001173e-01	-3.161331316187596802e-02
1.681681681681681528e-01	4.345762656223089770e+00	9.320192400000000266e-01	3.365405950579927752e-02
1.691691691691691590e-01	4.346870441866371948e+00	9.449697200000000130e-01	-3.161331316187596802e-02
1.701701701701701652e-01	4.346676496327530614e+00	9.384944800000000198e-01	6.628774583963688294e-02
1.711711711711711714e-01	4.345565460174635852e+00	9.449697200000000130e-01	6.628774583963688294e-02
1.721721721721721776e-01	4.344644904272689345e+00	9.449697200000000130e-01	6.628774583963688294e-02
1.731731731731731838e-01	4.344348847537689906e+00	9.449697200000000130e-01	1.020373171961676869e-03
1.741741741741741623e-01	4.344211640479117342e+00	9.579201999999999995e-01	3.365405950579927752e-02
1.751751751751751685e-01	4.343753595322527694e+00	9.514449600000001173e-01	3.365405950579927752e-02
1.761761761761761746e-01	4.343824682716169505e+00	9.579201999999999995e-01	1.020373171961676869e-03
1.771771771771771808e-01	4.345196299530964978e+00	9.579201999999999995e-01	3.365405950579927752e-02
1.781781781781781870e-01	4.346579693087431195e+00	9.514449600000001173e-01	1.020373171961676869e-03
1.791791791791791655e-01	4.346335236224076581e+00	9.449697200000000130e-01	6.628774583963688294e-02
1.801801801801801717e-01	4.345490986360466934e+00	9.320192400000000266e-01	1.020373171961676869e-03
1.811811811811811779e-01	4.346422466155670072e+00	9.061182800000000537e-01	9.892143217347457163e-02
1.821821821821821841e-01	4.348431860921118108e+00	7.507125199999999943e-01	1.641888048411497825e-01
1.831831831831831903e-01	4.348941927022346832e+00	6.730096400000000756e-01	1.641888048411497825e-01
1.841841841841841965e-01	4.348602428881574333e+00	5.823562799999999484e-01	2.620898638426626404e-01
1.851851851851851749e-01	4.349628685058220867e+00	5.953067600000000459e-01	4.252582955118507924e-01
1.861861861861861811e-01	4.351328989997149677e+00	5.953067600000000459e-01	4.905256681795260310e-01
1.871871871871871873e-01	4.352188585704875656e+00	2.715447599999999961e-01	5.557930408472013806e-01
1.881881881881881935e-01	4.352362519370508664e+00	2.585942800000000097e-01	6.536940998487140719e-01
1.891891891891891997e-01	4.352033176956600968e+00	3.103962000000000110e-01	7.515951588502269853e-01
1.901901901901901781e-01	4.351798336313479787e+00	2.548563999999999691e-02	8.168625315179022239e-01
1.911911911911911843e-01	4.352914795089204425e+00	1.808914000000000077e-01	8.168625315179022239e-01
1.921921921921921905e-01	4.354986260712167656e+00	-4.574200000000000488e-02	9.473972768532528121e-01
1.931931931931931967e-01	4.356980404770426141e+00	-1.881972800000000223e-01	9.800309631870904870e-01
1.941941941941942029e-01	4.359004493983560380e+00	-7.164296000000000553e-02	1.077932022188603289e+00
1.951951951951951814e-01	4.360977568595938436e+00	-2.335239600000000026e-01	1.077932022188603289e+00
1.961961961961961876e-01	4.362652320861704069e+00	-2.594249200000000033e-01	1.241100453857791219e+00
1.971971971971971938e-01	4.364710482296706218e+00	-3.824544800000000411e-01	1.208466767523953767e+00
1.981981981981981999e-01	4.367692277226639774e+00	-4.148306800000000072e-01	1.241100453857791219e+00
1.991991991991992061e-01	4.370933698031520542e+00	-5.313849999999999962e-01	1.273734140191629116e+00
2.002002002002001846e-01	4.373949772792639301e+00	-4.925335599999999814e-01	1.339001512859304244e+00
2.012012012012011908e-01	4.377533749424451948e+00	-5.184345200000000098e-01	1.436902571860817046e+00
2.022022022022021970e-01	4.381546168823906129e+00	-5.508107199999999759e-01	1.469536258194654943e+00
2.032032032032032032e-01	4.384400617413865220e+00	-6.155631200000000192e-01	1.469536258194654943e+00
2.042042042042042094e-01	4.386582466301467420e+00	-6.414640799999999921e-01	1.534803630862329848e+00
2.052052052052052156e-01	4.390126105596134920e+00	-4.083554400000000140e-01	1.567437317196167523e+00
2.062062062062061940e-01	4.394767834047685895e+00	-6.349888400000001099e-01	1.697972062531518000e+00
2.072072072072072002e-01	4.399087634305297811e+00	-6.090878800000000259e-01	1.600071003530005198e+00
2.082082082082082064e-01	4.402509631903193998e+00	-6.220383600000000124e-01	1.600071003530005198e+00
2.092092092092092126e-01	4.404828697397915604e+00	-6.414640799999999921e-01	1.632704689863842651e+00
2.102102102102102188e-01	4.407254712544694364e+00	-6.479393199999999853e-01	1.600071003530005198e+00
2.112112112112111972e-01	4.410765760495374721e+00	-7.126917200000000285e-01	1.697972062531518000e+00
2.122122122122122034e-01	4.413696557763556960e+00	-6.803155199999999514e-01	1.632704689863842651e+00
2.132132132132132096e-01	4.415401867460853502e+00	-7.385926799999998904e-01	1.665338376197680104e+00
2.142142142142142158e-01	4.417972665311467040e+00	-6.673650399999999649e-01	1.632704689863842651e+00
2.152152152152152220e-01	4.421793223204278256e+00	-7.062164799999999243e-01	1.730605748865355453e+00
2.162162162162162282e-01	4.424346524579165774e+00	-6.867907599999999446e-01	1.534803630862329848e+00
2.172172172172172067e-01	4.424808530421097785e+00	-6.867907599999999446e-01	1.697972062531518000e+00
2.182182182182182129e-01	4.425317743778302670e+00	-6.285136000000000056e-01	1.730605748865355453e+00
2.192192192192192191e-01	4.427088705132597113e+00	-6.479393199999999853e-01	1.665338376197680104e+00
2.202202202202202252e-01	4.429007322483315967e+00	-7.256422000000000150e-01	1.632704689863842651e+00
2.212212212212212314e-01	4.429628524533793410e+00	-7.126917200000000285e-01	1.632704689863842651e+00
2.222222222222222099e-01	4.429316583090462167e+00	-6.414640799999999921e-01	1.665338376197680104e+00
2.232232232232232161e-01	4.429672897442391566e+00	-7.126917200000000285e-01	1.697972062531518000e+00
2.242242242242242223e-01	4.430462284181531096e+00	-6.738402799999999582e-01	1.534803630862329848e+00
2.252252252252252285e-01	4.430212262309089155e+00	-7.321174399999998972e-01	1.697972062531518000e+00
2.262262262262262347e-01	4.429133305037061596e+00	-6.349888400000001099e-01	1.665338376197680104e+00
2.272272272272272131e-01	4.428604411060040213e+00	-6.738402799999999582e-01	1.632704689863842651e+00
2.282282282282282193e-01	4.429270635373847576e+00	-6.803155199999999514e-01	1.665338376197680104e+00
2.292292292292292255e-01	4.430184954818808585e+00	-6.285136000000000056e-01	1.697972062531518000e+00
2.302302302302302317e-01	4.429775632497602977e+00	-6.673650399999999649e-01	1.697972062531518000e+00
2.312312312312312379e-01	4.428164031524332245e+00	-6.544145599999999785e-01	1.600071003530005198e+00
2.322322322322322163e-01	4.426608319418279258e+00	-6.997412400000000421e-01	1.600071003530005198e+00
2.332332332332332225e-01	4.425327340654504837e+00	-6.349888400000001099e-01	1.567437317196167523e+00
2.342342342342342287e-01	4.424198315023716965e+00	-6.608898000000000827e-01	1.665338376197680104e+00
2.352352352352352349e-01	4.423459523421189310e+00	-7.321174399999998972e-01	1.697972062531518000e+00
2.362362362362362411e-01	4.422589479583400873e+00	-6.932660000000000489e-01	1.632704689863842651e+00
2.372372372372372473e-01	4.420776009093509984e+00	-6.479393199999999853e-01	1.632704689863842651e+00
2.382382382382382258e-01	4.418761743452329860e+00	-6.997412400000000421e-01	1.600071003530005198e+00
2.392392392392392320e-01	4.417836026546155814e+00	-6.285136000000000056e-01	1.600071003530005198e+00
2.402402402402402382e-01	4.417409977353099926e+00	-6.608898000000000827e-01	1.600071003530005198e+00
2.412412412412412444e-01	4.416414194981338248e+00	-6.220383600000000124e-01	1.534803630862329848e+00
2.422422422422422505e-01	4.415130267771765205e+00	-6.090878800000000259e-01	1.534803630862329848e+00
2.432432432432432290e-01	4.413667124609805370e+00	-5.961373999999999285e-01	1.600071003530005198e+00
2.442442442442442352e-01	4.411760471901859049e+00	-4.666325999999999530e-01	1.436902571860817046e+00
2.452452452452452414e-01	4.409826137227200960e+00	-4.018802000000000207e-01	1.371635199193141919e+00
2.462462462462462476e-01	4.407495582946795665e+00	-3.241773200000000466e-01	1.306367826525466569e+00
2.472472472472472538e-01	4.403837625559304136e+00	-3.047516000000000114e-01	1.339001512859304244e+00
2.482482482482482600e-01	4.399655073632801283e+00	-2.464744400000000168e-01	1.273734140191629116e+00
2.492492492492492384e-01	4.395937423446699022e+00	-2.788506400000000385e-01	1.208466767523953767e+00
2.502502502502502724e-01	4.392418138380931758e+00	-1.169696400000000136e-01	1.175833081190116092e+00
2.512512512512512508e-01	4.389109556839583703e+00	1.901039999999999675e-02	1.143199394856278639e+00
2.522522522522522292e-01	4.385971734545109690e+00	1.901039999999999675e-02	1.045298335854765615e+00
2.532532532532532632e-01	4.382777500223459910e+00	3.843611999999999723e-02	9.473972768532528121e-01
2.542542542542542416e-01	4.380033056159970961e+00	1.226142399999999993e-01	9.147635905194151373e-01
2.552552552552552756e-01	4.377416380735120960e+00	-1.817220400000000013e-01	8.168625315179022239e-01
2.562562562562562540e-01	4.373602915374164901e+00	2.003171200000000152e-01	6.863277861825517467e-01
2.572572572572572325e-01	4.369079250208559806e+00	2.650695199999999474e-01	6.863277861825517467e-01
2.582582582582582664e-01	4.365432046392329291e+00	2.909704799999999758e-01	5.884267271810389444e-01
2.592592592592592449e-01	4.362572851045880995e+00	3.362971600000000394e-01	5.557930408472013806e-01
2.602602602602602788e-01	4.359833454688640586e+00	6.017820000000000391e-01	5.231593545133637058e-01
2.612612612612612573e-01	4.357257984466706091e+00	7.118610800000001460e-01	3.926246091780131731e-01
2.622622622622622357e-01	4.354759969819886223e+00	7.507125199999999943e-01	3.273572365103378790e-01
2.632632632632632697e-01	4.352163100751197611e+00	9.061182800000000537e-01	2.620898638426626404e-01
2.642642642642642481e-01	4.349818054672477174e+00	7.183363200000001392e-01	1.641888048411497825e-01
2.652652652652652820e-01	4.347902208989665951e+00	8.478411200000001147e-01	6.628774583963688294e-02
2.662662662662662605e-01	4.346070680651666684e+00	9.514449600000001173e-01	1.315551185073121632e-01
2.672672672672672389e-01	4.345108226079558378e+00	9.449697200000000130e-01	-3.161331316187596802e-02
2.682682682682682729e-01	4.345897110738229152e+00	9.320192400000000266e-01	6.628774583963688294e-02
2.692692692692692513e-01	4.346896840414730789e+00	9.579201999999999995e-01	1.020373171961676869e-03
2.702702702702702853e-01	4.346504127090311975e+00	9.449697200000000130e-01	6.628774583963688294e-02
2.712712712712712637e-01	4.345649980752757102e+00	9.579201999999999995e-01	3.365405950579927752e-02
2.722722722722722422e-01	4.345544665180861799e+00	9.579201999999999995e-01	6.628774583963688294e-02
2.732732732732732761e-01	4.345488036380337427e+00	9.579201999999999995e-01	3.365405950579927752e-02
2.742742742742742545e-01	4.344839932276393313e+00	9.514449600000001173e-01	3.365405950579927752e-02
2.752752752752752885e-01	4.344361140557352563e+00	9.449697200000000130e-01	1.020373171961676869e-03
2.762762762762762669e-01	4.344173303603565017e+00	9.579201999999999995e-01	3.365405950579927752e-02
2.772772772772773009e-01	4.343757260998847514e+00	9.514449600000001173e-01	1.020373171961676869e-03
2.782782782782782793e-01	4.343859675965782152e+00	9.449697200000000130e-01	3.365405950579927752e-02
2.792792792792792578e-01	4.345162012453383404e+00	9.449697200000000130e-01	6.628774583963688294e-02
2.802802802802802917e-01	4.346408070465305862e+00	9.384944800000000198e-01	6.628774583963688294e-02
2.812812812812812702e-01	4.346537293013245318e+00	8.931677999999999562e-01	9.892143217347457163e-02
2.822822822822823041e-01	4.346485728843604512e+00	7.636630000000000917e-01	1.315551185073121632e-01
2.832832832832832826e-01	4.346917123357976642e+00	6.665344000000000824e-01	2.294561775088249655e-01
2.842842842842842610e-01	4.347653161223639096e+00	5.953067600000000459e-01	2.947235501765002597e-01
2.852852852852852950e-01	4.349117348738817057e+00	6.082572400000001434e-01	2.947235501765002597e-01
2.862862862862862734e-01	4.350607173723576082e+00	6.017820000000000391e-01	4.578919818456884672e-01
2.872872872872873073e-01	4.350590563846705727e+00	2.650695199999999474e-01	5.557930408472013806e-01
2.882882882882882858e-01	4.350115485801061332e+00	2.650695199999999474e-01	6.863277861825517467e-01
2.892892892892892642e-01	4.351260023836712953e+00	3.103962000000000110e-01	7.189614725163894215e-01
2.902902902902902982e-01	4.353457022555687672e+00	6.059919999999996421e-03	8.494962178517398987e-01
2.912912912912912766e-01	4.354969958517346917e+00	1.938418799999999942e-01	9.473972768532528121e-01
2.922922922922923106e-01	4.355644731127064517e+00	-6.516772000000001230e-02	9.800309631870904870e-01
2.932932932932932890e-01	4.356295197909767047e+00	-1.817220400000000013e-01	1.045298335854765615e+00
2.942942942942942675e-01	4.357576762401317083e+00	-7.164296000000000553e-02	1.077932022188603289e+00
2.952952952952953014e-01	4.359688224612272123e+00	-2.335239600000000026e-01	1.110565708522440964e+00
2.962962962962962798e-01	4.362196685641565708e+00	-2.723753999999999897e-01	1.208466767523953767e+00
2.972972972972973138e-01	4.364768198760664575e+00	-3.954049599999999165e-01	1.208466767523953767e+00
2.982982982982982922e-01	4.367672042980361269e+00	-3.954049599999999165e-01	1.306367826525466569e+00
2.992992992992992707e-01	4.371040387801558680e+00	-5.313849999999999962e-01	1.339001512859304244e+00
3.003003003003003046e-01	4.374526813490448696e+00	-4.990087999999999191e-01	1.436902571860817046e+00
3.013013013013012831e-01	4.377672249770132140e+00	-5.054840400000000233e-01	1.436902571860817046e+00
3.023023023023023170e-01	4.380613225172937497e+00	-5.637612000000000734e-01	1.534803630862329848e+00
3.033033033033032955e-01	4.384299280999607973e+00	-6.220383600000000124e-01	1.469536258194654943e+00
3.043043043043043294e-01	4.388257665789989659e+00	-6.608898000000000827e-01	1.567437317196167523e+00
3.053053053053053079e-01	4.390595623735992881e+00	-4.213059199999999449e-01	1.534803630862329848e+00
3.063063063063062863e-01	4.392340424206481408e+00	-6.349888400000001099e-01	1.665338376197680104e+00
3.073073073073073203e-01	4.396371861880408183e+00	-6.026126399999999217e-01	1.600071003530005198e+00
3.083083083083082987e-01	4.402017204583977161e+00	-6.220383600000000124e-01	1.665338376197680104e+00
3.093093093093093326e-01	4.406435771499600307e+00	-6.479393199999999853e-01	1.665338376197680104e+00
3.103103103103103111e-01	4.409291264581720604e+00	-6.479393199999999853e-01	1.632704689863842651e+00
3.113113113113112895e-01	4.412202642608857417e+00	-6.932660000000000489e-01	1.665338376197680104e+00
3.123123123123123235e-01	4.415351359738532544e+00	-6.673650399999999649e-01	1.632704689863842651e+00
3.133133133133133019e-01	4.417718832126317885e+00	-7.515431599999999879e-01	1.665338376197680104e+00
3.143143143143143359e-01	4.419388988302502597e+00	-6.608898000000000827e-01	1.632704689863842651e+00
3.153153153153153143e-01	4.420672595405799932e+00	-7.191669600000000218e-01	1.697972062531518000e+00
3.163163163163162928e-01	4.421720983526806315e+00	-6.803155199999999514e-01	1.697972062531518000e+00
3.173173173173173267e-01	4.423360844537413961e+00	-6.803155199999999514e-01	1.697972062531518000e+00
3.183183183183183051e-01	4.425436624793634088e+00	-6.349888400000001099e-01	1.665338376197680104e+00
3.193193193193193391e-01	4.426859183074738802e+00	-6.544145599999999785e-01	1.632704689863842651e+00
3.203203203203203175e-01	4.427574155724201432e+00	-7.191669600000000218e-01	1.600071003530005198e+00
3.213213213213212960e-01	4.428271565615276906e+00	-7.126917200000000285e-01	1.665338376197680104e+00
3.223223223223223299e-01	4.429433148331110459e+00	-6.544145599999999785e-01	1.632704689863842651e+00
3.233233233233233084e-01	4.430516974142518549e+00	-6.997412400000000421e-01	1.665338376197680104e+00
3.243243243243243423e-01	4.430359704066882287e+00	-6.479393199999999853e-01	1.632704689863842651e+00
3.253253253253253208e-01	4.429850182746319476e+00	-7.321174399999998972e-01	1.632704689863842651e+00
3.263263263263262992e-01	4.430468575914172646e+00	-6.414640799999999921e-01	1.567437317196167523e+00
3.273273273273273332e-01	4.430769167166401346e+00	-6.479393199999999853e-01	1.600071003530005198e+00
3.283283283283283116e-01	4.429725144524522484e+00	-6.867907599999999446e-01	1.567437317196167523e+00
3.293293293293293456e-01	4.429267473761587581e+00	-6.155631200000000192e-01	1.730605748865355453e+00
3.303303303303303240e-01	4.429895083865791783e+00	-6.803155199999999514e-01	1.632704689863842651e+00
3.313313313313313024e-01	4.429831450901560608e+00	-6.479393199999999853e-01	1.632704689863842651e+00
3.323323323323323364e-01	4.428782523777950786e+00	-6.932660000000000489e-01	1.665338376197680104e+00
3.333333333333333148e-01	4.427112926036663509e+00	-6.285136000000000056e-01	1.567437317196167523e+00
3.343343343343343488e-01	4.424415324375422287e+00	-6.738402799999999582e-01	1.763239435199193128e+00
3.353353353353353272e-01	4.421951212339321202e+00	-7.126917200000000285e-01	1.632704689863842651e+00
3.363363363363363057e-01	4.421622285403110197e+00	-6.932660000000000489e-01	1.632704689863842651e+00
3.373373373373373396e-01	4.422185802193474125e+00	-6.479393199999999853e-01	1.600071003530005198e+00
3.383383383383383181e-01	4.421002477462885771e+00	-6.997412400000000421e-01	1.632704689863842651e+00
3.393393393393393520e-01	4.418412777897064991e+00	-6.285136000000000056e-01	1.600071003530005198e+00
3.403403403403403304e-01	4.416641743488231242e+00	-6.803155199999999514e-01	1.632704689863842651e+00
3.413413413413413644e-01	4.415725670925265689e+00	-6.155631200000000192e-01	1.665338376197680104e+00
3.423423423423423428e-01	4.414153515230943903e+00	-6.026126399999999217e-01	1.567437317196167523e+00
3.433433433433433213e-01	4.412203385016111312e+00	-5.961373999999999285e-01	1.600071003530005198e+00
3.443443443443443552e-01	4.410862022142829630e+00	-4.666325999999999530e-01	1.469536258194654943e+00
3.453453453453453337e-01	4.409260833687000947e+00	-4.213059199999999449e-01	1.436902571860817046e+00
3.463463463463463676e-01	4.406335835172959570e+00	-3.436030400000000262e-01	1.371635199193141919e+00
3.473473473473473461e-01	4.402838698385103555e+00	-3.047516000000000114e-01	1.306367826525466569e+00
3.483483483483483245e-01	4.399984811166019583e+00	-2.594249200000000033e-01	1.273734140191629116e+00
3.493493493493493585e-01	4.397478157452884950e+00	-2.788506400000000385e-01	1.175833081190116092e+00
3.503503503503503369e-01	4.394108527245068174e+00	-1.169696400000000136e-01	1.175833081190116092e+00
3.513513513513513709e-01	4.390063989705242697e+00	6.059919999999996421e-03	1.110565708522440964e+00
3.523523523523523493e-01	4.386372284415385181e+00	1.253515999999999658e-02	1.045298335854765615e+00
3.533533533533533277e-01	4.383037367892154812e+00	2.548563999999999691e-02	8.821299041855775735e-01
3.543543543543543617e-01	4.380121145223533574e+00	1.161389999999999922e-01	8.168625315179022239e-01
3.553553553553553401e-01	4.377411808146906225e+00	-1.817220400000000013e-01	8.168625315179022239e-01
3.563563563563563741e-01	4.373510186552386436e+00	2.003171200000000152e-01	7.842288451840646601e-01
3.573573573573573525e-01	4.368846818069151539e+00	2.521190400000000165e-01	7.189614725163894215e-01
3.583583583583583310e-01	4.365900330259442796e+00	2.909704799999999758e-01	5.884267271810389444e-01
3.593593593593593649e-01	4.364808371900420703e+00	3.686733600000000055e-01	4.578919818456884672e-01
3.603603603603603434e-01	4.362970968316831843e+00	5.694058000000000730e-01	4.905256681795260310e-01
3.613613613613613773e-01	4.359131689216538597e+00	7.183363200000001392e-01	3.599909228441755538e-01
3.623623623623623557e-01	4.354702779070636076e+00	7.701382400000000850e-01	3.599909228441755538e-01
3.633633633633633342e-01	4.351230682845713460e+00	9.061182800000000537e-01	2.294561775088249655e-01
3.643643643643643681e-01	4.348696396399525987e+00	7.183363200000001392e-01	1.968224911749873740e-01
3.653653653653653466e-01	4.346604879093519003e+00	8.543163600000001079e-01	1.315551185073121632e-01
3.663663663663663805e-01	4.345330622169791823e+00	9.449697200000000130e-01	6.628774583963688294e-02
3.673673673673673590e-01	4.345461069063225601e+00	9.514449600000001173e-01	1.020373171961676869e-03
3.683683683683683929e-01	4.346440987323206606e+00	9.320192400000000266e-01	3.365405950579927752e-02
3.693693693693693714e-01	4.346913467838740885e+00	9.514449600000001173e-01	3.365405950579927752e-02
3.703703703703703498e-01	4.346489992351932230e+00	9.449697200000000130e-01	-3.161331316187596802e-02
3.713713713713713838e-01	4.346033728654905559e+00	9.514449600000001173e-01	3.365405950579927752e-02
3.723723723723723622e-01	4.345921952456036408e+00	9.514449600000001173e-01	3.365405950579927752e-02
3.733733733733733962e-01	4.345677987833053812e+00	9.514449600000001173e-01	1.020373171961676869e-03
3.743743743743743746e-01	4.345099409653336409e+00	9.579201999999999995e-01	3.365405950579927752e-02
3.753753753753753530e-01	4.344510394798640540e+00	9.449697200000000130e-01	6.628774583963688294e-02
3.763763763763763870e-01	4.344748218356335734e+00	9.708706800000000969e-01	3.365405950579927752e-02
3.773773773773773654e-01	4.346017205817886087e+00	9.579201999999999995e-01	1.020373171961676869e-03
3.783783783783783994e-01	4.346841553511169742e+00	9.579201999999999995e-01	3.365405950579927752e-02
3.793793793793793778e-01	4.346507487035526474e+00	9.449697200000000130e-01	3.365405950579927752e-02
3.803803803803803563e-01	4.346341709897344252e+00	9.384944800000000198e-01	6.628774583963688294e-02
3.813813813813813902e-01	4.347077121289657065e+00	9.061182800000000537e-01	9.892143217347457163e-02
3.823823823823823687e-01	4.348083791855335889e+00	7.636630000000000917e-01	9.892143217347457163e-02
3.833833833833834026e-01	4.349023522556324295e+00	6.600591600000000891e-01	1.641888048411497825e-01
3.843843843843843811e-01	4.349840119739392996e+00	6.017820000000000391e-01	3.273572365103378790e-01
3.853853853853853595e-01	4.350157167580110062e+00	6.017820000000000391e-01	2.620898638426626404e-01
3.863863863863863934e-01	4.350105401925109305e+00	5.953067600000000459e-01	4.252582955118507924e-01
3.873873873873873719e-01	4.350608805899298659e+00	2.780200000000000449e-01	5.884267271810389444e-01
3.883883883883884058e-01	4.351775513505979021e+00	2.650695199999999474e-01	5.884267271810389444e-01
3.893893893893893843e-01	4.352619818969473364e+00	3.233466799999999974e-01	7.515951588502269853e-01
3.903903903903903627e-01	4.353198537853220529e+00	3.196087999999999707e-02	7.842288451840646601e-01
3.913913913913913967e-01	4.354320144537025428e+00	1.873666400000000010e-01	8.821299041855775735e-01
3.923923923923923751e-01	4.355535611636948801e+00	-6.516772000000001230e-02	9.800309631870904870e-01
3.933933933933934091e-01	4.356325220369327234e+00	-1.817220400000000013e-01	9.800309631870904870e-01
3.943943943943943875e-01	4.357653608614609375e+00	-7.811819999999999875e-02	1.110565708522440964e+00
3.953953953953953659e-01	4.360157903835235160e+00	-2.399992000000000236e-01	1.110565708522440964e+00
3.963963963963963999e-01	4.362681083281796823e+00	-2.788506400000000385e-01	1.208466767523953767e+00
3.973973973973973783e-01	4.364429167252934505e+00	-3.759792400000000478e-01	1.241100453857791219e+00
3.983983983983984123e-01	4.366361521785419697e+00	-3.954049599999999165e-01	1.306367826525466569e+00
3.993993993993993907e-01	4.369259475905503010e+00	-5.184345200000000098e-01	1.306367826525466569e+00
4.004004004004003692e-01	4.372705633291297467e+00	-4.795830800000000504e-01	1.436902571860817046e+00
4.014014014014014031e-01	4.376151421206148306e+00	-5.054840400000000233e-01	1.404268885526979593e+00
4.024024024024023816e-01	4.379469140684870254e+00	-5.443354799999999827e-01	1.502169944528492396e+00
4.034034034034034155e-01	4.382659832831523161e+00	-6.285136000000000056e-01	1.502169944528492396e+00
4.044044044044043940e-01	4.386070732329235611e+00	-6.220383600000000124e-01	1.567437317196167523e+00
4.054054054054054279e-01	4.390244165290311251e+00	-4.342563999999999869e-01	1.534803630862329848e+00
4.064064064064064064e-01	4.394897133440890613e+00	-6.349888400000001099e-01	1.632704689863842651e+00
4.074074074074073848e-01	4.399283705292718061e+00	-6.155631200000000192e-01	1.632704689863842651e+00
4.084084084084084187e-01	4.403081924946062209e+00	-6.285136000000000056e-01	1.697972062531518000e+00
4.094094094094093972e-01	4.406043278068824343e+00	-6.349888400000001099e-01	1.632704689863842651e+00
4.104104104104104311e-01	4.407873432043632356e+00	-6.479393199999999853e-01	1.567437317196167523e+00
4.114114114114114096e-01	4.409136693491588765e+00	-6.932660000000000489e-01	1.665338376197680104e+00
4.124124124124123880e-01	4.411084658586799989e+00	-6.738402799999999582e-01	1.600071003530005198e+00
4.134134134134134220e-01	4.413925423654215585e+00	-7.385926799999998904e-01	1.600071003530005198e+00
4.144144144144144004e-01	4.417134587705537463e+00	-6.544145599999999785e-01	1.632704689863842651e+00
4.154154154154154344e-01	4.420571977029709387e+00	-7.256422000000000150e-01	1.697972062531518000e+00
4.164164164164164128e-01	4.423623335092795372e+00	-6.738402799999999582e-01	1.600071003530005198e+00
4.174174174174173912e-01	4.425248896976454738e+00	-6.673650399999999649e-01	1.665338376197680104e+00
4.184184184184184252e-01	4.425476825723229091e+00	-6.285136000000000056e-01	1.567437317196167523e+00
4.194194194194194036e-01	4.425667751975022490e+00	-6.414640799999999921e-01	1.665338376197680104e+00
4.204204204204204376e-01	4.427103309440378887e+00	-6.932660000000000489e-01	1.763239435199193128e+00
4.214214214214214160e-01	4.429350322625185576e+00	-6.997412400000000421e-01	1.665338376197680104e+00
4.224224224224223945e-01	4.430545314244707988e+00	-6.479393199999999853e-01	1.600071003530005198e+00
4.234234234234234284e-01	4.430253995761995967e+00	-7.062164799999999243e-01	1.665338376197680104e+00
4.244244244244244069e-01	4.430012042878208156e+00	-6.673650399999999649e-01	1.632704689863842651e+00
4.254254254254254408e-01	4.430349296019538308e+00	-7.191669600000000218e-01	1.697972062531518000e+00
4.264264264264264193e-01	4.430606021702751640e+00	-6.414640799999999921e-01	1.567437317196167523e+00
4.274274274274273977e-01	4.430546532197221055e+00	-6.544145599999999785e-01	1.697972062531518000e+00
4.284284284284284317e-01	4.430084486411601574e+00	-6.803155199999999514e-01	1.600071003530005198e+00
4.294294294294294101e-01	4.429267814873580456e+00	-6.155631200000000192e-01	1.730605748865355453e+00
4.304304304304304440e-01	4.428437942184606513e+00	-6.608898000000000827e-01	1.632704689863842651e+00
4.314314314314314225e-01	4.427542972909173535e+00	-6.544145599999999785e-01	1.665338376197680104e+00
4.324324324324324564e-01	4.426293411389674581e+00	-6.997412400000000421e-01	1.567437317196167523e+00
4.334334334334334349e-01	4.424952699711460546e+00	-6.414640799999999921e-01	1.567437317196167523e+00
4.344344344344344133e-01	4.424080031788856893e+00	-6.738402799999999582e-01	1.600071003530005198e+00
4.354354354354354473e-01	4.423819361405004535e+00	-7.256422000000000150e-01	1.632704689863842651e+00
4.364364364364364257e-01	4.423614087021156216e+00	-6.803155199999999514e-01	1.632704689863842651e+00
4.374374374374374597e-01	4.422337043853140415e+00	-6.414640799999999921e-01	1.600071003530005198e+00
4.384384384384384381e-01	4.419423225499616414e+00	-6.932660000000000489e-01	1.665338376197680104e+00
4.394394394394394165e-01	4.416473534303249515e+00	-6.285136000000000056e-01	1.632704689863842651e+00
4.404404404404404505e-01	4.415761899351106301e+00	-6.544145599999999785e-01	1.600071003530005198e+00
4.414414414414414289e-01	4.416337270240184409e+00	-6.026126399999999217e-01	1.600071003530005198e+00
4.424424424424424629e-01	4.415157344007866413e+00	-6.026126399999999217e-01	1.600071003530005198e+00
4.434434434434434413e-01	4.412145743580156321e+00	-5.896621600000000463e-01	1.567437317196167523e+00
4.444444444444444198e-01	4.409900670767769704e+00	-4.666325999999999530e-01	1.469536258194654943e+00
4.454454454454454537e-01	4.408995082987811287e+00	-3.954049599999999165e-01	1.436902571860817046e+00
4.464464464464464322e-01	4.407754692926915574e+00	-3.306525599999999843e-01	1.339001512859304244e+00
4.474474474474474661e-01	4.405327199446066544e+00	-2.918011200000000249e-01	1.306367826525466569e+00
4.484484484484484446e-01	4.401632925745909475e+00	-2.529496800000000101e-01	1.273734140191629116e+00
4.494494494494494230e-01	4.397030944094084681e+00	-2.853258800000000317e-01	1.175833081190116092e+00
4.504504504504504570e-01	4.392837247170207959e+00	-1.363953600000000210e-01	1.208466767523953767e+00
4.514514514514514354e-01	4.389422413367212172e+00	-4.153200000000037417e-04	1.110565708522440964e+00
4.524524524524524693e-01	4.385661006845692711e+00	1.253515999999999658e-02	1.045298335854765615e+00
4.534534534534534478e-01	4.381479551270048844e+00	3.843611999999999723e-02	9.800309631870904870e-01
4.544544544544544262e-01	4.378132891847715591e+00	1.031885200000000058e-01	9.147635905194151373e-01
4.554554554554554602e-01	4.375691308199387564e+00	-1.493458400000000075e-01	8.494962178517398987e-01
4.564564564564564386e-01	4.372769297499062624e+00	1.938418799999999942e-01	7.515951588502269853e-01
4.574574574574574726e-01	4.369018658358188034e+00	2.391685600000000023e-01	6.536940998487140719e-01
4.584584584584584510e-01	4.365643074516238897e+00	2.974457200000000245e-01	5.231593545133637058e-01
4.594594594594594295e-01	4.362988763824108496e+00	3.427723999999999771e-01	6.210604135148766192e-01
4.604604604604604634e-01	4.360237259250159703e+00	5.953067600000000459e-01	5.557930408472013806e-01
4.614614614614614418e-01	4.357332165937325641e+00	6.989106000000000485e-01	3.926246091780131731e-01
4.624624624624624758e-01	4.354635180616475587e+00	7.766134800000000782e-01	3.273572365103378790e-01
4.634634634634634542e-01	4.352138454579124627e+00	9.061182800000000537e-01	1.968224911749873740e-01
4.644644644644644327e-01	4.350162985331419208e+00	7.118610800000001460e-01	1.315551185073121632e-01
4.654654654654654666e-01	4.348812259981348127e+00	8.543163600000001079e-01	9.892143217347457163e-02
4.664664664664664451e-01	4.347471307620899950e+00	9.384944800000000198e-01	6.628774583963688294e-02
4.674674674674674790e-01	4.346363409740496841e+00	9.514449600000001173e-01	-3.161331316187596802e-02
4.684684684684684575e-01	4.346348327992457072e+00	9.320192400000000266e-01	3.365405950579927752e-02
4.694694694694694914e-01	4.346819241756113783e+00	9.579201999999999995e-01	-3.161331316187596802e-02
4.704704704704704699e-01	4.346577973745063161e+00	9.449697200000000130e-01	1.020373171961676869e-03
4.714714714714714483e-01	4.345696744473395157e+00	9.579201999999999995e-01	3.365405950579927752e-02
4.724724724724724823e-01	4.344650367998130314e+00	9.449697200000000130e-01	6.628774583963688294e-02
4.734734734734734607e-01	4.343612341855390468e+00	9.384944800000000198e-01	6.628774583963688294e-02
4.744744744744744946e-01	4.343441025279070722e+00	9.449697200000000130e-01	6.628774583963688294e-02
4.754754754754754731e-01	4.344695923398086634e+00	9.579201999999999995e-01	1.020373171961676869e-03
4.764764764764764515e-01	4.345933843901400806e+00	9.579201999999999995e-01	1.020373171961676869e-03
4.774774774774774855e-01	4.346133324769001938e+00	9.579201999999999995e-01	6.628774583963688294e-02
4.784784784784784639e-01	4.346404317194268785e+00	9.514449600000001173e-01	3.365405950579927752e-02
4.794794794794794979e-01	4.347297955589121798e+00	9.514449600000001173e-01	1.020373171961676869e-03
4.804804804804804763e-01	4.347779502253692918e+00	9.643954399999999927e-01	6.628774583963688294e-02
4.814814814814814548e-01	4.347236323596193053e+00	8.996430400000000605e-01	3.365405950579927752e-02
4.824824824824824887e-01	4.346585117473110493e+00	7.571877599999999875e-01	1.315551185073121632e-01
4.834834834834834671e-01	4.347277840163511264e+00	6.794848799999999578e-01	1.315551185073121632e-01
4.844844844844845011e-01	4.349030819377698087e+00	6.017820000000000391e-01	2.294561775088249655e-01
4.854854854854854795e-01	4.349599439042145299e+00	6.212077200000000188e-01	3.926246091780131731e-01
4.864864864864864580e-01	4.348932679608674690e+00	5.888315200000000527e-01	4.578919818456884672e-01
4.874874874874874919e-01	4.349846371510810883e+00	2.844952399999999826e-01	5.557930408472013806e-01
4.884884884884884704e-01	4.352093948897446829e+00	2.715447599999999961e-01	6.863277861825517467e-01
4.894894894894895043e-01	4.352734021259142771e+00	3.233466799999999974e-01	7.515951588502269853e-01
4.904904904904904828e-01	4.352460647820848294e+00	3.843611999999999723e-02	8.494962178517398987e-01
4.914914914914914612e-01	4.353561009757626721e+00	1.744161599999999868e-01	8.821299041855775735e-01
4.924924924924924952e-01	4.355462739290361540e+00	-7.164296000000000553e-02	9.473972768532528121e-01
4.934934934934934736e-01	4.357420405036569910e+00	-1.752468000000000081e-01	9.800309631870904870e-01
4.944944944944945076e-01	4.359665088156378765e+00	-8.459344000000000585e-02	1.045298335854765615e+00
4.954954954954954860e-01	4.361873129480007272e+00	-2.529496800000000101e-01	1.143199394856278639e+00
4.964964964964965199e-01	4.364066765255687486e+00	-2.659001599999999965e-01	1.273734140191629116e+00
4.974974974974974984e-01	4.366424315594981564e+00	-3.824544800000000411e-01	1.241100453857791219e+00
4.984984984984984768e-01	4.368581281848360476e+00	-3.954049599999999165e-01	1.306367826525466569e+00
4.994994994994995108e-01	4.370627757946104808e+00	-4.990087999999999191e-01	1.339001512859304244e+00
5.005005005005005447e-01	4.373055788677418398e+00	-4.925335599999999814e-01	1.436902571860817046e+00
5.015015015015015232e-01	4.375982845778930930e+00	-5.119592800000000166e-01	1.436902571860817046e+00
5.025025025025025016e-01	4.379330225454554970e+00	-5.508107199999999759e-01	1.306367826525466569e+00
5.035035035035034801e-01	4.383139358784092998e+00	-6.479393199999999853e-01	1.469536258194654943e+00
5.045045045045044585e-01	4.387390423754873758e+00	-6.285136000000000056e-01	1.567437317196167523e+00
5.055055055055055480e-01	4.391717362151455362e+00	-4.472068799999999733e-01	1.567437317196167523e+00
5.065065065065065264e-01	4.395481454416073852e+00	-6.220383600000000124e-01	1.632704689863842651e+00
5.075075075075075048e-01	4.398328552471975073e+00	-5.961373999999999285e-01	1.632704689863842651e+00
5.085085085085084833e-01	4.400765373958933857e+00	-6.155631200000000192e-01	1.665338376197680104e+00
5.095095095095094617e-01	4.403610154693176071e+00	-6.349888400000001099e-01	1.665338376197680104e+00
5.105105105105105512e-01	4.406970374683431224e+00	-6.479393199999999853e-01	1.534803630862329848e+00
5.115115115115115296e-01	4.410472544258431604e+00	-6.867907599999999446e-01	1.534803630862329848e+00
5.125125125125125081e-01	4.413801421155910454e+00	-6.738402799999999582e-01	1.730605748865355453e+00
5.135135135135134865e-01	4.416706996727506329e+00	-7.385926799999998904e-01	1.632704689863842651e+00
5.145145145145144649e-01	4.419300533678348408e+00	-6.479393199999999853e-01	1.665338376197680104e+00
5.155155155155155544e-01	4.421782862710136541e+00	-7.191669600000000218e-01	1.665338376197680104e+00
5.165165165165165329e-01	4.423801649854349982e+00	-6.803155199999999514e-01	1.600071003530005198e+00
5.175175175175175113e-01	4.425238274979036213e+00	-6.867907599999999446e-01	1.632704689863842651e+00
5.185185185185184897e-01	4.426422768330445123e+00	-6.349888400000001099e-01	1.665338376197680104e+00
5.195195195195194682e-01	4.427029664568715717e+00	-6.349888400000001099e-01	1.632704689863842651e+00
5.205205205205205576e-01	4.427103827044621021e+00	-6.997412400000000421e-01	1.697972062531518000e+00
5.215215215215215361e-01	4.427880312499402393e+00	-7.062164799999999243e-01	1.730605748865355453e+00
5.225225225225225145e-01	4.429596266012040040e+00	-6.414640799999999921e-01	1.665338376197680104e+00
5.235235235235234930e-01	4.431021300484045966e+00	-6.867907599999999446e-01	1.665338376197680104e+00
5.245245245245244714e-01	4.431524037520624404e+00	-6.479393199999999853e-01	1.632704689863842651e+00
5.255255255255255609e-01	4.431397254962379684e+00	-7.256422000000000150e-01	1.697972062531518000e+00
5.265265265265265393e-01	4.430846656379620718e+00	-6.414640799999999921e-01	1.632704689863842651e+00
5.275275275275275177e-01	4.430182317257085778e+00	-6.479393199999999853e-01	1.665338376197680104e+00
5.285285285285284962e-01	4.429637749997579199e+00	-6.738402799999999582e-01	1.665338376197680104e+00
5.295295295295294746e-01	4.428732434711810662e+00	-6.285136000000000056e-01	1.665338376197680104e+00
5.305305305305305641e-01	4.427532304272389752e+00	-6.673650399999999649e-01	1.632704689863842651e+00
5.315315315315315425e-01	4.426937691670574715e+00	-6.479393199999999853e-01	1.665338376197680104e+00
5.325325325325325210e-01	4.427155842697774624e+00	-7.062164799999999243e-01	1.632704689863842651e+00
5.335335335335334994e-01	4.427447056445082296e+00	-6.479393199999999853e-01	1.632704689863842651e+00
5.345345345345344779e-01	4.426501925291433714e+00	-6.738402799999999582e-01	1.632704689863842651e+00
5.355355355355355673e-01	4.423676544549664413e+00	-7.256422000000000150e-01	1.600071003530005198e+00
5.365365365365365458e-01	4.420765626145652938e+00	-6.997412400000000421e-01	1.665338376197680104e+00
5.375375375375375242e-01	4.419863232821694687e+00	-6.349888400000001099e-01	1.600071003530005198e+00
5.385385385385385026e-01	4.419874054942268593e+00	-6.932660000000000489e-01	1.600071003530005198e+00
5.395395395395394811e-01	4.418913885899216076e+00	-6.285136000000000056e-01	1.632704689863842651e+00
5.405405405405405705e-01	4.417578094430437474e+00	-6.738402799999999582e-01	1.600071003530005198e+00
5.415415415415415490e-01	4.416714303143877807e+00	-5.961373999999999285e-01	1.534803630862329848e+00
5.425425425425425274e-01	4.415518320107409522e+00	-6.090878800000000259e-01	1.567437317196167523e+00
5.435435435435435059e-01	4.413297682571119651e+00	-5.831869200000000530e-01	1.632704689863842651e+00
5.445445445445444843e-01	4.410936751670399225e+00	-4.601573600000000153e-01	1.469536258194654943e+00
5.455455455455455738e-01	4.409233615007169149e+00	-3.954049599999999165e-01	1.404268885526979593e+00
5.465465465465465522e-01	4.407031719420689164e+00	-3.436030400000000262e-01	1.404268885526979593e+00
5.475475475475475307e-01	4.403580423768825192e+00	-3.177020799999999978e-01	1.273734140191629116e+00
5.485485485485485091e-01	4.399916553301417288e+00	-2.464744400000000168e-01	1.273734140191629116e+00
5.495495495495495986e-01	4.396400445549865310e+00	-2.918011200000000249e-01	1.241100453857791219e+00
5.505505505505505770e-01	4.392985834755083197e+00	-1.234448800000000068e-01	1.175833081190116092e+00
5.515515515515515554e-01	4.389934047730545963e+00	1.901039999999999675e-02	1.012664649520927940e+00
5.525525525525525339e-01	4.386485853780937028e+00	3.843611999999999723e-02	1.077932022188603289e+00
5.535535535535535123e-01	4.382385665353742965e+00	3.843611999999999723e-02	9.473972768532528121e-01
5.545545545545546018e-01	4.378889710660470058e+00	1.420399599999999929e-01	8.821299041855775735e-01
5.555555555555555802e-01	4.376433832772851140e+00	-1.687715600000000149e-01	8.168625315179022239e-01
5.565565565565565587e-01	4.374094381126259812e+00	1.873666400000000010e-01	7.515951588502269853e-01
5.575575575575575371e-01	4.371184595702542808e+00	2.521190400000000165e-01	7.189614725163894215e-01
5.585585585585585155e-01	4.367808374528619808e+00	2.780200000000000449e-01	5.884267271810389444e-01
5.595595595595596050e-01	4.364305012922176985e+00	3.686733600000000055e-01	5.884267271810389444e-01
5.605605605605605835e-01	4.360974773286335981e+00	5.758810400000000662e-01	4.578919818456884672e-01
5.615615615615615619e-01	4.358141354592869554e+00	6.989106000000000485e-01	3.926246091780131731e-01
5.625625625625625403e-01	4.355571995255868245e+00	7.830887200000000714e-01	3.273572365103378790e-01
5.635635635635635188e-01	4.352657916986750308e+00	9.061182800000000537e-01	2.620898638426626404e-01
5.645645645645646082e-01	4.349659071467973703e+00	6.989106000000000485e-01	1.641888048411497825e-01
5.655655655655655867e-01	4.347395363169661131e+00	8.413658800000000104e-01	6.628774583963688294e-02
5.665665665665665651e-01	4.346212554442701048e+00	9.449697200000000130e-01	1.315551185073121632e-01
5.675675675675675436e-01	4.345981773904293632e+00	9.384944800000000198e-01	-3.161331316187596802e-02
5.685685685685685220e-01	4.346041206626388487e+00	9.384944800000000198e-01	3.365405950579927752e-02
5.695695695695696115e-01	4.345507821005801574e+00	9.514449600000001173e-01	1.020373171961676869e-03
5.705705705705705899e-01	4.344661322540449788e+00	9.449697200000000130e-01	3.365405950579927752e-02
5.715715715715715683e-01	4.344746995082902075e+00	9.643954399999999927e-01	6.628774583963688294e-02
5.725725725725725468e-01	4.345584776003568628e+00	9.449697200000000130e-01	3.365405950579927752e-02
5.735735735735735252e-01	4.345604126369440046e+00	9.514449600000001173e-01	3.365405950579927752e-02
5.745745745745746147e-01	4.344769361030270893e+00	9.514449600000001173e-01	6.628774583963688294e-02
5.755755755755755931e-01	4.344567586292588324e+00	9.643954399999999927e-01	3.365405950579927752e-02
5.765765765765765716e-01	4.345392975687456527e+00	9.579201999999999995e-01	3.365405950579927752e-02
5.775775775775775500e-01	4.346584273747680527e+00	9.579201999999999995e-01	3.365405950579927752e-02
5.785785785785785285e-01	4.347484835296864247e+00	9.449697200000000130e-01	1.020373171961676869e-03
5.795795795795796179e-01	4.347229665112165797e+00	9.514449600000001173e-01	6.628774583963688294e-02
5.805805805805805964e-01	4.346019039001407513e+00	9.449697200000000130e-01	1.020373171961676869e-03
5.815815815815815748e-01	4.345522406619508615e+00	9.125935200000000469e-01	6.628774583963688294e-02
5.825825825825825532e-01	4.346031113725780770e+00	7.442372800000001121e-01	1.968224911749873740e-01
5.835835835835835317e-01	4.346757011912266044e+00	6.665344000000000824e-01	1.968224911749873740e-01
5.845845845845846211e-01	4.348260817104872444e+00	6.017820000000000391e-01	1.641888048411497825e-01
5.855855855855855996e-01	4.350256548376949972e+00	6.212077200000000188e-01	4.252582955118507924e-01
5.865865865865865780e-01	4.350761275273478113e+00	5.888315200000000527e-01	5.231593545133637058e-01
5.875875875875875565e-01	4.349769965472713551e+00	2.844952399999999826e-01	5.557930408472013806e-01
5.885885885885885349e-01	4.349419576050282288e+00	2.585942800000000097e-01	6.863277861825517467e-01
5.895895895895896244e-01	4.350862637293185564e+00	3.103962000000000110e-01	7.189614725163894215e-01
5.905905905905906028e-01	4.353296602361113266e+00	3.843611999999999723e-02	8.168625315179022239e-01
5.915915915915915813e-01	4.354829454433024161e+00	1.744161599999999868e-01	8.821299041855775735e-01
5.925925925925925597e-01	4.354794095755681660e+00	-7.164296000000000553e-02	9.473972768532528121e-01
5.935935935935935381e-01	4.355026542669623524e+00	-2.011477600000000088e-01	9.800309631870904870e-01
5.945945945945946276e-01	4.356986506815099247e+00	-7.164296000000000553e-02	1.143199394856278639e+00
5.955955955955956060e-01	4.359913461268631885e+00	-2.399992000000000236e-01	1.110565708522440964e+00
5.965965965965965845e-01	4.362407077380902720e+00	-2.659001599999999965e-01	1.273734140191629116e+00
5.975975975975975629e-01	4.363849078632775935e+00	-3.824544800000000411e-01	1.241100453857791219e+00
5.985985985985985414e-01	4.365327237270815175e+00	-3.889297199999999788e-01	1.306367826525466569e+00
5.995995995995996308e-01	4.368802673043699514e+00	-5.313849999999999962e-01	1.306367826525466569e+00
6.006006006006006093e-01	4.374167213700595802e+00	-4.990087999999999191e-01	1.404268885526979593e+00
6.016016016016015877e-01	4.378635971567260476e+00	-5.054840400000000233e-01	1.339001512859304244e+00
6.026026026026025662e-01	4.380933852472252532e+00	-5.572859600000000802e-01	1.502169944528492396e+00
6.036036036036035446e-01	4.383263731264312568e+00	-6.220383600000000124e-01	1.502169944528492396e+00
6.046046046046046341e-01	4.386693501783949678e+00	-6.479393199999999853e-01	1.567437317196167523e+00
6.056056056056056125e-01	4.389990712341552026e+00	-4.277811600000000491e-01	1.567437317196167523e+00
6.066066066066065909e-01	4.393041226644700536e+00	-6.220383600000000124e-01	1.665338376197680104e+00
6.076076076076075694e-01	4.396018747403129368e+00	-5.961373999999999285e-01	1.600071003530005198e+00
6.086086086086086588e-01	4.398540198530828782e+00	-6.414640799999999921e-01	1.665338376197680104e+00
6.096096096096096373e-01	4.401632170888888140e+00	-6.479393199999999853e-01	1.600071003530005198e+00
6.106106106106106157e-01	4.406034546426026210e+00	-6.479393199999999853e-01	1.632704689863842651e+00
6.116116116116115942e-01	4.410432209845217777e+00	-6.932660000000000489e-01	1.697972062531518000e+00
6.126126126126125726e-01	4.414114367259615257e+00	-6.673650399999999649e-01	1.665338376197680104e+00
6.136136136136136621e-01	4.417254276151335368e+00	-7.385926799999998904e-01	1.665338376197680104e+00
6.146146146146146405e-01	4.419195040743395531e+00	-6.285136000000000056e-01	1.632704689863842651e+00
6.156156156156156189e-01	4.420212231440109996e+00	-7.126917200000000285e-01	1.697972062531518000e+00
6.166166166166165974e-01	4.421612595070752327e+00	-6.803155199999999514e-01	1.632704689863842651e+00
6.176176176176175758e-01	4.423242162587054160e+00	-6.673650399999999649e-01	1.632704689863842651e+00
6.186186186186186653e-01	4.424608192229319670e+00	-6.090878800000000259e-01	1.665338376197680104e+00
6.196196196196196437e-01	4.426358927882843020e+00	-6.155631200000000192e-01	1.665338376197680104e+00
6.206206206206206222e-01	4.428471362416789070e+00	-6.867907599999999446e-01	1.632704689863842651e+00
6.216216216216216006e-01	4.429719067857272208e+00	-6.932660000000000489e-01	1.697972062531518000e+00
6.226226226226225791e-01	4.429896473319120176e+00	-6.544145599999999785e-01	1.665338376197680104e+00
6.236236236236236685e-01	4.429859414751269320e+00	-6.932660000000000489e-01	1.697972062531518000e+00
6.246246246246246470e-01	4.430027969165714730e+00	-6.544145599999999785e-01	1.567437317196167523e+00
6.256256256256256254e-01	4.430675325992077696e+00	-7.450679199999999947e-01	1.665338376197680104e+00
6.266266266266266038e-01	4.431159304903299123e+00	-6.349888400000001099e-01	1.632704689863842651e+00
6.276276276276275823e-01	4.430657644232447900e+00	-6.479393199999999853e-01	1.697972062531518000e+00
6.286286286286286717e-01	4.430094282640287595e+00	-6.673650399999999649e-01	1.665338376197680104e+00
6.296296296296296502e-01	4.429947823549428954e+00	-6.285136000000000056e-01	1.600071003530005198e+00
6.306306306306306286e-01	4.429498592471682983e+00	-6.738402799999999582e-01	1.632704689863842651e+00
6.316316316316316071e-01	4.428369941398077714e+00	-6.544145599999999785e-01	1.632704689863842651e+00
6.326326326326325855e-01	4.426610556877491831e+00	-6.932660000000000489e-01	1.697972062531518000e+00
6.336336336336336750e-01	4.425165368111281694e+00	-6.479393199999999853e-01	1.632704689863842651e+00
6.346346346346346534e-01	4.424461930294357970e+00	-6.673650399999999649e-01	1.632704689863842651e+00
6.356356356356356319e-01	4.423389093376914438e+00	-7.450679199999999947e-01	1.632704689863842651e+00
6.366366366366366103e-01	4.421841905930208760e+00	-6.803155199999999514e-01	1.600071003530005198e+00
6.376376376376375887e-01	4.420524206472512319e+00	-6.349888400000001099e-01	1.697972062531518000e+00
6.386386386386386782e-01	4.419638148381360487e+00	-6.932660000000000489e-01	1.632704689863842651e+00
6.396396396396396566e-01	4.419417272316414014e+00	-6.220383600000000124e-01	1.632704689863842651e+00
6.406406406406406351e-01	4.418753609441197661e+00	-6.608898000000000827e-01	1.567437317196167523e+00
6.416416416416416135e-01	4.416378432709352708e+00	-5.961373999999999285e-01	1.600071003530005198e+00
6.426426426426425920e-01	4.413719269182977634e+00	-6.090878800000000259e-01	1.502169944528492396e+00
6.436436436436436814e-01	4.412300452471463963e+00	-5.831869200000000530e-01	1.567437317196167523e+00
6.446446446446446599e-01	4.411355632477657274e+00	-4.731078399999999462e-01	1.436902571860817046e+00
6.456456456456456383e-01	4.409698378030535437e+00	-4.148306800000000072e-01	1.339001512859304244e+00
6.466466466466466168e-01	4.407153840931439248e+00	-3.436030400000000262e-01	1.404268885526979593e+00
6.476476476476475952e-01	4.404298142017894158e+00	-2.982763600000000181e-01	1.339001512859304244e+00
6.486486486486486847e-01	4.401274009719268854e+00	-2.464744400000000168e-01	1.273734140191629116e+00
6.496496496496496631e-01	4.397483861041171060e+00	-3.047516000000000114e-01	1.208466767523953767e+00
6.506506506506506415e-01	4.393082529035921446e+00	-1.040191599999999994e-01	1.143199394856278639e+00
6.516516516516516200e-01	4.389406679972602809e+00	-4.153200000000037417e-04	1.012664649520927940e+00
6.526526526526525984e-01	4.387057297967666081e+00	1.901039999999999675e-02	1.077932022188603289e+00
6.536536536536536879e-01	4.384466456410090807e+00	4.491135999999999739e-02	9.473972768532528121e-01
6.546546546546546663e-01	4.380382483838476837e+00	1.290894800000000064e-01	8.821299041855775735e-01
6.556556556556556448e-01	4.376185430210886018e+00	-1.687715600000000149e-01	8.168625315179022239e-01
6.566566566566566232e-01	4.372929852170188703e+00	2.132676000000000016e-01	7.842288451840646601e-01
6.576576576576576016e-01	4.369757864588117435e+00	2.521190400000000165e-01	6.863277861825517467e-01
6.586586586586586911e-01	4.366611931648071376e+00	2.909704799999999758e-01	6.210604135148766192e-01
6.596596596596596696e-01	4.363913892442118581e+00	3.427723999999999771e-01	5.231593545133637058e-01
6.606606606606606480e-01	4.360954405226991959e+00	5.694058000000000730e-01	4.905256681795260310e-01
6.616616616616616264e-01	4.357733031438293381e+00	6.665344000000000824e-01	3.599909228441755538e-01
6.626626626626626049e-01	4.355217935632738069e+00	8.025144400000000511e-01	2.947235501765002597e-01
6.636636636636636943e-01	4.352989910104654747e+00	8.866925599999999630e-01	2.947235501765002597e-01
6.646646646646646728e-01	4.350131086406363146e+00	7.053858400000000417e-01	2.294561775088249655e-01
6.656656656656656512e-01	4.347484438476554303e+00	8.413658800000000104e-01	6.628774583963688294e-02
6.666666666666666297e-01	4.346243590725109129e+00	9.449697200000000130e-01	9.892143217347457163e-02
6.676676676676676081e-01	4.345951684374904644e+00	9.514449600000001173e-01	1.020373171961676869e-03
6.686686686686686976e-01	4.345382973993551445e+00	9.320192400000000266e-01	1.020373171961676869e-03
6.696696696696696760e-01	4.344762927445369627e+00	9.449697200000000130e-01	1.020373171961676869e-03
6.706706706706706544e-01	4.345234260335584686e+00	9.449697200000000130e-01	6.628774583963688294e-02
6.716716716716716329e-01	4.345901024255403478e+00	9.514449600000001173e-01	6.628774583963688294e-02
6.726726726726726113e-01	4.345314448155204623e+00	9.514449600000001173e-01	3.365405950579927752e-02
6.736736736736737008e-01	4.344442977474079370e+00	9.514449600000001173e-01	3.365405950579927752e-02
6.746746746746746792e-01	4.344145679465577281e+00	9.579201999999999995e-01	9.892143217347457163e-02
6.756756756756756577e-01	4.343689607053292434e+00	9.514449600000001173e-01	3.365405950579927752e-02
6.766766766766766361e-01	4.343550904914896371e+00	9.514449600000001173e-01	6.628774583963688294e-02
6.776776776776777256e-01	4.344649743780121476e+00	9.514449600000001173e-01	1.020373171961676869e-03
6.786786786786787040e-01	4.345779254619000831e+00	9.579201999999999995e-01	3.365405950579927752e-02
6.796796796796796825e-01	4.346333137278895364e+00	9.449697200000000130e-01	9.892143217347457163e-02
6.806806806806806609e-01	4.347221973252845650e+00	9.449697200000000130e-01	6.628774583963688294e-02
6.816816816816816393e-01	4.347817971007467364e+00	9.061182800000000537e-01	9.892143217347457163e-02
6.826826826826827288e-01	4.348046287763850160e+00	7.312868000000000146e-01	1.315551185073121632e-01
6.836836836836837072e-01	4.348934551155442030e+00	6.794848799999999578e-01	1.968224911749873740e-01
6.846846846846846857e-01	4.349184880932805974e+00	5.888315200000000527e-01	2.947235501765002597e-01
6.856856856856856641e-01	4.348277435407850611e+00	6.341582000000000052e-01	3.926246091780131731e-01
6.866866866866866426e-01	4.348219850847026891e+00	5.823562799999999484e-01	4.578919818456884672e-01
6.876876876876877320e-01	4.349430838885684381e+00	3.039209600000000178e-01	5.557930408472013806e-01
6.886886886886887105e-01	4.351198727333006389e+00	2.715447599999999961e-01	6.210604135148766192e-01
6.896896896896896889e-01	4.353203798924711876e+00	3.103962000000000110e-01	7.189614725163894215e-01
6.906906906906906674e-01	4.354363028819788539e+00	5.138659999999999756e-02	8.494962178517398987e-01
6.916916916916916458e-01	4.354503298108820530e+00	2.003171200000000152e-01	9.147635905194151373e-01
6.926926926926927353e-01	4.354979940019604534e+00	-5.869248000000000520e-02	9.473972768532528121e-01
6.936936936936937137e-01	4.356315029843058184e+00	-1.752468000000000081e-01	1.012664649520927940e+00
6.946946946946946921e-01	4.358150436492370439e+00	-6.516772000000001230e-02	1.012664649520927940e+00
6.956956956956956706e-01	4.360035893421050801e+00	-2.594249200000000033e-01	1.143199394856278639e+00
6.966966966966966490e-01	4.361928498492315676e+00	-2.659001599999999965e-01	1.273734140191629116e+00
6.976976976976977385e-01	4.364335064834439670e+00	-3.954049599999999165e-01	1.273734140191629116e+00
6.986986986986987169e-01	4.367034780925074244e+00	-4.148306800000000072e-01	1.339001512859304244e+00
6.996996996996996954e-01	4.369946100830655489e+00	-5.119592800000000166e-01	1.306367826525466569e+00
7.007007007007006738e-01	4.373600440392202415e+00	-4.990087999999999191e-01	1.404268885526979593e+00
7.017017017017016522e-01	4.377143906652951166e+00	-5.119592800000000166e-01	1.404268885526979593e+00
7.027027027027027417e-01	4.380117882378742777e+00	-5.443354799999999827e-01	1.436902571860817046e+00
7.037037037037037202e-01	4.383545494094382100e+00	-6.220383600000000124e-01	1.502169944528492396e+00
7.047047047047046986e-01	4.387137963074188463e+00	-6.220383600000000124e-01	1.567437317196167523e+00
7.057057057057056770e-01	4.390628555705308855e+00	-4.342563999999999869e-01	1.567437317196167523e+00
7.067067067067066555e-01	4.394535850716255077e+00	-6.155631200000000192e-01	1.632704689863842651e+00
7.077077077077077449e-01	4.397764412399604694e+00	-5.961373999999999285e-01	1.600071003530005198e+00
7.087087087087087234e-01	4.400000613399573268e+00	-6.414640799999999921e-01	1.632704689863842651e+00
7.097097097097097018e-01	4.403065668994325499e+00	-6.220383600000000124e-01	1.665338376197680104e+00
7.107107107107106803e-01	4.407486409160187080e+00	-6.673650399999999649e-01	1.600071003530005198e+00
7.117117117117116587e-01	4.411794532234295296e+00	-6.867907599999999446e-01	1.632704689863842651e+00
7.127127127127127482e-01	4.414815396574214290e+00	-6.673650399999999649e-01	1.600071003530005198e+00
7.137137137137137266e-01	4.416846753440006879e+00	-7.515431599999999879e-01	1.697972062531518000e+00
7.147147147147147050e-01	4.418555134700858922e+00	-6.479393199999999853e-01	1.632704689863842651e+00
7.157157157157156835e-01	4.420458689889135151e+00	-7.126917200000000285e-01	1.665338376197680104e+00
7.167167167167166619e-01	4.423078291151633756e+00	-6.738402799999999582e-01	1.534803630862329848e+00
7.177177177177177514e-01	4.425516356323712763e+00	-6.803155199999999514e-01	1.665338376197680104e+00
7.187187187187187298e-01	4.426490186945010841e+00	-6.285136000000000056e-01	1.632704689863842651e+00
7.197197197197197083e-01	4.426685349321656027e+00	-6.349888400000001099e-01	1.632704689863842651e+00
7.207207207207206867e-01	4.427422674059941166e+00	-6.932660000000000489e-01	1.697972062531518000e+00
7.217217217217216652e-01	4.428831767207210390e+00	-7.062164799999999243e-01	1.600071003530005198e+00
7.227227227227227546e-01	4.430124831595168011e+00	-6.349888400000001099e-01	1.665338376197680104e+00
7.237237237237237331e-01	4.430675020063478797e+00	-6.867907599999999446e-01	1.697972062531518000e+00
7.247247247247247115e-01	4.430542863296149214e+00	-6.349888400000001099e-01	1.632704689863842651e+00
7.257257257257256899e-01	4.430014416488361029e+00	-7.191669600000000218e-01	1.632704689863842651e+00
7.267267267267266684e-01	4.429514292704384459e+00	-6.349888400000001099e-01	1.632704689863842651e+00
7.277277277277277578e-01	4.429625718793196221e+00	-6.285136000000000056e-01	1.632704689863842651e+00
7.287287287287287363e-01	4.430249551974775102e+00	-6.738402799999999582e-01	1.632704689863842651e+00
7.297297297297297147e-01	4.430109442249697160e+00	-6.155631200000000192e-01	1.665338376197680104e+00
7.307307307307306932e-01	4.428539277803932528e+00	-6.608898000000000827e-01	1.567437317196167523e+00
7.317317317317316716e-01	4.426759443775979186e+00	-6.673650399999999649e-01	1.567437317196167523e+00
7.327327327327327611e-01	4.425520332110544075e+00	-7.126917200000000285e-01	1.632704689863842651e+00
7.337337337337337395e-01	4.424630469985156189e+00	-6.414640799999999921e-01	1.600071003530005198e+00
7.347347347347347180e-01	4.424435394694964607e+00	-6.673650399999999649e-01	1.600071003530005198e+00
7.357357357357356964e-01	4.424027202606413134e+00	-7.191669600000000218e-01	1.632704689863842651e+00
7.367367367367367859e-01	4.422254988863651093e+00	-6.997412400000000421e-01	1.665338376197680104e+00
7.377377377377377643e-01	4.420575870941124030e+00	-6.285136000000000056e-01	1.632704689863842651e+00
7.387387387387387427e-01	4.419695252669706420e+00	-6.932660000000000489e-01	1.665338376197680104e+00
7.397397397397397212e-01	4.418469176275240606e+00	-6.414640799999999921e-01	1.567437317196167523e+00
7.407407407407406996e-01	4.417161545347814133e+00	-6.673650399999999649e-01	1.632704689863842651e+00
7.417417417417417891e-01	4.416160856478692942e+00	-5.961373999999999285e-01	1.600071003530005198e+00
7.427427427427427675e-01	4.414850995156233360e+00	-6.155631200000000192e-01	1.534803630862329848e+00
7.437437437437437460e-01	4.412881295036849671e+00	-5.767116799999999488e-01	1.567437317196167523e+00
7.447447447447447244e-01	4.410339117880856641e+00	-4.666325999999999530e-01	1.534803630862329848e+00
7.457457457457457028e-01	4.408103609728620143e+00	-4.083554400000000140e-01	1.436902571860817046e+00
7.467467467467467923e-01	4.406266714529899708e+00	-3.436030400000000262e-01	1.371635199193141919e+00
7.477477477477477708e-01	4.403249644105563299e+00	-2.982763600000000181e-01	1.339001512859304244e+00
7.487487487487487492e-01	4.399249728426610773e+00	-2.464744400000000168e-01	1.241100453857791219e+00
7.497497497497497276e-01	4.396169707088500189e+00	-2.982763600000000181e-01	1.208466767523953767e+00
7.507507507507507061e-01	4.393570011745357995e+00	-1.299201200000000000e-01	1.143199394856278639e+00
7.517517517517517955e-01	4.389976547302258503e+00	-4.153200000000037417e-04	1.045298335854765615e+00
7.527527527527527740e-01	4.386156683003699541e+00	1.901039999999999675e-02	1.077932022188603289e+00
7.537537537537537524e-01	4.383197761814702886e+00	4.491135999999999739e-02	9.800309631870904870e-01
7.547547547547547309e-01	4.380280558333617513e+00	1.161389999999999922e-01	8.494962178517398987e-01
7.557557557557557093e-01	4.376536887014596644e+00	-1.622963199999999939e-01	8.168625315179022239e-01
7.567567567567567988e-01	4.372769309303569329e+00	2.132676000000000016e-01	7.515951588502269853e-01
7.577577577577577772e-01	4.369754173791108975e+00	2.456437999999999955e-01	6.863277861825517467e-01
7.587587587587587556e-01	4.366840758922775123e+00	2.844952399999999826e-01	5.884267271810389444e-01
7.597597597597597341e-01	4.363584580420462267e+00	3.427723999999999771e-01	5.884267271810389444e-01
7.607607607607607125e-01	4.360578339875259779e+00	5.758810400000000662e-01	4.905256681795260310e-01
7.617617617617618020e-01	4.358039883505501422e+00	6.730096400000000756e-01	3.926246091780131731e-01
7.627627627627627804e-01	4.355572789608690876e+00	8.154649200000001485e-01	3.273572365103378790e-01
7.637637637637637589e-01	4.353150820582804670e+00	8.996430400000000605e-01	2.294561775088249655e-01
7.647647647647647373e-01	4.350887094191988602e+00	7.183363200000001392e-01	1.641888048411497825e-01
7.657657657657657158e-01	4.348721189830060396e+00	8.543163600000001079e-01	6.628774583963688294e-02
7.667667667667668052e-01	4.347207178044486753e+00	9.384944800000000198e-01	9.892143217347457163e-02
7.677677677677677837e-01	4.346733820074417665e+00	9.449697200000000130e-01	1.020373171961676869e-03
7.687687687687687621e-01	4.346372641160490602e+00	9.384944800000000198e-01	1.020373171961676869e-03
7.697697697697697405e-01	4.345524205333750167e+00	9.514449600000001173e-01	6.628774583963688294e-02
7.707707707707707190e-01	4.345023513453531550e+00	9.579201999999999995e-01	3.365405950579927752e-02
7.717717717717718084e-01	4.345569353804826562e+00	9.708706800000000969e-01	3.365405950579927752e-02
7.727727727727727869e-01	4.346425617710454326e+00	9.514449600000001173e-01	3.365405950579927752e-02
7.737737737737737653e-01	4.346508077719032137e+00	9.514449600000001173e-01	9.892143217347457163e-02
7.747747747747747438e-01	4.346052963314834372e+00	9.579201999999999995e-01	3.365405950579927752e-02
7.757757757757757222e-01	4.345848718341945194e+00	9.514449600000001173e-01	3.365405950579927752e-02
7.767767767767768117e-01	4.346050430001767495e+00	9.579201999999999995e-01	6.628774583963688294e-02
7.777777777777777901e-01	4.346357084400650272e+00	9.643954399999999927e-01	6.628774583963688294e-02
7.787787787787787686e-01	4.346438284275784270e+00	9.514449600000001173e-01	3.365405950579927752e-02
7.797797797797797470e-01	4.346475313715115085e+00	9.449697200000000130e-01	3.365405950579927752e-02
7.807807807807807254e-01	4.346622758234355288e+00	9.514449600000001173e-01	3.365405950579927752e-02
7.817817817817818149e-01	4.346930282629362985e+00	8.996430400000000605e-01	9.892143217347457163e-02
7.827827827827827933e-01	4.347637126498526072e+00	7.377620400000000078e-01	1.968224911749873740e-01
7.837837837837837718e-01	4.348264016978761859e+00	6.730096400000000756e-01	1.968224911749873740e-01
7.847847847847847502e-01	4.348893641823760703e+00	6.212077200000000188e-01	3.273572365103378790e-01
7.857857857857857287e-01	4.350679262556429450e+00	6.147324800000000256e-01	3.926246091780131731e-01
7.867867867867868181e-01	4.352885513056231837e+00	5.694058000000000730e-01	4.252582955118507924e-01
7.877877877877877966e-01	4.353253874198164119e+00	3.039209600000000178e-01	5.231593545133637058e-01
7.887887887887887750e-01	4.351932077802398879e+00	2.650695199999999474e-01	6.863277861825517467e-01
7.897897897897897534e-01	4.351281711937615704e+00	3.233466799999999974e-01	7.515951588502269853e-01
7.907907907907907319e-01	4.351988107233187186e+00	5.786183999999999772e-02	8.168625315179022239e-01
7.917917917917918214e-01	4.353012874990349168e+00	1.938418799999999942e-01	9.147635905194151373e-01
7.927927927927927998e-01	4.354278076762031269e+00	-8.459344000000000585e-02	9.473972768532528121e-01
7.937937937937937782e-01	4.356307034952676460e+00	-1.752468000000000081e-01	9.147635905194151373e-01
7.947947947947947567e-01	4.358882049615319332e+00	-8.459344000000000585e-02	1.110565708522440964e+00
7.957957957957957351e-01	4.361574285881816060e+00	-2.594249200000000033e-01	1.045298335854765615e+00
7.967967967967968246e-01	4.364095171021288522e+00	-2.529496800000000101e-01	1.208466767523953767e+00
7.977977977977978030e-01	4.365985325548539464e+00	-3.889297199999999788e-01	1.208466767523953767e+00
7.987987987987987815e-01	4.367521174936073614e+00	-3.889297199999999788e-01	1.306367826525466569e+00
7.997997997997997599e-01	4.370215120103471129e+00	-5.184345200000000098e-01	1.273734140191629116e+00
8.008008008008007383e-01	4.374369891806324517e+00	-5.054840400000000233e-01	1.404268885526979593e+00
8.018018018018018278e-01	4.378061307451304174e+00	-5.054840400000000233e-01	1.436902571860817046e+00
8.028028028028028062e-01	4.380869267892099295e+00	-5.508107199999999759e-01	1.502169944528492396e+00
8.038038038038037847e-01	4.384462913470410506e+00	-6.285136000000000056e-01	1.436902571860817046e+00
8.048048048048047631e-01	4.388551042018883130e+00	-6.349888400000001099e-01	1.600071003530005198e+00
8.058058058058058526e-01	4.391733837519616657e+00	-4.472068799999999733e-01	1.567437317196167523e+00
8.068068068068068310e-01	4.394505901263306313e+00	-6.220383600000000124e-01	1.567437317196167523e+00
8.078078078078078095e-01	4.397742501006563387e+00	-6.090878800000000259e-01	1.600071003530005198e+00
8.088088088088087879e-01	4.401276297462184850e+00	-6.285136000000000056e-01	1.632704689863842651e+00
8.098098098098097664e-01	4.404600921827877436e+00	-6.414640799999999921e-01	1.665338376197680104e+00
8.108108108108108558e-01	4.407389453106297594e+00	-6.479393199999999853e-01	1.632704689863842651e+00
8.118118118118118343e-01	4.410132125494851785e+00	-6.997412400000000421e-01	1.763239435199193128e+00
8.128128128128128127e-01	4.413285093405075799e+00	-6.673650399999999649e-01	1.632704689863842651e+00
8.138138138138137911e-01	4.416086031314540250e+00	-7.256422000000000150e-01	1.632704689863842651e+00
8.148148148148147696e-01	4.418634000041010701e+00	-6.349888400000001099e-01	1.600071003530005198e+00
8.158158158158158590e-01	4.421667296802160863e+00	-7.062164799999999243e-01	1.665338376197680104e+00
8.168168168168168375e-01	4.424135402279858909e+00	-6.738402799999999582e-01	1.600071003530005198e+00
8.178178178178178159e-01	4.425716280409985437e+00	-6.738402799999999582e-01	1.697972062531518000e+00
8.188188188188187944e-01	4.427595853704334061e+00	-6.220383600000000124e-01	1.632704689863842651e+00
8.198198198198197728e-01	4.429295330470215397e+00	-6.285136000000000056e-01	1.632704689863842651e+00
8.208208208208208623e-01	4.429767827534218938e+00	-7.062164799999999243e-01	1.600071003530005198e+00
8.218218218218218407e-01	4.429699064826987609e+00	-6.867907599999999446e-01	1.697972062531518000e+00
8.228228228228228192e-01	4.430002641727836199e+00	-6.544145599999999785e-01	1.665338376197680104e+00
8.238238238238237976e-01	4.430388452065082916e+00	-6.867907599999999446e-01	1.632704689863842651e+00
8.248248248248247760e-01	4.430603559885604170e+00	-6.479393199999999853e-01	1.600071003530005198e+00
8.258258258258258655e-01	4.430866526858960874e+00	-7.191669600000000218e-01	1.632704689863842651e+00
8.268268268268268439e-01	4.430945013894729279e+00	-6.414640799999999921e-01	1.730605748865355453e+00
8.278278278278278224e-01	4.430654112577081527e+00	-6.349888400000001099e-01	1.600071003530005198e+00
8.288288288288288008e-01	4.429968082541948959e+00	-6.673650399999999649e-01	1.632704689863842651e+00
8.298298298298297793e-01	4.428941457184868646e+00	-6.285136000000000056e-01	1.600071003530005198e+00
8.308308308308308687e-01	4.427961017780675412e+00	-6.479393199999999853e-01	1.567437317196167523e+00
8.318318318318318472e-01	4.426884472371973800e+00	-6.544145599999999785e-01	1.632704689863842651e+00
8.328328328328328256e-01	4.425925939963431865e+00	-7.126917200000000285e-01	1.632704689863842651e+00
8.338338338338338041e-01	4.425884638903890611e+00	-6.414640799999999921e-01	1.632704689863842651e+00
8.348348348348347825e-01	4.425925429320371585e+00	-6.803155199999999514e-01	1.600071003530005198e+00
8.358358358358358720e-01	4.424740714796714158e+00	-7.126917200000000285e-01	1.632704689863842651e+00
8.368368368368368504e-01	4.422945438416756581e+00	-6.932660000000000489e-01	1.632704689863842651e+00
8.378378378378378288e-01	4.421731472319547329e+00	-6.349888400000001099e-01	1.632704689863842651e+00
8.388388388388388073e-01	4.420753364164633048e+00	-6.803155199999999514e-01	1.665338376197680104e+00
8.398398398398397857e-01	4.419185610113101070e+00	-6.414640799999999921e-01	1.567437317196167523e+00
8.408408408408408752e-01	4.417649625693975679e+00	-6.479393199999999853e-01	1.665338376197680104e+00
8.418418418418418536e-01	4.416561140082198911e+00	-6.026126399999999217e-01	1.632704689863842651e+00
8.428428428428428321e-01	4.415046178733683213e+00	-6.026126399999999217e-01	1.600071003530005198e+00
8.438438438438438105e-01	4.413108581297437105e+00	-6.026126399999999217e-01	1.534803630862329848e+00
8.448448448448447889e-01	4.411189002359602540e+00	-4.472068799999999733e-01	1.436902571860817046e+00
8.458458458458458784e-01	4.408848674851198801e+00	-4.083554400000000140e-01	1.436902571860817046e+00
8.468468468468468568e-01	4.405990356659192031e+00	-3.500782800000000750e-01	1.339001512859304244e+00
8.478478478478478353e-01	4.402733744258854998e+00	-2.982763600000000181e-01	1.306367826525466569e+00
8.488488488488488137e-01	4.399221635742236458e+00	-2.659001599999999965e-01	1.241100453857791219e+00
8.498498498498497922e-01	4.396010974756563883e+00	-2.853258800000000317e-01	1.273734140191629116e+00
8.508508508508508816e-01	4.392342214862574146e+00	-1.169696400000000136e-01	1.143199394856278639e+00
8.518518518518518601e-01	4.387263063991234446e+00	1.253515999999999658e-02	1.077932022188603289e+00
8.528528528528528385e-01	4.382678936396473546e+00	1.253515999999999658e-02	1.045298335854765615e+00
8.538538538538538170e-01	4.380401219125775292e+00	4.491135999999999739e-02	9.473972768532528121e-01
8.548548548548547954e-01	4.378956882823399788e+00	1.226142399999999993e-01	9.147635905194151373e-01
8.558558558558558849e-01	4.376793451572178917e+00	-1.622963199999999939e-01	8.494962178517398987e-01
8.568568568568568633e-01	4.374152843813661207e+00	2.132676000000000016e-01	7.189614725163894215e-01
8.578578578578578417e-01	4.371011329134542045e+00	2.262180799999999881e-01	7.189614725163894215e-01
8.588588588588588202e-01	4.367390426241274604e+00	2.715447599999999961e-01	6.210604135148766192e-01
8.598598598598597986e-01	4.364148638100979305e+00	3.557228800000000746e-01	5.884267271810389444e-01
8.608608608608608881e-01	4.360914934033391255e+00	5.888315200000000527e-01	4.905256681795260310e-01
8.618618618618618665e-01	4.356743803798445391e+00	6.924353600000000553e-01	3.273572365103378790e-01
8.628628628628628450e-01	4.353003557341402541e+00	8.089896800000000443e-01	2.947235501765002597e-01
8.638638638638638234e-01	4.351163331416053381e+00	8.931677999999999562e-01	2.620898638426626404e-01
8.648648648648649129e-01	4.350075140470057278e+00	7.118610800000001460e-01	1.641888048411497825e-01
8.658658658658658913e-01	4.348560517659699087e+00	8.348906400000000172e-01	9.892143217347457163e-02
8.668668668668668698e-01	4.347120933774538010e+00	9.514449600000001173e-01	1.315551185073121632e-01
8.678678678678678482e-01	4.346339920543858426e+00	9.514449600000001173e-01	3.365405950579927752e-02
8.688688688688688266e-01	4.346029349642374306e+00	9.320192400000000266e-01	6.628774583963688294e-02
8.698698698698699161e-01	4.345539208397854125e+00	9.514449600000001173e-01	1.020373171961676869e-03
8.708708708708708945e-01	4.344660440542566171e+00	9.643954399999999927e-01	6.628774583963688294e-02
8.718718718718718730e-01	4.344200524091021087e+00	9.449697200000000130e-01	3.365405950579927752e-02
8.728728728728728514e-01	4.344765569545008255e+00	9.514449600000001173e-01	1.020373171961676869e-03
8.738738738738738299e-01	4.345506143209190597e+00	9.514449600000001173e-01	3.365405950579927752e-02
8.748748748748749193e-01	4.345503704630168329e+00	9.449697200000000130e-01	6.628774583963688294e-02
8.758758758758758978e-01	4.345701956245966890e+00	9.449697200000000130e-01	3.365405950579927752e-02
8.768768768768768762e-01	4.346824253125860515e+00	9.514449600000001173e-01	3.365405950579927752e-02
8.778778778778778547e-01	4.347403236056488041e+00	9.579201999999999995e-01	6.628774583963688294e-02
8.788788788788788331e-01	4.346526381365243275e+00	9.449697200000000130e-01	3.365405950579927752e-02
8.798798798798799226e-01	4.345363298455287016e+00	9.514449600000001173e-01	9.892143217347457163e-02
8.808808808808809010e-01	4.345320352573510014e+00	9.449697200000000130e-01	3.365405950579927752e-02
8.818818818818818794e-01	4.346701734523406913e+00	9.061182800000000537e-01	6.628774583963688294e-02
8.828828828828828579e-01	4.348672619935178396e+00	7.312868000000000146e-01	1.315551185073121632e-01
8.838838838838838363e-01	4.349910965444453659e+00	6.859601199999999510e-01	1.968224911749873740e-01
8.848848848848849258e-01	4.349837574873780532e+00	6.082572400000001434e-01	2.294561775088249655e-01
8.858858858858859042e-01	4.349389674166935116e+00	6.017820000000000391e-01	4.252582955118507924e-01
8.868868868868868827e-01	4.349531843038941581e+00	5.629305600000000798e-01	3.273572365103378790e-01
8.878878878878878611e-01	4.350144546340863450e+00	3.168714400000000042e-01	5.884267271810389444e-01
8.888888888888888395e-01	4.351037634539240528e+00	2.715447599999999961e-01	6.210604135148766192e-01
8.898898898898899290e-01	4.351991092583908483e+00	3.039209600000000178e-01	7.189614725163894215e-01
8.908908908908909074e-01	4.353181237960597194e+00	4.491135999999999739e-02	7.842288451840646601e-01
8.918918918918918859e-01	4.355211340689372435e+00	2.067923600000000084e-01	8.821299041855775735e-01
8.928928928928928643e-01	4.357213645389297341e+00	-8.459344000000000585e-02	9.473972768532528121e-01
8.938938938938938428e-01	4.358297613279777494e+00	-1.493458400000000075e-01	9.800309631870904870e-01
8.948948948948949322e-01	4.359311682011323796e+00	-8.459344000000000585e-02	1.143199394856278639e+00
8.958958958958959107e-01	4.360814037098106333e+00	-2.529496800000000101e-01	1.110565708522440964e+00
8.968968968968968891e-01	4.362763585167339642e+00	-2.723753999999999897e-01	1.241100453857791219e+00
8.978978978978978676e-01	4.365210818204215748e+00	-4.018802000000000207e-01	1.208466767523953767e+00
8.988988988988988460e-01	4.367553858794930299e+00	-4.148306800000000072e-01	1.306367826525466569e+00
8.998998998998999355e-01	4.369767924944026660e+00	-5.184345200000000098e-01	1.339001512859304244e+00
9.009009009009009139e-01	4.372996308217519612e+00	-5.054840400000000233e-01	1.404268885526979593e+00
9.019019019019018923e-01	4.377337208602943619e+00	-5.119592800000000166e-01	1.371635199193141919e+00
9.029029029029028708e-01	4.381550886697246128e+00	-5.443354799999999827e-01	1.502169944528492396e+00
9.039039039039038492e-01	4.385072924570665442e+00	-6.285136000000000056e-01	1.469536258194654943e+00
9.049049049049049387e-01	4.388343979066423373e+00	-6.349888400000001099e-01	1.567437317196167523e+00
9.059059059059059171e-01	4.391306936056062149e+00	-4.536821200000000776e-01	1.567437317196167523e+00
9.069069069069068956e-01	4.394230304743055093e+00	-6.155631200000000192e-01	1.600071003530005198e+00
9.079079079079078740e-01	4.398021187827898082e+00	-6.090878800000000259e-01	1.665338376197680104e+00
9.089089089089088525e-01	4.401464228676411850e+00	-6.349888400000001099e-01	1.665338376197680104e+00
9.099099099099099419e-01	4.403355702363419333e+00	-6.349888400000001099e-01	1.632704689863842651e+00
9.109109109109109204e-01	4.405701106911315001e+00	-6.544145599999999785e-01	1.632704689863842651e+00
9.119119119119118988e-01	4.409797556591438905e+00	-6.867907599999999446e-01	1.534803630862329848e+00
9.129129129129128772e-01	4.414027329632173036e+00	-6.803155199999999514e-01	1.632704689863842651e+00
9.139139139139138557e-01	4.416829597909869065e+00	-7.321174399999998972e-01	1.730605748865355453e+00
9.149149149149149451e-01	4.418377995163019101e+00	-6.349888400000001099e-01	1.600071003530005198e+00
9.159159159159159236e-01	4.420049532423205640e+00	-7.191669600000000218e-01	1.730605748865355453e+00
9.169169169169169020e-01	4.422420129031100267e+00	-6.738402799999999582e-01	1.600071003530005198e+00
9.179179179179178805e-01	4.424643034929943930e+00	-6.867907599999999446e-01	1.697972062531518000e+00
9.189189189189188589e-01	4.426434522056697851e+00	-6.285136000000000056e-01	1.632704689863842651e+00
9.199199199199199484e-01	4.428152658000851005e+00	-6.349888400000001099e-01	1.632704689863842651e+00
9.209209209209209268e-01	4.429251180940229737e+00	-6.997412400000000421e-01	1.632704689863842651e+00
9.219219219219219053e-01	4.429264790824516851e+00	-6.738402799999999582e-01	1.632704689863842651e+00
9.229229229229228837e-01	4.429245720360191818e+00	-6.544145599999999785e-01	1.600071003530005198e+00
9.239239239239238621e-01	4.429954991399928765e+00	-6.803155199999999514e-01	1.697972062531518000e+00
9.249249249249249516e-01	4.430643602106240309e+00	-6.479393199999999853e-01	1.665338376197680104e+00
9.259259259259259300e-01	4.430556143132883484e+00	-7.256422000000000150e-01	1.665338376197680104e+00
9.269269269269269085e-01	4.429788971078814974e+00	-6.285136000000000056e-01	1.665338376197680104e+00
9.279279279279278869e-01	4.428768098449348045e+00	-6.220383600000000124e-01	1.632704689863842651e+00
9.289289289289288654e-01	4.427664387488228215e+00	-6.673650399999999649e-01	1.632704689863842651e+00
9.299299299299299548e-01	4.427186238799425411e+00	-6.285136000000000056e-01	1.665338376197680104e+00
9.309309309309309333e-01	4.427884833181249924e+00	-6.673650399999999649e-01	1.632704689863842651e+00
9.319319319319319117e-01	4.428429176224059738e+00	-6.544145599999999785e-01	1.600071003530005198e+00
9.329329329329328901e-01	4.427850387183843495e+00	-7.256422000000000150e-01	1.632704689863842651e+00
9.339339339339339796e-01	4.426735188475529270e+00	-6.285136000000000056e-01	1.534803630862329848e+00
9.349349349349349581e-01	4.425327551185644914e+00	-6.673650399999999649e-01	1.665338376197680104e+00
9.359359359359359365e-01	4.423947201523890982e+00	-7.256422000000000150e-01	1.600071003530005198e+00
9.369369369369369149e-01	4.422935549144968448e+00	-6.932660000000000489e-01	1.600071003530005198e+00
9.379379379379378934e-01	4.421460225235493979e+00	-6.285136000000000056e-01	1.665338376197680104e+00
9.389389389389389828e-01	4.419737867070342219e+00	-6.867907599999999446e-01	1.600071003530005198e+00
9.399399399399399613e-01	4.419097539600635116e+00	-6.414640799999999921e-01	1.600071003530005198e+00
9.409409409409409397e-01	4.418734364952289440e+00	-6.479393199999999853e-01	1.600071003530005198e+00
9.419419419419419182e-01	4.417360810241046210e+00	-5.961373999999999285e-01	1.567437317196167523e+00
9.429429429429428966e-01	4.415407728287179090e+00	-5.961373999999999285e-01	1.567437317196167523e+00
9.439439439439439861e-01	4.413416763436038615e+00	-5.961373999999999285e-01	1.567437317196167523e+00
9.449449449449449645e-01	4.411280387499799005e+00	-4.536821200000000776e-01	1.469536258194654943e+00
9.459459459459459429e-01	4.408708978150355229e+00	-4.018802000000000207e-01	1.436902571860817046e+00
9.469469469469469214e-01	4.405916851694392733e+00	-3.371277999999999775e-01	1.404268885526979593e+00
9.479479479479478998e-01	4.403263742325311370e+00	-3.047516000000000114e-01	1.306367826525466569e+00
9.489489489489489893e-01	4.400407635820704932e+00	-2.464744400000000168e-01	1.306367826525466569e+00
9.499499499499499677e-01	4.397152460208019420e+00	-3.112268400000000046e-01	1.208466767523953767e+00
9.509509509509509462e-01	4.393663273655262103e+00	-1.234448800000000068e-01	1.208466767523953767e+00
9.519519519519519246e-01	4.389920418374487099e+00	-4.153200000000037417e-04	1.077932022188603289e+00
9.529529529529529031e-01	4.386111915009925255e+00	-6.890560000000003904e-03	1.045298335854765615e+00
9.539539539539539925e-01	4.382551782261815632e+00	5.786183999999999772e-02	9.473972768532528121e-01
9.549549549549549710e-01	4.379619548956493524e+00	1.096637599999999990e-01	9.147635905194151373e-01
9.559559559559559494e-01	4.377123471540218524e+00	-1.558210800000000007e-01	8.821299041855775735e-01
9.569569569569569278e-01	4.373434711840609168e+00	1.938418799999999942e-01	7.515951588502269853e-01
9.579579579579579063e-01	4.368553357050005026e+00	2.326933200000000090e-01	6.863277861825517467e-01
9.589589589589589957e-01	4.365182063937400159e+00	2.974457200000000245e-01	6.210604135148766192e-01
9.599599599599599742e-01	4.363512052902501992e+00	3.557228800000000746e-01	4.252582955118507924e-01
9.609609609609609526e-01	4.360665197521898406e+00	5.564553199999999755e-01	5.231593545133637058e-01
9.619619619619619311e-01	4.356330443634885086e+00	6.665344000000000824e-01	4.252582955118507924e-01
9.629629629629629095e-01	4.353364916994753919e+00	7.960392000000000579e-01	3.273572365103378790e-01
9.639639639639639990e-01	4.352607366736151562e+00	8.866925599999999630e-01	2.620898638426626404e-01
9.649649649649649774e-01	4.351502140780922012e+00	6.924353600000000553e-01	1.968224911749873740e-01
9.659659659659659559e-01	4.348673220201369816e+00	8.413658800000000104e-01	6.628774583963688294e-02
9.669669669669669343e-01	4.345724771124826802e+00	9.449697200000000130e-01	1.315551185073121632e-01
9.679679679679679127e-01	4.344219669973734099e+00	9.449697200000000130e-01	1.020373171961676869e-03
9.689689689689690022e-01	4.344615770931079979e+00	9.449697200000000130e-01	3.365405950579927752e-02
9.699699699699699806e-01	4.346439033258747919e+00	9.449697200000000130e-01	3.365405950579927752e-02
9.709709709709709591e-01	4.347847232021090136e+00	9.514449600000001173e-01	3.365405950579927752e-02
9.719719719719719375e-01	4.347612668934741187e+00	9.643954399999999927e-01	3.365405950579927752e-02
9.729729729729729160e-01	4.346294574272170586e+00	9.514449600000001173e-01	9.892143217347457163e-02
9.739739739739740054e-01	4.345042335032726299e+00	9.579201999999999995e-01	1.020373171961676869e-03
9.749749749749749839e-01	4.344851860806849153e+00	9.449697200000000130e-01	3.365405950579927752e-02
9.759759759759759623e-01	4.345072660461029024e+00	9.384944800000000198e-01	1.020373171961676869e-03
9.769769769769769407e-01	4.344188178759387675e+00	9.643954399999999927e-01	1.020373171961676869e-03
9.779779779779779192e-01	4.343279264643881810e+00	9.643954399999999927e-01	3.365405950579927752e-02
9.789789789789790087e-01	4.344594851930257740e+00	9.579201999999999995e-01	6.628774583963688294e-02
9.799799799799799871e-01	4.347318470679510050e+00	9.643954399999999927e-01	9.892143217347457163e-02
9.809809809809809655e-01	4.348672982961589994e+00	9.384944800000000198e-01	1.020373171961676869e-03
9.819819819819819440e-01	4.348294582319236490e+00	9.061182800000000537e-01	9.892143217347457163e-02
9.829829829829829224e-01	4.348051831068949546e+00	7.507125199999999943e-01	1.641888048411497825e-01
9.839839839839840119e-01	4.348434971603690080e+00	6.859601199999999510e-01	2.294561775088249655e-01
9.849849849849849903e-01	4.348536966823330907e+00	5.953067600000000459e-01	2.620898638426626404e-01
9.859859859859859688e-01	4.348289235116985729e+00	6.406334400000001095e-01	4.252582955118507924e-01
9.869869869869869472e-01	4.348756370479295086e+00	5.564553199999999755e-01	4.905256681795260310e-01
9.879879879879879256e-01	4.350695975612500987e+00	3.362971600000000394e-01	5.884267271810389444e-01
9.889889889889890151e-01	4.352809300798219816e+00	2.585942800000000097e-01	6.863277861825517467e-01
9.899899899899899935e-01	4.353128377723513687e+00	3.103962000000000110e-01	7.842288451840646601e-01
9.909909909909909720e-01	4.352526622694940173e+00	6.433707999999999094e-02	8.168625315179022239e-01
9.919919919919919504e-01	4.353690688589191282e+00	1.938418799999999942e-01	8.821299041855775735e-01
9.929929929929930399e-01	4.356860604434654505e+00	-8.459344000000000585e-02	9.473972768532528121e-01
9.939939939939940183e-01	4.359593397302290008e+00	-1.752468000000000081e-01	9.800309631870904870e-01
9.949949949949949968e-01	4.360411832145092426e+00	-8.459344000000000585e-02	1.045298335854765615e+00
9.959959959959959752e-01	4.360414473072300012e+00	-2.335239600000000026e-01	1.110565708522440964e+00
9.969969969969969537e-01	4.361533857898595379e+00	-2.723753999999999897e-01	1.208466767523953767e+00
9.979979979979980431e-01	4.364639707476804631e+00	-3.824544800000000411e-01	1.208466767523953767e+00
9.989989989989990216e-01	4.368813939694407900e+00	-3.954049599999999165e-01	1.339001512859304244e+00
1.000000000000000000e+00	4.372757797904432309e+00	-5.119592800000000166e-01	1.339001512859304244e+00
