Time(s)\disp(mm)\Force(Lb)\Force(Lb)
0.000000000000000000e+00	4.431303170088775722e+00	-2.464744400000000168e-01	-1.947817448310640853e-01
1.001001001001000992e-03	4.426922414390263683e+00	2.391685600000000023e-01	-6.190196671709531362e-01
2.002002002002001985e-03	4.419727282984835526e+00	8.672668400000000943e-01	-1.271693393847705744e+00
3.003003003003002977e-03	4.409715351915967751e+00	1.592493720000000001e+00	-1.891733434190620455e+00
4.004004004004003969e-03	4.401230338792952779e+00	2.265918679999999963e+00	-2.740209278870398890e+00
5.005005005005004962e-03	4.397937891085199169e+00	2.460175879999999982e+00	-2.609674533535048635e+00
6.006006006006005954e-03	4.398334576567688003e+00	2.842215040000000137e+00	-3.588685123550176215e+00
7.007007007007006946e-03	4.397992398407763126e+00	2.686809280000000300e+00	-2.903377710539586598e+00
8.008008008008007939e-03	4.394897388907271107e+00	2.835739799999999811e+00	-3.458150378214826404e+00
9.009009009009008931e-03	4.391042995846005326e+00	2.777462640000000427e+00	-3.197080887544125449e+00
1.001001001001000992e-02	4.388307481619722061e+00	2.796888360000000517e+00	-3.294981946545638252e+00
1.101101101101101092e-02	4.387521710681007825e+00	2.071661479999999944e+00	-2.185436611195159529e+00
1.201201201201201191e-02	4.389466341511927716e+00	1.242830760000000145e+00	-2.022268179525970933e+00
1.301301301301301290e-02	4.393017227626266674e+00	3.362971600000000394e-01	-7.169207261724660496e-01
1.401401401401401389e-02	4.397466643744945891e+00	-2.335239600000000026e-01	-2.274154311649017046e-01
1.501501501501501488e-02	4.404546827183339452e+00	-7.450679199999999947e-01	1.315551185073121632e-01
1.601601601601601588e-02	4.414378049414359850e+00	-1.159483280000000116e+00	6.210604135148766192e-01
1.701701701701701513e-02	4.424381876470953934e+00	-1.327839520000000162e+00	7.515951588502269853e-01
1.801801801801801786e-02	4.432871693934971269e+00	-1.502671000000000090e+00	9.473972768532528121e-01
1.901901901901902059e-02	4.440204181415444928e+00	-1.560948160000000140e+00	9.473972768532528121e-01
2.002002002002001985e-02	4.446342488789920111e+00	-1.522096720000000181e+00	1.012664649520927940e+00
2.102102102102101910e-02	4.449215906081641414e+00	-1.457344320000000248e+00	9.800309631870904870e-01
2.202202202202202183e-02	4.447386726724008810e+00	-1.288988079999999981e+00	7.842288451840646601e-01
2.302302302302302456e-02	4.442886265810087387e+00	-1.049404199999999898e+00	4.905256681795260310e-01
2.402402402402402382e-02	4.438523124852834734e+00	-6.544145599999999785e-01	2.294561775088249655e-01
2.502502502502502307e-02	4.434216388429065958e+00	-2.659001599999999965e-01	-1.947817448310640853e-01
2.602602602602602580e-02	4.427933840905546425e+00	2.391685600000000023e-01	-6.190196671709531362e-01
2.702702702702702853e-02	4.418966015158189542e+00	8.672668400000000943e-01	-1.239059707513868069e+00
2.802802802802802778e-02	4.409170404604624061e+00	1.592493720000000001e+00	-1.859099747856782781e+00
2.902902902902902704e-02	4.401212016552801920e+00	2.252968199999999754e+00	-2.740209278870398890e+00
3.003003003003002977e-02	4.396850726718500191e+00	2.460175879999999982e+00	-2.544407160867373285e+00
3.103103103103103250e-02	4.395860356115759870e+00	2.822789320000000490e+00	-3.588685123550176215e+00
3.203203203203203175e-02	4.395860422190728478e+00	2.667383560000000209e+00	-2.903377710539586598e+00
3.303303303303303101e-02	4.394706636121333609e+00	2.829264560000000372e+00	-3.425516691880988951e+00
3.403403403403403027e-02	4.392376686066863378e+00	2.764512159999999774e+00	-3.229714573877962902e+00
3.503503503503503647e-02	4.390253507927534216e+00	2.783937880000000309e+00	-3.262348260211800355e+00
3.603603603603603572e-02	4.389178744441727176e+00	2.032810039999999763e+00	-2.185436611195159529e+00
3.703703703703703498e-02	4.388853557039304576e+00	1.236355520000000041e+00	-1.989634493192133702e+00
3.803803803803804118e-02	4.390104889139780475e+00	3.298219200000001017e-01	-7.495544125063037244e-01
3.903903903903904044e-02	4.395015547123515276e+00	-2.464744400000000168e-01	-2.600491174987393794e-01
4.004004004004003969e-02	4.403636715744135621e+00	-7.450679199999999947e-01	1.315551185073121632e-01
4.104104104104103895e-02	4.413806660448037711e+00	-1.153008040000000012e+00	5.231593545133637058e-01
4.204204204204203821e-02	4.423554973864095352e+00	-1.347265240000000031e+00	7.189614725163894215e-01
4.304304304304304440e-02	4.432060280915373518e+00	-1.502671000000000090e+00	9.473972768532528121e-01
4.404404404404404366e-02	4.439384865056834606e+00	-1.580373880000000231e+00	9.473972768532528121e-01
4.504504504504504292e-02	4.445091512434864001e+00	-1.522096720000000181e+00	1.012664649520927940e+00
4.604604604604604912e-02	4.447431507971329800e+00	-1.450869080000000144e+00	9.473972768532528121e-01
4.704704704704704837e-02	4.445667732715507192e+00	-1.308413800000000071e+00	7.842288451840646601e-01
4.804804804804804763e-02	4.441866639382516802e+00	-1.062354679999999885e+00	4.578919818456884672e-01
4.904904904904904689e-02	4.437542733810852624e+00	-6.608898000000000827e-01	3.273572365103378790e-01
5.005005005005004615e-02	4.432082279946363279e+00	-2.659001599999999965e-01	-1.947817448310640853e-01
5.105105105105105234e-02	4.425498916007503780e+00	2.262180799999999881e-01	-6.516533535047908110e-01
5.205205205205205160e-02	4.417735894744316383e+00	8.543163600000001079e-01	-1.239059707513868069e+00
5.305305305305305086e-02	4.408869591867322413e+00	1.573067999999999911e+00	-1.826466061522945328e+00
5.405405405405405705e-02	4.401526937790172234e+00	2.240017719999999990e+00	-2.740209278870398890e+00
5.505505505505505631e-02	4.397745106320872566e+00	2.460175879999999982e+00	-2.674941906202723541e+00
5.605605605605605557e-02	4.396037304535284740e+00	2.822789320000000490e+00	-3.556051437216338762e+00
5.705705705705705483e-02	4.394140379033280475e+00	2.660908319999999883e+00	-2.936011396873424495e+00
5.805805805805805409e-02	4.391657313507072224e+00	2.829264560000000372e+00	-3.392883005547151054e+00
5.905905905905906028e-02	4.389257233961128435e+00	2.745086440000000128e+00	-3.131813514876450544e+00
6.006006006006005954e-02	4.387463609446819568e+00	2.770987400000000100e+00	-3.197080887544125449e+00
6.106106106106105880e-02	4.387033903627091114e+00	2.032810039999999763e+00	-2.185436611195159529e+00
6.206206206206206499e-02	4.388569740220978233e+00	1.229880280000000159e+00	-1.989634493192133702e+00
6.306306306306305731e-02	4.391875343825548228e+00	3.039209600000000178e-01	-7.495544125063037244e-01
6.406406406406406351e-02	4.396999280224584083e+00	-2.399992000000000236e-01	-1.295143721633888190e-01
6.506506506506506970e-02	4.404358738172730270e+00	-7.580183999999999811e-01	1.315551185073121632e-01
6.606606606606606202e-02	4.413060699248259944e+00	-1.159483280000000116e+00	6.536940998487140719e-01
6.706706706706706822e-02	4.421634161756101022e+00	-1.347265240000000031e+00	7.189614725163894215e-01
6.806806806806806054e-02	4.430370537863618452e+00	-1.502671000000000090e+00	1.012664649520927940e+00
6.906906906906906674e-02	4.439315094687895424e+00	-1.580373880000000231e+00	9.147635905194151373e-01
7.007007007007007293e-02	4.445939666786729916e+00	-1.535047200000000167e+00	9.800309631870904870e-01
7.107107107107106525e-02	4.448098231433220917e+00	-1.470294800000000235e+00	9.473972768532528121e-01
7.207207207207207145e-02	4.446450326805410747e+00	-1.314889040000000175e+00	7.842288451840646601e-01
7.307307307307307764e-02	4.442954201559329519e+00	-1.055879440000000002e+00	4.905256681795260310e-01
7.407407407407406996e-02	4.438689858358524809e+00	-6.803155199999999514e-01	2.620898638426626404e-01
7.507507507507507616e-02	4.433253737722291810e+00	-2.723753999999999897e-01	-1.295143721633888190e-01
7.607607607607608236e-02	4.426197128930263958e+00	2.326933200000000090e-01	-6.190196671709531362e-01
7.707707707707707467e-02	4.417983140210630211e+00	8.543163600000001079e-01	-1.141158648512355045e+00
7.807807807807808087e-02	4.409387677792182991e+00	1.560117519999999924e+00	-1.891733434190620455e+00
7.907907907907907319e-02	4.401381073505971742e+00	2.252968199999999754e+00	-2.707575592536560993e+00
8.008008008008007939e-02	4.395611088708689884e+00	2.440750159999999891e+00	-2.544407160867373285e+00
8.108108108108108558e-02	4.393319823054699036e+00	2.816314080000000164e+00	-3.458150378214826404e+00
8.208208208208207790e-02	4.393044711903592692e+00	2.654433080000000444e+00	-2.903377710539586598e+00
8.308308308308308410e-02	4.392217313507257082e+00	2.796888360000000517e+00	-3.425516691880988951e+00
8.408408408408407642e-02	4.390438055482609236e+00	2.738611200000000245e+00	-3.164447201210287997e+00
8.508508508508508261e-02	4.388493801786040649e+00	2.770987400000000100e+00	-3.229714573877962902e+00
8.608608608608608881e-02	4.386899129636981698e+00	2.013384319999999672e+00	-2.218070297528996981e+00
8.708708708708708113e-02	4.386846718764680020e+00	1.210454560000000068e+00	-1.957000806858295805e+00
8.808808808808808732e-02	4.389830455384979402e+00	3.103962000000000110e-01	-7.169207261724660496e-01
8.908908908908909352e-02	4.395434596034843544e+00	-2.464744400000000168e-01	-2.274154311649017046e-01
9.009009009009008584e-02	4.402544800498462862e+00	-7.515431599999999879e-01	1.315551185073121632e-01
9.109109109109109204e-02	4.411626494394950804e+00	-1.165958519999999998e+00	5.884267271810389444e-01
9.209209209209209823e-02	4.422017344794227256e+00	-1.347265240000000031e+00	7.842288451840646601e-01
9.309309309309309055e-02	4.431340541444641623e+00	-1.502671000000000090e+00	9.800309631870904870e-01
9.409409409409409675e-02	4.438829934133408095e+00	-1.593324360000000217e+00	9.473972768532528121e-01
9.509509509509508907e-02	4.444062916443512812e+00	-1.535047200000000167e+00	9.473972768532528121e-01
9.609609609609609526e-02	4.445607879142802865e+00	-1.457344320000000248e+00	9.800309631870904870e-01
9.709709709709710146e-02	4.444195493835646715e+00	-1.314889040000000175e+00	8.168625315179022239e-01
9.809809809809809378e-02	4.441654367258934144e+00	-1.055879440000000002e+00	4.578919818456884672e-01
9.909909909909909997e-02	4.437368497922930644e+00	-6.738402799999999582e-01	2.620898638426626404e-01
1.001001001001000923e-01	4.430997764367036851e+00	-2.788506400000000385e-01	-9.688068582955121355e-02
1.011011011011010985e-01	4.423834793065542392e+00	2.262180799999999881e-01	-5.863859808371156834e-01
1.021021021021021047e-01	4.416091706045158993e+00	8.413658800000000104e-01	-1.239059707513868069e+00
1.031031031031030970e-01	4.408155944818705763e+00	1.560117519999999924e+00	-1.793832375189107875e+00
1.041041041041041032e-01	4.401603964976131600e+00	2.207641520000000135e+00	-2.642308219868886088e+00
1.051051051051051094e-01	4.397000268115574428e+00	2.421324440000000244e+00	-2.577040847201210738e+00
1.061061061061061017e-01	4.393873908399209327e+00	2.796888360000000517e+00	-3.490784064548663856e+00
1.071071071071071079e-01	4.391795856444849377e+00	2.628532120000000027e+00	-2.838110337871911693e+00
1.081081081081081141e-01	4.390342620829777331e+00	2.796888360000000517e+00	-3.392883005547151054e+00
1.091091091091091064e-01	4.389014809959350671e+00	2.738611200000000245e+00	-3.099179828542612647e+00
1.101101101101101126e-01	4.387478896488230085e+00	2.758036920000000336e+00	-3.229714573877962902e+00
1.111111111111111049e-01	4.386651193076842148e+00	2.019859559999999998e+00	-2.120169238527484179e+00
1.121121121121121111e-01	4.388119999790072612e+00	1.203979319999999964e+00	-2.022268179525970933e+00
1.131131131131131173e-01	4.391904964839210557e+00	3.039209600000000178e-01	-7.495544125063037244e-01
1.141141141141141097e-01	4.397173369479006944e+00	-2.723753999999999897e-01	-2.600491174987393794e-01
1.151151151151151159e-01	4.403727367211138777e+00	-7.580183999999999811e-01	1.641888048411497825e-01
1.161161161161161082e-01	4.411629548722765470e+00	-1.165958519999999998e+00	6.210604135148766192e-01
1.171171171171171144e-01	4.421210989362640120e+00	-1.353740480000000357e+00	7.189614725163894215e-01
1.181181181181181206e-01	4.432092508323200342e+00	-1.522096720000000181e+00	9.473972768532528121e-01
1.191191191191191129e-01	4.441649144580382291e+00	-1.599799600000000099e+00	9.800309631870904870e-01
1.201201201201201191e-01	4.447075259713174411e+00	-1.541522440000000271e+00	1.012664649520927940e+00
1.211211211211211253e-01	4.447898791349677694e+00	-1.470294800000000235e+00	9.473972768532528121e-01
1.221221221221221176e-01	4.445441997655994015e+00	-1.321364280000000058e+00	8.168625315179022239e-01
1.231231231231231238e-01	4.441816792168101991e+00	-1.062354679999999885e+00	5.557930408472013806e-01
1.241241241241241300e-01	4.437749752319497532e+00	-6.803155199999999514e-01	1.968224911749873740e-01
1.251251251251251362e-01	4.431914079854499811e+00	-2.723753999999999897e-01	-1.295143721633888190e-01
1.261261261261261146e-01	4.424482540015143073e+00	2.067923600000000084e-01	-6.516533535047908110e-01
1.271271271271271208e-01	4.417122231650168374e+00	8.413658800000000104e-01	-1.206426021180030395e+00
1.281281281281281270e-01	4.409742696733630396e+00	1.521266079999999965e+00	-1.891733434190620455e+00
1.291291291291291332e-01	4.402031694727440048e+00	2.214116760000000017e+00	-2.674941906202723541e+00
1.301301301301301394e-01	4.396031919404998156e+00	2.408373960000000036e+00	-2.544407160867373285e+00
1.311311311311311179e-01	4.393622426005820536e+00	2.777462640000000427e+00	-3.588685123550176215e+00
1.321321321321321240e-01	4.393510130503774924e+00	2.622056880000000589e+00	-2.838110337871911693e+00
1.331331331331331302e-01	4.393096496298543485e+00	2.783937880000000309e+00	-3.360249319213313601e+00
1.341341341341341364e-01	4.391406490334554213e+00	2.712710240000000272e+00	-3.099179828542612647e+00
1.351351351351351426e-01	4.388770590096290114e+00	2.732135959999999919e+00	-3.229714573877962902e+00
1.361361361361361211e-01	4.386477589934220767e+00	1.987483359999999921e+00	-2.120169238527484179e+00
1.371371371371371273e-01	4.386815872401512273e+00	1.178078360000000213e+00	-1.989634493192133702e+00
1.381381381381381335e-01	4.390554903319736191e+00	3.039209600000000178e-01	-6.842870398386284858e-01
1.391391391391391397e-01	4.396179241333472376e+00	-2.594249200000000033e-01	-2.274154311649017046e-01
1.401401401401401459e-01	4.402801429742038586e+00	-7.580183999999999811e-01	1.315551185073121632e-01
1.411411411411411521e-01	4.411371246115695754e+00	-1.178908999999999985e+00	6.210604135148766192e-01
1.421421421421421305e-01	4.422262187687626245e+00	-1.353740480000000357e+00	7.842288451840646601e-01
1.431431431431431367e-01	4.432963741251415790e+00	-1.509146240000000194e+00	9.800309631870904870e-01
1.441441441441441429e-01	4.440449669248915932e+00	-1.586849120000000113e+00	9.473972768532528121e-01
1.451451451451451491e-01	4.444615231040561554e+00	-1.522096720000000181e+00	1.012664649520927940e+00
1.461461461461461553e-01	4.446517246144659374e+00	-1.470294800000000235e+00	9.473972768532528121e-01
1.471471471471471337e-01	4.445949249885535082e+00	-1.327839520000000162e+00	8.168625315179022239e-01
1.481481481481481399e-01	4.442941984430979652e+00	-1.081780399999999975e+00	4.905256681795260310e-01
1.491491491491491461e-01	4.438838978474598740e+00	-6.867907599999999446e-01	2.620898638426626404e-01
1.501501501501501523e-01	4.434071670351087846e+00	-2.853258800000000317e-01	-2.274154311649017046e-01
1.511511511511511585e-01	4.427476196013440557e+00	2.003171200000000152e-01	-6.516533535047908110e-01
1.521521521521521647e-01	4.418942249575297687e+00	8.284154000000000240e-01	-1.173792334846192720e+00
1.531531531531531432e-01	4.409927709475753410e+00	1.534216559999999951e+00	-1.793832375189107875e+00
1.541541541541541493e-01	4.402335683558002977e+00	2.207641520000000135e+00	-2.740209278870398890e+00
1.551551551551551555e-01	4.397782674963052862e+00	2.382473000000000063e+00	-2.544407160867373285e+00
1.561561561561561617e-01	4.395832963106411029e+00	2.777462640000000427e+00	-3.523417750882501309e+00
1.571571571571571679e-01	4.394529560431501558e+00	2.609106400000000381e+00	-2.805476651538073796e+00
1.581581581581581464e-01	4.392910971742358228e+00	2.764512159999999774e+00	-3.327615632879475704e+00
1.591591591591591526e-01	4.391066354078970946e+00	2.706235000000000390e+00	-3.131813514876450544e+00
1.601601601601601588e-01	4.389345911192553018e+00	2.725660720000000481e+00	-3.197080887544125449e+00
1.611611611611611650e-01	4.388335332969867331e+00	2.006909079999999790e+00	-2.120169238527484179e+00
1.621621621621621712e-01	4.388567602959333236e+00	1.184553600000000095e+00	-1.957000806858295805e+00
1.631631631631631496e-01	4.390621201949751473e+00	2.844952399999999826e-01	-7.169207261724660496e-01
1.641641641641641558e-01	4.395129802048718837e+00	-2.659001599999999965e-01	-2.274154311649017046e-01
1.651651651651651620e-01	4.402218605786039518e+00	-7.644936400000000853e-01	1.968224911749873740e-01
1.661661661661661682e-01	4.411734374117048496e+00	-1.178908999999999985e+00	6.536940998487140719e-01
1.671671671671671744e-01	4.423183766503997028e+00	-1.353740480000000357e+00	7.515951588502269853e-01
1.681681681681681528e-01	4.434343478817665662e+00	-1.515621480000000076e+00	9.800309631870904870e-01
1.691691691691691590e-01	4.442193863745648841e+00	-1.586849120000000113e+00	1.012664649520927940e+00
1.701701701701701652e-01	4.446009942800149162e+00	-1.541522440000000271e+00	1.012664649520927940e+00
1.711711711711711714e-01	4.446839476366073463e+00	-1.476770040000000339e+00	9.473972768532528121e-01
1.721721721721721776e-01	4.445401151490331770e+00	-1.340790000000000148e+00	8.168625315179022239e-01
1.731731731731731838e-01	4.442609830325245923e+00	-1.055879440000000002e+00	5.231593545133637058e-01
1.741741741741741623e-01	4.439060146226490922e+00	-6.932660000000000489e-01	2.620898638426626404e-01
1.751751751751751685e-01	4.434069653904327168e+00	-2.788506400000000385e-01	-1.295143721633888190e-01
1.761761761761761746e-01	4.427533643327155488e+00	2.132676000000000016e-01	-5.537522945032778976e-01
1.771771771771771808e-01	4.420122857791463744e+00	8.284154000000000240e-01	-1.141158648512355045e+00
1.781781781781781870e-01	4.411870924131177318e+00	1.540691800000000056e+00	-1.793832375189107875e+00
1.791791791791791655e-01	4.403617605006464153e+00	2.181740560000000162e+00	-2.674941906202723541e+00
1.801801801801801717e-01	4.397774915734973256e+00	2.382473000000000063e+00	-2.479139788199697936e+00
1.811811811811811779e-01	4.395324380498177419e+00	2.758036920000000336e+00	-3.523417750882501309e+00
1.821821821821821841e-01	4.394305612004297146e+00	2.589680680000000734e+00	-2.838110337871911693e+00
1.831831831831831903e-01	4.393007835083555079e+00	2.758036920000000336e+00	-3.360249319213313601e+00
1.841841841841841965e-01	4.391581448440409652e+00	2.686809280000000300e+00	-3.131813514876450544e+00
1.851851851851851749e-01	4.390109669183476448e+00	2.712710240000000272e+00	-3.164447201210287997e+00
1.861861861861861811e-01	4.388814136947920552e+00	1.981008119999999817e+00	-2.152802924861321632e+00
1.871871871871871873e-01	4.388906324251816038e+00	1.184553600000000095e+00	-1.989634493192133702e+00
1.881881881881881935e-01	4.391415060869340969e+00	2.844952399999999826e-01	-6.842870398386284858e-01
1.891891891891891997e-01	4.396515493452248791e+00	-2.853258800000000317e-01	-1.947817448310640853e-01
1.901901901901901781e-01	4.403667491729410521e+00	-7.644936400000000853e-01	9.892143217347457163e-02
1.911911911911911843e-01	4.412281414131956403e+00	-1.198334720000000075e+00	6.536940998487140719e-01
1.921921921921921905e-01	4.422060146222884569e+00	-1.360215720000000017e+00	7.515951588502269853e-01
1.931931931931931967e-01	4.432184613614301938e+00	-1.515621480000000076e+00	1.045298335854765615e+00
1.941941941941942029e-01	4.440795856049997603e+00	-1.606274840000000204e+00	9.800309631870904870e-01
1.951951951951951814e-01	4.445870762557377454e+00	-1.541522440000000271e+00	9.800309631870904870e-01
1.961961961961961876e-01	4.447151233092523803e+00	-1.463819560000000131e+00	9.800309631870904870e-01
1.971971971971971938e-01	4.445886031860720955e+00	-1.327839520000000162e+00	7.842288451840646601e-01
1.981981981981981999e-01	4.442973653092060715e+00	-1.062354679999999885e+00	4.905256681795260310e-01
1.991991991991992061e-01	4.438799110536536752e+00	-6.867907599999999446e-01	2.294561775088249655e-01
2.002002002002001846e-01	4.433247671436731707e+00	-2.918011200000000249e-01	-1.295143721633888190e-01
2.012012012012011908e-01	4.426105910806882093e+00	1.938418799999999942e-01	-6.190196671709531362e-01
2.022022022022021970e-01	4.418000086391261405e+00	8.219401600000000307e-01	-1.173792334846192720e+00
2.032032032032032032e-01	4.409825734354465787e+00	1.521266079999999965e+00	-1.826466061522945328e+00
2.042042042042042094e-01	4.402121818137612941e+00	2.162314840000000071e+00	-2.674941906202723541e+00
2.052052052052052156e-01	4.396419389177856019e+00	2.375997759999999737e+00	-2.544407160867373285e+00
2.062062062062061940e-01	4.394712897093307369e+00	2.764512159999999774e+00	-3.523417750882501309e+00
2.072072072072072002e-01	4.395284051395141667e+00	2.589680680000000734e+00	-2.805476651538073796e+00
2.082082082082082064e-01	4.393990745232274620e+00	2.751561680000000454e+00	-3.294981946545638252e+00
2.092092092092092126e-01	4.390411760371935479e+00	2.680334040000000417e+00	-3.099179828542612647e+00
2.102102102102102188e-01	4.387332757985634935e+00	2.706235000000000390e+00	-3.197080887544125449e+00
2.112112112112111972e-01	4.386490271669217123e+00	1.974532879999999935e+00	-2.120169238527484179e+00
2.122122122122122034e-01	4.387857772692746572e+00	1.184553600000000095e+00	-1.891733434190620455e+00
2.132132132132132096e-01	4.390637187442507638e+00	2.780200000000000449e-01	-7.169207261724660496e-01
2.142142142142142158e-01	4.394711093416202807e+00	-2.853258800000000317e-01	-3.579501765002521818e-01
2.152152152152152220e-01	4.401458687840538175e+00	-7.839193599999999540e-01	1.968224911749873740e-01
2.162162162162162282e-01	4.411611034459252068e+00	-1.211285200000000062e+00	6.210604135148766192e-01
2.172172172172172067e-01	4.423545511534891617e+00	-1.366690960000000121e+00	7.515951588502269853e-01
2.182182182182182129e-01	4.434665869967082230e+00	-1.528571960000000063e+00	9.473972768532528121e-01
2.192192192192192191e-01	4.442456022365523616e+00	-1.593324360000000217e+00	9.800309631870904870e-01
2.202202202202202252e-01	4.445871646421186263e+00	-1.535047200000000167e+00	9.800309631870904870e-01
2.212212212212212314e-01	4.446577490475671190e+00	-1.489720520000000104e+00	9.473972768532528121e-01
2.222222222222222099e-01	4.445908538614691707e+00	-1.334314760000000266e+00	7.842288451840646601e-01
2.232232232232232161e-01	4.443083231617912965e+00	-1.081780399999999975e+00	5.231593545133637058e-01
2.242242242242242223e-01	4.437826830719036941e+00	-6.997412400000000421e-01	2.294561775088249655e-01
2.252252252252252285e-01	4.431491232038735184e+00	-2.982763600000000181e-01	-1.621480584972264660e-01
2.262262262262262347e-01	4.425226239518948113e+00	1.938418799999999942e-01	-6.190196671709531362e-01
2.272272272272272131e-01	4.418392879094952264e+00	7.895639599999999536e-01	-1.141158648512355045e+00
2.282282282282282193e-01	4.410221553890474766e+00	1.508315599999999979e+00	-1.826466061522945328e+00
2.292292292292292255e-01	4.402357856743335240e+00	2.175265319999999836e+00	-2.642308219868886088e+00
2.302302302302302317e-01	4.397433209539345356e+00	2.375997759999999737e+00	-2.511773474533535389e+00
2.312312312312312379e-01	4.395412939044895495e+00	2.751561680000000454e+00	-3.425516691880988951e+00
2.322322322322322163e-01	4.393823442269419566e+00	2.576730200000000082e+00	-2.870744024205749145e+00
2.332332332332332225e-01	4.391227165776767194e+00	2.738611200000000245e+00	-3.294981946545638252e+00
2.342342342342342287e-01	4.388125329606344494e+00	2.680334040000000417e+00	-3.066546142208775194e+00
2.352352352352352349e-01	4.386487084169696793e+00	2.699759760000000064e+00	-3.197080887544125449e+00
2.362362362362362411e-01	4.387451423080696244e+00	1.948631919999999962e+00	-2.152802924861321632e+00
2.372372372372372473e-01	4.389004551604921645e+00	1.145702159999999914e+00	-1.891733434190620455e+00
2.382382382382382258e-01	4.390502131458699608e+00	2.715447599999999961e-01	-7.169207261724660496e-01
2.392392392392392320e-01	4.394530581768173683e+00	-2.853258800000000317e-01	-2.600491174987393794e-01
2.402402402402402382e-01	4.402144227761773720e+00	-7.903945999999999472e-01	1.968224911749873740e-01
2.412412412412412444e-01	4.412383680865118230e+00	-1.198334720000000075e+00	6.210604135148766192e-01
2.422422422422422505e-01	4.423749105140641902e+00	-1.379641440000000108e+00	7.515951588502269853e-01
2.432432432432432290e-01	4.433555924899402534e+00	-1.535047200000000167e+00	9.473972768532528121e-01
2.442442442442442352e-01	4.439712565379921649e+00	-1.599799600000000099e+00	9.800309631870904870e-01
2.452452452452452414e-01	4.443395116122702326e+00	-1.547997679999999932e+00	9.473972768532528121e-01
2.462462462462462476e-01	4.446107530186129253e+00	-1.496195759999999986e+00	9.800309631870904870e-01
2.472472472472472538e-01	4.445986912305751382e+00	-1.321364280000000058e+00	8.168625315179022239e-01
2.482482482482482600e-01	4.441955606901808018e+00	-1.088255640000000080e+00	4.905256681795260310e-01
2.492492492492492384e-01	4.436487697151683562e+00	-7.062164799999999243e-01	2.294561775088249655e-01
2.502502502502502724e-01	4.431199741756076449e+00	-3.047516000000000114e-01	-1.621480584972264660e-01
2.512512512512512508e-01	4.424819112933312759e+00	1.679409199999999935e-01	-5.537522945032778976e-01
2.522522522522522292e-01	4.416251312927785833e+00	7.830887200000000714e-01	-1.173792334846192720e+00
2.532532532532532632e-01	4.407312603532684392e+00	1.488889879999999888e+00	-1.793832375189107875e+00
2.542542542542542416e-01	4.400444346291328301e+00	2.136413880000000098e+00	-2.577040847201210738e+00
2.552552552552552756e-01	4.396057863384719155e+00	2.388948239999999945e+00	-2.511773474533535389e+00
2.562562562562562540e-01	4.393981170186439300e+00	2.745086440000000128e+00	-3.490784064548663856e+00
2.572572572572572325e-01	4.393275493536783927e+00	2.576730200000000082e+00	-2.772842965204236343e+00
2.582582582582582664e-01	4.391695024221072607e+00	2.732135959999999919e+00	-3.327615632879475704e+00
2.592592592592592449e-01	4.388606591007432556e+00	2.680334040000000417e+00	-3.099179828542612647e+00
2.602602602602602788e-01	4.385948057792189658e+00	2.686809280000000300e+00	-3.131813514876450544e+00
2.612612612612612573e-01	4.385111803406806175e+00	1.955107160000000066e+00	-2.152802924861321632e+00
2.622622622622622357e-01	4.385916363416575869e+00	1.139226920000000032e+00	-1.924367120524458352e+00
2.632632632632632697e-01	4.389004190363294811e+00	2.715447599999999961e-01	-7.169207261724660496e-01
2.642642642642642481e-01	4.395198917818619044e+00	-3.047516000000000114e-01	-1.947817448310640853e-01
2.652652652652652820e-01	4.403435228849660099e+00	-7.968698400000000515e-01	1.315551185073121632e-01
2.662662662662662605e-01	4.412298208180663650e+00	-1.191859479999999971e+00	6.210604135148766192e-01
2.672672672672672389e-01	4.421682816858078624e+00	-1.373166200000000226e+00	8.168625315179022239e-01
2.682682682682682729e-01	4.431727714095944570e+00	-1.535047200000000167e+00	9.473972768532528121e-01
2.692692692692692513e-01	4.440783028828970913e+00	-1.599799600000000099e+00	1.012664649520927940e+00
2.702702702702702853e-01	4.446086299329199854e+00	-1.554472920000000258e+00	1.012664649520927940e+00
2.712712712712712637e-01	4.446769170353618073e+00	-1.483245280000000221e+00	9.147635905194151373e-01
2.722722722722722422e-01	4.444213355318266778e+00	-1.334314760000000266e+00	8.168625315179022239e-01
2.732732732732732761e-01	4.440260724167304218e+00	-1.088255640000000080e+00	4.905256681795260310e-01
2.742742742742742545e-01	4.436074301571391487e+00	-6.997412400000000421e-01	2.620898638426626404e-01
2.752752752752752885e-01	4.431507488267037331e+00	-3.177020799999999978e-01	-1.621480584972264660e-01
2.762762762762762669e-01	4.425727621683064328e+00	1.873666400000000010e-01	-5.863859808371156834e-01
2.772772772772773009e-01	4.418608782886133568e+00	7.960392000000000579e-01	-1.173792334846192720e+00
2.782782782782782793e-01	4.410638500913160343e+00	1.482414640000000006e+00	-1.761198688855269978e+00
2.792792792792792578e-01	4.402718888627683569e+00	2.149364359999999863e+00	-2.642308219868886088e+00
2.802802802802802917e-01	4.396939211528730240e+00	2.401898720000000154e+00	-2.479139788199697936e+00
2.812812812812812702e-01	4.394703554807360746e+00	2.738611200000000245e+00	-3.458150378214826404e+00
2.822822822822823041e-01	4.393861417020814564e+00	2.576730200000000082e+00	-2.838110337871911693e+00
2.832832832832832826e-01	4.391777017598146315e+00	2.738611200000000245e+00	-3.327615632879475704e+00
2.842842842842842610e-01	4.389227834538452555e+00	2.680334040000000417e+00	-3.066546142208775194e+00
2.852852852852852950e-01	4.387242779198436970e+00	2.686809280000000300e+00	-3.099179828542612647e+00
2.862862862862862734e-01	4.385816551315874001e+00	1.922730959999999989e+00	-2.152802924861321632e+00
2.872872872872873073e-01	4.386429595900718681e+00	1.132751680000000150e+00	-1.957000806858295805e+00
2.882882882882882858e-01	4.390008947386956351e+00	2.391685600000000023e-01	-7.495544125063037244e-01
2.892892892892892642e-01	4.395842934086733322e+00	-2.918011200000000249e-01	-2.274154311649017046e-01
2.902902902902902982e-01	4.403392782237583347e+00	-8.098203199999999269e-01	1.968224911749873740e-01
2.912912912912912766e-01	4.412102655237188031e+00	-1.191859479999999971e+00	6.210604135148766192e-01
2.922922922922923106e-01	4.421769094936752076e+00	-1.379641440000000108e+00	7.842288451840646601e-01
2.932932932932932890e-01	4.432257015488683116e+00	-1.528571960000000063e+00	1.012664649520927940e+00
2.942942942942942675e-01	4.441144162398878770e+00	-1.619225319999999968e+00	9.800309631870904870e-01
2.952952952952953014e-01	4.445615110205859644e+00	-1.547997679999999932e+00	1.077932022188603289e+00
2.962962962962962798e-01	4.446188801715237560e+00	-1.489720520000000104e+00	9.147635905194151373e-01
2.972972972972973138e-01	4.444838477805832078e+00	-1.347265240000000031e+00	8.168625315179022239e-01
2.982982982982982922e-01	4.442545446997814729e+00	-1.075305160000000093e+00	5.231593545133637058e-01
2.992992992992992707e-01	4.439485599208301991e+00	-7.126917200000000285e-01	2.294561775088249655e-01
3.003003003003003046e-01	4.434270273089890857e+00	-3.112268400000000046e-01	-6.424699949571360813e-02
3.013013013013012831e-01	4.425543599120788762e+00	1.744161599999999868e-01	-5.863859808371156834e-01
3.023023023023023170e-01	4.415638104286030874e+00	7.895639599999999536e-01	-1.206426021180030395e+00
3.033033033033032955e-01	4.408331338649909448e+00	1.462988919999999915e+00	-1.728565002521432525e+00
3.043043043043043294e-01	4.403562133097654652e+00	2.142889119999999981e+00	-2.642308219868886088e+00
3.053053053053053079e-01	4.399257231652332401e+00	2.395423479999999827e+00	-2.479139788199697936e+00
3.063063063063062863e-01	4.395960188307116212e+00	2.725660720000000481e+00	-3.425516691880988951e+00
3.073073073073073203e-01	4.394805789990502198e+00	2.570254960000000199e+00	-2.870744024205749145e+00
3.083083083083082987e-01	4.394266592717952946e+00	2.732135959999999919e+00	-3.262348260211800355e+00
3.093093093093093326e-01	4.392116197185036874e+00	2.660908319999999883e+00	-3.066546142208775194e+00
3.103103103103103111e-01	4.388612159007111657e+00	2.680334040000000417e+00	-3.131813514876450544e+00
3.113113113113112895e-01	4.385941821923817763e+00	1.942156679999999858e+00	-2.087535552193646726e+00
3.123123123123123235e-01	4.385760007087296408e+00	1.119801199999999941e+00	-1.891733434190620455e+00
3.133133133133133019e-01	4.388878027382323133e+00	2.521190400000000165e-01	-7.169207261724660496e-01
3.143143143143143359e-01	4.395145665439119220e+00	-3.047516000000000114e-01	-1.621480584972264660e-01
3.153153153153153143e-01	4.403362188218479467e+00	-8.162955600000000311e-01	9.892143217347457163e-02
3.163163163163162928e-01	4.412774078786942944e+00	-1.217760439999999944e+00	6.210604135148766192e-01
3.173173173173173267e-01	4.423083579056005021e+00	-1.386116680000000212e+00	7.842288451840646601e-01
3.183183183183183051e-01	4.433107519987117051e+00	-1.541522440000000271e+00	1.012664649520927940e+00
3.193193193193193391e-01	4.440815050571297107e+00	-1.612750080000000308e+00	9.800309631870904870e-01
3.203203203203203175e-01	4.444858792244713364e+00	-1.547997679999999932e+00	9.473972768532528121e-01
3.213213213213212960e-01	4.446012633131602776e+00	-1.502671000000000090e+00	9.473972768532528121e-01
3.223223223223223299e-01	4.446016814784663040e+00	-1.347265240000000031e+00	8.168625315179022239e-01
3.233233233233233084e-01	4.444767925757060922e+00	-1.088255640000000080e+00	5.231593545133637058e-01
3.243243243243243423e-01	4.440699094165285743e+00	-7.062164799999999243e-01	2.620898638426626404e-01
3.253253253253253208e-01	4.433656900566095516e+00	-3.436030400000000262e-01	-1.295143721633888190e-01
3.263263263263262992e-01	4.425447846698761012e+00	1.744161599999999868e-01	-5.211186081694403338e-01
3.273273273273273332e-01	4.417932216099431209e+00	8.025144400000000511e-01	-1.108524962178517592e+00
3.283283283283283116e-01	4.411037779944573245e+00	1.462988919999999915e+00	-1.728565002521432525e+00
3.293293293293293456e-01	4.403792521618969502e+00	2.104037679999999799e+00	-2.609674533535048635e+00
3.303303303303303240e-01	4.397332378614163595e+00	2.382473000000000063e+00	-2.511773474533535389e+00
3.313313313313313024e-01	4.393956456225565965e+00	2.719185480000000155e+00	-3.425516691880988951e+00
3.323323323323323364e-01	4.393612201766408987e+00	2.557304479999999991e+00	-2.870744024205749145e+00
3.333333333333333148e-01	4.393513265237893428e+00	2.719185480000000155e+00	-3.294981946545638252e+00
3.343343343343343488e-01	4.391166314409328919e+00	2.654433080000000444e+00	-3.033912455874937741e+00
3.353353353353353272e-01	4.387608657100189546e+00	2.673858800000000091e+00	-3.099179828542612647e+00
3.363363363363363057e-01	4.386143863363194839e+00	1.929206199999999871e+00	-2.120169238527484179e+00
3.373373373373373396e-01	4.387516213429667467e+00	1.113325960000000059e+00	-1.924367120524458352e+00
3.383383383383383181e-01	4.390288372381506043e+00	2.585942800000000097e-01	-6.516533535047908110e-01
3.393393393393393520e-01	4.394811839020380972e+00	-3.241773200000000466e-01	-2.274154311649017046e-01
3.403403403403403304e-01	4.402225275652832615e+00	-8.162955600000000311e-01	2.294561775088249655e-01
3.413413413413413644e-01	4.412184475527131333e+00	-1.217760439999999944e+00	6.210604135148766192e-01
3.423423423423423428e-01	4.423476576871481214e+00	-1.379641440000000108e+00	8.168625315179022239e-01
3.433433433433433213e-01	4.434469899675112181e+00	-1.541522440000000271e+00	9.473972768532528121e-01
3.443443443443443552e-01	4.442939397963564296e+00	-1.599799600000000099e+00	1.045298335854765615e+00
3.453453453453453337e-01	4.447310382534997331e+00	-1.554472920000000258e+00	1.045298335854765615e+00
3.463463463463463676e-01	4.447927948700191259e+00	-1.483245280000000221e+00	9.473972768532528121e-01
3.473473473473473461e-01	4.445835646522501072e+00	-1.353740480000000357e+00	8.821299041855775735e-01
3.483483483483483245e-01	4.442024305541578677e+00	-1.075305160000000093e+00	4.905256681795260310e-01
3.493493493493493585e-01	4.437661802588237947e+00	-7.191669600000000218e-01	2.947235501765002597e-01
3.503503503503503369e-01	4.433148908552738021e+00	-3.241773200000000466e-01	-1.621480584972264660e-01
3.513513513513513709e-01	4.427962011255672792e+00	1.549904400000000071e-01	-5.537522945032778976e-01
3.523523523523523493e-01	4.421214722105446526e+00	7.766134800000000782e-01	-1.141158648512355045e+00
3.533533533533533277e-01	4.412371771058069214e+00	1.443563199999999824e+00	-1.793832375189107875e+00
3.543543543543543617e-01	4.403005297053375955e+00	2.116988160000000008e+00	-2.609674533535048635e+00
3.553553553553553401e-01	4.396850532534711142e+00	2.363047279999999972e+00	-2.479139788199697936e+00
3.563563563563563741e-01	4.395397297613111931e+00	2.706235000000000390e+00	-3.425516691880988951e+00
3.573573573573573525e-01	4.395169287129626845e+00	2.550829240000000553e+00	-2.772842965204236343e+00
3.583583583583583310e-01	4.393182640347033541e+00	2.706235000000000390e+00	-3.229714573877962902e+00
3.593593593593593649e-01	4.390669202608167510e+00	2.635007360000000354e+00	-3.033912455874937741e+00
3.603603603603603434e-01	4.388987920487667616e+00	2.647957840000000118e+00	-3.066546142208775194e+00
3.613613613613613773e-01	4.388405804236818142e+00	1.916255719999999885e+00	-2.087535552193646726e+00
3.623623623623623557e-01	4.389607523154100299e+00	1.100375480000000072e+00	-1.924367120524458352e+00
3.633633633633633342e-01	4.392268236678585680e+00	2.326933200000000090e-01	-7.495544125063037244e-01
3.643643643643643681e-01	4.395939115023965726e+00	-3.047516000000000114e-01	-2.274154311649017046e-01
3.653653653653653466e-01	4.402302191304522161e+00	-8.162955600000000311e-01	6.628774583963688294e-02
3.663663663663663805e-01	4.412529419509760409e+00	-1.211285200000000062e+00	6.536940998487140719e-01
3.673673673673673590e-01	4.424380640383747121e+00	-1.379641440000000108e+00	7.842288451840646601e-01
3.683683683683683929e-01	4.434618381495234907e+00	-1.547997679999999932e+00	9.473972768532528121e-01
3.693693693693693714e-01	4.441619878387631282e+00	-1.599799600000000099e+00	9.473972768532528121e-01
3.703703703703703498e-01	4.445238192201762750e+00	-1.560948160000000140e+00	1.012664649520927940e+00
3.713713713713713838e-01	4.446577448344818606e+00	-1.509146240000000194e+00	9.473972768532528121e-01
3.723723723723723622e-01	4.446411330683604390e+00	-1.353740480000000357e+00	8.168625315179022239e-01
3.733733733733733962e-01	4.443919628380920805e+00	-1.094730879999999962e+00	5.231593545133637058e-01
3.743743743743743746e-01	4.438788954244467178e+00	-7.126917200000000285e-01	2.620898638426626404e-01
3.753753753753753530e-01	4.432327381600635441e+00	-3.371277999999999775e-01	-9.688068582955121355e-02
3.763763763763763870e-01	4.425641549736420544e+00	1.549904400000000071e-01	-5.211186081694403338e-01
3.773773773773773654e-01	4.418394072969628716e+00	7.571877599999999875e-01	-1.141158648512355045e+00
3.783783783783783994e-01	4.410112990779697206e+00	1.443563199999999824e+00	-1.761198688855269978e+00
3.793793793793793778e-01	4.402350899363245418e+00	2.116988160000000008e+00	-2.609674533535048635e+00
3.803803803803803563e-01	4.397669277986542724e+00	2.337146319999999999e+00	-2.479139788199697936e+00
3.813813813813813902e-01	4.396289844880625353e+00	2.699759760000000064e+00	-3.392883005547151054e+00
3.823823823823823687e-01	4.395861016416492184e+00	2.524928280000000136e+00	-2.772842965204236343e+00
3.833833833833834026e-01	4.394336242441182705e+00	2.686809280000000300e+00	-3.229714573877962902e+00
3.843843843843843811e-01	4.391554569444235057e+00	2.615581640000000263e+00	-3.066546142208775194e+00
3.853853853853853595e-01	4.388700959524092227e+00	2.647957840000000118e+00	-3.066546142208775194e+00
3.863863863863863934e-01	4.387420006512769532e+00	1.909780479999999780e+00	-2.022268179525970933e+00
3.873873873873873719e-01	4.388502975981663390e+00	1.093900239999999968e+00	-1.826466061522945328e+00
3.883883883883884058e-01	4.391443168177722178e+00	2.456437999999999955e-01	-6.516533535047908110e-01
3.893893893893893843e-01	4.396162515583202257e+00	-3.371277999999999775e-01	-2.274154311649017046e-01
3.903903903903903627e-01	4.403220267454526216e+00	-8.227708000000000244e-01	1.315551185073121632e-01
3.913913913913913967e-01	4.412293563326775470e+00	-1.230710920000000153e+00	6.863277861825517467e-01
3.923923923923923751e-01	4.422206318274191084e+00	-1.386116680000000212e+00	7.515951588502269853e-01
3.933933933933934091e-01	4.431628340884559591e+00	-1.541522440000000271e+00	1.012664649520927940e+00
3.943943943943943875e-01	4.439529692587171006e+00	-1.612750080000000308e+00	9.800309631870904870e-01
3.953953953953953659e-01	4.445014472591664934e+00	-1.554472920000000258e+00	1.077932022188603289e+00
3.963963963963963999e-01	4.447074842949351847e+00	-1.496195759999999986e+00	9.800309631870904870e-01
3.973973973973973783e-01	4.445725556375642817e+00	-1.347265240000000031e+00	9.147635905194151373e-01
3.983983983983984123e-01	4.442189091124316036e+00	-1.088255640000000080e+00	4.905256681795260310e-01
3.993993993993993907e-01	4.437272831693245045e+00	-7.126917200000000285e-01	2.947235501765002597e-01
4.004004004004003692e-01	4.431340589947413200e+00	-3.371277999999999775e-01	-9.688068582955121355e-02
4.014014014014014031e-01	4.425387794193269997e+00	1.355647199999999997e-01	-5.537522945032778976e-01
4.024024024024023816e-01	4.419354516706608393e+00	7.507125199999999943e-01	-1.141158648512355045e+00
4.034034034034034155e-01	4.411478935730073658e+00	1.430612719999999838e+00	-1.793832375189107875e+00
4.044044044044043940e-01	4.402593161173804504e+00	2.091087200000000035e+00	-2.642308219868886088e+00
4.054054054054054279e-01	4.396418207266388656e+00	2.330671080000000117e+00	-2.413872415532022586e+00
4.064064064064064064e-01	4.393875830280285832e+00	2.686809280000000300e+00	-3.360249319213313601e+00
4.074074074074073848e-01	4.392801586058467933e+00	2.511977800000000371e+00	-2.805476651538073796e+00
4.084084084084084187e-01	4.391850959635260843e+00	2.686809280000000300e+00	-3.262348260211800355e+00
4.094094094094093972e-01	4.390253336565787201e+00	2.615581640000000263e+00	-3.001278769541099845e+00
4.104104104104104311e-01	4.387626851502821168e+00	2.635007360000000354e+00	-3.033912455874937741e+00
4.114114114114114096e-01	4.385741502693432103e+00	1.883879520000000030e+00	-2.120169238527484179e+00
4.124124124124123880e-01	4.386560286326908198e+00	1.093900239999999968e+00	-1.859099747856782781e+00
4.134134134134134220e-01	4.390270092524145795e+00	2.132676000000000016e-01	-6.190196671709531362e-01
4.144144144144144004e-01	4.396347430084955654e+00	-3.241773200000000466e-01	-1.621480584972264660e-01
4.154154154154154344e-01	4.403573670896628656e+00	-8.357212800000000108e-01	1.968224911749873740e-01
4.164164164164164128e-01	4.411454055111273753e+00	-1.230710920000000153e+00	6.536940998487140719e-01
4.174174174174173912e-01	4.421258973275156379e+00	-1.392591920000000094e+00	8.168625315179022239e-01
4.184184184184184252e-01	4.432298698526461855e+00	-1.554472920000000258e+00	1.012664649520927940e+00
4.194194194194194036e-01	4.441514937419795750e+00	-1.619225319999999968e+00	1.012664649520927940e+00
4.204204204204204376e-01	4.446849967534965309e+00	-1.560948160000000140e+00	1.045298335854765615e+00
4.214214214214214160e-01	4.447819694970810644e+00	-1.502671000000000090e+00	9.473972768532528121e-01
4.224224224224223945e-01	4.445751205092116187e+00	-1.360215720000000017e+00	9.147635905194151373e-01
4.234234234234234284e-01	4.442425577601889053e+00	-1.107681359999999948e+00	4.905256681795260310e-01
4.244244244244244069e-01	4.437792510740709240e+00	-7.321174399999998972e-01	2.947235501765002597e-01
4.254254254254254408e-01	4.431685885350128196e+00	-3.436030400000000262e-01	-1.295143721633888190e-01
4.264264264264264193e-01	4.424753137481621579e+00	1.485152000000000139e-01	-5.211186081694403338e-01
4.274274274274273977e-01	4.417046257812748067e+00	7.442372800000001121e-01	-1.108524962178517592e+00
4.284284284284284317e-01	4.408912708943410586e+00	1.411186999999999969e+00	-1.728565002521432525e+00
4.294294294294294101e-01	4.401879376826469681e+00	2.091087200000000035e+00	-2.577040847201210738e+00
4.304304304304304440e-01	4.397395826960356580e+00	2.330671080000000117e+00	-2.446506101865860039e+00
4.314314314314314225e-01	4.395448662678938412e+00	2.680334040000000417e+00	-3.294981946545638252e+00
4.324324324324324564e-01	4.394520227260548140e+00	2.511977800000000371e+00	-2.772842965204236343e+00
4.334334334334334349e-01	4.393164014749110002e+00	2.680334040000000417e+00	-3.294981946545638252e+00
4.344344344344344133e-01	4.390672845677520364e+00	2.609106400000000381e+00	-3.033912455874937741e+00
4.354354354354354473e-01	4.387375598149642286e+00	2.628532120000000027e+00	-3.066546142208775194e+00
4.364364364364364257e-01	4.385687583970305781e+00	1.896830000000000016e+00	-2.087535552193646726e+00
4.374374374374374597e-01	4.387591106761999704e+00	1.080949760000000204e+00	-1.891733434190620455e+00
4.384384384384384381e-01	4.391846806610906206e+00	2.132676000000000016e-01	-6.190196671709531362e-01
4.394394394394394165e-01	4.397104604266540484e+00	-3.306525599999999843e-01	-1.621480584972264660e-01
4.404404404404404505e-01	4.404203570257630318e+00	-8.357212800000000108e-01	1.968224911749873740e-01
4.414414414414414289e-01	4.413407388455499181e+00	-1.230710920000000153e+00	6.210604135148766192e-01
4.424424424424424629e-01	4.423430061891214571e+00	-1.399067160000000198e+00	7.842288451840646601e-01
4.434434434434434413e-01	4.433203211157443313e+00	-1.560948160000000140e+00	9.800309631870904870e-01
4.444444444444444198e-01	4.441240193240362899e+00	-1.612750080000000308e+00	9.473972768532528121e-01
4.454454454454454537e-01	4.445324046413942298e+00	-1.567423400000000022e+00	1.045298335854765615e+00
4.464464464464464322e-01	4.445624360571608591e+00	-1.502671000000000090e+00	9.473972768532528121e-01
4.474474474474474661e-01	4.444802309458703249e+00	-1.353740480000000357e+00	8.494962178517398987e-01
4.484484484484484446e-01	4.443326996728480971e+00	-1.101206119999999844e+00	5.231593545133637058e-01
4.494494494494494230e-01	4.439157317653119605e+00	-7.321174399999998972e-01	3.273572365103378790e-01
4.504504504504504570e-01	4.432654482139127161e+00	-3.436030400000000262e-01	-6.424699949571360813e-02
4.514514514514514354e-01	4.425876745939272716e+00	1.549904400000000071e-01	-4.884849218356027145e-01
4.524524524524524693e-01	4.418696812250862749e+00	7.442372800000001121e-01	-1.141158648512355045e+00
4.534534534534534478e-01	4.410842516443535644e+00	1.404711760000000087e+00	-1.793832375189107875e+00
4.544544544544544262e-01	4.403552784856827884e+00	2.084611959999999709e+00	-2.577040847201210738e+00
4.554554554554554602e-01	4.398075060379873058e+00	2.330671080000000117e+00	-2.446506101865860039e+00
4.564564564564564386e-01	4.395466636076855949e+00	2.660908319999999883e+00	-3.360249319213313601e+00
4.574574574574574726e-01	4.395205862682284526e+00	2.505502560000000045e+00	-2.772842965204236343e+00
4.584584584584584510e-01	4.394728188050728512e+00	2.667383560000000209e+00	-3.197080887544125449e+00
4.594594594594594295e-01	4.392570643166544109e+00	2.602631160000000055e+00	-3.001278769541099845e+00
4.604604604604604634e-01	4.389681560960194240e+00	2.622056880000000589e+00	-3.099179828542612647e+00
4.614614614614614418e-01	4.387833205922214042e+00	1.890354760000000134e+00	-2.087535552193646726e+00
4.624624624624624758e-01	4.388081909764596666e+00	1.067999279999999995e+00	-1.859099747856782781e+00
4.634634634634634542e-01	4.390456964288356190e+00	2.132676000000000016e-01	-6.516533535047908110e-01
4.644644644644644327e-01	4.395199245159883361e+00	-3.371277999999999775e-01	-6.424699949571360813e-02
4.654654654654654666e-01	4.402869803372189139e+00	-8.357212800000000108e-01	1.968224911749873740e-01
4.664664664664664451e-01	4.412639764074667958e+00	-1.243661399999999917e+00	6.210604135148766192e-01
4.674674674674674790e-01	4.422786240367973853e+00	-1.399067160000000198e+00	8.168625315179022239e-01
4.684684684684684575e-01	4.432187117680264521e+00	-1.560948160000000140e+00	9.800309631870904870e-01
4.694694694694694914e-01	4.439746045826288068e+00	-1.625700560000000294e+00	9.800309631870904870e-01
4.704704704704704699e-01	4.444661032789019472e+00	-1.573898640000000126e+00	9.800309631870904870e-01
4.714714714714714483e-01	4.446869512280600567e+00	-1.502671000000000090e+00	9.800309631870904870e-01
4.724724724724724823e-01	4.446451062965938839e+00	-1.373166200000000226e+00	8.494962178517398987e-01
4.734734734734734607e-01	4.444041077327573142e+00	-1.094730879999999962e+00	5.557930408472013806e-01
4.744744744744744946e-01	4.439964075393075582e+00	-7.515431599999999879e-01	3.273572365103378790e-01
4.754754754754754731e-01	4.433815690274542476e+00	-3.565535200000000127e-01	-9.688068582955121355e-02
4.764764764764764515e-01	4.426078289431263357e+00	1.290894800000000064e-01	-4.558512355017650397e-01
4.774774774774774855e-01	4.417706326278231899e+00	7.312868000000000146e-01	-1.141158648512355045e+00
4.784784784784784639e-01	4.409662853181505859e+00	1.385286039999999996e+00	-1.728565002521432525e+00
4.794794794794794979e-01	4.403316359977974770e+00	2.071661479999999944e+00	-2.642308219868886088e+00
4.804804804804804763e-01	4.399097008450975288e+00	2.330671080000000117e+00	-2.413872415532022586e+00
4.814814814814814548e-01	4.396202960462863629e+00	2.660908319999999883e+00	-3.360249319213313601e+00
4.824824824824824887e-01	4.394435614667046686e+00	2.505502560000000045e+00	-2.740209278870398890e+00
4.834834834834834671e-01	4.393892088333020141e+00	2.660908319999999883e+00	-3.197080887544125449e+00
4.844844844844845011e-01	4.392824761467386985e+00	2.596155920000000172e+00	-2.968645083207262392e+00
4.854854854854854795e-01	4.389780057731092811e+00	2.615581640000000263e+00	-3.033912455874937741e+00
4.864864864864864580e-01	4.387078744132395514e+00	1.877404279999999925e+00	-2.022268179525970933e+00
4.874874874874874919e-01	4.387490673427049792e+00	1.067999279999999995e+00	-1.859099747856782781e+00
4.884884884884884704e-01	4.390547839577076061e+00	2.262180799999999881e-01	-5.863859808371156834e-01
4.894894894894895043e-01	4.395302744694790320e+00	-3.500782800000000750e-01	-1.621480584972264660e-01
4.904904904904904828e-01	4.402242657999822839e+00	-8.292460400000000176e-01	2.620898638426626404e-01
4.914914914914914612e-01	4.411773647772901263e+00	-1.250136640000000021e+00	6.863277861825517467e-01
4.924924924924924952e-01	4.423112815593974290e+00	-1.392591920000000094e+00	8.168625315179022239e-01
4.934934934934934736e-01	4.433934894236470470e+00	-1.560948160000000140e+00	1.012664649520927940e+00
4.944944944944945076e-01	4.441759161562131908e+00	-1.619225319999999968e+00	1.012664649520927940e+00
4.954954954954954860e-01	4.445913110341856544e+00	-1.567423400000000022e+00	1.012664649520927940e+00
4.964964964964965199e-01	4.447009574087593009e+00	-1.509146240000000194e+00	1.012664649520927940e+00
4.974974974974974984e-01	4.445554375391411739e+00	-1.360215720000000017e+00	8.494962178517398987e-01
4.984984984984984768e-01	4.442023946179645577e+00	-1.114156600000000052e+00	4.905256681795260310e-01
4.994994994994995108e-01	4.437401279848437241e+00	-7.450679199999999947e-01	3.273572365103378790e-01
5.005005005005005447e-01	4.432396728477197456e+00	-3.565535200000000127e-01	-1.621480584972264660e-01
5.015015015015015232e-01	4.426460997106092421e+00	1.290894800000000064e-01	-4.884849218356027145e-01
5.025025025025025016e-01	4.419037318481663590e+00	7.312868000000000146e-01	-1.108524962178517592e+00
5.035035035035034801e-01	4.410765758107047851e+00	1.391761279999999878e+00	-1.663297629853757176e+00
5.045045045045044585e-01	4.402603856563822582e+00	2.071661479999999944e+00	-2.544407160867373285e+00
5.055055055055055480e-01	4.396278648372244469e+00	2.291819639999999936e+00	-2.544407160867373285e+00
5.065065065065065264e-01	4.394128856165126606e+00	2.660908319999999883e+00	-3.360249319213313601e+00
5.075075075075075048e-01	4.395188472476230679e+00	2.492552079999999837e+00	-2.772842965204236343e+00
5.085085085085084833e-01	4.395340241515413915e+00	2.647957840000000118e+00	-3.262348260211800355e+00
5.095095095095094617e-01	4.392798685550752147e+00	2.583205440000000408e+00	-3.099179828542612647e+00
5.105105105105105512e-01	4.389019730943546804e+00	2.609106400000000381e+00	-3.066546142208775194e+00
5.115115115115115296e-01	4.386482341823014330e+00	1.877404279999999925e+00	-2.022268179525970933e+00
5.125125125125125081e-01	4.387259059250447457e+00	1.048573559999999905e+00	-1.826466061522945328e+00
5.135135135135134865e-01	4.390806907630513400e+00	2.067923600000000084e-01	-6.190196671709531362e-01
5.145145145145144649e-01	4.395780045682212922e+00	-3.241773200000000466e-01	-9.688068582955121355e-02
5.155155155155155544e-01	4.402957362848320955e+00	-8.486717599999999972e-01	1.968224911749873740e-01
5.165165165165165329e-01	4.412486877744452585e+00	-1.237186160000000035e+00	6.210604135148766192e-01
5.175175175175175113e-01	4.422747295598894013e+00	-1.405542400000000303e+00	7.842288451840646601e-01
5.185185185185184897e-01	4.432523635139224538e+00	-1.560948160000000140e+00	1.012664649520927940e+00
5.195195195195194682e-01	4.440728510394506223e+00	-1.625700560000000294e+00	1.012664649520927940e+00
5.205205205205205576e-01	4.446140236084949571e+00	-1.573898640000000126e+00	1.012664649520927940e+00
5.215215215215215361e-01	4.447704513079336230e+00	-1.515621480000000076e+00	9.473972768532528121e-01
5.225225225225225145e-01	4.445602880030103954e+00	-1.373166200000000226e+00	8.168625315179022239e-01
5.235235235235234930e-01	4.442230385116290314e+00	-1.107681359999999948e+00	5.231593545133637058e-01
5.245245245245244714e-01	4.438555837132934556e+00	-7.450679199999999947e-01	2.294561775088249655e-01
5.255255255255255609e-01	4.432972222155195929e+00	-3.565535200000000127e-01	-6.424699949571360813e-02
5.265265265265265393e-01	4.425339636769503926e+00	1.226142399999999993e-01	-5.211186081694403338e-01
5.275275275275275177e-01	4.417050628336763651e+00	7.312868000000000146e-01	-1.075891275844679917e+00
5.285285285285284962e-01	4.408812163973239606e+00	1.385286039999999996e+00	-1.695931316187594851e+00
5.295295295295294746e-01	4.401403172307174039e+00	2.045760519999999971e+00	-2.577040847201210738e+00
5.305305305305305641e-01	4.396576242063631845e+00	2.304770120000000144e+00	-2.446506101865860039e+00
5.315315315315315425e-01	4.394956097551215635e+00	2.647957840000000118e+00	-3.392883005547151054e+00
5.325325325325325210e-01	4.394520149031846401e+00	2.479601600000000072e+00	-2.740209278870398890e+00
5.335335335335334994e-01	4.393250188315266591e+00	2.628532120000000027e+00	-3.197080887544125449e+00
5.345345345345344779e-01	4.390656544516586379e+00	2.563779720000000317e+00	-3.099179828542612647e+00
5.355355355355355673e-01	4.387351121880427307e+00	2.596155920000000172e+00	-3.001278769541099845e+00
5.365365365365365458e-01	4.385785469164606987e+00	1.857978559999999835e+00	-2.054901865859808829e+00
5.375375375375375242e-01	4.387651790811133878e+00	1.035623080000000140e+00	-1.859099747856782781e+00
5.385385385385385026e-01	4.391275796606036508e+00	2.067923600000000084e-01	-7.169207261724660496e-01
5.395395395395394811e-01	4.395928620811079490e+00	-3.565535200000000127e-01	-1.621480584972264660e-01
5.405405405405405705e-01	4.403349967943198884e+00	-8.551469999999999905e-01	2.294561775088249655e-01
5.415415415415415490e-01	4.412875406270301504e+00	-1.243661399999999917e+00	6.863277861825517467e-01
5.425425425425425274e-01	4.422431842343713448e+00	-1.418492880000000067e+00	8.168625315179022239e-01
5.435435435435435059e-01	4.431716599715007199e+00	-1.580373880000000231e+00	1.012664649520927940e+00
5.445445445445444843e-01	4.439719558541107780e+00	-1.599799600000000099e+00	9.800309631870904870e-01
5.455455455455455738e-01	4.444739432095319742e+00	-1.554472920000000258e+00	1.110565708522440964e+00
5.465465465465465522e-01	4.446546478586077988e+00	-1.509146240000000194e+00	9.800309631870904870e-01
5.475475475475475307e-01	4.445614829663530720e+00	-1.360215720000000017e+00	8.494962178517398987e-01
5.485485485485485091e-01	4.442660345060406080e+00	-1.127107080000000039e+00	5.884267271810389444e-01
5.495495495495495986e-01	4.438212232462260154e+00	-7.580183999999999811e-01	3.273572365103378790e-01
5.505505505505505770e-01	4.432386852413629619e+00	-3.630287599999999504e-01	-9.688068582955121355e-02
5.515515515515515554e-01	4.425716604300383494e+00	1.031885200000000058e-01	-5.537522945032778976e-01
5.525525525525525339e-01	4.418460175982305671e+00	7.248115600000000214e-01	-1.108524962178517592e+00
5.535535535535535123e-01	4.410239385178117644e+00	1.365860319999999906e+00	-1.663297629853757176e+00
5.545545545545546018e-01	4.401894810474187736e+00	2.045760519999999971e+00	-2.577040847201210738e+00
5.555555555555555802e-01	4.395999501602183557e+00	2.304770120000000144e+00	-2.479139788199697936e+00
5.565565565565565587e-01	4.393942142623068925e+00	2.635007360000000354e+00	-3.327615632879475704e+00
5.575575575575575371e-01	4.394044304306040871e+00	2.473126360000000190e+00	-2.772842965204236343e+00
5.585585585585585155e-01	4.393824147137915581e+00	2.622056880000000589e+00	-3.262348260211800355e+00
5.595595595595596050e-01	4.391579287043254176e+00	2.563779720000000317e+00	-3.001278769541099845e+00
5.605605605605605835e-01	4.387430390162292859e+00	2.583205440000000408e+00	-3.001278769541099845e+00
5.615615615615615619e-01	4.384906635879760373e+00	1.832077599999999862e+00	-2.120169238527484179e+00
5.625625625625625403e-01	4.386602222297286247e+00	1.042098320000000022e+00	-1.859099747856782781e+00
5.635635635635635188e-01	4.390607921209222830e+00	1.808914000000000077e-01	-5.211186081694403338e-01
5.645645645645646082e-01	4.395455920173346520e+00	-3.500782800000000750e-01	-9.688068582955121355e-02
5.655655655655655867e-01	4.402381565599840840e+00	-8.551469999999999905e-01	2.294561775088249655e-01
5.665665665665665651e-01	4.411743046031331161e+00	-1.256611880000000125e+00	6.536940998487140719e-01
5.675675675675675436e-01	4.422219288361718625e+00	-1.412017640000000185e+00	7.842288451840646601e-01
5.685685685685685220e-01	4.432292618347599245e+00	-1.567423400000000022e+00	9.473972768532528121e-01
5.695695695695696115e-01	4.440290573916694683e+00	-1.612750080000000308e+00	1.012664649520927940e+00
5.705705705705705899e-01	4.444924746828347040e+00	-1.567423400000000022e+00	1.045298335854765615e+00
5.715715715715715683e-01	4.446678362034027998e+00	-1.515621480000000076e+00	9.800309631870904870e-01
5.725725725725725468e-01	4.446435988922378790e+00	-1.360215720000000017e+00	7.842288451840646601e-01
5.735735735735735252e-01	4.443807095286733677e+00	-1.114156600000000052e+00	5.231593545133637058e-01
5.745745745745746147e-01	4.438954450185232048e+00	-7.580183999999999811e-01	2.947235501765002597e-01
5.755755755755755931e-01	4.432901666476541713e+00	-3.630287599999999504e-01	-6.424699949571360813e-02
5.765765765765765716e-01	4.425460271282920743e+00	1.161389999999999922e-01	-4.884849218356027145e-01
5.775775775775775500e-01	4.416733607668115624e+00	7.183363200000001392e-01	-1.108524962178517592e+00
5.785785785785785285e-01	4.408526099270311249e+00	1.359385079999999801e+00	-1.663297629853757176e+00
5.795795795795796179e-01	4.401703141137974562e+00	2.058711000000000180e+00	-2.577040847201210738e+00
5.805805805805805964e-01	4.396499284908040650e+00	2.291819639999999936e+00	-2.413872415532022586e+00
5.815815815815815748e-01	4.394309660664932338e+00	2.622056880000000589e+00	-3.327615632879475704e+00
5.825825825825825532e-01	4.394431601238451890e+00	2.473126360000000190e+00	-2.674941906202723541e+00
5.835835835835835317e-01	4.393483419082687469e+00	2.622056880000000589e+00	-3.229714573877962902e+00
5.845845845845846211e-01	4.390428433002671937e+00	2.563779720000000317e+00	-3.001278769541099845e+00
5.855855855855855996e-01	4.387434529592058041e+00	2.576730200000000082e+00	-3.033912455874937741e+00
5.865865865865865780e-01	4.386406330611622550e+00	1.838552839999999744e+00	-2.054901865859808829e+00
5.875875875875875565e-01	4.387754469203799523e+00	1.022672600000000154e+00	-1.826466061522945328e+00
5.885885885885885349e-01	4.391124161157339501e+00	1.808914000000000077e-01	-6.516533535047908110e-01
5.895895895895896244e-01	4.396065498173332919e+00	-3.565535200000000127e-01	-1.621480584972264660e-01
5.905905905905906028e-01	4.402802563758498877e+00	-8.680974800000000879e-01	1.968224911749873740e-01
5.915915915915915813e-01	4.411951463704118837e+00	-1.243661399999999917e+00	6.863277861825517467e-01
5.925925925925925597e-01	4.422522481181135667e+00	-1.424968119999999949e+00	8.168625315179022239e-01
5.935935935935935381e-01	4.432105245170625096e+00	-1.573898640000000126e+00	1.012664649520927940e+00
5.945945945945946276e-01	4.439723129701273585e+00	-1.632175799999999954e+00	9.800309631870904870e-01
5.955955955955956060e-01	4.445004212787535103e+00	-1.586849120000000113e+00	1.012664649520927940e+00
5.965965965965965845e-01	4.446434412787658275e+00	-1.515621480000000076e+00	9.473972768532528121e-01
5.975975975975975629e-01	4.444473855484480929e+00	-1.366690960000000121e+00	8.821299041855775735e-01
5.985985985985985414e-01	4.441656457831017590e+00	-1.120631839999999935e+00	6.210604135148766192e-01
5.995995995995996308e-01	4.438102453405378789e+00	-7.644936400000000853e-01	3.273572365103378790e-01
6.006006006006006093e-01	4.432667753579292658e+00	-3.889297199999999788e-01	-3.161331316187596802e-02
6.016016016016015877e-01	4.425843541960981398e+00	1.031885200000000058e-01	-4.884849218356027145e-01
6.026026026026025662e-01	4.417778656217721256e+00	7.053858400000000417e-01	-1.075891275844679917e+00
6.036036036036035446e-01	4.408751182841549543e+00	1.359385079999999801e+00	-1.695931316187594851e+00
6.046046046046046341e-01	4.401521250746681879e+00	2.032810039999999763e+00	-2.511773474533535389e+00
6.056056056056056125e-01	4.398110934522039273e+00	2.272393919999999845e+00	-2.413872415532022586e+00
6.066066066066065909e-01	4.396865020752690256e+00	2.615581640000000263e+00	-3.294981946545638252e+00
6.076076076076075694e-01	4.395409240571532372e+00	2.460175879999999982e+00	-2.707575592536560993e+00
6.086086086086086588e-01	4.393387546685089795e+00	2.602631160000000055e+00	-3.229714573877962902e+00
6.096096096096096373e-01	4.391314501688894367e+00	2.550829240000000553e+00	-2.968645083207262392e+00
6.106106106106106157e-01	4.388799825609366323e+00	2.563779720000000317e+00	-2.968645083207262392e+00
6.116116116116115942e-01	4.385966767170295100e+00	1.838552839999999744e+00	-2.054901865859808829e+00
6.126126126126125726e-01	4.385513053506640446e+00	1.016197360000000049e+00	-1.859099747856782781e+00
6.136136136136136621e-01	4.389530051399604282e+00	1.808914000000000077e-01	-6.842870398386284858e-01
6.146146146146146405e-01	4.396439720320795885e+00	-3.630287599999999504e-01	-9.688068582955121355e-02
6.156156156156156189e-01	4.404443231447533691e+00	-8.551469999999999905e-01	2.620898638426626404e-01
6.166166166166165974e-01	4.413620257376239309e+00	-1.250136640000000021e+00	6.536940998487140719e-01
6.176176176176175758e-01	4.423472494533225330e+00	-1.418492880000000067e+00	7.842288451840646601e-01
6.186186186186186653e-01	4.432590881578748032e+00	-1.567423400000000022e+00	1.045298335854765615e+00
6.196196196196196437e-01	4.439909580768522268e+00	-1.638651040000000059e+00	9.800309631870904870e-01
6.206206206206206222e-01	4.444603377816024548e+00	-1.580373880000000231e+00	1.110565708522440964e+00
6.216216216216216006e-01	4.446038403891809487e+00	-1.515621480000000076e+00	9.473972768532528121e-01
6.226226226226225791e-01	4.444720518045691904e+00	-1.366690960000000121e+00	8.821299041855775735e-01
6.236236236236236685e-01	4.442173349279123329e+00	-1.127107080000000039e+00	5.231593545133637058e-01
6.246246246246246470e-01	4.438696023869372453e+00	-7.644936400000000853e-01	3.273572365103378790e-01
6.256256256256256254e-01	4.433307835505988947e+00	-3.824544800000000411e-01	-6.424699949571360813e-02
6.266266266266266038e-01	4.426217233765155967e+00	1.096637599999999990e-01	-4.558512355017650397e-01
6.276276276276275823e-01	4.418439405788656238e+00	7.118610800000001460e-01	-1.108524962178517592e+00
6.286286286286286717e-01	4.410097238701854216e+00	1.352909840000000141e+00	-1.630663943519919501e+00
6.296296296296296502e-01	4.401934803973595045e+00	2.019859559999999998e+00	-2.511773474533535389e+00
6.306306306306306286e-01	4.396351750994993424e+00	2.252968199999999754e+00	-2.348605042864347237e+00
6.316316316316316071e-01	4.394559307250148095e+00	2.609106400000000381e+00	-3.327615632879475704e+00
6.326326326326325855e-01	4.394582020715061432e+00	2.440750159999999891e+00	-2.674941906202723541e+00
6.336336336336336750e-01	4.393426587595508970e+00	2.609106400000000381e+00	-3.131813514876450544e+00
6.346346346346346534e-01	4.390509805485931949e+00	2.544354000000000227e+00	-2.936011396873424495e+00
6.356356356356356319e-01	4.387525871929913279e+00	2.563779720000000317e+00	-2.968645083207262392e+00
6.366366366366366103e-01	4.385767676235451162e+00	1.812651879999999993e+00	-2.022268179525970933e+00
6.376376376376375887e-01	4.386426891233978331e+00	1.016197360000000049e+00	-1.793832375189107875e+00
6.386386386386386782e-01	4.390692937781756733e+00	1.679409199999999935e-01	-6.516533535047908110e-01
6.396396396396396566e-01	4.397248780215444519e+00	-3.759792400000000478e-01	-1.295143721633888190e-01
6.406406406406406351e-01	4.404355847528425016e+00	-8.551469999999999905e-01	1.968224911749873740e-01
6.416416416416416135e-01	4.412870192860230745e+00	-1.263087120000000230e+00	6.863277861825517467e-01
6.426426426426425920e-01	4.422833911665727591e+00	-1.418492880000000067e+00	8.494962178517398987e-01
6.436436436436436814e-01	4.432100431630804138e+00	-1.586849120000000113e+00	1.012664649520927940e+00
6.446446446446446599e-01	4.439646684743271621e+00	-1.632175799999999954e+00	1.012664649520927940e+00
6.456456456456456383e-01	4.444950720300215430e+00	-1.593324360000000217e+00	1.045298335854765615e+00
6.466466466466466168e-01	4.446581652051075473e+00	-1.528571960000000063e+00	9.800309631870904870e-01
6.476476476476475952e-01	4.444799623948229694e+00	-1.366690960000000121e+00	8.168625315179022239e-01
6.486486486486486847e-01	4.441685822638391734e+00	-1.140057560000000025e+00	5.231593545133637058e-01
6.496496496496496631e-01	4.437874045969949499e+00	-7.644936400000000853e-01	3.926246091780131731e-01
6.506506506506506415e-01	4.432344325471629709e+00	-3.889297199999999788e-01	-6.424699949571360813e-02
6.516516516516516200e-01	4.425215507250064739e+00	1.031885200000000058e-01	-4.558512355017650397e-01
6.526526526526525984e-01	4.418017149196587390e+00	7.118610800000001460e-01	-1.141158648512355045e+00
6.536536536536536879e-01	4.411075087682736928e+00	1.333484120000000051e+00	-1.598030257186082048e+00
6.546546546546546663e-01	4.403759142700624629e+00	2.019859559999999998e+00	-2.511773474533535389e+00
6.556556556556556448e-01	4.397340871633879544e+00	2.233542480000000108e+00	-2.348605042864347237e+00
6.566566566566566232e-01	4.394071796638476357e+00	2.596155920000000172e+00	-3.327615632879475704e+00
6.576576576576576016e-01	4.393523935909947831e+00	2.427799679999999682e+00	-2.740209278870398890e+00
6.586586586586586911e-01	4.392854601678771509e+00	2.609106400000000381e+00	-3.131813514876450544e+00
6.596596596596596696e-01	4.390851061098510755e+00	2.531403520000000018e+00	-3.001278769541099845e+00
6.606606606606606480e-01	4.388936231752398776e+00	2.550829240000000553e+00	-2.968645083207262392e+00
6.616616616616616264e-01	4.388123649084570310e+00	1.819127120000000097e+00	-1.989634493192133702e+00
6.626626626626626049e-01	4.388572983374238845e+00	1.016197360000000049e+00	-1.826466061522945328e+00
6.636636636636636943e-01	4.391270242812116642e+00	1.808914000000000077e-01	-6.190196671709531362e-01
6.646646646646646728e-01	4.396343554429313905e+00	-3.759792400000000478e-01	-9.688068582955121355e-02
6.656656656656656512e-01	4.402717821646494833e+00	-8.616222399999999837e-01	1.641888048411497825e-01
6.666666666666666297e-01	4.411137322857534571e+00	-1.282512840000000320e+00	7.189614725163894215e-01
6.676676676676676081e-01	4.422048496768511860e+00	-1.412017640000000185e+00	8.168625315179022239e-01
6.686686686686686976e-01	4.432530256844802174e+00	-1.586849120000000113e+00	1.077932022188603289e+00
6.696696696696696760e-01	4.440142711999409464e+00	-1.638651040000000059e+00	1.012664649520927940e+00
6.706706706706706544e-01	4.444940994448793425e+00	-1.586849120000000113e+00	1.045298335854765615e+00
6.716716716716716329e-01	4.446899969701075150e+00	-1.528571960000000063e+00	9.800309631870904870e-01
6.726726726726726113e-01	4.446100864702501099e+00	-1.379641440000000108e+00	8.168625315179022239e-01
6.736736736736737008e-01	4.443461666631606022e+00	-1.120631839999999935e+00	5.231593545133637058e-01
6.746746746746746792e-01	4.439276237024317950e+00	-7.774441199999999608e-01	3.273572365103378790e-01
6.756756756756756577e-01	4.433079919880527520e+00	-3.889297199999999788e-01	-6.424699949571360813e-02
6.766766766766766361e-01	4.425537385328024875e+00	8.376279999999999837e-02	-4.558512355017650397e-01
6.776776776776777256e-01	4.418518582188942112e+00	6.859601199999999510e-01	-1.075891275844679917e+00
6.786786786786787040e-01	4.411923405309955193e+00	1.333484120000000051e+00	-1.695931316187594851e+00
6.796796796796796825e-01	4.404196727486949570e+00	2.000433839999999908e+00	-2.479139788199697936e+00
6.806806806806806609e-01	4.396947220371829168e+00	2.240017719999999990e+00	-2.381238729198184689e+00
6.816816816816816393e-01	4.393453921217782998e+00	2.589680680000000734e+00	-3.294981946545638252e+00
6.826826826826827288e-01	4.393364814995295298e+00	2.427799679999999682e+00	-2.707575592536560993e+00
6.836836836836837072e-01	4.393615203126999269e+00	2.596155920000000172e+00	-3.131813514876450544e+00
6.846846846846846857e-01	4.392199437848478105e+00	2.524928280000000136e+00	-2.936011396873424495e+00
6.856856856856856641e-01	4.389172275633074882e+00	2.544354000000000227e+00	-3.066546142208775194e+00
6.866866866866866426e-01	4.386883352938379943e+00	1.812651879999999993e+00	-1.989634493192133702e+00
6.876876876876877320e-01	4.388068829501689194e+00	9.838211600000000834e-01	-1.761198688855269978e+00
6.886886886886887105e-01	4.392345510360078364e+00	1.679409199999999935e-01	-6.516533535047908110e-01
6.896896896896896889e-01	4.397459722924194736e+00	-3.824544800000000411e-01	-1.295143721633888190e-01
6.906906906906906674e-01	4.403361000514002477e+00	-8.616222399999999837e-01	2.294561775088249655e-01
6.916916916916916458e-01	4.411635309199761323e+00	-1.282512840000000320e+00	6.536940998487140719e-01
6.926926926926927353e-01	4.422132288594726290e+00	-1.431443360000000053e+00	8.494962178517398987e-01
6.936936936936937137e-01	4.432607947445912799e+00	-1.593324360000000217e+00	1.045298335854765615e+00
6.946946946946946921e-01	4.440669493034357096e+00	-1.638651040000000059e+00	1.045298335854765615e+00
6.956956956956956706e-01	4.445649575359651884e+00	-1.586849120000000113e+00	1.012664649520927940e+00
6.966966966966966490e-01	4.447837268814521572e+00	-1.535047200000000167e+00	9.473972768532528121e-01
6.976976976976977385e-01	4.446789821215454630e+00	-1.379641440000000108e+00	8.821299041855775735e-01
6.986986986986987169e-01	4.443165578925062142e+00	-1.133582319999999921e+00	5.557930408472013806e-01
6.996996996996996954e-01	4.438615694185083171e+00	-7.839193599999999540e-01	3.926246091780131731e-01
7.007007007007006738e-01	4.433082791576471671e+00	-4.018802000000000207e-01	-3.161331316187596802e-02
7.017017017017016522e-01	4.426302619560869900e+00	9.671327999999999869e-02	-4.884849218356027145e-01
7.027027027027027417e-01	4.418797439719821085e+00	6.924353600000000553e-01	-1.043257589510842243e+00
7.037037037037037202e-01	4.410501609041729942e+00	1.307583159999999856e+00	-1.663297629853757176e+00
7.047047047047046986e-01	4.402520710605733356e+00	1.993958600000000025e+00	-2.511773474533535389e+00
7.057057057057056770e-01	4.397185564879504405e+00	2.233542480000000108e+00	-2.413872415532022586e+00
7.067067067067066555e-01	4.394867610675498248e+00	2.583205440000000408e+00	-3.262348260211800355e+00
7.077077077077077449e-01	4.394192899647337391e+00	2.414849199999999918e+00	-2.772842965204236343e+00
7.087087087087087234e-01	4.393499926700880742e+00	2.570254960000000199e+00	-3.197080887544125449e+00
7.097097097097097018e-01	4.391174362577897838e+00	2.518453040000000698e+00	-2.936011396873424495e+00
7.107107107107106803e-01	4.387613889302203418e+00	2.550829240000000553e+00	-3.001278769541099845e+00
7.117117117117116587e-01	4.385514876470862689e+00	1.806176639999999889e+00	-1.989634493192133702e+00
7.127127127127127482e-01	4.386661803324734876e+00	9.902964000000000766e-01	-1.793832375189107875e+00
7.137137137137137266e-01	4.390708823847455200e+00	1.549904400000000071e-01	-5.863859808371156834e-01
7.147147147147147050e-01	4.396587645728480709e+00	-3.889297199999999788e-01	-9.688068582955121355e-02
7.157157157157156835e-01	4.403676975468949983e+00	-8.810479599999999634e-01	2.294561775088249655e-01
7.167167167167166619e-01	4.412420310541905089e+00	-1.295463320000000085e+00	7.515951588502269853e-01
7.177177177177177514e-01	4.422709480807529125e+00	-1.418492880000000067e+00	8.494962178517398987e-01
7.187187187187187298e-01	4.432115438308244393e+00	-1.593324360000000217e+00	9.800309631870904870e-01
7.197197197197197083e-01	4.438563075662328217e+00	-1.645126280000000163e+00	9.800309631870904870e-01
7.207207207207206867e-01	4.442801496264290328e+00	-1.586849120000000113e+00	1.077932022188603289e+00
7.217217217217216652e-01	4.445680538526105785e+00	-1.522096720000000181e+00	9.800309631870904870e-01
7.227227227227227546e-01	4.445970985468157721e+00	-1.386116680000000212e+00	8.494962178517398987e-01
7.237237237237237331e-01	4.443157980289934805e+00	-1.127107080000000039e+00	5.884267271810389444e-01
7.247247247247247115e-01	4.438849588895395826e+00	-7.903945999999999472e-01	3.599909228441755538e-01
7.257257257257256899e-01	4.433612402815912290e+00	-3.824544800000000411e-01	-9.688068582955121355e-02
7.267267267267266684e-01	4.426554442476162698e+00	8.376279999999999837e-02	-4.884849218356027145e-01
7.277277277277277578e-01	4.418136437207916600e+00	6.924353600000000553e-01	-1.075891275844679917e+00
7.287287287287287363e-01	4.409593132269528759e+00	1.301107919999999973e+00	-1.565396570852244151e+00
7.297297297297297147e-01	4.401775337288374779e+00	1.968057640000000053e+00	-2.511773474533535389e+00
7.307307307307306932e-01	4.396530114588330207e+00	2.252968199999999754e+00	-2.315971356530509784e+00
7.317317317317316716e-01	4.394982720512342844e+00	2.570254960000000199e+00	-3.294981946545638252e+00
7.327327327327327611e-01	4.394852301017238005e+00	2.408373960000000036e+00	-2.674941906202723541e+00
7.337337337337337395e-01	4.393554640997174410e+00	2.570254960000000199e+00	-3.131813514876450544e+00
7.347347347347347180e-01	4.391218826369146733e+00	2.518453040000000698e+00	-3.001278769541099845e+00
7.357357357357356964e-01	4.388843204547331567e+00	2.537878760000000344e+00	-2.968645083207262392e+00
7.367367367367367859e-01	4.387097758643075274e+00	1.793226159999999902e+00	-1.989634493192133702e+00
7.377377377377377643e-01	4.386758396426498230e+00	9.643954399999999927e-01	-1.793832375189107875e+00
7.387387387387387427e-01	4.388694265891754043e+00	1.485152000000000139e-01	-6.516533535047908110e-01
7.397397397397397212e-01	4.393942416442904175e+00	-3.954049599999999165e-01	-9.688068582955121355e-02
7.407407407407406996e-01	4.402472465012764680e+00	-8.810479599999999634e-01	1.968224911749873740e-01
7.417417417417417891e-01	4.412304339986065749e+00	-1.276037599999999994e+00	7.189614725163894215e-01
7.427427427427427675e-01	4.421914836341902522e+00	-1.431443360000000053e+00	8.494962178517398987e-01
7.437437437437437460e-01	4.431274713779499663e+00	-1.580373880000000231e+00	1.012664649520927940e+00
7.447447447447447244e-01	4.439517320333057349e+00	-1.651601520000000045e+00	1.045298335854765615e+00
7.457457457457457028e-01	4.444616392273120553e+00	-1.586849120000000113e+00	1.077932022188603289e+00
7.467467467467467923e-01	4.445767847546577833e+00	-1.535047200000000167e+00	9.800309631870904870e-01
7.477477477477477708e-01	4.444285888242622384e+00	-1.386116680000000212e+00	8.494962178517398987e-01
7.487487487487487492e-01	4.441679881496365390e+00	-1.140057560000000025e+00	5.557930408472013806e-01
7.497497497497497276e-01	4.437945366511208967e+00	-7.839193599999999540e-01	4.252582955118507924e-01
7.507507507507507061e-01	4.432357421398411823e+00	-4.083554400000000140e-01	-6.424699949571360813e-02
7.517517517517517955e-01	4.425301319708120573e+00	8.376279999999999837e-02	-4.884849218356027145e-01
7.527527527527527740e-01	4.417944514777917497e+00	6.665344000000000824e-01	-1.075891275844679917e+00
7.537537537537537524e-01	4.410488892393138904e+00	1.294632679999999869e+00	-1.598030257186082048e+00
7.547547547547547309e-01	4.403345497855999824e+00	1.981008119999999817e+00	-2.511773474533535389e+00
7.557557557557557093e-01	4.398263164623800847e+00	2.240017719999999990e+00	-2.413872415532022586e+00
7.567567567567567988e-01	4.395789944695029483e+00	2.570254960000000199e+00	-3.229714573877962902e+00
7.577577577577577772e-01	4.394430861269110089e+00	2.414849199999999918e+00	-2.642308219868886088e+00
7.587587587587587556e-01	4.392995623342518918e+00	2.563779720000000317e+00	-3.197080887544125449e+00
7.597597597597597341e-01	4.391178059392573552e+00	2.505502560000000045e+00	-2.903377710539586598e+00
7.607607607607607125e-01	4.388881020002970423e+00	2.524928280000000136e+00	-2.968645083207262392e+00
7.617617617617618020e-01	4.386927444820772237e+00	1.780275679999999916e+00	-2.022268179525970933e+00
7.627627627627627804e-01	4.387090521347322358e+00	9.708706800000000969e-01	-1.728565002521432525e+00
7.637637637637637589e-01	4.390593271232015482e+00	1.744161599999999868e-01	-6.516533535047908110e-01
7.647647647647647373e-01	4.396929984041536343e+00	-4.018802000000000207e-01	-6.424699949571360813e-02
7.657657657657657158e-01	4.404630433671413492e+00	-8.875231999999999566e-01	2.294561775088249655e-01
7.667667667667668052e-01	4.413282984360459515e+00	-1.288988079999999981e+00	6.863277861825517467e-01
7.677677677677677837e-01	4.422958772217276291e+00	-1.437918600000000158e+00	8.168625315179022239e-01
7.687687687687687621e-01	4.432451545092950695e+00	-1.593324360000000217e+00	1.012664649520927940e+00
7.697697697697697405e-01	4.440295646150733688e+00	-1.664552000000000254e+00	1.012664649520927940e+00
7.707707707707707190e-01	4.445776669746593690e+00	-1.593324360000000217e+00	1.045298335854765615e+00
7.717717717717718084e-01	4.448417511063845531e+00	-1.528571960000000063e+00	9.800309631870904870e-01
7.727727727727727869e-01	4.447856368106506864e+00	-1.386116680000000212e+00	8.494962178517398987e-01
7.737737737737737653e-01	4.444239749462091105e+00	-1.133582319999999921e+00	5.557930408472013806e-01
7.747747747747747438e-01	4.438780161890789167e+00	-7.903945999999999472e-01	2.947235501765002597e-01
7.757757757757757222e-01	4.432748369543930700e+00	-3.954049599999999165e-01	-3.161331316187596802e-02
7.767767767767768117e-01	4.425921977295316445e+00	6.433707999999999094e-02	-4.232175491679274204e-01
7.777777777777777901e-01	4.418057090518296981e+00	6.794848799999999578e-01	-1.010623903177004790e+00
7.787787787787787686e-01	4.410111928639733669e+00	1.288157439999999765e+00	-1.630663943519919501e+00
7.797797797797797470e-01	4.403115450698068756e+00	1.968057640000000053e+00	-2.446506101865860039e+00
7.807807807807807254e-01	4.398231578697293642e+00	2.233542480000000108e+00	-2.348605042864347237e+00
7.817817817817818149e-01	4.396221296472369033e+00	2.570254960000000199e+00	-3.262348260211800355e+00
7.827827827827827933e-01	4.395833696011431257e+00	2.395423479999999827e+00	-2.642308219868886088e+00
7.837837837837837718e-01	4.394819336985759328e+00	2.563779720000000317e+00	-3.066546142208775194e+00
7.847847847847847502e-01	4.391992546593724178e+00	2.499027319999999719e+00	-3.001278769541099845e+00
7.857857857857857287e-01	4.388380006954495371e+00	2.511977800000000371e+00	-2.968645083207262392e+00
7.867867867867868181e-01	4.386492174880637585e+00	1.767325200000000152e+00	-2.022268179525970933e+00
7.877877877877877966e-01	4.387436530565062220e+00	9.514449600000001173e-01	-1.728565002521432525e+00
7.887887887887887750e-01	4.390717692811933581e+00	1.485152000000000139e-01	-5.537522945032778976e-01
7.897897897897897534e-01	4.396191297213444926e+00	-4.018802000000000207e-01	-6.424699949571360813e-02
7.907907907907907319e-01	4.403482818702170398e+00	-8.939984399999999498e-01	2.294561775088249655e-01
7.917917917917918214e-01	4.412350963532050585e+00	-1.288988079999999981e+00	6.210604135148766192e-01
7.927927927927927998e-01	4.423029197013859992e+00	-1.431443360000000053e+00	8.821299041855775735e-01
7.937937937937937782e-01	4.433764224312274571e+00	-1.586849120000000113e+00	9.800309631870904870e-01
7.947947947947947567e-01	4.441857067770343725e+00	-1.658076760000000149e+00	1.012664649520927940e+00
7.957957957957957351e-01	4.446359814127885279e+00	-1.593324360000000217e+00	1.110565708522440964e+00
7.967967967967968246e-01	4.447342110848299335e+00	-1.535047200000000167e+00	1.012664649520927940e+00
7.977977977977978030e-01	4.445553888889043570e+00	-1.386116680000000212e+00	8.494962178517398987e-01
7.987987987987987815e-01	4.442439885696803259e+00	-1.140057560000000025e+00	5.231593545133637058e-01
7.997997997997997599e-01	4.438630205936349604e+00	-7.903945999999999472e-01	3.599909228441755538e-01
8.008008008008007383e-01	4.433750331762896124e+00	-4.277811600000000491e-01	-6.424699949571360813e-02
8.018018018018018278e-01	4.427451481379681475e+00	5.786183999999999772e-02	-4.232175491679274204e-01
8.028028028028028062e-01	4.419699668978880780e+00	6.665344000000000824e-01	-1.043257589510842243e+00
8.038038038038037847e-01	4.411121125246426189e+00	1.294632679999999869e+00	-1.598030257186082048e+00
8.048048048048047631e-01	4.403130638303911937e+00	1.968057640000000053e+00	-2.413872415532022586e+00
8.058058058058058526e-01	4.397337738411736474e+00	2.227067239999999781e+00	-2.348605042864347237e+00
8.068068068068068310e-01	4.394487592376721707e+00	2.550829240000000553e+00	-3.294981946545638252e+00
8.078078078078078095e-01	4.393496697679123209e+00	2.382473000000000063e+00	-2.674941906202723541e+00
8.088088088088087879e-01	4.392661042505752178e+00	2.550829240000000553e+00	-3.131813514876450544e+00
8.098098098098097664e-01	4.391017623705597117e+00	2.486076839999999510e+00	-2.968645083207262392e+00
8.108108108108108558e-01	4.388845435622398483e+00	2.505502560000000045e+00	-2.968645083207262392e+00
8.118118118118118343e-01	4.387987867102747686e+00	1.767325200000000152e+00	-2.022268179525970933e+00
8.128128128128128127e-01	4.389311319327258154e+00	9.384944800000000198e-01	-1.695931316187594851e+00
8.138138138138137911e-01	4.391918372095970469e+00	1.485152000000000139e-01	-5.537522945032778976e-01
8.148148148148147696e-01	4.396186111990544099e+00	-4.083554400000000140e-01	-9.688068582955121355e-02
8.158158158158158590e-01	4.403146605074543807e+00	-8.939984399999999498e-01	3.926246091780131731e-01
8.168168168168168375e-01	4.412179996967000584e+00	-1.288988079999999981e+00	5.884267271810389444e-01
8.178178178178178159e-01	4.422173088635839022e+00	-1.450869080000000144e+00	9.147635905194151373e-01
8.188188188188187944e-01	4.432286142635859960e+00	-1.593324360000000217e+00	1.012664649520927940e+00
8.198198198198197728e-01	4.440639088227133158e+00	-1.645126280000000163e+00	9.800309631870904870e-01
8.208208208208208623e-01	4.445363005592980699e+00	-1.586849120000000113e+00	1.077932022188603289e+00
8.218218218218218407e-01	4.447142542186886871e+00	-1.541522440000000271e+00	9.800309631870904870e-01
8.228228228228228192e-01	4.447158333765798943e+00	-1.386116680000000212e+00	8.821299041855775735e-01
8.238238238238237976e-01	4.444855277208489497e+00	-1.146532799999999908e+00	5.557930408472013806e-01
8.248248248248247760e-01	4.440036610369169523e+00	-7.839193599999999540e-01	3.273572365103378790e-01
8.258258258258258655e-01	4.433675593661977388e+00	-4.018802000000000207e-01	-3.161331316187596802e-02
8.268268268268268439e-01	4.426608519634577021e+00	6.433707999999999094e-02	-4.232175491679274204e-01
8.278278278278278224e-01	4.418569061502578776e+00	6.600591600000000891e-01	-1.010623903177004790e+00
8.288288288288288008e-01	4.409754358705007427e+00	1.275206959999999778e+00	-1.630663943519919501e+00
8.298298298298297793e-01	4.402461822393811453e+00	1.961582399999999726e+00	-2.479139788199697936e+00
8.308308308308308687e-01	4.398017745106647780e+00	2.188215800000000044e+00	-2.250703983862834434e+00
8.318318318318318472e-01	4.395449318164278196e+00	2.537878760000000344e+00	-3.197080887544125449e+00
8.328328328328328256e-01	4.394128845770545411e+00	2.375997759999999737e+00	-2.707575592536560993e+00
8.338338338338338041e-01	4.393413991699605781e+00	2.524928280000000136e+00	-3.164447201210287997e+00
8.348348348348347825e-01	4.391562861041373722e+00	2.473126360000000190e+00	-2.870744024205749145e+00
8.358358358358358720e-01	4.388384147250938838e+00	2.499027319999999719e+00	-2.968645083207262392e+00
8.368368368368368504e-01	4.386593361286271531e+00	1.773800439999999812e+00	-1.924367120524458352e+00
8.378378378378378288e-01	4.387980678642684040e+00	9.320192400000000266e-01	-1.793832375189107875e+00
8.388388388388388073e-01	4.391376615360346847e+00	1.355647199999999997e-01	-6.190196671709531362e-01
8.398398398398397857e-01	4.396267690170750697e+00	-4.018802000000000207e-01	-3.161331316187596802e-02
8.408408408408408752e-01	4.403609874155411497e+00	-8.939984399999999498e-01	2.620898638426626404e-01
8.418418418418418536e-01	4.413021168570335107e+00	-1.295463320000000085e+00	7.189614725163894215e-01
8.428428428428428321e-01	4.423280652605734886e+00	-1.450869080000000144e+00	8.494962178517398987e-01
8.438438438438438105e-01	4.433012022844739164e+00	-1.593324360000000217e+00	9.473972768532528121e-01
8.448448448448447889e-01	4.440221278765849711e+00	-1.658076760000000149e+00	1.045298335854765615e+00
8.458458458458458784e-01	4.444348329885717597e+00	-1.593324360000000217e+00	1.045298335854765615e+00
8.468468468468468568e-01	4.446032768695081572e+00	-1.547997679999999932e+00	1.045298335854765615e+00
8.478478478478478353e-01	4.444993308931668885e+00	-1.392591920000000094e+00	8.821299041855775735e-01
8.488488488488488137e-01	4.441895462462163380e+00	-1.153008040000000012e+00	6.210604135148766192e-01
8.498498498498497922e-01	4.438150681913680451e+00	-8.033450799999999337e-01	3.599909228441755538e-01
8.508508508508508816e-01	4.433308080744733815e+00	-4.083554400000000140e-01	-6.424699949571360813e-02
8.518518518518518601e-01	4.426707428323723548e+00	5.138659999999999756e-02	-4.558512355017650397e-01
8.528528528528528385e-01	4.418715821173147873e+00	6.730096400000000756e-01	-1.043257589510842243e+00
8.538538538538538170e-01	4.410210479595757072e+00	1.262256480000000014e+00	-1.630663943519919501e+00
8.548548548548547954e-01	4.402785132717515815e+00	1.961582399999999726e+00	-2.446506101865860039e+00
8.558558558558558849e-01	4.397691177362620607e+00	2.175265319999999836e+00	-2.283337670196671887e+00
8.568568568568568633e-01	4.395035407411219452e+00	2.524928280000000136e+00	-3.229714573877962902e+00
8.578578578578578417e-01	4.393959420484223166e+00	2.356572039999999646e+00	-2.642308219868886088e+00
8.588588588588588202e-01	4.393065079604641987e+00	2.524928280000000136e+00	-3.066546142208775194e+00
8.598598598598597986e-01	4.391233269643599613e+00	2.460175879999999982e+00	-2.870744024205749145e+00
8.608608608608608881e-01	4.388382464284172002e+00	2.486076839999999510e+00	-2.936011396873424495e+00
8.618618618618618665e-01	4.386231268669633643e+00	1.760849959999999825e+00	-1.924367120524458352e+00
8.628628628628628450e-01	4.386666977678505219e+00	9.449697200000000130e-01	-1.761198688855269978e+00
8.638638638638638234e-01	4.389696985308605193e+00	1.355647199999999997e-01	-5.537522945032778976e-01
8.648648648648649129e-01	4.394951669194024468e+00	-4.083554400000000140e-01	-3.161331316187596802e-02
8.658658658658658913e-01	4.402340771064321423e+00	-9.004736800000000541e-01	2.947235501765002597e-01
8.668668668668668698e-01	4.411358374806561677e+00	-1.288988079999999981e+00	6.863277861825517467e-01
8.678678678678678482e-01	4.421702280615710912e+00	-1.437918600000000158e+00	9.147635905194151373e-01
8.688688688688688266e-01	4.432595830385930746e+00	-1.606274840000000204e+00	1.045298335854765615e+00
8.698698698698699161e-01	4.441760704068515864e+00	-1.664552000000000254e+00	1.012664649520927940e+00
8.708708708708708945e-01	4.446835567542606782e+00	-1.586849120000000113e+00	1.110565708522440964e+00
8.718718718718718730e-01	4.447574498597679060e+00	-1.547997679999999932e+00	9.473972768532528121e-01
8.728728728728728514e-01	4.445540473186798458e+00	-1.405542400000000303e+00	9.147635905194151373e-01
8.738738738738738299e-01	4.441978278332220142e+00	-1.153008040000000012e+00	5.557930408472013806e-01
8.748748748748749193e-01	4.437398591305234063e+00	-8.098203199999999269e-01	3.599909228441755538e-01
8.758758758758758978e-01	4.432105811051664013e+00	-4.213059199999999449e-01	-3.161331316187596802e-02
8.768768768768768762e-01	4.425654675140051175e+00	5.786183999999999772e-02	-3.905838628340898566e-01
8.778778778778778547e-01	4.417483069162810416e+00	6.600591600000000891e-01	-9.779902168431670040e-01
8.788788788788788331e-01	4.408915535007532860e+00	1.249306000000000250e+00	-1.598030257186082048e+00
8.798798798798799226e-01	4.402184004744038148e+00	1.955107160000000066e+00	-2.413872415532022586e+00
8.808808808808809010e-01	4.398150043776930751e+00	2.162314840000000071e+00	-2.315971356530509784e+00
8.818818818818818794e-01	4.396529505542944527e+00	2.518453040000000698e+00	-3.197080887544125449e+00
8.828828828828828579e-01	4.395846588306067559e+00	2.350096800000000208e+00	-2.642308219868886088e+00
8.838838838838838363e-01	4.393901528516337862e+00	2.505502560000000045e+00	-3.099179828542612647e+00
8.848848848848849258e-01	4.390324016886526515e+00	2.453700639999999655e+00	-2.870744024205749145e+00
8.858858858858859042e-01	4.386887805261487472e+00	2.473126360000000190e+00	-3.001278769541099845e+00
8.868868868868868827e-01	4.385617840240871423e+00	1.754374719999999943e+00	-1.957000806858295805e+00
8.878878878878878611e-01	4.387271284034087948e+00	9.190687600000001511e-01	-1.728565002521432525e+00
8.888888888888888395e-01	4.390941386918766121e+00	1.096637599999999990e-01	-5.863859808371156834e-01
8.898898898898899290e-01	4.396165911802687454e+00	-4.148306800000000072e-01	-6.424699949571360813e-02
8.908908908908909074e-01	4.403851344130817580e+00	-9.198994000000000337e-01	2.620898638426626404e-01
8.918918918918918859e-01	4.413504877957443284e+00	-1.288988079999999981e+00	7.515951588502269853e-01
8.928928928928928643e-01	4.423103416624753592e+00	-1.444393840000000040e+00	8.168625315179022239e-01
8.938938938938938428e-01	4.431884255749899637e+00	-1.599799600000000099e+00	1.045298335854765615e+00
8.948948948948949322e-01	4.439370513816599306e+00	-1.671027240000000136e+00	9.800309631870904870e-01
8.958958958958959107e-01	4.443940379628697812e+00	-1.612750080000000308e+00	1.077932022188603289e+00
8.968968968968968891e-01	4.445460106362480346e+00	-1.547997679999999932e+00	9.473972768532528121e-01
8.978978978978978676e-01	4.445223355849151403e+00	-1.392591920000000094e+00	8.494962178517398987e-01
8.988988988988988460e-01	4.442836779687540094e+00	-1.140057560000000025e+00	6.863277861825517467e-01
8.998998998998999355e-01	4.438014706095675166e+00	-8.033450799999999337e-01	3.599909228441755538e-01
9.009009009009009139e-01	4.432414616874424951e+00	-4.148306800000000072e-01	-3.161331316187596802e-02
9.019019019019018923e-01	4.426456880884399148e+00	3.843611999999999723e-02	-4.232175491679274204e-01
9.029029029029028708e-01	4.418953510020269704e+00	6.471086800000001027e-01	-1.010623903177004790e+00
9.039039039039038492e-01	4.410177029189962461e+00	1.249306000000000250e+00	-1.598030257186082048e+00
9.049049049049049387e-01	4.402252463505084812e+00	1.935681439999999975e+00	-2.446506101865860039e+00
9.059059059059059171e-01	4.397306071806839078e+00	2.168790079999999953e+00	-2.315971356530509784e+00
9.069069069069068956e-01	4.395484667549073521e+00	2.505502560000000045e+00	-3.197080887544125449e+00
9.079079079079078740e-01	4.394630793364972199e+00	2.350096800000000208e+00	-2.674941906202723541e+00
9.089089089089088525e-01	4.392574898849688658e+00	2.511977800000000371e+00	-3.033912455874937741e+00
9.099099099099099419e-01	4.389262848774619918e+00	2.447225399999999773e+00	-2.870744024205749145e+00
9.109109109109109204e-01	4.386692511526687710e+00	2.466651119999999864e+00	-2.870744024205749145e+00
9.119119119119118988e-01	4.386509800414453153e+00	1.741424239999999957e+00	-1.891733434190620455e+00
9.129129129129128772e-01	4.388096965249802750e+00	9.255440000000001444e-01	-1.761198688855269978e+00
9.139139139139138557e-01	4.390832571138535201e+00	1.096637599999999990e-01	-5.863859808371156834e-01
9.149149149149149451e-01	4.395588895392551265e+00	-4.277811600000000491e-01	1.020373171961676869e-03
9.159159159159159236e-01	4.402775923208750442e+00	-9.004736800000000541e-01	2.620898638426626404e-01
9.169169169169169020e-01	4.411959518053193641e+00	-1.295463320000000085e+00	7.189614725163894215e-01
9.179179179179178805e-01	4.422137559068558765e+00	-1.457344320000000248e+00	8.821299041855775735e-01
9.189189189189188589e-01	4.431697166427092327e+00	-1.599799600000000099e+00	1.045298335854765615e+00
9.199199199199199484e-01	4.439550236636874203e+00	-1.671027240000000136e+00	1.012664649520927940e+00
9.209209209209209268e-01	4.444935564610046796e+00	-1.606274840000000204e+00	1.045298335854765615e+00
9.219219219219219053e-01	4.447020337856759653e+00	-1.547997679999999932e+00	1.012664649520927940e+00
9.229229229229228837e-01	4.446130178722815351e+00	-1.405542400000000303e+00	8.821299041855775735e-01
9.239239239239238621e-01	4.443331933060028938e+00	-1.153008040000000012e+00	5.884267271810389444e-01
9.249249249249249516e-01	4.439105782741179063e+00	-7.903945999999999472e-01	4.252582955118507924e-01
9.259259259259259300e-01	4.433737953154294864e+00	-4.148306800000000072e-01	-3.161331316187596802e-02
9.269269269269269085e-01	4.427367152436415765e+00	3.196087999999999707e-02	-3.905838628340898566e-01
9.279279279279278869e-01	4.419718248697134477e+00	6.406334400000001095e-01	-1.010623903177004790e+00
9.289289289289288654e-01	4.411151522101193656e+00	1.242830760000000145e+00	-1.598030257186082048e+00
9.299299299299299548e-01	4.403031538602989237e+00	1.922730959999999989e+00	-2.479139788199697936e+00
9.309309309309309333e-01	4.397239686226393829e+00	2.155839599999999745e+00	-2.250703983862834434e+00
9.319319319319319117e-01	4.395063610864004211e+00	2.499027319999999719e+00	-3.164447201210287997e+00
9.329329329329328901e-01	4.394890969366278988e+00	2.337146319999999999e+00	-2.577040847201210738e+00
9.339339339339339796e-01	4.393485808432332718e+00	2.505502560000000045e+00	-3.066546142208775194e+00
9.349349349349349581e-01	4.390277244636838994e+00	2.453700639999999655e+00	-2.903377710539586598e+00
9.359359359359359365e-01	4.387502598724985603e+00	2.466651119999999864e+00	-2.968645083207262392e+00
9.369369369369369149e-01	4.386854092678795780e+00	1.728473759999999970e+00	-1.924367120524458352e+00
9.379379379379378934e-01	4.388180020486462496e+00	9.125935200000000469e-01	-1.728565002521432525e+00
9.389389389389389828e-01	4.391097843409738744e+00	9.671327999999999869e-02	-5.211186081694403338e-01
9.399399399399399613e-01	4.395953187634030535e+00	-4.472068799999999733e-01	-9.688068582955121355e-02
9.409409409409409397e-01	4.403349063606791347e+00	-9.069489200000000473e-01	2.947235501765002597e-01
9.419419419419419182e-01	4.413036131087138436e+00	-1.295463320000000085e+00	6.536940998487140719e-01
9.429429429429428966e-01	4.423451576988325584e+00	-1.444393840000000040e+00	9.147635905194151373e-01
9.439439439439439861e-01	4.433236750280641125e+00	-1.612750080000000308e+00	1.045298335854765615e+00
9.449449449449449645e-01	4.441129253878667527e+00	-1.664552000000000254e+00	1.012664649520927940e+00
9.459459459459459429e-01	4.445494069043112617e+00	-1.612750080000000308e+00	1.077932022188603289e+00
9.469469469469469214e-01	4.446268481644675141e+00	-1.528571960000000063e+00	1.045298335854765615e+00
9.479479479479478998e-01	4.444584989990353563e+00	-1.392591920000000094e+00	8.821299041855775735e-01
9.489489489489489893e-01	4.441245920511527778e+00	-1.165958519999999998e+00	5.884267271810389444e-01
9.499499499499499677e-01	4.436945790114569022e+00	-8.098203199999999269e-01	3.273572365103378790e-01
9.509509509509509462e-01	4.431951486919733618e+00	-4.277811600000000491e-01	1.020373171961676869e-03
9.519519519519519246e-01	4.425981543761007941e+00	3.843611999999999723e-02	-3.579501765002521818e-01
9.529529529529529031e-01	4.418305016345217773e+00	6.471086800000001027e-01	-1.010623903177004790e+00
9.539539539539539925e-01	4.409079835332196495e+00	1.236355520000000041e+00	-1.565396570852244151e+00
9.549549549549549710e-01	4.401588422930873712e+00	1.935681439999999975e+00	-2.413872415532022586e+00
9.559559559559559494e-01	4.398510084067735804e+00	2.155839599999999745e+00	-2.283337670196671887e+00
9.569569569569569278e-01	4.397608338379785486e+00	2.499027319999999719e+00	-3.197080887544125449e+00
9.579579579579579063e-01	4.396031112526181062e+00	2.337146319999999999e+00	-2.577040847201210738e+00
9.589589589589589957e-01	4.393878601317549482e+00	2.499027319999999719e+00	-3.066546142208775194e+00
9.599599599599599742e-01	4.391365897564650567e+00	2.434274920000000009e+00	-2.870744024205749145e+00
9.609609609609609526e-01	4.388455601906991355e+00	2.460175879999999982e+00	-2.968645083207262392e+00
9.619619619619619311e-01	4.386709230820849292e+00	1.721998519999999866e+00	-1.924367120524458352e+00
9.629629629629629095e-01	4.387087341088425241e+00	9.061182800000000537e-01	-1.728565002521432525e+00
9.639639639639639990e-01	4.389205650769870459e+00	1.096637599999999990e-01	-5.211186081694403338e-01
9.649649649649649774e-01	4.394029061971423289e+00	-4.472068799999999733e-01	-6.424699949571360813e-02
9.659659659659659559e-01	4.402301749855902280e+00	-9.328498800000000202e-01	2.620898638426626404e-01
9.669669669669669343e-01	4.412291877582900312e+00	-1.301938559999999967e+00	6.863277861825517467e-01
9.679679679679679127e-01	4.422427742404956952e+00	-1.444393840000000040e+00	8.494962178517398987e-01
9.689689689689690022e-01	4.432099198099846760e+00	-1.612750080000000308e+00	9.800309631870904870e-01
9.699699699699699806e-01	4.439956020831070660e+00	-1.683977720000000344e+00	9.800309631870904870e-01
9.709709709709709591e-01	4.444700081333424535e+00	-1.599799600000000099e+00	1.077932022188603289e+00
9.719719719719719375e-01	4.445968160214924580e+00	-1.535047200000000167e+00	1.012664649520927940e+00
9.729729729729729160e-01	4.444631980420195028e+00	-1.412017640000000185e+00	8.494962178517398987e-01
9.739739739739740054e-01	4.442548371277887043e+00	-1.159483280000000116e+00	5.557930408472013806e-01
9.749749749749749839e-01	4.439966901534820209e+00	-8.098203199999999269e-01	3.599909228441755538e-01
9.759759759759759623e-01	4.435309724339636439e+00	-4.407316399999999801e-01	-3.161331316187596802e-02
9.769769769769769407e-01	4.427880415126537628e+00	2.548563999999999691e-02	-3.579501765002521818e-01
9.779779779779779192e-01	4.418598382236062605e+00	6.147324800000000256e-01	-1.043257589510842243e+00
9.789789789789790087e-01	4.409719893456428785e+00	1.223405040000000055e+00	-1.532762884518406477e+00
9.799799799799799871e-01	4.403160833604862212e+00	1.903305239999999898e+00	-2.413872415532022586e+00
9.809809809809809655e-01	4.398625351965905317e+00	2.162314840000000071e+00	-2.348605042864347237e+00
9.819819819819819440e-01	4.395407707313840895e+00	2.505502560000000045e+00	-3.294981946545638252e+00
9.829829829829829224e-01	4.393863091583064318e+00	2.330671080000000117e+00	-2.642308219868886088e+00
9.839839839839840119e-01	4.393801001021048869e+00	2.492552079999999837e+00	-3.066546142208775194e+00
9.849849849849849903e-01	4.393386134736872783e+00	2.434274920000000009e+00	-2.870744024205749145e+00
9.859859859859859688e-01	4.391121834751939623e+00	2.466651119999999864e+00	-2.838110337871911693e+00
9.869869869869869472e-01	4.388464804748809733e+00	1.715523279999999984e+00	-1.924367120524458352e+00
9.879879879879879256e-01	4.387894652912637028e+00	9.061182800000000537e-01	-1.695931316187594851e+00
9.889889889889890151e-01	4.390033656907802673e+00	1.031885200000000058e-01	-5.211186081694403338e-01
9.899899899899899935e-01	4.394882512479899361e+00	-4.407316399999999801e-01	-9.688068582955121355e-02
9.909909909909909720e-01	4.402268982539306208e+00	-9.198994000000000337e-01	2.620898638426626404e-01
9.919919919919919504e-01	4.411381995287048774e+00	-1.308413800000000071e+00	6.863277861825517467e-01
9.929929929929930399e-01	4.421796340166604722e+00	-1.450869080000000144e+00	8.494962178517398987e-01
9.939939939939940183e-01	4.432523264217134162e+00	-1.625700560000000294e+00	1.045298335854765615e+00
9.949949949949949968e-01	4.441268135288169994e+00	-1.658076760000000149e+00	1.045298335854765615e+00
9.959959959959959752e-01	4.446410988645031814e+00	-1.599799600000000099e+00	1.077932022188603289e+00
9.969969969969969537e-01	4.447926785439247688e+00	-1.554472920000000258e+00	9.800309631870904870e-01
9.979979979979980431e-01	4.446487801881304769e+00	-1.405542400000000303e+00	9.147635905194151373e-01
9.989989989989990216e-01	4.442866192352764365e+00	-1.172433759999999880e+00	6.536940998487140719e-01
1.000000000000000000e+00	4.437993686044868547e+00	-8.227708000000000244e-01	3.599909228441755538e-01
