Time(s)\disp(mm)\Force(Lb)\Force(Lb)
0.000000000000000000e+00	4.374430752251981858e+00	7.053858400000000417e-01	-4.232175491679274204e-01
1.001001001001000992e-03	4.372673393771616901e+00	7.312868000000000146e-01	-6.516533535047908110e-01
2.002002002002001985e-03	4.370614287285361499e+00	7.053858400000000417e-01	-4.558512355017650397e-01
3.003003003003002977e-03	4.368999356644706289e+00	7.053858400000000417e-01	-6.516533535047908110e-01
4.004004004004003969e-03	4.368057233086390490e+00	6.859601199999999510e-01	-5.211186081694403338e-01
5.005005005005004962e-03	4.366958843962637893e+00	7.118610800000001460e-01	-6.516533535047908110e-01
6.006006006006005954e-03	4.365470782070219435e+00	6.989106000000000485e-01	-5.863859808371156834e-01
7.007007007007006946e-03	4.364476137724819793e+00	7.118610800000001460e-01	-5.537522945032778976e-01
8.008008008008007939e-03	4.365146722909075017e+00	7.118610800000001460e-01	-5.863859808371156834e-01
9.009009009009008931e-03	4.367194845526004343e+00	6.082572400000001434e-01	-5.537522945032778976e-01
1.001001001001000992e-02	4.368841173462238991e+00	7.766134800000000782e-01	-1.947817448310640853e-01
1.101101101101101092e-02	4.370092413554115929e+00	1.161389999999999922e-01	-9.688068582955121355e-02
1.201201201201201191e-02	4.372925547630375220e+00	-9.754392000000000618e-02	3.273572365103378790e-01
1.301301301301301290e-02	4.377588026769974938e+00	-2.335239600000000026e-01	4.578919818456884672e-01
1.401401401401401389e-02	4.382360846412542088e+00	-7.450679199999999947e-01	6.863277861825517467e-01
1.501501501501501488e-02	4.386588948677871080e+00	-8.033450799999999337e-01	8.821299041855775735e-01
1.601601601601601588e-02	4.391082180230616139e+00	-9.458003599999998956e-01	1.045298335854765615e+00
1.701701701701701513e-02	4.396178015553584117e+00	-1.075305160000000093e+00	1.110565708522440964e+00
1.801801801801801786e-02	4.401245445508823906e+00	-1.120631839999999935e+00	1.273734140191629116e+00
1.901901901901902059e-02	4.405751036509575336e+00	-1.243661399999999917e+00	1.339001512859304244e+00
2.002002002002001985e-02	4.410161930429283395e+00	-1.321364280000000058e+00	1.436902571860817046e+00
2.102102102102101910e-02	4.415668543445954164e+00	-1.496195759999999986e+00	1.534803630862329848e+00
2.202202202202202183e-02	4.422608099746484278e+00	-1.483245280000000221e+00	1.502169944528492396e+00
2.302302302302302456e-02	4.429389668428820315e+00	-1.535047200000000167e+00	1.567437317196167523e+00
2.402402402402402382e-02	4.434359117927999527e+00	-1.573898640000000126e+00	1.567437317196167523e+00
2.502502502502502307e-02	4.438344418609521114e+00	-1.528571960000000063e+00	1.665338376197680104e+00
2.602602602602602580e-02	4.443405936807411472e+00	-1.606274840000000204e+00	1.665338376197680104e+00
2.702702702702702853e-02	4.449512202950227646e+00	-1.509146240000000194e+00	1.632704689863842651e+00
2.802802802802802778e-02	4.454318704897467285e+00	-1.535047200000000167e+00	1.632704689863842651e+00
2.902902902902902704e-02	4.456349934282417102e+00	-1.619225319999999968e+00	1.665338376197680104e+00
3.003003003003002977e-02	4.456739977025765853e+00	-1.502671000000000090e+00	1.632704689863842651e+00
3.103103103103103250e-02	4.456846154030385421e+00	-1.535047200000000167e+00	1.600071003530005198e+00
3.203203203203203175e-02	4.456390239062013592e+00	-1.515621480000000076e+00	1.567437317196167523e+00
3.303303303303303101e-02	4.455394658509084671e+00	-1.541522440000000271e+00	1.600071003530005198e+00
3.403403403403403027e-02	4.454394683856490289e+00	-1.535047200000000167e+00	1.502169944528492396e+00
3.503503503503503647e-02	4.452734791300611228e+00	-1.554472920000000258e+00	1.567437317196167523e+00
3.603603603603603572e-02	4.449990644455980693e+00	-1.353740480000000357e+00	1.469536258194654943e+00
3.703703703703703498e-02	4.446727538036392424e+00	-1.353740480000000357e+00	1.404268885526979593e+00
3.803803803803804118e-02	4.442447152580147218e+00	-1.224235680000000048e+00	1.404268885526979593e+00
3.903903903903904044e-02	4.436085954467847259e+00	-1.172433759999999880e+00	1.306367826525466569e+00
4.004004004004003969e-02	4.428549130565541780e+00	-9.717013200000000905e-01	1.077932022188603289e+00
4.104104104104103895e-02	4.421470810726468414e+00	-9.004736800000000541e-01	1.045298335854765615e+00
4.204204204204203821e-02	4.414936325795258298e+00	-8.421965199999998930e-01	8.821299041855775735e-01
4.304304304304304440e-02	4.408567984570574083e+00	-5.184345200000000098e-01	7.189614725163894215e-01
4.404404404404404366e-02	4.401784970548465736e+00	-2.918011200000000249e-01	5.557930408472013806e-01
4.504504504504504292e-02	4.394382945653832806e+00	-2.464744400000000168e-01	3.273572365103378790e-01
4.604604604604604912e-02	4.388088767206013152e+00	1.808914000000000077e-01	1.315551185073121632e-01
4.704704704704704837e-02	4.383669799427073244e+00	1.485152000000000139e-01	-1.295143721633888190e-01
4.804804804804804763e-02	4.379709269203637234e+00	5.435048399999999891e-01	-3.253164901664145625e-01
4.904904904904904689e-02	4.375989106427762287e+00	5.758810400000000662e-01	-5.537522945032778976e-01
5.005005005005004615e-02	4.373428604451263801e+00	6.989106000000000485e-01	-4.558512355017650397e-01
5.105105105105105234e-02	4.371732464269876495e+00	7.312868000000000146e-01	-6.516533535047908110e-01
5.205205205205205160e-02	4.370147120605549773e+00	6.924353600000000553e-01	-5.211186081694403338e-01
5.305305305305305086e-02	4.368989726732094070e+00	7.053858400000000417e-01	-5.863859808371156834e-01
5.405405405405405705e-02	4.368516959246496967e+00	6.859601199999999510e-01	-5.211186081694403338e-01
5.505505505505505631e-02	4.367957552940056054e+00	7.248115600000000214e-01	-6.516533535047908110e-01
5.605605605605605557e-02	4.367361368938743382e+00	6.989106000000000485e-01	-5.537522945032778976e-01
5.705705705705705483e-02	4.367693423501496142e+00	7.183363200000001392e-01	-6.190196671709531362e-01
5.805805805805805409e-02	4.368397873275483789e+00	7.118610800000001460e-01	-5.211186081694403338e-01
5.905905905905906028e-02	4.368637663065150001e+00	6.212077200000000188e-01	-5.211186081694403338e-01
6.006006006006005954e-02	4.369188925571886983e+00	7.701382400000000850e-01	-2.274154311649017046e-01
6.106106106106105880e-02	4.370763553990613559e+00	1.161389999999999922e-01	-9.688068582955121355e-02
6.206206206206206499e-02	4.373442372615163443e+00	-8.459344000000000585e-02	3.599909228441755538e-01
6.306306306306305731e-02	4.377136499191058405e+00	-2.270487200000000094e-01	4.905256681795260310e-01
6.406406406406406351e-02	4.381421210683774881e+00	-7.385926799999998904e-01	7.189614725163894215e-01
6.506506506506506970e-02	4.386117907425258977e+00	-8.162955600000000311e-01	8.821299041855775735e-01
6.606606606606606202e-02	4.391185037039209149e+00	-9.717013200000000905e-01	1.045298335854765615e+00
6.706706706706706822e-02	4.396110368928694001e+00	-1.049404199999999898e+00	1.143199394856278639e+00
6.806806806806806054e-02	4.400731584956164788e+00	-1.133582319999999921e+00	1.339001512859304244e+00
6.906906906906906674e-02	4.405791602081663427e+00	-1.230710920000000153e+00	1.306367826525466569e+00
7.007007007007007293e-02	4.411469526076904124e+00	-1.314889040000000175e+00	1.404268885526979593e+00
7.107107107107106525e-02	4.417165507498058474e+00	-1.489720520000000104e+00	1.567437317196167523e+00
7.207207207207207145e-02	4.422803585282254701e+00	-1.470294800000000235e+00	1.600071003530005198e+00
7.307307307307307764e-02	4.427894517412932274e+00	-1.535047200000000167e+00	1.600071003530005198e+00
7.407407407407406996e-02	4.431878609065762475e+00	-1.580373880000000231e+00	1.632704689863842651e+00
7.507507507507507616e-02	4.436618450924171064e+00	-1.515621480000000076e+00	1.632704689863842651e+00
7.607607607607608236e-02	4.443875462137277133e+00	-1.606274840000000204e+00	1.665338376197680104e+00
7.707707707707707467e-02	4.451326894919775512e+00	-1.502671000000000090e+00	1.632704689863842651e+00
7.807807807807808087e-02	4.455654772640245120e+00	-1.522096720000000181e+00	1.697972062531518000e+00
7.907907907907907319e-02	4.457224015308914211e+00	-1.625700560000000294e+00	1.632704689863842651e+00
8.008008008008007939e-02	4.458290310397666545e+00	-1.483245280000000221e+00	1.567437317196167523e+00
8.108108108108108558e-02	4.458986885630425334e+00	-1.522096720000000181e+00	1.502169944528492396e+00
8.208208208208207790e-02	4.458297502535876866e+00	-1.515621480000000076e+00	1.665338376197680104e+00
8.308308308308308410e-02	4.456730585620007012e+00	-1.547997679999999932e+00	1.502169944528492396e+00
8.408408408408407642e-02	4.454782456519325251e+00	-1.522096720000000181e+00	1.567437317196167523e+00
8.508508508508508261e-02	4.451778406763611251e+00	-1.554472920000000258e+00	1.632704689863842651e+00
8.608608608608608881e-02	4.448265811294722205e+00	-1.360215720000000017e+00	1.469536258194654943e+00
8.708708708708708113e-02	4.445275430138383221e+00	-1.353740480000000357e+00	1.469536258194654943e+00
8.808808808808808732e-02	4.441535758296554448e+00	-1.204809959999999958e+00	1.404268885526979593e+00
8.908908908908909352e-02	4.435718721234460205e+00	-1.165958519999999998e+00	1.306367826525466569e+00
9.009009009009008584e-02	4.429051485989395687e+00	-9.328498800000000202e-01	1.175833081190116092e+00
9.109109109109109204e-02	4.422617251735191601e+00	-8.810479599999999634e-01	1.077932022188603289e+00
9.209209209209209823e-02	4.415342653825334196e+00	-8.421965199999998930e-01	8.494962178517398987e-01
9.309309309309309055e-02	4.407074704330844028e+00	-5.184345200000000098e-01	7.842288451840646601e-01
9.409409409409409675e-02	4.399681002374019378e+00	-2.982763600000000181e-01	4.905256681795260310e-01
9.509509509509508907e-02	4.393832631784785114e+00	-2.399992000000000236e-01	3.926246091780131731e-01
9.609609609609609526e-02	4.388597272204436628e+00	1.744161599999999868e-01	1.315551185073121632e-01
9.709709709709710146e-02	4.383446830301871877e+00	1.485152000000000139e-01	-9.688068582955121355e-02
9.809809809809809378e-02	4.378762207387545402e+00	5.435048399999999891e-01	-3.579501765002521818e-01
9.909909909909909997e-02	4.375368168758407172e+00	5.758810400000000662e-01	-4.884849218356027145e-01
1.001001001001000923e-01	4.373584337770174635e+00	7.053858400000000417e-01	-4.884849218356027145e-01
1.011011011011010985e-01	4.372335637691726618e+00	7.377620400000000078e-01	-7.169207261724660496e-01
1.021021021021021047e-01	4.370159782508176605e+00	7.118610800000001460e-01	-4.884849218356027145e-01
1.031031031031030970e-01	4.367664334730084086e+00	7.183363200000001392e-01	-5.863859808371156834e-01
1.041041041041041032e-01	4.366612543652089506e+00	6.989106000000000485e-01	-5.211186081694403338e-01
1.051051051051051094e-01	4.366943177231561890e+00	7.377620400000000078e-01	-6.516533535047908110e-01
1.061061061061061017e-01	4.367066224584378098e+00	6.924353600000000553e-01	-5.537522945032778976e-01
1.071071071071071079e-01	4.365905160025896237e+00	7.312868000000000146e-01	-6.190196671709531362e-01
1.081081081081081141e-01	4.364545956127256154e+00	7.118610800000001460e-01	-6.190196671709531362e-01
1.091091091091091064e-01	4.365327221889584663e+00	6.147324800000000256e-01	-4.884849218356027145e-01
1.101101101101101126e-01	4.368341265349389602e+00	7.766134800000000782e-01	-2.274154311649017046e-01
1.111111111111111049e-01	4.371505578772858058e+00	9.671327999999999869e-02	-1.295143721633888190e-01
1.121121121121121111e-01	4.374016696799676751e+00	-5.869248000000000520e-02	2.947235501765002597e-01
1.131131131131131173e-01	4.376831147103029451e+00	-2.140982399999999952e-01	4.905256681795260310e-01
1.141141141141141097e-01	4.380495636658935155e+00	-7.450679199999999947e-01	7.189614725163894215e-01
1.151151151151151159e-01	4.384698928881579860e+00	-8.162955600000000311e-01	8.494962178517398987e-01
1.161161161161161082e-01	4.389473313564777435e+00	-9.458003599999998956e-01	1.045298335854765615e+00
1.171171171171171144e-01	4.394893327120355409e+00	-1.068829919999999989e+00	1.143199394856278639e+00
1.181181181181181206e-01	4.400218523809415139e+00	-1.114156600000000052e+00	1.306367826525466569e+00
1.191191191191191129e-01	4.405312921746798338e+00	-1.217760439999999944e+00	1.306367826525466569e+00
1.201201201201201191e-01	4.411241483852615275e+00	-1.314889040000000175e+00	1.436902571860817046e+00
1.211211211211211253e-01	4.417909209596105669e+00	-1.489720520000000104e+00	1.502169944528492396e+00
1.221221221221221176e-01	4.423848544344868294e+00	-1.470294800000000235e+00	1.567437317196167523e+00
1.231231231231231238e-01	4.428929117738735322e+00	-1.528571960000000063e+00	1.632704689863842651e+00
1.241241241241241300e-01	4.434200451213061278e+00	-1.567423400000000022e+00	1.632704689863842651e+00
1.251251251251251362e-01	4.439703412029744278e+00	-1.535047200000000167e+00	1.665338376197680104e+00
1.261261261261261146e-01	4.444790203358396141e+00	-1.586849120000000113e+00	1.697972062531518000e+00
1.271271271271271208e-01	4.449345991987799565e+00	-1.509146240000000194e+00	1.600071003530005198e+00
1.281281281281281270e-01	4.453698971175318988e+00	-1.522096720000000181e+00	1.632704689863842651e+00
1.291291291291291332e-01	4.457660917496498953e+00	-1.625700560000000294e+00	1.665338376197680104e+00
1.301301301301301394e-01	4.459910468237533898e+00	-1.502671000000000090e+00	1.600071003530005198e+00
1.311311311311311179e-01	4.459182730866764643e+00	-1.535047200000000167e+00	1.730605748865355453e+00
1.321321321321321240e-01	4.456386844970688266e+00	-1.509146240000000194e+00	1.567437317196167523e+00
1.331331331331331302e-01	4.454282256584518151e+00	-1.528571960000000063e+00	1.632704689863842651e+00
1.341341341341341364e-01	4.453753623482281654e+00	-1.541522440000000271e+00	1.534803630862329848e+00
1.351351351351351426e-01	4.452890848862284479e+00	-1.547997679999999932e+00	1.567437317196167523e+00
1.361361361361361211e-01	4.450494979073076784e+00	-1.353740480000000357e+00	1.436902571860817046e+00
1.371371371371371273e-01	4.446903594590919440e+00	-1.347265240000000031e+00	1.436902571860817046e+00
1.381381381381381335e-01	4.442571271541392974e+00	-1.204809959999999958e+00	1.371635199193141919e+00
1.391391391391391397e-01	4.437382623868622922e+00	-1.165958519999999998e+00	1.306367826525466569e+00
1.401401401401401459e-01	4.430645503900445981e+00	-9.652260799999999863e-01	1.208466767523953767e+00
1.411411411411411521e-01	4.422714647495858742e+00	-8.810479599999999634e-01	1.077932022188603289e+00
1.421421421421421305e-01	4.414779298272631713e+00	-8.486717599999999972e-01	8.821299041855775735e-01
1.431431431431431367e-01	4.407335493422285921e+00	-5.249097599999998920e-01	7.515951588502269853e-01
1.441441441441441429e-01	4.400630762349313052e+00	-3.047516000000000114e-01	4.905256681795260310e-01
1.451451451451451491e-01	4.394679567765074957e+00	-2.335239600000000026e-01	3.926246091780131731e-01
1.461461461461461553e-01	4.389316555914465567e+00	1.938418799999999942e-01	1.315551185073121632e-01
1.471471471471471337e-01	4.384795268767644139e+00	1.420399599999999929e-01	-1.295143721633888190e-01
1.481481481481481399e-01	4.381023944020908445e+00	5.435048399999999891e-01	-3.905838628340898566e-01
1.491491491491491461e-01	4.377303222571794272e+00	5.758810400000000662e-01	-5.863859808371156834e-01
1.501501501501501523e-01	4.373512676567759883e+00	7.053858400000000417e-01	-5.211186081694403338e-01
1.511511511511511585e-01	4.370249496933944933e+00	7.442372800000001121e-01	-6.516533535047908110e-01
1.521521521521521647e-01	4.368328013089305628e+00	7.053858400000000417e-01	-4.884849218356027145e-01
1.531531531531531432e-01	4.368209860304951064e+00	7.248115600000000214e-01	-6.516533535047908110e-01
1.541541541541541493e-01	4.368474911639159686e+00	6.989106000000000485e-01	-5.537522945032778976e-01
1.551551551551551555e-01	4.367428875399885335e+00	7.377620400000000078e-01	-6.842870398386284858e-01
1.561561561561561617e-01	4.366087340379531057e+00	7.118610800000001460e-01	-5.211186081694403338e-01
1.571571571571571679e-01	4.365790867160570521e+00	7.248115600000000214e-01	-6.516533535047908110e-01
1.581581581581581464e-01	4.366047827079654553e+00	7.183363200000001392e-01	-5.537522945032778976e-01
1.591591591591591526e-01	4.366363636343082888e+00	6.341582000000000052e-01	-5.863859808371156834e-01
1.601601601601601588e-01	4.366999767278802125e+00	7.766134800000000782e-01	-2.600491174987393794e-01
1.611611611611611650e-01	4.368746806636673696e+00	1.096637599999999990e-01	-9.688068582955121355e-02
1.621621621621621712e-01	4.372200259972108149e+00	-6.516772000000001230e-02	2.947235501765002597e-01
1.631631631631631496e-01	4.376456612299106652e+00	-2.205734800000000162e-01	4.905256681795260310e-01
1.641641641641641558e-01	4.380190424246888981e+00	-7.580183999999999811e-01	7.189614725163894215e-01
1.651651651651651620e-01	4.383850421832212518e+00	-8.098203199999999269e-01	8.494962178517398987e-01
1.661661661661661682e-01	4.388939247715275549e+00	-9.458003599999998956e-01	1.045298335854765615e+00
1.671671671671671744e-01	4.395340771641267352e+00	-1.068829919999999989e+00	1.110565708522440964e+00
1.681681681681681528e-01	4.401219065028861621e+00	-1.120631839999999935e+00	1.273734140191629116e+00
1.691691691691691590e-01	4.405985827960311241e+00	-1.217760439999999944e+00	1.339001512859304244e+00
1.701701701701701652e-01	4.410790434964658502e+00	-1.314889040000000175e+00	1.502169944528492396e+00
1.711711711711711714e-01	4.415933394083729979e+00	-1.476770040000000339e+00	1.502169944528492396e+00
1.721721721721721776e-01	4.421372519303810478e+00	-1.483245280000000221e+00	1.567437317196167523e+00
1.731731731731731838e-01	4.427565773151432182e+00	-1.528571960000000063e+00	1.567437317196167523e+00
1.741741741741741623e-01	4.433616897179840421e+00	-1.586849120000000113e+00	1.632704689863842651e+00
1.751751751751751685e-01	4.438986674477630956e+00	-1.541522440000000271e+00	1.697972062531518000e+00
1.761761761761761746e-01	4.444913064589697704e+00	-1.599799600000000099e+00	1.632704689863842651e+00
1.771771771771771808e-01	4.450827984738436882e+00	-1.496195759999999986e+00	1.632704689863842651e+00
1.781781781781781870e-01	4.454381713250609387e+00	-1.528571960000000063e+00	1.632704689863842651e+00
1.791791791791791655e-01	4.455340186553883974e+00	-1.619225319999999968e+00	1.632704689863842651e+00
1.801801801801801717e-01	4.455691154554489053e+00	-1.502671000000000090e+00	1.665338376197680104e+00
1.811811811811811779e-01	4.456570726034152941e+00	-1.528571960000000063e+00	1.632704689863842651e+00
1.821821821821821841e-01	4.456765677527439351e+00	-1.515621480000000076e+00	1.600071003530005198e+00
1.831831831831831903e-01	4.455547907925403450e+00	-1.547997679999999932e+00	1.600071003530005198e+00
1.841841841841841965e-01	4.454027230965076356e+00	-1.528571960000000063e+00	1.600071003530005198e+00
1.851851851851851749e-01	4.452090722798933697e+00	-1.554472920000000258e+00	1.632704689863842651e+00
1.861861861861861811e-01	4.449310857049428414e+00	-1.366690960000000121e+00	1.436902571860817046e+00
1.871871871871871873e-01	4.446256922480790408e+00	-1.347265240000000031e+00	1.469536258194654943e+00
1.881881881881881935e-01	4.441875197331655478e+00	-1.204809959999999958e+00	1.371635199193141919e+00
1.891891891891891997e-01	4.435371939153784915e+00	-1.178908999999999985e+00	1.306367826525466569e+00
1.901901901901901781e-01	4.428478872313696080e+00	-9.652260799999999863e-01	1.175833081190116092e+00
1.911911911911911843e-01	4.422043741017093410e+00	-8.939984399999999498e-01	1.045298335854765615e+00
1.921921921921921905e-01	4.415093475124954203e+00	-8.357212800000000108e-01	7.515951588502269853e-01
1.931931931931931967e-01	4.407517129000623868e+00	-5.119592800000000166e-01	7.189614725163894215e-01
1.941941941941942029e-01	4.400075977392261528e+00	-2.918011200000000249e-01	5.884267271810389444e-01
1.951951951951951814e-01	4.393424305343948788e+00	-2.529496800000000101e-01	3.599909228441755538e-01
1.961961961961961876e-01	4.388149311655100249e+00	1.808914000000000077e-01	1.641888048411497825e-01
1.971971971971971938e-01	4.383781653417367252e+00	1.355647199999999997e-01	-6.424699949571360813e-02
1.981981981981981999e-01	4.379382284805582337e+00	5.240791200000000094e-01	-2.600491174987393794e-01
1.991991991991992061e-01	4.375440267366016656e+00	5.694058000000000730e-01	-4.558512355017650397e-01
2.002002002002001846e-01	4.372820900100900410e+00	7.118610800000001460e-01	-4.232175491679274204e-01
2.012012012012011908e-01	4.371568222930577896e+00	7.442372800000001121e-01	-6.190196671709531362e-01
2.022022022022021970e-01	4.370774909386309304e+00	6.989106000000000485e-01	-5.211186081694403338e-01
2.032032032032032032e-01	4.368851302969886774e+00	7.118610800000001460e-01	-6.190196671709531362e-01
2.042042042042042094e-01	4.366194286342178543e+00	6.730096400000000756e-01	-5.537522945032778976e-01
2.052052052052052156e-01	4.365606915133113830e+00	7.248115600000000214e-01	-6.516533535047908110e-01
2.062062062062061940e-01	4.367287930705969323e+00	6.989106000000000485e-01	-5.537522945032778976e-01
2.072072072072072002e-01	4.367717631797563449e+00	7.183363200000001392e-01	-6.190196671709531362e-01
2.082082082082082064e-01	4.366143042997228108e+00	7.183363200000001392e-01	-5.537522945032778976e-01
2.092092092092092126e-01	4.365824918516468145e+00	6.147324800000000256e-01	-5.537522945032778976e-01
2.102102102102102188e-01	4.367736947736537090e+00	7.830887200000000714e-01	-2.274154311649017046e-01
2.112112112112111972e-01	4.370052348959369226e+00	1.096637599999999990e-01	-1.295143721633888190e-01
2.122122122122122034e-01	4.372700093887337935e+00	-7.811819999999999875e-02	2.947235501765002597e-01
2.132132132132132096e-01	4.376689275058378570e+00	-2.140982399999999952e-01	4.905256681795260310e-01
2.142142142142142158e-01	4.381472372876987542e+00	-7.450679199999999947e-01	7.189614725163894215e-01
2.152152152152152220e-01	4.386167035533098613e+00	-8.033450799999999337e-01	7.842288451840646601e-01
2.162162162162162282e-01	4.390783987177887759e+00	-9.393251199999999024e-01	1.077932022188603289e+00
2.172172172172172067e-01	4.395426468984462431e+00	-1.055879440000000002e+00	1.110565708522440964e+00
2.182182182182182129e-01	4.399741300211395867e+00	-1.101206119999999844e+00	1.273734140191629116e+00
2.192192192192192191e-01	4.403991385630119382e+00	-1.198334720000000075e+00	1.339001512859304244e+00
2.202202202202202252e-01	4.409448730108140424e+00	-1.308413800000000071e+00	1.502169944528492396e+00
2.212212212212212314e-01	4.416105374703506392e+00	-1.496195759999999986e+00	1.469536258194654943e+00
2.222222222222222099e-01	4.422536958961684306e+00	-1.463819560000000131e+00	1.600071003530005198e+00
2.232232232232232161e-01	4.428528331762961123e+00	-1.522096720000000181e+00	1.600071003530005198e+00
2.242242242242242223e-01	4.434662807528079398e+00	-1.580373880000000231e+00	1.697972062531518000e+00
2.252252252252252285e-01	4.440566541057511252e+00	-1.509146240000000194e+00	1.697972062531518000e+00
2.262262262262262347e-01	4.445836717141084193e+00	-1.567423400000000022e+00	1.632704689863842651e+00
2.272272272272272131e-01	4.450422491806062197e+00	-1.502671000000000090e+00	1.665338376197680104e+00
2.282282282282282193e-01	4.453648375603140863e+00	-1.522096720000000181e+00	1.600071003530005198e+00
2.292292292292292255e-01	4.455356922138379083e+00	-1.606274840000000204e+00	1.697972062531518000e+00
2.302302302302302317e-01	4.456658461598302701e+00	-1.496195759999999986e+00	1.632704689863842651e+00
2.312312312312312379e-01	4.457712160889430564e+00	-1.522096720000000181e+00	1.665338376197680104e+00
2.322322322322322163e-01	4.457549660921121593e+00	-1.509146240000000194e+00	1.600071003530005198e+00
2.332332332332332225e-01	4.456209762078072956e+00	-1.541522440000000271e+00	1.567437317196167523e+00
2.342342342342342287e-01	4.454210511568264863e+00	-1.535047200000000167e+00	1.534803630862329848e+00
2.352352352352352349e-01	4.451996295606859277e+00	-1.535047200000000167e+00	1.600071003530005198e+00
2.362362362362362411e-01	4.449936256326221695e+00	-1.353740480000000357e+00	1.469536258194654943e+00
2.372372372372372473e-01	4.446997986910433021e+00	-1.334314760000000266e+00	1.469536258194654943e+00
2.382382382382382258e-01	4.442121298217054814e+00	-1.198334720000000075e+00	1.371635199193141919e+00
2.392392392392392320e-01	4.436038112347223894e+00	-1.159483280000000116e+00	1.306367826525466569e+00
2.402402402402402382e-01	4.429722289443982497e+00	-9.587508399999999931e-01	1.143199394856278639e+00
2.412412412412412444e-01	4.423160125435912526e+00	-8.875231999999999566e-01	1.045298335854765615e+00
2.422422422422422505e-01	4.415750425756537645e+00	-8.551469999999999905e-01	8.494962178517398987e-01
2.432432432432432290e-01	4.407679848163101433e+00	-5.054840400000000233e-01	7.842288451840646601e-01
2.442442442442442352e-01	4.400745344481561183e+00	-3.112268400000000046e-01	5.557930408472013806e-01
2.452452452452452414e-01	4.395513383099606486e+00	-2.205734800000000162e-01	3.926246091780131731e-01
2.462462462462462476e-01	4.390167001926676527e+00	1.938418799999999942e-01	1.315551185073121632e-01
2.472472472472472538e-01	4.384466154598862353e+00	1.614656800000000003e-01	-9.688068582955121355e-02
2.482482482482482600e-01	4.379988462964742979e+00	5.499800799999999823e-01	-3.253164901664145625e-01
2.492492492492492384e-01	4.376771381390214266e+00	5.758810400000000662e-01	-4.884849218356027145e-01
2.502502502502502724e-01	4.373856984313313490e+00	7.312868000000000146e-01	-4.232175491679274204e-01
2.512512512512512508e-01	4.371260591902597525e+00	7.377620400000000078e-01	-6.516533535047908110e-01
2.522522522522522292e-01	4.369806713961751576e+00	7.183363200000001392e-01	-4.884849218356027145e-01
2.532532532532532632e-01	4.369365975113571388e+00	7.248115600000000214e-01	-7.169207261724660496e-01
2.542542542542542416e-01	4.368458308387499045e+00	6.989106000000000485e-01	-4.558512355017650397e-01
2.552552552552552756e-01	4.367008290448332275e+00	7.248115600000000214e-01	-6.190196671709531362e-01
2.562562562562562540e-01	4.366380969876788143e+00	7.248115600000000214e-01	-5.537522945032778976e-01
2.572572572572572325e-01	4.366321906631392302e+00	7.312868000000000146e-01	-6.516533535047908110e-01
2.582582582582582664e-01	4.365975364207510978e+00	7.248115600000000214e-01	-5.537522945032778976e-01
2.592592592592592449e-01	4.366107050759311825e+00	6.276829600000000120e-01	-5.863859808371156834e-01
2.602602602602602788e-01	4.367977270444279192e+00	7.895639599999999536e-01	-2.274154311649017046e-01
2.612612612612612573e-01	4.371427991528215706e+00	9.671327999999999869e-02	-6.424699949571360813e-02
2.622622622622622357e-01	4.374771258150082609e+00	-5.221724000000000504e-02	2.947235501765002597e-01
2.632632632632632697e-01	4.377353197131027329e+00	-2.140982399999999952e-01	4.252582955118507924e-01
2.642642642642642481e-01	4.380514040610956172e+00	-7.321174399999998972e-01	6.536940998487140719e-01
2.652652652652652820e-01	4.384989637677715990e+00	-8.292460400000000176e-01	8.494962178517398987e-01
2.662662662662662605e-01	4.390281039361988213e+00	-9.393251199999999024e-01	1.077932022188603289e+00
2.672672672672672389e-01	4.395972446035022685e+00	-1.029978480000000030e+00	1.110565708522440964e+00
2.682682682682682729e-01	4.401208253083222388e+00	-1.120631839999999935e+00	1.273734140191629116e+00
2.692692692692692513e-01	4.405238342901625082e+00	-1.204809959999999958e+00	1.339001512859304244e+00
2.702702702702702853e-01	4.409513514991785677e+00	-1.314889040000000175e+00	1.404268885526979593e+00
2.712712712712712637e-01	4.415604852892740517e+00	-1.483245280000000221e+00	1.567437317196167523e+00
2.722722722722722422e-01	4.422354007647729013e+00	-1.476770040000000339e+00	1.600071003530005198e+00
2.732732732732732761e-01	4.428611794496314147e+00	-1.535047200000000167e+00	1.600071003530005198e+00
2.742742742742742545e-01	4.434859375098295864e+00	-1.554472920000000258e+00	1.665338376197680104e+00
2.752752752752752885e-01	4.440566286468158985e+00	-1.535047200000000167e+00	1.665338376197680104e+00
2.762762762762762669e-01	4.444840263033743355e+00	-1.580373880000000231e+00	1.600071003530005198e+00
2.772772772772773009e-01	4.448667845749084471e+00	-1.496195759999999986e+00	1.632704689863842651e+00
2.782782782782782793e-01	4.452739689238007337e+00	-1.515621480000000076e+00	1.600071003530005198e+00
2.792792792792792578e-01	4.455848787911159015e+00	-1.606274840000000204e+00	1.665338376197680104e+00
2.802802802802802917e-01	4.457252545887355311e+00	-1.496195759999999986e+00	1.567437317196167523e+00
2.812812812812812702e-01	4.457351967739599630e+00	-1.528571960000000063e+00	1.567437317196167523e+00
2.822822822822823041e-01	4.456566552411680426e+00	-1.515621480000000076e+00	1.534803630862329848e+00
2.832832832832832826e-01	4.455369988914676505e+00	-1.509146240000000194e+00	1.567437317196167523e+00
2.842842842842842610e-01	4.453660590326768975e+00	-1.535047200000000167e+00	1.534803630862329848e+00
2.852852852852852950e-01	4.450704284298105051e+00	-1.541522440000000271e+00	1.665338376197680104e+00
2.862862862862862734e-01	4.446691693415810498e+00	-1.353740480000000357e+00	1.502169944528492396e+00
2.872872872872873073e-01	4.443044496478306904e+00	-1.353740480000000357e+00	1.469536258194654943e+00
2.882882882882882858e-01	4.440393355744399528e+00	-1.198334720000000075e+00	1.404268885526979593e+00
2.892892892892892642e-01	4.436796758782503680e+00	-1.172433759999999880e+00	1.306367826525466569e+00
2.902902902902902982e-01	4.429952820312400341e+00	-9.458003599999998956e-01	1.208466767523953767e+00
2.912912912912912766e-01	4.420889026396610966e+00	-8.810479599999999634e-01	1.045298335854765615e+00
2.922922922922923106e-01	4.412749761299202156e+00	-8.551469999999999905e-01	8.494962178517398987e-01
2.932932932932932890e-01	4.406329753655845671e+00	-5.054840400000000233e-01	7.515951588502269853e-01
2.942942942942942675e-01	4.400118980900023402e+00	-3.112268400000000046e-01	5.557930408472013806e-01
2.952952952952953014e-01	4.394176073164270946e+00	-2.464744400000000168e-01	3.926246091780131731e-01
2.962962962962962798e-01	4.389398649004409236e+00	1.938418799999999942e-01	9.892143217347457163e-02
2.972972972972973138e-01	4.384640198989559146e+00	1.355647199999999997e-01	-1.621480584972264660e-01
2.982982982982982922e-01	4.379370456070796003e+00	5.240791200000000094e-01	-3.905838628340898566e-01
2.992992992992992707e-01	4.375391714121630748e+00	5.694058000000000730e-01	-5.211186081694403338e-01
3.003003003003003046e-01	4.373315246020052172e+00	6.989106000000000485e-01	-4.558512355017650397e-01
3.013013013013012831e-01	4.371837352254571485e+00	7.571877599999999875e-01	-6.516533535047908110e-01
3.023023023023023170e-01	4.370329728895794297e+00	7.118610800000001460e-01	-4.884849218356027145e-01
3.033033033033032955e-01	4.368957791130052115e+00	7.248115600000000214e-01	-6.190196671709531362e-01
3.043043043043043294e-01	4.367534667936245008e+00	7.053858400000000417e-01	-5.537522945032778976e-01
3.053053053053053079e-01	4.366371567707866497e+00	7.312868000000000146e-01	-6.190196671709531362e-01
3.063063063063062863e-01	4.366381665071048523e+00	7.118610800000001460e-01	-4.884849218356027145e-01
3.073073073073073203e-01	4.367205005338234081e+00	7.312868000000000146e-01	-5.863859808371156834e-01
3.083083083083082987e-01	4.367731188923075436e+00	7.248115600000000214e-01	-5.863859808371156834e-01
3.093093093093093326e-01	4.368136024697691688e+00	6.341582000000000052e-01	-5.211186081694403338e-01
3.103103103103103111e-01	4.369150602974809949e+00	8.089896800000000443e-01	-1.947817448310640853e-01
3.113113113113112895e-01	4.370916380639144450e+00	1.226142399999999993e-01	-6.424699949571360813e-02
3.123123123123123235e-01	4.373502637120163072e+00	-7.164296000000000553e-02	3.273572365103378790e-01
3.133133133133133019e-01	4.376721177667333151e+00	-2.140982399999999952e-01	4.578919818456884672e-01
3.143143143143143359e-01	4.380261590820982320e+00	-7.450679199999999947e-01	7.189614725163894215e-01
3.153153153153153143e-01	4.384275232769732078e+00	-8.162955600000000311e-01	8.494962178517398987e-01
3.163163163163162928e-01	4.388882581982399778e+00	-9.393251199999999024e-01	1.077932022188603289e+00
3.173173173173173267e-01	4.394200051507655580e+00	-1.049404199999999898e+00	1.208466767523953767e+00
3.183183183183183051e-01	4.399815181992286384e+00	-1.101206119999999844e+00	1.339001512859304244e+00
3.193193193193193391e-01	4.404878138955627520e+00	-1.217760439999999944e+00	1.371635199193141919e+00
3.203203203203203175e-01	4.410070489188418819e+00	-1.314889040000000175e+00	1.436902571860817046e+00
3.213213213213212960e-01	4.416193049376616386e+00	-1.502671000000000090e+00	1.502169944528492396e+00
3.223223223223223299e-01	4.422077944418607132e+00	-1.450869080000000144e+00	1.600071003530005198e+00
3.233233233233233084e-01	4.427115530398797461e+00	-1.515621480000000076e+00	1.534803630862329848e+00
3.243243243243243423e-01	4.432613358556914740e+00	-1.573898640000000126e+00	1.567437317196167523e+00
3.253253253253253208e-01	4.438919409410940986e+00	-1.522096720000000181e+00	1.665338376197680104e+00
3.263263263263262992e-01	4.444374383203358647e+00	-1.586849120000000113e+00	1.697972062531518000e+00
3.273273273273273332e-01	4.448336396171731266e+00	-1.483245280000000221e+00	1.632704689863842651e+00
3.283283283283283116e-01	4.451926496752606432e+00	-1.522096720000000181e+00	1.665338376197680104e+00
3.293293293293293456e-01	4.455302585283144268e+00	-1.612750080000000308e+00	1.665338376197680104e+00
3.303303303303303240e-01	4.457579448050926096e+00	-1.502671000000000090e+00	1.600071003530005198e+00
3.313313313313313024e-01	4.458451566795430310e+00	-1.509146240000000194e+00	1.632704689863842651e+00
3.323323323323323364e-01	4.457927398205263181e+00	-1.515621480000000076e+00	1.600071003530005198e+00
3.333333333333333148e-01	4.456009440646662156e+00	-1.522096720000000181e+00	1.567437317196167523e+00
3.343343343343343488e-01	4.453532167700402944e+00	-1.515621480000000076e+00	1.567437317196167523e+00
3.353353353353353272e-01	4.451622462859449847e+00	-1.541522440000000271e+00	1.632704689863842651e+00
3.363363363363363057e-01	4.449446805099904090e+00	-1.347265240000000031e+00	1.534803630862329848e+00
3.373373373373373396e-01	4.445259527676951095e+00	-1.353740480000000357e+00	1.436902571860817046e+00
3.383383383383383181e-01	4.439881861433733867e+00	-1.185384240000000089e+00	1.371635199193141919e+00
3.393393393393393520e-01	4.435133724477341666e+00	-1.165958519999999998e+00	1.273734140191629116e+00
3.403403403403403304e-01	4.430266674492312262e+00	-9.522755999999999998e-01	1.110565708522440964e+00
3.413413413413413644e-01	4.423634068449724843e+00	-8.745727199999999701e-01	1.110565708522440964e+00
3.423423423423423428e-01	4.415559907679748264e+00	-8.486717599999999972e-01	8.168625315179022239e-01
3.433433433433433213e-01	4.407413288809849838e+00	-4.990087999999999191e-01	8.168625315179022239e-01
3.443443443443443552e-01	4.399671357034232066e+00	-2.982763600000000181e-01	5.557930408472013806e-01
3.453453453453453337e-01	4.392457019055960643e+00	-2.270487200000000094e-01	3.599909228441755538e-01
3.463463463463463676e-01	4.386765179529002801e+00	1.873666400000000010e-01	1.315551185073121632e-01
3.473473473473473461e-01	4.382998367897111613e+00	1.485152000000000139e-01	-6.424699949571360813e-02
3.483483483483483245e-01	4.379728143621495207e+00	5.240791200000000094e-01	-3.579501765002521818e-01
3.493493493493493585e-01	4.376089134196314845e+00	5.758810400000000662e-01	-5.211186081694403338e-01
3.503503503503503369e-01	4.372966234761393345e+00	7.053858400000000417e-01	-4.558512355017650397e-01
3.513513513513513709e-01	4.370967373758657182e+00	7.377620400000000078e-01	-6.516533535047908110e-01
3.523523523523523493e-01	4.369557042607439712e+00	7.118610800000001460e-01	-4.558512355017650397e-01
3.533533533533533277e-01	4.368462109451637154e+00	7.118610800000001460e-01	-6.842870398386284858e-01
3.543543543543543617e-01	4.368338019775681147e+00	6.989106000000000485e-01	-5.211186081694403338e-01
3.553553553553553401e-01	4.368542925414533151e+00	7.183363200000001392e-01	-6.190196671709531362e-01
3.563563563563563741e-01	4.367352372902008284e+00	7.118610800000001460e-01	-4.884849218356027145e-01
3.573573573573573525e-01	4.365545161364961402e+00	7.248115600000000214e-01	-5.863859808371156834e-01
3.583583583583583310e-01	4.365285367247232706e+00	7.183363200000001392e-01	-6.190196671709531362e-01
3.593593593593593649e-01	4.366723821102093339e+00	6.147324800000000256e-01	-5.863859808371156834e-01
3.603603603603603434e-01	4.368636782891117676e+00	8.025144400000000511e-01	-2.274154311649017046e-01
3.613613613613613773e-01	4.370176825597698489e+00	1.096637599999999990e-01	-6.424699949571360813e-02
3.623623623623623557e-01	4.371504180429336195e+00	-7.811819999999999875e-02	3.273572365103378790e-01
3.633633633633633342e-01	4.374207157212906871e+00	-2.140982399999999952e-01	4.252582955118507924e-01
3.643643643643643681e-01	4.379384464171715230e+00	-7.321174399999998972e-01	6.863277861825517467e-01
3.653653653653653466e-01	4.385044512800073235e+00	-8.292460400000000176e-01	8.494962178517398987e-01
3.663663663663663805e-01	4.389452955129867107e+00	-9.263746400000000270e-01	1.077932022188603289e+00
3.673673673673673590e-01	4.394607458069648587e+00	-1.055879440000000002e+00	1.208466767523953767e+00
3.683683683683683929e-01	4.401451846906095255e+00	-1.114156600000000052e+00	1.339001512859304244e+00
3.693693693693693714e-01	4.407518907562422150e+00	-1.224235680000000048e+00	1.306367826525466569e+00
3.703703703703703498e-01	4.412225458006146184e+00	-1.321364280000000058e+00	1.436902571860817046e+00
3.713713713713713838e-01	4.417504495201122872e+00	-1.470294800000000235e+00	1.534803630862329848e+00
3.723723723723723622e-01	4.423402219765962151e+00	-1.457344320000000248e+00	1.567437317196167523e+00
3.733733733733733962e-01	4.428315062863145357e+00	-1.509146240000000194e+00	1.567437317196167523e+00
3.743743743743743746e-01	4.432549002813493288e+00	-1.567423400000000022e+00	1.632704689863842651e+00
3.753753753753753530e-01	4.437937967669183692e+00	-1.509146240000000194e+00	1.697972062531518000e+00
3.763763763763763870e-01	4.444272597746401487e+00	-1.580373880000000231e+00	1.632704689863842651e+00
3.773773773773773654e-01	4.449680092438449641e+00	-1.489720520000000104e+00	1.632704689863842651e+00
3.783783783783783994e-01	4.453437920667640881e+00	-1.509146240000000194e+00	1.632704689863842651e+00
3.793793793793793778e-01	4.455749048293421666e+00	-1.612750080000000308e+00	1.632704689863842651e+00
3.803803803803803563e-01	4.456976244316376068e+00	-1.496195759999999986e+00	1.600071003530005198e+00
3.813813813813813902e-01	4.457774514186526815e+00	-1.522096720000000181e+00	1.697972062531518000e+00
3.823823823823823687e-01	4.458362485837787936e+00	-1.509146240000000194e+00	1.567437317196167523e+00
3.833833833833834026e-01	4.457952582430061206e+00	-1.522096720000000181e+00	1.600071003530005198e+00
3.843843843843843811e-01	4.455706622789154636e+00	-1.528571960000000063e+00	1.534803630862329848e+00
3.853853853853853595e-01	4.452349640786141372e+00	-1.535047200000000167e+00	1.600071003530005198e+00
3.863863863863863934e-01	4.449346673812794251e+00	-1.360215720000000017e+00	1.502169944528492396e+00
3.873873873873873719e-01	4.446480517202236804e+00	-1.334314760000000266e+00	1.469536258194654943e+00
3.883883883883884058e-01	4.442489971216992295e+00	-1.191859479999999971e+00	1.404268885526979593e+00
3.893893893893893843e-01	4.437116874557379020e+00	-1.172433759999999880e+00	1.241100453857791219e+00
3.903903903903903627e-01	4.430608900247395177e+00	-9.458003599999998956e-01	1.175833081190116092e+00
3.913913913913913967e-01	4.423059509892266483e+00	-8.680974800000000879e-01	1.077932022188603289e+00
3.923923923923923751e-01	4.415080220515345211e+00	-8.551469999999999905e-01	8.168625315179022239e-01
3.933933933933934091e-01	4.407204779214829671e+00	-4.990087999999999191e-01	6.863277861825517467e-01
3.943943943943943875e-01	4.399698187975960018e+00	-2.918011200000000249e-01	5.557930408472013806e-01
3.953953953953953659e-01	4.393446279753668193e+00	-2.335239600000000026e-01	3.926246091780131731e-01
3.963963963963963999e-01	4.388756591902779114e+00	2.003171200000000152e-01	6.628774583963688294e-02
3.973973973973973783e-01	4.384798512174714169e+00	1.485152000000000139e-01	-9.688068582955121355e-02
3.983983983983984123e-01	4.381134525315035333e+00	5.370296000000001069e-01	-3.253164901664145625e-01
3.993993993993993907e-01	4.377680694710907261e+00	5.888315200000000527e-01	-5.211186081694403338e-01
4.004004004004003692e-01	4.374245508244553271e+00	7.118610800000001460e-01	-4.558512355017650397e-01
4.014014014014014031e-01	4.371326842411674463e+00	7.377620400000000078e-01	-7.169207261724660496e-01
4.024024024024023816e-01	4.369674929743506908e+00	7.118610800000001460e-01	-5.211186081694403338e-01
4.034034034034034155e-01	4.368895514168287697e+00	7.183363200000001392e-01	-6.190196671709531362e-01
4.044044044044043940e-01	4.368024134335856346e+00	7.118610800000001460e-01	-3.905838628340898566e-01
4.054054054054054279e-01	4.367255739321350916e+00	7.377620400000000078e-01	-6.190196671709531362e-01
4.064064064064064064e-01	4.367445087545148930e+00	7.118610800000001460e-01	-5.211186081694403338e-01
4.074074074074073848e-01	4.367816740628178707e+00	7.377620400000000078e-01	-5.863859808371156834e-01
4.084084084084084187e-01	4.366715675687952825e+00	7.248115600000000214e-01	-6.190196671709531362e-01
4.094094094094093972e-01	4.365254152204273375e+00	6.341582000000000052e-01	-5.537522945032778976e-01
4.104104104104104311e-01	4.366653061042618411e+00	7.830887200000000714e-01	-2.274154311649017046e-01
4.114114114114114096e-01	4.370868771712313361e+00	1.031885200000000058e-01	-1.295143721633888190e-01
4.124124124124123880e-01	4.374449004210783087e+00	-6.516772000000001230e-02	2.947235501765002597e-01
4.134134134134134220e-01	4.376543282002258728e+00	-2.076230000000000020e-01	5.557930408472013806e-01
4.144144144144144004e-01	4.379589996499068327e+00	-7.126917200000000285e-01	6.863277861825517467e-01
4.154154154154154344e-01	4.384553860257143221e+00	-8.098203199999999269e-01	8.168625315179022239e-01
4.164164164164164128e-01	4.390293069963527195e+00	-9.393251199999999024e-01	1.077932022188603289e+00
4.174174174174173912e-01	4.396051603967751298e+00	-1.049404199999999898e+00	1.143199394856278639e+00
4.184184184184184252e-01	4.401223758156005417e+00	-1.114156600000000052e+00	1.339001512859304244e+00
4.194194194194194036e-01	4.405199172725822621e+00	-1.204809959999999958e+00	1.306367826525466569e+00
4.204204204204204376e-01	4.409408453953544083e+00	-1.308413800000000071e+00	1.469536258194654943e+00
4.214214214214214160e-01	4.415760716014826670e+00	-1.476770040000000339e+00	1.436902571860817046e+00
4.224224224224223945e-01	4.422968868804390219e+00	-1.470294800000000235e+00	1.567437317196167523e+00
4.234234234234234284e-01	4.428552141369467954e+00	-1.509146240000000194e+00	1.567437317196167523e+00
4.244244244244244069e-01	4.432947980056307635e+00	-1.567423400000000022e+00	1.632704689863842651e+00
4.254254254254254408e-01	4.438259275817536320e+00	-1.509146240000000194e+00	1.632704689863842651e+00
4.264264264264264193e-01	4.444821151540696569e+00	-1.580373880000000231e+00	1.632704689863842651e+00
4.274274274274273977e-01	4.450860586761480775e+00	-1.496195759999999986e+00	1.632704689863842651e+00
4.284284284284284317e-01	4.454765753238274506e+00	-1.509146240000000194e+00	1.632704689863842651e+00
4.294294294294294101e-01	4.456708328505583516e+00	-1.593324360000000217e+00	1.632704689863842651e+00
4.304304304304304440e-01	4.457660604826853223e+00	-1.496195759999999986e+00	1.600071003530005198e+00
4.314314314314314225e-01	4.458365537459354044e+00	-1.515621480000000076e+00	1.665338376197680104e+00
4.324324324324324564e-01	4.458782978213383430e+00	-1.502671000000000090e+00	1.502169944528492396e+00
4.334334334334334349e-01	4.457628939730287065e+00	-1.522096720000000181e+00	1.600071003530005198e+00
4.344344344344344133e-01	4.455008374314712860e+00	-1.528571960000000063e+00	1.567437317196167523e+00
4.354354354354354473e-01	4.452864118282087169e+00	-1.541522440000000271e+00	1.600071003530005198e+00
4.364364364364364257e-01	4.450606605994231302e+00	-1.347265240000000031e+00	1.502169944528492396e+00
4.374374374374374597e-01	4.446226361215949829e+00	-1.340790000000000148e+00	1.469536258194654943e+00
4.384384384384384381e-01	4.440646759182038217e+00	-1.185384240000000089e+00	1.404268885526979593e+00
4.394394394394394165e-01	4.435618266689544065e+00	-1.146532799999999908e+00	1.339001512859304244e+00
4.404404404404404505e-01	4.430371975117245675e+00	-9.522755999999999998e-01	1.175833081190116092e+00
4.414414414414414289e-01	4.423105403356986542e+00	-8.680974800000000879e-01	1.077932022188603289e+00
4.424424424424424629e-01	4.414163206181841659e+00	-8.616222399999999837e-01	8.494962178517398987e-01
4.434434434434434413e-01	4.405918960004726159e+00	-5.119592800000000166e-01	7.515951588502269853e-01
4.444444444444444198e-01	4.399582711098030785e+00	-2.918011200000000249e-01	4.905256681795260310e-01
4.454454454454454537e-01	4.394424458110608001e+00	-2.399992000000000236e-01	3.599909228441755538e-01
4.464464464464464322e-01	4.389530112073984469e+00	1.938418799999999942e-01	9.892143217347457163e-02
4.474474474474474661e-01	4.384397038392527257e+00	1.420399599999999929e-01	-9.688068582955121355e-02
4.484484484484484446e-01	4.379117947455337223e+00	5.370296000000001069e-01	-3.579501765002521818e-01
4.494494494494494230e-01	4.374929581897743169e+00	5.694058000000000730e-01	-5.211186081694403338e-01
4.504504504504504570e-01	4.373026123783485097e+00	7.248115600000000214e-01	-4.558512355017650397e-01
4.514514514514514354e-01	4.372344239905312513e+00	7.571877599999999875e-01	-6.190196671709531362e-01
4.524524524524524693e-01	4.370644260070915443e+00	7.183363200000001392e-01	-4.558512355017650397e-01
4.534534534534534478e-01	4.368051308309232716e+00	7.248115600000000214e-01	-6.190196671709531362e-01
4.544544544544544262e-01	4.366772958551953465e+00	7.053858400000000417e-01	-5.537522945032778976e-01
4.554554554554554602e-01	4.367121799832693441e+00	7.442372800000001121e-01	-6.190196671709531362e-01
4.564564564564564386e-01	4.367291968482194697e+00	7.312868000000000146e-01	-5.537522945032778976e-01
4.574574574574574726e-01	4.366955517129569309e+00	7.312868000000000146e-01	-6.190196671709531362e-01
4.584584584584584510e-01	4.367212854989838355e+00	7.183363200000001392e-01	-5.537522945032778976e-01
4.594594594594594295e-01	4.368046366394982449e+00	6.341582000000000052e-01	-5.863859808371156834e-01
4.604604604604604634e-01	4.368841236873475253e+00	7.960392000000000579e-01	-1.947817448310640853e-01
4.614614614614614418e-01	4.370031107804329018e+00	1.161389999999999922e-01	-1.295143721633888190e-01
4.624624624624624758e-01	4.372531745941935277e+00	-5.869248000000000520e-02	3.273572365103378790e-01
4.634634634634634542e-01	4.376267984969848257e+00	-2.076230000000000020e-01	4.252582955118507924e-01
4.644644644644644327e-01	4.380541815982595288e+00	-7.191669600000000218e-01	7.515951588502269853e-01
4.654654654654654666e-01	4.385370595499846758e+00	-8.033450799999999337e-01	8.494962178517398987e-01
4.664664664664664451e-01	4.390681188480559882e+00	-9.458003599999998956e-01	1.110565708522440964e+00
4.674674674674674790e-01	4.395608266693283639e+00	-1.049404199999999898e+00	1.143199394856278639e+00
4.684684684684684575e-01	4.400452293859888897e+00	-1.114156600000000052e+00	1.339001512859304244e+00
4.694694694694694914e-01	4.406206105700051445e+00	-1.217760439999999944e+00	1.306367826525466569e+00
4.704704704704704699e-01	4.411976410353468658e+00	-1.301938559999999967e+00	1.469536258194654943e+00
4.714714714714714483e-01	4.416853298882878143e+00	-1.483245280000000221e+00	1.534803630862329848e+00
4.724724724724724823e-01	4.421714281578879024e+00	-1.457344320000000248e+00	1.567437317196167523e+00
4.734734734734734607e-01	4.426844199196021457e+00	-1.496195759999999986e+00	1.567437317196167523e+00
4.744744744744744946e-01	4.432053059000368833e+00	-1.573898640000000126e+00	1.600071003530005198e+00
4.754754754754754731e-01	4.438214436261598728e+00	-1.515621480000000076e+00	1.665338376197680104e+00
4.764764764764764515e-01	4.444754421662887367e+00	-1.573898640000000126e+00	1.665338376197680104e+00
4.774774774774774855e-01	4.449492144551082440e+00	-1.476770040000000339e+00	1.632704689863842651e+00
4.784784784784784639e-01	4.452715631841590138e+00	-1.502671000000000090e+00	1.632704689863842651e+00
4.794794794794794979e-01	4.455763911595336246e+00	-1.599799600000000099e+00	1.665338376197680104e+00
4.804804804804804763e-01	4.457482731636707385e+00	-1.509146240000000194e+00	1.567437317196167523e+00
4.814814814814814548e-01	4.457036926832534718e+00	-1.522096720000000181e+00	1.665338376197680104e+00
4.824824824824824887e-01	4.456045850741842784e+00	-1.489720520000000104e+00	1.600071003530005198e+00
4.834834834834834671e-01	4.455672399813138895e+00	-1.522096720000000181e+00	1.567437317196167523e+00
4.844844844844845011e-01	4.454881903736697346e+00	-1.515621480000000076e+00	1.600071003530005198e+00
4.854854854854854795e-01	4.452550281533881105e+00	-1.528571960000000063e+00	1.567437317196167523e+00
4.864864864864864580e-01	4.449084424354647460e+00	-1.347265240000000031e+00	1.534803630862329848e+00
4.874874874874874919e-01	4.445047789043111486e+00	-1.347265240000000031e+00	1.436902571860817046e+00
4.884884884884884704e-01	4.440706409868981019e+00	-1.185384240000000089e+00	1.404268885526979593e+00
4.894894894894895043e-01	4.436312693035826982e+00	-1.165958519999999998e+00	1.273734140191629116e+00
4.904904904904904828e-01	4.430699897205300886e+00	-9.587508399999999931e-01	1.175833081190116092e+00
4.914914914914914612e-01	4.422626483741743719e+00	-8.680974800000000879e-01	1.143199394856278639e+00
4.924924924924924952e-01	4.413808733826305897e+00	-8.421965199999998930e-01	8.494962178517398987e-01
4.934934934934934736e-01	4.406425340490163656e+00	-5.119592800000000166e-01	7.842288451840646601e-01
4.944944944944945076e-01	4.399708912283453621e+00	-2.723753999999999897e-01	5.557930408472013806e-01
4.954954954954954860e-01	4.392701450243099437e+00	-2.399992000000000236e-01	3.599909228441755538e-01
4.964964964964965199e-01	4.386618311027377537e+00	1.873666400000000010e-01	6.628774583963688294e-02
4.974974974974974984e-01	4.382519729093958816e+00	1.290894800000000064e-01	-1.295143721633888190e-01
4.984984984984984768e-01	4.379735443952154306e+00	5.435048399999999891e-01	-3.253164901664145625e-01
4.994994994994995108e-01	4.377043824968349206e+00	5.629305600000000798e-01	-5.211186081694403338e-01
5.005005005005005447e-01	4.373905656708929612e+00	7.248115600000000214e-01	-5.211186081694403338e-01
5.015015015015015232e-01	4.370736000508818719e+00	7.312868000000000146e-01	-6.516533535047908110e-01
5.025025025025025016e-01	4.368931343170779691e+00	7.118610800000001460e-01	-4.558512355017650397e-01
5.035035035035034801e-01	4.368895658178630903e+00	7.312868000000000146e-01	-5.863859808371156834e-01
5.045045045045044585e-01	4.368643728158492223e+00	7.053858400000000417e-01	-5.537522945032778976e-01
5.055055055055055480e-01	4.367009361732277384e+00	7.377620400000000078e-01	-6.516533535047908110e-01
5.065065065065065264e-01	4.365307466611926479e+00	7.118610800000001460e-01	-5.863859808371156834e-01
5.075075075075075048e-01	4.365113085002930049e+00	7.248115600000000214e-01	-5.537522945032778976e-01
5.085085085085084833e-01	4.366376476016599284e+00	7.183363200000001392e-01	-5.211186081694403338e-01
5.095095095095094617e-01	4.367504421237053513e+00	6.276829600000000120e-01	-5.537522945032778976e-01
5.105105105105105512e-01	4.368316813714349323e+00	7.766134800000000782e-01	-2.274154311649017046e-01
5.115115115115115296e-01	4.370107078299317216e+00	1.226142399999999993e-01	-9.688068582955121355e-02
5.125125125125125081e-01	4.372332886720575296e+00	-5.869248000000000520e-02	2.947235501765002597e-01
5.135135135135134865e-01	4.374681396298102598e+00	-2.011477600000000088e-01	5.231593545133637058e-01
5.145145145145144649e-01	4.378913972750401840e+00	-7.191669600000000218e-01	6.863277861825517467e-01
5.155155155155155544e-01	4.384777891876885825e+00	-8.033450799999999337e-01	7.842288451840646601e-01
5.165165165165165329e-01	4.389774486506765605e+00	-9.263746400000000270e-01	1.077932022188603289e+00
5.175175175175175113e-01	4.394060233663832804e+00	-1.055879440000000002e+00	1.143199394856278639e+00
5.185185185185184897e-01	4.399993150066016767e+00	-1.107681359999999948e+00	1.241100453857791219e+00
5.195195195195194682e-01	4.406887097771150508e+00	-1.191859479999999971e+00	1.371635199193141919e+00
5.205205205205205576e-01	4.412292553371014669e+00	-1.308413800000000071e+00	1.436902571860817046e+00
5.215215215215215361e-01	4.416824445775345609e+00	-1.483245280000000221e+00	1.534803630862329848e+00
5.225225225225225145e-01	4.421949278127217831e+00	-1.476770040000000339e+00	1.600071003530005198e+00
5.235235235235234930e-01	4.427172681199989412e+00	-1.509146240000000194e+00	1.600071003530005198e+00
5.245245245245244714e-01	4.431999647552521182e+00	-1.554472920000000258e+00	1.632704689863842651e+00
5.255255255255255609e-01	4.437108752775186460e+00	-1.509146240000000194e+00	1.730605748865355453e+00
5.265265265265265393e-01	4.443167182941881066e+00	-1.599799600000000099e+00	1.632704689863842651e+00
5.275275275275275177e-01	4.449106920026619783e+00	-1.496195759999999986e+00	1.567437317196167523e+00
5.285285285285284962e-01	4.453092565886907828e+00	-1.515621480000000076e+00	1.632704689863842651e+00
5.295295295295294746e-01	4.454999165079181367e+00	-1.586849120000000113e+00	1.632704689863842651e+00
5.305305305305305641e-01	4.455972010655944615e+00	-1.489720520000000104e+00	1.600071003530005198e+00
5.315315315315315425e-01	4.456992497874706416e+00	-1.528571960000000063e+00	1.600071003530005198e+00
5.325325325325325210e-01	4.458042399142152057e+00	-1.483245280000000221e+00	1.665338376197680104e+00
5.335335335335334994e-01	4.457540075506132737e+00	-1.528571960000000063e+00	1.567437317196167523e+00
5.345345345345344779e-01	4.454449599474049393e+00	-1.528571960000000063e+00	1.567437317196167523e+00
5.355355355355355673e-01	4.450588566062314122e+00	-1.535047200000000167e+00	1.534803630862329848e+00
5.365365365365365458e-01	4.448008990670486718e+00	-1.347265240000000031e+00	1.534803630862329848e+00
5.375375375375375242e-01	4.445750496450942002e+00	-1.347265240000000031e+00	1.436902571860817046e+00
5.385385385385385026e-01	4.441736828227498712e+00	-1.198334720000000075e+00	1.371635199193141919e+00
5.395395395395394811e-01	4.435730874920146505e+00	-1.140057560000000025e+00	1.339001512859304244e+00
5.405405405405405705e-01	4.428938242457833852e+00	-9.522755999999999998e-01	1.175833081190116092e+00
5.415415415415415490e-01	4.422069263308511466e+00	-8.680974800000000879e-01	1.077932022188603289e+00
5.425425425425425274e-01	4.414984689653888239e+00	-8.357212800000000108e-01	8.168625315179022239e-01
5.435435435435435059e-01	4.407841414915624867e+00	-4.860583200000000437e-01	7.842288451840646601e-01
5.445445445445444843e-01	4.401105675504390469e+00	-2.918011200000000249e-01	5.884267271810389444e-01
5.455455455455455738e-01	4.394798489281998677e+00	-2.205734800000000162e-01	3.599909228441755538e-01
5.465465465465465522e-01	4.388770751892353772e+00	2.003171200000000152e-01	9.892143217347457163e-02
5.475475475475475307e-01	4.383575818172766425e+00	1.355647199999999997e-01	-9.688068582955121355e-02
5.485485485485485091e-01	4.379642077849153381e+00	5.305543600000000026e-01	-3.253164901664145625e-01
5.495495495495495986e-01	4.376137450325434664e+00	5.758810400000000662e-01	-5.537522945032778976e-01
5.505505505505505770e-01	4.373149767891828965e+00	7.053858400000000417e-01	-4.884849218356027145e-01
5.515515515515515554e-01	4.371772737568020872e+00	7.571877599999999875e-01	-6.516533535047908110e-01
5.525525525525525339e-01	4.371050975886774381e+00	7.053858400000000417e-01	-4.558512355017650397e-01
5.535535535535535123e-01	4.369436098475424579e+00	7.312868000000000146e-01	-6.190196671709531362e-01
5.545545545545546018e-01	4.367554441267940568e+00	7.118610800000001460e-01	-4.884849218356027145e-01
5.555555555555555802e-01	4.366911760041665147e+00	7.312868000000000146e-01	-6.190196671709531362e-01
5.565565565565565587e-01	4.367214488949630713e+00	7.118610800000001460e-01	-5.211186081694403338e-01
5.575575575575575371e-01	4.366830965709547208e+00	7.248115600000000214e-01	-6.516533535047908110e-01
5.585585585585585155e-01	4.366059894039368672e+00	7.312868000000000146e-01	-6.190196671709531362e-01
5.595595595595596050e-01	4.366494648416535007e+00	6.341582000000000052e-01	-5.211186081694403338e-01
5.605605605605605835e-01	4.368309283240029650e+00	8.089896800000000443e-01	-2.274154311649017046e-01
5.615615615615615619e-01	4.371102412796334491e+00	1.290894800000000064e-01	-6.424699949571360813e-02
5.625625625625625403e-01	4.374367362403468462e+00	-7.164296000000000553e-02	3.273572365103378790e-01
5.635635635635635188e-01	4.377246361005353137e+00	-2.076230000000000020e-01	4.252582955118507924e-01
5.645645645645646082e-01	4.380096336005286695e+00	-7.126917200000000285e-01	7.515951588502269853e-01
5.655655655655655867e-01	4.384283522303905833e+00	-8.098203199999999269e-01	8.494962178517398987e-01
5.665665665665665651e-01	4.389845741023137293e+00	-9.263746400000000270e-01	1.045298335854765615e+00
5.675675675675675436e-01	4.395297841824338470e+00	-1.036453719999999912e+00	1.241100453857791219e+00
5.685685685685685220e-01	4.400055970572644526e+00	-1.081780399999999975e+00	1.371635199193141919e+00
5.695695695695696115e-01	4.404973950960319407e+00	-1.211285200000000062e+00	1.339001512859304244e+00
5.705705705705705899e-01	4.410171664955139903e+00	-1.301938559999999967e+00	1.469536258194654943e+00
5.715715715715715683e-01	4.415356742461652217e+00	-1.476770040000000339e+00	1.469536258194654943e+00
5.725725725725725468e-01	4.421230101237919818e+00	-1.470294800000000235e+00	1.600071003530005198e+00
5.735735735735735252e-01	4.427855782734539503e+00	-1.509146240000000194e+00	1.600071003530005198e+00
5.745745745745746147e-01	4.434253820154835601e+00	-1.554472920000000258e+00	1.632704689863842651e+00
5.755755755755755931e-01	4.440332334890672250e+00	-1.509146240000000194e+00	1.665338376197680104e+00
5.765765765765765716e-01	4.446252077384833967e+00	-1.580373880000000231e+00	1.632704689863842651e+00
5.775775775775775500e-01	4.450827566975785743e+00	-1.489720520000000104e+00	1.632704689863842651e+00
5.785785785785785285e-01	4.453237912373626095e+00	-1.515621480000000076e+00	1.665338376197680104e+00
5.795795795795796179e-01	4.454833388146617779e+00	-1.593324360000000217e+00	1.665338376197680104e+00
5.805805805805805964e-01	4.457033169871905898e+00	-1.489720520000000104e+00	1.600071003530005198e+00
5.815815815815815748e-01	4.458775578810540097e+00	-1.509146240000000194e+00	1.665338376197680104e+00
5.825825825825825532e-01	4.458220940798622856e+00	-1.509146240000000194e+00	1.600071003530005198e+00
5.835835835835835317e-01	4.456207276552265562e+00	-1.515621480000000076e+00	1.534803630862329848e+00
5.845845845845846211e-01	4.454826256608868995e+00	-1.535047200000000167e+00	1.567437317196167523e+00
5.855855855855855996e-01	4.453456857130204227e+00	-1.515621480000000076e+00	1.632704689863842651e+00
5.865865865865865780e-01	4.450588638784317652e+00	-1.334314760000000266e+00	1.469536258194654943e+00
5.875875875875875565e-01	4.446600657594871109e+00	-1.321364280000000058e+00	1.469536258194654943e+00
5.885885885885885349e-01	4.441773035577228690e+00	-1.185384240000000089e+00	1.371635199193141919e+00
5.895895895895896244e-01	4.436125171287385704e+00	-1.165958519999999998e+00	1.306367826525466569e+00
5.905905905905906028e-01	4.430323127394977689e+00	-9.458003599999998956e-01	1.143199394856278639e+00
5.915915915915915813e-01	4.423871456540373615e+00	-8.616222399999999837e-01	1.045298335854765615e+00
5.925925925925925597e-01	4.415839082409872773e+00	-8.421965199999998930e-01	8.494962178517398987e-01
5.935935935935935381e-01	4.407506579745526842e+00	-4.860583200000000437e-01	7.515951588502269853e-01
5.945945945945946276e-01	4.400448922040425259e+00	-2.723753999999999897e-01	5.231593545133637058e-01
5.955955955955956060e-01	4.394168951640859078e+00	-2.399992000000000236e-01	3.926246091780131731e-01
5.965965965965965845e-01	4.388511458200680337e+00	2.132676000000000016e-01	9.892143217347457163e-02
5.975975975975975629e-01	4.384342457470226329e+00	1.485152000000000139e-01	-9.688068582955121355e-02
5.985985985985985414e-01	4.381018238033288270e+00	5.305543600000000026e-01	-2.926828038325769432e-01
5.995995995995996308e-01	4.377185284761040407e+00	5.564553199999999755e-01	-4.558512355017650397e-01
6.006006006006006093e-01	4.373515654777396122e+00	7.183363200000001392e-01	-4.558512355017650397e-01
6.016016016016015877e-01	4.371409935095884158e+00	7.507125199999999943e-01	-6.516533535047908110e-01
6.026026026026025662e-01	4.369988560678846667e+00	7.248115600000000214e-01	-4.558512355017650397e-01
6.036036036036035446e-01	4.368056012583023673e+00	7.377620400000000078e-01	-6.842870398386284858e-01
6.046046046046046341e-01	4.366872202190974939e+00	7.183363200000001392e-01	-4.884849218356027145e-01
6.056056056056056125e-01	4.367191523569508682e+00	7.442372800000001121e-01	-6.190196671709531362e-01
6.066066066066065909e-01	4.367352206040139961e+00	7.183363200000001392e-01	-5.211186081694403338e-01
6.076076076076075694e-01	4.366532470434886015e+00	7.377620400000000078e-01	-6.516533535047908110e-01
6.086086086086086588e-01	4.365915830573280587e+00	7.312868000000000146e-01	-4.884849218356027145e-01
6.096096096096096373e-01	4.366333145676917660e+00	6.406334400000001095e-01	-6.190196671709531362e-01
6.106106106106106157e-01	4.367363236086304390e+00	8.025144400000000511e-01	-2.600491174987393794e-01
6.116116116116115942e-01	4.369024502789218722e+00	1.031885200000000058e-01	-9.688068582955121355e-02
6.126126126126125726e-01	4.372660509923071537e+00	-4.574200000000000488e-02	3.599909228441755538e-01
6.136136136136136621e-01	4.378166347769483657e+00	-2.076230000000000020e-01	4.578919818456884672e-01
6.146146146146146405e-01	4.382919943742693114e+00	-7.126917200000000285e-01	7.515951588502269853e-01
6.156156156156156189e-01	4.385859644305456939e+00	-7.839193599999999540e-01	8.168625315179022239e-01
6.166166166166165974e-01	4.388828989386886370e+00	-9.263746400000000270e-01	1.045298335854765615e+00
6.176176176176175758e-01	4.393284677349597267e+00	-1.036453719999999912e+00	1.175833081190116092e+00
6.186186186186186653e-01	4.399151095503393449e+00	-1.107681359999999948e+00	1.306367826525466569e+00
6.196196196196196437e-01	4.405440550648775044e+00	-1.217760439999999944e+00	1.339001512859304244e+00
6.206206206206206222e-01	4.410763178997809675e+00	-1.301938559999999967e+00	1.371635199193141919e+00
6.216216216216216006e-01	4.415406664235526968e+00	-1.489720520000000104e+00	1.502169944528492396e+00
6.226226226226225791e-01	4.421094958340765047e+00	-1.457344320000000248e+00	1.600071003530005198e+00
6.236236236236236685e-01	4.427926007832708066e+00	-1.515621480000000076e+00	1.632704689863842651e+00
6.246246246246246470e-01	4.434473163495093573e+00	-1.560948160000000140e+00	1.600071003530005198e+00
6.256256256256256254e-01	4.439861062527787006e+00	-1.502671000000000090e+00	1.665338376197680104e+00
6.266266266266266038e-01	4.444234804810569095e+00	-1.586849120000000113e+00	1.665338376197680104e+00
6.276276276276275823e-01	4.448566843475702193e+00	-1.489720520000000104e+00	1.632704689863842651e+00
6.286286286286286717e-01	4.453413228460772366e+00	-1.502671000000000090e+00	1.600071003530005198e+00
6.296296296296296502e-01	4.457160025491827327e+00	-1.586849120000000113e+00	1.665338376197680104e+00
6.306306306306306286e-01	4.457998545923288702e+00	-1.489720520000000104e+00	1.600071003530005198e+00
6.316316316316316071e-01	4.457112743397802390e+00	-1.502671000000000090e+00	1.632704689863842651e+00
6.326326326326325855e-01	4.456435145552533506e+00	-1.522096720000000181e+00	1.600071003530005198e+00
6.336336336336336750e-01	4.455494097384788965e+00	-1.502671000000000090e+00	1.534803630862329848e+00
6.346346346346346534e-01	4.453703031445717997e+00	-1.522096720000000181e+00	1.534803630862329848e+00
6.356356356356356319e-01	4.451871568678972046e+00	-1.528571960000000063e+00	1.600071003530005198e+00
6.366366366366366103e-01	4.449913875280747888e+00	-1.340790000000000148e+00	1.534803630862329848e+00
6.376376376376375887e-01	4.446789302311301206e+00	-1.340790000000000148e+00	1.404268885526979593e+00
6.386386386386386782e-01	4.441926709182582478e+00	-1.172433759999999880e+00	1.404268885526979593e+00
6.396396396396396566e-01	4.435742236010159267e+00	-1.146532799999999908e+00	1.339001512859304244e+00
6.406406406406406351e-01	4.429239493836548469e+00	-9.393251199999999024e-01	1.175833081190116092e+00
6.416416416416416135e-01	4.422635001767816654e+00	-8.680974800000000879e-01	1.045298335854765615e+00
6.426426426426425920e-01	4.415496366716132215e+00	-8.486717599999999972e-01	9.147635905194151373e-01
6.436436436436436814e-01	4.407781044789262026e+00	-4.860583200000000437e-01	7.515951588502269853e-01
6.446446446446446599e-01	4.400243428041823890e+00	-2.982763600000000181e-01	5.231593545133637058e-01
6.456456456456456383e-01	4.393758616151005825e+00	-2.464744400000000168e-01	4.252582955118507924e-01
6.466466466466466168e-01	4.388414427026290809e+00	2.003171200000000152e-01	1.641888048411497825e-01
6.476476476476475952e-01	4.384020939075996992e+00	1.420399599999999929e-01	-6.424699949571360813e-02
6.486486486486486847e-01	4.380133208218484953e+00	5.305543600000000026e-01	-3.253164901664145625e-01
6.496496496496496631e-01	4.376179308896784192e+00	5.694058000000000730e-01	-5.211186081694403338e-01
6.506506506506506415e-01	4.373068376831513504e+00	7.053858400000000417e-01	-4.232175491679274204e-01
6.516516516516516200e-01	4.371912820666557842e+00	7.571877599999999875e-01	-6.516533535047908110e-01
6.526526526526525984e-01	4.371048191879337352e+00	7.183363200000001392e-01	-5.211186081694403338e-01
6.536536536536536879e-01	4.368553741312847016e+00	7.248115600000000214e-01	-6.190196671709531362e-01
6.546546546546546663e-01	4.365979825513131019e+00	6.989106000000000485e-01	-5.863859808371156834e-01
6.556556556556556448e-01	4.365374976479633240e+00	7.183363200000001392e-01	-6.190196671709531362e-01
6.566566566566566232e-01	4.365792346897616305e+00	7.183363200000001392e-01	-6.190196671709531362e-01
6.576576576576576016e-01	4.366061403656004813e+00	7.377620400000000078e-01	-7.169207261724660496e-01
6.586586586586586911e-01	4.366967452377686243e+00	7.183363200000001392e-01	-5.211186081694403338e-01
6.596596596596596696e-01	4.368467027150467530e+00	6.341582000000000052e-01	-5.211186081694403338e-01
6.606606606606606480e-01	4.369304207841356202e+00	8.089896800000000443e-01	-1.947817448310640853e-01
6.616616616616616264e-01	4.370073967604720444e+00	1.355647199999999997e-01	-9.688068582955121355e-02
6.626626626626626049e-01	4.372508389036411813e+00	-6.516772000000001230e-02	2.947235501765002597e-01
6.636636636636636943e-01	4.376426520841882883e+00	-2.076230000000000020e-01	4.578919818456884672e-01
6.646646646646646728e-01	4.380218986447856899e+00	-7.062164799999999243e-01	7.515951588502269853e-01
6.656656656656656512e-01	4.383540165037378422e+00	-7.968698400000000515e-01	8.494962178517398987e-01
6.666666666666666297e-01	4.387623390015287228e+00	-9.134241599999999295e-01	1.077932022188603289e+00
6.676676676676676081e-01	4.393050626718142837e+00	-1.036453719999999912e+00	1.175833081190116092e+00
6.686686686686686976e-01	4.399049383869381380e+00	-1.107681359999999948e+00	1.306367826525466569e+00
6.696696696696696760e-01	4.404982556556233497e+00	-1.217760439999999944e+00	1.306367826525466569e+00
6.706706706706706544e-01	4.410906337313740266e+00	-1.327839520000000162e+00	1.404268885526979593e+00
6.716716716716716329e-01	4.416715968562487049e+00	-1.483245280000000221e+00	1.502169944528492396e+00
6.726726726726726113e-01	4.422010430938931869e+00	-1.470294800000000235e+00	1.600071003530005198e+00
6.736736736736737008e-01	4.427219019402447664e+00	-1.509146240000000194e+00	1.567437317196167523e+00
6.746746746746746792e-01	4.433018946739504251e+00	-1.554472920000000258e+00	1.567437317196167523e+00
6.756756756756756577e-01	4.438611911633035589e+00	-1.489720520000000104e+00	1.632704689863842651e+00
6.766766766766766361e-01	4.443681078447232480e+00	-1.586849120000000113e+00	1.567437317196167523e+00
6.776776776776777256e-01	4.449241538405642515e+00	-1.483245280000000221e+00	1.632704689863842651e+00
6.786786786786787040e-01	4.454008026247030294e+00	-1.502671000000000090e+00	1.632704689863842651e+00
6.796796796796796825e-01	4.456033717666671556e+00	-1.573898640000000126e+00	1.600071003530005198e+00
6.806806806806806609e-01	4.456656196428818717e+00	-1.502671000000000090e+00	1.632704689863842651e+00
6.816816816816816393e-01	4.457341407409701972e+00	-1.509146240000000194e+00	1.600071003530005198e+00
6.826826826826827288e-01	4.457203601294134288e+00	-1.476770040000000339e+00	1.600071003530005198e+00
6.836836836836837072e-01	4.455248421138540138e+00	-1.502671000000000090e+00	1.600071003530005198e+00
6.846846846846846857e-01	4.452107357350318040e+00	-1.509146240000000194e+00	1.534803630862329848e+00
6.856856856856856641e-01	4.449771540425081717e+00	-1.522096720000000181e+00	1.600071003530005198e+00
6.866866866866866426e-01	4.448683198953101936e+00	-1.340790000000000148e+00	1.502169944528492396e+00
6.876876876876877320e-01	4.446253461202972268e+00	-1.334314760000000266e+00	1.404268885526979593e+00
6.886886886886887105e-01	4.440870176085415899e+00	-1.165958519999999998e+00	1.371635199193141919e+00
6.896896896896896889e-01	4.434366467475072682e+00	-1.159483280000000116e+00	1.306367826525466569e+00
6.906906906906906674e-01	4.428445814448500606e+00	-9.458003599999998956e-01	1.143199394856278639e+00
6.916916916916916458e-01	4.422225544358095561e+00	-8.745727199999999701e-01	1.110565708522440964e+00
6.926926926926927353e-01	4.414624132702625658e+00	-8.421965199999998930e-01	8.168625315179022239e-01
6.936936936936937137e-01	4.406595425203459371e+00	-4.990087999999999191e-01	8.168625315179022239e-01
6.946946946946946921e-01	4.399579668071946337e+00	-2.788506400000000385e-01	5.557930408472013806e-01
6.956956956956956706e-01	4.393754592206709830e+00	-2.335239600000000026e-01	4.252582955118507924e-01
6.966966966966966490e-01	4.389087443709709824e+00	2.067923600000000084e-01	9.892143217347457163e-02
6.976976976976977385e-01	4.385230702327578278e+00	1.549904400000000071e-01	-6.424699949571360813e-02
6.986986986986987169e-01	4.380940645237196840e+00	5.176038800000000162e-01	-3.253164901664145625e-01
6.996996996996996954e-01	4.376451952200420159e+00	5.758810400000000662e-01	-5.537522945032778976e-01
7.007007007007006738e-01	4.373405226044913441e+00	7.183363200000001392e-01	-3.905838628340898566e-01
7.017017017017016522e-01	4.371576263882772651e+00	7.507125199999999943e-01	-6.842870398386284858e-01
7.027027027027027417e-01	4.369892370439965035e+00	7.118610800000001460e-01	-4.558512355017650397e-01
7.037037037037037202e-01	4.368627727852188336e+00	7.312868000000000146e-01	-6.190196671709531362e-01
7.047047047047046986e-01	4.367559772356747416e+00	7.118610800000001460e-01	-5.863859808371156834e-01
7.057057057057056770e-01	4.366103969457238776e+00	7.312868000000000146e-01	-7.169207261724660496e-01
7.067067067067066555e-01	4.364995686144121478e+00	7.183363200000001392e-01	-5.211186081694403338e-01
7.077077077077077449e-01	4.364958880970511323e+00	7.248115600000000214e-01	-6.190196671709531362e-01
7.087087087087087234e-01	4.365985692905694826e+00	7.248115600000000214e-01	-5.211186081694403338e-01
7.097097097097097018e-01	4.367662326846868837e+00	6.471086800000001027e-01	-5.537522945032778976e-01
7.107107107107106803e-01	4.369300581987845433e+00	8.025144400000000511e-01	-1.947817448310640853e-01
7.117117117117116587e-01	4.370986559532587634e+00	1.226142399999999993e-01	-1.295143721633888190e-01
7.127127127127127482e-01	4.373511903629467845e+00	-4.574200000000000488e-02	3.273572365103378790e-01
7.137137137137137266e-01	4.376773802157496895e+00	-1.946725200000000155e-01	4.578919818456884672e-01
7.147147147147147050e-01	4.380056012752118200e+00	-7.062164799999999243e-01	6.863277861825517467e-01
7.157157157157156835e-01	4.383889306935304653e+00	-8.227708000000000244e-01	8.494962178517398987e-01
7.167167167167166619e-01	4.389270428456407913e+00	-9.328498800000000202e-01	1.045298335854765615e+00
7.177177177177177514e-01	4.395626626594192565e+00	-1.049404199999999898e+00	1.110565708522440964e+00
7.187187187187187298e-01	4.401875458366446559e+00	-1.094730879999999962e+00	1.306367826525466569e+00
7.197197197197197083e-01	4.407577234859147985e+00	-1.191859479999999971e+00	1.371635199193141919e+00
7.207207207207206867e-01	4.412375382207105901e+00	-1.295463320000000085e+00	1.469536258194654943e+00
7.217217217217216652e-01	4.416971718326092144e+00	-1.457344320000000248e+00	1.469536258194654943e+00
7.227227227227227546e-01	4.422915418529721698e+00	-1.457344320000000248e+00	1.632704689863842651e+00
7.237237237237237331e-01	4.429780685956862918e+00	-1.509146240000000194e+00	1.632704689863842651e+00
7.247247247247247115e-01	4.435319886029978065e+00	-1.541522440000000271e+00	1.632704689863842651e+00
7.257257257257256899e-01	4.438876915710475934e+00	-1.483245280000000221e+00	1.632704689863842651e+00
7.267267267267266684e-01	4.442352141991524839e+00	-1.580373880000000231e+00	1.632704689863842651e+00
7.277277277277277578e-01	4.447598913676197085e+00	-1.483245280000000221e+00	1.697972062531518000e+00
7.287287287287287363e-01	4.453826217681717381e+00	-1.496195759999999986e+00	1.665338376197680104e+00
7.297297297297297147e-01	4.458097263097078766e+00	-1.586849120000000113e+00	1.665338376197680104e+00
7.307307307307306932e-01	4.459075984276406501e+00	-1.489720520000000104e+00	1.600071003530005198e+00
7.317317317317316716e-01	4.458311735574886470e+00	-1.509146240000000194e+00	1.632704689863842651e+00
7.327327327327327611e-01	4.457084725081709387e+00	-1.496195759999999986e+00	1.600071003530005198e+00
7.337337337337337395e-01	4.455726461015727224e+00	-1.502671000000000090e+00	1.567437317196167523e+00
7.347347347347347180e-01	4.454582603926631634e+00	-1.515621480000000076e+00	1.534803630862329848e+00
7.357357357357356964e-01	4.452623816435741233e+00	-1.502671000000000090e+00	1.665338376197680104e+00
7.367367367367367859e-01	4.449004993445308642e+00	-1.347265240000000031e+00	1.502169944528492396e+00
7.377377377377377643e-01	4.445388873859229761e+00	-1.334314760000000266e+00	1.436902571860817046e+00
7.387387387387387427e-01	4.442318650564951454e+00	-1.178908999999999985e+00	1.371635199193141919e+00
7.397397397397397212e-01	4.437538070956734693e+00	-1.153008040000000012e+00	1.306367826525466569e+00
7.407407407407406996e-01	4.430305793667388414e+00	-9.458003599999998956e-01	1.143199394856278639e+00
7.417417417417417891e-01	4.422460330269010420e+00	-8.745727199999999701e-01	1.110565708522440964e+00
7.427427427427427675e-01	4.415397469787684770e+00	-8.421965199999998930e-01	8.821299041855775735e-01
7.437437437437437460e-01	4.408705949695267634e+00	-4.795830800000000504e-01	7.189614725163894215e-01
7.447447447447447244e-01	4.401443220641411358e+00	-2.788506400000000385e-01	5.557930408472013806e-01
7.457457457457457028e-01	4.394238346222865133e+00	-2.140982399999999952e-01	3.926246091780131731e-01
7.467467467467467923e-01	4.388841767226041135e+00	1.938418799999999942e-01	9.892143217347457163e-02
7.477477477477477708e-01	4.385235786318052220e+00	1.161389999999999922e-01	-3.161331316187596802e-02
7.487487487487487492e-01	4.381387506999613990e+00	5.305543600000000026e-01	-2.926828038325769432e-01
7.497497497497497276e-01	4.376774049671298350e+00	5.694058000000000730e-01	-5.211186081694403338e-01
7.507507507507507061e-01	4.373478798243688459e+00	7.248115600000000214e-01	-4.558512355017650397e-01
7.517517517517517955e-01	4.372147661356643233e+00	7.507125199999999943e-01	-6.842870398386284858e-01
7.527527527527527740e-01	4.370676786344639630e+00	7.248115600000000214e-01	-4.884849218356027145e-01
7.537537537537537524e-01	4.368222667257566805e+00	7.312868000000000146e-01	-6.190196671709531362e-01
7.547547547547547309e-01	4.366125126449406757e+00	7.053858400000000417e-01	-4.884849218356027145e-01
7.557557557557557093e-01	4.365453869261486375e+00	7.377620400000000078e-01	-6.516533535047908110e-01
7.567567567567567988e-01	4.366128302244530524e+00	7.248115600000000214e-01	-5.863859808371156834e-01
7.577577577577577772e-01	4.366755476450036255e+00	7.377620400000000078e-01	-6.190196671709531362e-01
7.587587587587587556e-01	4.366479130219669713e+00	7.312868000000000146e-01	-5.211186081694403338e-01
7.597597597597597341e-01	4.366732763894038527e+00	6.406334400000001095e-01	-5.537522945032778976e-01
7.607607607607607125e-01	4.368552763723063670e+00	7.895639599999999536e-01	-2.600491174987393794e-01
7.617617617617618020e-01	4.371421920050565291e+00	1.096637599999999990e-01	-9.688068582955121355e-02
7.627627627627627804e-01	4.374996309614568091e+00	-5.869248000000000520e-02	2.947235501765002597e-01
7.637637637637637589e-01	4.378436623721943199e+00	-2.011477600000000088e-01	4.578919818456884672e-01
7.647647647647647373e-01	4.381097304834863593e+00	-6.867907599999999446e-01	6.863277861825517467e-01
7.657657657657657158e-01	4.384349637618955242e+00	-8.033450799999999337e-01	8.821299041855775735e-01
7.667667667667668052e-01	4.389065468843661222e+00	-9.263746400000000270e-01	9.147635905194151373e-01
7.677677677677677837e-01	4.394547242647321106e+00	-1.029978480000000030e+00	1.143199394856278639e+00
7.687687687687687621e-01	4.400391213100443011e+00	-1.094730879999999962e+00	1.306367826525466569e+00
7.697697697697697405e-01	4.406066008987891358e+00	-1.204809959999999958e+00	1.371635199193141919e+00
7.707707707707707190e-01	4.411449548257432518e+00	-1.321364280000000058e+00	1.469536258194654943e+00
7.717717717717718084e-01	4.417082192342062008e+00	-1.470294800000000235e+00	1.534803630862329848e+00
7.727727727727727869e-01	4.422427468624932523e+00	-1.457344320000000248e+00	1.600071003530005198e+00
7.737737737737737653e-01	4.427283646012819318e+00	-1.515621480000000076e+00	1.600071003530005198e+00
7.747747747747747438e-01	4.432482575969420857e+00	-1.541522440000000271e+00	1.665338376197680104e+00
7.757757757757757222e-01	4.437857928191235146e+00	-1.496195759999999986e+00	1.665338376197680104e+00
7.767767767767768117e-01	4.443136843662252922e+00	-1.560948160000000140e+00	1.632704689863842651e+00
7.777777777777777901e-01	4.448682679866855949e+00	-1.483245280000000221e+00	1.697972062531518000e+00
7.787787787787787686e-01	4.453628028577643505e+00	-1.509146240000000194e+00	1.697972062531518000e+00
7.797797797797797470e-01	4.456795430621716569e+00	-1.573898640000000126e+00	1.632704689863842651e+00
7.807807807807807254e-01	4.458644061800248082e+00	-1.483245280000000221e+00	1.632704689863842651e+00
7.817817817817818149e-01	4.459184476227308735e+00	-1.496195759999999986e+00	1.632704689863842651e+00
7.827827827827827933e-01	4.457365382753121885e+00	-1.483245280000000221e+00	1.600071003530005198e+00
7.837837837837837718e-01	4.454300915866160615e+00	-1.509146240000000194e+00	1.600071003530005198e+00
7.847847847847847502e-01	4.452494224944447687e+00	-1.522096720000000181e+00	1.600071003530005198e+00
7.857857857857857287e-01	4.451940792382012013e+00	-1.522096720000000181e+00	1.567437317196167523e+00
7.867867867867868181e-01	4.450381989078692868e+00	-1.334314760000000266e+00	1.502169944528492396e+00
7.877877877877877966e-01	4.446730786181827710e+00	-1.334314760000000266e+00	1.436902571860817046e+00
7.887887887887887750e-01	4.441999543755920321e+00	-1.178908999999999985e+00	1.371635199193141919e+00
7.897897897897897534e-01	4.436860464513840085e+00	-1.146532799999999908e+00	1.404268885526979593e+00
7.907907907907907319e-01	4.430843438888185659e+00	-9.587508399999999931e-01	1.208466767523953767e+00
7.917917917917918214e-01	4.423511345744038259e+00	-8.680974800000000879e-01	1.045298335854765615e+00
7.927927927927927998e-01	4.414999771561540776e+00	-8.357212800000000108e-01	9.147635905194151373e-01
7.937937937937937782e-01	4.406422885007470036e+00	-4.860583200000000437e-01	7.515951588502269853e-01
7.947947947947947567e-01	4.399109987628124330e+00	-2.788506400000000385e-01	5.557930408472013806e-01
7.957957957957957351e-01	4.393504031996703141e+00	-2.270487200000000094e-01	4.252582955118507924e-01
7.967967967967968246e-01	4.389020821224113966e+00	2.003171200000000152e-01	6.628774583963688294e-02
7.977977977977978030e-01	4.384397537493991415e+00	1.485152000000000139e-01	-6.424699949571360813e-02
7.987987987987987815e-01	4.379300994304981209e+00	5.240791200000000094e-01	-2.926828038325769432e-01
7.997997997997997599e-01	4.375010657972993044e+00	5.694058000000000730e-01	-5.211186081694403338e-01
8.008008008008007383e-01	4.372437133535491682e+00	7.118610800000001460e-01	-4.558512355017650397e-01
8.018018018018018278e-01	4.371020928922479953e+00	7.442372800000001121e-01	-6.516533535047908110e-01
8.028028028028028062e-01	4.369813377559878198e+00	7.053858400000000417e-01	-4.558512355017650397e-01
8.038038038038037847e-01	4.368382899262150509e+00	7.312868000000000146e-01	-6.516533535047908110e-01
8.048048048048047631e-01	4.367329111286950116e+00	7.053858400000000417e-01	-5.537522945032778976e-01
8.058058058058058526e-01	4.367291920527887505e+00	7.312868000000000146e-01	-6.516533535047908110e-01
8.068068068068068310e-01	4.367295000872863042e+00	7.183363200000001392e-01	-5.211186081694403338e-01
8.078078078078078095e-01	4.366439557435357166e+00	7.442372800000001121e-01	-5.537522945032778976e-01
8.088088088088087879e-01	4.365802152480965148e+00	7.248115600000000214e-01	-5.537522945032778976e-01
8.098098098098097664e-01	4.366790226715711043e+00	6.276829600000000120e-01	-5.537522945032778976e-01
8.108108108108108558e-01	4.368938865237348423e+00	7.830887200000000714e-01	-2.274154311649017046e-01
8.118118118118118343e-01	4.370556706705336580e+00	1.355647199999999997e-01	-9.688068582955121355e-02
8.128128128128128127e-01	4.371683967407824944e+00	-7.164296000000000553e-02	2.947235501765002597e-01
8.138138138138137911e-01	4.374370531243070737e+00	-2.011477600000000088e-01	4.252582955118507924e-01
8.148148148148147696e-01	4.379676370814290287e+00	-6.997412400000000421e-01	7.189614725163894215e-01
8.158158158158158590e-01	4.386193453801062070e+00	-8.098203199999999269e-01	8.168625315179022239e-01
8.168168168168168375e-01	4.391703505445279987e+00	-9.134241599999999295e-01	1.110565708522440964e+00
8.178178178178178159e-01	4.395913992332252995e+00	-1.036453719999999912e+00	1.110565708522440964e+00
8.188188188188187944e-01	4.400201969819095282e+00	-1.088255640000000080e+00	1.306367826525466569e+00
8.198198198198197728e-01	4.405221604424764514e+00	-1.198334720000000075e+00	1.339001512859304244e+00
8.208208208208208623e-01	4.410783326773772828e+00	-1.308413800000000071e+00	1.502169944528492396e+00
8.218218218218218407e-01	4.416600092886541873e+00	-1.483245280000000221e+00	1.534803630862329848e+00
8.228228228228228192e-01	4.422432263658890861e+00	-1.450869080000000144e+00	1.665338376197680104e+00
8.238238238238237976e-01	4.428511581019455079e+00	-1.502671000000000090e+00	1.600071003530005198e+00
8.248248248248247760e-01	4.434792738109082144e+00	-1.547997679999999932e+00	1.632704689863842651e+00
8.258258258258258655e-01	4.440172327335508484e+00	-1.489720520000000104e+00	1.632704689863842651e+00
8.268268268268268439e-01	4.444325473527986681e+00	-1.573898640000000126e+00	1.697972062531518000e+00
8.278278278278278224e-01	4.448622747732238203e+00	-1.470294800000000235e+00	1.632704689863842651e+00
8.288288288288288008e-01	4.453385996972150096e+00	-1.483245280000000221e+00	1.534803630862329848e+00
8.298298298298297793e-01	4.456513335144887122e+00	-1.567423400000000022e+00	1.632704689863842651e+00
8.308308308308308687e-01	4.457234910707735587e+00	-1.502671000000000090e+00	1.567437317196167523e+00
8.318318318318318472e-01	4.457591559503424783e+00	-1.509146240000000194e+00	1.632704689863842651e+00
8.328328328328328256e-01	4.457698766614988983e+00	-1.489720520000000104e+00	1.600071003530005198e+00
8.338338338338338041e-01	4.455776957387599602e+00	-1.502671000000000090e+00	1.632704689863842651e+00
8.348348348348347825e-01	4.452739428295633850e+00	-1.502671000000000090e+00	1.600071003530005198e+00
8.358358358358358720e-01	4.450531947986352321e+00	-1.515621480000000076e+00	1.632704689863842651e+00
8.368368368368368504e-01	4.448577385109703464e+00	-1.334314760000000266e+00	1.534803630862329848e+00
8.378378378378378288e-01	4.445344256735637600e+00	-1.327839520000000162e+00	1.469536258194654943e+00
8.388388388388388073e-01	4.440872988200490923e+00	-1.178908999999999985e+00	1.371635199193141919e+00
8.398398398398397857e-01	4.435715864998331703e+00	-1.159483280000000116e+00	1.241100453857791219e+00
8.408408408408408752e-01	4.429371111031314534e+00	-9.522755999999999998e-01	1.143199394856278639e+00
8.418418418418418536e-01	4.421729207124835526e+00	-8.616222399999999837e-01	1.045298335854765615e+00
8.428428428428428321e-01	4.414087673669887302e+00	-8.421965199999998930e-01	8.494962178517398987e-01
8.438438438438438105e-01	4.407387695649892301e+00	-4.925335599999999814e-01	7.515951588502269853e-01
8.448448448448447889e-01	4.401036770255698727e+00	-2.594249200000000033e-01	5.557930408472013806e-01
8.458458458458458784e-01	4.394515439340597851e+00	-2.335239600000000026e-01	3.926246091780131731e-01
8.468468468468468568e-01	4.388408488508772187e+00	2.067923600000000084e-01	1.641888048411497825e-01
8.478478478478478353e-01	4.383218770797297381e+00	1.485152000000000139e-01	-9.688068582955121355e-02
8.488488488488488137e-01	4.379375497109724513e+00	5.240791200000000094e-01	-2.926828038325769432e-01
8.498498498498497922e-01	4.376890073659912339e+00	5.823562799999999484e-01	-4.884849218356027145e-01
8.508508508508508816e-01	4.374275160282115493e+00	7.183363200000001392e-01	-3.905838628340898566e-01
8.518518518518518601e-01	4.370959466656106684e+00	7.442372800000001121e-01	-6.190196671709531362e-01
8.528528528528528385e-01	4.368746979433833388e+00	7.053858400000000417e-01	-4.558512355017650397e-01
8.538538538538538170e-01	4.368544968033211795e+00	7.248115600000000214e-01	-6.516533535047908110e-01
8.548548548548547954e-01	4.368544051577115894e+00	6.989106000000000485e-01	-5.537522945032778976e-01
8.558558558558558849e-01	4.367217325597764876e+00	7.377620400000000078e-01	-6.190196671709531362e-01
8.568568568568568633e-01	4.366089889837130755e+00	7.118610800000001460e-01	-4.884849218356027145e-01
8.578578578578578417e-01	4.366725058245028102e+00	7.377620400000000078e-01	-5.537522945032778976e-01
8.588588588588588202e-01	4.367636101255842007e+00	7.248115600000000214e-01	-5.537522945032778976e-01
8.598598598598597986e-01	4.367660883077416401e+00	6.276829600000000120e-01	-5.537522945032778976e-01
8.608608608608608881e-01	4.368340193352388212e+00	8.089896800000000443e-01	-1.947817448310640853e-01
8.618618618618618665e-01	4.370901755734521110e+00	1.096637599999999990e-01	-9.688068582955121355e-02
8.628628628628628450e-01	4.374278405372580281e+00	-5.869248000000000520e-02	2.947235501765002597e-01
8.638638638638638234e-01	4.377284068715344922e+00	-2.076230000000000020e-01	4.578919818456884672e-01
8.648648648648649129e-01	4.380599168078251004e+00	-7.062164799999999243e-01	7.189614725163894215e-01
8.658658658658658913e-01	4.385094288535628770e+00	-8.033450799999999337e-01	8.168625315179022239e-01
8.668668668668668698e-01	4.390263127335718885e+00	-9.004736800000000541e-01	1.110565708522440964e+00
8.678678678678678482e-01	4.395413669303222193e+00	-1.017028000000000043e+00	1.110565708522440964e+00
8.688688688688688266e-01	4.400394242343669937e+00	-1.114156600000000052e+00	1.306367826525466569e+00
8.698698698698699161e-01	4.405140930715034209e+00	-1.185384240000000089e+00	1.371635199193141919e+00
8.708708708708708945e-01	4.410233714306014186e+00	-1.314889040000000175e+00	1.502169944528492396e+00
8.718718718718718730e-01	4.416748102744087134e+00	-1.470294800000000235e+00	1.534803630862329848e+00
8.728728728728728514e-01	4.423864955081130645e+00	-1.457344320000000248e+00	1.600071003530005198e+00
8.738738738738738299e-01	4.429376906443653006e+00	-1.496195759999999986e+00	1.632704689863842651e+00
8.748748748748749193e-01	4.433437045482354399e+00	-1.541522440000000271e+00	1.600071003530005198e+00
8.758758758758758978e-01	4.438177786652254930e+00	-1.483245280000000221e+00	1.632704689863842651e+00
8.768768768768768762e-01	4.444336094427154826e+00	-1.567423400000000022e+00	1.665338376197680104e+00
8.778778778778778547e-01	4.450524756678994720e+00	-1.470294800000000235e+00	1.665338376197680104e+00
8.788788788788788331e-01	4.454677964203869855e+00	-1.502671000000000090e+00	1.665338376197680104e+00
8.798798798798799226e-01	4.456295731876172894e+00	-1.554472920000000258e+00	1.665338376197680104e+00
8.808808808808809010e-01	4.456999685287078350e+00	-1.470294800000000235e+00	1.632704689863842651e+00
8.818818818818818794e-01	4.457831525598827227e+00	-1.515621480000000076e+00	1.600071003530005198e+00
8.828828828828828579e-01	4.457818151907215309e+00	-1.489720520000000104e+00	1.600071003530005198e+00
8.838838838838838363e-01	4.456227474943637468e+00	-1.509146240000000194e+00	1.567437317196167523e+00
8.848848848848849258e-01	4.453931052822659886e+00	-1.496195759999999986e+00	1.600071003530005198e+00
8.858858858858859042e-01	4.451770653704071101e+00	-1.515621480000000076e+00	1.600071003530005198e+00
8.868868868868868827e-01	4.449671806954020425e+00	-1.321364280000000058e+00	1.567437317196167523e+00
8.878878878878878611e-01	4.446661414601854823e+00	-1.321364280000000058e+00	1.404268885526979593e+00
8.888888888888888395e-01	4.441478386906258180e+00	-1.165958519999999998e+00	1.404268885526979593e+00
8.898898898898899290e-01	4.434937766382004654e+00	-1.153008040000000012e+00	1.241100453857791219e+00
8.908908908908909074e-01	4.428826074101745114e+00	-9.393251199999999024e-01	1.208466767523953767e+00
8.918918918918918859e-01	4.422571574666974037e+00	-8.680974800000000879e-01	1.045298335854765615e+00
8.928928928928928643e-01	4.415079785681799152e+00	-8.421965199999998930e-01	8.168625315179022239e-01
8.938938938938938428e-01	4.407293366162739368e+00	-4.601573600000000153e-01	7.515951588502269853e-01
8.948948948948949322e-01	4.400647267693014619e+00	-2.723753999999999897e-01	5.557930408472013806e-01
8.958958958958959107e-01	4.395075404151242537e+00	-2.270487200000000094e-01	3.926246091780131731e-01
8.968968968968968891e-01	4.389753391872952548e+00	2.391685600000000023e-01	1.315551185073121632e-01
8.978978978978978676e-01	4.384971443999801544e+00	1.420399599999999929e-01	-1.295143721633888190e-01
8.988988988988988460e-01	4.380895489215891558e+00	5.111286400000001340e-01	-3.253164901664145625e-01
8.998998998998999355e-01	4.376686690222557630e+00	5.629305600000000798e-01	-5.211186081694403338e-01
9.009009009009009139e-01	4.373010214009498853e+00	7.183363200000001392e-01	-4.558512355017650397e-01
9.019019019019018923e-01	4.371263449507597265e+00	7.571877599999999875e-01	-6.516533535047908110e-01
9.029029029029028708e-01	4.370634887814014213e+00	7.118610800000001460e-01	-4.884849218356027145e-01
9.039039039039038492e-01	4.369433520651233138e+00	7.377620400000000078e-01	-5.863859808371156834e-01
9.049049049049049387e-01	4.367681457297214465e+00	7.053858400000000417e-01	-5.211186081694403338e-01
9.059059059059059171e-01	4.366600159617366472e+00	7.312868000000000146e-01	-5.863859808371156834e-01
9.069069069069068956e-01	4.366868480846751943e+00	7.118610800000001460e-01	-5.211186081694403338e-01
9.079079079079078740e-01	4.367866790649657105e+00	7.377620400000000078e-01	-5.863859808371156834e-01
9.089089089089088525e-01	4.368008926627363842e+00	7.377620400000000078e-01	-5.211186081694403338e-01
9.099099099099099419e-01	4.367282142639127507e+00	6.341582000000000052e-01	-5.537522945032778976e-01
9.109109109109109204e-01	4.367833716403248800e+00	8.089896800000000443e-01	-2.600491174987393794e-01
9.119119119119118988e-01	4.370359755099888943e+00	1.161389999999999922e-01	-6.424699949571360813e-02
9.129129129129128772e-01	4.373599019976417424e+00	-3.926676000000000472e-02	2.947235501765002597e-01
9.139139139139138557e-01	4.376733035812079287e+00	-2.011477600000000088e-01	4.905256681795260310e-01
9.149149149149149451e-01	4.380163824825149099e+00	-6.997412400000000421e-01	6.863277861825517467e-01
9.159159159159159236e-01	4.384760709440508997e+00	-7.903945999999999472e-01	8.821299041855775735e-01
9.169169169169169020e-01	4.390209150531013016e+00	-9.069489200000000473e-01	1.045298335854765615e+00
9.179179179179178805e-01	4.395457110487605235e+00	-1.017028000000000043e+00	1.143199394856278639e+00
9.189189189189188589e-01	4.400317090995138791e+00	-1.107681359999999948e+00	1.306367826525466569e+00
9.199199199199199484e-01	4.405213862703853955e+00	-1.198334720000000075e+00	1.273734140191629116e+00
9.209209209209209268e-01	4.410750599201912259e+00	-1.308413800000000071e+00	1.404268885526979593e+00
9.219219219219219053e-01	4.417103425056655652e+00	-1.483245280000000221e+00	1.534803630862329848e+00
9.229229229229228837e-01	4.423349863343880806e+00	-1.450869080000000144e+00	1.600071003530005198e+00
9.239239239239238621e-01	4.428844751439170224e+00	-1.489720520000000104e+00	1.567437317196167523e+00
9.249249249249249516e-01	4.434338000150215287e+00	-1.541522440000000271e+00	1.600071003530005198e+00
9.259259259259259300e-01	4.440179038936721945e+00	-1.496195759999999986e+00	1.665338376197680104e+00
9.269269269269269085e-01	4.445299946166332283e+00	-1.567423400000000022e+00	1.665338376197680104e+00
9.279279279279278869e-01	4.449085663135111446e+00	-1.489720520000000104e+00	1.632704689863842651e+00
9.289289289289288654e-01	4.452175676250293535e+00	-1.476770040000000339e+00	1.632704689863842651e+00
9.299299299299299548e-01	4.455401841986169842e+00	-1.573898640000000126e+00	1.632704689863842651e+00
9.309309309309309333e-01	4.458504229821314446e+00	-1.470294800000000235e+00	1.632704689863842651e+00
9.319319319319319117e-01	4.459615825903505026e+00	-1.489720520000000104e+00	1.632704689863842651e+00
9.329329329329328901e-01	4.457984016094336255e+00	-1.489720520000000104e+00	1.534803630862329848e+00
9.339339339339339796e-01	4.455615472734145044e+00	-1.502671000000000090e+00	1.567437317196167523e+00
9.349349349349349581e-01	4.453940389455314453e+00	-1.509146240000000194e+00	1.534803630862329848e+00
9.359359359359359365e-01	4.451985655796613983e+00	-1.496195759999999986e+00	1.632704689863842651e+00
9.369369369369369149e-01	4.448613567541101155e+00	-1.321364280000000058e+00	1.502169944528492396e+00
9.379379379379378934e-01	4.444310693396356093e+00	-1.314889040000000175e+00	1.436902571860817046e+00
9.389389389389389828e-01	4.440291287882293325e+00	-1.172433759999999880e+00	1.436902571860817046e+00
9.399399399399399613e-01	4.436281760074404446e+00	-1.159483280000000116e+00	1.371635199193141919e+00
9.409409409409409397e-01	4.430316064219495864e+00	-9.458003599999998956e-01	1.175833081190116092e+00
9.419419419419419182e-01	4.421876466297296915e+00	-8.486717599999999972e-01	1.077932022188603289e+00
9.429429429429428966e-01	4.413181432008348892e+00	-8.421965199999998930e-01	8.821299041855775735e-01
9.439439439439439861e-01	4.405938245539048559e+00	-4.731078399999999462e-01	7.842288451840646601e-01
9.449449449449449645e-01	4.399674779027654026e+00	-2.853258800000000317e-01	5.231593545133637058e-01
9.459459459459459429e-01	4.393864971104628481e+00	-2.399992000000000236e-01	3.599909228441755538e-01
9.469469469469469214e-01	4.389123123239867752e+00	2.326933200000000090e-01	1.315551185073121632e-01
9.479479479479478998e-01	4.385225608604474523e+00	1.420399599999999929e-01	-6.424699949571360813e-02
9.489489489489489893e-01	4.380631457100542470e+00	5.176038800000000162e-01	-3.579501765002521818e-01
9.499499499499499677e-01	4.375535780211257553e+00	5.758810400000000662e-01	-4.884849218356027145e-01
9.509509509509509462e-01	4.371879253615202465e+00	7.183363200000001392e-01	-3.905838628340898566e-01
9.519519519519519246e-01	4.370387546101892617e+00	7.636630000000000917e-01	-5.863859808371156834e-01
9.529529529529529031e-01	4.370157483426314826e+00	7.312868000000000146e-01	-4.232175491679274204e-01
9.539539539539539925e-01	4.369985363087665498e+00	7.183363200000001392e-01	-6.190196671709531362e-01
9.549549549549549710e-01	4.369167777728101498e+00	7.118610800000001460e-01	-4.884849218356027145e-01
9.559559559559559494e-01	4.367510430123954457e+00	7.377620400000000078e-01	-5.863859808371156834e-01
9.569569569569569278e-01	4.365955161517958594e+00	7.183363200000001392e-01	-5.211186081694403338e-01
9.579579579579579063e-01	4.366035102323050587e+00	7.312868000000000146e-01	-6.190196671709531362e-01
9.589589589589589957e-01	4.366984389590015780e+00	7.312868000000000146e-01	-5.537522945032778976e-01
9.599599599599599742e-01	4.367325736933740821e+00	6.212077200000000188e-01	-5.537522945032778976e-01
9.609609609609609526e-01	4.368203414517162209e+00	7.960392000000000579e-01	-1.947817448310640853e-01
9.619619619619619311e-01	4.370257166799076387e+00	1.355647199999999997e-01	-9.688068582955121355e-02
9.629629629629629095e-01	4.372405368330279707e+00	-5.869248000000000520e-02	3.273572365103378790e-01
9.639639639639639990e-01	4.375632260462601231e+00	-1.881972800000000223e-01	4.905256681795260310e-01
9.649649649649649774e-01	4.381101548578968163e+00	-7.062164799999999243e-01	6.863277861825517467e-01
9.659659659659659559e-01	4.386449817258965211e+00	-7.968698400000000515e-01	8.168625315179022239e-01
9.669669669669669343e-01	4.389958236803580327e+00	-9.134241599999999295e-01	1.077932022188603289e+00
9.679679679679679127e-01	4.393950437795169250e+00	-1.029978480000000030e+00	1.110565708522440964e+00
9.689689689689690022e-01	4.400048494176043157e+00	-1.081780399999999975e+00	1.339001512859304244e+00
9.699699699699699806e-01	4.406710303030926035e+00	-1.204809959999999958e+00	1.339001512859304244e+00
9.709709709709709591e-01	4.412613093843916978e+00	-1.301938559999999967e+00	1.469536258194654943e+00
9.719719719719719375e-01	4.417995010085357777e+00	-1.483245280000000221e+00	1.469536258194654943e+00
9.729729729729729160e-01	4.423316112899261299e+00	-1.457344320000000248e+00	1.600071003530005198e+00
9.739739739739740054e-01	4.428689644378844825e+00	-1.489720520000000104e+00	1.632704689863842651e+00
9.749749749749749839e-01	4.434350719035668575e+00	-1.547997679999999932e+00	1.600071003530005198e+00
9.759759759759759623e-01	4.440218096269976655e+00	-1.489720520000000104e+00	1.665338376197680104e+00
9.769769769769769407e-01	4.445257383298240050e+00	-1.580373880000000231e+00	1.632704689863842651e+00
9.779779779779779192e-01	4.449006426195908581e+00	-1.470294800000000235e+00	1.665338376197680104e+00
9.789789789789790087e-01	4.452418334573395420e+00	-1.496195759999999986e+00	1.632704689863842651e+00
9.799799799799799871e-01	4.455838206288136760e+00	-1.560948160000000140e+00	1.632704689863842651e+00
9.809809809809809655e-01	4.457927198180660078e+00	-1.496195759999999986e+00	1.600071003530005198e+00
9.819819819819819440e-01	4.457913232460775532e+00	-1.489720520000000104e+00	1.600071003530005198e+00
9.829829829829829224e-01	4.457021770465812160e+00	-1.476770040000000339e+00	1.632704689863842651e+00
9.839839839839840119e-01	4.456194759359986435e+00	-1.502671000000000090e+00	1.567437317196167523e+00
9.849849849849849903e-01	4.454436406858022224e+00	-1.502671000000000090e+00	1.567437317196167523e+00
9.859859859859859688e-01	4.451048884914164283e+00	-1.502671000000000090e+00	1.600071003530005198e+00
9.869869869869869472e-01	4.447436064183253990e+00	-1.327839520000000162e+00	1.502169944528492396e+00
9.879879879879879256e-01	4.444333899485993555e+00	-1.314889040000000175e+00	1.436902571860817046e+00
9.889889889889890151e-01	4.440169447187710894e+00	-1.153008040000000012e+00	1.404268885526979593e+00
9.899899899899899935e-01	4.434570228129423697e+00	-1.159483280000000116e+00	1.273734140191629116e+00
9.909909909909909720e-01	4.428879190025354795e+00	-9.458003599999998956e-01	1.208466767523953767e+00
9.919919919919919504e-01	4.422922542148968184e+00	-8.939984399999999498e-01	1.012664649520927940e+00
9.929929929929930399e-01	4.416070029858684798e+00	-8.421965199999998930e-01	8.494962178517398987e-01
9.939939939939940183e-01	4.408900521242830273e+00	-4.795830800000000504e-01	8.168625315179022239e-01
9.949949949949949968e-01	4.401343530147049599e+00	-2.594249200000000033e-01	5.884267271810389444e-01
9.959959959959959752e-01	4.393445060487402465e+00	-2.399992000000000236e-01	3.926246091780131731e-01
9.969969969969969537e-01	4.387094639261472473e+00	2.067923600000000084e-01	6.628774583963688294e-02
9.979979979979980431e-01	4.383110085744313267e+00	1.355647199999999997e-01	-9.688068582955121355e-02
9.989989989989990216e-01	4.380260989263211613e+00	5.046534000000000297e-01	-3.253164901664145625e-01
1.000000000000000000e+00	4.377776207401145037e+00	5.564553199999999755e-01	-5.211186081694403338e-01
