Time(s)\disp(mm)\Force(Lb)\Force(Lb)
0.000000000000000000e+00	3.732109449095718290e+00	1.275206959999999778e+00	-1.010623903177004790e+00
1.001001001001000992e-03	3.734360899606622652e+00	1.437087959999999942e+00	-5.537522945032778976e-01
2.002002002002001985e-03	3.736637215726612116e+00	9.773459200000000902e-01	-1.621480584972264660e-01
3.003003003003002977e-03	3.740090273976620860e+00	8.543163600000001079e-01	-1.621480584972264660e-01
4.004004004004003969e-03	3.744254349723214137e+00	7.183363200000001392e-01	7.515951588502269853e-01
5.005005005005004962e-03	3.747211568038226748e+00	3.233466799999999974e-01	7.189614725163894215e-01
6.006006006006005954e-03	3.749223237484127225e+00	2.456437999999999955e-01	8.821299041855775735e-01
7.007007007007006946e-03	3.752281176810277064e+00	1.226142399999999993e-01	1.110565708522440964e+00
8.008008008008007939e-03	3.756955970135031464e+00	-4.574200000000000488e-02	8.821299041855775735e-01
9.009009009009008931e-03	3.762414489618957081e+00	-1.428706000000000143e-01	1.110565708522440964e+00
1.001001001001000992e-02	3.768317343708943667e+00	-2.464744400000000168e-01	1.012664649520927940e+00
1.101101101101101092e-02	3.775162414402607247e+00	-3.824544800000000411e-01	1.077932022188603289e+00
1.201201201201201191e-02	3.782742756040524235e+00	-3.371277999999999775e-01	1.404268885526979593e+00
1.301301301301301290e-02	3.789740559906295658e+00	-4.860583200000000437e-01	1.241100453857791219e+00
1.401401401401401389e-02	3.795227825219966267e+00	-4.148306800000000072e-01	1.665338376197680104e+00
1.501501501501501488e-02	3.799086323413485289e+00	-5.572859600000000802e-01	1.828506807866868478e+00
1.601601601601601588e-02	3.802072872246780921e+00	-5.961373999999999285e-01	1.404268885526979593e+00
1.701701701701701513e-02	3.805378296414697825e+00	-6.285136000000000056e-01	1.665338376197680104e+00
1.801801801801801786e-02	3.808735111857094235e+00	-6.414640799999999921e-01	1.339001512859304244e+00
1.901901901901902059e-02	3.810971086982043232e+00	-7.126917200000000285e-01	1.436902571860817046e+00
2.002002002002001985e-02	3.812097952960596281e+00	-5.702364399999999556e-01	1.273734140191629116e+00
2.102102102102101910e-02	3.812940142070254002e+00	-6.414640799999999921e-01	1.404268885526979593e+00
2.202202202202202183e-02	3.813694751344851586e+00	-6.090878800000000259e-01	1.567437317196167523e+00
2.302302302302302456e-02	3.813932840430789728e+00	-5.831869200000000530e-01	1.502169944528492396e+00
2.402402402402402382e-02	3.813296451383866081e+00	-4.731078399999999462e-01	1.534803630862329848e+00
2.502502502502502307e-02	3.811025727758583059e+00	-5.119592800000000166e-01	1.469536258194654943e+00
2.602602602602602580e-02	3.807398609326567929e+00	-4.148306800000000072e-01	1.306367826525466569e+00
2.702702702702702853e-02	3.804894108824798060e+00	-3.047516000000000114e-01	1.273734140191629116e+00
2.802802802802802778e-02	3.803038900997580907e+00	-1.428706000000000143e-01	1.045298335854765615e+00
2.902902902902902704e-02	3.797755031026997852e+00	-1.104944000000000065e-01	1.012664649520927940e+00
3.003003003003002977e-02	3.789095444385952138e+00	-1.169696400000000136e-01	1.045298335854765615e+00
3.103103103103103250e-02	3.781485393217719704e+00	5.138659999999999756e-02	7.189614725163894215e-01
3.203203203203203175e-02	3.776753240800314160e+00	1.808914000000000077e-01	8.821299041855775735e-01
3.303303303303303101e-02	3.772497959408870560e+00	3.233466799999999974e-01	5.557930408472013806e-01
3.403403403403403027e-02	3.766059978201105718e+00	5.111286400000001340e-01	5.557930408472013806e-01
3.503503503503503647e-02	3.758220301654371820e+00	8.478411200000001147e-01	2.294561775088249655e-01
3.603603603603603572e-02	3.752235370956034988e+00	8.413658800000000104e-01	1.020373171961676869e-03
3.703703703703703498e-02	3.749165608686331197e+00	1.093900239999999968e+00	-1.621480584972264660e-01
3.803803803803804118e-02	3.746349980871138019e+00	1.456513680000000033e+00	-2.600491174987393794e-01
3.903903903903904044e-02	3.741663080130908980e+00	1.061524040000000113e+00	-6.516533535047908110e-01
4.004004004004003969e-02	3.736942048534694472e+00	1.605444199999999988e+00	-5.863859808371156834e-01
4.104104104104103895e-02	3.734678998050971810e+00	1.631345159999999739e+00	-5.537522945032778976e-01
4.204204204204203821e-02	3.734039309108389215e+00	1.715523279999999984e+00	-6.842870398386284858e-01
4.304304304304304440e-02	3.733068337863945096e+00	1.657246119999999934e+00	-7.821880988401412882e-01
4.404404404404404366e-02	3.731591237957217366e+00	1.689622319999999789e+00	-8.474554715078166378e-01
4.504504504504504292e-02	3.730480206179032532e+00	1.670196599999999920e+00	-8.148217851739789630e-01
4.604604604604604912e-02	3.730782584833413740e+00	1.689622319999999789e+00	-9.779902168431670040e-01
4.704704704704704837e-02	3.732565258737873926e+00	1.702572799999999775e+00	-6.190196671709531362e-01
4.804804804804804763e-02	3.733900797578056263e+00	1.689622319999999789e+00	-7.495544125063037244e-01
4.904904904904904689e-02	3.733515695658047751e+00	1.430612719999999838e+00	-2.926828038325769432e-01
5.005005005005004615e-02	3.732727282831400650e+00	1.268731720000000118e+00	-2.926828038325769432e-01
5.105105105105105234e-02	3.733255220446991096e+00	1.430612719999999838e+00	-2.274154311649017046e-01
5.205205205205205160e-02	3.734977447706947729e+00	9.902964000000000766e-01	1.968224911749873740e-01
5.305305305305305086e-02	3.736376701082767315e+00	8.089896800000000443e-01	3.365405950579927752e-02
5.405405405405405705e-02	3.737704370937986909e+00	7.053858400000000417e-01	3.365405950579927752e-02
5.505505505505505631e-02	3.741326244515529975e+00	2.909704799999999758e-01	4.252582955118507924e-01
5.605605605605605557e-02	3.747528751291786531e+00	2.391685600000000023e-01	4.578919818456884672e-01
5.705705705705705483e-02	3.753670696496159032e+00	1.226142399999999993e-01	1.012664649520927940e+00
5.805805805805805409e-02	3.757782112906770777e+00	-7.164296000000000553e-02	1.143199394856278639e+00
5.905905905905906028e-02	3.760799050456232528e+00	-1.493458400000000075e-01	1.175833081190116092e+00
6.006006006006005954e-02	3.765054973270843153e+00	-2.594249200000000033e-01	1.502169944528492396e+00
6.106106106106105880e-02	3.771756553674889823e+00	-4.148306800000000072e-01	1.143199394856278639e+00
6.206206206206206499e-02	3.779745594720768320e+00	-3.500782800000000750e-01	1.339001512859304244e+00
6.306306306306305731e-02	3.786700500539222247e+00	-5.054840400000000233e-01	1.045298335854765615e+00
6.406406406406406351e-02	3.792218856110375125e+00	-4.083554400000000140e-01	1.208466767523953767e+00
6.506506506506506970e-02	3.797314588307280747e+00	-5.637612000000000734e-01	1.534803630862329848e+00
6.606606606606606202e-02	3.802214962477335813e+00	-6.090878800000000259e-01	1.469536258194654943e+00
6.706706706706706822e-02	3.806503434970947009e+00	-6.349888400000001099e-01	1.600071003530005198e+00
6.806806806806806054e-02	3.809218828723616834e+00	-6.479393199999999853e-01	1.730605748865355453e+00
6.906906906906906674e-02	3.810173767900104203e+00	-7.126917200000000285e-01	1.436902571860817046e+00
7.007007007007007293e-02	3.810726272390652092e+00	-5.508107199999999759e-01	1.730605748865355453e+00
7.107107107107106525e-02	3.811580785426424534e+00	-6.285136000000000056e-01	1.273734140191629116e+00
7.207207207207207145e-02	3.812241208169426354e+00	-6.155631200000000192e-01	1.371635199193141919e+00
7.307307307307307764e-02	3.812013678787391502e+00	-5.961373999999999285e-01	1.502169944528492396e+00
7.407407407407406996e-02	3.810844059558315511e+00	-4.731078399999999462e-01	1.404268885526979593e+00
7.507507507507507616e-02	3.809682011955009884e+00	-5.313849999999999962e-01	1.502169944528492396e+00
7.607607607607608236e-02	3.808512105717635876e+00	-4.148306800000000072e-01	1.436902571860817046e+00
7.707707707707707467e-02	3.805675655561064019e+00	-3.112268400000000046e-01	1.306367826525466569e+00
7.807807807807808087e-02	3.800483025336465204e+00	-1.622963199999999939e-01	1.241100453857791219e+00
7.907907907907907319e-02	3.794409466412973053e+00	-1.299201200000000000e-01	1.045298335854765615e+00
8.008008008008007939e-02	3.789099159653787741e+00	-1.363953600000000210e-01	9.800309631870904870e-01
8.108108108108108558e-02	3.784050125568201750e+00	5.138659999999999756e-02	6.863277861825517467e-01
8.208208208208207790e-02	3.777614113994672174e+00	1.744161599999999868e-01	6.210604135148766192e-01
8.308308308308308410e-02	3.770491395078440888e+00	3.039209600000000178e-01	6.210604135148766192e-01
8.408408408408407642e-02	3.765072800916475337e+00	4.852276800000000501e-01	3.273572365103378790e-01
8.508508508508508261e-02	3.761004111847511044e+00	8.413658800000000104e-01	4.578919818456884672e-01
8.608608608608608881e-02	3.755624850609720955e+00	8.478411200000001147e-01	6.628774583963688294e-02
8.708708708708708113e-02	3.748687354165718411e+00	1.074474520000000100e+00	-1.295143721633888190e-01
8.808808808808808732e-02	3.742891033401185563e+00	1.450038439999999929e+00	-2.926828038325769432e-01
8.908908908908909352e-02	3.740076086201700623e+00	1.048573559999999905e+00	-4.232175491679274204e-01
9.009009009009008584e-02	3.739251855963062532e+00	1.592493720000000001e+00	-6.842870398386284858e-01
9.109109109109109204e-02	3.737988372707869544e+00	1.618394679999999752e+00	-4.884849218356027145e-01
9.209209209209209823e-02	3.735348388026315192e+00	1.689622319999999789e+00	-7.821880988401412882e-01
9.309309309309309055e-02	3.733198903308904359e+00	1.631345159999999739e+00	-4.558512355017650397e-01
9.409409409409409675e-02	3.733135933039469112e+00	1.657246119999999934e+00	-6.842870398386284858e-01
9.509509509509508907e-02	3.733914637721209129e+00	1.650770879999999829e+00	-5.537522945032778976e-01
9.609609609609609526e-02	3.733587022299896141e+00	1.663721360000000038e+00	-7.495544125063037244e-01
9.709709709709710146e-02	3.731900634356734692e+00	1.670196599999999920e+00	-7.495544125063037244e-01
9.809809809809809378e-02	3.730583875434567265e+00	1.663721360000000038e+00	-5.211186081694403338e-01
9.909909909909909997e-02	3.731559944113093330e+00	1.411186999999999969e+00	-9.779902168431670040e-01
1.001001001001000923e-01	3.733933625058324601e+00	1.268731720000000118e+00	-2.274154311649017046e-01
1.011011011011010985e-01	3.735618088939421710e+00	1.398236519999999983e+00	-4.558512355017650397e-01
1.021021021021021047e-01	3.736910804497987737e+00	9.773459200000000902e-01	3.926246091780131731e-01
1.031031031031030970e-01	3.738373283980930495e+00	8.089896800000000443e-01	3.599909228441755538e-01
1.041041041041041032e-01	3.739952285702484946e+00	6.730096400000000756e-01	3.926246091780131731e-01
1.051051051051051094e-01	3.742874631801651031e+00	2.909704799999999758e-01	6.210604135148766192e-01
1.061061061061061017e-01	3.747162303651418558e+00	2.262180799999999881e-01	5.557930408472013806e-01
1.071071071071071079e-01	3.751583699609838174e+00	1.031885200000000058e-01	5.884267271810389444e-01
1.081081081081081141e-01	3.756896528554611869e+00	-5.869248000000000520e-02	9.473972768532528121e-01
1.091091091091091064e-01	3.764245445619204045e+00	-1.622963199999999939e-01	1.045298335854765615e+00
1.101101101101101126e-01	3.772407637883906872e+00	-2.659001599999999965e-01	1.469536258194654943e+00
1.111111111111111049e-01	3.779092197909356354e+00	-4.083554400000000140e-01	1.502169944528492396e+00
1.121121121121121111e-01	3.784187450897134042e+00	-3.565535200000000127e-01	1.404268885526979593e+00
1.131131131131131173e-01	3.789421565761657451e+00	-5.119592800000000166e-01	1.763239435199193128e+00
1.141141141141141097e-01	3.795014693353395252e+00	-4.342563999999999869e-01	1.339001512859304244e+00
1.151151151151151159e-01	3.799579571064173322e+00	-5.767116799999999488e-01	1.436902571860817046e+00
1.161161161161161082e-01	3.802743324019468130e+00	-6.026126399999999217e-01	1.404268885526979593e+00
1.171171171171171144e-01	3.806083226374686213e+00	-6.479393199999999853e-01	1.371635199193141919e+00
1.181181181181181206e-01	3.810780021096630499e+00	-6.738402799999999582e-01	1.600071003530005198e+00
1.191191191191191129e-01	3.815448169299996195e+00	-6.997412400000000421e-01	1.567437317196167523e+00
1.201201201201201191e-01	3.817557865207834134e+00	-5.637612000000000734e-01	1.795873121533031025e+00
1.211211211211211253e-01	3.816317869107741512e+00	-6.414640799999999921e-01	1.795873121533031025e+00
1.221221221221221176e-01	3.814017296676428082e+00	-6.090878800000000259e-01	1.273734140191629116e+00
1.231231231231231238e-01	3.813443703354138847e+00	-5.896621600000000463e-01	1.469536258194654943e+00
1.241241241241241300e-01	3.814264821445874531e+00	-4.601573600000000153e-01	1.241100453857791219e+00
1.251251251251251362e-01	3.813928244900482767e+00	-5.313849999999999962e-01	1.404268885526979593e+00
1.261261261261261146e-01	3.811302108781382092e+00	-4.277811600000000491e-01	1.306367826525466569e+00
1.271271271271271208e-01	3.808040673366930307e+00	-2.982763600000000181e-01	1.175833081190116092e+00
1.281281281281281270e-01	3.805412907962530511e+00	-1.687715600000000149e-01	1.208466767523953767e+00
1.291291291291291332e-01	3.801900144958269223e+00	-1.428706000000000143e-01	1.143199394856278639e+00
1.301301301301301394e-01	3.796038566037540196e+00	-1.428706000000000143e-01	1.077932022188603289e+00
1.311311311311311179e-01	3.788595073142496883e+00	4.491135999999999739e-02	7.842288451840646601e-01
1.321321321321321240e-01	3.781229118858290494e+00	1.808914000000000077e-01	6.863277861825517467e-01
1.331331331331331302e-01	3.775039736291267101e+00	2.780200000000000449e-01	8.494962178517398987e-01
1.341341341341341364e-01	3.769897582545814974e+00	4.852276800000000501e-01	3.599909228441755538e-01
1.351351351351351426e-01	3.764296045050796735e+00	8.284154000000000240e-01	1.968224911749873740e-01
1.361361361361361211e-01	3.757351728594737761e+00	8.413658800000000104e-01	1.641888048411497825e-01
1.371371371371371273e-01	3.751150787489018867e+00	1.067999279999999995e+00	-9.688068582955121355e-02
1.381381381381381335e-01	3.747777514178618929e+00	1.430612719999999838e+00	-1.295143721633888190e-01
1.391391391391391397e-01	3.745421505094975068e+00	1.061524040000000113e+00	-4.232175491679274204e-01
1.401401401401401459e-01	3.741660310508247544e+00	1.586018479999999897e+00	-6.190196671709531362e-01
1.411411411411411521e-01	3.737742998649597137e+00	1.592493720000000001e+00	-5.863859808371156834e-01
1.421421421421421305e-01	3.736083710294651361e+00	1.670196599999999920e+00	-6.842870398386284858e-01
1.431431431431431367e-01	3.736016572204229558e+00	1.618394679999999752e+00	-6.190196671709531362e-01
1.441441441441441429e-01	3.735515454612841513e+00	1.657246119999999934e+00	-7.821880988401412882e-01
1.451451451451451491e-01	3.734817462434802504e+00	1.624869920000000079e+00	-6.516533535047908110e-01
1.461461461461461553e-01	3.734465323758855426e+00	1.650770879999999829e+00	-4.884849218356027145e-01
1.471471471471471337e-01	3.733702282338289713e+00	1.650770879999999829e+00	-7.821880988401412882e-01
1.481481481481481399e-01	3.732970810265879624e+00	1.637820399999999843e+00	-5.211186081694403338e-01
1.491491491491491461e-01	3.733228918388094009e+00	1.385286039999999996e+00	-7.821880988401412882e-01
1.501501501501501523e-01	3.733788112349148758e+00	1.249306000000000250e+00	-6.516533535047908110e-01
1.511511511511511585e-01	3.734675215896169131e+00	1.391761279999999878e+00	-4.232175491679274204e-01
1.521521521521521647e-01	3.737906012211340112e+00	9.384944800000000198e-01	-2.274154311649017046e-01
1.531531531531531432e-01	3.743197903395311776e+00	8.025144400000000511e-01	3.599909228441755538e-01
1.541541541541541493e-01	3.747508239009467168e+00	6.665344000000000824e-01	3.599909228441755538e-01
1.551551551551551555e-01	3.749996716413155351e+00	2.909704799999999758e-01	9.147635905194151373e-01
1.561561561561561617e-01	3.751849057318247471e+00	2.003171200000000152e-01	1.143199394856278639e+00
1.571571571571571679e-01	3.754207898318635106e+00	7.081231999999999804e-02	9.147635905194151373e-01
1.581581581581581464e-01	3.758019692160937009e+00	-8.459344000000000585e-02	9.147635905194151373e-01
1.591591591591591526e-01	3.763123409931539598e+00	-1.881972800000000223e-01	9.473972768532528121e-01
1.601601601601601588e-01	3.769345456877826628e+00	-2.853258800000000317e-01	9.147635905194151373e-01
1.611611611611611650e-01	3.776509369887585787e+00	-4.342563999999999869e-01	1.306367826525466569e+00
1.621621621621621712e-01	3.783873909300017324e+00	-3.695039999999999436e-01	1.306367826525466569e+00
1.631631631631631496e-01	3.790986171842277486e+00	-5.184345200000000098e-01	1.828506807866868478e+00
1.641641641641641558e-01	3.796612702222689872e+00	-4.277811600000000491e-01	1.763239435199193128e+00
1.651651651651651620e-01	3.800301961471051371e+00	-5.831869200000000530e-01	1.436902571860817046e+00
1.661661661661661682e-01	3.803505077559257597e+00	-6.026126399999999217e-01	1.697972062531518000e+00
1.671671671671671744e-01	3.806875121291758202e+00	-6.544145599999999785e-01	1.241100453857791219e+00
1.681681681681681528e-01	3.810465978997688463e+00	-6.608898000000000827e-01	1.502169944528492396e+00
1.691691691691691590e-01	3.814156186540036853e+00	-7.191669600000000218e-01	1.371635199193141919e+00
1.701701701701701652e-01	3.817007653401956357e+00	-5.637612000000000734e-01	1.371635199193141919e+00
1.711711711711711714e-01	3.818259738171208006e+00	-6.349888400000001099e-01	1.828506807866868478e+00
1.721721721721721776e-01	3.817632609610636774e+00	-6.155631200000000192e-01	1.534803630862329848e+00
1.731731731731731838e-01	3.815629803181348922e+00	-5.961373999999999285e-01	1.567437317196167523e+00
1.741741741741741623e-01	3.813195685963374437e+00	-4.860583200000000437e-01	1.763239435199193128e+00
1.751751751751751685e-01	3.810578752891935927e+00	-5.508107199999999759e-01	1.339001512859304244e+00
1.761761761761761746e-01	3.808247120733082358e+00	-4.342563999999999869e-01	1.371635199193141919e+00
1.771771771771771808e-01	3.806715350703993028e+00	-3.241773200000000466e-01	1.045298335854765615e+00
1.781781781781781870e-01	3.804739441417945400e+00	-1.817220400000000013e-01	1.077932022188603289e+00
1.791791791791791655e-01	3.800656241496388699e+00	-1.558210800000000007e-01	1.110565708522440964e+00
1.801801801801801717e-01	3.794770799054647092e+00	-1.558210800000000007e-01	9.473972768532528121e-01
1.811811811811811779e-01	3.788183906848150873e+00	1.901039999999999675e-02	1.110565708522440964e+00
1.821821821821821841e-01	3.781145633001540052e+00	1.420399599999999929e-01	8.494962178517398987e-01
1.831831831831831903e-01	3.773732504940000343e+00	2.650695199999999474e-01	6.863277861825517467e-01
1.841841841841841965e-01	3.766648132089989609e+00	4.722772000000000081e-01	5.557930408472013806e-01
1.851851851851851749e-01	3.760841623434564074e+00	8.154649200000001485e-01	2.294561775088249655e-01
1.861861861861861811e-01	3.756023031439685855e+00	8.025144400000000511e-01	6.628774583963688294e-02
1.871871871871871873e-01	3.751439307361060127e+00	1.048573559999999905e+00	-1.295143721633888190e-01
1.881881881881881935e-01	3.747290171546582727e+00	1.411186999999999969e+00	-3.253164901664145625e-01
1.891891891891891997e-01	3.742963030329610863e+00	9.967716399999999588e-01	-3.579501765002521818e-01
1.901901901901901781e-01	3.738385864586678320e+00	1.553642280000000042e+00	-5.863859808371156834e-01
1.911911911911911843e-01	3.736314574202211691e+00	1.573067999999999911e+00	-4.558512355017650397e-01
1.921921921921921905e-01	3.736981553569091563e+00	1.650770879999999829e+00	-6.516533535047908110e-01
1.931931931931931967e-01	3.736172973065593705e+00	1.598968959999999884e+00	-6.190196671709531362e-01
1.941941941941942029e-01	3.733402840887766416e+00	1.618394679999999752e+00	-6.842870398386284858e-01
1.951951951951951814e-01	3.732798415424392502e+00	1.611919440000000092e+00	-5.537522945032778976e-01
1.961961961961961876e-01	3.734534186816687473e+00	1.618394679999999752e+00	-7.495544125063037244e-01
1.971971971971971938e-01	3.734787542951075068e+00	1.631345159999999739e+00	-4.884849218356027145e-01
1.981981981981981999e-01	3.732997534784221916e+00	1.624869920000000079e+00	-7.495544125063037244e-01
1.991991991991992061e-01	3.732081823441268487e+00	1.372335560000000010e+00	-3.579501765002521818e-01
2.002002002002001846e-01	3.733558902181264738e+00	1.203979319999999964e+00	-5.211186081694403338e-01
2.012012012012011908e-01	3.736290747814988489e+00	1.385286039999999996e+00	-5.537522945032778976e-01
2.022022022022021970e-01	3.738418193270430567e+00	9.255440000000001444e-01	-3.161331316187596802e-02
2.032032032032032032e-01	3.739669939408443167e+00	7.571877599999999875e-01	3.365405950579927752e-02
2.042042042042042094e-01	3.741318941103327411e+00	6.406334400000001095e-01	4.252582955118507924e-01
2.052052052052052156e-01	3.744458305519447361e+00	2.391685600000000023e-01	1.968224911749873740e-01
2.062062062062061940e-01	3.749163958492098381e+00	1.808914000000000077e-01	1.110565708522440964e+00
2.072072072072072002e-01	3.754166688753469927e+00	4.491135999999999739e-02	9.147635905194151373e-01
2.082082082082082064e-01	3.758574341847347178e+00	-1.040191599999999994e-01	1.175833081190116092e+00
2.092092092092092126e-01	3.763054590207147498e+00	-1.817220400000000013e-01	1.241100453857791219e+00
2.102102102102102188e-01	3.767866302155644220e+00	-2.982763600000000181e-01	1.110565708522440964e+00
2.112112112112111972e-01	3.772781720649752923e+00	-4.342563999999999869e-01	1.241100453857791219e+00
2.122122122122122034e-01	3.778812501068784524e+00	-3.824544800000000411e-01	1.208466767523953767e+00
2.132132132132132096e-01	3.786657513237830841e+00	-5.249097599999998920e-01	9.147635905194151373e-01
2.142142142142142158e-01	3.794169733707606795e+00	-4.213059199999999449e-01	1.600071003530005198e+00
2.152152152152152220e-01	3.799056411430377089e+00	-5.896621600000000463e-01	1.404268885526979593e+00
2.162162162162162282e-01	3.802315411134241874e+00	-6.155631200000000192e-01	1.665338376197680104e+00
2.172172172172172067e-01	3.805295393262333903e+00	-6.479393199999999853e-01	1.861140494200705930e+00
2.182182182182182129e-01	3.807501614614816177e+00	-6.738402799999999582e-01	1.567437317196167523e+00
2.192192192192192191e-01	3.808989351589725292e+00	-7.126917200000000285e-01	1.600071003530005198e+00
2.202202202202202252e-01	3.810892843228106397e+00	-5.831869200000000530e-01	1.306367826525466569e+00
2.212212212212212314e-01	3.813204481558351677e+00	-6.544145599999999785e-01	1.371635199193141919e+00
2.222222222222222099e-01	3.813795352683369444e+00	-6.220383600000000124e-01	1.469536258194654943e+00
2.232232232232232161e-01	3.811819472604914605e+00	-6.155631200000000192e-01	1.371635199193141919e+00
2.242242242242242223e-01	3.809716175935900395e+00	-4.990087999999999191e-01	1.697972062531518000e+00
2.252252252252252285e-01	3.808387197488078080e+00	-5.508107199999999759e-01	1.632704689863842651e+00
2.262262262262262347e-01	3.806198064069353570e+00	-4.342563999999999869e-01	1.371635199193141919e+00
2.272272272272272131e-01	3.803602483386693933e+00	-3.306525599999999843e-01	1.534803630862329848e+00
2.282282282282282193e-01	3.801277116540783041e+00	-1.946725200000000155e-01	1.045298335854765615e+00
2.292292292292292255e-01	3.797270693337814862e+00	-1.622963199999999939e-01	1.175833081190116092e+00
2.302302302302302317e-01	3.790830431225510555e+00	-1.687715600000000149e-01	7.515951588502269853e-01
2.312312312312312379e-01	3.784010333931182135e+00	6.059919999999996421e-03	6.210604135148766192e-01
2.322322322322322163e-01	3.778141369378197112e+00	1.226142399999999993e-01	8.821299041855775735e-01
2.332332332332332225e-01	3.772050695125063857e+00	2.391685600000000023e-01	6.536940998487140719e-01
2.342342342342342287e-01	3.765196129622820909e+00	4.528514799999999729e-01	5.557930408472013806e-01
2.352352352352352349e-01	3.759215302073621867e+00	7.960392000000000579e-01	3.926246091780131731e-01
2.362362362362362411e-01	3.754357622988127030e+00	7.766134800000000782e-01	6.628774583963688294e-02
2.372372372372372473e-01	3.749497358463733665e+00	1.009722120000000167e+00	-3.161331316187596802e-02
2.382382382382382258e-01	3.745352937845185970e+00	1.391761279999999878e+00	-2.926828038325769432e-01
2.392392392392392320e-01	3.742859358196594322e+00	9.773459200000000902e-01	-5.537522945032778976e-01
2.402402402402402382e-01	3.740802054658313391e+00	1.540691800000000056e+00	-4.884849218356027145e-01
2.412412412412412444e-01	3.738042200467762477e+00	1.547167039999999716e+00	-5.211186081694403338e-01
2.422422422422422505e-01	3.735294267428989734e+00	1.631345159999999739e+00	-7.821880988401412882e-01
2.432432432432432290e-01	3.733438086474134998e+00	1.579543240000000015e+00	-5.537522945032778976e-01
2.442442442442442352e-01	3.732746813358040594e+00	1.605444199999999988e+00	-7.169207261724660496e-01
2.452452452452452414e-01	3.733262066399798851e+00	1.592493720000000001e+00	-6.190196671709531362e-01
2.462462462462462476e-01	3.734303150126050852e+00	1.605444199999999988e+00	-6.190196671709531362e-01
2.472472472472472538e-01	3.734740523690096126e+00	1.618394679999999752e+00	-6.516533535047908110e-01
2.482482482482482600e-01	3.734203427027900979e+00	1.598968959999999884e+00	-5.537522945032778976e-01
2.492492492492492384e-01	3.733572998891478978e+00	1.339959359999999933e+00	-6.516533535047908110e-01
2.502502502502502724e-01	3.734081784278658223e+00	1.216929799999999950e+00	-1.621480584972264660e-01
2.512512512512512508e-01	3.735754268673405321e+00	1.346434599999999815e+00	-1.621480584972264660e-01
2.522522522522522292e-01	3.737420430161875196e+00	9.190687600000001511e-01	3.273572365103378790e-01
2.532532532532532632e-01	3.738888572518121123e+00	7.636630000000000917e-01	6.628774583963688294e-02
2.542542542542542416e-01	3.740928149648175882e+00	6.212077200000000188e-01	4.905256681795260310e-01
2.552552552552552756e-01	3.743828497993872517e+00	2.262180799999999881e-01	4.252582955118507924e-01
2.562562562562562540e-01	3.748324693182211842e+00	1.679409199999999935e-01	3.273572365103378790e-01
2.572572572572572325e-01	3.754545123647891725e+00	5.786183999999999772e-02	9.473972768532528121e-01
2.582582582582582664e-01	3.760655303442341335e+00	-1.104944000000000065e-01	7.842288451840646601e-01
2.592592592592592449e-01	3.765595565515547527e+00	-1.881972800000000223e-01	1.371635199193141919e+00
2.602602602602602788e-01	3.770437840203358704e+00	-3.112268400000000046e-01	1.371635199193141919e+00
2.612612612612612573e-01	3.776393608791939638e+00	-4.472068799999999733e-01	1.600071003530005198e+00
2.622622622622622357e-01	3.783047552364123600e+00	-3.889297199999999788e-01	1.567437317196167523e+00
2.632632632632632697e-01	3.789208582832148675e+00	-5.443354799999999827e-01	1.273734140191629116e+00
2.642642642642642481e-01	3.794623972503434306e+00	-4.213059199999999449e-01	1.436902571860817046e+00
2.652652652652652820e-01	3.799374280609295162e+00	-5.896621600000000463e-01	1.306367826525466569e+00
2.662662662662662605e-01	3.803718481362633685e+00	-6.285136000000000056e-01	1.208466767523953767e+00
2.672672672672672389e-01	3.808364307463333542e+00	-6.673650399999999649e-01	1.861140494200705930e+00
2.682682682682682729e-01	3.812846996756430684e+00	-6.803155199999999514e-01	1.600071003530005198e+00
2.692692692692692513e-01	3.815348660100912337e+00	-7.321174399999998972e-01	1.926407866868381280e+00
2.702702702702702853e-01	3.815053474494183749e+00	-5.831869200000000530e-01	1.893774180534543827e+00
2.712712712712712637e-01	3.813797487783732176e+00	-6.608898000000000827e-01	1.436902571860817046e+00
2.722722722722722422e-01	3.813594978420613124e+00	-6.090878800000000259e-01	1.763239435199193128e+00
2.732732732732732761e-01	3.813611102759621563e+00	-6.285136000000000056e-01	1.339001512859304244e+00
2.742742742742742545e-01	3.812612278255454790e+00	-4.990087999999999191e-01	1.273734140191629116e+00
2.752752752752752885e-01	3.811262452642247833e+00	-5.572859600000000802e-01	1.436902571860817046e+00
2.762762762762762669e-01	3.809930710161534506e+00	-4.472068799999999733e-01	1.273734140191629116e+00
2.772772772772773009e-01	3.807977274343327778e+00	-3.436030400000000262e-01	1.436902571860817046e+00
2.782782782782782793e-01	3.805257577713589079e+00	-2.076230000000000020e-01	1.339001512859304244e+00
2.792792792792792578e-01	3.801600909638636949e+00	-1.687715600000000149e-01	1.077932022188603289e+00
2.802802802802802917e-01	3.795832879861425813e+00	-1.817220400000000013e-01	1.306367826525466569e+00
2.812812812812812702e-01	3.787944817794283825e+00	-4.153200000000037417e-04	8.821299041855775735e-01
2.822822822822823041e-01	3.780109499874310330e+00	1.031885200000000058e-01	7.515951588502269853e-01
2.832832832832832826e-01	3.773386015691087003e+00	2.197428399999999948e-01	5.884267271810389444e-01
2.842842842842842610e-01	3.767621072897234580e+00	4.334257600000001043e-01	4.905256681795260310e-01
2.852852852852852950e-01	3.763159647981908051e+00	7.766134800000000782e-01	3.926246091780131731e-01
2.862862862862862734e-01	3.758748718592277882e+00	7.636630000000000917e-01	1.641888048411497825e-01
2.872872872872873073e-01	3.752932047063570753e+00	1.029147840000000036e+00	1.315551185073121632e-01
2.882882882882882858e-01	3.747526571851054644e+00	1.378810799999999892e+00	-3.161331316187596802e-02
2.892892892892892642e-01	3.744233899015256384e+00	9.708706800000000969e-01	-4.558512355017650397e-01
2.902902902902902982e-01	3.741768974476092247e+00	1.527741319999999847e+00	-5.211186081694403338e-01
2.912912912912912766e-01	3.739741953833878974e+00	1.534216559999999951e+00	-5.537522945032778976e-01
2.922922922922923106e-01	3.739028090534630255e+00	1.605444199999999988e+00	-6.842870398386284858e-01
2.932932932932932890e-01	3.738592134056173411e+00	1.560117519999999924e+00	-4.232175491679274204e-01
2.942942942942942675e-01	3.737813039522003056e+00	1.592493720000000001e+00	-6.842870398386284858e-01
2.952952952952953014e-01	3.737437666455736274e+00	1.566592759999999807e+00	-4.232175491679274204e-01
2.962962962962962798e-01	3.736971608950916401e+00	1.586018479999999897e+00	-5.863859808371156834e-01
2.972972972972973138e-01	3.736314382107493781e+00	1.586018479999999897e+00	-5.211186081694403338e-01
2.982982982982982922e-01	3.736544399951103212e+00	1.573067999999999911e+00	-5.537522945032778976e-01
2.992992992992992707e-01	3.737517712358425559e+00	1.339959359999999933e+00	-6.190196671709531362e-01
3.003003003003003046e-01	3.738276373661330254e+00	1.191028839999999978e+00	-3.905838628340898566e-01
3.013013013013012831e-01	3.738948214069911291e+00	1.320533639999999842e+00	-2.274154311649017046e-01
3.023023023023023170e-01	3.740857071847833115e+00	8.737420800000000876e-01	6.628774583963688294e-02
3.033033033033032955e-01	3.744216271287726716e+00	7.507125199999999943e-01	3.599909228441755538e-01
3.043043043043043294e-01	3.747058861054949119e+00	6.147324800000000256e-01	4.905256681795260310e-01
3.053053053053053079e-01	3.748813420613493985e+00	2.326933200000000090e-01	7.842288451840646601e-01
3.063063063063062863e-01	3.751594265408858764e+00	1.549904400000000071e-01	5.231593545133637058e-01
3.073073073073073203e-01	3.756107528074836388e+00	3.196087999999999707e-02	8.168625315179022239e-01
3.083083083083082987e-01	3.760834177001655565e+00	-1.169696400000000136e-01	4.252582955118507924e-01
3.093093093093093326e-01	3.765454258642043861e+00	-2.205734800000000162e-01	9.147635905194151373e-01
3.103103103103103111e-01	3.771113159200042197e+00	-3.112268400000000046e-01	1.241100453857791219e+00
3.113113113113112895e-01	3.778188111895628420e+00	-4.536821200000000776e-01	1.077932022188603289e+00
3.123123123123123235e-01	3.785507608263666057e+00	-3.889297199999999788e-01	1.795873121533031025e+00
3.133133133133133019e-01	3.791128202531571123e+00	-5.508107199999999759e-01	1.600071003530005198e+00
3.143143143143143359e-01	3.795079071277024152e+00	-4.407316399999999801e-01	1.730605748865355453e+00
3.153153153153153143e-01	3.799443746186989213e+00	-6.090878800000000259e-01	1.632704689863842651e+00
3.163163163163162928e-01	3.804382320830637987e+00	-6.349888400000001099e-01	1.339001512859304244e+00
3.173173173173173267e-01	3.808536960587355136e+00	-6.738402799999999582e-01	1.404268885526979593e+00
3.183183183183183051e-01	3.811754282894289414e+00	-6.997412400000000421e-01	1.502169944528492396e+00
3.193193193193193391e-01	3.814243275779086062e+00	-7.256422000000000150e-01	1.208466767523953767e+00
3.203203203203203175e-01	3.815927785619802393e+00	-5.961373999999999285e-01	1.795873121533031025e+00
3.213213213213212960e-01	3.816911718871184078e+00	-6.738402799999999582e-01	1.697972062531518000e+00
3.223223223223223299e-01	3.816969024397870669e+00	-6.414640799999999921e-01	1.763239435199193128e+00
3.233233233233233084e-01	3.815267275443746886e+00	-6.349888400000001099e-01	1.828506807866868478e+00
3.243243243243243423e-01	3.812402577013040528e+00	-5.184345200000000098e-01	1.371635199193141919e+00
3.253253253253253208e-01	3.810756516898092805e+00	-5.767116799999999488e-01	1.469536258194654943e+00
3.263263263263262992e-01	3.810323937928371762e+00	-4.795830800000000504e-01	1.143199394856278639e+00
3.273273273273273332e-01	3.808520360694263474e+00	-3.565535200000000127e-01	1.110565708522440964e+00
3.283283283283283116e-01	3.804780623214727875e+00	-2.140982399999999952e-01	1.175833081190116092e+00
3.293293293293293456e-01	3.800521038136923657e+00	-1.946725200000000155e-01	1.045298335854765615e+00
3.303303303303303240e-01	3.795792312798148771e+00	-2.011477600000000088e-01	1.339001512859304244e+00
3.313313313313313024e-01	3.789699183304279018e+00	-2.631628000000000439e-02	1.534803630862329848e+00
3.323323323323323364e-01	3.782502567612574307e+00	1.031885200000000058e-01	6.863277861825517467e-01
3.333333333333333148e-01	3.774812314721140538e+00	1.873666400000000010e-01	9.147635905194151373e-01
3.343343343343343488e-01	3.767521275838721984e+00	4.010495599999999716e-01	3.273572365103378790e-01
3.353353353353353272e-01	3.762047398020167410e+00	7.701382400000000850e-01	3.273572365103378790e-01
3.363363363363363057e-01	3.757790788634959522e+00	7.442372800000001121e-01	9.892143217347457163e-02
3.373373373373373396e-01	3.753161115224740385e+00	9.902964000000000766e-01	-1.621480584972264660e-01
3.383383383383383181e-01	3.748355816074252722e+00	1.333484120000000051e+00	6.628774583963688294e-02
3.393393393393393520e-01	3.743971740009969462e+00	9.708706800000000969e-01	-2.600491174987393794e-01
3.403403403403403304e-01	3.740260505383824263e+00	1.521266079999999965e+00	-4.232175491679274204e-01
3.413413413413413644e-01	3.737740417984949826e+00	1.501840359999999874e+00	-3.253164901664145625e-01
3.423423423423423428e-01	3.736377040276725570e+00	1.586018479999999897e+00	-6.516533535047908110e-01
3.433433433433433213e-01	3.735809110417377621e+00	1.534216559999999951e+00	-5.211186081694403338e-01
3.443443443443443552e-01	3.735991635274687361e+00	1.566592759999999807e+00	-6.842870398386284858e-01
3.453453453453453337e-01	3.736064813820558772e+00	1.540691800000000056e+00	-6.842870398386284858e-01
3.463463463463463676e-01	3.735496686955052326e+00	1.566592759999999807e+00	-5.211186081694403338e-01
3.473473473473473461e-01	3.735625545539173586e+00	1.573067999999999911e+00	-7.821880988401412882e-01
3.483483483483483245e-01	3.736342715585292407e+00	1.560117519999999924e+00	-5.863859808371156834e-01
3.493493493493493585e-01	3.736332740964561694e+00	1.320533639999999842e+00	-3.905838628340898566e-01
3.503503503503503369e-01	3.736779624702706304e+00	1.158652640000000122e+00	-2.600491174987393794e-01
3.513513513513513709e-01	3.738383324702708066e+00	1.307583159999999856e+00	-1.947817448310640853e-01
3.523523523523523493e-01	3.740002984806944042e+00	8.737420800000000876e-01	1.315551185073121632e-01
3.533533533533533277e-01	3.742099735445845177e+00	6.989106000000000485e-01	1.315551185073121632e-01
3.543543543543543617e-01	3.745316577960206228e+00	5.953067600000000459e-01	5.557930408472013806e-01
3.553553553553553401e-01	3.748695838154068483e+00	1.873666400000000010e-01	5.231593545133637058e-01
3.563563563563563741e-01	3.752029430429894674e+00	1.485152000000000139e-01	9.473972768532528121e-01
3.573573573573573525e-01	3.756420492383659493e+00	1.253515999999999658e-02	8.821299041855775735e-01
3.583583583583583310e-01	3.761638180829919076e+00	-1.428706000000000143e-01	1.241100453857791219e+00
3.593593593593593649e-01	3.766203121538141740e+00	-2.205734800000000162e-01	1.012664649520927940e+00
3.603603603603603434e-01	3.770872103788651231e+00	-3.371277999999999775e-01	1.208466767523953767e+00
3.613613613613613773e-01	3.777563747359564683e+00	-4.601573600000000153e-01	1.175833081190116092e+00
3.623623623623623557e-01	3.785313581473880973e+00	-4.018802000000000207e-01	1.143199394856278639e+00
3.633633633633633342e-01	3.791616460562239332e+00	-5.508107199999999759e-01	1.469536258194654943e+00
3.643643643643643681e-01	3.796484287427127402e+00	-4.472068799999999733e-01	1.436902571860817046e+00
3.653653653653653466e-01	3.801320339688390337e+00	-6.155631200000000192e-01	1.795873121533031025e+00
3.663663663663663805e-01	3.805344960448379332e+00	-6.285136000000000056e-01	1.665338376197680104e+00
3.673673673673673590e-01	3.807661762136592021e+00	-6.738402799999999582e-01	1.795873121533031025e+00
3.683683683683683929e-01	3.809591361616961880e+00	-6.932660000000000489e-01	1.632704689863842651e+00
3.693693693693693714e-01	3.811763384973175572e+00	-7.450679199999999947e-01	1.534803630862329848e+00
3.703703703703703498e-01	3.812888275928364656e+00	-6.026126399999999217e-01	1.273734140191629116e+00
3.713713713713713838e-01	3.812593731840528744e+00	-6.673650399999999649e-01	1.534803630862329848e+00
3.723723723723723622e-01	3.813114696357596589e+00	-6.608898000000000827e-01	1.110565708522440964e+00
3.733733733733733962e-01	3.815219003818008492e+00	-6.349888400000001099e-01	1.828506807866868478e+00
3.743743743743743746e-01	3.815150102909765639e+00	-5.184345200000000098e-01	1.632704689863842651e+00
3.753753753753753530e-01	3.811182356533828752e+00	-5.831869200000000530e-01	1.567437317196167523e+00
3.763763763763763870e-01	3.806893020316864718e+00	-4.795830800000000504e-01	1.534803630862329848e+00
3.773773773773773654e-01	3.804340883645843885e+00	-3.889297199999999788e-01	1.175833081190116092e+00
3.783783783783783994e-01	3.801709717240292719e+00	-2.076230000000000020e-01	1.143199394856278639e+00
3.793793793793793778e-01	3.797572331605994389e+00	-1.946725200000000155e-01	9.147635905194151373e-01
3.803803803803803563e-01	3.792558003360164243e+00	-2.076230000000000020e-01	8.168625315179022239e-01
3.813813813813813902e-01	3.787316592072044408e+00	-3.926676000000000472e-02	1.371635199193141919e+00
3.823823823823823687e-01	3.781561378178558197e+00	8.376279999999999837e-02	8.168625315179022239e-01
3.833833833833834026e-01	3.775329460048074903e+00	1.938418799999999942e-01	7.842288451840646601e-01
3.843843843843843811e-01	3.768875523011972817e+00	3.816238400000000475e-01	7.189614725163894215e-01
3.853853853853853595e-01	3.762163472720660540e+00	7.312868000000000146e-01	2.620898638426626404e-01
3.863863863863863934e-01	3.755624627608690425e+00	7.053858400000000417e-01	2.947235501765002597e-01
3.873873873873873719e-01	3.750274810835108052e+00	9.643954399999999927e-01	-2.926828038325769432e-01
3.883883883883884058e-01	3.746616848180698511e+00	1.314058399999999960e+00	-2.600491174987393794e-01
3.893893893893893843e-01	3.743610027620010161e+00	9.125935200000000469e-01	-1.947817448310640853e-01
3.903903903903903627e-01	3.740315142323374697e+00	1.482414640000000006e+00	-5.537522945032778976e-01
3.913913913913913967e-01	3.737778864135118173e+00	1.475939400000000123e+00	-2.600491174987393794e-01
3.923923923923923751e-01	3.736951831103108024e+00	1.560117519999999924e+00	-6.190196671709531362e-01
3.933933933933934091e-01	3.736776501336197764e+00	1.514790839999999861e+00	-4.232175491679274204e-01
3.943943943943943875e-01	3.735833675096321471e+00	1.540691800000000056e+00	-6.516533535047908110e-01
3.953953953953953659e-01	3.734403799306819760e+00	1.527741319999999847e+00	-5.211186081694403338e-01
3.963963963963963999e-01	3.734196946339125578e+00	1.540691800000000056e+00	-5.537522945032778976e-01
3.973973973973973783e-01	3.735424331974218415e+00	1.547167039999999716e+00	-7.169207261724660496e-01
3.983983983983984123e-01	3.735935565160521055e+00	1.534216559999999951e+00	-6.190196671709531362e-01
3.993993993993993907e-01	3.735019259718685536e+00	1.294632679999999869e+00	-3.905838628340898566e-01
4.004004004004003692e-01	3.734667779858172221e+00	1.145702159999999914e+00	-3.905838628340898566e-01
4.014014014014014031e-01	3.736429160584481934e+00	1.275206959999999778e+00	-6.424699949571360813e-02
4.024024024024023816e-01	3.739699517421000596e+00	8.607915999999999901e-01	1.968224911749873740e-01
4.034034034034034155e-01	3.742592869953023982e+00	6.794848799999999578e-01	2.620898638426626404e-01
4.044044044044043940e-01	3.744231094541178972e+00	5.629305600000000798e-01	4.252582955118507924e-01
4.054054054054054279e-01	3.746018484369478152e+00	1.873666400000000010e-01	6.210604135148766192e-01
4.064064064064064064e-01	3.749645888601432997e+00	1.096637599999999990e-01	8.821299041855775735e-01
4.074074074074073848e-01	3.755264371986626770e+00	1.253515999999999658e-02	1.045298335854765615e+00
4.084084084084084187e-01	3.761134162052193197e+00	-1.493458400000000075e-01	1.143199394856278639e+00
4.094094094094093972e-01	3.764944577116617452e+00	-2.335239600000000026e-01	1.241100453857791219e+00
4.104104104104104311e-01	3.767916203984768231e+00	-3.371277999999999775e-01	1.339001512859304244e+00
4.114114114114114096e-01	3.773725802837695209e+00	-4.860583200000000437e-01	1.469536258194654943e+00
4.124124124124123880e-01	3.781807757898283384e+00	-4.148306800000000072e-01	1.306367826525466569e+00
4.134134134134134220e-01	3.788302942929274941e+00	-5.637612000000000734e-01	1.371635199193141919e+00
4.144144144144144004e-01	3.792875399498886857e+00	-4.472068799999999733e-01	1.371635199193141919e+00
4.154154154154154344e-01	3.798276016252208453e+00	-6.155631200000000192e-01	1.208466767523953767e+00
4.164164164164164128e-01	3.804577093267445864e+00	-6.285136000000000056e-01	1.730605748865355453e+00
4.174174174174173912e-01	3.809168690069765439e+00	-6.803155199999999514e-01	1.436902571860817046e+00
4.184184184184184252e-01	3.811116609191841587e+00	-7.062164799999999243e-01	1.893774180534543827e+00
4.194194194194194036e-01	3.811620628819406331e+00	-7.515431599999999879e-01	1.893774180534543827e+00
4.204204204204204376e-01	3.812031856528848017e+00	-5.896621600000000463e-01	1.665338376197680104e+00
4.214214214214214160e-01	3.812779696259841700e+00	-6.932660000000000489e-01	1.665338376197680104e+00
4.224224224224223945e-01	3.813382543460335228e+00	-6.673650399999999649e-01	1.306367826525466569e+00
4.234234234234234284e-01	3.813409618026034398e+00	-6.349888400000001099e-01	1.339001512859304244e+00
4.244244244244244069e-01	3.812726728833108147e+00	-5.249097599999998920e-01	1.534803630862329848e+00
4.254254254254254408e-01	3.811816441707920777e+00	-5.767116799999999488e-01	1.404268885526979593e+00
4.264264264264264193e-01	3.811129152515635443e+00	-4.795830800000000504e-01	1.632704689863842651e+00
4.274274274274273977e-01	3.809036601832225255e+00	-3.630287599999999504e-01	1.567437317196167523e+00
4.284284284284284317e-01	3.803806961020425259e+00	-2.335239600000000026e-01	1.306367826525466569e+00
4.294294294294294101e-01	3.797200021929193259e+00	-2.140982399999999952e-01	1.469536258194654943e+00
4.304304304304304440e-01	3.792465517077999060e+00	-2.335239600000000026e-01	8.821299041855775735e-01
4.314314314314314225e-01	3.789036509095822680e+00	-4.574200000000000488e-02	1.045298335854765615e+00
4.324324324324324564e-01	3.783364473810895579e+00	7.081231999999999804e-02	6.863277861825517467e-01
4.334334334334334349e-01	3.775418532740647315e+00	1.679409199999999935e-01	4.905256681795260310e-01
4.344344344344344133e-01	3.768185700658554627e+00	3.751485999999999432e-01	5.884267271810389444e-01
4.354354354354354473e-01	3.762418185831061024e+00	7.118610800000001460e-01	4.578919818456884672e-01
4.364364364364364257e-01	3.757124110666992145e+00	7.118610800000001460e-01	3.273572365103378790e-01
4.374374374374374597e-01	3.752002881199612006e+00	9.384944800000000198e-01	2.947235501765002597e-01
4.384384384384384381e-01	3.747509681912879476e+00	1.314058399999999960e+00	-3.905838628340898566e-01
4.394394394394394165e-01	3.743859512910896914e+00	9.125935200000000469e-01	-9.688068582955121355e-02
4.404404404404404505e-01	3.740985855740820210e+00	1.475939400000000123e+00	-7.169207261724660496e-01
4.414414414414414289e-01	3.739572014604513051e+00	1.450038439999999929e+00	-5.211186081694403338e-01
4.424424424424424629e-01	3.739561915735083897e+00	1.534216559999999951e+00	-5.211186081694403338e-01
4.434434434434434413e-01	3.739149800106858379e+00	1.482414640000000006e+00	-5.211186081694403338e-01
4.444444444444444198e-01	3.737902273344163362e+00	1.521266079999999965e+00	-2.926828038325769432e-01
4.454454454454454537e-01	3.737607031100473431e+00	1.508315599999999979e+00	-4.884849218356027145e-01
4.464464464464464322e-01	3.738411447107112373e+00	1.514790839999999861e+00	-4.232175491679274204e-01
4.474474474474474661e-01	3.738085949907866024e+00	1.514790839999999861e+00	-3.905838628340898566e-01
4.484484484484484446e-01	3.736179691490469246e+00	1.501840359999999874e+00	-5.211186081694403338e-01
4.494494494494494230e-01	3.735082495210159337e+00	1.268731720000000118e+00	-5.537522945032778976e-01
4.504504504504504570e-01	3.736515719979329742e+00	1.139226920000000032e+00	-3.579501765002521818e-01
4.514514514514514354e-01	3.739242617711083572e+00	1.262256480000000014e+00	-2.600491174987393794e-01
4.524524524524524693e-01	3.740913081812159646e+00	8.154649200000001485e-01	2.947235501765002597e-01
4.534534534534534478e-01	3.741539644869475989e+00	6.794848799999999578e-01	3.273572365103378790e-01
4.544544544544544262e-01	3.743465322371763992e+00	5.499800799999999823e-01	6.210604135148766192e-01
4.554554554554554602e-01	3.747851666884424837e+00	1.938418799999999942e-01	6.863277861825517467e-01
4.564564564564564386e-01	3.753026957226762494e+00	1.161389999999999922e-01	8.821299041855775735e-01
4.574574574574574726e-01	3.757027477998671205e+00	-4.153200000000037417e-04	8.821299041855775735e-01
4.584584584584584510e-01	3.760849697356638988e+00	-1.493458400000000075e-01	6.863277861825517467e-01
4.594594594594594295e-01	3.766750800837198376e+00	-2.464744400000000168e-01	1.175833081190116092e+00
4.604604604604604634e-01	3.773769122401593012e+00	-3.500782800000000750e-01	1.306367826525466569e+00
4.614614614614614418e-01	3.779525173959304762e+00	-4.731078399999999462e-01	1.273734140191629116e+00
4.624624624624624758e-01	3.784610706437038452e+00	-4.213059199999999449e-01	1.567437317196167523e+00
4.634634634634634542e-01	3.790172842253056729e+00	-5.767116799999999488e-01	1.404268885526979593e+00
4.644644644644644327e-01	3.795295452745631071e+00	-4.536821200000000776e-01	1.469536258194654943e+00
4.654654654654654666e-01	3.799657068645050373e+00	-6.285136000000000056e-01	1.436902571860817046e+00
4.664664664664664451e-01	3.803980933845626300e+00	-6.349888400000001099e-01	1.404268885526979593e+00
4.674674674674674790e-01	3.808212386117504789e+00	-6.803155199999999514e-01	1.404268885526979593e+00
4.684684684684684575e-01	3.812273512476014758e+00	-7.126917200000000285e-01	1.339001512859304244e+00
4.694694694694694914e-01	3.815977400140126097e+00	-7.515431599999999879e-01	1.697972062531518000e+00
4.704704704704704699e-01	3.818231927693682248e+00	-6.090878800000000259e-01	1.600071003530005198e+00
4.714714714714714483e-01	3.818540523192972547e+00	-6.932660000000000489e-01	1.893774180534543827e+00
4.724724724724724823e-01	3.817679340110527342e+00	-6.803155199999999514e-01	1.893774180534543827e+00
4.734734734734734607e-01	3.816305656600019969e+00	-6.414640799999999921e-01	1.469536258194654943e+00
4.744744744744744946e-01	3.814200094961917031e+00	-5.508107199999999759e-01	1.534803630862329848e+00
4.754754754754754731e-01	3.812097335367234052e+00	-5.896621600000000463e-01	1.339001512859304244e+00
4.764764764764764515e-01	3.811373845970511542e+00	-5.184345200000000098e-01	1.077932022188603289e+00
4.774774774774774855e-01	3.810309689311453418e+00	-3.824544800000000411e-01	1.436902571860817046e+00
4.784784784784784639e-01	3.806719922171446502e+00	-2.529496800000000101e-01	1.077932022188603289e+00
4.794794794794794979e-01	3.801825934842557597e+00	-2.270487200000000094e-01	1.404268885526979593e+00
4.804804804804804763e-01	3.796488297893616082e+00	-2.270487200000000094e-01	1.241100453857791219e+00
4.814814814814814548e-01	3.790116739611726793e+00	-7.164296000000000553e-02	9.147635905194151373e-01
4.824824824824824887e-01	3.783078201522012129e+00	6.433707999999999094e-02	1.045298335854765615e+00
4.834834834834834671e-01	3.776020212750035299e+00	1.549904400000000071e-01	4.905256681795260310e-01
4.844844844844845011e-01	3.769225975295716680e+00	3.557228800000000746e-01	4.252582955118507924e-01
4.854854854854854795e-01	3.762746007838048801e+00	7.118610800000001460e-01	2.947235501765002597e-01
4.864864864864864580e-01	3.757023223141991330e+00	6.794848799999999578e-01	6.628774583963688294e-02
4.874874874874874919e-01	3.752779690867776630e+00	9.190687600000001511e-01	2.620898638426626404e-01
4.884884884884884704e-01	3.749583798715328875e+00	1.262256480000000014e+00	3.365405950579927752e-02
4.894894894894895043e-01	3.746398031763746861e+00	8.996430400000000605e-01	-3.905838628340898566e-01
4.904904904904904828e-01	3.742860084758907302e+00	1.437087959999999942e+00	-1.621480584972264660e-01
4.914914914914914612e-01	3.739454844986778603e+00	1.424137479999999734e+00	-5.211186081694403338e-01
4.924924924924924952e-01	3.737115045412422454e+00	1.521266079999999965e+00	-5.211186081694403338e-01
4.934934934934934736e-01	3.736477943530545520e+00	1.462988919999999915e+00	-6.842870398386284858e-01
4.944944944944945076e-01	3.737327579384122966e+00	1.488889879999999888e+00	-7.169207261724660496e-01
4.954954954954954860e-01	3.737864587008552952e+00	1.475939400000000123e+00	-4.558512355017650397e-01
4.964964964964965199e-01	3.736779282321180951e+00	1.482414640000000006e+00	-6.190196671709531362e-01
4.974974974974974984e-01	3.735867049316224708e+00	1.495365119999999770e+00	-4.232175491679274204e-01
4.984984984984984768e-01	3.736511109007656817e+00	1.475939400000000123e+00	-3.253164901664145625e-01
4.994994994994995108e-01	3.737265722263614531e+00	1.268731720000000118e+00	-4.232175491679274204e-01
5.005005005005005447e-01	3.736995735092002668e+00	1.100375480000000072e+00	-3.905838628340898566e-01
5.015015015015015232e-01	3.736725710280691448e+00	1.242830760000000145e+00	-2.600491174987393794e-01
5.025025025025025016e-01	3.738537929048801445e+00	8.025144400000000511e-01	9.892143217347457163e-02
5.035035035035034801e-01	3.742748886380193873e+00	6.535839199999999849e-01	2.947235501765002597e-01
5.045045045045044585e-01	3.747199958680802911e+00	5.305543600000000026e-01	3.926246091780131731e-01
5.055055055055055480e-01	3.750640324119340896e+00	1.614656800000000003e-01	8.168625315179022239e-01
5.065065065065065264e-01	3.753903177882634168e+00	8.376279999999999837e-02	9.800309631870904870e-01
5.075075075075075048e-01	3.757486112535597833e+00	-2.631628000000000439e-02	9.800309631870904870e-01
5.085085085085084833e-01	3.761057646840941349e+00	-1.752468000000000081e-01	1.110565708522440964e+00
5.095095095095094617e-01	3.765392113530070528e+00	-2.594249200000000033e-01	1.241100453857791219e+00
5.105105105105105512e-01	3.771645204839906729e+00	-3.695039999999999436e-01	1.208466767523953767e+00
5.115115115115115296e-01	3.778855108966446164e+00	-4.731078399999999462e-01	1.469536258194654943e+00
5.125125125125125081e-01	3.785437286304673687e+00	-4.342563999999999869e-01	1.371635199193141919e+00
5.135135135135134865e-01	3.791370142367987306e+00	-5.767116799999999488e-01	1.567437317196167523e+00
5.145145145145144649e-01	3.796641668250855695e+00	-4.731078399999999462e-01	1.730605748865355453e+00
5.155155155155155544e-01	3.800670531817154529e+00	-6.285136000000000056e-01	1.730605748865355453e+00
5.165165165165165329e-01	3.804276970675217751e+00	-6.608898000000000827e-01	1.534803630862329848e+00
5.175175175175175113e-01	3.808461505838780958e+00	-6.803155199999999514e-01	1.828506807866868478e+00
5.185185185185184897e-01	3.811660142282854213e+00	-7.126917200000000285e-01	1.469536258194654943e+00
5.195195195195194682e-01	3.812632863210497991e+00	-7.580183999999999811e-01	1.208466767523953767e+00
5.205205205205205576e-01	3.813252557724356340e+00	-6.155631200000000192e-01	1.600071003530005198e+00
5.215215215215215361e-01	3.814940673013108796e+00	-6.997412400000000421e-01	1.273734140191629116e+00
5.225225225225225145e-01	3.816387423784584954e+00	-6.673650399999999649e-01	1.893774180534543827e+00
5.235235235235234930e-01	3.816158631712734284e+00	-6.544145599999999785e-01	1.632704689863842651e+00
5.245245245245244714e-01	3.814385631438852009e+00	-5.313849999999999962e-01	1.697972062531518000e+00
5.255255255255255609e-01	3.811561202291592121e+00	-5.961373999999999285e-01	1.665338376197680104e+00
5.265265265265265393e-01	3.808207121715358134e+00	-5.313849999999999962e-01	1.306367826525466569e+00
5.275275275275275177e-01	3.805309958353887634e+00	-4.018802000000000207e-01	1.371635199193141919e+00
5.285285285285284962e-01	3.802953134618949349e+00	-2.659001599999999965e-01	1.045298335854765615e+00
5.295295295295294746e-01	3.799742591898668032e+00	-2.335239600000000026e-01	9.473972768532528121e-01
5.305305305305305641e-01	3.794656018278040666e+00	-2.529496800000000101e-01	1.208466767523953767e+00
5.315315315315315425e-01	3.788380353345618623e+00	-6.516772000000001230e-02	9.147635905194151373e-01
5.325325325325325210e-01	3.781947913600433697e+00	3.843611999999999723e-02	1.110565708522440964e+00
5.335335335335334994e-01	3.775140186412654586e+00	1.355647199999999997e-01	9.473972768532528121e-01
5.345345345345344779e-01	3.767803717282324438e+00	3.168714400000000042e-01	6.210604135148766192e-01
5.355355355355355673e-01	3.760562642399869038e+00	6.859601199999999510e-01	5.884267271810389444e-01
5.365365365365365458e-01	3.754141727695877950e+00	6.471086800000001027e-01	-3.161331316187596802e-02
5.375375375375375242e-01	3.750032801236839131e+00	9.255440000000001444e-01	-1.295143721633888190e-01
5.385385385385385026e-01	3.748222499088527115e+00	1.236355520000000041e+00	-6.424699949571360813e-02
5.395395395395394811e-01	3.745826560100543379e+00	8.672668400000000943e-01	-4.884849218356027145e-01
5.405405405405405705e-01	3.742200401947657351e+00	1.424137479999999734e+00	-2.600491174987393794e-01
5.415415415415415490e-01	3.739776076587847164e+00	1.404711760000000087e+00	-9.688068582955121355e-02
5.425425425425425274e-01	3.739089020187239765e+00	1.501840359999999874e+00	-6.190196671709531362e-01
5.435435435435435059e-01	3.738467447306814684e+00	1.437087959999999942e+00	-9.688068582955121355e-02
5.445445445445444843e-01	3.737016034134776454e+00	1.469464160000000019e+00	-6.190196671709531362e-01
5.455455455455455738e-01	3.735642597908308549e+00	1.450038439999999929e+00	-3.905838628340898566e-01
5.465465465465465522e-01	3.735838223612577114e+00	1.469464160000000019e+00	-6.516533535047908110e-01
5.475475475475475307e-01	3.737173214982977942e+00	1.475939400000000123e+00	-6.190196671709531362e-01
5.485485485485485091e-01	3.737450873929400341e+00	1.475939400000000123e+00	-2.600491174987393794e-01
5.495495495495495986e-01	3.736668849942557991e+00	1.229880280000000159e+00	-3.905838628340898566e-01
5.505505505505505770e-01	3.737316336849361154e+00	1.087425000000000086e+00	-1.621480584972264660e-01
5.515515515515515554e-01	3.739837133970149718e+00	1.223405040000000055e+00	3.365405950579927752e-02
5.525525525525525339e-01	3.742365397021864215e+00	7.960392000000000579e-01	2.294561775088249655e-01
5.535535535535535123e-01	3.743913391451507700e+00	6.471086800000001027e-01	2.947235501765002597e-01
5.545545545545546018e-01	3.744823434831819231e+00	5.176038800000000162e-01	4.905256681795260310e-01
5.555555555555555802e-01	3.746396358011090832e+00	1.290894800000000064e-01	5.557930408472013806e-01
5.565565565565565587e-01	3.750116810695691694e+00	9.671327999999999869e-02	9.147635905194151373e-01
5.575575575575575371e-01	3.755858385787820719e+00	-3.279152000000000455e-02	9.800309631870904870e-01
5.585585585585585155e-01	3.761898066345353175e+00	-1.817220400000000013e-01	1.208466767523953767e+00
5.595595595595596050e-01	3.766857108676935351e+00	-2.464744400000000168e-01	1.110565708522440964e+00
5.605605605605605835e-01	3.771225410430248282e+00	-3.824544800000000411e-01	1.339001512859304244e+00
5.615615615615615619e-01	3.776710997412253246e+00	-5.054840400000000233e-01	1.306367826525466569e+00
5.625625625625625403e-01	3.783770211538732831e+00	-4.277811600000000491e-01	1.436902571860817046e+00
5.635635635635635188e-01	3.790224485098230289e+00	-5.831869200000000530e-01	1.436902571860817046e+00
5.645645645645646082e-01	3.794518579808111358e+00	-4.666325999999999530e-01	1.730605748865355453e+00
5.655655655655655867e-01	3.798815966401580368e+00	-6.414640799999999921e-01	1.469536258194654943e+00
5.665665665665665651e-01	3.804464533789833069e+00	-6.608898000000000827e-01	1.697972062531518000e+00
5.675675675675675436e-01	3.809025579583801502e+00	-6.738402799999999582e-01	1.534803630862329848e+00
5.685685685685685220e-01	3.810985141178163893e+00	-6.997412400000000421e-01	1.730605748865355453e+00
5.695695695695696115e-01	3.811939341585818042e+00	-7.580183999999999811e-01	1.600071003530005198e+00
5.705705705705705899e-01	3.813769579518403674e+00	-6.285136000000000056e-01	1.632704689863842651e+00
5.715715715715715683e-01	3.816028662726555609e+00	-7.062164799999999243e-01	1.436902571860817046e+00
5.725725725725725468e-01	3.816469360414599166e+00	-6.803155199999999514e-01	1.339001512859304244e+00
5.735735735735735252e-01	3.814505992206082663e+00	-6.673650399999999649e-01	1.469536258194654943e+00
5.745745745745746147e-01	3.812540634434845810e+00	-5.572859600000000802e-01	1.241100453857791219e+00
5.755755755755755931e-01	3.812025495319356416e+00	-5.896621600000000463e-01	1.404268885526979593e+00
5.765765765765765716e-01	3.810831612810681612e+00	-5.378602399999999895e-01	1.469536258194654943e+00
5.775775775775775500e-01	3.807522261413431863e+00	-4.083554400000000140e-01	1.665338376197680104e+00
5.785785785785785285e-01	3.803269227358794691e+00	-2.659001599999999965e-01	1.436902571860817046e+00
5.795795795795796179e-01	3.798549811961686284e+00	-2.335239600000000026e-01	9.800309631870904870e-01
5.805805805805805964e-01	3.793480392463123962e+00	-2.659001599999999965e-01	1.045298335854765615e+00
5.815815815815815748e-01	3.788306597328744196e+00	-7.811819999999999875e-02	1.045298335854765615e+00
5.825825825825825532e-01	3.781994732311129148e+00	2.548563999999999691e-02	6.536940998487140719e-01
5.835835835835835317e-01	3.774266436161275884e+00	1.355647199999999997e-01	1.110565708522440964e+00
5.845845845845846211e-01	3.767025719973327913e+00	3.233466799999999974e-01	6.863277861825517467e-01
5.855855855855855996e-01	3.761697122775672586e+00	6.794848799999999578e-01	6.536940998487140719e-01
5.865865865865865780e-01	3.757090181979421573e+00	6.600591600000000891e-01	5.557930408472013806e-01
5.875875875875875565e-01	3.751626868102228229e+00	8.737420800000000876e-01	-9.688068582955121355e-02
5.885885885885885349e-01	3.746364168433919062e+00	1.223405040000000055e+00	6.628774583963688294e-02
5.895895895895896244e-01	3.743491232831102966e+00	8.543163600000001079e-01	-5.863859808371156834e-01
5.905905905905906028e-01	3.742874732722930808e+00	1.385286039999999996e+00	-5.863859808371156834e-01
5.915915915915915813e-01	3.742157708180659625e+00	1.391761279999999878e+00	-2.926828038325769432e-01
5.925925925925925597e-01	3.740246787909692117e+00	1.469464160000000019e+00	-6.516533535047908110e-01
5.935935935935935381e-01	3.738221961037564434e+00	1.417662239999999851e+00	-2.600491174987393794e-01
5.945945945945946276e-01	3.736922295893625456e+00	1.450038439999999929e+00	-3.253164901664145625e-01
5.955955955955956060e-01	3.736406594790742108e+00	1.437087959999999942e+00	-4.232175491679274204e-01
5.965965965965965845e-01	3.736079240766901233e+00	1.450038439999999929e+00	-2.274154311649017046e-01
5.975975975975975629e-01	3.735343786247238729e+00	1.456513680000000033e+00	-7.821880988401412882e-01
5.985985985985985414e-01	3.735262153814739694e+00	1.443563199999999824e+00	-3.905838628340898566e-01
5.995995995995996308e-01	3.736845160316120129e+00	1.203979319999999964e+00	-2.926828038325769432e-01
6.006006006006006093e-01	3.739335019794694404e+00	1.067999279999999995e+00	-3.579501765002521818e-01
6.016016016016015877e-01	3.741445055894382143e+00	1.229880280000000159e+00	1.020373171961676869e-03
6.026026026026025662e-01	3.742478284622967610e+00	7.701382400000000850e-01	1.968224911749873740e-01
6.036036036036035446e-01	3.743289459261120555e+00	6.212077200000000188e-01	4.578919818456884672e-01
6.046046046046046341e-01	3.745472847999349764e+00	4.981781600000000365e-01	7.189614725163894215e-01
6.056056056056056125e-01	3.748532029229178608e+00	1.420399599999999929e-01	5.557930408472013806e-01
6.066066066066065909e-01	3.751125576668619122e+00	7.081231999999999804e-02	8.168625315179022239e-01
6.076076076076075694e-01	3.754540911257983726e+00	-3.279152000000000455e-02	8.821299041855775735e-01
6.086086086086086588e-01	3.760214189919476535e+00	-1.817220400000000013e-01	8.821299041855775735e-01
6.096096096096096373e-01	3.766771796628774815e+00	-2.659001599999999965e-01	1.273734140191629116e+00
6.106106106106106157e-01	3.772792704143748121e+00	-3.630287599999999504e-01	1.241100453857791219e+00
6.116116116116115942e-01	3.778540344231053449e+00	-4.925335599999999814e-01	1.436902571860817046e+00
6.126126126126125726e-01	3.784413879982312157e+00	-4.407316399999999801e-01	1.436902571860817046e+00
6.136136136136136621e-01	3.790206336821899669e+00	-5.831869200000000530e-01	1.567437317196167523e+00
6.146146146146146405e-01	3.795780118872092768e+00	-4.731078399999999462e-01	1.339001512859304244e+00
6.156156156156156189e-01	3.801277286390112753e+00	-6.349888400000001099e-01	1.567437317196167523e+00
6.166166166166165974e-01	3.806287896120807979e+00	-6.738402799999999582e-01	1.502169944528492396e+00
6.176176176176175758e-01	3.810166561096465898e+00	-7.126917200000000285e-01	1.600071003530005198e+00
6.186186186186186653e-01	3.813001470436123252e+00	-7.126917200000000285e-01	1.567437317196167523e+00
6.196196196196196437e-01	3.815177463969350757e+00	-7.580183999999999811e-01	1.665338376197680104e+00
6.206206206206206222e-01	3.816575350237070730e+00	-6.285136000000000056e-01	1.600071003530005198e+00
6.216216216216216006e-01	3.816367832659446346e+00	-7.062164799999999243e-01	1.893774180534543827e+00
6.226226226226225791e-01	3.814345515442039147e+00	-6.738402799999999582e-01	1.436902571860817046e+00
6.236236236236236685e-01	3.812578271944686126e+00	-6.738402799999999582e-01	1.632704689863842651e+00
6.246246246246246470e-01	3.813278023822975538e+00	-5.508107199999999759e-01	1.371635199193141919e+00
6.256256256256256254e-01	3.814889092656144509e+00	-6.090878800000000259e-01	1.175833081190116092e+00
6.266266266266266038e-01	3.813549254033686609e+00	-5.249097599999998920e-01	1.404268885526979593e+00
6.276276276276275823e-01	3.808995506251506402e+00	-3.954049599999999165e-01	1.143199394856278639e+00
6.286286286286286717e-01	3.804625810089780291e+00	-2.723753999999999897e-01	1.502169944528492396e+00
6.296296296296296502e-01	3.801064787904238962e+00	-2.464744400000000168e-01	1.371635199193141919e+00
6.306306306306306286e-01	3.796004941732127325e+00	-2.529496800000000101e-01	1.306367826525466569e+00
6.316316316316316071e-01	3.789306960862626639e+00	-9.106868000000001295e-02	1.273734140191629116e+00
6.326326326326325855e-01	3.782217962563519276e+00	3.843611999999999723e-02	7.842288451840646601e-01
6.336336336336336750e-01	3.774949188743997208e+00	1.031885200000000058e-01	5.557930408472013806e-01
6.346346346346346534e-01	3.768179921769205354e+00	2.909704799999999758e-01	3.926246091780131731e-01
6.356356356356356319e-01	3.763291087184415407e+00	6.535839199999999849e-01	1.968224911749873740e-01
6.366366366366366103e-01	3.759978006110201054e+00	6.276829600000000120e-01	4.905256681795260310e-01
6.376376376376375887e-01	3.756434726804705804e+00	8.802173200000000808e-01	6.628774583963688294e-02
6.386386386386386782e-01	3.752137329319592318e+00	1.223405040000000055e+00	1.968224911749873740e-01
6.396396396396396566e-01	3.747340688832166755e+00	8.478411200000001147e-01	1.020373171961676869e-03
6.406406406406406351e-01	3.742147582192393962e+00	1.391761279999999878e+00	-6.842870398386284858e-01
6.416416416416416135e-01	3.738507420938033121e+00	1.365860319999999906e+00	-2.274154311649017046e-01
6.426426426426425920e-01	3.738000174777370788e+00	1.450038439999999929e+00	-8.148217851739789630e-01
6.436436436436436814e-01	3.738710764464992842e+00	1.404711760000000087e+00	-5.537522945032778976e-01
6.446446446446446599e-01	3.738583793770037467e+00	1.437087959999999942e+00	-5.211186081694403338e-01
6.456456456456456383e-01	3.737960416898665095e+00	1.424137479999999734e+00	-4.884849218356027145e-01
6.466466466466466168e-01	3.737556776369321820e+00	1.437087959999999942e+00	-1.621480584972264660e-01
6.476476476476475952e-01	3.737241026190453841e+00	1.443563199999999824e+00	-2.926828038325769432e-01
6.486486486486486847e-01	3.736444418341988705e+00	1.424137479999999734e+00	-5.211186081694403338e-01
6.496496496496496631e-01	3.735616874567089685e+00	1.210454560000000068e+00	-2.274154311649017046e-01
6.506506506506506415e-01	3.736618385037869583e+00	1.061524040000000113e+00	-4.558512355017650397e-01
6.516516516516516200e-01	3.739390331576524229e+00	1.197504080000000082e+00	-2.600491174987393794e-01
6.526526526526525984e-01	3.741705075469135000e+00	7.571877599999999875e-01	1.968224911749873740e-01
6.536536536536536879e-01	3.743464404039379634e+00	6.212077200000000188e-01	1.968224911749873740e-01
6.546546546546546663e-01	3.746137894240205046e+00	4.787524399999999458e-01	6.863277861825517467e-01
6.556556556556556448e-01	3.749537084877484272e+00	1.226142399999999993e-01	7.515951588502269853e-01
6.566566566566566232e-01	3.752926640956540272e+00	6.433707999999999094e-02	9.800309631870904870e-01
6.576576576576576016e-01	3.756699186888591946e+00	-5.869248000000000520e-02	1.143199394856278639e+00
6.586586586586586911e-01	3.761288089399144496e+00	-2.011477600000000088e-01	1.110565708522440964e+00
6.596596596596596696e-01	3.766198774074741795e+00	-2.788506400000000385e-01	1.241100453857791219e+00
6.606606606606606480e-01	3.771239086416779962e+00	-3.824544800000000411e-01	1.273734140191629116e+00
6.616616616616616264e-01	3.777311137635034566e+00	-5.054840400000000233e-01	1.339001512859304244e+00
6.626626626626626049e-01	3.784298132565754091e+00	-4.666325999999999530e-01	1.534803630862329848e+00
6.636636636636636943e-01	3.790627400083214305e+00	-6.026126399999999217e-01	1.339001512859304244e+00
6.646646646646646728e-01	3.796355510238671460e+00	-4.860583200000000437e-01	1.567437317196167523e+00
6.656656656656656512e-01	3.802489179707853495e+00	-6.349888400000001099e-01	1.534803630862329848e+00
6.666666666666666297e-01	3.807969427917112792e+00	-6.738402799999999582e-01	1.534803630862329848e+00
6.676676676676676081e-01	3.811674047657276354e+00	-7.062164799999999243e-01	1.665338376197680104e+00
6.686686686686686976e-01	3.814045864309895784e+00	-7.062164799999999243e-01	1.567437317196167523e+00
6.696696696696696760e-01	3.814956916445185531e+00	-7.580183999999999811e-01	1.469536258194654943e+00
6.706706706706706544e-01	3.814481943207220116e+00	-6.220383600000000124e-01	1.730605748865355453e+00
6.716716716716716329e-01	3.814510920383888060e+00	-6.997412400000000421e-01	1.534803630862329848e+00
6.726726726726726113e-01	3.815825298588930270e+00	-6.803155199999999514e-01	1.861140494200705930e+00
6.736736736736737008e-01	3.816413094253372496e+00	-6.803155199999999514e-01	1.665338376197680104e+00
6.746746746746746792e-01	3.814856286270174479e+00	-5.637612000000000734e-01	1.763239435199193128e+00
6.756756756756756577e-01	3.812136890536723222e+00	-6.026126399999999217e-01	1.469536258194654943e+00
6.766766766766766361e-01	3.809290739642560375e+00	-5.572859600000000802e-01	1.371635199193141919e+00
6.776776776776777256e-01	3.806619498921688383e+00	-4.148306800000000072e-01	1.241100453857791219e+00
6.786786786786787040e-01	3.804344326523112496e+00	-2.982763600000000181e-01	8.821299041855775735e-01
6.796796796796796825e-01	3.801345925405171133e+00	-2.594249200000000033e-01	1.306367826525466569e+00
6.806806806806806609e-01	3.796097869514170497e+00	-2.853258800000000317e-01	8.821299041855775735e-01
6.816816816816816393e-01	3.789159787756978037e+00	-1.040191599999999994e-01	1.534803630862329848e+00
6.826826826826827288e-01	3.781941879437928922e+00	6.059919999999996421e-03	1.110565708522440964e+00
6.836836836836837072e-01	3.774714734447087050e+00	9.671327999999999869e-02	9.473972768532528121e-01
6.846846846846846857e-01	3.767234426451093299e+00	2.780200000000000449e-01	8.821299041855775735e-01
6.856856856856856641e-01	3.760663208922175205e+00	6.600591600000000891e-01	2.620898638426626404e-01
6.866866866866866426e-01	3.756727151415894639e+00	6.082572400000001434e-01	6.628774583963688294e-02
6.876876876876877320e-01	3.754036631217915421e+00	8.413658800000000104e-01	9.892143217347457163e-02
6.886886886886887105e-01	3.750006356197052693e+00	1.178078360000000213e+00	-3.905838628340898566e-01
6.896896896896896889e-01	3.745957321158010611e+00	8.025144400000000511e-01	-3.253164901664145625e-01
6.906906906906906674e-01	3.743966233314144798e+00	1.365860319999999906e+00	-1.947817448310640853e-01
6.916916916916916458e-01	3.742514879130794281e+00	1.346434599999999815e+00	-2.274154311649017046e-01
6.926926926926927353e-01	3.740091861757713687e+00	1.443563199999999824e+00	-3.253164901664145625e-01
6.936936936936937137e-01	3.737794624159202161e+00	1.378810799999999892e+00	-4.884849218356027145e-01
6.946946946946946921e-01	3.736760352214280267e+00	1.417662239999999851e+00	-4.884849218356027145e-01
6.956956956956956706e-01	3.736940734251042340e+00	1.404711760000000087e+00	-6.516533535047908110e-01
6.966966966966966490e-01	3.738042184424823500e+00	1.411186999999999969e+00	-6.190196671709531362e-01
6.976976976976977385e-01	3.739257129802762591e+00	1.424137479999999734e+00	-1.947817448310640853e-01
6.986986986986987169e-01	3.739537188714087801e+00	1.411186999999999969e+00	-4.232175491679274204e-01
6.996996996996996954e-01	3.738757977848646608e+00	1.216929799999999950e+00	-3.253164901664145625e-01
7.007007007007006738e-01	3.737648885066653381e+00	1.067999279999999995e+00	6.628774583963688294e-02
7.017017017017016522e-01	3.737763783161881292e+00	1.178078360000000213e+00	-1.947817448310640853e-01
7.027027027027027417e-01	3.739956503793161691e+00	7.442372800000001121e-01	3.599909228441755538e-01
7.037037037037037202e-01	3.743391747806717351e+00	5.694058000000000730e-01	9.892143217347457163e-02
7.047047047047046986e-01	3.747235269968554938e+00	4.722772000000000081e-01	5.231593545133637058e-01
7.057057057057056770e-01	3.750763215258229533e+00	1.031885200000000058e-01	6.210604135148766192e-01
7.067067067067066555e-01	3.753945446271500952e+00	-4.153200000000037417e-04	8.168625315179022239e-01
7.077077077077077449e-01	3.757778615135481282e+00	-5.869248000000000520e-02	1.143199394856278639e+00
7.087087087087087234e-01	3.762441436079721147e+00	-2.140982399999999952e-01	1.175833081190116092e+00
7.097097097097097018e-01	3.767695983941227400e+00	-2.918011200000000249e-01	1.208466767523953767e+00
7.107107107107106803e-01	3.773336466176798965e+00	-3.889297199999999788e-01	1.469536258194654943e+00
7.117117117117116587e-01	3.778957426207412151e+00	-4.990087999999999191e-01	1.306367826525466569e+00
7.127127127127127482e-01	3.784778549632848765e+00	-4.601573600000000153e-01	1.339001512859304244e+00
7.137137137137137266e-01	3.790961434800643737e+00	-5.961373999999999285e-01	1.502169944528492396e+00
7.147147147147147050e-01	3.797230116085175133e+00	-4.860583200000000437e-01	1.241100453857791219e+00
7.157157157157156835e-01	3.803020459980250845e+00	-6.414640799999999921e-01	1.632704689863842651e+00
7.167167167167166619e-01	3.807259508350213650e+00	-6.738402799999999582e-01	1.534803630862329848e+00
7.177177177177177514e-01	3.809825042165202014e+00	-7.126917200000000285e-01	1.730605748865355453e+00
7.187187187187187298e-01	3.811576287855697576e+00	-7.191669600000000218e-01	1.600071003530005198e+00
7.197197197197197083e-01	3.812974337677185410e+00	-7.644936400000000853e-01	1.697972062531518000e+00
7.207207207207206867e-01	3.814118568331777315e+00	-6.155631200000000192e-01	1.632704689863842651e+00
7.217217217217216652e-01	3.814873711606045603e+00	-6.932660000000000489e-01	1.600071003530005198e+00
7.227227227227227546e-01	3.815456991716566382e+00	-6.738402799999999582e-01	1.502169944528492396e+00
7.237237237237237331e-01	3.816218925688429131e+00	-6.803155199999999514e-01	1.697972062531518000e+00
7.247247247247247115e-01	3.816593146949930571e+00	-5.767116799999999488e-01	1.534803630862329848e+00
7.257257257257256899e-01	3.815448176993838647e+00	-6.090878800000000259e-01	1.795873121533031025e+00
7.267267267267266684e-01	3.811783213884435639e+00	-5.637612000000000734e-01	1.436902571860817046e+00
7.277277277277277578e-01	3.806182123630946990e+00	-4.472068799999999733e-01	1.502169944528492396e+00
7.287287287287287363e-01	3.801034307270022783e+00	-2.982763600000000181e-01	1.110565708522440964e+00
7.297297297297297147e-01	3.797313468973025685e+00	-2.788506400000000385e-01	1.175833081190116092e+00
7.307307307307306932e-01	3.793392980473953457e+00	-2.659001599999999965e-01	9.800309631870904870e-01
7.317317317317316716e-01	3.787864883314624009e+00	-1.234448800000000068e-01	6.536940998487140719e-01
7.327327327327327611e-01	3.781408702615439044e+00	-6.890560000000003904e-03	1.045298335854765615e+00
7.337337337337337395e-01	3.775643996945045267e+00	9.671327999999999869e-02	6.863277861825517467e-01
7.347347347347347180e-01	3.770629310136642154e+00	2.780200000000000449e-01	1.045298335854765615e+00
7.357357357357356964e-01	3.764746092675482547e+00	6.276829600000000120e-01	7.842288451840646601e-01
7.367367367367367859e-01	3.757799911871848142e+00	6.212077200000000188e-01	3.599909228441755538e-01
7.377377377377377643e-01	3.752028018236474249e+00	8.219401600000000307e-01	1.641888048411497825e-01
7.387387387387387427e-01	3.748538464074488097e+00	1.184553600000000095e+00	-2.274154311649017046e-01
7.397397397397397212e-01	3.745562560994649015e+00	8.089896800000000443e-01	-2.926828038325769432e-01
7.407407407407406996e-01	3.742500915865014210e+00	1.359385079999999801e+00	-3.579501765002521818e-01
7.417417417417417891e-01	3.741037565083317418e+00	1.320533639999999842e+00	-3.905838628340898566e-01
7.427427427427427675e-01	3.741151748846490932e+00	1.417662239999999851e+00	-2.926828038325769432e-01
7.437437437437437460e-01	3.741198780598330220e+00	1.359385079999999801e+00	-1.621480584972264660e-01
7.447447447447447244e-01	3.740229901429442450e+00	1.398236519999999983e+00	-3.579501765002521818e-01
7.457457457457457028e-01	3.738065639980626020e+00	1.385286039999999996e+00	-9.688068582955121355e-02
7.467467467467467923e-01	3.736237532361945668e+00	1.398236519999999983e+00	-6.516533535047908110e-01
7.477477477477477708e-01	3.736630737854957474e+00	1.398236519999999983e+00	-3.905838628340898566e-01
7.487487487487487492e-01	3.737695642147617736e+00	1.378810799999999892e+00	-4.232175491679274204e-01
7.497497497497497276e-01	3.737500670638364220e+00	1.158652640000000122e+00	-4.884849218356027145e-01
7.507507507507507061e-01	3.737957485080302789e+00	1.042098320000000022e+00	-9.688068582955121355e-02
7.517517517517517955e-01	3.740406819502553937e+00	1.171603120000000109e+00	3.365405950579927752e-02
7.527527527527527740e-01	3.742455516567353424e+00	7.183363200000001392e-01	3.926246091780131731e-01
7.537537537537537524e-01	3.743008879280759427e+00	5.694058000000000730e-01	6.210604135148766192e-01
7.547547547547547309e-01	3.744477924757815046e+00	4.722772000000000081e-01	3.926246091780131731e-01
7.557557557557557093e-01	3.747908323783695650e+00	1.161389999999999922e-01	7.515951588502269853e-01
7.567567567567567988e-01	3.752099751594222710e+00	3.843611999999999723e-02	7.515951588502269853e-01
7.577577577577577772e-01	3.756891013051501638e+00	-6.516772000000001230e-02	9.147635905194151373e-01
7.587587587587587556e-01	3.762054907046345598e+00	-2.140982399999999952e-01	1.110565708522440964e+00
7.597597597597597341e-01	3.766676578191072711e+00	-2.918011200000000249e-01	1.110565708522440964e+00
7.607607607607607125e-01	3.771646847045241557e+00	-3.889297199999999788e-01	1.436902571860817046e+00
7.617617617617618020e-01	3.778434263923490022e+00	-5.184345200000000098e-01	1.404268885526979593e+00
7.627627627627627804e-01	3.786102883727005430e+00	-4.536821200000000776e-01	1.534803630862329848e+00
7.637637637637637589e-01	3.792610747964724638e+00	-6.026126399999999217e-01	1.567437317196167523e+00
7.647647647647647373e-01	3.797664574090754641e+00	-4.795830800000000504e-01	1.502169944528492396e+00
7.657657657657657158e-01	3.802011297578388849e+00	-6.544145599999999785e-01	1.502169944528492396e+00
7.667667667667668052e-01	3.805837492512194054e+00	-6.673650399999999649e-01	1.567437317196167523e+00
7.677677677677677837e-01	3.809212570833074629e+00	-7.256422000000000150e-01	1.436902571860817046e+00
7.687687687687687621e-01	3.812146726009406628e+00	-7.256422000000000150e-01	1.665338376197680104e+00
7.697697697697697405e-01	3.814312906352326227e+00	-7.644936400000000853e-01	1.632704689863842651e+00
7.707707707707707190e-01	3.815463376967020093e+00	-6.285136000000000056e-01	1.665338376197680104e+00
7.717717717717718084e-01	3.815818325186026705e+00	-6.997412400000000421e-01	1.632704689863842651e+00
7.727727727727727869e-01	3.816017611479967986e+00	-6.738402799999999582e-01	1.600071003530005198e+00
7.737737737737737653e-01	3.815903518972361130e+00	-6.738402799999999582e-01	1.730605748865355453e+00
7.747747747747747438e-01	3.814393686023886509e+00	-5.702364399999999556e-01	1.502169944528492396e+00
7.757757757757757222e-01	3.812214226560914021e+00	-6.220383600000000124e-01	1.469536258194654943e+00
7.767767767767768117e-01	3.811037672799378218e+00	-5.767116799999999488e-01	1.469536258194654943e+00
7.777777777777777901e-01	3.809174124347159740e+00	-4.407316399999999801e-01	1.371635199193141919e+00
7.787787787787787686e-01	3.804361592986926777e+00	-2.918011200000000249e-01	1.502169944528492396e+00
7.797797797797797470e-01	3.798486168276202779e+00	-2.788506400000000385e-01	1.143199394856278639e+00
7.807807807807807254e-01	3.793410982144592491e+00	-2.918011200000000249e-01	1.371635199193141919e+00
7.817817817817818149e-01	3.787872951937785615e+00	-1.104944000000000065e-01	8.494962178517398987e-01
7.827827827827827933e-01	3.781318828594181003e+00	-1.984104000000000423e-02	7.189614725163894215e-01
7.837837837837837718e-01	3.774422885902898539e+00	7.728756000000000514e-02	7.842288451840646601e-01
7.847847847847847502e-01	3.767805130874066766e+00	2.715447599999999961e-01	2.620898638426626404e-01
7.857857857857857287e-01	3.762864780576630430e+00	6.212077200000000188e-01	6.536940998487140719e-01
7.867867867867868181e-01	3.759780463730896027e+00	5.888315200000000527e-01	2.947235501765002597e-01
7.877877877877877966e-01	3.756173447573037727e+00	8.219401600000000307e-01	4.578919818456884672e-01
7.887887887887887750e-01	3.750351952771083131e+00	1.152177400000000018e+00	3.273572365103378790e-01
7.897897897897897534e-01	3.744316538250737292e+00	7.960392000000000579e-01	-6.424699949571360813e-02
7.907907907907907319e-01	3.741348407844568236e+00	1.346434599999999815e+00	-3.579501765002521818e-01
7.917917917917918214e-01	3.741022850490741458e+00	1.314058399999999960e+00	-3.905838628340898566e-01
7.927927927927927998e-01	3.740398820263477919e+00	1.404711760000000087e+00	-7.495544125063037244e-01
7.937937937937937782e-01	3.739187669178215323e+00	1.339959359999999933e+00	-2.600491174987393794e-01
7.947947947947947567e-01	3.739209137509010628e+00	1.378810799999999892e+00	-3.905838628340898566e-01
7.957957957957957351e-01	3.740110757935451780e+00	1.359385079999999801e+00	-1.947817448310640853e-01
7.967967967967968246e-01	3.739769622748073008e+00	1.378810799999999892e+00	-2.274154311649017046e-01
7.977977977977978030e-01	3.738080117564301030e+00	1.378810799999999892e+00	-3.905838628340898566e-01
7.987987987987987815e-01	3.736760038638295978e+00	1.378810799999999892e+00	-1.621480584972264660e-01
7.997997997997997599e-01	3.736795539585914483e+00	1.158652640000000122e+00	-4.884849218356027145e-01
8.008008008008007383e-01	3.738366304890365477e+00	1.022672600000000154e+00	-2.274154311649017046e-01
8.018018018018018278e-01	3.740679159818294686e+00	1.132751680000000150e+00	-1.295143721633888190e-01
8.028028028028028062e-01	3.742610912076035579e+00	7.053858400000000417e-01	6.628774583963688294e-02
8.038038038038037847e-01	3.744589034728368571e+00	5.564553199999999755e-01	4.578919818456884672e-01
8.048048048048047631e-01	3.747318509045005630e+00	4.269505200000000000e-01	7.515951588502269853e-01
8.058058058058058526e-01	3.750700382230346186e+00	7.728756000000000514e-02	9.147635905194151373e-01
8.068068068068068310e-01	3.754137025249407511e+00	3.843611999999999723e-02	1.208466767523953767e+00
8.078078078078078095e-01	3.756958326381132363e+00	-8.459344000000000585e-02	8.168625315179022239e-01
8.088088088088087879e-01	3.760372367705970387e+00	-2.335239600000000026e-01	1.175833081190116092e+00
8.098098098098097664e-01	3.765989706056247943e+00	-3.112268400000000046e-01	1.143199394856278639e+00
8.108108108108108558e-01	3.773013965993349483e+00	-3.954049599999999165e-01	1.241100453857791219e+00
8.118118118118118343e-01	3.779979117113197340e+00	-5.119592800000000166e-01	1.404268885526979593e+00
8.128128128128128127e-01	3.786273552817690735e+00	-4.666325999999999530e-01	1.436902571860817046e+00
8.138138138138137911e-01	3.791555699830136295e+00	-6.349888400000001099e-01	1.600071003530005198e+00
8.148148148148147696e-01	3.796109796028404482e+00	-4.795830800000000504e-01	1.828506807866868478e+00
8.158158158158158590e-01	3.800942245187121316e+00	-6.738402799999999582e-01	1.502169944528492396e+00
8.168168168168168375e-01	3.805795582067038829e+00	-6.803155199999999514e-01	1.600071003530005198e+00
8.178178178178178159e-01	3.809154734446439594e+00	-7.256422000000000150e-01	1.600071003530005198e+00
8.188188188188187944e-01	3.811443900453074463e+00	-7.191669600000000218e-01	1.469536258194654943e+00
8.198198198198197728e-01	3.814056266203666112e+00	-7.580183999999999811e-01	1.665338376197680104e+00
8.208208208208208623e-01	3.816376819030691703e+00	-6.285136000000000056e-01	1.534803630862329848e+00
8.218218218218218407e-01	3.817416002464621094e+00	-7.126917200000000285e-01	1.730605748865355453e+00
8.228228228228228192e-01	3.817094272663363430e+00	-6.932660000000000489e-01	1.665338376197680104e+00
8.238238238238237976e-01	3.815774005178021788e+00	-6.867907599999999446e-01	1.697972062531518000e+00
8.248248248248247760e-01	3.814547475728672143e+00	-6.090878800000000259e-01	1.273734140191629116e+00
8.258258258258258655e-01	3.813902698337968022e+00	-6.414640799999999921e-01	1.534803630862329848e+00
8.268268268268268439e-01	3.812383695106750903e+00	-5.831869200000000530e-01	1.273734140191629116e+00
8.278278278278278224e-01	3.808372717207749947e+00	-4.407316399999999801e-01	1.404268885526979593e+00
8.288288288288288008e-01	3.802822512876872008e+00	-3.306525599999999843e-01	1.339001512859304244e+00
8.298298298298297793e-01	3.798260717616129600e+00	-2.982763600000000181e-01	1.469536258194654943e+00
8.308308308308308687e-01	3.794608597058592991e+00	-3.177020799999999978e-01	1.077932022188603289e+00
8.318318318318318472e-01	3.789190707607765329e+00	-1.428706000000000143e-01	1.306367826525466569e+00
8.328328328328328256e-01	3.781526707229324380e+00	-1.336580000000000407e-02	8.821299041855775735e-01
8.338338338338338041e-01	3.774269001411921121e+00	5.786183999999999772e-02	7.842288451840646601e-01
8.348348348348347825e-01	3.768705665868691046e+00	2.326933200000000090e-01	5.557930408472013806e-01
8.358358358358358720e-01	3.763306687282384377e+00	6.276829600000000120e-01	2.294561775088249655e-01
8.368368368368368504e-01	3.757514796847485350e+00	5.694058000000000730e-01	1.968224911749873740e-01
8.378378378378378288e-01	3.752839536399620091e+00	8.025144400000000511e-01	-1.295143721633888190e-01
8.388388388388388073e-01	3.749663732199001398e+00	1.126276440000000045e+00	3.926246091780131731e-01
8.398398398398397857e-01	3.747150989988087932e+00	7.830887200000000714e-01	-3.253164901664145625e-01
8.408408408408408752e-01	3.745234331870858746e+00	1.333484120000000051e+00	3.365405950579927752e-02
8.418418418418418536e-01	3.743240804407586886e+00	1.288157439999999765e+00	3.365405950579927752e-02
8.428428428428428321e-01	3.740353093284312536e+00	1.385286039999999996e+00	-5.211186081694403338e-01
8.438438438438438105e-01	3.738099891677456377e+00	1.320533639999999842e+00	-4.558512355017650397e-01
8.448448448448447889e-01	3.738106641647321648e+00	1.359385079999999801e+00	-5.537522945032778976e-01
8.458458458458458784e-01	3.739401336443936685e+00	1.339959359999999933e+00	-6.190196671709531362e-01
8.468468468468468568e-01	3.739739481458412840e+00	1.359385079999999801e+00	-1.947817448310640853e-01
8.478478478478478353e-01	3.738406291434927198e+00	1.365860319999999906e+00	-6.190196671709531362e-01
8.488488488488488137e-01	3.737207026808074595e+00	1.346434599999999815e+00	-1.621480584972264660e-01
8.498498498498497922e-01	3.737220628713418424e+00	1.139226920000000032e+00	1.020373171961676869e-03
8.508508508508508816e-01	3.737387228021096242e+00	9.967716399999999588e-01	-1.947817448310640853e-01
8.518518518518518601e-01	3.737802451182649310e+00	1.093900239999999968e+00	1.315551185073121632e-01
8.528528528528528385e-01	3.739674830823171536e+00	6.924353600000000553e-01	1.315551185073121632e-01
8.538538538538538170e-01	3.743024377957599125e+00	5.435048399999999891e-01	1.641888048411497825e-01
8.548548548548547954e-01	3.746677898544448215e+00	4.140000400000000136e-01	6.536940998487140719e-01
8.558558558558558849e-01	3.749583344612693381e+00	5.786183999999999772e-02	5.557930408472013806e-01
8.568568568568568633e-01	3.752553215206912096e+00	6.059919999999996421e-03	9.800309631870904870e-01
8.578578578578578417e-01	3.756861654559112029e+00	-9.754392000000000618e-02	1.175833081190116092e+00
8.588588588588588202e-01	3.762152284162792792e+00	-2.270487200000000094e-01	1.241100453857791219e+00
8.598598598598597986e-01	3.767686774606019640e+00	-3.177020799999999978e-01	1.469536258194654943e+00
8.608608608608608881e-01	3.773118187023479564e+00	-4.148306800000000072e-01	1.110565708522440964e+00
8.618618618618618665e-01	3.778256931935285667e+00	-5.184345200000000098e-01	1.339001512859304244e+00
8.628628628628628450e-01	3.783868310180088734e+00	-4.666325999999999530e-01	1.404268885526979593e+00
8.638638638638638234e-01	3.790991832619256652e+00	-6.220383600000000124e-01	1.371635199193141919e+00
8.648648648648649129e-01	3.797891699375830932e+00	-4.990087999999999191e-01	1.567437317196167523e+00
8.658658658658658913e-01	3.801865856480959316e+00	-6.608898000000000827e-01	1.534803630862329848e+00
8.668668668668668698e-01	3.804200248059038003e+00	-6.673650399999999649e-01	1.697972062531518000e+00
8.678678678678678482e-01	3.807522355613772280e+00	-7.126917200000000285e-01	1.697972062531518000e+00
8.688688688688688266e-01	3.811706802284825724e+00	-7.191669600000000218e-01	1.632704689863842651e+00
8.698698698698699161e-01	3.815399729037002974e+00	-7.515431599999999879e-01	1.665338376197680104e+00
8.708708708708708945e-01	3.817231097478052337e+00	-6.220383600000000124e-01	1.534803630862329848e+00
8.718718718718718730e-01	3.816842092306355294e+00	-7.126917200000000285e-01	1.502169944528492396e+00
8.728728728728728514e-01	3.815887477296796337e+00	-6.803155199999999514e-01	1.665338376197680104e+00
8.738738738738738299e-01	3.815364937004671386e+00	-6.867907599999999446e-01	1.567437317196167523e+00
8.748748748748749193e-01	3.814243126041760412e+00	-5.961373999999999285e-01	1.632704689863842651e+00
8.758758758758758978e-01	3.811912884957115111e+00	-6.414640799999999921e-01	1.567437317196167523e+00
8.768768768768768762e-01	3.809562100585700328e+00	-5.896621600000000463e-01	1.502169944528492396e+00
8.778778778778778547e-01	3.808175334218164121e+00	-4.342563999999999869e-01	1.502169944528492396e+00
8.788788788788788331e-01	3.805838387382293408e+00	-3.241773200000000466e-01	1.306367826525466569e+00
8.798798798798799226e-01	3.800598473504625208e+00	-2.982763600000000181e-01	1.241100453857791219e+00
8.808808808808809010e-01	3.794389342284776312e+00	-3.241773200000000466e-01	1.110565708522440964e+00
8.818818818818818794e-01	3.788743242144299916e+00	-1.234448800000000068e-01	1.045298335854765615e+00
8.828828828828828579e-01	3.782335427656415394e+00	-3.279152000000000455e-02	1.110565708522440964e+00
8.838838838838838363e-01	3.775452393734095136e+00	4.491135999999999739e-02	8.821299041855775735e-01
8.848848848848849258e-01	3.769090730659176991e+00	2.391685600000000023e-01	8.821299041855775735e-01
8.858858858858859042e-01	3.762508286821896863e+00	5.953067600000000459e-01	5.231593545133637058e-01
8.868868868868868827e-01	3.756068398537221409e+00	5.823562799999999484e-01	4.252582955118507924e-01
8.878878878878878611e-01	3.751428414261152255e+00	7.895639599999999536e-01	-3.161331316187596802e-02
8.888888888888888395e-01	3.748757147541528667e+00	1.119801199999999941e+00	-2.274154311649017046e-01
8.898898898898899290e-01	3.746379858120946871e+00	7.636630000000000917e-01	-2.600491174987393794e-01
8.908908908908909074e-01	3.743756683827264897e+00	1.294632679999999869e+00	-5.863859808371156834e-01
8.918918918918918859e-01	3.742587874309946105e+00	1.275206959999999778e+00	9.892143217347457163e-02
8.928928928928928643e-01	3.742598367334517118e+00	1.365860319999999906e+00	-3.253164901664145625e-01
8.938938938938938428e-01	3.741115893270700266e+00	1.301107919999999973e+00	-6.424699949571360813e-02
8.948948948948949322e-01	3.737821621407865003e+00	1.339959359999999933e+00	-1.621480584972264660e-01
8.958958958958959107e-01	3.735339943860035650e+00	1.327008879999999946e+00	-5.211186081694403338e-01
8.968968968968968891e-01	3.735022551695594384e+00	1.320533639999999842e+00	-4.232175491679274204e-01
8.978978978978978676e-01	3.735504337878857939e+00	1.352909840000000141e+00	-5.211186081694403338e-01
8.988988988988988460e-01	3.736521185578990156e+00	1.327008879999999946e+00	-6.190196671709531362e-01
8.998998998998999355e-01	3.738621212316852294e+00	1.113325960000000059e+00	-1.947817448310640853e-01
9.009009009009009139e-01	3.740364717149327500e+00	1.003246880000000063e+00	-6.424699949571360813e-02
9.019019019019018923e-01	3.741500812846680013e+00	1.100375480000000072e+00	2.294561775088249655e-01
9.029029029029028708e-01	3.743404623029615852e+00	6.794848799999999578e-01	5.884267271810389444e-01
9.039039039039038492e-01	3.745360642695951370e+00	5.499800799999999823e-01	2.294561775088249655e-01
9.049049049049049387e-01	3.746412319073648689e+00	3.880990800000000407e-01	7.515951588502269853e-01
9.059059059059059171e-01	3.748594503115945997e+00	7.081231999999999804e-02	4.252582955118507924e-01
9.069069069069068956e-01	3.753762321544749092e+00	1.253515999999999658e-02	5.884267271810389444e-01
9.079079079079078740e-01	3.759622083371382484e+00	-1.040191599999999994e-01	1.045298335854765615e+00
9.089089089089088525e-01	3.763526779905274733e+00	-2.270487200000000094e-01	1.045298335854765615e+00
9.099099099099099419e-01	3.767167440966808112e+00	-3.047516000000000114e-01	1.436902571860817046e+00
9.109109109109109204e-01	3.772862015959319137e+00	-4.148306800000000072e-01	1.534803630862329848e+00
9.119119119119118988e-01	3.779448860388156195e+00	-5.313849999999999962e-01	1.371635199193141919e+00
9.129129129129128772e-01	3.784867196252434063e+00	-4.990087999999999191e-01	1.600071003530005198e+00
9.139139139139138557e-01	3.789377728120471467e+00	-6.220383600000000124e-01	1.241100453857791219e+00
9.149149149149149451e-01	3.794663620295533946e+00	-4.990087999999999191e-01	1.436902571860817046e+00
9.159159159159159236e-01	3.801158645292229910e+00	-6.479393199999999853e-01	1.436902571860817046e+00
9.169169169169169020e-01	3.807515438730820989e+00	-6.803155199999999514e-01	1.469536258194654943e+00
9.179179179179178805e-01	3.811707016385194713e+00	-7.062164799999999243e-01	1.600071003530005198e+00
9.189189189189188589e-01	3.813443556791566991e+00	-7.256422000000000150e-01	1.665338376197680104e+00
9.199199199199199484e-01	3.815253283063429812e+00	-7.709688800000000786e-01	1.697972062531518000e+00
9.209209209209209268e-01	3.817713422073614637e+00	-6.414640799999999921e-01	1.730605748865355453e+00
9.219219219219219053e-01	3.818554239955593399e+00	-7.126917200000000285e-01	1.534803630862329848e+00
9.229229229229228837e-01	3.817947618655641140e+00	-6.867907599999999446e-01	1.534803630862329848e+00
9.239239239239238621e-01	3.816947473100992916e+00	-6.932660000000000489e-01	1.534803630862329848e+00
9.249249249249249516e-01	3.814781640171046373e+00	-6.090878800000000259e-01	1.469536258194654943e+00
9.259259259259259300e-01	3.812414496748127046e+00	-6.349888400000001099e-01	1.632704689863842651e+00
9.269269269269269085e-01	3.811798073319963009e+00	-5.831869200000000530e-01	1.436902571860817046e+00
9.279279279279278869e-01	3.811110326244603552e+00	-4.472068799999999733e-01	1.567437317196167523e+00
9.289289289289288654e-01	3.806938434585087183e+00	-3.436030400000000262e-01	1.241100453857791219e+00
9.299299299299299548e-01	3.800050373582250174e+00	-2.853258800000000317e-01	1.273734140191629116e+00
9.309309309309309333e-01	3.793916640632446491e+00	-3.241773200000000466e-01	1.143199394856278639e+00
9.319319319319319117e-01	3.789096849652111576e+00	-1.299201200000000000e-01	1.143199394856278639e+00
9.329329329329328901e-01	3.783235234937726066e+00	-4.574200000000000488e-02	8.821299041855775735e-01
9.339339339339339796e-01	3.775551559469337182e+00	3.196087999999999707e-02	8.168625315179022239e-01
9.349349349349349581e-01	3.768346365772994311e+00	2.326933200000000090e-01	5.557930408472013806e-01
9.359359359359359365e-01	3.763232395762372562e+00	5.888315200000000527e-01	7.189614725163894215e-01
9.369369369369369149e-01	3.758798425143135447e+00	5.694058000000000730e-01	3.599909228441755538e-01
9.379379379379378934e-01	3.753675438322011448e+00	7.766134800000000782e-01	4.252582955118507924e-01
9.389389389389389828e-01	3.749012105959760088e+00	1.100375480000000072e+00	-6.424699949571360813e-02
9.399399399399399613e-01	3.746391647123104018e+00	7.766134800000000782e-01	-1.621480584972264660e-01
9.409409409409409397e-01	3.745351394721052163e+00	1.275206959999999778e+00	-4.232175491679274204e-01
9.419419419419419182e-01	3.744451893385491559e+00	1.262256480000000014e+00	-7.169207261724660496e-01
9.429429429429428966e-01	3.742811408712003018e+00	1.352909840000000141e+00	-3.253164901664145625e-01
9.439439439439439861e-01	3.740792610403582685e+00	1.288157439999999765e+00	-4.884849218356027145e-01
9.449449449449449645e-01	3.739966794828386565e+00	1.327008879999999946e+00	1.020373171961676869e-03
9.459459459459459429e-01	3.740433754566419022e+00	1.320533639999999842e+00	-2.274154311649017046e-01
9.469469469469469214e-01	3.740338289252123083e+00	1.327008879999999946e+00	-1.295143721633888190e-01
9.479479479479478998e-01	3.738718973702478632e+00	1.333484120000000051e+00	-1.295143721633888190e-01
9.489489489489489893e-01	3.736772159443969787e+00	1.314058399999999960e+00	-5.537522945032778976e-01
9.499499499499499677e-01	3.736821183275234937e+00	1.100375480000000072e+00	-4.558512355017650397e-01
9.509509509509509462e-01	3.739397624412010845e+00	9.838211600000000834e-01	-2.274154311649017046e-01
9.519519519519519246e-01	3.742395507833806256e+00	1.113325960000000059e+00	-3.253164901664145625e-01
9.529529529529529031e-01	3.743938073009318135e+00	6.535839199999999849e-01	5.231593545133637058e-01
9.539539539539539925e-01	3.744301568104423161e+00	5.240791200000000094e-01	3.926246091780131731e-01
9.549549549549549710e-01	3.745851422792498830e+00	3.880990800000000407e-01	8.494962178517398987e-01
9.559559559559559494e-01	3.749872478528640585e+00	5.786183999999999772e-02	1.175833081190116092e+00
9.569569569569569278e-01	3.754085182962338063e+00	-1.336580000000000407e-02	7.515951588502269853e-01
9.579579579579579063e-01	3.757195082636088479e+00	-1.104944000000000065e-01	9.800309631870904870e-01
9.589589589589589957e-01	3.761314152251017617e+00	-2.205734800000000162e-01	1.045298335854765615e+00
9.599599599599599742e-01	3.767906138517827852e+00	-3.177020799999999978e-01	1.077932022188603289e+00
9.609609609609609526e-01	3.775778655308835940e+00	-4.148306800000000072e-01	1.339001512859304244e+00
9.619619619619619311e-01	3.782461808396551550e+00	-5.443354799999999827e-01	1.371635199193141919e+00
9.629629629629629095e-01	3.787143451836861630e+00	-4.990087999999999191e-01	1.632704689863842651e+00
9.639639639639639990e-01	3.791470228265826137e+00	-6.090878800000000259e-01	1.665338376197680104e+00
9.649649649649649774e-01	3.796489266896593051e+00	-4.990087999999999191e-01	1.436902571860817046e+00
9.659659659659659559e-01	3.801481449579232841e+00	-6.673650399999999649e-01	1.665338376197680104e+00
9.669669669669669343e-01	3.805994279558212678e+00	-6.738402799999999582e-01	1.273734140191629116e+00
9.679679679679679127e-01	3.810186756807426800e+00	-7.062164799999999243e-01	1.567437317196167523e+00
9.689689689689690022e-01	3.813217666357322955e+00	-7.126917200000000285e-01	1.567437317196167523e+00
9.699699699699699806e-01	3.814852126514460817e+00	-7.644936400000000853e-01	1.534803630862329848e+00
9.709709709709709591e-01	3.816408146702334747e+00	-6.285136000000000056e-01	1.730605748865355453e+00
9.719719719719719375e-01	3.817463306247952382e+00	-6.997412400000000421e-01	1.567437317196167523e+00
9.729729729729729160e-01	3.816805251588990089e+00	-6.997412400000000421e-01	1.665338376197680104e+00
9.739739739739740054e-01	3.815530677597105846e+00	-6.997412400000000421e-01	1.665338376197680104e+00
9.749749749749749839e-01	3.814577563643533953e+00	-5.896621600000000463e-01	1.502169944528492396e+00
9.759759759759759623e-01	3.812806293750520936e+00	-6.479393199999999853e-01	1.567437317196167523e+00
9.769769769769769407e-01	3.809983122402345934e+00	-5.896621600000000463e-01	1.567437317196167523e+00
9.779779779779779192e-01	3.807667273444512723e+00	-4.601573600000000153e-01	1.339001512859304244e+00
9.789789789789790087e-01	3.805486885170259015e+00	-3.371277999999999775e-01	1.339001512859304244e+00
9.799799799799799871e-01	3.801080718493387245e+00	-3.047516000000000114e-01	1.208466767523953767e+00
9.809809809809809655e-01	3.794404622880592992e+00	-3.241773200000000466e-01	1.339001512859304244e+00
9.819819819819819440e-01	3.787194188415247798e+00	-1.493458400000000075e-01	9.800309631870904870e-01
9.829829829829829224e-01	3.780086180003936036e+00	-3.926676000000000472e-02	5.231593545133637058e-01
9.839839839839840119e-01	3.773391850531326419e+00	6.059919999999996421e-03	6.863277861825517467e-01
9.849849849849849903e-01	3.767516538240574864e+00	2.067923600000000084e-01	7.842288451840646601e-01
9.859859859859859688e-01	3.762202557459770169e+00	6.017820000000000391e-01	4.905256681795260310e-01
9.869869869869869472e-01	3.756890180113003908e+00	5.435048399999999891e-01	3.273572365103378790e-01
9.879879879879879256e-01	3.751977911917200981e+00	7.701382400000000850e-01	1.641888048411497825e-01
9.889889889889890151e-01	3.748746072224922177e+00	1.080949760000000204e+00	2.620898638426626404e-01
9.899899899899899935e-01	3.746734023266261815e+00	7.507125199999999943e-01	-6.424699949571360813e-02
9.909909909909909720e-01	3.743837709580988715e+00	1.288157439999999765e+00	-1.621480584972264660e-01
9.919919919919919504e-01	3.739913385782004163e+00	1.229880280000000159e+00	-2.926828038325769432e-01
9.929929929929930399e-01	3.737105155549560020e+00	1.327008879999999946e+00	-5.863859808371156834e-01
9.939939939939940183e-01	3.736736128976156923e+00	1.275206959999999778e+00	-4.232175491679274204e-01
9.949949949949949968e-01	3.738082004598951791e+00	1.301107919999999973e+00	-6.516533535047908110e-01
9.959959959959959752e-01	3.739202355259136912e+00	1.294632679999999869e+00	-1.621480584972264660e-01
9.969969969969969537e-01	3.738953464334031196e+00	1.301107919999999973e+00	-4.884849218356027145e-01
9.979979979979980431e-01	3.738454874955418283e+00	1.314058399999999960e+00	-6.424699949571360813e-02
9.989989989989990216e-01	3.738602344883258155e+00	1.294632679999999869e+00	-1.947817448310640853e-01
1.000000000000000000e+00	3.738800819635006434e+00	1.093900239999999968e+00	-1.295143721633888190e-01
