Time(s)\disp(mm)\Force(Lb)\Force(Lb)
0.000000000000000000e+00	3.814072806716655606e+00	-4.666325999999999530e-01	1.339001512859304244e+00
1.001001001001000992e-03	3.808876232738116485e+00	-3.306525599999999843e-01	1.567437317196167523e+00
2.002002002002001985e-03	3.803949282784378383e+00	-2.659001599999999965e-01	1.371635199193141919e+00
3.003003003003002977e-03	3.798237202719534356e+00	-1.752468000000000081e-01	1.404268885526979593e+00
4.004004004004003969e-03	3.792013354012740312e+00	-6.890560000000003904e-03	9.800309631870904870e-01
5.005005005005004962e-03	3.786319215167364138e+00	1.901039999999999675e-02	7.842288451840646601e-01
6.006006006006005954e-03	3.780916997859275597e+00	2.521190400000000165e-01	7.842288451840646601e-01
7.007007007007006946e-03	3.775630717783395429e+00	4.658019600000000704e-01	5.557930408472013806e-01
8.008008008008007939e-03	3.770777387985482232e+00	5.499800799999999823e-01	8.821299041855775735e-01
9.009009009009008931e-03	3.766371435792636113e+00	5.499800799999999823e-01	3.599909228441755538e-01
1.001001001001000992e-02	3.762421282114188248e+00	7.960392000000000579e-01	6.210604135148766192e-01
1.101101101101101092e-02	3.758179991862736102e+00	1.042098320000000022e+00	2.947235501765002597e-01
1.201201201201201191e-02	3.753280026536537139e+00	1.229880280000000159e+00	-9.688068582955121355e-02
1.301301301301301290e-02	3.749679503043295448e+00	1.307583159999999856e+00	-2.600491174987393794e-01
1.401401401401401389e-02	3.747902520624397660e+00	1.624869920000000079e+00	-5.211186081694403338e-01
1.501501501501501488e-02	3.746147222649588215e+00	1.747899480000000061e+00	-8.148217851739789630e-01
1.601601601601601588e-02	3.744981973891778004e+00	1.702572799999999775e+00	-3.905838628340898566e-01
1.701701701701701513e-02	3.745732598355952181e+00	1.715523279999999984e+00	-6.842870398386284858e-01
1.801801801801801786e-02	3.746973874452882658e+00	1.702572799999999775e+00	-3.579501765002521818e-01
1.901901901901902059e-02	3.746734491932254052e+00	1.663721360000000038e+00	-3.253164901664145625e-01
2.002002002002001985e-02	3.745470216687700749e+00	1.663721360000000038e+00	-6.190196671709531362e-01
2.102102102102101910e-02	3.745319531917428613e+00	1.540691800000000056e+00	-3.161331316187596802e-02
2.202202202202202183e-02	3.746645774708599497e+00	1.443563199999999824e+00	-6.516533535047908110e-01
2.302302302302302456e-02	3.747789265850865359e+00	1.203979319999999964e+00	-2.600491174987393794e-01
2.402402402402402382e-02	3.747786927787352340e+00	1.139226920000000032e+00	-6.424699949571360813e-02
2.502502502502502307e-02	3.747767509142987841e+00	6.341582000000000052e-01	6.628774583963688294e-02
2.602602602602602580e-02	3.749800716452370342e+00	6.794848799999999578e-01	5.231593545133637058e-01
2.702702702702702853e-02	3.753791869755513044e+00	4.787524399999999458e-01	8.168625315179022239e-01
2.802802802802802778e-02	3.757485717130258696e+00	3.816238400000000475e-01	9.147635905194151373e-01
2.902902902902902704e-02	3.759485234281739974e+00	5.138659999999999756e-02	1.208466767523953767e+00
3.003003003003002977e-02	3.761215961049857448e+00	-9.106868000000001295e-02	6.863277861825517467e-01
3.103103103103103250e-02	3.765300235154705355e+00	-2.853258800000000317e-01	1.241100453857791219e+00
3.203203203203203175e-02	3.771294557488133137e+00	-4.018802000000000207e-01	1.077932022188603289e+00
3.303303303303303101e-02	3.776570902042628131e+00	-5.119592800000000166e-01	1.404268885526979593e+00
3.403403403403403027e-02	3.780692012767440602e+00	-4.148306800000000072e-01	1.436902571860817046e+00
3.503503503503503647e-02	3.785931087399254658e+00	-5.443354799999999827e-01	1.502169944528492396e+00
3.603603603603603572e-02	3.793682450490965419e+00	-5.702364399999999556e-01	1.893774180534543827e+00
3.703703703703703498e-02	3.801298495928698618e+00	-5.637612000000000734e-01	1.730605748865355453e+00
3.803803803803804118e-02	3.805868665025037956e+00	-6.026126399999999217e-01	1.469536258194654943e+00
3.903903903903904044e-02	3.808460065278507667e+00	-6.738402799999999582e-01	1.730605748865355453e+00
4.004004004004003969e-02	3.810923681952909980e+00	-6.349888400000001099e-01	1.469536258194654943e+00
4.104104104104103895e-02	3.813686253320328401e+00	-7.126917200000000285e-01	1.534803630862329848e+00
4.204204204204203821e-02	3.816915980784064466e+00	-6.932660000000000489e-01	1.665338376197680104e+00
4.304304304304304440e-02	3.819494393502709251e+00	-5.702364399999999556e-01	1.534803630862329848e+00
4.404404404404404366e-02	3.819397653222505795e+00	-6.544145599999999785e-01	1.763239435199193128e+00
4.504504504504504292e-02	3.817055358710748969e+00	-6.673650399999999649e-01	1.632704689863842651e+00
4.604604604604604912e-02	3.815242428358104121e+00	-6.349888400000001099e-01	1.697972062531518000e+00
4.704704704704704837e-02	3.815008806691825516e+00	-4.666325999999999530e-01	1.404268885526979593e+00
4.804804804804804763e-02	3.814274153069720175e+00	-5.508107199999999759e-01	1.567437317196167523e+00
4.904904904904904689e-02	3.811327334140188317e+00	-4.472068799999999733e-01	1.371635199193141919e+00
5.005005005005004615e-02	3.807511921067020744e+00	-4.666325999999999530e-01	1.534803630862329848e+00
5.105105105105105234e-02	3.804517570563739071e+00	-3.241773200000000466e-01	1.273734140191629116e+00
5.205205205205205160e-02	3.801381328869011256e+00	-2.723753999999999897e-01	1.404268885526979593e+00
5.305305305305305086e-02	3.796367232492258381e+00	-1.946725200000000155e-01	1.273734140191629116e+00
5.405405405405405705e-02	3.789727655688342800e+00	-4.153200000000037417e-04	1.502169944528492396e+00
5.505505505505505631e-02	3.783497879248256091e+00	2.548563999999999691e-02	8.821299041855775735e-01
5.605605605605605557e-02	3.778799322263890481e+00	2.262180799999999881e-01	9.800309631870904870e-01
5.705705705705705483e-02	3.774356173208442300e+00	4.593267200000000772e-01	6.536940998487140719e-01
5.805805805805805409e-02	3.769042031284787875e+00	5.046534000000000297e-01	4.252582955118507924e-01
5.905905905905906028e-02	3.763458352283549413e+00	5.499800799999999823e-01	4.578919818456884672e-01
6.006006006006005954e-02	3.759060344746209203e+00	7.830887200000000714e-01	-6.424699949571360813e-02
6.106106106106105880e-02	3.756860507175330710e+00	1.016197360000000049e+00	3.273572365103378790e-01
6.206206206206206499e-02	3.755108477128225708e+00	1.216929799999999950e+00	-3.161331316187596802e-02
6.306306306306305731e-02	3.751309584948241849e+00	1.249306000000000250e+00	3.365405950579927752e-02
6.406406406406406351e-02	3.746983597881202499e+00	1.605444199999999988e+00	-1.295143721633888190e-01
6.506506506506506970e-02	3.745213414776143779e+00	1.702572799999999775e+00	-5.211186081694403338e-01
6.606606606606606202e-02	3.745321638039779799e+00	1.683147080000000129e+00	-4.232175491679274204e-01
6.706706706706706822e-02	3.744687231112452608e+00	1.696097560000000115e+00	-8.148217851739789630e-01
6.806806806806806054e-02	3.743345746018457376e+00	1.670196599999999920e+00	-8.474554715078166378e-01
6.906906906906906674e-02	3.743067882678386749e+00	1.637820399999999843e+00	-4.558512355017650397e-01
7.007007007007007293e-02	3.744317726539760471e+00	1.637820399999999843e+00	-6.190196671709531362e-01
7.107107107107106525e-02	3.745782958077641389e+00	1.521266079999999965e+00	3.365405950579927752e-02
7.207207207207207145e-02	3.745479868012487668e+00	1.411186999999999969e+00	-3.161331316187596802e-02
7.307307307307307764e-02	3.743657185564231327e+00	1.191028839999999978e+00	-1.295143721633888190e-01
7.407407407407406996e-02	3.743389526663908562e+00	1.119801199999999941e+00	2.294561775088249655e-01
7.507507507507507616e-02	3.746169546376606707e+00	5.758810400000000662e-01	9.892143217347457163e-02
7.607607607607608236e-02	3.749751300703434431e+00	6.600591600000000891e-01	3.273572365103378790e-01
7.707707707707707467e-02	3.751620973472904907e+00	4.463762399999999797e-01	4.905256681795260310e-01
7.807807807807808087e-02	3.752979703018748392e+00	3.751485999999999432e-01	5.884267271810389444e-01
7.907907907907907319e-02	3.756545110716499547e+00	4.491135999999999739e-02	1.208466767523953767e+00
8.008008008008007939e-02	3.761538087712009926e+00	-1.234448800000000068e-01	1.175833081190116092e+00
8.108108108108108558e-02	3.765875697941744704e+00	-2.853258800000000317e-01	1.175833081190116092e+00
8.208208208208207790e-02	3.769686034477377934e+00	-4.277811600000000491e-01	1.567437317196167523e+00
8.308308308308308410e-02	3.773549182596018348e+00	-5.119592800000000166e-01	1.241100453857791219e+00
8.408408408408407642e-02	3.778312048151640123e+00	-4.277811600000000491e-01	1.371635199193141919e+00
8.508508508508508261e-02	3.785086121834728257e+00	-5.443354799999999827e-01	1.339001512859304244e+00
8.608608608608608881e-02	3.792843652599124926e+00	-5.896621600000000463e-01	1.469536258194654943e+00
8.708708708708708113e-02	3.799353743604026334e+00	-5.637612000000000734e-01	1.763239435199193128e+00
8.808808808808808732e-02	3.804081507263314066e+00	-5.961373999999999285e-01	1.697972062531518000e+00
8.908908908908909352e-02	3.807591857913148026e+00	-6.867907599999999446e-01	1.763239435199193128e+00
9.009009009009008584e-02	3.809940094967047219e+00	-6.285136000000000056e-01	1.763239435199193128e+00
9.109109109109109204e-02	3.811640340108590763e+00	-7.191669600000000218e-01	1.632704689863842651e+00
9.209209209209209823e-02	3.813732039872658408e+00	-7.062164799999999243e-01	1.567437317196167523e+00
9.309309309309309055e-02	3.815910971541093044e+00	-5.637612000000000734e-01	1.600071003530005198e+00
9.409409409409409675e-02	3.816903289070316063e+00	-6.544145599999999785e-01	1.567437317196167523e+00
9.509509509509508907e-02	3.816347496225957592e+00	-6.608898000000000827e-01	1.665338376197680104e+00
9.609609609609609526e-02	3.814992734725508594e+00	-6.414640799999999921e-01	1.469536258194654943e+00
9.709709709709710146e-02	3.813639493833616001e+00	-4.925335599999999814e-01	1.632704689863842651e+00
9.809809809809809378e-02	3.812412191008390572e+00	-5.443354799999999827e-01	1.534803630862329848e+00
9.909909909909909997e-02	3.811051164045661466e+00	-4.472068799999999733e-01	1.502169944528492396e+00
1.001001001001000923e-01	3.808897121909154304e+00	-4.731078399999999462e-01	1.502169944528492396e+00
1.011011011011010985e-01	3.805034837699502237e+00	-3.436030400000000262e-01	1.404268885526979593e+00
1.021021021021021047e-01	3.799950218456758844e+00	-2.853258800000000317e-01	1.273734140191629116e+00
1.031031031031030970e-01	3.795212510631952085e+00	-2.205734800000000162e-01	1.241100453857791219e+00
1.041041041041041032e-01	3.791074629310636102e+00	-3.926676000000000472e-02	1.012664649520927940e+00
1.051051051051051094e-01	3.786563521554852318e+00	-6.890560000000003904e-03	1.404268885526979593e+00
1.061061061061061017e-01	3.781348500670950408e+00	2.003171200000000152e-01	9.147635905194151373e-01
1.071071071071071079e-01	3.775516860686312093e+00	4.528514799999999729e-01	9.800309631870904870e-01
1.081081081081081141e-01	3.769127095817537576e+00	4.981781600000000365e-01	7.189614725163894215e-01
1.091091091091091064e-01	3.763464850268172235e+00	5.305543600000000026e-01	5.231593545133637058e-01
1.101101101101101126e-01	3.759346200862131226e+00	7.701382400000000850e-01	1.641888048411497825e-01
1.111111111111111049e-01	3.755660831789720877e+00	9.902964000000000766e-01	-1.621480584972264660e-01
1.121121121121121111e-01	3.752471920470074718e+00	1.203979319999999964e+00	-6.424699949571360813e-02
1.131131131131131173e-01	3.750973940408452556e+00	1.268731720000000118e+00	-5.211186081694403338e-01
1.141141141141141097e-01	3.749971750266138937e+00	1.566592759999999807e+00	-3.161331316187596802e-02
1.151151151151151159e-01	3.747590601970619772e+00	1.683147080000000129e+00	-3.905838628340898566e-01
1.161161161161161082e-01	3.745083678125967541e+00	1.650770879999999829e+00	-2.274154311649017046e-01
1.171171171171171144e-01	3.744141439363304791e+00	1.657246119999999934e+00	-3.579501765002521818e-01
1.181181181181181206e-01	3.744294419405999719e+00	1.663721360000000038e+00	-5.863859808371156834e-01
1.191191191191191129e-01	3.744801801408666364e+00	1.618394679999999752e+00	-6.190196671709531362e-01
1.201201201201201191e-01	3.744718134137407173e+00	1.624869920000000079e+00	-6.516533535047908110e-01
1.211211211211211253e-01	3.744288791743808797e+00	1.495365119999999770e+00	-9.127228441754917654e-01
1.221221221221221176e-01	3.745474170758541277e+00	1.398236519999999983e+00	-3.161331316187596802e-02
1.231231231231231238e-01	3.747542843117470657e+00	1.165127880000000005e+00	3.365405950579927752e-02
1.241241241241241300e-01	3.748041435169166657e+00	1.100375480000000072e+00	1.968224911749873740e-01
1.251251251251251362e-01	3.747767719427364863e+00	5.823562799999999484e-01	5.884267271810389444e-01
1.261261261261261146e-01	3.749445276111544878e+00	6.600591600000000891e-01	4.252582955118507924e-01
1.271271271271271208e-01	3.753200675352771576e+00	4.399010000000000420e-01	6.863277861825517467e-01
1.281281281281281270e-01	3.756854785503789707e+00	3.492476399999999703e-01	5.557930408472013806e-01
1.291291291291291332e-01	3.759686768694330716e+00	5.138659999999999756e-02	7.842288451840646601e-01
1.301301301301301394e-01	3.762847924859882287e+00	-1.428706000000000143e-01	9.147635905194151373e-01
1.311311311311311179e-01	3.767191289371507601e+00	-2.918011200000000249e-01	1.306367826525466569e+00
1.321321321321321240e-01	3.772169971412894007e+00	-4.407316399999999801e-01	1.534803630862329848e+00
1.331331331331331302e-01	3.776732018347399134e+00	-5.249097599999998920e-01	1.600071003530005198e+00
1.341341341341341364e-01	3.781334764277682670e+00	-4.277811600000000491e-01	1.404268885526979593e+00
1.351351351351351426e-01	3.787255112503174370e+00	-5.702364399999999556e-01	1.697972062531518000e+00
1.361361361361361211e-01	3.793968660083973266e+00	-6.026126399999999217e-01	1.339001512859304244e+00
1.371371371371371273e-01	3.799884072439372318e+00	-5.767116799999999488e-01	1.567437317196167523e+00
1.381381381381381335e-01	3.805181366816491551e+00	-5.961373999999999285e-01	1.600071003530005198e+00
1.391391391391391397e-01	3.810604448531325517e+00	-6.932660000000000489e-01	1.567437317196167523e+00
1.401401401401401459e-01	3.814761261611181009e+00	-6.285136000000000056e-01	1.730605748865355453e+00
1.411411411411411521e-01	3.816452419600538715e+00	-7.126917200000000285e-01	1.600071003530005198e+00
1.421421421421421305e-01	3.817159397649484198e+00	-7.062164799999999243e-01	1.697972062531518000e+00
1.431431431431431367e-01	3.818316476595898123e+00	-5.896621600000000463e-01	1.828506807866868478e+00
1.441441441441441429e-01	3.819117704950940606e+00	-6.673650399999999649e-01	1.600071003530005198e+00
1.451451451451451491e-01	3.818847627581797077e+00	-6.738402799999999582e-01	1.600071003530005198e+00
1.461461461461461553e-01	3.818351411981814270e+00	-6.349888400000001099e-01	1.469536258194654943e+00
1.471471471471471337e-01	3.817978441820391922e+00	-4.795830800000000504e-01	1.371635199193141919e+00
1.481481481481481399e-01	3.816809085345767905e+00	-5.637612000000000734e-01	1.567437317196167523e+00
1.491491491491491461e-01	3.814298851104227506e+00	-4.407316399999999801e-01	1.404268885526979593e+00
1.501501501501501523e-01	3.810938584963644793e+00	-4.795830800000000504e-01	1.567437317196167523e+00
1.511511511511511585e-01	3.807136785687299074e+00	-3.500782800000000750e-01	1.469536258194654943e+00
1.521521521521521647e-01	3.802540720679451258e+00	-3.047516000000000114e-01	1.436902571860817046e+00
1.531531531531531432e-01	3.796916599673871850e+00	-2.011477600000000088e-01	1.241100453857791219e+00
1.541541541541541493e-01	3.791053616947259286e+00	-4.574200000000000488e-02	1.208466767523953767e+00
1.551551551551551555e-01	3.785946015333713888e+00	-3.926676000000000472e-02	8.821299041855775735e-01
1.561561561561561617e-01	3.781393138918124563e+00	1.938418799999999942e-01	9.473972768532528121e-01
1.571571571571571679e-01	3.776681453541349764e+00	4.269505200000000000e-01	8.494962178517398987e-01
1.581581581581581464e-01	3.771389344987479131e+00	4.981781600000000365e-01	7.842288451840646601e-01
1.591591591591591526e-01	3.765458353657783253e+00	5.240791200000000094e-01	5.557930408472013806e-01
1.601601601601601588e-01	3.759946109903097966e+00	7.442372800000001121e-01	4.905256681795260310e-01
1.611611611611611650e-01	3.755916905474935064e+00	9.902964000000000766e-01	1.315551185073121632e-01
1.621621621621621712e-01	3.753301060493285490e+00	1.139226920000000032e+00	3.365405950579927752e-02
1.631631631631631496e-01	3.751625772056897734e+00	1.255781239999999910e+00	-2.926828038325769432e-01
1.641641641641641558e-01	3.750251489094991175e+00	1.527741319999999847e+00	-6.516533535047908110e-01
1.651651651651651620e-01	3.749278026403823461e+00	1.657246119999999934e+00	-3.579501765002521818e-01
1.661661661661661682e-01	3.749266948568603208e+00	1.624869920000000079e+00	-5.863859808371156834e-01
1.671671671671671744e-01	3.749255814283167343e+00	1.637820399999999843e+00	-2.600491174987393794e-01
1.681681681681681528e-01	3.748187497966783077e+00	1.631345159999999739e+00	-4.232175491679274204e-01
1.691691691691691590e-01	3.746718700080961195e+00	1.579543240000000015e+00	-3.253164901664145625e-01
1.701701701701701652e-01	3.745612476945656244e+00	1.592493720000000001e+00	-3.905838628340898566e-01
1.711711711711711714e-01	3.745236488817453413e+00	1.475939400000000123e+00	-5.211186081694403338e-01
1.721721721721721776e-01	3.746251300506710180e+00	1.385286039999999996e+00	-5.211186081694403338e-01
1.731731731731731838e-01	3.748303316302006305e+00	1.171603120000000109e+00	-3.161331316187596802e-02
1.741741741741741623e-01	3.750011512740731412e+00	1.061524040000000113e+00	-1.947817448310640853e-01
1.751751751751751685e-01	3.751457092975079455e+00	5.758810400000000662e-01	5.557930408472013806e-01
1.761761761761761746e-01	3.753574789531391342e+00	6.147324800000000256e-01	6.536940998487140719e-01
1.771771771771771808e-01	3.755394623778056662e+00	4.269505200000000000e-01	8.821299041855775735e-01
1.781781781781781870e-01	3.756034645739120492e+00	3.427723999999999771e-01	1.045298335854765615e+00
1.791791791791791655e-01	3.757888102332569424e+00	1.901039999999999675e-02	8.168625315179022239e-01
1.801801801801801717e-01	3.762802894598179293e+00	-1.363953600000000210e-01	1.208466767523953767e+00
1.811811811811811779e-01	3.768262140247965242e+00	-3.241773200000000466e-01	1.012664649520927940e+00
1.821821821821821841e-01	3.772423937317910259e+00	-4.472068799999999733e-01	1.110565708522440964e+00
1.831831831831831903e-01	3.777123712029637037e+00	-5.249097599999998920e-01	1.436902571860817046e+00
1.841841841841841965e-01	3.783201420828763428e+00	-4.472068799999999733e-01	1.469536258194654943e+00
1.851851851851851749e-01	3.789688587542377807e+00	-5.637612000000000734e-01	1.632704689863842651e+00
1.861861861861861811e-01	3.795896441750391759e+00	-5.896621600000000463e-01	1.861140494200705930e+00
1.871871871871871873e-01	3.800782281689442321e+00	-5.831869200000000530e-01	1.502169944528492396e+00
1.881881881881881935e-01	3.804293351714949090e+00	-6.026126399999999217e-01	1.795873121533031025e+00
1.891891891891891997e-01	3.807799850570920519e+00	-6.932660000000000489e-01	1.436902571860817046e+00
1.901901901901901781e-01	3.811470727115057411e+00	-6.414640799999999921e-01	1.665338376197680104e+00
1.911911911911911843e-01	3.814818334085629203e+00	-7.191669600000000218e-01	1.502169944528492396e+00
1.921921921921921905e-01	3.817718089410882865e+00	-7.126917200000000285e-01	1.600071003530005198e+00
1.931931931931931967e-01	3.819216611627585856e+00	-5.767116799999999488e-01	1.697972062531518000e+00
1.941941941941942029e-01	3.819056088878675315e+00	-6.803155199999999514e-01	1.665338376197680104e+00
1.951951951951951814e-01	3.818426324626061685e+00	-6.738402799999999582e-01	1.730605748865355453e+00
1.961961961961961876e-01	3.817326061224141309e+00	-6.479393199999999853e-01	1.730605748865355453e+00
1.971971971971971938e-01	3.815424347373772118e+00	-4.860583200000000437e-01	1.567437317196167523e+00
1.981981981981981999e-01	3.813822896235502746e+00	-5.637612000000000734e-01	1.567437317196167523e+00
1.991991991991992061e-01	3.812481256712413558e+00	-4.601573600000000153e-01	1.436902571860817046e+00
2.002002002002001846e-01	3.809808540066030869e+00	-4.860583200000000437e-01	1.502169944528492396e+00
2.012012012012011908e-01	3.805542048747145412e+00	-3.695039999999999436e-01	1.469536258194654943e+00
2.022022022022021970e-01	3.800598203157222965e+00	-3.112268400000000046e-01	1.273734140191629116e+00
2.032032032032032032e-01	3.795757284258559405e+00	-2.335239600000000026e-01	1.502169944528492396e+00
2.042042042042042094e-01	3.791293435530199041e+00	-7.164296000000000553e-02	1.273734140191629116e+00
2.052052052052052156e-01	3.786133090467044049e+00	-3.279152000000000455e-02	1.045298335854765615e+00
2.062062062062061940e-01	3.779387678653107319e+00	1.938418799999999942e-01	9.800309631870904870e-01
2.072072072072072002e-01	3.772536541007331934e+00	4.010495599999999716e-01	7.842288451840646601e-01
2.082082082082082064e-01	3.767291534827111654e+00	4.787524399999999458e-01	7.189614725163894215e-01
2.092092092092092126e-01	3.763377379972721037e+00	5.046534000000000297e-01	6.210604135148766192e-01
2.102102102102102188e-01	3.759775057374477925e+00	7.248115600000000214e-01	2.620898638426626404e-01
2.112112112112111972e-01	3.755820551521926731e+00	9.579201999999999995e-01	2.620898638426626404e-01
2.122122122122122034e-01	3.751734342386416454e+00	1.139226920000000032e+00	1.020373171961676869e-03
2.132132132132132096e-01	3.748430381450922333e+00	1.223405040000000055e+00	1.020373171961676869e-03
2.142142142142142158e-01	3.746441163386911022e+00	1.534216559999999951e+00	-3.905838628340898566e-01
2.152152152152152220e-01	3.745965127386197580e+00	1.644295639999999947e+00	-4.558512355017650397e-01
2.162162162162162282e-01	3.746095891738247197e+00	1.605444199999999988e+00	-5.863859808371156834e-01
2.172172172172172067e-01	3.745565225239059437e+00	1.611919440000000092e+00	-8.474554715078166378e-01
2.182182182182182129e-01	3.745097146331030302e+00	1.618394679999999752e+00	-4.232175491679274204e-01
2.192192192192192191e-01	3.745411759607394142e+00	1.573067999999999911e+00	-6.190196671709531362e-01
2.202202202202202252e-01	3.745580402413906995e+00	1.573067999999999911e+00	-6.424699949571360813e-02
2.212212212212212314e-01	3.745059744684789305e+00	1.450038439999999929e+00	3.365405950579927752e-02
2.222222222222222099e-01	3.744515966753733771e+00	1.352909840000000141e+00	-2.274154311649017046e-01
2.232232232232232161e-01	3.744816233562470398e+00	1.139226920000000032e+00	6.628774583963688294e-02
2.242242242242242223e-01	3.746237547482548003e+00	1.048573559999999905e+00	-3.161331316187596802e-02
2.252252252252252285e-01	3.748302026078728755e+00	5.499800799999999823e-01	6.628774583963688294e-02
2.262262262262262347e-01	3.750354185647756466e+00	6.276829600000000120e-01	4.578919818456884672e-01
2.272272272272272131e-01	3.752721444999597367e+00	4.010495599999999716e-01	3.599909228441755538e-01
2.282282282282282193e-01	3.755714282262748949e+00	3.298219200000001017e-01	1.077932022188603289e+00
2.292292292292292255e-01	3.758682422442531035e+00	6.059919999999996421e-03	1.045298335854765615e+00
2.302302302302302317e-01	3.762091191330954487e+00	-1.493458400000000075e-01	1.045298335854765615e+00
2.312312312312312379e-01	3.766169398366648213e+00	-3.306525599999999843e-01	1.534803630862329848e+00
2.322322322322322163e-01	3.769487321528794510e+00	-4.536821200000000776e-01	1.175833081190116092e+00
2.332332332332332225e-01	3.772995090040045518e+00	-5.184345200000000098e-01	1.306367826525466569e+00
2.342342342342342287e-01	3.778951222224194328e+00	-4.472068799999999733e-01	1.273734140191629116e+00
2.352352352352352349e-01	3.786444265885924754e+00	-5.702364399999999556e-01	1.339001512859304244e+00
2.362362362362362411e-01	3.793389098261732428e+00	-5.961373999999999285e-01	1.697972062531518000e+00
2.372372372372372473e-01	3.799286170721648759e+00	-5.702364399999999556e-01	1.632704689863842651e+00
2.382382382382382258e-01	3.804351436364466377e+00	-6.220383600000000124e-01	1.763239435199193128e+00
2.392392392392392320e-01	3.808311862015959282e+00	-6.932660000000000489e-01	2.122209984871407329e+00
2.402402402402402382e-01	3.811120496417002457e+00	-6.544145599999999785e-01	1.436902571860817046e+00
2.412412412412412444e-01	3.813242376383191079e+00	-7.321174399999998972e-01	1.828506807866868478e+00
2.422422422422422505e-01	3.814743256370472846e+00	-6.997412400000000421e-01	1.469536258194654943e+00
2.432432432432432290e-01	3.816451370378992181e+00	-5.896621600000000463e-01	1.534803630862329848e+00
2.442442442442442352e-01	3.818855498362047740e+00	-6.673650399999999649e-01	1.730605748865355453e+00
2.452452452452452414e-01	3.819866621222665071e+00	-6.608898000000000827e-01	1.600071003530005198e+00
2.462462462462462476e-01	3.818159015644834398e+00	-6.479393199999999853e-01	1.763239435199193128e+00
2.472472472472472538e-01	3.815402297051829539e+00	-5.054840400000000233e-01	1.665338376197680104e+00
2.482482482482482600e-01	3.813207537377322431e+00	-5.572859600000000802e-01	1.534803630862329848e+00
2.492492492492492384e-01	3.811173262047464316e+00	-4.795830800000000504e-01	1.567437317196167523e+00
2.502502502502502724e-01	3.808485961645066809e+00	-4.860583200000000437e-01	1.371635199193141919e+00
2.512512512512512508e-01	3.805048512760082158e+00	-3.630287599999999504e-01	1.339001512859304244e+00
2.522522522522522292e-01	3.800785478242483251e+00	-3.112268400000000046e-01	1.371635199193141919e+00
2.532532532532532632e-01	3.795844717696536641e+00	-2.399992000000000236e-01	1.273734140191629116e+00
2.542542542542542416e-01	3.790656008009730016e+00	-7.164296000000000553e-02	1.371635199193141919e+00
2.552552552552552756e-01	3.785265670396374738e+00	-4.574200000000000488e-02	1.110565708522440964e+00
2.562562562562562540e-01	3.779679546971185022e+00	1.485152000000000139e-01	1.012664649520927940e+00
2.572572572572572325e-01	3.774308206273892630e+00	3.945743200000000339e-01	8.494962178517398987e-01
2.582582582582582664e-01	3.769523174158593282e+00	4.658019600000000704e-01	8.494962178517398987e-01
2.592592592592592449e-01	3.764487429032334909e+00	4.787524399999999458e-01	5.231593545133637058e-01
2.602602602602602788e-01	3.758638684515562822e+00	7.183363200000001392e-01	3.599909228441755538e-01
2.612612612612612573e-01	3.754079435336644899e+00	9.320192400000000266e-01	3.365405950579927752e-02
2.622622622622622357e-01	3.752139163059076576e+00	1.158652640000000122e+00	6.628774583963688294e-02
2.632632632632632697e-01	3.751076186064039142e+00	1.203979319999999964e+00	-1.621480584972264660e-01
2.642642642642642481e-01	3.749330389359217808e+00	1.488889879999999888e+00	-3.161331316187596802e-02
2.652652652652652820e-01	3.746885813630440598e+00	1.644295639999999947e+00	-4.232175491679274204e-01
2.662662662662662605e-01	3.745082823829144925e+00	1.592493720000000001e+00	-2.600491174987393794e-01
2.672672672672672389e-01	3.744922502029314426e+00	1.598968959999999884e+00	-5.863859808371156834e-01
2.682682682682682729e-01	3.744940906093860544e+00	1.598968959999999884e+00	-6.842870398386284858e-01
2.692692692692692513e-01	3.744165635472271436e+00	1.560117519999999924e+00	-6.190196671709531362e-01
2.702702702702702853e-01	3.744185490026548546e+00	1.560117519999999924e+00	-8.148217851739789630e-01
2.712712712712712637e-01	3.745652013836431760e+00	1.437087959999999942e+00	-3.161331316187596802e-02
2.722722722722722422e-01	3.747187193305960395e+00	1.346434599999999815e+00	-2.600491174987393794e-01
2.732732732732732761e-01	3.748363230796822876e+00	1.126276440000000045e+00	3.926246091780131731e-01
2.742742742742742545e-01	3.749168564583818419e+00	1.055048800000000009e+00	2.620898638426626404e-01
2.752752752752752885e-01	3.749009370127461160e+00	5.305543600000000026e-01	3.926246091780131731e-01
2.762762762762762669e-01	3.749333031374916025e+00	6.082572400000001434e-01	6.210604135148766192e-01
2.772772772772773009e-01	3.752457582341675479e+00	4.010495599999999716e-01	3.926246091780131731e-01
2.782782782782782793e-01	3.757237479938782876e+00	3.233466799999999974e-01	5.557930408472013806e-01
2.792792792792792578e-01	3.760394609771199992e+00	1.901039999999999675e-02	1.045298335854765615e+00
2.802802802802802917e-01	3.762336713846292202e+00	-1.752468000000000081e-01	7.515951588502269853e-01
2.812812812812812702e-01	3.766196402210997274e+00	-3.241773200000000466e-01	1.436902571860817046e+00
2.822822822822823041e-01	3.771509121339961190e+00	-4.407316399999999801e-01	1.469536258194654943e+00
2.832832832832832826e-01	3.776139012224502434e+00	-5.443354799999999827e-01	1.404268885526979593e+00
2.842842842842842610e-01	3.780792943149645424e+00	-4.472068799999999733e-01	1.697972062531518000e+00
2.852852852852852950e-01	3.786789903821844661e+00	-5.896621600000000463e-01	1.339001512859304244e+00
2.862862862862862734e-01	3.793698659775778026e+00	-6.155631200000000192e-01	1.567437317196167523e+00
2.872872872872873073e-01	3.799922908930766674e+00	-5.767116799999999488e-01	1.502169944528492396e+00
2.882882882882882858e-01	3.804834123504090115e+00	-6.026126399999999217e-01	1.273734140191629116e+00
2.892892892892892642e-01	3.809163927404546346e+00	-6.932660000000000489e-01	1.763239435199193128e+00
2.902902902902902982e-01	3.812932944644431998e+00	-6.544145599999999785e-01	1.763239435199193128e+00
2.912912912912912766e-01	3.815856800141253835e+00	-7.321174399999998972e-01	1.795873121533031025e+00
2.922922922922923106e-01	3.817603922174062525e+00	-6.997412400000000421e-01	1.861140494200705930e+00
2.932932932932932890e-01	3.817476226469299405e+00	-5.896621600000000463e-01	1.469536258194654943e+00
2.942942942942942675e-01	3.816606163910483129e+00	-6.997412400000000421e-01	1.632704689863842651e+00
2.952952952952953014e-01	3.816957548931845690e+00	-6.803155199999999514e-01	1.339001512859304244e+00
2.962962962962962798e-01	3.817921735962321428e+00	-6.414640799999999921e-01	1.600071003530005198e+00
2.972972972972973138e-01	3.817613832398650597e+00	-5.054840400000000233e-01	1.632704689863842651e+00
2.982982982982982922e-01	3.816044194494094821e+00	-5.508107199999999759e-01	1.534803630862329848e+00
2.992992992992992707e-01	3.814194809135277975e+00	-4.472068799999999733e-01	1.665338376197680104e+00
3.003003003003003046e-01	3.811775828943828603e+00	-4.860583200000000437e-01	1.600071003530005198e+00
3.013013013013012831e-01	3.808125646922742469e+00	-3.630287599999999504e-01	1.436902571860817046e+00
3.023023023023023170e-01	3.803300280229242158e+00	-3.177020799999999978e-01	1.436902571860817046e+00
3.033033033033032955e-01	3.797778317669122661e+00	-2.140982399999999952e-01	1.110565708522440964e+00
3.043043043043043294e-01	3.792349859107291721e+00	-7.811819999999999875e-02	1.045298335854765615e+00
3.053053053053053079e-01	3.787314044995594653e+00	-4.574200000000000488e-02	1.306367826525466569e+00
3.063063063063062863e-01	3.782056036136713484e+00	1.614656800000000003e-01	7.515951588502269853e-01
3.073073073073073203e-01	3.775975111873519641e+00	3.880990800000000407e-01	9.473972768532528121e-01
3.083083083083082987e-01	3.769461141235393775e+00	4.917029200000000433e-01	6.863277861825517467e-01
3.093093093093093326e-01	3.764146596853532589e+00	4.787524399999999458e-01	6.210604135148766192e-01
3.103103103103103111e-01	3.760816170038581152e+00	6.989106000000000485e-01	3.599909228441755538e-01
3.113113113113112895e-01	3.757802944529313738e+00	9.255440000000001444e-01	1.968224911749873740e-01
3.123123123123123235e-01	3.754190680581825479e+00	1.126276440000000045e+00	6.628774583963688294e-02
3.133133133133133019e-01	3.751657559693323929e+00	1.210454560000000068e+00	-1.621480584972264660e-01
3.143143143143143359e-01	3.750734551867233257e+00	1.482414640000000006e+00	-4.884849218356027145e-01
3.153153153153153143e-01	3.749710327820501732e+00	1.618394679999999752e+00	-3.579501765002521818e-01
3.163163163163162928e-01	3.747988018136222621e+00	1.586018479999999897e+00	-2.926828038325769432e-01
3.173173173173173267e-01	3.746630218146671076e+00	1.598968959999999884e+00	-3.253164901664145625e-01
3.183183183183183051e-01	3.746178108060262080e+00	1.586018479999999897e+00	-4.884849218356027145e-01
3.193193193193193391e-01	3.746149222315732441e+00	1.540691800000000056e+00	-2.600491174987393794e-01
3.203203203203203175e-01	3.746402415369114891e+00	1.547167039999999716e+00	-6.842870398386284858e-01
3.213213213213212960e-01	3.747097174395971564e+00	1.430612719999999838e+00	-4.884849218356027145e-01
3.223223223223223299e-01	3.747702837021829048e+00	1.327008879999999946e+00	-2.274154311649017046e-01
3.233233233233233084e-01	3.748581301184437997e+00	1.113325960000000059e+00	-3.253164901664145625e-01
3.243243243243243423e-01	3.750548620384997367e+00	1.029147840000000036e+00	3.926246091780131731e-01
3.253253253253253208e-01	3.752110275251315574e+00	5.240791200000000094e-01	4.252582955118507924e-01
3.263263263263262992e-01	3.752246028870147132e+00	5.823562799999999484e-01	8.494962178517398987e-01
3.273273273273273332e-01	3.752870256097938562e+00	3.880990800000000407e-01	8.821299041855775735e-01
3.283283283283283116e-01	3.755106547763613634e+00	3.233466799999999974e-01	6.863277861825517467e-01
3.293293293293293456e-01	3.758163083829248574e+00	-1.336580000000000407e-02	1.045298335854765615e+00
3.303303303303303240e-01	3.762173044243635633e+00	-1.558210800000000007e-01	9.800309631870904870e-01
3.313313313313313024e-01	3.767463908088265256e+00	-3.371277999999999775e-01	9.147635905194151373e-01
3.323323323323323364e-01	3.772949360271329322e+00	-4.472068799999999733e-01	1.371635199193141919e+00
3.333333333333333148e-01	3.778292701771676754e+00	-5.443354799999999827e-01	1.404268885526979593e+00
3.343343343343343488e-01	3.784024155182277305e+00	-4.472068799999999733e-01	1.665338376197680104e+00
3.353353353353353272e-01	3.789327369258927103e+00	-5.767116799999999488e-01	1.763239435199193128e+00
3.363363363363363057e-01	3.793780034395372702e+00	-6.220383600000000124e-01	1.665338376197680104e+00
3.373373373373373396e-01	3.798435179928624894e+00	-5.831869200000000530e-01	1.861140494200705930e+00
3.383383383383383181e-01	3.803623730043500739e+00	-6.090878800000000259e-01	1.339001512859304244e+00
3.393393393393393520e-01	3.808861992541360486e+00	-7.126917200000000285e-01	1.502169944528492396e+00
3.403403403403403304e-01	3.813423087349421259e+00	-6.608898000000000827e-01	1.567437317196167523e+00
3.413413413413413644e-01	3.816647072032900656e+00	-7.385926799999998904e-01	1.469536258194654943e+00
3.423423423423423428e-01	3.818382525694327345e+00	-7.191669600000000218e-01	1.828506807866868478e+00
3.433433433433433213e-01	3.818891017991689729e+00	-5.896621600000000463e-01	1.665338376197680104e+00
3.443443443443443552e-01	3.818971598952728641e+00	-6.997412400000000421e-01	1.828506807866868478e+00
3.453453453453453337e-01	3.818551148494163883e+00	-6.803155199999999514e-01	1.828506807866868478e+00
3.463463463463463676e-01	3.817168564496375538e+00	-6.608898000000000827e-01	1.436902571860817046e+00
3.473473473473473461e-01	3.815837353230923323e+00	-4.990087999999999191e-01	1.469536258194654943e+00
3.483483483483483245e-01	3.814852366528046268e+00	-5.702364399999999556e-01	1.371635199193141919e+00
3.493493493493493585e-01	3.813223819420885174e+00	-4.731078399999999462e-01	1.371635199193141919e+00
3.503503503503503369e-01	3.810480058477493603e+00	-5.054840400000000233e-01	1.502169944528492396e+00
3.513513513513513709e-01	3.806528154648251228e+00	-3.630287599999999504e-01	1.436902571860817046e+00
3.523523523523523493e-01	3.802230465834856243e+00	-3.177020799999999978e-01	1.469536258194654943e+00
3.533533533533533277e-01	3.798297995872022881e+00	-2.399992000000000236e-01	1.436902571860817046e+00
3.543543543543543617e-01	3.793373672500983229e+00	-8.459344000000000585e-02	1.143199394856278639e+00
3.553553553553553401e-01	3.786629823482556834e+00	-8.459344000000000585e-02	1.012664649520927940e+00
3.563563563563563741e-01	3.779492036458559578e+00	1.614656800000000003e-01	9.147635905194151373e-01
3.573573573573573525e-01	3.773706274739754285e+00	3.686733600000000055e-01	8.494962178517398987e-01
3.583583583583583310e-01	3.769603283602835031e+00	4.399010000000000420e-01	6.536940998487140719e-01
3.593593593593593649e-01	3.765898509721114618e+00	4.658019600000000704e-01	4.905256681795260310e-01
3.603603603603603434e-01	3.761690960082215263e+00	6.794848799999999578e-01	4.252582955118507924e-01
3.613613613613613773e-01	3.757923858756285984e+00	9.255440000000001444e-01	1.315551185073121632e-01
3.623623623623623557e-01	3.755490641391535434e+00	1.093900239999999968e+00	1.315551185073121632e-01
3.633633633633633342e-01	3.753361938613256843e+00	1.178078360000000213e+00	3.365405950579927752e-02
3.643643643643643681e-01	3.750423551264041588e+00	1.462988919999999915e+00	-2.274154311649017046e-01
3.653653653653653466e-01	3.747726694372636391e+00	1.573067999999999911e+00	-4.558512355017650397e-01
3.663663663663663805e-01	3.746881350085926599e+00	1.540691800000000056e+00	-4.884849218356027145e-01
3.673673673673673590e-01	3.747627730185366435e+00	1.566592759999999807e+00	-4.884849218356027145e-01
3.683683683683683929e-01	3.748110984386007871e+00	1.553642280000000042e+00	-2.926828038325769432e-01
3.693693693693693714e-01	3.747165916110645423e+00	1.508315599999999979e+00	-3.579501765002521818e-01
3.703703703703703498e-01	3.745948090623377968e+00	1.521266079999999965e+00	-4.558512355017650397e-01
3.713713713713713838e-01	3.745853987596888590e+00	1.404711760000000087e+00	-2.600491174987393794e-01
3.723723723723723622e-01	3.745986842880890677e+00	1.275206959999999778e+00	-9.688068582955121355e-02
3.733733733733733962e-01	3.745823818455449761e+00	1.093900239999999968e+00	-1.295143721633888190e-01
3.743743743743743746e-01	3.747080867668576509e+00	1.016197360000000049e+00	-3.161331316187596802e-02
3.753753753753753530e-01	3.749825828107447911e+00	5.111286400000001340e-01	3.273572365103378790e-01
3.763763763763763870e-01	3.752186942703128469e+00	5.629305600000000798e-01	2.294561775088249655e-01
3.773773773773773654e-01	3.754280023952479173e+00	3.686733600000000055e-01	1.012664649520927940e+00
3.783783783783783994e-01	3.757256106622405500e+00	2.974457200000000245e-01	8.821299041855775735e-01
3.793793793793793778e-01	3.760352478144572519e+00	-3.926676000000000472e-02	1.339001512859304244e+00
3.803803803803803563e-01	3.762716464135827277e+00	-1.752468000000000081e-01	1.175833081190116092e+00
3.813813813813813902e-01	3.766299461219703382e+00	-3.500782800000000750e-01	1.143199394856278639e+00
3.823823823823823687e-01	3.772557414638608719e+00	-4.925335599999999814e-01	1.306367826525466569e+00
3.833833833833834026e-01	3.778908211518375637e+00	-5.378602399999999895e-01	1.241100453857791219e+00
3.843843843843843811e-01	3.783323342796799160e+00	-4.795830800000000504e-01	1.175833081190116092e+00
3.853853853853853595e-01	3.787635113077171489e+00	-5.702364399999999556e-01	1.632704689863842651e+00
3.863863863863863934e-01	3.793358721761740604e+00	-6.155631200000000192e-01	1.404268885526979593e+00
3.873873873873873719e-01	3.799609652973757079e+00	-5.831869200000000530e-01	2.024308925869894082e+00
3.883883883883884058e-01	3.805179707371034059e+00	-6.090878800000000259e-01	2.056942612203731535e+00
3.893893893893893843e-01	3.809361898461411933e+00	-7.256422000000000150e-01	1.632704689863842651e+00
3.903903903903903627e-01	3.812035734886686456e+00	-6.803155199999999514e-01	1.730605748865355453e+00
3.913913913913913967e-01	3.814145874327198538e+00	-7.321174399999998972e-01	1.436902571860817046e+00
3.923923923923923751e-01	3.816787108844505116e+00	-7.126917200000000285e-01	1.306367826525466569e+00
3.933933933933934091e-01	3.819180255998061657e+00	-5.961373999999999285e-01	1.632704689863842651e+00
3.943943943943943875e-01	3.819895187355955013e+00	-6.932660000000000489e-01	1.600071003530005198e+00
3.953953953953953659e-01	3.819316918161633989e+00	-6.803155199999999514e-01	1.828506807866868478e+00
3.963963963963963999e-01	3.818240583506056218e+00	-6.479393199999999853e-01	1.600071003530005198e+00
3.973973973973973783e-01	3.816807985228815703e+00	-5.054840400000000233e-01	1.469536258194654943e+00
3.983983983983984123e-01	3.815023862935561727e+00	-5.702364399999999556e-01	1.795873121533031025e+00
3.993993993993993907e-01	3.812488745775151067e+00	-4.666325999999999530e-01	1.306367826525466569e+00
4.004004004004003692e-01	3.809215416452588876e+00	-5.119592800000000166e-01	1.567437317196167523e+00
4.014014014014014031e-01	3.805786187375415075e+00	-3.695039999999999436e-01	1.339001512859304244e+00
4.024024024024023816e-01	3.802119622707939683e+00	-3.371277999999999775e-01	1.339001512859304244e+00
4.034034034034034155e-01	3.797630385145683629e+00	-2.270487200000000094e-01	1.436902571860817046e+00
4.044044044044043940e-01	3.791957951567905383e+00	-7.811819999999999875e-02	1.306367826525466569e+00
4.054054054054054279e-01	3.785522967104339109e+00	-6.516772000000001230e-02	1.339001512859304244e+00
4.064064064064064064e-01	3.779733650885241047e+00	1.355647199999999997e-01	9.800309631870904870e-01
4.074074074074073848e-01	3.775160535726308275e+00	3.816238400000000475e-01	8.821299041855775735e-01
4.084084084084084187e-01	3.770405673405693214e+00	4.334257600000001043e-01	7.842288451840646601e-01
4.094094094094093972e-01	3.764970643618966051e+00	4.722772000000000081e-01	3.926246091780131731e-01
4.104104104104104311e-01	3.760816783987734446e+00	6.794848799999999578e-01	2.620898638426626404e-01
4.114114114114114096e-01	3.758691372663138353e+00	8.931677999999999562e-01	2.620898638426626404e-01
4.124124124124123880e-01	3.756587886436086432e+00	1.093900239999999968e+00	-6.424699949571360813e-02
4.134134134134134220e-01	3.753030142993770468e+00	1.158652640000000122e+00	1.020373171961676869e-03
4.144144144144144004e-01	3.748896034240563058e+00	1.462988919999999915e+00	-2.274154311649017046e-01
4.154154154154154344e-01	3.746440887893086380e+00	1.586018479999999897e+00	-2.274154311649017046e-01
4.164164164164164128e-01	3.746585652883545503e+00	1.547167039999999716e+00	-4.558512355017650397e-01
4.174174174174173912e-01	3.747310810383445823e+00	1.553642280000000042e+00	-4.558512355017650397e-01
4.184184184184184252e-01	3.746394552044550075e+00	1.540691800000000056e+00	-4.884849218356027145e-01
4.194194194194194036e-01	3.744498753392625279e+00	1.501840359999999874e+00	-5.211186081694403338e-01
4.204204204204204376e-01	3.743997050426447259e+00	1.495365119999999770e+00	-4.232175491679274204e-01
4.214214214214214160e-01	3.745446775109527060e+00	1.391761279999999878e+00	3.365405950579927752e-02
4.224224224224223945e-01	3.746864184955882138e+00	1.307583159999999856e+00	-1.295143721633888190e-01
4.234234234234234284e-01	3.746752478948287113e+00	1.061524040000000113e+00	2.620898638426626404e-01
4.244244244244244069e-01	3.746276921705170349e+00	1.003246880000000063e+00	3.365405950579927752e-02
4.254254254254254408e-01	3.747170143927399000e+00	4.787524399999999458e-01	3.599909228441755538e-01
4.264264264264264193e-01	3.749442432969609218e+00	5.758810400000000662e-01	4.252582955118507924e-01
4.274274274274273977e-01	3.752558359942536725e+00	3.621981200000000678e-01	3.926246091780131731e-01
4.284284284284284317e-01	3.756127291529793855e+00	2.909704799999999758e-01	8.821299041855775735e-01
4.294294294294294101e-01	3.759956459506357263e+00	-3.279152000000000455e-02	6.536940998487140719e-01
4.304304304304304440e-01	3.763870310126314234e+00	-1.881972800000000223e-01	1.502169944528492396e+00
4.314314314314314225e-01	3.767051815339458098e+00	-3.436030400000000262e-01	1.404268885526979593e+00
4.324324324324324564e-01	3.770108575507774784e+00	-4.795830800000000504e-01	1.534803630862329848e+00
4.334334334334334349e-01	3.774790105438063481e+00	-5.637612000000000734e-01	1.600071003530005198e+00
4.344344344344344133e-01	3.780971778423785512e+00	-4.601573600000000153e-01	1.404268885526979593e+00
4.354354354354354473e-01	3.787337087973056349e+00	-5.831869200000000530e-01	1.371635199193141919e+00
4.364364364364364257e-01	3.793189838533256530e+00	-6.285136000000000056e-01	1.534803630862329848e+00
4.374374374374374597e-01	3.798825066239804205e+00	-5.961373999999999285e-01	1.241100453857791219e+00
4.384384384384384381e-01	3.804362793965596179e+00	-5.961373999999999285e-01	1.893774180534543827e+00
4.394394394394394165e-01	3.809349311390022752e+00	-7.062164799999999243e-01	1.730605748865355453e+00
4.404404404404404505e-01	3.813760676828310991e+00	-6.608898000000000827e-01	1.893774180534543827e+00
4.414414414414414289e-01	3.816678694349225687e+00	-7.515431599999999879e-01	1.861140494200705930e+00
4.424424424424424629e-01	3.817290635758633588e+00	-7.191669600000000218e-01	1.600071003530005198e+00
4.434434434434434413e-01	3.817377609815209016e+00	-5.896621600000000463e-01	1.730605748865355453e+00
4.444444444444444198e-01	3.818494505649044690e+00	-6.932660000000000489e-01	1.436902571860817046e+00
4.454454454454454537e-01	3.820072776367894996e+00	-6.932660000000000489e-01	1.436902571860817046e+00
4.464464464464464322e-01	3.820286658824299408e+00	-6.608898000000000827e-01	1.534803630862329848e+00
4.474474474474474661e-01	3.817420903893581130e+00	-4.860583200000000437e-01	1.371635199193141919e+00
4.484484484484484446e-01	3.813348002461578012e+00	-5.831869200000000530e-01	1.697972062531518000e+00
4.494494494494494230e-01	3.811400797299772325e+00	-4.731078399999999462e-01	1.697972062531518000e+00
4.504504504504504570e-01	3.810533660539286771e+00	-5.054840400000000233e-01	1.436902571860817046e+00
4.514514514514514354e-01	3.807519182413572789e+00	-3.695039999999999436e-01	1.600071003530005198e+00
4.524524524524524693e-01	3.801740506670828079e+00	-3.241773200000000466e-01	1.143199394856278639e+00
4.534534534534534478e-01	3.795011206831077288e+00	-2.399992000000000236e-01	1.306367826525466569e+00
4.544544544544544262e-01	3.789568981984398288e+00	-8.459344000000000585e-02	1.208466767523953767e+00
4.554554554554554602e-01	3.786123355075896590e+00	-7.811819999999999875e-02	8.821299041855775735e-01
4.564564564564564386e-01	3.782737608405218666e+00	1.420399599999999929e-01	1.110565708522440964e+00
4.574574574574574726e-01	3.777522807931048998e+00	3.427723999999999771e-01	9.147635905194151373e-01
4.584584584584584510e-01	3.771498006466736275e+00	4.204752800000000068e-01	8.168625315179022239e-01
4.594594594594594295e-01	3.766087375586497199e+00	4.593267200000000772e-01	6.210604135148766192e-01
4.604604604604604634e-01	3.761295093259942046e+00	6.665344000000000824e-01	4.578919818456884672e-01
4.614614614614614418e-01	3.757155907522048643e+00	8.672668400000000943e-01	1.968224911749873740e-01
4.624624624624624758e-01	3.753462053171670032e+00	1.067999279999999995e+00	-6.424699949571360813e-02
4.634634634634634542e-01	3.750253581284467508e+00	1.139226920000000032e+00	-1.947817448310640853e-01
4.644644644644644327e-01	3.748772905097712993e+00	1.430612719999999838e+00	-2.926828038325769432e-01
4.654654654654654666e-01	3.748744970122462661e+00	1.566592759999999807e+00	-3.905838628340898566e-01
4.664664664664664451e-01	3.747941194715449953e+00	1.508315599999999979e+00	-2.600491174987393794e-01
4.674674674674674790e-01	3.746299143874932902e+00	1.534216559999999951e+00	-4.232175491679274204e-01
4.684684684684684575e-01	3.745911629064805126e+00	1.514790839999999861e+00	-3.905838628340898566e-01
4.694694694694694914e-01	3.746591959354588663e+00	1.469464160000000019e+00	-3.579501765002521818e-01
4.704704704704704699e-01	3.746375401902889202e+00	1.482414640000000006e+00	-2.926828038325769432e-01
4.714714714714714483e-01	3.745608181864441111e+00	1.372335560000000010e+00	-2.926828038325769432e-01
4.724724724724724823e-01	3.745622330525022914e+00	1.294632679999999869e+00	3.365405950579927752e-02
4.734734734734734607e-01	3.746199898746450430e+00	1.048573559999999905e+00	6.628774583963688294e-02
4.744744744744744946e-01	3.747167919664533997e+00	9.708706800000000969e-01	2.947235501765002597e-01
4.754754754754754731e-01	3.748651507523767634e+00	4.852276800000000501e-01	5.231593545133637058e-01
4.764764764764764515e-01	3.750356432223514780e+00	5.240791200000000094e-01	6.863277861825517467e-01
4.774774774774774855e-01	3.752586312864860663e+00	3.298219200000001017e-01	6.863277861825517467e-01
4.784784784784784639e-01	3.755606786056082225e+00	2.521190400000000165e-01	8.168625315179022239e-01
4.794794794794794979e-01	3.759143733805914600e+00	-4.574200000000000488e-02	9.147635905194151373e-01
4.804804804804804763e-01	3.763570277425066113e+00	-2.076230000000000020e-01	9.800309631870904870e-01
4.814814814814814548e-01	3.768554794900309979e+00	-3.759792400000000478e-01	1.273734140191629116e+00
4.824824824824824887e-01	3.773265632618845178e+00	-4.990087999999999191e-01	1.110565708522440964e+00
4.834834834834834671e-01	3.778293929791574524e+00	-5.767116799999999488e-01	1.795873121533031025e+00
4.844844844844845011e-01	3.783238354205359144e+00	-4.860583200000000437e-01	1.600071003530005198e+00
4.854854854854854795e-01	3.787392758897630607e+00	-6.026126399999999217e-01	1.763239435199193128e+00
4.864864864864864580e-01	3.792324079900273759e+00	-6.349888400000001099e-01	1.861140494200705930e+00
4.874874874874874919e-01	3.798332638058324218e+00	-5.831869200000000530e-01	1.339001512859304244e+00
4.884884884884884704e-01	3.803945348262444348e+00	-6.479393199999999853e-01	1.371635199193141919e+00
4.894894894894895043e-01	3.808902787834848702e+00	-7.126917200000000285e-01	1.600071003530005198e+00
4.904904904904904828e-01	3.812949332530857660e+00	-6.608898000000000827e-01	1.175833081190116092e+00
4.914914914914914612e-01	3.815668486712401997e+00	-7.515431599999999879e-01	1.828506807866868478e+00
4.924924924924924952e-01	3.817558014667287392e+00	-7.385926799999998904e-01	1.861140494200705930e+00
4.934934934934934736e-01	3.818867246612108524e+00	-5.961373999999999285e-01	1.697972062531518000e+00
4.944944944944945076e-01	3.819374287354310837e+00	-7.062164799999999243e-01	2.089576298537569432e+00
4.954954954954954860e-01	3.818836006662280180e+00	-7.062164799999999243e-01	1.534803630862329848e+00
4.964964964964965199e-01	3.817249655973661948e+00	-6.673650399999999649e-01	1.795873121533031025e+00
4.974974974974974984e-01	3.815824686461544601e+00	-5.378602399999999895e-01	1.339001512859304244e+00
4.984984984984984768e-01	3.815635840122485689e+00	-5.961373999999999285e-01	1.306367826525466569e+00
4.994994994994995108e-01	3.814687672728780843e+00	-4.731078399999999462e-01	1.567437317196167523e+00
5.005005005005005447e-01	3.810716258012792679e+00	-5.249097599999998920e-01	1.404268885526979593e+00
5.015015015015015232e-01	3.805284900439084961e+00	-3.759792400000000478e-01	1.534803630862329848e+00
5.025025025025025016e-01	3.800866150458493742e+00	-3.371277999999999775e-01	1.632704689863842651e+00
5.035035035035034801e-01	3.797602824380163611e+00	-2.659001599999999965e-01	1.306367826525466569e+00
5.045045045045044585e-01	3.793796166355027921e+00	-1.104944000000000065e-01	1.404268885526979593e+00
5.055055055055055480e-01	3.787862329493527191e+00	-9.754392000000000618e-02	1.077932022188603289e+00
5.065065065065065264e-01	3.780830455000261825e+00	1.226142399999999993e-01	9.473972768532528121e-01
5.075075075075075048e-01	3.775369964464490025e+00	3.298219200000001017e-01	8.168625315179022239e-01
5.085085085085084833e-01	3.772022899086886927e+00	3.816238400000000475e-01	5.557930408472013806e-01
5.095095095095094617e-01	3.768065552239647786e+00	4.269505200000000000e-01	7.842288451840646601e-01
5.105105105105105512e-01	3.761725601803734165e+00	6.082572400000001434e-01	4.905256681795260310e-01
5.115115115115115296e-01	3.755803245368397825e+00	8.543163600000001079e-01	3.599909228441755538e-01
5.125125125125125081e-01	3.752863175578371457e+00	1.009722120000000167e+00	2.294561775088249655e-01
5.135135135135134865e-01	3.751373244974002041e+00	1.113325960000000059e+00	-9.688068582955121355e-02
5.145145145145144649e-01	3.750262951253972243e+00	1.411186999999999969e+00	-2.926828038325769432e-01
5.155155155155155544e-01	3.750070493577862596e+00	1.553642280000000042e+00	-3.905838628340898566e-01
5.165165165165165329e-01	3.749636060529628168e+00	1.482414640000000006e+00	-4.232175491679274204e-01
5.175175175175175113e-01	3.748098960041308825e+00	1.508315599999999979e+00	-3.579501765002521818e-01
5.185185185185184897e-01	3.746797719471526289e+00	1.488889879999999888e+00	-3.253164901664145625e-01
5.195195195195194682e-01	3.746176514919115963e+00	1.450038439999999929e+00	-2.274154311649017046e-01
5.205205205205205576e-01	3.745218481657469400e+00	1.450038439999999929e+00	-3.905838628340898566e-01
5.215215215215215361e-01	3.744628321451164865e+00	1.339959359999999933e+00	-2.600491174987393794e-01
5.225225225225225145e-01	3.745823273581735169e+00	1.242830760000000145e+00	-1.621480584972264660e-01
5.235235235235234930e-01	3.747476373082361700e+00	1.035623080000000140e+00	1.315551185073121632e-01
5.245245245245244714e-01	3.747955536999547199e+00	9.384944800000000198e-01	1.315551185073121632e-01
5.255255255255255609e-01	3.748663365360529465e+00	4.722772000000000081e-01	3.926246091780131731e-01
5.265265265265265393e-01	3.751284273165807370e+00	5.240791200000000094e-01	5.884267271810389444e-01
5.275275275275275177e-01	3.754584113227860342e+00	3.039209600000000178e-01	8.821299041855775735e-01
5.285285285285284962e-01	3.756779321936146943e+00	2.650695199999999474e-01	9.473972768532528121e-01
5.295295295295294746e-01	3.758854049809332576e+00	-7.811819999999999875e-02	1.339001512859304244e+00
5.305305305305305641e-01	3.762298064641346418e+00	-2.140982399999999952e-01	1.045298335854765615e+00
5.315315315315315425e-01	3.766622387657059701e+00	-3.824544800000000411e-01	1.208466767523953767e+00
5.325325325325325210e-01	3.771362819142400902e+00	-4.990087999999999191e-01	1.241100453857791219e+00
5.335335335335334994e-01	3.776796370369738032e+00	-5.896621600000000463e-01	1.175833081190116092e+00
5.345345345345344779e-01	3.782545760969825199e+00	-5.054840400000000233e-01	1.567437317196167523e+00
5.355355355355355673e-01	3.788274257513460253e+00	-6.155631200000000192e-01	1.371635199193141919e+00
5.365365365365365458e-01	3.794200675640575060e+00	-6.414640799999999921e-01	1.991675239536056408e+00
5.375375375375375242e-01	3.799559338364405292e+00	-6.090878800000000259e-01	1.828506807866868478e+00
5.385385385385385026e-01	3.803414632214606517e+00	-6.414640799999999921e-01	1.665338376197680104e+00
5.395395395395394811e-01	3.806515575391621553e+00	-7.191669600000000218e-01	1.828506807866868478e+00
5.405405405405405705e-01	3.810075255928231375e+00	-6.738402799999999582e-01	1.502169944528492396e+00
5.415415415415415490e-01	3.813710663328020445e+00	-7.580183999999999811e-01	1.436902571860817046e+00
5.425425425425425274e-01	3.816097015443876028e+00	-7.256422000000000150e-01	1.632704689863842651e+00
5.435435435435435059e-01	3.817947001623964720e+00	-6.090878800000000259e-01	1.469536258194654943e+00
5.445445445445444843e-01	3.820141738709101453e+00	-6.997412400000000421e-01	1.861140494200705930e+00
5.455455455455455738e-01	3.820460811966436054e+00	-6.867907599999999446e-01	1.795873121533031025e+00
5.465465465465465522e-01	3.818287724217681145e+00	-6.673650399999999649e-01	1.861140494200705930e+00
5.475475475475475307e-01	3.816196009353324481e+00	-5.184345200000000098e-01	1.861140494200705930e+00
5.485485485485485091e-01	3.814494467312667059e+00	-6.090878800000000259e-01	1.600071003530005198e+00
5.495495495495495986e-01	3.811671285503813067e+00	-4.990087999999999191e-01	1.469536258194654943e+00
5.505505505505505770e-01	3.808162872328982651e+00	-5.313849999999999962e-01	1.371635199193141919e+00
5.515515515515515554e-01	3.805448436869844464e+00	-3.889297199999999788e-01	1.175833081190116092e+00
5.525525525525525339e-01	3.803109795063383203e+00	-3.630287599999999504e-01	1.502169944528492396e+00
5.535535535535535123e-01	3.798801637590706548e+00	-2.594249200000000033e-01	1.241100453857791219e+00
5.545545545545546018e-01	3.792087594138071616e+00	-1.299201200000000000e-01	1.404268885526979593e+00
5.555555555555555802e-01	3.785524046378729857e+00	-1.104944000000000065e-01	1.371635199193141919e+00
5.565565565565565587e-01	3.780474689398412469e+00	9.023803999999999159e-02	8.821299041855775735e-01
5.575575575575575371e-01	3.775655518494679619e+00	3.168714400000000042e-01	1.077932022188603289e+00
5.585585585585585155e-01	3.770011576905849537e+00	3.492476399999999703e-01	5.557930408472013806e-01
5.595595595595596050e-01	3.764508734023958691e+00	4.204752800000000068e-01	4.905256681795260310e-01
5.605605605605605835e-01	3.760767613613886340e+00	6.082572400000001434e-01	3.273572365103378790e-01
5.615615615615615619e-01	3.758458781175202823e+00	8.154649200000001485e-01	1.641888048411497825e-01
5.625625625625625403e-01	3.755604294319276448e+00	1.009722120000000167e+00	2.294561775088249655e-01
5.635635635635635188e-01	3.751542179796909071e+00	1.087425000000000086e+00	3.365405950579927752e-02
5.645645645645646082e-01	3.748155913876308531e+00	1.385286039999999996e+00	-6.424699949571360813e-02
5.655655655655655867e-01	3.747237704263483682e+00	1.527741319999999847e+00	-1.947817448310640853e-01
5.665665665665665651e-01	3.747828190036528007e+00	1.462988919999999915e+00	-2.926828038325769432e-01
5.675675675675675436e-01	3.748199652507279822e+00	1.488889879999999888e+00	-3.579501765002521818e-01
5.685685685685685220e-01	3.748043003789614858e+00	1.475939400000000123e+00	-4.232175491679274204e-01
5.695695695695696115e-01	3.747568794007797521e+00	1.417662239999999851e+00	-4.232175491679274204e-01
5.705705705705705899e-01	3.747081845110871612e+00	1.424137479999999734e+00	-2.274154311649017046e-01
5.715715715715715683e-01	3.747046575041412364e+00	1.327008879999999946e+00	-2.274154311649017046e-01
5.725725725725725468e-01	3.747615850851021335e+00	1.242830760000000145e+00	-1.947817448310640853e-01
5.735735735735735252e-01	3.748301681049591494e+00	1.009722120000000167e+00	1.315551185073121632e-01
5.745745745745746147e-01	3.748718396808345510e+00	9.255440000000001444e-01	2.294561775088249655e-01
5.755755755755755931e-01	3.749656818265604041e+00	4.334257600000001043e-01	4.578919818456884672e-01
5.765765765765765716e-01	3.751605380482694319e+00	5.046534000000000297e-01	5.557930408472013806e-01
5.775775775775775500e-01	3.753652575839273808e+00	2.974457200000000245e-01	6.863277861825517467e-01
5.785785785785785285e-01	3.755762529085763024e+00	2.391685600000000023e-01	9.147635905194151373e-01
5.795795795795796179e-01	3.759268044086429672e+00	-9.754392000000000618e-02	9.473972768532528121e-01
5.805805805805805964e-01	3.763895937277414117e+00	-2.270487200000000094e-01	1.143199394856278639e+00
5.815815815815815748e-01	3.767579025672676440e+00	-3.695039999999999436e-01	1.306367826525466569e+00
5.825825825825825532e-01	3.770319575045212090e+00	-5.119592800000000166e-01	1.534803630862329848e+00
5.835835835835835317e-01	3.774824325148289361e+00	-5.896621600000000463e-01	1.339001512859304244e+00
5.845845845845846211e-01	3.782189220337669244e+00	-4.990087999999999191e-01	1.306367826525466569e+00
5.855855855855855996e-01	3.789949981097965104e+00	-6.090878800000000259e-01	1.436902571860817046e+00
5.865865865865865780e-01	3.795710452670957302e+00	-6.544145599999999785e-01	1.241100453857791219e+00
5.875875875875875565e-01	3.799840596377524360e+00	-6.090878800000000259e-01	1.828506807866868478e+00
5.885885885885885349e-01	3.803912420393039007e+00	-6.220383600000000124e-01	1.600071003530005198e+00
5.895895895895896244e-01	3.809006791737493014e+00	-7.256422000000000150e-01	1.697972062531518000e+00
5.905905905905906028e-01	3.813942304125955030e+00	-6.673650399999999649e-01	1.861140494200705930e+00
5.915915915915915813e-01	3.816045571266948322e+00	-7.644936400000000853e-01	1.632704689863842651e+00
5.925925925925925597e-01	3.815814890115458713e+00	-7.256422000000000150e-01	1.730605748865355453e+00
5.935935935935935381e-01	3.816500735382188925e+00	-6.090878800000000259e-01	1.502169944528492396e+00
5.945945945945946276e-01	3.818803797911749953e+00	-7.191669600000000218e-01	1.371635199193141919e+00
5.955955955955956060e-01	3.820112658039206188e+00	-6.867907599999999446e-01	1.600071003530005198e+00
5.965965965965965845e-01	3.819070295461376219e+00	-6.867907599999999446e-01	1.306367826525466569e+00
5.975975975975975629e-01	3.817222132868865803e+00	-5.184345200000000098e-01	1.861140494200705930e+00
5.985985985985985414e-01	3.815318757797197868e+00	-5.896621600000000463e-01	1.959041553202218955e+00
5.995995995995996308e-01	3.812553541776753985e+00	-4.990087999999999191e-01	1.632704689863842651e+00
6.006006006006006093e-01	3.809125401617058593e+00	-5.443354799999999827e-01	1.665338376197680104e+00
6.016016016016015877e-01	3.805819619155615285e+00	-4.083554400000000140e-01	1.306367826525466569e+00
6.026026026026025662e-01	3.802364816859485686e+00	-3.630287599999999504e-01	1.208466767523953767e+00
6.036036036036035446e-01	3.798201353892746823e+00	-2.723753999999999897e-01	1.208466767523953767e+00
6.046046046046046341e-01	3.793922223213639811e+00	-1.363953600000000210e-01	1.012664649520927940e+00
6.056056056056056125e-01	3.789590921710587423e+00	-1.234448800000000068e-01	1.404268885526979593e+00
6.066066066066065909e-01	3.783593580026818781e+00	7.728756000000000514e-02	1.143199394856278639e+00
6.076076076076075694e-01	3.776108857667724195e+00	2.909704799999999758e-01	1.110565708522440964e+00
6.086086086086086588e-01	3.769536134376721748e+00	3.557228800000000746e-01	9.800309631870904870e-01
6.096096096096096373e-01	3.764412667092793985e+00	4.140000400000000136e-01	5.231593545133637058e-01
6.106106106106106157e-01	3.759665022730374950e+00	6.212077200000000188e-01	5.231593545133637058e-01
6.116116116116115942e-01	3.756072777299540810e+00	8.089896800000000443e-01	1.020373171961676869e-03
6.126126126126125726e-01	3.755168083280648883e+00	9.838211600000000834e-01	1.315551185073121632e-01
6.136136136136136621e-01	3.755081649393738452e+00	1.106850720000000177e+00	-6.424699949571360813e-02
6.146146146146146405e-01	3.752712126421460237e+00	1.378810799999999892e+00	-2.274154311649017046e-01
6.156156156156156189e-01	3.749295776304922612e+00	1.514790839999999861e+00	-1.947817448310640853e-01
6.166166166166165974e-01	3.747690499560082600e+00	1.450038439999999929e+00	1.020373171961676869e-03
6.176176176176175758e-01	3.747366148399469132e+00	1.469464160000000019e+00	-4.558512355017650397e-01
6.186186186186186653e-01	3.746822000392738605e+00	1.456513680000000033e+00	-2.600491174987393794e-01
6.196196196196196437e-01	3.746329969463868981e+00	1.417662239999999851e+00	-3.905838628340898566e-01
6.206206206206206222e-01	3.746182001669875916e+00	1.411186999999999969e+00	-4.232175491679274204e-01
6.216216216216216006e-01	3.746113116684227862e+00	1.307583159999999856e+00	-6.424699949571360813e-02
6.226226226226225791e-01	3.746708716025048513e+00	1.223405040000000055e+00	-1.621480584972264660e-01
6.236236236236236685e-01	3.748450412297673395e+00	9.838211600000000834e-01	1.315551185073121632e-01
6.246246246246246470e-01	3.750042916625960565e+00	8.931677999999999562e-01	1.315551185073121632e-01
6.256256256256256254e-01	3.750534244564171171e+00	4.269505200000000000e-01	4.578919818456884672e-01
6.266266266266266038e-01	3.751256239841932238e+00	4.852276800000000501e-01	6.210604135148766192e-01
6.276276276276275823e-01	3.753257419379008475e+00	2.715447599999999961e-01	7.515951588502269853e-01
6.286286286286286717e-01	3.755696497682853074e+00	2.391685600000000023e-01	8.494962178517398987e-01
6.296296296296296502e-01	3.758252490259843537e+00	-1.040191599999999994e-01	9.473972768532528121e-01
6.306306306306306286e-01	3.762132200046020447e+00	-2.399992000000000236e-01	1.045298335854765615e+00
6.316316316316316071e-01	3.767376661653494274e+00	-3.889297199999999788e-01	1.371635199193141919e+00
6.326326326326325855e-01	3.772604475537782776e+00	-5.184345200000000098e-01	1.371635199193141919e+00
6.336336336336336750e-01	3.777890418519839866e+00	-6.026126399999999217e-01	1.632704689863842651e+00
6.346346346346346534e-01	3.783625241491559876e+00	-5.054840400000000233e-01	1.469536258194654943e+00
6.356356356356356319e-01	3.788482893485244585e+00	-6.090878800000000259e-01	1.665338376197680104e+00
6.366366366366366103e-01	3.792336624123870958e+00	-6.414640799999999921e-01	1.469536258194654943e+00
6.376376376376375887e-01	3.797213474383598353e+00	-6.220383600000000124e-01	1.306367826525466569e+00
6.386386386386386782e-01	3.803483195634660419e+00	-6.414640799999999921e-01	1.730605748865355453e+00
6.396396396396396566e-01	3.809509502716371898e+00	-7.256422000000000150e-01	1.371635199193141919e+00
6.406406406406406351e-01	3.814036993214223958e+00	-6.932660000000000489e-01	1.893774180534543827e+00
6.416416416416416135e-01	3.816492782817467511e+00	-7.580183999999999811e-01	1.730605748865355453e+00
6.426426426426425920e-01	3.817348691203967359e+00	-7.321174399999998972e-01	1.991675239536056408e+00
6.436436436436436814e-01	3.817496532249538888e+00	-6.090878800000000259e-01	1.763239435199193128e+00
6.446446446446446599e-01	3.817033501161254172e+00	-7.126917200000000285e-01	1.665338376197680104e+00
6.456456456456456383e-01	3.816199731574190679e+00	-7.062164799999999243e-01	1.632704689863842651e+00
6.466466466466466168e-01	3.815612943427792558e+00	-6.738402799999999582e-01	1.404268885526979593e+00
6.476476476476475952e-01	3.815449587325387082e+00	-5.184345200000000098e-01	1.208466767523953767e+00
6.486486486486486847e-01	3.815251570142709880e+00	-6.155631200000000192e-01	1.632704689863842651e+00
6.496496496496496631e-01	3.813720054624728739e+00	-4.990087999999999191e-01	1.371635199193141919e+00
6.506506506506506415e-01	3.810476813287966280e+00	-5.378602399999999895e-01	1.697972062531518000e+00
6.516516516516516200e-01	3.807283931050208459e+00	-3.954049599999999165e-01	1.730605748865355453e+00
6.526526526526525984e-01	3.804359799646967133e+00	-3.695039999999999436e-01	1.371635199193141919e+00
6.536536536536536879e-01	3.799121590265524873e+00	-2.594249200000000033e-01	1.665338376197680104e+00
6.546546546546546663e-01	3.791473535406154838e+00	-1.428706000000000143e-01	8.494962178517398987e-01
6.556556556556556448e-01	3.785114257868936072e+00	-1.299201200000000000e-01	1.110565708522440964e+00
6.566566566566566232e-01	3.781236326346591348e+00	9.023803999999999159e-02	1.012664649520927940e+00
6.576576576576576016e-01	3.776957941448753520e+00	2.780200000000000449e-01	7.842288451840646601e-01
6.586586586586586911e-01	3.771073946527910614e+00	3.427723999999999771e-01	9.473972768532528121e-01
6.596596596596596696e-01	3.765467539108006800e+00	3.880990800000000407e-01	7.515951588502269853e-01
6.606606606606606480e-01	3.761158957802171354e+00	5.694058000000000730e-01	5.231593545133637058e-01
6.616616616616616264e-01	3.757258015725934541e+00	8.089896800000000443e-01	5.557930408472013806e-01
6.626626626626626049e-01	3.753866570427248028e+00	9.514449600000001173e-01	1.020373171961676869e-03
6.636636636636636943e-01	3.751933479399376381e+00	1.087425000000000086e+00	3.365405950579927752e-02
6.646646646646646728e-01	3.750663714171363239e+00	1.346434599999999815e+00	-2.600491174987393794e-01
6.656656656656656512e-01	3.749436093817431814e+00	1.495365119999999770e+00	-3.579501765002521818e-01
6.666666666666666297e-01	3.748737154466017962e+00	1.437087959999999942e+00	-9.688068582955121355e-02
6.676676676676676081e-01	3.747999702459039462e+00	1.443563199999999824e+00	-3.253164901664145625e-01
6.686686686686686976e-01	3.746772260356576290e+00	1.424137479999999734e+00	-2.926828038325769432e-01
6.696696696696696760e-01	3.745733749313420180e+00	1.391761279999999878e+00	-2.274154311649017046e-01
6.706706706706706544e-01	3.745433786980912672e+00	1.411186999999999969e+00	-4.558512355017650397e-01
6.716716716716716329e-01	3.745711461807867515e+00	1.281682200000000105e+00	1.020373171961676869e-03
6.726726726726726113e-01	3.746229611615769173e+00	1.197504080000000082e+00	-2.274154311649017046e-01
6.736736736736737008e-01	3.747274784556933636e+00	9.773459200000000902e-01	3.365405950579927752e-02
6.746746746746746792e-01	3.748647625191379174e+00	8.672668400000000943e-01	2.947235501765002597e-01
6.756756756756756577e-01	3.749626111586268795e+00	4.010495599999999716e-01	3.599909228441755538e-01
6.766766766766766361e-01	3.750907183130132161e+00	4.722772000000000081e-01	7.189614725163894215e-01
6.776776776776777256e-01	3.753191001548198624e+00	2.715447599999999961e-01	7.842288451840646601e-01
6.786786786786787040e-01	3.755840707668758327e+00	2.391685600000000023e-01	8.821299041855775735e-01
6.796796796796796825e-01	3.758722774792738530e+00	-1.169696400000000136e-01	1.110565708522440964e+00
6.806806806806806609e-01	3.762452352272269263e+00	-2.335239600000000026e-01	1.339001512859304244e+00
6.816816816816816393e-01	3.767130438576545615e+00	-3.889297199999999788e-01	1.241100453857791219e+00
6.826826826826827288e-01	3.772212063054125597e+00	-5.184345200000000098e-01	1.436902571860817046e+00
6.836836836836837072e-01	3.777224761588898527e+00	-6.026126399999999217e-01	1.273734140191629116e+00
6.846846846846846857e-01	3.782314142447777083e+00	-5.184345200000000098e-01	1.632704689863842651e+00
6.856856856856856641e-01	3.787704925568619263e+00	-6.220383600000000124e-01	1.632704689863842651e+00
6.866866866866866426e-01	3.793068432001394541e+00	-6.479393199999999853e-01	1.893774180534543827e+00
6.876876876876877320e-01	3.798365161664940093e+00	-6.220383600000000124e-01	1.534803630862329848e+00
6.886886886886887105e-01	3.803748869132782318e+00	-6.349888400000001099e-01	1.697972062531518000e+00
6.896896896896896889e-01	3.808395479524163463e+00	-7.321174399999998972e-01	1.502169944528492396e+00
6.906906906906906674e-01	3.811711144347964098e+00	-6.932660000000000489e-01	1.469536258194654943e+00
6.916916916916916458e-01	3.814498035820542921e+00	-7.515431599999999879e-01	1.600071003530005198e+00
6.926926926926927353e-01	3.817656424025480888e+00	-7.321174399999998972e-01	1.404268885526979593e+00
6.936936936936937137e-01	3.820542772264857057e+00	-6.090878800000000259e-01	1.959041553202218955e+00
6.946946946946946921e-01	3.821694730247787941e+00	-7.321174399999998972e-01	1.567437317196167523e+00
6.956956956956956706e-01	3.820825924225962567e+00	-7.062164799999999243e-01	1.893774180534543827e+00
6.966966966966966490e-01	3.818282986992268313e+00	-6.738402799999999582e-01	1.959041553202218955e+00
6.976976976976977385e-01	3.814754986874751008e+00	-5.313849999999999962e-01	1.567437317196167523e+00
6.986986986986987169e-01	3.812133543696588411e+00	-5.961373999999999285e-01	1.404268885526979593e+00
6.996996996996996954e-01	3.811588753817030550e+00	-4.990087999999999191e-01	1.404268885526979593e+00
7.007007007007006738e-01	3.811460530662557300e+00	-5.572859600000000802e-01	1.175833081190116092e+00
7.017017017017016522e-01	3.809057360328854003e+00	-4.018802000000000207e-01	1.534803630862329848e+00
7.027027027027027417e-01	3.804084588135152156e+00	-3.759792400000000478e-01	1.404268885526979593e+00
7.037037037037037202e-01	3.798139514270177930e+00	-2.918011200000000249e-01	1.600071003530005198e+00
7.047047047047046986e-01	3.792141087102453678e+00	-1.622963199999999939e-01	1.600071003530005198e+00
7.057057057057056770e-01	3.786724218272757625e+00	-1.493458400000000075e-01	1.241100453857791219e+00
7.067067067067066555e-01	3.781688004829960814e+00	7.081231999999999804e-02	1.143199394856278639e+00
7.077077077077077449e-01	3.775807453890000609e+00	2.715447599999999961e-01	6.863277861825517467e-01
7.087087087087087234e-01	3.770205390221008646e+00	3.233466799999999974e-01	6.210604135148766192e-01
7.097097097097097018e-01	3.766578726907356511e+00	3.880990800000000407e-01	5.557930408472013806e-01
7.107107107107106803e-01	3.763409550870602249e+00	5.629305600000000798e-01	4.252582955118507924e-01
7.117117117117116587e-01	3.759268575357416875e+00	7.830887200000000714e-01	4.252582955118507924e-01
7.127127127127127482e-01	3.755449610631350410e+00	9.449697200000000130e-01	1.315551185073121632e-01
7.137137137137137266e-01	3.752976976118925112e+00	1.035623080000000140e+00	1.315551185073121632e-01
7.147147147147147050e-01	3.750623855896499492e+00	1.339959359999999933e+00	6.628774583963688294e-02
7.157157157157156835e-01	3.747855397307613412e+00	1.488889879999999888e+00	-4.558512355017650397e-01
7.167167167167166619e-01	3.746556908481228909e+00	1.411186999999999969e+00	-1.947817448310640853e-01
7.177177177177177514e-01	3.747240475069831600e+00	1.437087959999999942e+00	-4.884849218356027145e-01
7.187187187187187298e-01	3.748184618521993805e+00	1.424137479999999734e+00	-4.558512355017650397e-01
7.197197197197197083e-01	3.748524388439004706e+00	1.372335560000000010e+00	-2.600491174987393794e-01
7.207207207207206867e-01	3.748339793701766176e+00	1.378810799999999892e+00	-2.600491174987393794e-01
7.217217217217216652e-01	3.748126673900708639e+00	1.281682200000000105e+00	1.020373171961676869e-03
7.227227227227227546e-01	3.748290098871979836e+00	1.171603120000000109e+00	-3.161331316187596802e-02
7.237237237237237331e-01	3.748392692331441900e+00	9.449697200000000130e-01	1.315551185073121632e-01
7.247247247247247115e-01	3.748433092670921507e+00	8.737420800000000876e-01	2.620898638426626404e-01
7.257257257257256899e-01	3.748867007145074925e+00	3.880990800000000407e-01	3.599909228441755538e-01
7.267267267267266684e-01	3.750133890996664832e+00	4.722772000000000081e-01	5.231593545133637058e-01
7.277277277277277578e-01	3.753282298701374753e+00	2.521190400000000165e-01	7.842288451840646601e-01
7.287287287287287363e-01	3.758185926700411184e+00	2.132676000000000016e-01	9.800309631870904870e-01
7.297297297297297147e-01	3.762279518034353565e+00	-1.169696400000000136e-01	1.143199394856278639e+00
7.307307307307306932e-01	3.764208727953477496e+00	-2.464744400000000168e-01	1.110565708522440964e+00
7.317317317317316716e-01	3.766607567720433369e+00	-4.018802000000000207e-01	1.404268885526979593e+00
7.327327327327327611e-01	3.771873921383274375e+00	-5.443354799999999827e-01	1.371635199193141919e+00
7.337337337337337395e-01	3.778477954343693934e+00	-6.155631200000000192e-01	1.436902571860817046e+00
7.347347347347347180e-01	3.784259327651414928e+00	-5.184345200000000098e-01	1.469536258194654943e+00
7.357357357357356964e-01	3.789072194194659904e+00	-6.220383600000000124e-01	1.534803630862329848e+00
7.367367367367367859e-01	3.793444438468603241e+00	-6.544145599999999785e-01	1.600071003530005198e+00
7.377377377377377643e-01	3.798108266882471717e+00	-6.155631200000000192e-01	1.893774180534543827e+00
7.387387387387387427e-01	3.803729422275240246e+00	-6.285136000000000056e-01	1.697972062531518000e+00
7.397397397397397212e-01	3.809405935022803558e+00	-7.450679199999999947e-01	1.861140494200705930e+00
7.407407407407406996e-01	3.813124529885750125e+00	-6.997412400000000421e-01	1.600071003530005198e+00
7.417417417417417891e-01	3.814546685620263222e+00	-7.580183999999999811e-01	1.632704689863842651e+00
7.427427427427427675e-01	3.815886401095267111e+00	-7.321174399999998972e-01	1.534803630862329848e+00
7.437437437437437460e-01	3.818404062538027333e+00	-6.220383600000000124e-01	1.273734140191629116e+00
7.447447447447447244e-01	3.820028861702975842e+00	-7.191669600000000218e-01	1.730605748865355453e+00
7.457457457457457028e-01	3.819391490479429940e+00	-6.997412400000000421e-01	1.436902571860817046e+00
7.467467467467467923e-01	3.818339245173173246e+00	-6.803155199999999514e-01	1.926407866868381280e+00
7.477477477477477708e-01	3.817973100211942139e+00	-5.443354799999999827e-01	1.730605748865355453e+00
7.487487487487487492e-01	3.816807284875446182e+00	-6.090878800000000259e-01	1.861140494200705930e+00
7.497497497497497276e-01	3.813787037857287121e+00	-5.119592800000000166e-01	1.991675239536056408e+00
7.507507507507507061e-01	3.810125199164343890e+00	-5.443354799999999827e-01	1.371635199193141919e+00
7.517517517517517955e-01	3.806867585057913228e+00	-4.213059199999999449e-01	1.273734140191629116e+00
7.527527527527527740e-01	3.803241058796224650e+00	-3.824544800000000411e-01	1.273734140191629116e+00
7.537537537537537524e-01	3.799043616697130421e+00	-2.918011200000000249e-01	1.045298335854765615e+00
7.547547547547547309e-01	3.794355817484881932e+00	-1.687715600000000149e-01	1.600071003530005198e+00
7.557557557557557093e-01	3.788507511561209462e+00	-1.558210800000000007e-01	1.045298335854765615e+00
7.567567567567567988e-01	3.782624838752242091e+00	4.491135999999999739e-02	1.241100453857791219e+00
7.577577577577577772e-01	3.777585278610261721e+00	2.650695199999999474e-01	1.241100453857791219e+00
7.587587587587587556e-01	3.771569566033462717e+00	3.103962000000000110e-01	7.515951588502269853e-01
7.597597597597597341e-01	3.765001105885647181e+00	3.492476399999999703e-01	6.210604135148766192e-01
7.607607607607607125e-01	3.760978505512555081e+00	5.694058000000000730e-01	2.947235501765002597e-01
7.617617617617618020e-01	3.759429277898581834e+00	7.701382400000000850e-01	1.641888048411497825e-01
7.627627627627627804e-01	3.757799086378868836e+00	9.255440000000001444e-01	9.892143217347457163e-02
7.637637637637637589e-01	3.755263092753383880e+00	1.035623080000000140e+00	-1.295143721633888190e-01
7.647647647647647373e-01	3.752339733647351849e+00	1.294632679999999869e+00	-6.424699949571360813e-02
7.657657657657657158e-01	3.749868748127228368e+00	1.469464160000000019e+00	-3.161331316187596802e-02
7.667667667667668052e-01	3.748966563966253940e+00	1.385286039999999996e+00	-1.947817448310640853e-01
7.677677677677677837e-01	3.748765006685210288e+00	1.398236519999999983e+00	-9.688068582955121355e-02
7.687687687687687621e-01	3.747065205598653748e+00	1.391761279999999878e+00	-5.537522945032778976e-01
7.697697697697697405e-01	3.744891046795947531e+00	1.346434599999999815e+00	-2.926828038325769432e-01
7.707707707707707190e-01	3.745119416887949804e+00	1.352909840000000141e+00	-2.926828038325769432e-01
7.717717717717718084e-01	3.747493306396919355e+00	1.255781239999999910e+00	-1.621480584972264660e-01
7.727727727727727869e-01	3.749495597791205892e+00	1.178078360000000213e+00	6.628774583963688294e-02
7.737737737737737653e-01	3.749971750988146724e+00	9.255440000000001444e-01	1.968224911749873740e-01
7.747747747747747438e-01	3.749438608548601781e+00	8.348906400000000172e-01	3.599909228441755538e-01
7.757757757757757222e-01	3.749225932437207032e+00	3.751485999999999432e-01	6.863277861825517467e-01
7.767767767767768117e-01	3.751258851110062853e+00	4.269505200000000000e-01	6.210604135148766192e-01
7.777777777777777901e-01	3.755404176300969787e+00	2.456437999999999955e-01	8.168625315179022239e-01
7.787787787787787686e-01	3.758794204441040954e+00	1.938418799999999942e-01	9.473972768532528121e-01
7.797797797797797470e-01	3.760898303162830469e+00	-1.363953600000000210e-01	1.077932022188603289e+00
7.807807807807807254e-01	3.764452233975517981e+00	-2.788506400000000385e-01	1.306367826525466569e+00
7.817817817817818149e-01	3.770263913060361904e+00	-4.083554400000000140e-01	1.339001512859304244e+00
7.827827827827827933e-01	3.775659095519491082e+00	-5.443354799999999827e-01	1.502169944528492396e+00
7.837837837837837718e-01	3.778829982922395025e+00	-6.349888400000001099e-01	1.600071003530005198e+00
7.847847847847847502e-01	3.782213662558821632e+00	-5.184345200000000098e-01	1.469536258194654943e+00
7.857857857857857287e-01	3.788321809961740172e+00	-6.414640799999999921e-01	1.600071003530005198e+00
7.867867867867868181e-01	3.795242411448986442e+00	-6.673650399999999649e-01	1.600071003530005198e+00
7.877877877877877966e-01	3.800585832841550715e+00	-6.090878800000000259e-01	1.600071003530005198e+00
7.887887887887887750e-01	3.805023514643974814e+00	-6.220383600000000124e-01	1.763239435199193128e+00
7.897897897897897534e-01	3.809508965809039971e+00	-7.321174399999998972e-01	1.926407866868381280e+00
7.907907907907907319e-01	3.813598267851400880e+00	-6.867907599999999446e-01	1.763239435199193128e+00
7.917917917917918214e-01	3.816469067522985537e+00	-7.644936400000000853e-01	1.665338376197680104e+00
7.927927927927927998e-01	3.817604368941712512e+00	-7.450679199999999947e-01	1.926407866868381280e+00
7.937937937937937782e-01	3.817639360923760439e+00	-6.220383600000000124e-01	1.502169944528492396e+00
7.947947947947947567e-01	3.817610870957347302e+00	-7.450679199999999947e-01	1.665338376197680104e+00
7.957957957957957351e-01	3.817875541112952575e+00	-6.997412400000000421e-01	1.534803630862329848e+00
7.967967967967968246e-01	3.818583890352445831e+00	-6.867907599999999446e-01	1.241100453857791219e+00
7.977977977977978030e-01	3.818633588296507231e+00	-5.378602399999999895e-01	1.730605748865355453e+00
7.987987987987987815e-01	3.816921049115576281e+00	-6.155631200000000192e-01	1.436902571860817046e+00
7.997997997997997599e-01	3.814685480435862530e+00	-5.119592800000000166e-01	1.795873121533031025e+00
8.008008008008007383e-01	3.812543390263773535e+00	-5.572859600000000802e-01	1.730605748865355453e+00
8.018018018018018278e-01	3.809179995800590302e+00	-4.277811600000000491e-01	1.665338376197680104e+00
8.028028028028028062e-01	3.803672545697173835e+00	-4.083554400000000140e-01	1.534803630862329848e+00
8.038038038038037847e-01	3.796816041110541828e+00	-3.112268400000000046e-01	1.241100453857791219e+00
8.048048048048047631e-01	3.791021415839498587e+00	-2.011477600000000088e-01	1.012664649520927940e+00
8.058058058058058526e-01	3.787015222890012911e+00	-1.881972800000000223e-01	1.045298335854765615e+00
8.068068068068068310e-01	3.782963586836583403e+00	5.138659999999999756e-02	9.800309631870904870e-01
8.078078078078078095e-01	3.777893965635718221e+00	2.197428399999999948e-01	1.143199394856278639e+00
8.088088088088087879e-01	3.772035123742927709e+00	3.103962000000000110e-01	9.800309631870904870e-01
8.098098098098097664e-01	3.766313983263840814e+00	3.298219200000001017e-01	8.821299041855775735e-01
8.108108108108108558e-01	3.762028188320777122e+00	5.176038800000000162e-01	7.515951588502269853e-01
8.118118118118118343e-01	3.758770525472791668e+00	7.507125199999999943e-01	3.273572365103378790e-01
8.128128128128128127e-01	3.755217208969427123e+00	8.931677999999999562e-01	3.599909228441755538e-01
8.138138138138137911e-01	3.752048241920847627e+00	1.022672600000000154e+00	-2.274154311649017046e-01
8.148148148148147696e-01	3.750890562128254668e+00	1.288157439999999765e+00	-2.926828038325769432e-01
8.158158158158158590e-01	3.750580430661226927e+00	1.437087959999999942e+00	-9.688068582955121355e-02
8.168168168168168375e-01	3.749370849901967784e+00	1.365860319999999906e+00	-2.600491174987393794e-01
8.178178178178178159e-01	3.748546117743628781e+00	1.372335560000000010e+00	-1.621480584972264660e-01
8.188188188188187944e-01	3.748597727793075762e+00	1.359385079999999801e+00	-6.424699949571360813e-02
8.198198198198197728e-01	3.748001764201050356e+00	1.314058399999999960e+00	-2.600491174987393794e-01
8.208208208208208623e-01	3.747228973803887087e+00	1.320533639999999842e+00	-6.424699949571360813e-02
8.218218218218218407e-01	3.747447710365026996e+00	1.255781239999999910e+00	-3.905838628340898566e-01
8.228228228228228192e-01	3.747851065549209437e+00	1.126276440000000045e+00	-2.274154311649017046e-01
8.238238238238237976e-01	3.747970965204270311e+00	9.255440000000001444e-01	1.641888048411497825e-01
8.248248248248247760e-01	3.748832690785945498e+00	8.025144400000000511e-01	2.294561775088249655e-01
8.258258258258258655e-01	3.750403622584047358e+00	3.492476399999999703e-01	6.536940998487140719e-01
8.268268268268268439e-01	3.751520757348775437e+00	4.010495599999999716e-01	7.842288451840646601e-01
8.278278278278278224e-01	3.752847887493408141e+00	2.197428399999999948e-01	8.821299041855775735e-01
8.288288288288288008e-01	3.756155973911675883e+00	1.808914000000000077e-01	1.045298335854765615e+00
8.298298298298297793e-01	3.760840303553571573e+00	-1.622963199999999939e-01	1.110565708522440964e+00
8.308308308308308687e-01	3.764965313175336004e+00	-2.788506400000000385e-01	1.273734140191629116e+00
8.318318318318318472e-01	3.768150066944261134e+00	-4.407316399999999801e-01	1.436902571860817046e+00
8.328328328328328256e-01	3.771037073700599151e+00	-5.508107199999999759e-01	1.339001512859304244e+00
8.338338338338338041e-01	3.774843950630859979e+00	-6.220383600000000124e-01	1.469536258194654943e+00
8.348348348348347825e-01	3.780996629656773411e+00	-5.378602399999999895e-01	1.534803630862329848e+00
8.358358358358358720e-01	3.788424831501082224e+00	-6.479393199999999853e-01	1.665338376197680104e+00
8.368368368368368504e-01	3.794621299232111777e+00	-6.738402799999999582e-01	1.665338376197680104e+00
8.378378378378378288e-01	3.799771958747683698e+00	-6.349888400000001099e-01	1.600071003530005198e+00
8.388388388388388073e-01	3.804949088268051671e+00	-6.349888400000001099e-01	1.600071003530005198e+00
8.398398398398397857e-01	3.809271056253681564e+00	-7.385926799999998904e-01	1.893774180534543827e+00
8.408408408408408752e-01	3.812156872034203392e+00	-6.932660000000000489e-01	1.632704689863842651e+00
8.418418418418418536e-01	3.814528621799650576e+00	-7.580183999999999811e-01	1.697972062531518000e+00
8.428428428428428321e-01	3.817127260492253704e+00	-7.450679199999999947e-01	1.632704689863842651e+00
8.438438438438438105e-01	3.819483679660693021e+00	-6.220383600000000124e-01	1.795873121533031025e+00
8.448448448448447889e-01	3.820242206611559332e+00	-7.385926799999998904e-01	1.730605748865355453e+00
8.458458458458458784e-01	3.818786339573134292e+00	-7.126917200000000285e-01	1.828506807866868478e+00
8.468468468468468568e-01	3.816654671754553085e+00	-6.997412400000000421e-01	1.502169944528492396e+00
8.478478478478478353e-01	3.815506255947834102e+00	-5.508107199999999759e-01	1.469536258194654943e+00
8.488488488488488137e-01	3.814992404460407105e+00	-6.285136000000000056e-01	1.436902571860817046e+00
8.498498498498497922e-01	3.814138856610578276e+00	-5.378602399999999895e-01	1.208466767523953767e+00
8.508508508508508816e-01	3.811826434484893777e+00	-5.702364399999999556e-01	1.697972062531518000e+00
8.518518518518518601e-01	3.807223516802274776e+00	-4.407316399999999801e-01	1.371635199193141919e+00
8.528528528528528385e-01	3.801539370726928713e+00	-4.083554400000000140e-01	1.795873121533031025e+00
8.538538538538538170e-01	3.796556207477670419e+00	-3.112268400000000046e-01	1.600071003530005198e+00
8.548548548548547954e-01	3.791992089991798043e+00	-2.140982399999999952e-01	1.404268885526979593e+00
8.558558558558558849e-01	3.786348926536207138e+00	-1.881972800000000223e-01	1.175833081190116092e+00
8.568568568568568633e-01	3.780109072322899166e+00	1.253515999999999658e-02	8.821299041855775735e-01
8.578578578578578417e-01	3.775460733952461734e+00	2.262180799999999881e-01	7.842288451840646601e-01
8.588588588588588202e-01	3.772300783505202038e+00	2.650695199999999474e-01	7.189614725163894215e-01
8.598598598598597986e-01	3.768197982839264881e+00	3.168714400000000042e-01	5.231593545133637058e-01
8.608608608608608881e-01	3.762452388830942684e+00	5.111286400000001340e-01	7.842288451840646601e-01
8.618618618618618665e-01	3.757426958572334996e+00	7.183363200000001392e-01	4.905256681795260310e-01
8.628628628628628450e-01	3.754915412435765543e+00	8.672668400000000943e-01	3.599909228441755538e-01
8.638638638638638234e-01	3.753207511168942467e+00	9.967716399999999588e-01	5.231593545133637058e-01
8.648648648648649129e-01	3.750604429960318065e+00	1.281682200000000105e+00	-3.579501765002521818e-01
8.658658658658658913e-01	3.748313803792600929e+00	1.417662239999999851e+00	-2.600491174987393794e-01
8.668668668668668698e-01	3.747207662293907227e+00	1.339959359999999933e+00	-3.579501765002521818e-01
8.678678678678678482e-01	3.746768567399502814e+00	1.365860319999999906e+00	-4.558512355017650397e-01
8.688688688688688266e-01	3.746808587871718110e+00	1.339959359999999933e+00	-1.947817448310640853e-01
8.698698698698699161e-01	3.746715650826643262e+00	1.307583159999999856e+00	-1.947817448310640853e-01
8.708708708708708945e-01	3.745908958632301111e+00	1.320533639999999842e+00	1.020373171961676869e-03
8.718718718718718730e-01	3.745232964937414089e+00	1.236355520000000041e+00	2.947235501765002597e-01
8.728728728728728514e-01	3.745851320481902391e+00	1.113325960000000059e+00	-3.161331316187596802e-02
8.738738738738738299e-01	3.747491153406686593e+00	9.190687600000001511e-01	2.947235501765002597e-01
8.748748748748749193e-01	3.748769489483451789e+00	8.025144400000000511e-01	9.892143217347457163e-02
8.758758758758758978e-01	3.749642750788076739e+00	3.362971600000000394e-01	4.578919818456884672e-01
8.768768768768768762e-01	3.751390643941435510e+00	4.075248000000000759e-01	6.210604135148766192e-01
8.778778778778778547e-01	3.754547508347338081e+00	2.003171200000000152e-01	7.842288451840646601e-01
8.788788788788788331e-01	3.758672566517948344e+00	1.873666400000000010e-01	1.175833081190116092e+00
8.798798798798799226e-01	3.762276070814272622e+00	-1.622963199999999939e-01	1.110565708522440964e+00
8.808808808808809010e-01	3.764213913252834942e+00	-2.918011200000000249e-01	1.404268885526979593e+00
8.818818818818818794e-01	3.766199396824822632e+00	-4.342563999999999869e-01	1.371635199193141919e+00
8.828828828828828579e-01	3.770519814339721165e+00	-5.572859600000000802e-01	1.371635199193141919e+00
8.838838838838838363e-01	3.776748649788089551e+00	-6.349888400000001099e-01	1.502169944528492396e+00
8.848848848848849258e-01	3.783178874884805420e+00	-5.443354799999999827e-01	1.567437317196167523e+00
8.858858858858859042e-01	3.788983571835589981e+00	-6.608898000000000827e-01	1.469536258194654943e+00
8.868868868868868827e-01	3.794590418672847854e+00	-6.738402799999999582e-01	1.763239435199193128e+00
8.878878878878878611e-01	3.800369305592494751e+00	-6.414640799999999921e-01	1.665338376197680104e+00
8.888888888888888395e-01	3.805461192685211991e+00	-6.285136000000000056e-01	1.534803630862329848e+00
8.898898898898899290e-01	3.809310011999650580e+00	-7.450679199999999947e-01	1.730605748865355453e+00
8.908908908908909074e-01	3.812460547809982003e+00	-6.932660000000000489e-01	1.730605748865355453e+00
8.918918918918918859e-01	3.815370251338764174e+00	-7.580183999999999811e-01	1.697972062531518000e+00
8.928928928928928643e-01	3.818138523139900986e+00	-7.321174399999998972e-01	1.730605748865355453e+00
8.938938938938938428e-01	3.820249434689129586e+00	-6.155631200000000192e-01	1.665338376197680104e+00
8.948948948948949322e-01	3.820561798388855124e+00	-7.385926799999998904e-01	1.697972062531518000e+00
8.958958958958959107e-01	3.819204667872491132e+00	-7.062164799999999243e-01	1.632704689863842651e+00
8.968968968968968891e-01	3.817907635592479920e+00	-6.932660000000000489e-01	1.632704689863842651e+00
8.978978978978978676e-01	3.817248663702481171e+00	-5.572859600000000802e-01	1.632704689863842651e+00
8.988988988988988460e-01	3.815518583954249365e+00	-6.349888400000001099e-01	1.795873121533031025e+00
8.998998998998999355e-01	3.811629636082038086e+00	-5.184345200000000098e-01	1.469536258194654943e+00
9.009009009009009139e-01	3.807416393683910272e+00	-5.831869200000000530e-01	1.241100453857791219e+00
9.019019019019018923e-01	3.804645679051337659e+00	-4.342563999999999869e-01	1.436902571860817046e+00
9.029029029029028708e-01	3.802382773142884975e+00	-4.213059199999999449e-01	1.045298335854765615e+00
9.039039039039038492e-01	3.799478056774172163e+00	-3.047516000000000114e-01	1.600071003530005198e+00
9.049049049049049387e-01	3.795523493446395058e+00	-2.205734800000000162e-01	1.241100453857791219e+00
9.059059059059059171e-01	3.789795487965274656e+00	-1.752468000000000081e-01	1.795873121533031025e+00
9.069069069069068956e-01	3.783167912075460215e+00	1.253515999999999658e-02	1.306367826525466569e+00
9.079079079079078740e-01	3.777786534407524321e+00	2.003171200000000152e-01	1.143199394856278639e+00
9.089089089089088525e-01	3.772997938141731122e+00	2.715447599999999961e-01	8.821299041855775735e-01
9.099099099099099419e-01	3.766687371847353027e+00	3.298219200000001017e-01	5.557930408472013806e-01
9.109109109109109204e-01	3.760228753838426474e+00	5.111286400000001340e-01	2.294561775088249655e-01
9.119119119119118988e-01	3.756637625199913177e+00	7.118610800000001460e-01	3.926246091780131731e-01
9.129129129129128772e-01	3.755851091736153613e+00	8.672668400000000943e-01	-1.621480584972264660e-01
9.139139139139138557e-01	3.755272345246031929e+00	9.838211600000000834e-01	3.926246091780131731e-01
9.149149149149149451e-01	3.753068477159596572e+00	1.255781239999999910e+00	1.968224911749873740e-01
9.159159159159159236e-01	3.750095819580399947e+00	1.391761279999999878e+00	-6.424699949571360813e-02
9.169169169169169020e-01	3.748214808395244901e+00	1.333484120000000051e+00	9.892143217347457163e-02
9.179179179179178805e-01	3.747393325473539427e+00	1.346434599999999815e+00	-5.211186081694403338e-01
9.189189189189188589e-01	3.746665218363110395e+00	1.320533639999999842e+00	-2.926828038325769432e-01
9.199199199199199484e-01	3.746203219173844801e+00	1.294632679999999869e+00	-3.905838628340898566e-01
9.209209209209209268e-01	3.746598385012480659e+00	1.307583159999999856e+00	-4.558512355017650397e-01
9.219219219219219053e-01	3.747682796780175352e+00	1.203979319999999964e+00	2.294561775088249655e-01
9.229229229229228837e-01	3.748548975148392692e+00	1.106850720000000177e+00	1.641888048411497825e-01
9.239239239239238621e-01	3.748358991740576851e+00	8.931677999999999562e-01	2.947235501765002597e-01
9.249249249249249516e-01	3.747784888271858517e+00	7.960392000000000579e-01	5.884267271810389444e-01
9.259259259259259300e-01	3.748676732380929799e+00	3.492476399999999703e-01	2.620898638426626404e-01
9.269269269269269085e-01	3.751255174825022465e+00	4.140000400000000136e-01	7.515951588502269853e-01
9.279279279279278869e-01	3.753621292447244073e+00	1.938418799999999942e-01	5.884267271810389444e-01
9.289289289289288654e-01	3.755451849848800538e+00	1.808914000000000077e-01	7.842288451840646601e-01
9.299299299299299548e-01	3.758763119463544911e+00	-1.558210800000000007e-01	1.045298335854765615e+00
9.309309309309309333e-01	3.763601152067254763e+00	-2.982763600000000181e-01	1.404268885526979593e+00
9.319319319319319117e-01	3.768130790512404626e+00	-4.536821200000000776e-01	1.502169944528492396e+00
9.329329329329328901e-01	3.772398965543131588e+00	-5.572859600000000802e-01	1.502169944528492396e+00
9.339339339339339796e-01	3.777036793312026131e+00	-6.349888400000001099e-01	1.632704689863842651e+00
9.349349349349349581e-01	3.781716638578492162e+00	-5.443354799999999827e-01	1.534803630862329848e+00
9.359359359359359365e-01	3.786996027864124592e+00	-6.414640799999999921e-01	1.502169944528492396e+00
9.369369369369369149e-01	3.793121131008619695e+00	-6.738402799999999582e-01	1.632704689863842651e+00
9.379379379379378934e-01	3.798624739019432095e+00	-6.285136000000000056e-01	1.600071003530005198e+00
9.389389389389389828e-01	3.803193823528841389e+00	-6.285136000000000056e-01	1.632704689863842651e+00
9.399399399399399613e-01	3.807546913101707009e+00	-7.515431599999999879e-01	1.861140494200705930e+00
9.409409409409409397e-01	3.810806941815032989e+00	-7.062164799999999243e-01	1.730605748865355453e+00
9.419419419419419182e-01	3.812639013561828882e+00	-7.644936400000000853e-01	1.697972062531518000e+00
9.429429429429428966e-01	3.814436775098434040e+00	-7.256422000000000150e-01	1.697972062531518000e+00
9.439439439439439861e-01	3.816654719072066548e+00	-6.220383600000000124e-01	1.828506807866868478e+00
9.449449449449449645e-01	3.818498874306641255e+00	-7.321174399999998972e-01	1.600071003530005198e+00
9.459459459459459429e-01	3.819249891885578396e+00	-7.062164799999999243e-01	1.600071003530005198e+00
9.469469469469469214e-01	3.818932530389571589e+00	-6.867907599999999446e-01	1.567437317196167523e+00
9.479479479479478998e-01	3.818062968951403846e+00	-5.378602399999999895e-01	1.665338376197680104e+00
9.489489489489489893e-01	3.816450271833133900e+00	-6.155631200000000192e-01	1.534803630862329848e+00
9.499499499499499677e-01	3.813389424014371976e+00	-4.990087999999999191e-01	1.697972062531518000e+00
9.509509509509509462e-01	3.809164925912213562e+00	-5.767116799999999488e-01	1.469536258194654943e+00
9.519519519519519246e-01	3.804981622226589977e+00	-4.277811600000000491e-01	1.567437317196167523e+00
9.529529529529529031e-01	3.800996157052620283e+00	-4.213059199999999449e-01	1.339001512859304244e+00
9.539539539539539925e-01	3.796538965220193962e+00	-3.177020799999999978e-01	1.208466767523953767e+00
9.549549549549549710e-01	3.792058392601239447e+00	-2.205734800000000162e-01	1.241100453857791219e+00
9.559559559559559494e-01	3.787857919226879311e+00	-2.011477600000000088e-01	1.045298335854765615e+00
9.569569569569569278e-01	3.782763536630167511e+00	1.901039999999999675e-02	1.339001512859304244e+00
9.579579579579579063e-01	3.776460285224345181e+00	1.938418799999999942e-01	9.473972768532528121e-01
9.589589589589589957e-01	3.770525737359940344e+00	2.650695199999999474e-01	1.143199394856278639e+00
9.599599599599599742e-01	3.765709815096517143e+00	3.103962000000000110e-01	9.147635905194151373e-01
9.609609609609609526e-01	3.761248291666674959e+00	4.917029200000000433e-01	5.557930408472013806e-01
9.619619619619619311e-01	3.757138371449151748e+00	6.924353600000000553e-01	3.599909228441755538e-01
9.629629629629629095e-01	3.753878776408195783e+00	8.672668400000000943e-01	1.020373171961676869e-03
9.639639639639639990e-01	3.751572713641698975e+00	9.967716399999999588e-01	-3.253164901664145625e-01
9.649649649649649774e-01	3.750501144421175770e+00	1.236355520000000041e+00	9.892143217347457163e-02
9.659659659659659559e-01	3.750047621780540741e+00	1.411186999999999969e+00	-2.274154311649017046e-01
9.669669669669669343e-01	3.748864011556328535e+00	1.320533639999999842e+00	6.628774583963688294e-02
9.679679679679679127e-01	3.747200366727672982e+00	1.327008879999999946e+00	-3.161331316187596802e-02
9.689689689689690022e-01	3.746173687564902099e+00	1.314058399999999960e+00	-2.274154311649017046e-01
9.699699699699699806e-01	3.745736458589159046e+00	1.294632679999999869e+00	-3.161331316187596802e-02
9.709709709709709591e-01	3.745552944921162641e+00	1.281682200000000105e+00	-5.863859808371156834e-01
9.719719719719719375e-01	3.745658186454927652e+00	1.191028839999999978e+00	-1.947817448310640853e-01
9.729729729729729160e-01	3.746113236765936882e+00	1.080949760000000204e+00	-9.688068582955121355e-02
9.739739739739740054e-01	3.747591727398832173e+00	8.996430400000000605e-01	9.892143217347457163e-02
9.749749749749749839e-01	3.750063071779990764e+00	7.507125199999999943e-01	4.905256681795260310e-01
9.759759759759759623e-01	3.751959507037165409e+00	3.362971600000000394e-01	6.210604135148766192e-01
9.769769769769769407e-01	3.752567143606736710e+00	3.686733600000000055e-01	7.842288451840646601e-01
9.779779779779779192e-01	3.753091728308712405e+00	1.808914000000000077e-01	1.077932022188603289e+00
9.789789789789790087e-01	3.755338118808824621e+00	1.744161599999999868e-01	8.168625315179022239e-01
9.799799799799799871e-01	3.759494085068368907e+00	-1.881972800000000223e-01	1.273734140191629116e+00
9.809809809809809655e-01	3.763807924955268280e+00	-2.918011200000000249e-01	1.273734140191629116e+00
9.819819819819819440e-01	3.767619982741475138e+00	-4.342563999999999869e-01	1.241100453857791219e+00
9.829829829829829224e-01	3.772108414684891997e+00	-5.702364399999999556e-01	1.436902571860817046e+00
9.839839839839840119e-01	3.777697963473040765e+00	-6.349888400000001099e-01	1.404268885526979593e+00
9.849849849849849903e-01	3.783253170839913970e+00	-5.443354799999999827e-01	1.697972062531518000e+00
9.859859859859859688e-01	3.787721591818318245e+00	-6.479393199999999853e-01	1.697972062531518000e+00
9.869869869869869472e-01	3.791719687167155239e+00	-6.867907599999999446e-01	1.600071003530005198e+00
9.879879879879879256e-01	3.796955606852732590e+00	-6.220383600000000124e-01	1.697972062531518000e+00
9.889889889889890151e-01	3.803375110877248666e+00	-6.285136000000000056e-01	1.665338376197680104e+00
9.899899899899899935e-01	3.808472587849008661e+00	-7.321174399999998972e-01	1.534803630862329848e+00
9.909909909909909720e-01	3.811120661566057777e+00	-6.932660000000000489e-01	1.665338376197680104e+00
9.919919919919919504e-01	3.812935874394069558e+00	-7.774441199999999608e-01	1.632704689863842651e+00
9.929929929929930399e-01	3.814882235533488597e+00	-7.385926799999998904e-01	1.697972062531518000e+00
9.939939939939940183e-01	3.816456945620933183e+00	-6.220383600000000124e-01	1.665338376197680104e+00
9.949949949949949968e-01	3.817185102805029651e+00	-7.321174399999998972e-01	1.795873121533031025e+00
9.959959959959959752e-01	3.816794250040658198e+00	-6.997412400000000421e-01	1.632704689863842651e+00
9.969969969969969537e-01	3.815497078375880147e+00	-6.932660000000000489e-01	1.632704689863842651e+00
9.979979979979980431e-01	3.813758418585053267e+00	-5.378602399999999895e-01	1.665338376197680104e+00
9.989989989989990216e-01	3.812449737090929602e+00	-6.026126399999999217e-01	1.567437317196167523e+00
1.000000000000000000e+00	3.812399928011948269e+00	-5.378602399999999895e-01	1.502169944528492396e+00
