Time(s)\disp(mm)\Force(Lb)\Force(Lb)
0.000000000000000000e+00	3.733782496923828909e+00	2.881066480000000318e+00	-1.924367120524458352e+00
1.000200040008001603e-03	3.731896027551604433e+00	2.881066480000000318e+00	-2.218070297528996981e+00
2.000400080016003206e-03	3.730666463651704845e+00	2.868116000000000110e+00	-2.218070297528996981e+00
3.000600120024004593e-03	3.730670116421782811e+00	2.861640760000000228e+00	-2.185436611195159529e+00
4.000800160032006413e-03	3.731569910271826718e+00	2.887541720000000200e+00	-2.381238729198184689e+00
5.001000200040008233e-03	3.732598107593713355e+00	2.809838840000000282e+00	-2.413872415532022586e+00
6.001200240048009185e-03	3.733447040972569742e+00	2.783937880000000309e+00	-2.152802924861321632e+00
7.001400280056011005e-03	3.733965047710132712e+00	2.706235000000000390e+00	-2.348605042864347237e+00
8.001600320064012825e-03	3.733826141596037651e+00	2.796888360000000517e+00	-1.826466061522945328e+00
9.001800360072014645e-03	3.733035325568253793e+00	2.790413120000000191e+00	-1.859099747856782781e+00
1.000200040008001647e-02	3.732183473444099064e+00	2.783937880000000309e+00	-2.022268179525970933e+00
1.100220044008801829e-02	3.731392230294019008e+00	2.758036920000000336e+00	-1.891733434190620455e+00
1.200240048009601837e-02	3.730787761143951720e+00	2.732135959999999919e+00	-2.446506101865860039e+00
1.300260052010402019e-02	3.731307903492998790e+00	2.816314080000000164e+00	-2.054901865859808829e+00
1.400280056011202201e-02	3.732441148798075758e+00	2.654433080000000444e+00	-2.218070297528996981e+00
1.500300060012002383e-02	3.732620604143483067e+00	2.660908319999999883e+00	-2.250703983862834434e+00
1.600320064012802565e-02	3.732280089472180151e+00	2.609106400000000381e+00	-1.695931316187594851e+00
1.700340068013602574e-02	3.732355925910426198e+00	2.570254960000000199e+00	-1.859099747856782781e+00
1.800360072014402929e-02	3.732429413203299351e+00	2.635007360000000354e+00	-2.054901865859808829e+00
1.900380076015202938e-02	3.732631294658281362e+00	2.660908319999999883e+00	-1.793832375189107875e+00
2.000400080016003293e-02	3.733367241002220727e+00	2.570254960000000199e+00	-1.989634493192133702e+00
2.100420084016803302e-02	3.733752826693821358e+00	2.544354000000000227e+00	-1.859099747856782781e+00
2.200440088017603657e-02	3.733445438486660439e+00	2.576730200000000082e+00	-2.120169238527484179e+00
2.300460092018403666e-02	3.733439109171685200e+00	2.434274920000000009e+00	-2.054901865859808829e+00
2.400480096019203674e-02	3.733711136640839978e+00	2.673858800000000091e+00	-1.859099747856782781e+00
2.500500100020004030e-02	3.733363526839089008e+00	2.589680680000000734e+00	-1.957000806858295805e+00
2.600520104020804038e-02	3.732875105661193071e+00	2.576730200000000082e+00	-1.793832375189107875e+00
2.700540108021604394e-02	3.733294382926934496e+00	2.505502560000000045e+00	-1.826466061522945328e+00
2.800560112022404402e-02	3.734280171665413040e+00	2.272393919999999845e+00	-1.793832375189107875e+00
2.900580116023204758e-02	3.734621184162326468e+00	2.382473000000000063e+00	-1.826466061522945328e+00
3.000600120024004766e-02	3.734213005488571824e+00	2.408373960000000036e+00	-1.891733434190620455e+00
3.100620124024805122e-02	3.734256719530960389e+00	2.356572039999999646e+00	-1.924367120524458352e+00
3.200640128025605130e-02	3.734883647405140561e+00	2.375997759999999737e+00	-1.761198688855269978e+00
3.300660132026405486e-02	3.735116706083762228e+00	2.473126360000000190e+00	-1.891733434190620455e+00
3.400680136027205147e-02	3.735108739231921771e+00	2.369522519999999854e+00	-1.695931316187594851e+00
3.500700140028005503e-02	3.735339383977539285e+00	2.369522519999999854e+00	-1.826466061522945328e+00
3.600720144028805858e-02	3.735596612644274561e+00	2.337146319999999999e+00	-1.695931316187594851e+00
3.700740148029606214e-02	3.735652396351686999e+00	2.324195839999999791e+00	-1.695931316187594851e+00
3.800760152030405875e-02	3.734953346632985394e+00	2.272393919999999845e+00	-1.663297629853757176e+00
3.900780156031206231e-02	3.733551644213024545e+00	2.350096800000000208e+00	-1.663297629853757176e+00
4.000800160032006586e-02	3.733306936709146040e+00	2.252968199999999754e+00	-1.695931316187594851e+00
4.100820164032806248e-02	3.734970524082537047e+00	2.265918679999999963e+00	-1.728565002521432525e+00
4.200840168033606603e-02	3.736301463394640532e+00	2.194691039999999926e+00	-1.598030257186082048e+00
4.300860172034406959e-02	3.736085195872956177e+00	2.265918679999999963e+00	-1.695931316187594851e+00
4.400880176035207314e-02	3.735871466373042793e+00	2.129938640000000216e+00	-1.336960766515380872e+00
4.500900180036006976e-02	3.736341839559627065e+00	2.233542480000000108e+00	-1.598030257186082048e+00
4.600920184036807331e-02	3.736293277247006106e+00	2.214116760000000017e+00	-1.467495511850731349e+00
4.700940188037607687e-02	3.735360016508924019e+00	2.214116760000000017e+00	-1.761198688855269978e+00
4.800960192038407348e-02	3.735028764454691785e+00	2.149364359999999863e+00	-1.695931316187594851e+00
4.900980196039207704e-02	3.735976178547252502e+00	2.168790079999999953e+00	-1.598030257186082048e+00
5.001000200040008059e-02	3.737175897755396825e+00	2.155839599999999745e+00	-1.826466061522945328e+00
5.101020204040808415e-02	3.738279161947207996e+00	2.142889119999999981e+00	-9.453565305093293292e-01
5.201040208041608076e-02	3.738939297621401092e+00	2.227067239999999781e+00	-1.500129198184569024e+00
5.301060212042408432e-02	3.738063141816936330e+00	2.129938640000000216e+00	-1.434861825516893896e+00
5.401080216043208787e-02	3.736248030283113586e+00	2.006909079999999790e+00	-1.206426021180030395e+00
5.501100220044009143e-02	3.735383568338869420e+00	1.942156679999999858e+00	-1.500129198184569024e+00
5.601120224044808804e-02	3.735577836709167876e+00	2.006909079999999790e+00	-1.500129198184569024e+00
5.701140228045609160e-02	3.735786276170007802e+00	1.993958600000000025e+00	-1.565396570852244151e+00
5.801160232046409515e-02	3.736435777482039811e+00	1.909780479999999780e+00	-1.859099747856782781e+00
5.901180236047209177e-02	3.737722313520988937e+00	2.058711000000000180e+00	-1.173792334846192720e+00
6.001200240048009532e-02	3.738649169857715560e+00	2.000433839999999908e+00	-1.402228139183055999e+00
6.101220244048809888e-02	3.739085068461882155e+00	1.974532879999999935e+00	-1.108524962178517592e+00
6.201240248049610243e-02	3.738728917138577135e+00	1.890354760000000134e+00	-1.043257589510842243e+00
6.301260252050409905e-02	3.737336055764243881e+00	1.896830000000000016e+00	-1.304327080181543197e+00
6.401280256051210260e-02	3.736037041077737708e+00	1.883879520000000030e+00	-1.108524962178517592e+00
6.501300260052010616e-02	3.735594756420867579e+00	1.832077599999999862e+00	-1.467495511850731349e+00
6.601320264052810971e-02	3.736217796994379281e+00	1.857978559999999835e+00	-1.434861825516893896e+00
6.701340268053611327e-02	3.737755300020322746e+00	1.864453799999999939e+00	-1.271693393847705744e+00
6.801360272054410294e-02	3.739497848415112902e+00	1.825602359999999980e+00	-1.239059707513868069e+00
6.901380276055210650e-02	3.740751380074758714e+00	1.812651879999999993e+00	-1.108524962178517592e+00
7.001400280056011005e-02	3.740545669720816147e+00	1.838552839999999744e+00	-1.075891275844679917e+00
7.101420284056811361e-02	3.739014175605829937e+00	1.734948999999999852e+00	-1.173792334846192720e+00
7.201440288057611716e-02	3.737669533904822927e+00	1.747899480000000061e+00	-1.010623903177004790e+00
7.301460292058412072e-02	3.737241412636396198e+00	1.734948999999999852e+00	-1.304327080181543197e+00
7.401480296059212427e-02	3.737987774327552248e+00	1.676671840000000024e+00	-1.010623903177004790e+00
7.501500300060011395e-02	3.739578929763490933e+00	1.773800439999999812e+00	-1.434861825516893896e+00
7.601520304060811750e-02	3.740627178466911840e+00	1.579543240000000015e+00	-1.108524962178517592e+00
7.701540308061612106e-02	3.740708276848272895e+00	1.721998519999999866e+00	-1.010623903177004790e+00
7.801560312062412461e-02	3.740363266375551277e+00	1.624869920000000079e+00	-1.043257589510842243e+00
7.901580316063212817e-02	3.739958231511185893e+00	1.702572799999999775e+00	-9.453565305093293292e-01
8.001600320064013172e-02	3.740143690214225991e+00	1.469464160000000019e+00	-8.474554715078166378e-01
8.101620324064813528e-02	3.740820090159316713e+00	1.624869920000000079e+00	-1.010623903177004790e+00
8.201640328065612495e-02	3.740888703843667340e+00	1.547167039999999716e+00	-8.800891578416540906e-01
8.301660332066412851e-02	3.740580760756969436e+00	1.598968959999999884e+00	-1.075891275844679917e+00
8.401680336067213206e-02	3.740819975377697393e+00	1.508315599999999979e+00	-1.010623903177004790e+00
8.501700340068013562e-02	3.741154878522920946e+00	1.469464160000000019e+00	-9.453565305093293292e-01
8.601720344068813917e-02	3.741323687973945766e+00	1.501840359999999874e+00	-1.043257589510842243e+00
8.701740348069614273e-02	3.742131278478909806e+00	1.547167039999999716e+00	-8.148217851739789630e-01
8.801760352070414628e-02	3.743388273441644376e+00	1.547167039999999716e+00	-8.474554715078166378e-01
8.901780356071213596e-02	3.744062315275724195e+00	1.495365119999999770e+00	-8.800891578416540906e-01
9.001800360072013951e-02	3.743878734917122753e+00	1.229880280000000159e+00	-9.127228441754917654e-01
9.101820364072814307e-02	3.743208670557030437e+00	1.456513680000000033e+00	-8.148217851739789630e-01
9.201840368073614662e-02	3.743053157745904080e+00	1.424137479999999734e+00	-8.800891578416540906e-01
9.301860372074415018e-02	3.743890435782769366e+00	1.372335560000000010e+00	-7.495544125063037244e-01
9.401880376075215373e-02	3.744170737578258468e+00	1.346434599999999815e+00	-8.474554715078166378e-01
9.501900380076015729e-02	3.743162555436638339e+00	1.333484120000000051e+00	-6.190196671709531362e-01
9.601920384076814696e-02	3.742472612904699680e+00	1.450038439999999929e+00	-7.821880988401412882e-01
9.701940388077615052e-02	3.742666295138335375e+00	1.320533639999999842e+00	-5.211186081694403338e-01
9.801960392078415407e-02	3.743180226814997180e+00	1.475939400000000123e+00	-7.821880988401412882e-01
9.901980396079215763e-02	3.743862670984674956e+00	1.281682200000000105e+00	-6.842870398386284858e-01
1.000200040008001612e-01	3.743978089746249793e+00	1.184553600000000095e+00	-9.127228441754917654e-01
1.010202040408081647e-01	3.743871519643899859e+00	1.365860319999999906e+00	-1.108524962178517592e+00
1.020204040808161683e-01	3.745174141687400926e+00	1.242830760000000145e+00	-6.516533535047908110e-01
1.030206041208241718e-01	3.746803828991563723e+00	1.229880280000000159e+00	-8.800891578416540906e-01
1.040208041608321615e-01	3.746399876837813281e+00	1.249306000000000250e+00	-3.253164901664145625e-01
1.050210042008401651e-01	3.745091877413884607e+00	1.197504080000000082e+00	-6.842870398386284858e-01
1.060212042408481686e-01	3.745376612863017929e+00	9.967716399999999588e-01	-2.926828038325769432e-01
1.070214042808561722e-01	3.746576789523204276e+00	1.100375480000000072e+00	-4.232175491679274204e-01
1.080216043208641757e-01	3.746945039841894420e+00	1.191028839999999978e+00	-6.842870398386284858e-01
1.090218043608721793e-01	3.746906467313795286e+00	1.119801199999999941e+00	-5.863859808371156834e-01
1.100220044008801829e-01	3.746921296242133881e+00	1.061524040000000113e+00	-7.495544125063037244e-01
1.110222044408881725e-01	3.746788910180413712e+00	1.055048800000000009e+00	-7.821880988401412882e-01
1.120224044808961761e-01	3.747168041721559817e+00	1.061524040000000113e+00	-4.884849218356027145e-01
1.130226045209041796e-01	3.748000930619980853e+00	1.061524040000000113e+00	-4.884849218356027145e-01
1.140228045609121832e-01	3.748220378734373970e+00	1.029147840000000036e+00	-3.579501765002521818e-01
1.150230046009201867e-01	3.747537208554919896e+00	9.708706800000000969e-01	-2.274154311649017046e-01
1.160232046409281903e-01	3.746677743757283352e+00	8.866925599999999630e-01	-7.495544125063037244e-01
1.170234046809361939e-01	3.746598454216107044e+00	8.348906400000000172e-01	-2.600491174987393794e-01
1.180236047209441835e-01	3.747354017738179444e+00	9.902964000000000766e-01	-7.495544125063037244e-01
1.190238047609521871e-01	3.748512925164694032e+00	1.080949760000000204e+00	-6.516533535047908110e-01
1.200240048009601906e-01	3.749857141409116856e+00	9.773459200000000902e-01	-4.232175491679274204e-01
1.210242048409681942e-01	3.750510185260035989e+00	1.029147840000000036e+00	-4.558512355017650397e-01
1.220244048809761978e-01	3.750052878570127923e+00	1.042098320000000022e+00	-2.274154311649017046e-01
1.230246049209842013e-01	3.749993840617318774e+00	9.838211600000000834e-01	-1.295143721633888190e-01
1.240248049609922049e-01	3.751393464512345233e+00	9.384944800000000198e-01	-1.621480584972264660e-01
1.250250050010001945e-01	3.752767359238017963e+00	8.543163600000001079e-01	9.892143217347457163e-02
1.260252050410081981e-01	3.752354121426594968e+00	7.766134800000000782e-01	-3.253164901664145625e-01
1.270254050810162016e-01	3.750860634464331156e+00	7.571877599999999875e-01	-3.253164901664145625e-01
1.280256051210242052e-01	3.750267726578100813e+00	7.571877599999999875e-01	-3.905838628340898566e-01
1.290258051610322088e-01	3.751163910187054196e+00	8.025144400000000511e-01	-2.600491174987393794e-01
1.300260052010402123e-01	3.752625529026246021e+00	8.413658800000000104e-01	-1.295143721633888190e-01
1.310262052410482159e-01	3.753760046914009774e+00	7.377620400000000078e-01	-2.274154311649017046e-01
1.320264052810562194e-01	3.753946796063786895e+00	5.694058000000000730e-01	-6.424699949571360813e-02
1.330266053210642230e-01	3.752934348567210421e+00	6.600591600000000891e-01	-9.688068582955121355e-02
1.340268053610722265e-01	3.752024945689094171e+00	7.183363200000001392e-01	-2.926828038325769432e-01
1.350270054010802301e-01	3.752783335631440398e+00	7.507125199999999943e-01	-1.295143721633888190e-01
1.360272054410882059e-01	3.754707582030879287e+00	6.794848799999999578e-01	-1.947817448310640853e-01
1.370274054810962094e-01	3.756187822452601299e+00	6.212077200000000188e-01	-3.161331316187596802e-02
1.380276055211042130e-01	3.756424367522393393e+00	5.953067600000000459e-01	-6.424699949571360813e-02
1.390278055611122165e-01	3.755984444778283748e+00	6.535839199999999849e-01	-1.621480584972264660e-01
1.400280056011202201e-01	3.755986349679570679e+00	7.377620400000000078e-01	6.628774583963688294e-02
1.410282056411282237e-01	3.756309290292638270e+00	6.147324800000000256e-01	-6.424699949571360813e-02
1.420284056811362272e-01	3.756061315815128587e+00	5.240791200000000094e-01	-3.161331316187596802e-02
1.430286057211442308e-01	3.755399950310703616e+00	6.341582000000000052e-01	-3.161331316187596802e-02
1.440288057611522343e-01	3.755213181414735146e+00	6.535839199999999849e-01	-6.424699949571360813e-02
1.450290058011602379e-01	3.756349367538608597e+00	5.694058000000000730e-01	-3.161331316187596802e-02
1.460292058411682414e-01	3.758554310821800026e+00	5.953067600000000459e-01	-6.424699949571360813e-02
1.470294058811762450e-01	3.759925758451815536e+00	6.471086800000001027e-01	3.365405950579927752e-02
1.480296059211842485e-01	3.759428199096682466e+00	4.852276800000000501e-01	1.641888048411497825e-01
1.490298059611922521e-01	3.758426881491415461e+00	5.499800799999999823e-01	3.365405950579927752e-02
1.500300060012002279e-01	3.758370938909151082e+00	5.046534000000000297e-01	2.947235501765002597e-01
1.510302060412082314e-01	3.758825619761386960e+00	4.658019600000000704e-01	-9.688068582955121355e-02
1.520304060812162350e-01	3.758822479180236709e+00	3.427723999999999771e-01	6.628774583963688294e-02
1.530306061212242386e-01	3.758768422531825415e+00	3.362971600000000394e-01	-9.688068582955121355e-02
1.540308061612322421e-01	3.759679564030865340e+00	4.140000400000000136e-01	-6.424699949571360813e-02
1.550310062012402457e-01	3.761221933928835526e+00	4.917029200000000433e-01	1.641888048411497825e-01
1.560312062412482492e-01	3.762449068954707876e+00	3.945743200000000339e-01	-1.947817448310640853e-01
1.570314062812562528e-01	3.763285171373738081e+00	4.269505200000000000e-01	5.231593545133637058e-01
1.580316063212642563e-01	3.763374774018163116e+00	4.528514799999999729e-01	3.273572365103378790e-01
1.590318063612722599e-01	3.762670277615102421e+00	6.147324800000000256e-01	3.273572365103378790e-01
1.600320064012802634e-01	3.762578237582421714e+00	4.075248000000000759e-01	4.578919818456884672e-01
1.610322064412882670e-01	3.763460047292143340e+00	3.880990800000000407e-01	9.892143217347457163e-02
1.620324064812962706e-01	3.763922684843806543e+00	3.492476399999999703e-01	6.628774583963688294e-02
1.630326065213042741e-01	3.763518100137887235e+00	2.197428399999999948e-01	9.892143217347457163e-02
1.640328065613122499e-01	3.763343381150201061e+00	2.909704799999999758e-01	-6.424699949571360813e-02
1.650330066013202535e-01	3.764052724246119919e+00	3.168714400000000042e-01	4.252582955118507924e-01
1.660332066413282570e-01	3.765474756050444238e+00	3.103962000000000110e-01	3.926246091780131731e-01
1.670334066813362606e-01	3.766641414760066642e+00	2.780200000000000449e-01	5.231593545133637058e-01
1.680336067213442641e-01	3.765811141790642580e+00	1.679409199999999935e-01	5.884267271810389444e-01
1.690338067613522677e-01	3.763956334446078245e+00	3.233466799999999974e-01	2.294561775088249655e-01
1.700340068013602712e-01	3.764170518738819027e+00	2.650695199999999474e-01	3.599909228441755538e-01
1.710342068413682748e-01	3.765769149797880910e+00	3.233466799999999974e-01	1.968224911749873740e-01
1.720344068813762783e-01	3.766150672440733871e+00	2.650695199999999474e-01	1.641888048411497825e-01
1.730346069213842819e-01	3.765940892299753706e+00	1.679409199999999935e-01	2.620898638426626404e-01
1.740348069613922855e-01	3.766782993869373986e+00	1.938418799999999942e-01	3.926246091780131731e-01
1.750350070014002890e-01	3.768115754515930504e+00	1.549904400000000071e-01	6.210604135148766192e-01
1.760352070414082926e-01	3.768536110464449695e+00	2.003171200000000152e-01	6.863277861825517467e-01
1.770354070814162961e-01	3.768276525594918880e+00	1.485152000000000139e-01	2.620898638426626404e-01
1.780356071214242719e-01	3.768257710053667608e+00	7.728756000000000514e-02	2.620898638426626404e-01
1.790358071614322755e-01	3.768482458624294207e+00	2.197428399999999948e-01	9.892143217347457163e-02
1.800360072014402790e-01	3.769011351353152683e+00	9.671327999999999869e-02	4.252582955118507924e-01
1.810362072414482826e-01	3.769595155658663099e+00	1.031885200000000058e-01	3.599909228441755538e-01
1.820364072814562861e-01	3.769786036546245889e+00	1.355647199999999997e-01	3.599909228441755538e-01
1.830366073214642897e-01	3.770240239291904327e+00	6.433707999999999094e-02	6.210604135148766192e-01
1.840368073614722932e-01	3.771075127527157456e+00	5.786183999999999772e-02	5.231593545133637058e-01
1.850370074014802968e-01	3.771111528467177898e+00	-4.574200000000000488e-02	4.905256681795260310e-01
1.860372074414883004e-01	3.770093095317427423e+00	1.253515999999999658e-02	5.557930408472013806e-01
1.870374074814963039e-01	3.769420486931644554e+00	7.728756000000000514e-02	5.231593545133637058e-01
1.880376075215043075e-01	3.770514420445547632e+00	-4.153200000000037417e-04	5.231593545133637058e-01
1.890378075615123110e-01	3.772840958960482993e+00	-1.336580000000000407e-02	5.557930408472013806e-01
1.900380076015203146e-01	3.773986634465775758e+00	-1.104944000000000065e-01	4.578919818456884672e-01
1.910382076415283181e-01	3.773245343209994829e+00	-5.869248000000000520e-02	4.905256681795260310e-01
1.920384076815362939e-01	3.772804555533163295e+00	1.901039999999999675e-02	4.905256681795260310e-01
1.930386077215442975e-01	3.773253053693176096e+00	-1.336580000000000407e-02	7.842288451840646601e-01
1.940388077615523010e-01	3.773079393389131564e+00	-7.164296000000000553e-02	5.557930408472013806e-01
1.950390078015603046e-01	3.772802406544572218e+00	-1.169696400000000136e-01	6.536940998487140719e-01
1.960392078415683081e-01	3.773448800615802234e+00	-5.869248000000000520e-02	7.842288451840646601e-01
1.970394078815763117e-01	3.773825868093278135e+00	-5.869248000000000520e-02	5.557930408472013806e-01
1.980396079215843153e-01	3.773466585689424058e+00	-7.164296000000000553e-02	5.884267271810389444e-01
1.990398079615923188e-01	3.773990233958738116e+00	-4.153200000000037417e-04	7.189614725163894215e-01
2.000400080016003224e-01	3.775499534310629457e+00	3.196087999999999707e-02	6.536940998487140719e-01
2.010402080416083259e-01	3.776162354366619400e+00	3.843611999999999723e-02	9.800309631870904870e-01
2.020404080816163295e-01	3.775829388957824495e+00	-9.754392000000000618e-02	6.863277861825517467e-01
2.030406081216243330e-01	3.775510597501923193e+00	-1.169696400000000136e-01	8.821299041855775735e-01
2.040408081616323366e-01	3.775162734172933465e+00	-1.817220400000000013e-01	5.884267271810389444e-01
2.050410082016403401e-01	3.774739951992605036e+00	-1.234448800000000068e-01	6.210604135148766192e-01
2.060412082416483437e-01	3.774651031085727304e+00	-5.869248000000000520e-02	5.884267271810389444e-01
2.070414082816563195e-01	3.774997449333990840e+00	-1.428706000000000143e-01	3.926246091780131731e-01
2.080416083216643230e-01	3.775878838104245627e+00	-1.817220400000000013e-01	8.168625315179022239e-01
2.090418083616723266e-01	3.777568532514474775e+00	-2.594249200000000033e-01	4.905256681795260310e-01
2.100420084016803302e-01	3.779059964238784097e+00	-2.529496800000000101e-01	9.800309631870904870e-01
2.110422084416883337e-01	3.778611644687581705e+00	-9.754392000000000618e-02	9.147635905194151373e-01
2.120424084816963373e-01	3.777145219870178039e+00	-2.076230000000000020e-01	8.821299041855775735e-01
2.130426085217043408e-01	3.776472731907418723e+00	-2.140982399999999952e-01	9.147635905194151373e-01
2.140428085617123444e-01	3.776252650218701046e+00	-2.076230000000000020e-01	6.210604135148766192e-01
2.150430086017203479e-01	3.776554120397107361e+00	-1.622963199999999939e-01	5.557930408472013806e-01
2.160432086417283515e-01	3.777668324487080120e+00	-3.306525599999999843e-01	7.189614725163894215e-01
2.170434086817363550e-01	3.779041057669010328e+00	-2.918011200000000249e-01	4.252582955118507924e-01
2.180436087217443586e-01	3.780939469116591845e+00	-2.464744400000000168e-01	1.045298335854765615e+00
2.190438087617523621e-01	3.782437865005046529e+00	-2.982763600000000181e-01	1.012664649520927940e+00
2.200440088017603657e-01	3.781642168247763891e+00	-3.500782800000000750e-01	9.800309631870904870e-01
2.210442088417683415e-01	3.779642614033806858e+00	-1.622963199999999939e-01	9.800309631870904870e-01
2.220444088817763451e-01	3.779172961410440124e+00	-3.241773200000000466e-01	5.884267271810389444e-01
2.230446089217843486e-01	3.780471981077160759e+00	-3.177020799999999978e-01	8.168625315179022239e-01
2.240448089617923522e-01	3.781576527285031464e+00	-3.630287599999999504e-01	8.168625315179022239e-01
2.250450090018003557e-01	3.781636451507758512e+00	-3.695039999999999436e-01	8.494962178517398987e-01
2.260452090418083593e-01	3.781333314892989961e+00	-3.889297199999999788e-01	8.168625315179022239e-01
2.270454090818163628e-01	3.781347460749646672e+00	-4.018802000000000207e-01	9.473972768532528121e-01
2.280456091218243664e-01	3.782061734230384165e+00	-3.112268400000000046e-01	1.077932022188603289e+00
2.290458091618323699e-01	3.782753290297586446e+00	-3.630287599999999504e-01	1.045298335854765615e+00
2.300460092018403735e-01	3.782116207747412417e+00	-3.954049599999999165e-01	8.494962178517398987e-01
2.310462092418483770e-01	3.781298147207019955e+00	-5.378602399999999895e-01	1.012664649520927940e+00
2.320464092818563806e-01	3.782733658167589219e+00	-2.659001599999999965e-01	6.863277861825517467e-01
2.330466093218643842e-01	3.785277754482997192e+00	-3.759792400000000478e-01	8.494962178517398987e-01
2.340468093618723877e-01	3.785665325568458695e+00	-3.630287599999999504e-01	9.800309631870904870e-01
2.350470094018803635e-01	3.784600495094322170e+00	-4.148306800000000072e-01	8.494962178517398987e-01
2.360472094418883671e-01	3.785021334770335866e+00	-5.249097599999998920e-01	7.189614725163894215e-01
2.370474094818963706e-01	3.786357155010136477e+00	-4.601573600000000153e-01	9.473972768532528121e-01
2.380476095219043742e-01	3.786789967588073402e+00	-4.601573600000000153e-01	9.800309631870904870e-01
2.390478095619123777e-01	3.786530720062363908e+00	-3.500782800000000750e-01	1.045298335854765615e+00
2.400480096019203813e-01	3.786022071208342776e+00	-4.860583200000000437e-01	9.473972768532528121e-01
2.410482096419283848e-01	3.785405380692924204e+00	-3.824544800000000411e-01	9.800309631870904870e-01
2.420484096819363884e-01	3.785515394949507062e+00	-5.637612000000000734e-01	8.821299041855775735e-01
2.430486097219443919e-01	3.786965719278113873e+00	-4.731078399999999462e-01	8.821299041855775735e-01
2.440488097619523955e-01	3.788486993452380158e+00	-4.925335599999999814e-01	1.110565708522440964e+00
2.450490098019603991e-01	3.788765292294858256e+00	-4.536821200000000776e-01	9.473972768532528121e-01
2.460492098419684026e-01	3.788727542721249009e+00	-4.601573600000000153e-01	1.143199394856278639e+00
2.470494098819764062e-01	3.788952847057254658e+00	-6.285136000000000056e-01	1.045298335854765615e+00
2.480496099219844097e-01	3.788494425754517447e+00	-4.731078399999999462e-01	1.077932022188603289e+00
2.490498099619923855e-01	3.787700656325871051e+00	-5.054840400000000233e-01	9.800309631870904870e-01
2.500500100020003891e-01	3.787979867426292113e+00	-5.249097599999998920e-01	1.077932022188603289e+00
2.510502100420083926e-01	3.789171757942683794e+00	-5.119592800000000166e-01	1.045298335854765615e+00
2.520504100820163962e-01	3.790463978932503863e+00	-4.536821200000000776e-01	1.143199394856278639e+00
2.530506101220243997e-01	3.791633604131634083e+00	-4.666325999999999530e-01	1.077932022188603289e+00
2.540508101620324033e-01	3.791964621390992107e+00	-5.378602399999999895e-01	1.339001512859304244e+00
2.550510102020404068e-01	3.791282178548650350e+00	-6.220383600000000124e-01	1.110565708522440964e+00
2.560512102420484104e-01	3.790512920292286925e+00	-5.961373999999999285e-01	1.273734140191629116e+00
2.570514102820564140e-01	3.790092530427731088e+00	-5.184345200000000098e-01	9.800309631870904870e-01
2.580516103220644175e-01	3.790195285557202087e+00	-4.990087999999999191e-01	1.045298335854765615e+00
2.590518103620724211e-01	3.790891001297274077e+00	-5.508107199999999759e-01	9.800309631870904870e-01
2.600520104020804246e-01	3.791880084206680213e+00	-5.313849999999999962e-01	8.168625315179022239e-01
2.610522104420884282e-01	3.793144312210023461e+00	-5.637612000000000734e-01	1.339001512859304244e+00
2.620524104820964317e-01	3.794634258492946000e+00	-7.062164799999999243e-01	1.110565708522440964e+00
2.630526105221044353e-01	3.795553084461380067e+00	-5.702364399999999556e-01	1.469536258194654943e+00
2.640528105621124388e-01	3.794824233583007356e+00	-6.026126399999999217e-01	1.436902571860817046e+00
2.650530106021204424e-01	3.793065182348278164e+00	-5.637612000000000734e-01	1.241100453857791219e+00
2.660532106421284460e-01	3.792602919616110846e+00	-6.026126399999999217e-01	1.175833081190116092e+00
2.670534106821364495e-01	3.793874846757352870e+00	-5.767116799999999488e-01	9.147635905194151373e-01
2.680536107221444531e-01	3.794868207739121591e+00	-6.673650399999999649e-01	9.800309631870904870e-01
2.690538107621524566e-01	3.794850184135489801e+00	-6.220383600000000124e-01	1.208466767523953767e+00
2.700540108021604602e-01	3.795206768986128854e+00	-6.026126399999999217e-01	1.012664649520927940e+00
2.710542108421684082e-01	3.796552049756292124e+00	-6.479393199999999853e-01	1.436902571860817046e+00
2.720544108821764118e-01	3.797600956820041951e+00	-6.220383600000000124e-01	1.404268885526979593e+00
2.730546109221844153e-01	3.797074494671520917e+00	-5.831869200000000530e-01	1.208466767523953767e+00
2.740548109621924189e-01	3.795442600017602697e+00	-6.285136000000000056e-01	1.469536258194654943e+00
2.750550110022004224e-01	3.794747025848955069e+00	-6.867907599999999446e-01	1.012664649520927940e+00
2.760552110422084260e-01	3.795962287839888205e+00	-6.220383600000000124e-01	1.273734140191629116e+00
2.770554110822164295e-01	3.797316773280811741e+00	-7.191669600000000218e-01	1.045298335854765615e+00
2.780556111222244331e-01	3.797511583998223639e+00	-7.644936400000000853e-01	9.473972768532528121e-01
2.790558111622324367e-01	3.797607444390156850e+00	-7.126917200000000285e-01	1.469536258194654943e+00
2.800560112022404402e-01	3.798568739814235151e+00	-6.932660000000000489e-01	1.273734140191629116e+00
2.810562112422484438e-01	3.799984513741192504e+00	-6.414640799999999921e-01	1.241100453857791219e+00
2.820564112822564473e-01	3.800712773918268450e+00	-7.126917200000000285e-01	1.534803630862329848e+00
2.830566113222644509e-01	3.800485824263290180e+00	-7.515431599999999879e-01	1.012664649520927940e+00
2.840568113622724544e-01	3.800173100355974665e+00	-7.709688800000000786e-01	1.339001512859304244e+00
2.850570114022804580e-01	3.800119024358890485e+00	-6.803155199999999514e-01	1.110565708522440964e+00
2.860572114422884615e-01	3.800430752195838924e+00	-7.321174399999998972e-01	1.110565708522440964e+00
2.870574114822964651e-01	3.800982157833317387e+00	-7.903945999999999472e-01	1.208466767523953767e+00
2.880576115223044686e-01	3.801097225578684569e+00	-7.515431599999999879e-01	1.273734140191629116e+00
2.890578115623124722e-01	3.801188289470375903e+00	-6.349888400000001099e-01	1.339001512859304244e+00
2.900580116023204758e-01	3.801858866020964456e+00	-7.515431599999999879e-01	1.371635199193141919e+00
2.910582116423284793e-01	3.802433787893081174e+00	-6.673650399999999649e-01	1.371635199193141919e+00
2.920584116823364829e-01	3.802477037993528430e+00	-6.608898000000000827e-01	1.404268885526979593e+00
2.930586117223444864e-01	3.802281864588622273e+00	-7.062164799999999243e-01	1.273734140191629116e+00
2.940588117623524900e-01	3.802188142865218445e+00	-6.803155199999999514e-01	1.175833081190116092e+00
2.950590118023604935e-01	3.802784261422539114e+00	-8.357212800000000108e-01	1.273734140191629116e+00
2.960592118423684971e-01	3.804139697092383088e+00	-7.385926799999998904e-01	1.208466767523953767e+00
2.970594118823765006e-01	3.804939936302716763e+00	-6.997412400000000421e-01	1.371635199193141919e+00
2.980596119223845042e-01	3.804428242875883992e+00	-6.803155199999999514e-01	1.273734140191629116e+00
2.990598119623924522e-01	3.804048821635785060e+00	-6.544145599999999785e-01	1.339001512859304244e+00
3.000600120024004558e-01	3.804927191097070338e+00	-8.033450799999999337e-01	1.339001512859304244e+00
3.010602120424084593e-01	3.805567123897455328e+00	-7.450679199999999947e-01	1.404268885526979593e+00
3.020604120824164629e-01	3.804990377705929738e+00	-7.450679199999999947e-01	1.208466767523953767e+00
3.030606121224244665e-01	3.804875623863200662e+00	-7.709688800000000786e-01	1.306367826525466569e+00
3.040608121624324700e-01	3.805785020691325293e+00	-8.292460400000000176e-01	1.241100453857791219e+00
3.050610122024404736e-01	3.806669966377187464e+00	-7.774441199999999608e-01	1.436902571860817046e+00
3.060612122424484771e-01	3.807644819609051101e+00	-7.903945999999999472e-01	1.306367826525466569e+00
3.070614122824564807e-01	3.808304387345701425e+00	-7.644936400000000853e-01	1.600071003530005198e+00
3.080616123224644842e-01	3.807400359135482582e+00	-7.903945999999999472e-01	1.339001512859304244e+00
3.090618123624724878e-01	3.805903428749197293e+00	-8.357212800000000108e-01	1.436902571860817046e+00
3.100620124024804913e-01	3.806170967629297852e+00	-7.903945999999999472e-01	1.208466767523953767e+00
3.110622124424884949e-01	3.807802138771398504e+00	-7.774441199999999608e-01	1.175833081190116092e+00
3.120624124824964984e-01	3.807937289130890246e+00	-8.227708000000000244e-01	1.175833081190116092e+00
3.130626125225045020e-01	3.807174391533394431e+00	-8.162955600000000311e-01	1.045298335854765615e+00
3.140628125625125056e-01	3.808605016785957531e+00	-8.098203199999999269e-01	1.502169944528492396e+00
3.150630126025205091e-01	3.810714875798958623e+00	-7.709688800000000786e-01	1.404268885526979593e+00
3.160632126425285127e-01	3.810359528222788672e+00	-9.069489200000000473e-01	1.795873121533031025e+00
3.170634126825365162e-01	3.808499536900717519e+00	-8.292460400000000176e-01	1.697972062531518000e+00
3.180636127225445198e-01	3.807528286245435822e+00	-8.227708000000000244e-01	1.339001512859304244e+00
3.190638127625525233e-01	3.808214820866162142e+00	-8.680974800000000879e-01	1.339001512859304244e+00
3.200640128025605269e-01	3.809379539794801151e+00	-8.292460400000000176e-01	1.175833081190116092e+00
3.210642128425685304e-01	3.809629389682124945e+00	-9.069489200000000473e-01	1.143199394856278639e+00
3.220644128825765340e-01	3.809466814774665089e+00	-7.644936400000000853e-01	1.404268885526979593e+00
3.230646129225845375e-01	3.809790247119603013e+00	-8.875231999999999566e-01	1.306367826525466569e+00
3.240648129625925411e-01	3.810437333065594512e+00	-8.486717599999999972e-01	1.632704689863842651e+00
3.250650130026005447e-01	3.810755955398255512e+00	-9.134241599999999295e-01	1.567437317196167523e+00
3.260652130426085482e-01	3.810381436349240758e+00	-8.745727199999999701e-01	1.534803630862329848e+00
3.270654130826165518e-01	3.809818980868079574e+00	-8.292460400000000176e-01	1.502169944528492396e+00
3.280656131226244998e-01	3.809746298356436522e+00	-8.162955600000000311e-01	1.143199394856278639e+00
3.290658131626325034e-01	3.810293342621132062e+00	-7.968698400000000515e-01	1.306367826525466569e+00
3.300660132026405069e-01	3.811103956740008680e+00	-8.421965199999998930e-01	1.241100453857791219e+00
3.310662132426485105e-01	3.811729568352475006e+00	-7.968698400000000515e-01	1.339001512859304244e+00
3.320664132826565140e-01	3.811956698730075477e+00	-8.421965199999998930e-01	1.567437317196167523e+00
3.330666133226645176e-01	3.811837761939933511e+00	-8.162955600000000311e-01	1.469536258194654943e+00
3.340668133626725211e-01	3.812173431845066407e+00	-9.004736800000000541e-01	1.469536258194654943e+00
3.350670134026805247e-01	3.813097796403321027e+00	-8.875231999999999566e-01	1.893774180534543827e+00
3.360672134426885282e-01	3.813365712884534187e+00	-7.968698400000000515e-01	1.339001512859304244e+00
3.370674134826965318e-01	3.812956594904366892e+00	-9.393251199999999024e-01	1.502169944528492396e+00
3.380676135227045354e-01	3.812686136971693340e+00	-8.227708000000000244e-01	1.306367826525466569e+00
3.390678135627125389e-01	3.812543769434700636e+00	-9.198994000000000337e-01	1.371635199193141919e+00
3.400680136027205425e-01	3.812225889689788705e+00	-8.033450799999999337e-01	1.436902571860817046e+00
3.410682136427285460e-01	3.811816502032175702e+00	-1.010552759999999939e+00	1.273734140191629116e+00
3.420684136827365496e-01	3.812321527574576319e+00	-8.227708000000000244e-01	1.567437317196167523e+00
3.430686137227445531e-01	3.814083865627380554e+00	-8.875231999999999566e-01	1.469536258194654943e+00
3.440688137627525567e-01	3.815553369267243422e+00	-8.745727199999999701e-01	1.436902571860817046e+00
3.450690138027605602e-01	3.815424993766469264e+00	-9.393251199999999024e-01	1.110565708522440964e+00
3.460692138427685638e-01	3.814466500683594941e+00	-8.162955600000000311e-01	1.436902571860817046e+00
3.470694138827765673e-01	3.814310771065301697e+00	-1.017028000000000043e+00	1.404268885526979593e+00
3.480696139227845709e-01	3.815246804203206388e+00	-8.745727199999999701e-01	1.469536258194654943e+00
3.490698139627925745e-01	3.816309557413740450e+00	-8.745727199999999701e-01	1.339001512859304244e+00
3.500700140028005780e-01	3.816669984248405534e+00	-9.458003599999998956e-01	1.567437317196167523e+00
3.510702140428085816e-01	3.816303682612583348e+00	-8.292460400000000176e-01	1.436902571860817046e+00
3.520704140828165851e-01	3.815714154756298715e+00	-8.098203199999999269e-01	1.469536258194654943e+00
3.530706141228245887e-01	3.815176500500955914e+00	-9.134241599999999295e-01	1.241100453857791219e+00
3.540708141628325922e-01	3.815007819084518914e+00	-9.911270399999999592e-01	1.371635199193141919e+00
3.550710142028405958e-01	3.815254624532917749e+00	-9.458003599999998956e-01	1.436902571860817046e+00
3.560712142428485438e-01	3.815183530028086523e+00	-8.292460400000000176e-01	1.436902571860817046e+00
3.570714142828565474e-01	3.815076707022904134e+00	-7.709688800000000786e-01	1.436902571860817046e+00
3.580716143228645509e-01	3.815671955468329823e+00	-8.357212800000000108e-01	1.632704689863842651e+00
3.590718143628725545e-01	3.816066088051024874e+00	-8.421965199999998930e-01	1.469536258194654943e+00
3.600720144028805580e-01	3.815911113602784344e+00	-8.421965199999998930e-01	1.567437317196167523e+00
3.610722144428885616e-01	3.816162207401402551e+00	-9.781765600000000838e-01	1.339001512859304244e+00
3.620724144828965652e-01	3.816496805645421375e+00	-9.393251199999999024e-01	1.600071003530005198e+00
3.630726145229045687e-01	3.816268821130754052e+00	-9.458003599999998956e-01	1.339001512859304244e+00
3.640728145629125723e-01	3.816088916974619938e+00	-9.134241599999999295e-01	1.175833081190116092e+00
3.650730146029205758e-01	3.816369374834139627e+00	-8.810479599999999634e-01	1.404268885526979593e+00
3.660732146429285794e-01	3.817114201526928596e+00	-1.023503240000000147e+00	1.175833081190116092e+00
3.670734146829365829e-01	3.818168505174087013e+00	-9.328498800000000202e-01	1.730605748865355453e+00
3.680736147229445865e-01	3.818897581752707993e+00	-9.198994000000000337e-01	1.502169944528492396e+00
3.690738147629525900e-01	3.818982145449191901e+00	-9.328498800000000202e-01	1.697972062531518000e+00
3.700740148029605936e-01	3.818044636434031691e+00	-9.069489200000000473e-01	1.600071003530005198e+00
3.710742148429685972e-01	3.816482950607964941e+00	-8.875231999999999566e-01	1.469536258194654943e+00
3.720744148829766007e-01	3.816360795541089423e+00	-8.551469999999999905e-01	1.371635199193141919e+00
3.730746149229846043e-01	3.818119147932175661e+00	-9.522755999999999998e-01	1.273734140191629116e+00
3.740748149629926078e-01	3.819789587348587201e+00	-8.939984399999999498e-01	1.110565708522440964e+00
3.750750150030006114e-01	3.820001068556706070e+00	-9.134241599999999295e-01	1.534803630862329848e+00
3.760752150430086149e-01	3.819300496853680116e+00	-8.680974800000000879e-01	1.600071003530005198e+00
3.770754150830166185e-01	3.818782323503490783e+00	-8.551469999999999905e-01	1.763239435199193128e+00
3.780756151230246220e-01	3.817969892585758362e+00	-8.551469999999999905e-01	1.730605748865355453e+00
3.790758151630326256e-01	3.816685674329424849e+00	-9.393251199999999024e-01	1.502169944528492396e+00
3.800760152030406291e-01	3.816406343529755496e+00	-9.263746400000000270e-01	1.567437317196167523e+00
3.810762152430486327e-01	3.817102627549114668e+00	-9.328498800000000202e-01	1.143199394856278639e+00
3.820764152830566363e-01	3.817918332405122683e+00	-1.023503240000000147e+00	1.306367826525466569e+00
3.830766153230646398e-01	3.819206623694650471e+00	-1.029978480000000030e+00	1.404268885526979593e+00
3.840768153630725879e-01	3.820446213367359345e+00	-9.458003599999998956e-01	1.241100453857791219e+00
3.850770154030805914e-01	3.820383735909531620e+00	-9.134241599999999295e-01	1.534803630862329848e+00
3.860772154430885950e-01	3.819657691886101603e+00	-9.263746400000000270e-01	1.763239435199193128e+00
3.870774154830965985e-01	3.819580620773412427e+00	-9.393251199999999024e-01	1.404268885526979593e+00
3.880776155231046021e-01	3.819351873521803054e+00	-9.328498800000000202e-01	1.730605748865355453e+00
3.890778155631126056e-01	3.818204066796027529e+00	-9.652260799999999863e-01	1.110565708522440964e+00
3.900780156031206092e-01	3.817793528039503670e+00	-9.198994000000000337e-01	1.436902571860817046e+00
3.910782156431286127e-01	3.818902951497753051e+00	-9.328498800000000202e-01	1.371635199193141919e+00
3.920784156831366163e-01	3.819922220428766391e+00	-9.263746400000000270e-01	1.339001512859304244e+00
3.930786157231446198e-01	3.820267974414140788e+00	-9.522755999999999998e-01	1.436902571860817046e+00
3.940788157631526234e-01	3.820417387593670000e+00	-9.198994000000000337e-01	1.502169944528492396e+00
3.950790158031606270e-01	3.819742506512784352e+00	-9.587508399999999931e-01	1.567437317196167523e+00
3.960792158431686305e-01	3.818663113934469777e+00	-8.745727199999999701e-01	1.567437317196167523e+00
3.970794158831766341e-01	3.819021224714925999e+00	-8.875231999999999566e-01	1.502169944528492396e+00
3.980796159231846376e-01	3.820330034426068444e+00	-1.036453719999999912e+00	1.502169944528492396e+00
3.990798159631926412e-01	3.820528961683951508e+00	-9.263746400000000270e-01	1.404268885526979593e+00
4.000800160032006447e-01	3.819609984004503911e+00	-9.198994000000000337e-01	1.339001512859304244e+00
4.010802160432086483e-01	3.818894665106619790e+00	-9.069489200000000473e-01	1.632704689863842651e+00
4.020804160832166518e-01	3.818917944322810509e+00	-9.004736800000000541e-01	1.436902571860817046e+00
4.030806161232246554e-01	3.819665508732751125e+00	-9.198994000000000337e-01	1.502169944528492396e+00
4.040808161632326589e-01	3.820444811115053074e+00	-9.263746400000000270e-01	1.502169944528492396e+00
4.050810162032406625e-01	3.820020165272777213e+00	-9.069489200000000473e-01	1.567437317196167523e+00
4.060812162432486661e-01	3.818666493482250068e+00	-9.263746400000000270e-01	1.502169944528492396e+00
4.070814162832566696e-01	3.817957737836357612e+00	-9.263746400000000270e-01	1.469536258194654943e+00
4.080816163232646732e-01	3.818609622758257327e+00	-9.069489200000000473e-01	1.436902571860817046e+00
4.090818163632726767e-01	3.819941380756410876e+00	-9.134241599999999295e-01	1.436902571860817046e+00
4.100820164032806803e-01	3.820729164735022998e+00	-9.328498800000000202e-01	1.339001512859304244e+00
4.110822164432886838e-01	3.820974571260822295e+00	-9.198994000000000337e-01	1.632704689863842651e+00
4.120824164832966874e-01	3.821450470476333461e+00	-9.134241599999999295e-01	1.502169944528492396e+00
4.130826165233046354e-01	3.821155339612992918e+00	-9.134241599999999295e-01	1.632704689863842651e+00
4.140828165633126390e-01	3.819184871201058762e+00	-9.134241599999999295e-01	1.306367826525466569e+00
4.150830166033206425e-01	3.817364828135820787e+00	-9.198994000000000337e-01	1.469536258194654943e+00
4.160832166433286461e-01	3.817002763373738894e+00	-8.939984399999999498e-01	1.241100453857791219e+00
4.170834166833366496e-01	3.817345532040195000e+00	-9.134241599999999295e-01	1.175833081190116092e+00
4.180836167233446532e-01	3.818142967305144353e+00	-9.587508399999999931e-01	1.436902571860817046e+00
4.190838167633526568e-01	3.819579109231387104e+00	-9.328498800000000202e-01	1.273734140191629116e+00
4.200840168033606603e-01	3.821011050412861820e+00	-9.263746400000000270e-01	1.926407866868381280e+00
4.210842168433686639e-01	3.821251339917517420e+00	-8.939984399999999498e-01	1.469536258194654943e+00
4.220844168833766674e-01	3.820225811862419274e+00	-9.069489200000000473e-01	1.697972062531518000e+00
4.230846169233846710e-01	3.819020643767983447e+00	-8.616222399999999837e-01	1.665338376197680104e+00
4.240848169633926745e-01	3.817887382908007776e+00	-8.875231999999999566e-01	1.306367826525466569e+00
4.250850170034006781e-01	3.817350903101134119e+00	-9.328498800000000202e-01	1.339001512859304244e+00
4.260852170434086816e-01	3.818485152877131750e+00	-8.939984399999999498e-01	1.208466767523953767e+00
4.270854170834166852e-01	3.820400133523199404e+00	-8.875231999999999566e-01	1.077932022188603289e+00
4.280856171234246887e-01	3.821418739166146050e+00	-9.328498800000000202e-01	1.567437317196167523e+00
4.290858171634326923e-01	3.821337955684924292e+00	-9.393251199999999024e-01	1.469536258194654943e+00
4.300860172034406959e-01	3.820782915490205323e+00	-7.580183999999999811e-01	1.697972062531518000e+00
4.310862172434486994e-01	3.820188991161337810e+00	-8.680974800000000879e-01	1.763239435199193128e+00
4.320864172834567030e-01	3.819991560397099306e+00	-8.939984399999999498e-01	1.273734140191629116e+00
4.330866173234647065e-01	3.820290468132042427e+00	-8.745727199999999701e-01	1.534803630862329848e+00
4.340868173634727101e-01	3.820357382052455897e+00	-8.875231999999999566e-01	1.143199394856278639e+00
4.350870174034807136e-01	3.819994215401534277e+00	-9.198994000000000337e-01	1.241100453857791219e+00
4.360872174434887172e-01	3.819790162643292408e+00	-9.069489200000000473e-01	1.404268885526979593e+00
4.370874174834967207e-01	3.819997543954132713e+00	-9.069489200000000473e-01	1.273734140191629116e+00
4.380876175235047243e-01	3.820318591153300414e+00	-8.745727199999999701e-01	1.502169944528492396e+00
4.390878175635127278e-01	3.820273825369053355e+00	-7.709688800000000786e-01	1.600071003530005198e+00
4.400880176035207314e-01	3.820224305792031316e+00	-9.134241599999999295e-01	1.436902571860817046e+00
4.410882176435286794e-01	3.820285519186672030e+00	-8.939984399999999498e-01	1.567437317196167523e+00
4.420884176835366830e-01	3.819425234019766968e+00	-8.616222399999999837e-01	1.143199394856278639e+00
4.430886177235446866e-01	3.818266364006301039e+00	-8.680974800000000879e-01	1.436902571860817046e+00
4.440888177635526901e-01	3.818459462005530991e+00	-8.745727199999999701e-01	1.306367826525466569e+00
4.450890178035606937e-01	3.819496980682595133e+00	-7.903945999999999472e-01	1.306367826525466569e+00
4.460892178435686972e-01	3.820035033283988302e+00	-7.644936400000000853e-01	1.436902571860817046e+00
4.470894178835767008e-01	3.819986923814285618e+00	-8.292460400000000176e-01	1.306367826525466569e+00
4.480896179235847043e-01	3.819910931926176811e+00	-9.198994000000000337e-01	1.600071003530005198e+00
4.490898179635927079e-01	3.819998425497204142e+00	-8.292460400000000176e-01	1.469536258194654943e+00
4.500900180036007114e-01	3.819916324224461146e+00	-8.680974800000000879e-01	1.339001512859304244e+00
4.510902180436087150e-01	3.819439472267998958e+00	-8.292460400000000176e-01	1.534803630862329848e+00
4.520904180836167185e-01	3.819171716362699698e+00	-8.162955600000000311e-01	1.436902571860817046e+00
4.530906181236247221e-01	3.819436268240834931e+00	-8.875231999999999566e-01	1.306367826525466569e+00
4.540908181636327257e-01	3.819452194085632968e+00	-7.903945999999999472e-01	1.404268885526979593e+00
4.550910182036407292e-01	3.819178090203152909e+00	-7.968698400000000515e-01	1.306367826525466569e+00
4.560912182436487328e-01	3.819350291039666612e+00	-8.486717599999999972e-01	1.404268885526979593e+00
4.570914182836567363e-01	3.819894007026538141e+00	-8.227708000000000244e-01	1.273734140191629116e+00
4.580916183236647399e-01	3.820517587022395301e+00	-8.357212800000000108e-01	1.469536258194654943e+00
4.590918183636727434e-01	3.820874816703128563e+00	-8.162955600000000311e-01	1.371635199193141919e+00
4.600920184036807470e-01	3.820306557610950726e+00	-7.062164799999999243e-01	1.436902571860817046e+00
4.610922184436887505e-01	3.819292174399423256e+00	-6.090878800000000259e-01	1.306367826525466569e+00
4.620924184836967541e-01	3.818732727237148961e+00	-7.515431599999999879e-01	1.208466767523953767e+00
4.630926185237047576e-01	3.817770953386620203e+00	-8.486717599999999972e-01	1.436902571860817046e+00
4.640928185637127612e-01	3.816677762873228019e+00	-8.810479599999999634e-01	1.502169944528492396e+00
4.650930186037207648e-01	3.817608301178838648e+00	-9.134241599999999295e-01	1.241100453857791219e+00
4.660932186437287683e-01	3.818872403412378436e+00	-8.875231999999999566e-01	1.632704689863842651e+00
4.670934186837367719e-01	3.817596369148721802e+00	-8.292460400000000176e-01	1.208466767523953767e+00
4.680936187237447754e-01	3.816123078840096383e+00	-7.515431599999999879e-01	1.208466767523953767e+00
4.690938187637527790e-01	3.816994258107336169e+00	-7.839193599999999540e-01	1.241100453857791219e+00
4.700940188037607270e-01	3.818715409716459952e+00	-8.939984399999999498e-01	1.012664649520927940e+00
4.710942188437687306e-01	3.819782500955895888e+00	-7.903945999999999472e-01	1.273734140191629116e+00
4.720944188837767341e-01	3.820128791338346375e+00	-7.256422000000000150e-01	1.110565708522440964e+00
4.730946189237847377e-01	3.819545908073449070e+00	-8.033450799999999337e-01	1.665338376197680104e+00
4.740948189637927412e-01	3.818256080459233370e+00	-7.385926799999998904e-01	1.567437317196167523e+00
4.750950190038007448e-01	3.817340867089702439e+00	-7.903945999999999472e-01	1.436902571860817046e+00
4.760952190438087483e-01	3.817206343523719347e+00	-7.321174399999998972e-01	1.306367826525466569e+00
4.770954190838167519e-01	3.817426018996710635e+00	-8.227708000000000244e-01	1.208466767523953767e+00
4.780956191238247555e-01	3.817850277147087024e+00	-6.997412400000000421e-01	1.143199394856278639e+00
4.790958191638327590e-01	3.818283793108535829e+00	-7.839193599999999540e-01	1.077932022188603289e+00
4.800960192038407626e-01	3.818381834061873370e+00	-7.644936400000000853e-01	9.800309631870904870e-01
4.810962192438487661e-01	3.818070129109792710e+00	-7.321174399999998972e-01	1.436902571860817046e+00
4.820964192838567697e-01	3.817893980669261556e+00	-6.285136000000000056e-01	1.339001512859304244e+00
4.830966193238647732e-01	3.818494338990430670e+00	-7.321174399999998972e-01	1.502169944528492396e+00
4.840968193638727768e-01	3.818616833250407350e+00	-7.385926799999998904e-01	1.730605748865355453e+00
4.850970194038807803e-01	3.816999099135216067e+00	-7.256422000000000150e-01	1.143199394856278639e+00
4.860972194438887839e-01	3.815603926586018435e+00	-7.062164799999999243e-01	1.306367826525466569e+00
4.870974194838967875e-01	3.816346418657303285e+00	-6.544145599999999785e-01	1.143199394856278639e+00
4.880976195239047910e-01	3.817904116253547642e+00	-7.191669600000000218e-01	1.077932022188603289e+00
4.890978195639127946e-01	3.818412319660512644e+00	-6.738402799999999582e-01	1.208466767523953767e+00
4.900980196039207981e-01	3.817988505501070939e+00	-6.349888400000001099e-01	1.241100453857791219e+00
4.910982196439288017e-01	3.817542214707477122e+00	-6.673650399999999649e-01	1.502169944528492396e+00
4.920984196839368052e-01	3.816854691208139805e+00	-6.803155199999999514e-01	1.371635199193141919e+00
4.930986197239448088e-01	3.815678810843259772e+00	-6.349888400000001099e-01	1.077932022188603289e+00
4.940988197639528123e-01	3.815209633419507362e+00	-6.608898000000000827e-01	1.339001512859304244e+00
4.950990198039608159e-01	3.816020362963418400e+00	-6.997412400000000421e-01	1.045298335854765615e+00
4.960992198439688194e-01	3.817013884715662719e+00	-6.155631200000000192e-01	1.110565708522440964e+00
4.970994198839768230e-01	3.817507164966429833e+00	-6.867907599999999446e-01	1.143199394856278639e+00
4.980996199239847710e-01	3.817869699885802603e+00	-6.090878800000000259e-01	1.110565708522440964e+00
4.990998199639927746e-01	3.818281065986636857e+00	-6.867907599999999446e-01	1.339001512859304244e+00
5.001000200040007782e-01	3.818457756437636075e+00	-6.479393199999999853e-01	1.306367826525466569e+00
5.011002200440087817e-01	3.818005345871476663e+00	-6.738402799999999582e-01	1.404268885526979593e+00
5.021004200840167853e-01	3.816582668246105481e+00	-6.544145599999999785e-01	1.273734140191629116e+00
5.031006201240247888e-01	3.814703988392879719e+00	-6.090878800000000259e-01	1.208466767523953767e+00
5.041008201640327924e-01	3.813863453965538497e+00	-6.479393199999999853e-01	1.208466767523953767e+00
5.051010202040407959e-01	3.814715323062742414e+00	-6.285136000000000056e-01	1.110565708522440964e+00
5.061012202440487995e-01	3.816163074672939803e+00	-6.090878800000000259e-01	1.045298335854765615e+00
5.071014202840568030e-01	3.817112317092291818e+00	-6.155631200000000192e-01	1.241100453857791219e+00
5.081016203240648066e-01	3.817629896157149982e+00	-5.508107199999999759e-01	1.077932022188603289e+00
5.091018203640728101e-01	3.817773415982792073e+00	-6.155631200000000192e-01	1.339001512859304244e+00
5.101020204040808137e-01	3.816565611702922300e+00	-6.414640799999999921e-01	1.241100453857791219e+00
5.111022204440888173e-01	3.813918894899849032e+00	-6.090878800000000259e-01	1.012664649520927940e+00
5.121024204840968208e-01	3.812284587215509557e+00	-5.249097599999998920e-01	1.077932022188603289e+00
5.131026205241048244e-01	3.812966970470653472e+00	-6.090878800000000259e-01	1.143199394856278639e+00
5.141028205641128279e-01	3.813944355698118294e+00	-6.220383600000000124e-01	1.045298335854765615e+00
5.151030206041208315e-01	3.814169483830069041e+00	-6.349888400000001099e-01	1.175833081190116092e+00
5.161032206441288350e-01	3.814957612728842484e+00	-6.090878800000000259e-01	1.045298335854765615e+00
5.171034206841368386e-01	3.816269882401472913e+00	-5.702364399999999556e-01	1.273734140191629116e+00
5.181036207241448421e-01	3.816418211790457260e+00	-4.472068799999999733e-01	1.208466767523953767e+00
5.191038207641528457e-01	3.815010309061681149e+00	-4.666325999999999530e-01	1.208466767523953767e+00
5.201040208041608492e-01	3.813332203829000733e+00	-5.702364399999999556e-01	1.012664649520927940e+00
5.211042208441688528e-01	3.812103796230327912e+00	-5.184345200000000098e-01	1.012664649520927940e+00
5.221044208841768564e-01	3.811151477649114216e+00	-4.407316399999999801e-01	9.147635905194151373e-01
5.231046209241848599e-01	3.811566271671228634e+00	-3.824544800000000411e-01	7.842288451840646601e-01
5.241048209641928635e-01	3.813940155811972321e+00	-3.889297199999999788e-01	1.143199394856278639e+00
5.251050210042008670e-01	3.816025220997441014e+00	-4.990087999999999191e-01	7.842288451840646601e-01
5.261052210442088706e-01	3.816115921612114992e+00	-4.601573600000000153e-01	1.502169944528492396e+00
5.271054210842168741e-01	3.814899712495367634e+00	-4.148306800000000072e-01	1.175833081190116092e+00
5.281056211242248777e-01	3.813654335526320160e+00	-3.695039999999999436e-01	1.208466767523953767e+00
5.291058211642328812e-01	3.813012037032245782e+00	-4.795830800000000504e-01	1.208466767523953767e+00
5.301060212042408848e-01	3.812866399363022296e+00	-5.184345200000000098e-01	8.494962178517398987e-01
5.311062212442488883e-01	3.812918266864997019e+00	-4.860583200000000437e-01	7.515951588502269853e-01
5.321064212842568919e-01	3.812528403559773071e+00	-4.990087999999999191e-01	9.800309631870904870e-01
5.331066213242648955e-01	3.812023141612131738e+00	-4.860583200000000437e-01	6.536940998487140719e-01
5.341068213642728990e-01	3.812835248252958831e+00	-4.018802000000000207e-01	1.339001512859304244e+00
5.351070214042809026e-01	3.814142241577091141e+00	-4.860583200000000437e-01	1.143199394856278639e+00
5.361072214442889061e-01	3.813841242186699176e+00	-4.990087999999999191e-01	1.077932022188603289e+00
5.371074214842969097e-01	3.812359032198641806e+00	-4.277811600000000491e-01	1.208466767523953767e+00
5.381076215243049132e-01	3.811680211040421540e+00	-3.630287599999999504e-01	8.168625315179022239e-01
5.391078215643129168e-01	3.811739278775805317e+00	-4.342563999999999869e-01	9.473972768532528121e-01
5.401080216043209203e-01	3.811095072536298201e+00	-3.824544800000000411e-01	7.842288451840646601e-01
5.411082216443288129e-01	3.810550165252312826e+00	-3.565535200000000127e-01	7.515951588502269853e-01
5.421084216843368164e-01	3.810912446698224265e+00	-4.277811600000000491e-01	9.473972768532528121e-01
5.431086217243448200e-01	3.810777400947270799e+00	-4.277811600000000491e-01	9.800309631870904870e-01
5.441088217643528235e-01	3.810084273941182431e+00	-3.565535200000000127e-01	1.045298335854765615e+00
5.451090218043608271e-01	3.809766744871152078e+00	-4.407316399999999801e-01	1.241100453857791219e+00
5.461092218443688306e-01	3.809381448312417540e+00	-3.759792400000000478e-01	9.800309631870904870e-01
5.471094218843768342e-01	3.808912602193944341e+00	-3.759792400000000478e-01	1.012664649520927940e+00
5.481096219243848378e-01	3.809408442262828487e+00	-3.306525599999999843e-01	6.863277861825517467e-01
5.491098219643928413e-01	3.810866337183956176e+00	-2.659001599999999965e-01	8.168625315179022239e-01
5.501100220044008449e-01	3.811622015048864665e+00	-3.759792400000000478e-01	8.821299041855775735e-01
5.511102220444088484e-01	3.810870690509398973e+00	-3.630287599999999504e-01	8.494962178517398987e-01
5.521104220844168520e-01	3.810022560400416314e+00	-2.723753999999999897e-01	9.800309631870904870e-01
5.531106221244248555e-01	3.809727190996601731e+00	-3.112268400000000046e-01	8.821299041855775735e-01
5.541108221644328591e-01	3.809042161206372956e+00	-2.659001599999999965e-01	8.168625315179022239e-01
5.551110222044408626e-01	3.808220280449247319e+00	-2.270487200000000094e-01	9.473972768532528121e-01
5.561112222444488662e-01	3.808160456720380616e+00	-2.853258800000000317e-01	8.168625315179022239e-01
5.571114222844568697e-01	3.808368978087729229e+00	-3.112268400000000046e-01	7.515951588502269853e-01
5.581116223244648733e-01	3.807740239391426140e+00	-2.723753999999999897e-01	6.863277861825517467e-01
5.591118223644728769e-01	3.806474636514584287e+00	-3.371277999999999775e-01	4.578919818456884672e-01
5.601120224044808804e-01	3.806125115271921988e+00	-3.371277999999999775e-01	8.494962178517398987e-01
5.611122224444888840e-01	3.806819367726663739e+00	-2.853258800000000317e-01	7.842288451840646601e-01
5.621124224844968875e-01	3.807036167589331832e+00	-2.076230000000000020e-01	9.473972768532528121e-01
5.631126225245048911e-01	3.806645322027333744e+00	-2.205734800000000162e-01	7.515951588502269853e-01
5.641128225645128946e-01	3.806530399523851749e+00	-1.881972800000000223e-01	9.147635905194151373e-01
5.651130226045208982e-01	3.806508509581361110e+00	-1.881972800000000223e-01	7.515951588502269853e-01
5.661132226445289017e-01	3.806144889309714952e+00	-1.881972800000000223e-01	6.863277861825517467e-01
5.671134226845369053e-01	3.805830719096785941e+00	-2.076230000000000020e-01	6.536940998487140719e-01
5.681136227245449088e-01	3.805618296940535661e+00	-1.817220400000000013e-01	7.515951588502269853e-01
5.691138227645529124e-01	3.805016141870985358e+00	-1.169696400000000136e-01	4.905256681795260310e-01
5.701140228045609160e-01	3.804145228790522637e+00	-2.270487200000000094e-01	8.821299041855775735e-01
5.711142228445689195e-01	3.803054196841536783e+00	-1.169696400000000136e-01	6.863277861825517467e-01
5.721144228845769231e-01	3.801801254041599964e+00	-1.881972800000000223e-01	9.147635905194151373e-01
5.731146229245849266e-01	3.801422401936238149e+00	-1.881972800000000223e-01	5.557930408472013806e-01
5.741148229645929302e-01	3.802283772947490981e+00	-1.234448800000000068e-01	6.210604135148766192e-01
5.751150230046009337e-01	3.803138851239038942e+00	-2.076230000000000020e-01	5.557930408472013806e-01
5.761152230446089373e-01	3.803405345120808079e+00	-2.788506400000000385e-01	3.599909228441755538e-01
5.771154230846169408e-01	3.803671860056104137e+00	-1.817220400000000013e-01	7.842288451840646601e-01
5.781156231246249444e-01	3.803720592043843052e+00	-5.869248000000000520e-02	4.578919818456884672e-01
5.791158231646329480e-01	3.802939135000257931e+00	-1.363953600000000210e-01	9.147635905194151373e-01
5.801160232046409515e-01	3.801543893762184823e+00	1.031885200000000058e-01	8.168625315179022239e-01
5.811162232446489551e-01	3.800111633079312323e+00	-8.459344000000000585e-02	7.515951588502269853e-01
5.821164232846569586e-01	3.799234438791442958e+00	-7.164296000000000553e-02	6.863277861825517467e-01
5.831166233246649622e-01	3.799409550203693087e+00	-7.164296000000000553e-02	3.599909228441755538e-01
5.841168233646729657e-01	3.800213469159892998e+00	-1.984104000000000423e-02	6.863277861825517467e-01
5.851170234046809693e-01	3.800595061369262062e+00	-9.754392000000000618e-02	5.557930408472013806e-01
5.861172234446889728e-01	3.800830519069280378e+00	5.138659999999999756e-02	3.273572365103378790e-01
5.871174234846969764e-01	3.801711276120298244e+00	-3.279152000000000455e-02	7.842288451840646601e-01
5.881176235247049799e-01	3.802003677253595892e+00	-3.926676000000000472e-02	7.842288451840646601e-01
5.891178235647129835e-01	3.800519319887469383e+00	2.548563999999999691e-02	6.210604135148766192e-01
5.901180236047209871e-01	3.798529455387663401e+00	1.031885200000000058e-01	8.494962178517398987e-01
5.911182236447289906e-01	3.797354932804839489e+00	-5.221724000000000504e-02	2.620898638426626404e-01
5.921184236847369942e-01	3.797292742652197628e+00	5.786183999999999772e-02	5.557930408472013806e-01
5.931186237247449977e-01	3.798297036646440805e+00	2.548563999999999691e-02	2.620898638426626404e-01
5.941188237647530013e-01	3.798987331202355211e+00	4.491135999999999739e-02	2.620898638426626404e-01
5.951190238047610048e-01	3.798317866969069367e+00	-4.153200000000037417e-04	5.557930408472013806e-01
5.961192238447690084e-01	3.797583711505703619e+00	1.031885200000000058e-01	5.557930408472013806e-01
5.971194238847770119e-01	3.797250781191695790e+00	1.355647199999999997e-01	6.210604135148766192e-01
5.981196239247849045e-01	3.795947286836756973e+00	9.023803999999999159e-02	6.536940998487140719e-01
5.991198239647929080e-01	3.794432555804740481e+00	1.355647199999999997e-01	3.273572365103378790e-01
6.001200240048009116e-01	3.794624123099040069e+00	1.420399599999999929e-01	5.557930408472013806e-01
6.011202240448089151e-01	3.795681885306446901e+00	3.843611999999999723e-02	9.892143217347457163e-02
6.021204240848169187e-01	3.795835975895587744e+00	2.326933200000000090e-01	3.273572365103378790e-01
6.031206241248249222e-01	3.795185910832512111e+00	1.355647199999999997e-01	4.252582955118507924e-01
6.041208241648329258e-01	3.794906155433234396e+00	7.728756000000000514e-02	3.273572365103378790e-01
6.051210242048409294e-01	3.795239717314674799e+00	2.326933200000000090e-01	4.905256681795260310e-01
6.061212242448489329e-01	3.795091448261457057e+00	3.362971600000000394e-01	4.252582955118507924e-01
6.071214242848569365e-01	3.794576497465763865e+00	2.326933200000000090e-01	4.905256681795260310e-01
6.081216243248649400e-01	3.794909511754473552e+00	1.679409199999999935e-01	4.905256681795260310e-01
6.091218243648729436e-01	3.795156588357585292e+00	2.456437999999999955e-01	5.231593545133637058e-01
6.101220244048809471e-01	3.794143127108414948e+00	2.780200000000000449e-01	2.947235501765002597e-01
6.111222244448889507e-01	3.793175618285437256e+00	2.521190400000000165e-01	2.947235501765002597e-01
6.121224244848969542e-01	3.793068883482660247e+00	2.456437999999999955e-01	2.620898638426626404e-01
6.131226245249049578e-01	3.792772371808323495e+00	1.485152000000000139e-01	3.599909228441755538e-01
6.141228245649129613e-01	3.791917175584543998e+00	3.168714400000000042e-01	2.620898638426626404e-01
6.151230246049209649e-01	3.791318332734065155e+00	3.168714400000000042e-01	4.252582955118507924e-01
6.161232246449289685e-01	3.791538112300300689e+00	4.010495599999999716e-01	2.947235501765002597e-01
6.171234246849369720e-01	3.792082259358031227e+00	3.233466799999999974e-01	1.968224911749873740e-01
6.181236247249449756e-01	3.791618778184395744e+00	3.103962000000000110e-01	2.294561775088249655e-01
6.191238247649529791e-01	3.789789094118364510e+00	2.715447599999999961e-01	2.620898638426626404e-01
6.201240248049609827e-01	3.788168424444592119e+00	3.298219200000001017e-01	1.315551185073121632e-01
6.211242248449689862e-01	3.788566116624607183e+00	4.075248000000000759e-01	2.620898638426626404e-01
6.221244248849769898e-01	3.790390061542177058e+00	4.658019600000000704e-01	2.294561775088249655e-01
6.231246249249849933e-01	3.790669947957987951e+00	4.334257600000001043e-01	2.620898638426626404e-01
6.241248249649929969e-01	3.788874146995173220e+00	3.621981200000000678e-01	1.641888048411497825e-01
6.251250250050010004e-01	3.787633491750160175e+00	3.816238400000000475e-01	4.905256681795260310e-01
6.261252250450090040e-01	3.787384442880911362e+00	4.463762399999999797e-01	-1.621480584972264660e-01
6.271254250850170076e-01	3.787021289066345719e+00	4.981781600000000365e-01	-6.424699949571360813e-02
6.281256251250250111e-01	3.786965961525173174e+00	4.787524399999999458e-01	6.628774583963688294e-02
6.291258251650330147e-01	3.787040117938102579e+00	4.463762399999999797e-01	-9.688068582955121355e-02
6.301260252050410182e-01	3.786784776624512627e+00	5.046534000000000297e-01	3.599909228441755538e-01
6.311262252450490218e-01	3.787539347391375433e+00	5.111286400000001340e-01	3.365405950579927752e-02
6.321264252850570253e-01	3.789126722814086801e+00	5.046534000000000297e-01	4.252582955118507924e-01
6.331266253250650289e-01	3.788706918949329427e+00	6.341582000000000052e-01	4.252582955118507924e-01
6.341268253650730324e-01	3.786128851165611486e+00	4.981781600000000365e-01	3.365405950579927752e-02
6.351270254050810360e-01	3.784547681867810542e+00	4.917029200000000433e-01	3.365405950579927752e-02
6.361272254450890395e-01	3.785047026269491077e+00	5.953067600000000459e-01	-1.947817448310640853e-01
6.371274254850970431e-01	3.785753936192478353e+00	6.600591600000000891e-01	-9.688068582955121355e-02
6.381276255251050467e-01	3.785335937566117082e+00	6.859601199999999510e-01	3.365405950579927752e-02
6.391278255651130502e-01	3.784348358185734895e+00	5.499800799999999823e-01	-1.621480584972264660e-01
6.401280256051210538e-01	3.783847939252610981e+00	5.046534000000000297e-01	1.968224911749873740e-01
6.411282256451290573e-01	3.784048373032697032e+00	6.341582000000000052e-01	1.968224911749873740e-01
6.421284256851370609e-01	3.784123463538323850e+00	6.665344000000000824e-01	1.315551185073121632e-01
6.431286257251450644e-01	3.783072084808318358e+00	6.730096400000000756e-01	3.365405950579927752e-02
6.441288257651530680e-01	3.781449249847941729e+00	6.859601199999999510e-01	-3.253164901664145625e-01
6.451290258051610715e-01	3.780866245008931426e+00	6.794848799999999578e-01	-1.947817448310640853e-01
6.461292258451690751e-01	3.781328254536993061e+00	7.118610800000001460e-01	-2.274154311649017046e-01
6.471294258851770786e-01	3.781695885151709735e+00	7.053858400000000417e-01	-2.926828038325769432e-01
6.481296259251850822e-01	3.781383018373585259e+00	6.276829600000000120e-01	-3.161331316187596802e-02
6.491298259651930858e-01	3.780596594954166001e+00	7.053858400000000417e-01	-3.161331316187596802e-02
6.501300260052010893e-01	3.780339075235108037e+00	6.989106000000000485e-01	3.365405950579927752e-02
6.511302260452090929e-01	3.780508207987560709e+00	6.794848799999999578e-01	1.315551185073121632e-01
6.521304260852170964e-01	3.779857126790424626e+00	7.377620400000000078e-01	-3.253164901664145625e-01
6.531306261252251000e-01	3.778792398265256480e+00	9.514449600000001173e-01	-1.295143721633888190e-01
6.541308261652331035e-01	3.778774628017780302e+00	8.413658800000000104e-01	-3.579501765002521818e-01
6.551310262052409961e-01	3.779975733837114049e+00	7.636630000000000917e-01	-3.905838628340898566e-01
6.561312262452489996e-01	3.780733436519107205e+00	7.895639599999999536e-01	-1.295143721633888190e-01
6.571314262852570032e-01	3.779609662707489104e+00	8.284154000000000240e-01	-3.253164901664145625e-01
6.581316263252650067e-01	3.777590283152619133e+00	9.061182800000000537e-01	-1.621480584972264660e-01
6.591318263652730103e-01	3.776440976764036339e+00	5.629305600000000798e-01	-1.295143721633888190e-01
6.601320264052810138e-01	3.776926930822954720e+00	8.802173200000000808e-01	-1.947817448310640853e-01
6.611322264452890174e-01	3.778255699527107048e+00	9.061182800000000537e-01	-2.926828038325769432e-01
6.621324264852970209e-01	3.778195710158336773e+00	8.996430400000000605e-01	-2.274154311649017046e-01
6.631326265253050245e-01	3.776390536901228945e+00	9.384944800000000198e-01	-3.905838628340898566e-01
6.641328265653130281e-01	3.775428163625056843e+00	9.190687600000001511e-01	-4.232175491679274204e-01
6.651330266053210316e-01	3.776566880164851980e+00	9.125935200000000469e-01	-4.558512355017650397e-01
6.661332266453290352e-01	3.777382976611435517e+00	9.514449600000001173e-01	-2.600491174987393794e-01
6.671334266853370387e-01	3.775701272349254456e+00	9.708706800000000969e-01	-3.579501765002521818e-01
6.681336267253450423e-01	3.773439777805660977e+00	9.384944800000000198e-01	-3.905838628340898566e-01
6.691338267653530458e-01	3.773191377110385325e+00	9.708706800000000969e-01	-4.558512355017650397e-01
6.701340268053610494e-01	3.774235271907183442e+00	1.016197360000000049e+00	-4.232175491679274204e-01
6.711342268453690529e-01	3.774898314051409187e+00	9.902964000000000766e-01	-5.211186081694403338e-01
6.721344268853770565e-01	3.775078216963566380e+00	1.048573559999999905e+00	-3.905838628340898566e-01
6.731346269253850600e-01	3.774693786512963278e+00	1.165127880000000005e+00	-5.537522945032778976e-01
6.741348269653930636e-01	3.773406829673093377e+00	1.106850720000000177e+00	-3.253164901664145625e-01
6.751350270054010672e-01	3.772541303942877011e+00	1.106850720000000177e+00	-5.863859808371156834e-01
6.761352270454090707e-01	3.772555943201107986e+00	1.087425000000000086e+00	-1.947817448310640853e-01
6.771354270854170743e-01	3.771442684594051187e+00	1.055048800000000009e+00	-5.537522945032778976e-01
6.781356271254250778e-01	3.769296384165055969e+00	1.145702159999999914e+00	-6.190196671709531362e-01
6.791358271654330814e-01	3.768477907238915403e+00	9.838211600000000834e-01	-7.821880988401412882e-01
6.801360272054410849e-01	3.769632094536474742e+00	1.216929799999999950e+00	-7.821880988401412882e-01
6.811362272454490885e-01	3.771474437551021630e+00	1.106850720000000177e+00	-6.190196671709531362e-01
6.821364272854570920e-01	3.772550102203752864e+00	1.203979319999999964e+00	-8.474554715078166378e-01
6.831366273254650956e-01	3.772350786201050354e+00	1.255781239999999910e+00	-2.926828038325769432e-01
6.841368273654730991e-01	3.771433454426064813e+00	1.191028839999999978e+00	-5.537522945032778976e-01
6.851370274054811027e-01	3.770787007427730320e+00	1.126276440000000045e+00	-3.253164901664145625e-01
6.861372274454891063e-01	3.770197200845695207e+00	1.165127880000000005e+00	-5.211186081694403338e-01
6.871374274854971098e-01	3.768420710829311737e+00	1.255781239999999910e+00	-7.169207261724660496e-01
6.881376275255051134e-01	3.766186038657549418e+00	1.352909840000000141e+00	-8.148217851739789630e-01
6.891378275655131169e-01	3.765782449736004622e+00	1.320533639999999842e+00	-9.779902168431670040e-01
6.901380276055211205e-01	3.767234957900567061e+00	1.171603120000000109e+00	-9.779902168431670040e-01
6.911382276455291240e-01	3.768087559726740920e+00	1.216929799999999950e+00	-5.863859808371156834e-01
6.921384276855371276e-01	3.767461670920214001e+00	1.294632679999999869e+00	-9.779902168431670040e-01
6.931386277255451311e-01	3.766931426034067609e+00	1.378810799999999892e+00	-4.884849218356027145e-01
6.941388277655531347e-01	3.766725184419056127e+00	1.430612719999999838e+00	-4.232175491679274204e-01
6.951390278055611383e-01	3.765708630190279571e+00	1.469464160000000019e+00	-7.821880988401412882e-01
6.961392278455691418e-01	3.764226546967395670e+00	1.430612719999999838e+00	-6.190196671709531362e-01
6.971394278855771454e-01	3.763328918357371933e+00	1.385286039999999996e+00	-1.043257589510842243e+00
6.981396279255851489e-01	3.763227749581115056e+00	1.469464160000000019e+00	-1.010623903177004790e+00
6.991398279655931525e-01	3.763775587460946870e+00	1.521266079999999965e+00	-8.148217851739789630e-01
7.001400280056011560e-01	3.765028327911502881e+00	1.508315599999999979e+00	-1.141158648512355045e+00
7.011402280456091596e-01	3.765984350962016336e+00	1.391761279999999878e+00	-8.800891578416540906e-01
7.021404280856171631e-01	3.765259920473895239e+00	1.443563199999999824e+00	-6.516533535047908110e-01
7.031406281256251667e-01	3.763994076870205596e+00	1.501840359999999874e+00	-9.127228441754917654e-01
7.041408281656331702e-01	3.763742497628893791e+00	1.611919440000000092e+00	-6.190196671709531362e-01
7.051410282056411738e-01	3.763690692761555212e+00	1.592493720000000001e+00	-1.141158648512355045e+00
7.061412282456491774e-01	3.762579176978068762e+00	1.553642280000000042e+00	-1.043257589510842243e+00
7.071414282856571809e-01	3.760810428066309719e+00	1.566592759999999807e+00	-1.141158648512355045e+00
7.081416283256651845e-01	3.760203903139712089e+00	1.586018479999999897e+00	-1.010623903177004790e+00
7.091418283656731880e-01	3.760831936319161795e+00	1.637820399999999843e+00	-9.453565305093293292e-01
7.101420284056811916e-01	3.760564469083013339e+00	1.715523279999999984e+00	-1.010623903177004790e+00
7.111422284456891951e-01	3.759401374347941527e+00	1.611919440000000092e+00	-1.141158648512355045e+00
7.121424284856970877e-01	3.759103636401822435e+00	1.547167039999999716e+00	-9.779902168431670040e-01
7.131426285257050912e-01	3.759599683623711996e+00	1.618394679999999752e+00	-1.075891275844679917e+00
7.141428285657130948e-01	3.759980867676838923e+00	1.689622319999999789e+00	-1.108524962178517592e+00
7.151430286057210983e-01	3.759840389940311223e+00	1.631345159999999739e+00	-1.206426021180030395e+00
7.161432286457291019e-01	3.758687378997538797e+00	1.734948999999999852e+00	-1.206426021180030395e+00
7.171434286857371054e-01	3.757361487335074468e+00	1.747899480000000061e+00	-1.043257589510842243e+00
7.181436287257451090e-01	3.758043880929494929e+00	1.709048039999999880e+00	-1.075891275844679917e+00
7.191438287657531125e-01	3.760285220631719216e+00	1.780275679999999916e+00	-1.043257589510842243e+00
7.201440288057611161e-01	3.760689291727449035e+00	1.896830000000000016e+00	-1.141158648512355045e+00
7.211442288457691197e-01	3.758603410335007222e+00	1.663721360000000038e+00	-1.206426021180030395e+00
7.221444288857771232e-01	3.757169301025950592e+00	1.780275679999999916e+00	-1.141158648512355045e+00
7.231446289257851268e-01	3.757406984519935378e+00	1.838552839999999744e+00	-1.239059707513868069e+00
7.241448289657931303e-01	3.757244014979844060e+00	1.812651879999999993e+00	-1.271693393847705744e+00
7.251450290058011339e-01	3.756231084548638854e+00	1.903305239999999898e+00	-1.141158648512355045e+00
7.261452290458091374e-01	3.755297589378762790e+00	1.754374719999999943e+00	-1.369594452849218325e+00
7.271454290858171410e-01	3.754446645033051588e+00	1.851503319999999952e+00	-1.108524962178517592e+00
7.281456291258251445e-01	3.754356097583309015e+00	1.877404279999999925e+00	-1.304327080181543197e+00
7.291458291658331481e-01	3.755456561509559865e+00	1.845028079999999848e+00	-9.779902168431670040e-01
7.301460292058411516e-01	3.756096985948020439e+00	1.935681439999999975e+00	-1.369594452849218325e+00
7.311462292458491552e-01	3.755363279315445446e+00	1.922730959999999989e+00	-1.271693393847705744e+00
7.321464292858571588e-01	3.754120346424034249e+00	1.825602359999999980e+00	-1.565396570852244151e+00
7.331466293258651623e-01	3.753240345143882717e+00	1.929206199999999871e+00	-1.663297629853757176e+00
7.341468293658731659e-01	3.753366674614930343e+00	1.942156679999999858e+00	-1.369594452849218325e+00
7.351470294058811694e-01	3.754362256349192517e+00	1.942156679999999858e+00	-1.598030257186082048e+00
7.361472294458891730e-01	3.754847212414322843e+00	2.091087200000000035e+00	-1.043257589510842243e+00
7.371474294858971765e-01	3.753935500438246642e+00	1.942156679999999858e+00	-1.271693393847705744e+00
7.381476295259051801e-01	3.752572145436160689e+00	2.013384319999999672e+00	-1.141158648512355045e+00
7.391478295659131836e-01	3.752028702979132824e+00	1.981008119999999817e+00	-1.271693393847705744e+00
7.401480296059211872e-01	3.752196678057686974e+00	2.052235759999999853e+00	-1.500129198184569024e+00
7.411482296459291907e-01	3.752187267626578837e+00	1.993958600000000025e+00	-1.532762884518406477e+00
7.421484296859371943e-01	3.751706416727469851e+00	2.181740560000000162e+00	-1.598030257186082048e+00
7.431486297259451979e-01	3.751469966341276940e+00	2.110512920000000125e+00	-1.826466061522945328e+00
7.441488297659532014e-01	3.751678030367763927e+00	2.084611959999999709e+00	-1.434861825516893896e+00
7.451490298059612050e-01	3.751433432256292999e+00	2.084611959999999709e+00	-1.467495511850731349e+00
7.461492298459692085e-01	3.750665898996478731e+00	2.162314840000000071e+00	-1.336960766515380872e+00
7.471494298859772121e-01	3.749860871761887982e+00	2.233542480000000108e+00	-1.239059707513868069e+00
7.481496299259852156e-01	3.749239874715067256e+00	2.129938640000000216e+00	-1.663297629853757176e+00
7.491498299659932192e-01	3.749296503654868218e+00	2.175265319999999836e+00	-1.500129198184569024e+00
7.501500300060012227e-01	3.749608242046257978e+00	2.194691039999999926e+00	-1.957000806858295805e+00
7.511502300460092263e-01	3.749237140212172914e+00	2.175265319999999836e+00	-1.630663943519919501e+00
7.521504300860172298e-01	3.748824062340526453e+00	2.136413880000000098e+00	-1.630663943519919501e+00
7.531506301260252334e-01	3.749321333545490909e+00	2.201166280000000253e+00	-1.728565002521432525e+00
7.541508301660332370e-01	3.749815351524244722e+00	2.246492959999999872e+00	-1.402228139183055999e+00
7.551510302060412405e-01	3.748875536988277357e+00	2.298294879999999818e+00	-1.467495511850731349e+00
7.561512302460492441e-01	3.747160862417276750e+00	2.304770120000000144e+00	-1.728565002521432525e+00
7.571514302860572476e-01	3.746447990419023100e+00	2.414849199999999918e+00	-1.467495511850731349e+00
7.581516303260652512e-01	3.747042110137706050e+00	2.324195839999999791e+00	-1.957000806858295805e+00
7.591518303660732547e-01	3.748077379513845564e+00	2.298294879999999818e+00	-1.957000806858295805e+00
7.601520304060812583e-01	3.748736402062357698e+00	2.278869160000000171e+00	-1.793832375189107875e+00
7.611522304460892618e-01	3.749092145812859656e+00	2.304770120000000144e+00	-1.826466061522945328e+00
7.621524304860972654e-01	3.749562023382323694e+00	2.363047279999999972e+00	-1.728565002521432525e+00
7.631526305261052689e-01	3.748901357792783884e+00	2.330671080000000117e+00	-1.630663943519919501e+00
7.641528305661132725e-01	3.746259425257359332e+00	2.356572039999999646e+00	-1.761198688855269978e+00
7.651530306061212761e-01	3.744013187035002854e+00	2.356572039999999646e+00	-1.663297629853757176e+00
7.661532306461292796e-01	3.744340506940426749e+00	2.434274920000000009e+00	-1.793832375189107875e+00
7.671534306861372832e-01	3.745933270416053062e+00	2.252968199999999754e+00	-1.826466061522945328e+00
7.681536307261451757e-01	3.746611283518940461e+00	2.518453040000000698e+00	-2.022268179525970933e+00
7.691538307661531793e-01	3.745991784326493601e+00	2.440750159999999891e+00	-1.891733434190620455e+00
7.701540308061611828e-01	3.744941807523228583e+00	2.427799679999999682e+00	-1.826466061522945328e+00
7.711542308461691864e-01	3.744556972912670645e+00	2.460175879999999982e+00	-1.989634493192133702e+00
7.721544308861771899e-01	3.745160688050154452e+00	2.537878760000000344e+00	-1.793832375189107875e+00
7.731546309261851935e-01	3.745580128616338378e+00	2.479601600000000072e+00	-1.891733434190620455e+00
7.741548309661931970e-01	3.744680525454440634e+00	2.518453040000000698e+00	-1.859099747856782781e+00
7.751550310062012006e-01	3.743385072097766386e+00	2.511977800000000371e+00	-1.859099747856782781e+00
7.761552310462092041e-01	3.743160843352447031e+00	2.473126360000000190e+00	-1.957000806858295805e+00
7.771554310862172077e-01	3.743823279487345168e+00	2.589680680000000734e+00	-1.957000806858295805e+00
7.781556311262252112e-01	3.744395544261419850e+00	2.524928280000000136e+00	-1.891733434190620455e+00
7.791558311662332148e-01	3.744225447098317172e+00	2.615581640000000263e+00	-1.957000806858295805e+00
7.801560312062412184e-01	3.743525153488798107e+00	2.518453040000000698e+00	-1.728565002521432525e+00
7.811562312462492219e-01	3.743046944902647333e+00	2.531403520000000018e+00	-1.891733434190620455e+00
7.821564312862572255e-01	3.742494664636338619e+00	2.570254960000000199e+00	-1.793832375189107875e+00
7.831566313262652290e-01	3.741352236166993972e+00	2.557304479999999991e+00	-2.087535552193646726e+00
7.841568313662732326e-01	3.740348078795145526e+00	2.537878760000000344e+00	-1.924367120524458352e+00
7.851570314062812361e-01	3.740153659328529834e+00	2.622056880000000589e+00	-2.087535552193646726e+00
7.861572314462892397e-01	3.740876395816843392e+00	2.615581640000000263e+00	-2.315971356530509784e+00
7.871574314862972432e-01	3.742348985656010818e+00	2.712710240000000272e+00	-1.891733434190620455e+00
7.881576315263052468e-01	3.743198501247330778e+00	2.725660720000000481e+00	-2.283337670196671887e+00
7.891578315663132503e-01	3.742084580547769157e+00	2.628532120000000027e+00	-1.630663943519919501e+00
7.901580316063212539e-01	3.740446527660886034e+00	2.622056880000000589e+00	-1.989634493192133702e+00
7.911582316463292575e-01	3.740639329439871208e+00	2.660908319999999883e+00	-1.761198688855269978e+00
7.921584316863372610e-01	3.741254576871148707e+00	2.686809280000000300e+00	-1.859099747856782781e+00
7.931586317263452646e-01	3.739538976037062312e+00	2.706235000000000390e+00	-2.218070297528996981e+00
7.941588317663532681e-01	3.737485544336276444e+00	2.615581640000000263e+00	-2.315971356530509784e+00
7.951590318063612717e-01	3.738386437833242759e+00	2.641482600000000236e+00	-2.218070297528996981e+00
7.961592318463692752e-01	3.740891870878105596e+00	2.790413120000000191e+00	-2.348605042864347237e+00
7.971594318863772788e-01	3.742220243309615668e+00	2.809838840000000282e+00	-1.989634493192133702e+00
7.981596319263852823e-01	3.741786408189272883e+00	2.758036920000000336e+00	-2.054901865859808829e+00
7.991598319663932859e-01	3.740442478972075158e+00	2.783937880000000309e+00	-1.989634493192133702e+00
8.001600320064012895e-01	3.739703701219402099e+00	2.803363599999999956e+00	-1.826466061522945328e+00
8.011602320464092930e-01	3.739748060652118955e+00	2.745086440000000128e+00	-2.381238729198184689e+00
8.021604320864172966e-01	3.738760074279409817e+00	2.803363599999999956e+00	-2.152802924861321632e+00
8.031606321264253001e-01	3.736492425180830246e+00	2.855165520000000345e+00	-2.413872415532022586e+00
8.041608321664333037e-01	3.735631922300926888e+00	2.835739799999999811e+00	-2.283337670196671887e+00
8.051610322064413072e-01	3.737484481441505579e+00	2.790413120000000191e+00	-2.250703983862834434e+00
8.061612322464493108e-01	3.739453707944281557e+00	2.894016960000000527e+00	-2.283337670196671887e+00
8.071614322864573143e-01	3.738969556498090263e+00	2.855165520000000345e+00	-2.087535552193646726e+00
8.081616323264653179e-01	3.737214610089908629e+00	2.796888360000000517e+00	-2.087535552193646726e+00
8.091618323664733214e-01	3.736594248766737181e+00	2.887541720000000200e+00	-2.315971356530509784e+00
8.101620324064813250e-01	3.736791146414351061e+00	2.848690280000000463e+00	-2.087535552193646726e+00
8.111622324464893286e-01	3.736815688650220846e+00	2.868116000000000110e+00	-2.511773474533535389e+00
8.121624324864973321e-01	3.737389249172722749e+00	2.913442680000000173e+00	-2.413872415532022586e+00
8.131626325265053357e-01	3.737862357080675935e+00	2.887541720000000200e+00	-2.315971356530509784e+00
8.141628325665133392e-01	3.736733162587658086e+00	2.835739799999999811e+00	-2.283337670196671887e+00
8.151630326065213428e-01	3.735542683763809713e+00	2.991145560000000536e+00	-2.185436611195159529e+00
8.161632326465293463e-01	3.735889802190323739e+00	2.900492199999999965e+00	-2.250703983862834434e+00
8.171634326865373499e-01	3.736705079216372738e+00	2.906967439999999847e+00	-2.250703983862834434e+00
8.181636327265453534e-01	3.737424274010043401e+00	3.004096040000000301e+00	-2.283337670196671887e+00
8.191638327665533570e-01	3.737904867826949307e+00	2.842215040000000137e+00	-2.413872415532022586e+00
8.201640328065613605e-01	3.737424357787760165e+00	2.887541720000000200e+00	-2.446506101865860039e+00
8.211642328465693641e-01	3.736234584149885407e+00	2.939343640000000146e+00	-2.381238729198184689e+00
8.221644328865773677e-01	3.735053027871868547e+00	2.984670320000000210e+00	-2.511773474533535389e+00
8.231646329265853712e-01	3.735020232443251320e+00	2.945818880000000028e+00	-2.250703983862834434e+00
8.241648329665933748e-01	3.736735592141451345e+00	2.952294120000000355e+00	-2.348605042864347237e+00
8.251650330066012673e-01	3.738122138351028578e+00	2.978195079999999884e+00	-2.283337670196671887e+00
8.261652330466092709e-01	3.737375090738550121e+00	2.971719840000000001e+00	-2.283337670196671887e+00
8.271654330866172744e-01	3.735779452348664265e+00	3.017046520000000065e+00	-2.381238729198184689e+00
8.281656331266252780e-01	3.735200956605854383e+00	3.036472240000000600e+00	-2.479139788199697936e+00
8.291658331666332815e-01	3.735861041866759713e+00	3.010571280000000183e+00	-2.283337670196671887e+00
8.301660332066412851e-01	3.736733642216614193e+00	3.101224640000000310e+00	-2.544407160867373285e+00
8.311662332466492886e-01	3.736877835330684849e+00	2.945818880000000028e+00	-2.446506101865860039e+00
8.321664332866572922e-01	3.736402506123715384e+00	3.023521760000000391e+00	-2.511773474533535389e+00
8.331666333266652957e-01	3.735713617608256598e+00	3.049422719999999920e+00	-2.218070297528996981e+00
8.341668333666732993e-01	3.735183926210607019e+00	3.029997000000000273e+00	-2.544407160867373285e+00
8.351670334066813028e-01	3.734991287039937990e+00	3.081798920000000219e+00	-1.989634493192133702e+00
8.361672334466893064e-01	3.734462987483453400e+00	3.153026560000000256e+00	-2.544407160867373285e+00
8.371674334866973100e-01	3.733798644733318906e+00	3.010571280000000183e+00	-2.674941906202723541e+00
8.381676335267053135e-01	3.734152711750391873e+00	3.094749400000000428e+00	-2.511773474533535389e+00
8.391678335667133171e-01	3.734985985702391265e+00	3.068848440000000455e+00	-2.838110337871911693e+00
8.401680336067213206e-01	3.735062594016179904e+00	3.094749400000000428e+00	-2.381238729198184689e+00
8.411682336467293242e-01	3.734909070203668247e+00	3.010571280000000183e+00	-2.674941906202723541e+00
8.421684336867373277e-01	3.734931708733735700e+00	3.146551319999999929e+00	-2.120169238527484179e+00
8.431686337267453313e-01	3.734183222226933996e+00	3.049422719999999920e+00	-2.348605042864347237e+00
8.441688337667533348e-01	3.733134427302871039e+00	3.075323679999999893e+00	-2.315971356530509784e+00
8.451690338067613384e-01	3.732760737576972687e+00	3.075323679999999893e+00	-2.446506101865860039e+00
8.461692338467693419e-01	3.732340025152322216e+00	3.159501800000000138e+00	-2.707575592536560993e+00
8.471694338867773455e-01	3.731985228295034318e+00	3.062373200000000573e+00	-2.674941906202723541e+00
8.481696339267853491e-01	3.733049231477389540e+00	3.081798920000000219e+00	-2.511773474533535389e+00
8.491698339667933526e-01	3.734715346917145684e+00	3.081798920000000219e+00	-2.740209278870398890e+00
8.501700340068013562e-01	3.734606528256756874e+00	3.010571280000000183e+00	-2.218070297528996981e+00
8.511702340468093597e-01	3.733328186774204305e+00	3.140076080000000491e+00	-2.544407160867373285e+00
8.521704340868173633e-01	3.732917095554180609e+00	3.263105640000000029e+00	-2.054901865859808829e+00
8.531706341268253668e-01	3.732230185570779124e+00	3.127125600000000283e+00	-2.642308219868886088e+00
8.541708341668333704e-01	3.730623774401962134e+00	3.127125600000000283e+00	-2.707575592536560993e+00
8.551710342068413739e-01	3.730169087775834225e+00	3.088274160000000101e+00	-2.544407160867373285e+00
8.561712342468493775e-01	3.731018736280191206e+00	3.055897960000000246e+00	-2.805476651538073796e+00
8.571714342868573810e-01	3.731924699730750916e+00	3.088274160000000101e+00	-2.707575592536560993e+00
8.581716343268653846e-01	3.732614997022775327e+00	3.088274160000000101e+00	-2.511773474533535389e+00
8.591718343668733882e-01	3.732652035524767875e+00	3.107699880000000192e+00	-2.315971356530509784e+00
8.601720344068813917e-01	3.731842380417610183e+00	3.062373200000000573e+00	-2.544407160867373285e+00
8.611722344468893953e-01	3.730714185955096518e+00	3.068848440000000455e+00	-2.250703983862834434e+00
8.621724344868973988e-01	3.729863686726800687e+00	3.081798920000000219e+00	-2.740209278870398890e+00
8.631726345269054024e-01	3.729904971560928040e+00	3.185402760000000111e+00	-2.381238729198184689e+00
8.641728345669134059e-01	3.730799489458643592e+00	3.172452280000000346e+00	-2.707575592536560993e+00
8.651730346069214095e-01	3.731679974916394471e+00	3.178927520000000229e+00	-2.674941906202723541e+00
8.661732346469294130e-01	3.732181499337613673e+00	3.191877999999999993e+00	-2.707575592536560993e+00
8.671734346869374166e-01	3.732711789766070432e+00	3.153026560000000256e+00	-2.642308219868886088e+00
8.681736347269454201e-01	3.732989902490388978e+00	3.159501800000000138e+00	-2.511773474533535389e+00
8.691738347669534237e-01	3.732273096181378591e+00	3.062373200000000573e+00	-2.511773474533535389e+00
8.701740348069614273e-01	3.730939250844117705e+00	3.140076080000000491e+00	-2.642308219868886088e+00
8.711742348469694308e-01	3.729691665690504365e+00	3.172452280000000346e+00	-2.544407160867373285e+00
8.721744348869774344e-01	3.729053070691054295e+00	3.159501800000000138e+00	-2.642308219868886088e+00
8.731746349269854379e-01	3.729728189052914811e+00	3.282531360000000120e+00	-2.577040847201210738e+00
8.741748349669934415e-01	3.730711827237526812e+00	3.178927520000000229e+00	-2.609674533535048635e+00
8.751750350070014450e-01	3.730417768509582288e+00	3.172452280000000346e+00	-2.674941906202723541e+00
8.761752350470094486e-01	3.730172666980580587e+00	3.172452280000000346e+00	-2.609674533535048635e+00
8.771754350870174521e-01	3.731261900986388103e+00	3.094749400000000428e+00	-2.740209278870398890e+00
8.781756351270254557e-01	3.731748871975784532e+00	3.204828480000000646e+00	-2.381238729198184689e+00
8.791758351670334592e-01	3.730525659248105086e+00	3.165977040000000464e+00	-2.609674533535048635e+00
8.801760352070414628e-01	3.729521645700467403e+00	3.172452280000000346e+00	-2.446506101865860039e+00
8.811762352470494664e-01	3.729917200051648951e+00	3.204828480000000646e+00	-2.577040847201210738e+00
8.821764352870573589e-01	3.730436177768856609e+00	3.153026560000000256e+00	-2.609674533535048635e+00
8.831766353270653624e-01	3.730122419819319468e+00	3.159501800000000138e+00	-2.870744024205749145e+00
8.841768353670733660e-01	3.729685277923449949e+00	3.159501800000000138e+00	-2.479139788199697936e+00
8.851770354070813696e-01	3.729499560409751613e+00	3.198353240000000319e+00	-2.544407160867373285e+00
8.861772354470893731e-01	3.729094367778150509e+00	3.146551319999999929e+00	-2.609674533535048635e+00
8.871774354870973767e-01	3.728849719950139363e+00	3.263105640000000029e+00	-2.479139788199697936e+00
8.881776355271053802e-01	3.729208951346006717e+00	3.211303720000000528e+00	-2.446506101865860039e+00
8.891778355671133838e-01	3.729189844968031409e+00	3.185402760000000111e+00	-2.772842965204236343e+00
8.901780356071213873e-01	3.728276004654294429e+00	3.198353240000000319e+00	-2.740209278870398890e+00
8.911782356471293909e-01	3.727798935320290497e+00	3.165977040000000464e+00	-2.642308219868886088e+00
8.921784356871373944e-01	3.728740968657493493e+00	3.178927520000000229e+00	-2.968645083207262392e+00
8.931786357271453980e-01	3.729949780179755425e+00	3.146551319999999929e+00	-2.413872415532022586e+00
8.941788357671534015e-01	3.730229553049488445e+00	3.256630400000000147e+00	-2.642308219868886088e+00
8.951790358071614051e-01	3.730144596688881542e+00	3.178927520000000229e+00	-2.315971356530509784e+00
8.961792358471694087e-01	3.730032992422894544e+00	3.165977040000000464e+00	-2.381238729198184689e+00
8.971794358871774122e-01	3.729333919064272695e+00	3.140076080000000491e+00	-2.511773474533535389e+00
8.981796359271854158e-01	3.728051060930722471e+00	3.094749400000000428e+00	-2.544407160867373285e+00
8.991798359671934193e-01	3.727312324863840232e+00	3.165977040000000464e+00	-2.838110337871911693e+00
9.001800360072014229e-01	3.728430234492168260e+00	3.165977040000000464e+00	-3.099179828542612647e+00
9.011802360472094264e-01	3.730216302532600725e+00	3.159501800000000138e+00	-2.511773474533535389e+00
9.021804360872174300e-01	3.730646190905275716e+00	3.159501800000000138e+00	-2.805476651538073796e+00
9.031806361272254335e-01	3.730704783887999643e+00	3.140076080000000491e+00	-2.315971356530509784e+00
9.041808361672334371e-01	3.731189321172972750e+00	3.314907559999999975e+00	-2.413872415532022586e+00
9.051810362072414406e-01	3.730724406095938139e+00	3.172452280000000346e+00	-2.479139788199697936e+00
9.061812362472494442e-01	3.729060004873165468e+00	3.159501800000000138e+00	-2.315971356530509784e+00
9.071814362872574478e-01	3.727609125203299456e+00	3.146551319999999929e+00	-2.674941906202723541e+00
9.081816363272654513e-01	3.727911085526390611e+00	3.165977040000000464e+00	-2.544407160867373285e+00
9.091818363672734549e-01	3.729554079753789608e+00	3.159501800000000138e+00	-2.707575592536560993e+00
9.101820364072814584e-01	3.730243074467885389e+00	3.159501800000000138e+00	-2.740209278870398890e+00
9.111822364472894620e-01	3.729363187642189992e+00	3.159501800000000138e+00	-2.511773474533535389e+00
9.121824364872974655e-01	3.728272680754005197e+00	3.133600840000000609e+00	-2.544407160867373285e+00
9.131826365273054691e-01	3.727727230331430164e+00	3.140076080000000491e+00	-2.446506101865860039e+00
9.141828365673134726e-01	3.727726788937353319e+00	3.146551319999999929e+00	-2.315971356530509784e+00
9.151830366073214762e-01	3.728533956579020536e+00	3.094749400000000428e+00	-2.674941906202723541e+00
9.161832366473294798e-01	3.729627111831661956e+00	3.114175120000000074e+00	-2.413872415532022586e+00
9.171834366873374833e-01	3.729511333553586105e+00	3.120650359999999957e+00	-2.870744024205749145e+00
9.181836367273454869e-01	3.728807331440899819e+00	3.159501800000000138e+00	-2.707575592536560993e+00
9.191838367673534904e-01	3.729531188897558636e+00	3.094749400000000428e+00	-2.511773474533535389e+00
9.201840368073614940e-01	3.730989335461295298e+00	3.101224640000000310e+00	-2.936011396873424495e+00
9.211842368473694975e-01	3.730943746148767115e+00	3.101224640000000310e+00	-2.381238729198184689e+00
9.221844368873775011e-01	3.729589712317994188e+00	3.094749400000000428e+00	-2.446506101865860039e+00
9.231846369273855046e-01	3.729139390736506243e+00	3.068848440000000455e+00	-2.479139788199697936e+00
9.241848369673935082e-01	3.729950959148315537e+00	3.075323679999999893e+00	-2.283337670196671887e+00
9.251850370074015117e-01	3.730189411660163934e+00	3.068848440000000455e+00	-2.642308219868886088e+00
9.261852370474095153e-01	3.729183101309686776e+00	3.094749400000000428e+00	-2.511773474533535389e+00
9.271854370874175189e-01	3.728202707820089223e+00	3.075323679999999893e+00	-2.413872415532022586e+00
9.281856371274255224e-01	3.728410868931917310e+00	3.068848440000000455e+00	-2.479139788199697936e+00
9.291858371674335260e-01	3.729036644778438436e+00	3.042947480000000038e+00	-2.315971356530509784e+00
9.301860372074415295e-01	3.728793988457947961e+00	3.088274160000000101e+00	-2.446506101865860039e+00
9.311862372474495331e-01	3.728528793158028876e+00	3.023521760000000391e+00	-2.348605042864347237e+00
9.321864372874575366e-01	3.728940214539274933e+00	3.029997000000000273e+00	-2.381238729198184689e+00
9.331866373274655402e-01	3.729069255062394284e+00	3.023521760000000391e+00	-2.577040847201210738e+00
9.341868373674735437e-01	3.729352449385021195e+00	3.004096040000000301e+00	-2.413872415532022586e+00
9.351870374074815473e-01	3.730516112405961593e+00	3.023521760000000391e+00	-2.413872415532022586e+00
9.361872374474895508e-01	3.730914591378568623e+00	3.023521760000000391e+00	-2.446506101865860039e+00
9.371874374874975544e-01	3.729658060738891390e+00	3.004096040000000301e+00	-2.315971356530509784e+00
9.381876375275055580e-01	3.728656703440364151e+00	2.991145560000000536e+00	-2.511773474533535389e+00
9.391878375675134505e-01	3.729177736248395991e+00	2.971719840000000001e+00	-2.152802924861321632e+00
9.401880376075214540e-01	3.729769268487735268e+00	3.042947480000000038e+00	-2.413872415532022586e+00
9.411882376475294576e-01	3.728735957709091053e+00	2.958769360000000237e+00	-2.185436611195159529e+00
9.421884376875374612e-01	3.727024477001450453e+00	2.984670320000000210e+00	-2.479139788199697936e+00
9.431886377275454647e-01	3.726848820856197175e+00	2.939343640000000146e+00	-2.642308219868886088e+00
9.441888377675534683e-01	3.728162618563997110e+00	2.926393160000000382e+00	-2.479139788199697936e+00
9.451890378075614718e-01	3.729413510784292729e+00	2.829264560000000372e+00	-2.936011396873424495e+00
9.461892378475694754e-01	3.729933048684090480e+00	2.958769360000000237e+00	-2.218070297528996981e+00
9.471894378875774789e-01	3.730130550376403953e+00	2.926393160000000382e+00	-2.348605042864347237e+00
9.481896379275854825e-01	3.730717657849030200e+00	2.900492199999999965e+00	-2.022268179525970933e+00
9.491898379675934860e-01	3.730790821764470078e+00	2.894016960000000527e+00	-2.185436611195159529e+00
9.501900380076014896e-01	3.729257705318522742e+00	2.958769360000000237e+00	-2.413872415532022586e+00
9.511902380476094931e-01	3.727784864703703072e+00	2.894016960000000527e+00	-2.446506101865860039e+00
9.521904380876174967e-01	3.728032901608057337e+00	2.868116000000000110e+00	-2.511773474533535389e+00
9.531906381276255003e-01	3.729269582512708681e+00	2.894016960000000527e+00	-2.511773474533535389e+00
9.541908381676335038e-01	3.730150832962399576e+00	2.829264560000000372e+00	-2.283337670196671887e+00
9.551910382076415074e-01	3.730058076158404567e+00	2.751561680000000454e+00	-2.413872415532022586e+00
9.561912382476495109e-01	3.729540669135125608e+00	2.848690280000000463e+00	-2.022268179525970933e+00
9.571914382876575145e-01	3.729696884484312580e+00	2.829264560000000372e+00	-1.989634493192133702e+00
9.581916383276655180e-01	3.730247365314556696e+00	2.861640760000000228e+00	-2.185436611195159529e+00
9.591918383676735216e-01	3.729402830023427207e+00	2.868116000000000110e+00	-1.957000806858295805e+00
9.601920384076815251e-01	3.727453707495111068e+00	2.829264560000000372e+00	-2.479139788199697936e+00
9.611922384476895287e-01	3.727346571313478574e+00	2.887541720000000200e+00	-2.381238729198184689e+00
9.621924384876975322e-01	3.729290915924564853e+00	2.861640760000000228e+00	-2.315971356530509784e+00
9.631926385277055358e-01	3.730778268305488865e+00	2.796888360000000517e+00	-2.413872415532022586e+00
9.641928385677135394e-01	3.731097588325726466e+00	2.796888360000000517e+00	-2.022268179525970933e+00
9.651930386077215429e-01	3.730644164520514838e+00	2.783937880000000309e+00	-2.185436611195159529e+00
9.661932386477295465e-01	3.730129321507484885e+00	2.790413120000000191e+00	-1.957000806858295805e+00
9.671934386877375500e-01	3.730526156527957049e+00	2.667383560000000209e+00	-1.924367120524458352e+00
9.681936387277455536e-01	3.730786828296290825e+00	2.745086440000000128e+00	-2.381238729198184689e+00
9.691938387677535571e-01	3.729695597408538177e+00	2.764512159999999774e+00	-2.185436611195159529e+00
9.701940388077615607e-01	3.728646409811564588e+00	2.660908319999999883e+00	-2.283337670196671887e+00
9.711942388477695642e-01	3.728942472108520700e+00	2.745086440000000128e+00	-2.348605042864347237e+00
9.721944388877775678e-01	3.729958793342808665e+00	2.783937880000000309e+00	-2.218070297528996981e+00
9.731946389277855713e-01	3.730946361308564274e+00	2.680334040000000417e+00	-2.152802924861321632e+00
9.741948389677935749e-01	3.731752109508901682e+00	2.686809280000000300e+00	-2.022268179525970933e+00
9.751950390078015785e-01	3.732221482856366457e+00	2.654433080000000444e+00	-2.087535552193646726e+00
9.761952390478095820e-01	3.732225160429146094e+00	2.783937880000000309e+00	-2.054901865859808829e+00
9.771954390878175856e-01	3.731766774098078443e+00	2.667383560000000209e+00	-2.022268179525970933e+00
9.781956391278255891e-01	3.730938960461067655e+00	2.680334040000000417e+00	-2.152802924861321632e+00
9.791958391678335927e-01	3.729874483380530847e+00	2.609106400000000381e+00	-2.218070297528996981e+00
9.801960392078415962e-01	3.728983199620726108e+00	2.596155920000000172e+00	-2.054901865859808829e+00
9.811962392478495998e-01	3.729137604996054733e+00	2.583205440000000408e+00	-2.120169238527484179e+00
9.821964392878576033e-01	3.730294988612672835e+00	2.680334040000000417e+00	-1.891733434190620455e+00
9.831966393278656069e-01	3.731269388871108372e+00	2.570254960000000199e+00	-2.022268179525970933e+00
9.841968393678736104e-01	3.731907214370167480e+00	2.570254960000000199e+00	-1.859099747856782781e+00
9.851970394078816140e-01	3.732597250883178841e+00	2.518453040000000698e+00	-1.957000806858295805e+00
9.861972394478896176e-01	3.732631046851428547e+00	2.524928280000000136e+00	-1.957000806858295805e+00
9.871974394878976211e-01	3.731698204664271934e+00	2.375997759999999737e+00	-2.152802924861321632e+00
9.881976395279056247e-01	3.730857603355713703e+00	2.511977800000000371e+00	-1.924367120524458352e+00
9.891978395679136282e-01	3.730746487386426224e+00	2.570254960000000199e+00	-2.022268179525970933e+00
9.901980396079216318e-01	3.730738166690305224e+00	2.511977800000000371e+00	-1.957000806858295805e+00
9.911982396479296353e-01	3.730664993833446186e+00	2.511977800000000371e+00	-2.087535552193646726e+00
9.921984396879376389e-01	3.730719163888859491e+00	2.537878760000000344e+00	-1.663297629853757176e+00
9.931986397279456424e-01	3.730432961569435157e+00	2.544354000000000227e+00	-1.924367120524458352e+00
9.941988397679536460e-01	3.730116261933072330e+00	2.440750159999999891e+00	-1.891733434190620455e+00
9.951990398079616496e-01	3.730233937846739956e+00	2.427799679999999682e+00	-1.989634493192133702e+00
9.961992398479695421e-01	3.730407254749763979e+00	2.395423479999999827e+00	-2.120169238527484179e+00
9.971994398879775456e-01	3.730823757017048159e+00	2.460175879999999982e+00	-1.957000806858295805e+00
9.981996399279855492e-01	3.731773266095011365e+00	2.434274920000000009e+00	-2.120169238527484179e+00
9.991998399679935527e-01	3.732501998297116153e+00	2.343621559999999882e+00	-1.402228139183055999e+00
1.000200040008001556e+00	3.732486114935405386e+00	2.421324440000000244e+00	-1.761198688855269978e+00
1.001200240048009560e+00	3.732715352034708278e+00	2.401898720000000154e+00	-1.630663943519919501e+00
1.002200440088017563e+00	3.733533853986748419e+00	2.382473000000000063e+00	-1.565396570852244151e+00
1.003200640128025567e+00	3.733102410048571240e+00	2.395423479999999827e+00	-1.793832375189107875e+00
1.004200840168033571e+00	3.730716347987649950e+00	2.414849199999999918e+00	-1.826466061522945328e+00
1.005201040208041574e+00	3.728893997368058155e+00	2.317720599999999909e+00	-1.957000806858295805e+00
1.006201240248049578e+00	3.729846536333501827e+00	2.311245360000000026e+00	-2.022268179525970933e+00
1.007201440288057581e+00	3.732012174260655790e+00	2.252968199999999754e+00	-1.728565002521432525e+00
1.008201640328065585e+00	3.732864779678268352e+00	2.317720599999999909e+00	-1.924367120524458352e+00
1.009201840368073588e+00	3.732565923323242441e+00	2.291819639999999936e+00	-1.369594452849218325e+00
1.010202040408081592e+00	3.732352239861210119e+00	2.285344400000000054e+00	-1.467495511850731349e+00
1.011202240448089595e+00	3.732816095494084330e+00	2.246492959999999872e+00	-1.663297629853757176e+00
1.012202440488097599e+00	3.733245590848663920e+00	2.240017719999999990e+00	-1.663297629853757176e+00
1.013202640528105603e+00	3.732434024266182870e+00	2.337146319999999999e+00	-1.859099747856782781e+00
1.014202840568113606e+00	3.731743446460480396e+00	2.168790079999999953e+00	-1.728565002521432525e+00
1.015203040608121610e+00	3.732803568603012767e+00	2.168790079999999953e+00	-1.728565002521432525e+00
1.016203240648129613e+00	3.734008473793039240e+00	2.149364359999999863e+00	-1.826466061522945328e+00
1.017203440688137617e+00	3.733477440099545408e+00	2.078136719999999826e+00	-1.239059707513868069e+00
1.018203640728145620e+00	3.731956719344307949e+00	2.149364359999999863e+00	-1.467495511850731349e+00
1.019203840768153624e+00	3.731573733073128452e+00	2.207641520000000135e+00	-1.532762884518406477e+00
1.020204040808161627e+00	3.732802308975564198e+00	2.116988160000000008e+00	-1.239059707513868069e+00
1.021204240848169631e+00	3.733958549436400709e+00	2.065186240000000062e+00	-1.761198688855269978e+00
1.022204440888177635e+00	3.733962302786110410e+00	2.104037679999999799e+00	-1.500129198184569024e+00
1.023204640928185638e+00	3.733262334301362451e+00	1.968057640000000053e+00	-1.728565002521432525e+00
1.024204840968193642e+00	3.732847593730534985e+00	2.278869160000000171e+00	-1.695931316187594851e+00
1.025205041008201645e+00	3.733382097888578333e+00	2.123463399999999890e+00	-1.336960766515380872e+00
1.026205241048209649e+00	3.734194077104096454e+00	2.116988160000000008e+00	-1.630663943519919501e+00
1.027205441088217652e+00	3.734196086930191338e+00	2.026334799999999881e+00	-1.434861825516893896e+00
1.028205641128225656e+00	3.733920729357259383e+00	1.845028079999999848e+00	-1.369594452849218325e+00
1.029205841168233659e+00	3.734210521672514993e+00	1.922730959999999989e+00	-1.369594452849218325e+00
1.030206041208241663e+00	3.734214332464719455e+00	1.968057640000000053e+00	-1.402228139183055999e+00
1.031206241248249666e+00	3.733309924176963612e+00	1.922730959999999989e+00	-1.467495511850731349e+00
1.032206441288257670e+00	3.732726061566795650e+00	1.922730959999999989e+00	-1.500129198184569024e+00
1.033206641328265674e+00	3.733680941828725341e+00	1.987483359999999921e+00	-1.336960766515380872e+00
1.034206841368273677e+00	3.735507595837789019e+00	1.903305239999999898e+00	-1.434861825516893896e+00
1.035207041408281681e+00	3.736537210563056988e+00	1.948631919999999962e+00	-1.075891275844679917e+00
1.036207241448289684e+00	3.736197414277283801e+00	1.903305239999999898e+00	-1.434861825516893896e+00
1.037207441488297688e+00	3.734919333672834352e+00	1.870929040000000043e+00	-1.304327080181543197e+00
1.038207641528305691e+00	3.733458746518672378e+00	1.832077599999999862e+00	-1.336960766515380872e+00
1.039207841568313695e+00	3.733406771981139016e+00	1.890354760000000134e+00	-1.304327080181543197e+00
1.040208041608321698e+00	3.734982892323053694e+00	1.819127120000000097e+00	-1.271693393847705744e+00
1.041208241648329702e+00	3.735736464722838157e+00	1.832077599999999862e+00	-1.239059707513868069e+00
1.042208441688337706e+00	3.735267528694340644e+00	1.799701400000000007e+00	-1.369594452849218325e+00
1.043208641728345709e+00	3.735816201412387905e+00	1.819127120000000097e+00	-1.043257589510842243e+00
1.044208841768353713e+00	3.737053697241458305e+00	1.670196599999999920e+00	-1.206426021180030395e+00
1.045209041808361716e+00	3.737189865682737366e+00	1.825602359999999980e+00	-1.010623903177004790e+00
1.046209241848369720e+00	3.736088314745904526e+00	1.780275679999999916e+00	-1.239059707513868069e+00
1.047209441888377723e+00	3.733886275950312417e+00	1.780275679999999916e+00	-1.075891275844679917e+00
1.048209641928385727e+00	3.731730886873414033e+00	1.709048039999999880e+00	-1.369594452849218325e+00
1.049209841968393730e+00	3.732261619757634374e+00	1.709048039999999880e+00	-1.500129198184569024e+00
1.050210042008401734e+00	3.735422884567551449e+00	1.741424239999999957e+00	-1.206426021180030395e+00
1.051210242048409738e+00	3.737785947777300777e+00	1.670196599999999920e+00	-1.304327080181543197e+00
1.052210442088417741e+00	3.737700856592095722e+00	1.793226159999999902e+00	-8.800891578416540906e-01
1.053210642128425745e+00	3.737209786757167862e+00	1.696097560000000115e+00	-1.043257589510842243e+00
1.054210842168433748e+00	3.737904490777961719e+00	1.586018479999999897e+00	-8.148217851739789630e-01
1.055211042208441752e+00	3.738487846577776885e+00	1.488889879999999888e+00	-9.127228441754917654e-01
1.056211242248449755e+00	3.737750135357698067e+00	1.579543240000000015e+00	-1.239059707513868069e+00
1.057211442288457759e+00	3.736413781253475008e+00	1.553642280000000042e+00	-1.075891275844679917e+00
1.058211642328465762e+00	3.735963567403807417e+00	1.514790839999999861e+00	-1.271693393847705744e+00
1.059211842368473766e+00	3.737543848220237219e+00	1.644295639999999947e+00	-1.108524962178517592e+00
1.060212042408481770e+00	3.740146487108451989e+00	1.586018479999999897e+00	-8.800891578416540906e-01
1.061212242448489773e+00	3.741201066042663559e+00	1.540691800000000056e+00	-9.453565305093293292e-01
1.062212442488497777e+00	3.740253488870839416e+00	1.456513680000000033e+00	-7.821880988401412882e-01
1.063212642528505780e+00	3.739036577888093404e+00	1.469464160000000019e+00	-5.863859808371156834e-01
1.064212842568513784e+00	3.738773980311348666e+00	1.462988919999999915e+00	-1.010623903177004790e+00
1.065213042608521787e+00	3.739166379264522444e+00	1.443563199999999824e+00	-6.190196671709531362e-01
1.066213242648529791e+00	3.739180475607204457e+00	1.411186999999999969e+00	-1.239059707513868069e+00
1.067213442688537794e+00	3.738879348300778283e+00	1.469464160000000019e+00	-1.108524962178517592e+00
1.068213642728545798e+00	3.739057367821431388e+00	1.417662239999999851e+00	-8.148217851739789630e-01
1.069213842768553802e+00	3.739635377276944173e+00	1.391761279999999878e+00	-9.127228441754917654e-01
1.070214042808561805e+00	3.740225874670079609e+00	1.411186999999999969e+00	-8.148217851739789630e-01
1.071214242848569809e+00	3.740404366962911453e+00	1.333484120000000051e+00	-6.190196671709531362e-01
1.072214442888577812e+00	3.740028784802921447e+00	1.352909840000000141e+00	-7.821880988401412882e-01
1.073214642928585816e+00	3.740052532450162115e+00	1.346434599999999815e+00	-6.842870398386284858e-01
1.074214842968593819e+00	3.740879172587096235e+00	1.275206959999999778e+00	-9.779902168431670040e-01
1.075215043008601823e+00	3.741394549840689532e+00	1.372335560000000010e+00	-7.495544125063037244e-01
1.076215243048609826e+00	3.740992068328423681e+00	1.158652640000000122e+00	-8.148217851739789630e-01
1.077215443088617830e+00	3.740385123449232907e+00	1.307583159999999856e+00	-9.127228441754917654e-01
1.078215643128625834e+00	3.740300661526153814e+00	1.229880280000000159e+00	-6.190196671709531362e-01
1.079215843168633837e+00	3.740917887258095487e+00	1.301107919999999973e+00	-6.842870398386284858e-01
1.080216043208641841e+00	3.741827140308836785e+00	1.087425000000000086e+00	-5.863859808371156834e-01
1.081216243248649622e+00	3.742076152515857679e+00	1.236355520000000041e+00	-5.537522945032778976e-01
1.082216443288657626e+00	3.741723228713707883e+00	1.184553600000000095e+00	-7.169207261724660496e-01
1.083216643328665629e+00	3.742120996029251856e+00	1.262256480000000014e+00	-6.516533535047908110e-01
1.084216843368673633e+00	3.743329285791413330e+00	1.126276440000000045e+00	-7.169207261724660496e-01
1.085217043408681636e+00	3.744039091410605646e+00	1.087425000000000086e+00	-7.495544125063037244e-01
1.086217243448689640e+00	3.743833120078747356e+00	1.113325960000000059e+00	-5.537522945032778976e-01
1.087217443488697644e+00	3.743358296197401458e+00	1.165127880000000005e+00	-6.842870398386284858e-01
1.088217643528705647e+00	3.743385834426383507e+00	1.184553600000000095e+00	-6.190196671709531362e-01
1.089217843568713651e+00	3.743852261235530055e+00	1.074474520000000100e+00	-5.211186081694403338e-01
1.090218043608721654e+00	3.743893003193494717e+00	8.802173200000000808e-01	-4.884849218356027145e-01
1.091218243648729658e+00	3.743241977079700522e+00	1.087425000000000086e+00	-4.232175491679274204e-01
1.092218443688737661e+00	3.742969987102930496e+00	1.035623080000000140e+00	-4.884849218356027145e-01
1.093218643728745665e+00	3.743900650686940779e+00	9.967716399999999588e-01	-5.211186081694403338e-01
1.094218843768753668e+00	3.744655493159726678e+00	9.773459200000000902e-01	-2.926828038325769432e-01
1.095219043808761672e+00	3.743904314918807597e+00	9.579201999999999995e-01	-3.579501765002521818e-01
1.096219243848769676e+00	3.742992671778345493e+00	1.067999279999999995e+00	-2.926828038325769432e-01
1.097219443888777679e+00	3.743223655920369985e+00	9.320192400000000266e-01	-4.232175491679274204e-01
1.098219643928785683e+00	3.743756895141003849e+00	1.093900239999999968e+00	-1.947817448310640853e-01
1.099219843968793686e+00	3.743958523959647788e+00	8.996430400000000605e-01	-4.232175491679274204e-01
1.100220044008801690e+00	3.744179798065915499e+00	8.866925599999999630e-01	-3.579501765002521818e-01
1.101220244048809693e+00	3.744411751871765226e+00	9.902964000000000766e-01	-4.558512355017650397e-01
1.102220444088817697e+00	3.745059934303137883e+00	8.607915999999999901e-01	-4.232175491679274204e-01
1.103220644128825700e+00	3.746812004368880178e+00	8.737420800000000876e-01	-3.161331316187596802e-02
1.104220844168833704e+00	3.748556123683466357e+00	9.061182800000000537e-01	-4.232175491679274204e-01
1.105221044208841708e+00	3.748684370071472927e+00	8.672668400000000943e-01	-6.424699949571360813e-02
1.106221244248849711e+00	3.747607736911022336e+00	6.665344000000000824e-01	-2.274154311649017046e-01
1.107221444288857715e+00	3.746758899376978480e+00	7.507125199999999943e-01	-9.688068582955121355e-02
1.108221644328865718e+00	3.746456446445877386e+00	8.219401600000000307e-01	1.020373171961676869e-03
1.109221844368873722e+00	3.745566737253042788e+00	7.701382400000000850e-01	-6.842870398386284858e-01
1.110222044408881725e+00	3.744276310850753298e+00	7.442372800000001121e-01	-6.190196671709531362e-01
1.111222244448889729e+00	3.745445270962578732e+00	6.924353600000000553e-01	-3.579501765002521818e-01
1.112222444488897732e+00	3.749308505158071902e+00	7.183363200000001392e-01	-4.232175491679274204e-01
1.113222644528905736e+00	3.751548007978648069e+00	7.118610800000001460e-01	-6.424699949571360813e-02
1.114222844568913739e+00	3.750567914954729964e+00	6.859601199999999510e-01	-9.688068582955121355e-02
1.115223044608921743e+00	3.749343624797364161e+00	6.212077200000000188e-01	9.892143217347457163e-02
1.116223244648929747e+00	3.748851882455774831e+00	5.564553199999999755e-01	1.968224911749873740e-01
1.117223444688937750e+00	3.748103632570304100e+00	4.981781600000000365e-01	-4.558512355017650397e-01
1.118223644728945754e+00	3.747852402494406654e+00	6.406334400000001095e-01	-9.688068582955121355e-02
1.119223844768953757e+00	3.748548059385373943e+00	7.442372800000001121e-01	-3.253164901664145625e-01
1.120224044808961761e+00	3.749710826752481019e+00	6.406334400000001095e-01	-2.274154311649017046e-01
1.121224244848969764e+00	3.751303267871365588e+00	6.924353600000000553e-01	-9.688068582955121355e-02
1.122224444888977768e+00	3.752941448043323636e+00	7.248115600000000214e-01	-6.424699949571360813e-02
1.123224644928985771e+00	3.753563765027356336e+00	6.535839199999999849e-01	9.892143217347457163e-02
1.124224844968993775e+00	3.752608181786945885e+00	6.147324800000000256e-01	1.315551185073121632e-01
1.125225045009001779e+00	3.751463615913213978e+00	5.046534000000000297e-01	1.020373171961676869e-03
1.126225245049009782e+00	3.751377158034369774e+00	4.528514799999999729e-01	1.315551185073121632e-01
1.127225445089017786e+00	3.751767748283640902e+00	4.463762399999999797e-01	-1.947817448310640853e-01
1.128225645129025789e+00	3.752405723367243873e+00	4.334257600000001043e-01	-9.688068582955121355e-02
1.129225845169033793e+00	3.752879458605085983e+00	4.787524399999999458e-01	-3.161331316187596802e-02
1.130226045209041796e+00	3.752483487701794296e+00	5.499800799999999823e-01	-3.161331316187596802e-02
1.131226245249049800e+00	3.752595907744949333e+00	4.528514799999999729e-01	1.315551185073121632e-01
1.132226445289057803e+00	3.754333758081093819e+00	2.909704799999999758e-01	1.641888048411497825e-01
1.133226645329065807e+00	3.755694568873931605e+00	3.492476399999999703e-01	1.641888048411497825e-01
1.134226845369073811e+00	3.754863347488930803e+00	4.010495599999999716e-01	3.273572365103378790e-01
1.135227045409081814e+00	3.753276906127709367e+00	4.399010000000000420e-01	6.628774583963688294e-02
1.136227245449089818e+00	3.753180962382089980e+00	3.880990800000000407e-01	6.628774583963688294e-02
1.137227445489097821e+00	3.754647956317620050e+00	3.362971600000000394e-01	3.365405950579927752e-02
1.138227645529105825e+00	3.756054840176336285e+00	2.780200000000000449e-01	1.020373171961676869e-03
1.139227845569113828e+00	3.756366516793208543e+00	3.362971600000000394e-01	1.968224911749873740e-01
1.140228045609121832e+00	3.756384711685228694e+00	4.269505200000000000e-01	1.641888048411497825e-01
1.141228245649129835e+00	3.757229435197811274e+00	3.039209600000000178e-01	2.947235501765002597e-01
1.142228445689137839e+00	3.758222448276585581e+00	2.326933200000000090e-01	2.294561775088249655e-01
1.143228645729145843e+00	3.757860563163435419e+00	3.103962000000000110e-01	1.315551185073121632e-01
1.144228845769153846e+00	3.756066066948124949e+00	3.751485999999999432e-01	1.968224911749873740e-01
1.145229045809161850e+00	3.754883587824830560e+00	2.909704799999999758e-01	2.294561775088249655e-01
1.146229245849169853e+00	3.756293997739220902e+00	3.039209600000000178e-01	1.641888048411497825e-01
1.147229445889177857e+00	3.758732625012917161e+00	3.233466799999999974e-01	2.620898638426626404e-01
1.148229645929185860e+00	3.759591860610718594e+00	1.808914000000000077e-01	1.968224911749873740e-01
1.149229845969193864e+00	3.759524262969754727e+00	2.650695199999999474e-01	4.578919818456884672e-01
1.150230046009201867e+00	3.759649282907514767e+00	2.197428399999999948e-01	3.273572365103378790e-01
1.151230246049209871e+00	3.759288952339338685e+00	1.938418799999999942e-01	3.599909228441755538e-01
1.152230446089217875e+00	3.758515952544852379e+00	1.096637599999999990e-01	2.620898638426626404e-01
1.153230646129225878e+00	3.758236467305257733e+00	7.081231999999999804e-02	2.294561775088249655e-01
1.154230846169233882e+00	3.758567668985066224e+00	1.485152000000000139e-01	2.294561775088249655e-01
1.155231046209241885e+00	3.759768555560939696e+00	1.679409199999999935e-01	6.628774583963688294e-02
1.156231246249249889e+00	3.761899766996060102e+00	1.161389999999999922e-01	4.905256681795260310e-01
1.157231446289257892e+00	3.763337487079110755e+00	1.355647199999999997e-01	1.641888048411497825e-01
1.158231646329265896e+00	3.762764348236630862e+00	1.485152000000000139e-01	6.863277861825517467e-01
1.159231846369273899e+00	3.761300695461152532e+00	3.816238400000000475e-01	2.947235501765002597e-01
1.160232046409281903e+00	3.760935606221169625e+00	1.161389999999999922e-01	6.210604135148766192e-01
1.161232246449289907e+00	3.761588959352027306e+00	1.355647199999999997e-01	6.210604135148766192e-01
1.162232446489297910e+00	3.761843567344795414e+00	4.491135999999999739e-02	2.294561775088249655e-01
1.163232646529305914e+00	3.761896167624744436e+00	-5.221724000000000504e-02	1.968224911749873740e-01
1.164232846569313917e+00	3.762406319767853002e+00	3.196087999999999707e-02	2.947235501765002597e-01
1.165233046609321921e+00	3.763110075817047484e+00	1.253515999999999658e-02	9.892143217347457163e-02
1.166233246649329924e+00	3.763976332114973733e+00	5.138659999999999756e-02	8.821299041855775735e-01
1.167233446689337928e+00	3.764719328119080721e+00	6.059919999999996421e-03	8.168625315179022239e-01
1.168233646729345931e+00	3.764866126197501828e+00	-7.811819999999999875e-02	6.210604135148766192e-01
1.169233846769353935e+00	3.764722526702886984e+00	7.728756000000000514e-02	7.515951588502269853e-01
1.170234046809361939e+00	3.764648192794174619e+00	-4.153200000000037417e-04	2.947235501765002597e-01
1.171234246849369942e+00	3.764766793757756247e+00	5.138659999999999756e-02	4.905256681795260310e-01
1.172234446889377946e+00	3.765065999131608887e+00	1.901039999999999675e-02	3.599909228441755538e-01
1.173234646929385949e+00	3.765334348274605336e+00	-5.869248000000000520e-02	4.252582955118507924e-01
1.174234846969393953e+00	3.766122516229811090e+00	-6.516772000000001230e-02	4.905256681795260310e-01
1.175235047009401956e+00	3.767739242127733146e+00	-8.459344000000000585e-02	5.557930408472013806e-01
1.176235247049409960e+00	3.768565517031732259e+00	-5.869248000000000520e-02	7.515951588502269853e-01
1.177235447089417963e+00	3.767796722229772133e+00	-7.811819999999999875e-02	7.189614725163894215e-01
1.178235647129425967e+00	3.767069037429792822e+00	-1.363953600000000210e-01	4.905256681795260310e-01
1.179235847169433971e+00	3.767556014054022295e+00	-2.631628000000000439e-02	7.515951588502269853e-01
1.180236047209441974e+00	3.768586781660288043e+00	-1.428706000000000143e-01	4.578919818456884672e-01
1.181236247249449978e+00	3.768942783006481889e+00	-1.363953600000000210e-01	5.884267271810389444e-01
1.182236447289457981e+00	3.768503994748086061e+00	-1.169696400000000136e-01	6.210604135148766192e-01
1.183236647329465985e+00	3.768390076336304961e+00	-1.622963199999999939e-01	6.536940998487140719e-01
1.184236847369473988e+00	3.769155682850544142e+00	-1.817220400000000013e-01	6.863277861825517467e-01
1.185237047409481992e+00	3.770319547404909155e+00	-2.918011200000000249e-01	7.842288451840646601e-01
1.186237247449489995e+00	3.771182829157084804e+00	-2.399992000000000236e-01	7.189614725163894215e-01
1.187237447489497999e+00	3.771004403681634809e+00	-1.622963199999999939e-01	7.842288451840646601e-01
1.188237647529506003e+00	3.770077239233565525e+00	-2.335239600000000026e-01	6.210604135148766192e-01
1.189237847569514006e+00	3.769983927531898260e+00	-2.399992000000000236e-01	6.210604135148766192e-01
1.190238047609522010e+00	3.771338210748656827e+00	-3.500782800000000750e-01	6.863277861825517467e-01
1.191238247649530013e+00	3.772912861863980893e+00	-3.047516000000000114e-01	5.884267271810389444e-01
1.192238447689538017e+00	3.773241525880332237e+00	-2.270487200000000094e-01	8.168625315179022239e-01
1.193238647729546020e+00	3.772250485188751501e+00	-2.140982399999999952e-01	8.168625315179022239e-01
1.194238847769554024e+00	3.771433284163496324e+00	-2.659001599999999965e-01	8.168625315179022239e-01
1.195239047809561805e+00	3.771623100048307364e+00	-3.436030400000000262e-01	8.494962178517398987e-01
1.196239247849569809e+00	3.772015865034138216e+00	-2.723753999999999897e-01	7.515951588502269853e-01
1.197239447889577812e+00	3.772704365846720975e+00	-2.788506400000000385e-01	6.863277861825517467e-01
1.198239647929585816e+00	3.774510398676468981e+00	-2.853258800000000317e-01	8.494962178517398987e-01
1.199239847969593820e+00	3.776044065925255211e+00	-2.140982399999999952e-01	8.168625315179022239e-01
1.200240048009601823e+00	3.775687724549246838e+00	-1.817220400000000013e-01	9.147635905194151373e-01
1.201240248049609827e+00	3.774997129972511356e+00	-1.687715600000000149e-01	7.842288451840646601e-01
1.202240448089617830e+00	3.775329145398816699e+00	-3.306525599999999843e-01	1.110565708522440964e+00
1.203240648129625834e+00	3.775429979320831020e+00	-3.241773200000000466e-01	7.842288451840646601e-01
1.204240848169633837e+00	3.775466938998750077e+00	-3.824544800000000411e-01	9.147635905194151373e-01
1.205241048209641841e+00	3.776388885473268342e+00	-3.371277999999999775e-01	7.515951588502269853e-01
1.206241248249649844e+00	3.776671467409319582e+00	-2.399992000000000236e-01	6.536940998487140719e-01
1.207241448289657848e+00	3.776057087219415909e+00	-3.177020799999999978e-01	7.842288451840646601e-01
1.208241648329665852e+00	3.776833702214795085e+00	-3.695039999999999436e-01	4.578919818456884672e-01
1.209241848369673855e+00	3.778761681449828824e+00	-4.213059199999999449e-01	1.241100453857791219e+00
1.210242048409681859e+00	3.779673897550590578e+00	-4.407316399999999801e-01	7.842288451840646601e-01
1.211242248449689862e+00	3.779593022918606771e+00	-2.918011200000000249e-01	1.208466767523953767e+00
1.212242448489697866e+00	3.779197599327750012e+00	-3.954049599999999165e-01	1.077932022188603289e+00
1.213242648529705869e+00	3.778591223314489156e+00	-3.824544800000000411e-01	1.045298335854765615e+00
1.214242848569713873e+00	3.778378837899127429e+00	-4.148306800000000072e-01	9.473972768532528121e-01
1.215243048609721876e+00	3.778752546891192665e+00	-3.500782800000000750e-01	8.168625315179022239e-01
1.216243248649729880e+00	3.779585927544352408e+00	-5.508107199999999759e-01	6.210604135148766192e-01
1.217243448689737884e+00	3.780459115894829303e+00	-5.119592800000000166e-01	9.800309631870904870e-01
1.218243648729745887e+00	3.780689349970456803e+00	-4.342563999999999869e-01	7.842288451840646601e-01
1.219243848769753891e+00	3.780930998884615146e+00	-4.731078399999999462e-01	1.241100453857791219e+00
1.220244048809761894e+00	3.781225280067301409e+00	-5.119592800000000166e-01	1.045298335854765615e+00
1.221244248849769898e+00	3.780574909091611868e+00	-3.436030400000000262e-01	1.110565708522440964e+00
1.222244448889777901e+00	3.780251698779609093e+00	-5.249097599999998920e-01	1.110565708522440964e+00
1.223244648929785905e+00	3.781403209429980095e+00	-4.990087999999999191e-01	9.147635905194151373e-01
1.224244848969793908e+00	3.782211834689440888e+00	-5.249097599999998920e-01	1.045298335854765615e+00
1.225245049009801912e+00	3.781807629771994694e+00	-5.572859600000000802e-01	8.168625315179022239e-01
1.226245249049809916e+00	3.782297221106452945e+00	-5.443354799999999827e-01	8.494962178517398987e-01
1.227245449089817919e+00	3.784407295390627812e+00	-6.220383600000000124e-01	1.143199394856278639e+00
1.228245649129825923e+00	3.785679254703636420e+00	-4.536821200000000776e-01	1.175833081190116092e+00
1.229245849169833926e+00	3.785131989934213514e+00	-5.313849999999999962e-01	1.110565708522440964e+00
1.230246049209841930e+00	3.784537841590533080e+00	-5.572859600000000802e-01	1.339001512859304244e+00
1.231246249249849933e+00	3.784038645063155570e+00	-6.867907599999999446e-01	8.494962178517398987e-01
1.232246449289857937e+00	3.782986154092749853e+00	-4.536821200000000776e-01	1.175833081190116092e+00
1.233246649329865940e+00	3.783183176306962991e+00	-5.767116799999999488e-01	8.168625315179022239e-01
1.234246849369873944e+00	3.785074137893853496e+00	-5.249097599999998920e-01	1.012664649520927940e+00
1.235247049409881948e+00	3.786063911995694475e+00	-6.026126399999999217e-01	1.077932022188603289e+00
1.236247249449889951e+00	3.785806898603194970e+00	-6.738402799999999582e-01	1.012664649520927940e+00
1.237247449489897955e+00	3.786362075216894940e+00	-6.738402799999999582e-01	1.110565708522440964e+00
1.238247649529905958e+00	3.787685904844740659e+00	-6.414640799999999921e-01	1.143199394856278639e+00
1.239247849569913962e+00	3.788383203639920094e+00	-5.249097599999998920e-01	1.208466767523953767e+00
1.240248049609921965e+00	3.788224438134175642e+00	-6.544145599999999785e-01	1.143199394856278639e+00
1.241248249649929969e+00	3.787667245898751478e+00	-5.702364399999999556e-01	1.045298335854765615e+00
1.242248449689937972e+00	3.787296009305368027e+00	-7.580183999999999811e-01	1.143199394856278639e+00
1.243248649729945976e+00	3.787432797633127457e+00	-6.803155199999999514e-01	1.110565708522440964e+00
1.244248849769953980e+00	3.788146271839431645e+00	-6.608898000000000827e-01	1.110565708522440964e+00
1.245249049809961983e+00	3.789555444968037090e+00	-6.155631200000000192e-01	1.306367826525466569e+00
1.246249249849969987e+00	3.790663968902814762e+00	-6.285136000000000056e-01	1.110565708522440964e+00
1.247249449889977990e+00	3.790435696102123497e+00	-8.033450799999999337e-01	1.175833081190116092e+00
1.248249649929985994e+00	3.789761921726115368e+00	-6.673650399999999649e-01	1.208466767523953767e+00
1.249249849969993997e+00	3.789722385401658844e+00	-6.932660000000000489e-01	1.175833081190116092e+00
1.250250050010002001e+00	3.790147441433321607e+00	-7.062164799999999243e-01	1.110565708522440964e+00
1.251250250050010004e+00	3.790612932180752459e+00	-6.867907599999999446e-01	1.077932022188603289e+00
1.252250450090018008e+00	3.791245436656392798e+00	-6.285136000000000056e-01	1.175833081190116092e+00
1.253250650130026012e+00	3.791837450215742145e+00	-6.220383600000000124e-01	1.306367826525466569e+00
1.254250850170034015e+00	3.791799144479587991e+00	-6.608898000000000827e-01	1.110565708522440964e+00
1.255251050210042019e+00	3.791963349525409921e+00	-7.709688800000000786e-01	1.436902571860817046e+00
1.256251250250050022e+00	3.793233390326433252e+00	-7.385926799999998904e-01	1.143199394856278639e+00
1.257251450290058026e+00	3.794165212781763330e+00	-6.738402799999999582e-01	1.339001512859304244e+00
1.258251650330066029e+00	3.793274117150735147e+00	-6.220383600000000124e-01	1.077932022188603289e+00
1.259251850370074033e+00	3.791700754522281613e+00	-7.321174399999998972e-01	9.473972768532528121e-01
1.260252050410082036e+00	3.791595510358077181e+00	-6.932660000000000489e-01	1.045298335854765615e+00
1.261252250450090040e+00	3.793413020234511546e+00	-6.932660000000000489e-01	9.147635905194151373e-01
1.262252450490098044e+00	3.795771936280635916e+00	-8.357212800000000108e-01	1.404268885526979593e+00
1.263252650530106047e+00	3.797312860238792886e+00	-7.450679199999999947e-01	1.273734140191629116e+00
1.264252850570114051e+00	3.797482650434042206e+00	-7.321174399999998972e-01	1.502169944528492396e+00
1.265253050610122054e+00	3.796455861967103829e+00	-7.191669600000000218e-01	1.600071003530005198e+00
1.266253250650130058e+00	3.795587271039092769e+00	-7.126917200000000285e-01	1.175833081190116092e+00
1.267253450690138061e+00	3.796025300733218089e+00	-7.256422000000000150e-01	1.175833081190116092e+00
1.268253650730146065e+00	3.796885278956686260e+00	-8.033450799999999337e-01	1.175833081190116092e+00
1.269253850770154068e+00	3.796956600118611025e+00	-7.903945999999999472e-01	1.077932022188603289e+00
1.270254050810162072e+00	3.796847098855163249e+00	-7.580183999999999811e-01	1.306367826525466569e+00
1.271254250850170076e+00	3.797653853049234307e+00	-8.162955600000000311e-01	1.208466767523953767e+00
1.272254450890178079e+00	3.799123593266187981e+00	-7.903945999999999472e-01	1.567437317196167523e+00
1.273254650930186083e+00	3.800066234948928034e+00	-7.191669600000000218e-01	1.469536258194654943e+00
1.274254850970194086e+00	3.799720849209355489e+00	-8.098203199999999269e-01	1.436902571860817046e+00
1.275255051010202090e+00	3.798276377498065681e+00	-8.162955600000000311e-01	1.795873121533031025e+00
1.276255251050210093e+00	3.797206240858806758e+00	-7.709688800000000786e-01	1.175833081190116092e+00
1.277255451090218097e+00	3.798239586004843460e+00	-8.551469999999999905e-01	1.077932022188603289e+00
1.278255651130226100e+00	3.799987659000747975e+00	-9.069489200000000473e-01	1.208466767523953767e+00
1.279255851170234104e+00	3.800250192415035588e+00	-8.745727199999999701e-01	1.175833081190116092e+00
1.280256051210242108e+00	3.800031800807436078e+00	-8.357212800000000108e-01	1.436902571860817046e+00
1.281256251250250111e+00	3.799932321465286034e+00	-7.968698400000000515e-01	1.469536258194654943e+00
1.282256451290258115e+00	3.799494598114979471e+00	-8.486717599999999972e-01	1.534803630862329848e+00
1.283256651330266118e+00	3.799828940753593454e+00	-9.004736800000000541e-01	1.632704689863842651e+00
1.284256851370274122e+00	3.801000961603288708e+00	-9.198994000000000337e-01	1.339001512859304244e+00
1.285257051410282125e+00	3.801603451403366751e+00	-8.162955600000000311e-01	1.339001512859304244e+00
1.286257251450290129e+00	3.801699893094458993e+00	-8.551469999999999905e-01	1.110565708522440964e+00
1.287257451490298132e+00	3.801932388804726948e+00	-9.328498800000000202e-01	1.241100453857791219e+00
1.288257651530306136e+00	3.801854428668220542e+00	-9.069489200000000473e-01	1.371635199193141919e+00
1.289257851570314140e+00	3.801529675466273517e+00	-8.033450799999999337e-01	1.273734140191629116e+00
1.290258051610322143e+00	3.801900994594222372e+00	-8.939984399999999498e-01	1.469536258194654943e+00
1.291258251650330147e+00	3.802780662665766087e+00	-8.162955600000000311e-01	1.502169944528492396e+00
1.292258451690338150e+00	3.803139774324188593e+00	-7.774441199999999608e-01	1.371635199193141919e+00
1.293258651730346154e+00	3.803204651676090009e+00	-8.421965199999998930e-01	1.469536258194654943e+00
1.294258851770354157e+00	3.804024084317092935e+00	-8.227708000000000244e-01	1.306367826525466569e+00
1.295259051810362161e+00	3.805264218423745959e+00	-9.781765600000000838e-01	1.371635199193141919e+00
1.296259251850370164e+00	3.805842998928399279e+00	-8.939984399999999498e-01	1.339001512859304244e+00
1.297259451890378168e+00	3.805864515805408299e+00	-8.292460400000000176e-01	1.371635199193141919e+00
1.298259651930386172e+00	3.805754177285836093e+00	-8.098203199999999269e-01	1.436902571860817046e+00
1.299259851970394175e+00	3.805221297347000764e+00	-7.968698400000000515e-01	1.469536258194654943e+00
1.300260052010402179e+00	3.804468192529914194e+00	-9.328498800000000202e-01	1.404268885526979593e+00
1.301260252050410182e+00	3.804298533566432994e+00	-8.875231999999999566e-01	1.502169944528492396e+00
1.302260452090418186e+00	3.804745723839174421e+00	-8.939984399999999498e-01	1.436902571860817046e+00
1.303260652130426189e+00	3.805460202129028691e+00	-9.069489200000000473e-01	1.469536258194654943e+00
1.304260852170434193e+00	3.806039231599277706e+00	-9.652260799999999863e-01	1.371635199193141919e+00
1.305261052210442196e+00	3.806103797972980818e+00	-9.198994000000000337e-01	1.404268885526979593e+00
1.306261252250450200e+00	3.806364208028096829e+00	-9.134241599999999295e-01	1.502169944528492396e+00
1.307261452290458204e+00	3.806935042355764409e+00	-9.004736800000000541e-01	1.404268885526979593e+00
1.308261652330466207e+00	3.806466263414552742e+00	-8.875231999999999566e-01	1.632704689863842651e+00
1.309261852370473989e+00	3.805485757364458710e+00	-9.652260799999999863e-01	1.273734140191629116e+00
1.310262052410481992e+00	3.805528954666998587e+00	-9.263746400000000270e-01	1.469536258194654943e+00
1.311262252450489996e+00	3.805823024060678073e+00	-9.393251199999999024e-01	1.339001512859304244e+00
1.312262452490497999e+00	3.806032619186652255e+00	-9.522755999999999998e-01	1.208466767523953767e+00
1.313262652530506003e+00	3.807757775164275493e+00	-9.198994000000000337e-01	1.371635199193141919e+00
1.314262852570514006e+00	3.810638784255243383e+00	-9.328498800000000202e-01	1.175833081190116092e+00
1.315263052610522010e+00	3.811702755014002353e+00	-9.004736800000000541e-01	1.697972062531518000e+00
1.316263252650530013e+00	3.810097858509757796e+00	-1.055879440000000002e+00	1.534803630862329848e+00
1.317263452690538017e+00	3.808679721418540165e+00	-9.522755999999999998e-01	1.730605748865355453e+00
1.318263652730546021e+00	3.808737247914081081e+00	-9.458003599999998956e-01	1.665338376197680104e+00
1.319263852770554024e+00	3.808654900833791324e+00	-9.911270399999999592e-01	1.371635199193141919e+00
1.320264052810562028e+00	3.808241927505046753e+00	-9.781765600000000838e-01	1.469536258194654943e+00
1.321264252850570031e+00	3.808481436218264626e+00	-1.042928960000000016e+00	1.241100453857791219e+00
1.322264452890578035e+00	3.809229038835454162e+00	-9.004736800000000541e-01	1.110565708522440964e+00
1.323264652930586038e+00	3.810383399926046799e+00	-1.017028000000000043e+00	1.534803630862329848e+00
1.324264852970594042e+00	3.812165245560743543e+00	-9.911270399999999592e-01	1.241100453857791219e+00
1.325265053010602045e+00	3.813363124602664911e+00	-1.036453719999999912e+00	1.828506807866868478e+00
1.326265253050610049e+00	3.812797068765611641e+00	-1.017028000000000043e+00	1.763239435199193128e+00
1.327265453090618053e+00	3.811146276862450222e+00	-9.522755999999999998e-01	1.436902571860817046e+00
1.328265653130626056e+00	3.809415344530595160e+00	-9.263746400000000270e-01	1.665338376197680104e+00
1.329265853170634060e+00	3.808922307179068767e+00	-9.393251199999999024e-01	1.045298335854765615e+00
1.330266053210642063e+00	3.810674047278683751e+00	-9.846517999999999660e-01	1.306367826525466569e+00
1.331266253250650067e+00	3.812773997001393411e+00	-9.522755999999999998e-01	1.436902571860817046e+00
1.332266453290658070e+00	3.813194398464127666e+00	-9.717013200000000905e-01	1.339001512859304244e+00
1.333266653330666074e+00	3.812796713497577539e+00	-9.393251199999999024e-01	1.730605748865355453e+00
1.334266853370674077e+00	3.812704341770906336e+00	-9.976022799999999524e-01	1.600071003530005198e+00
1.335267053410682081e+00	3.812990501847497438e+00	-1.004077520000000057e+00	1.469536258194654943e+00
1.336267253450690085e+00	3.813124330744791290e+00	-9.198994000000000337e-01	1.665338376197680104e+00
1.337267453490698088e+00	3.812641410681664844e+00	-1.036453719999999912e+00	1.404268885526979593e+00
1.338267653530706092e+00	3.811930809024573819e+00	-9.458003599999998956e-01	1.469536258194654943e+00
1.339267853570714095e+00	3.811196747607258128e+00	-1.029978480000000030e+00	1.404268885526979593e+00
1.340268053610722099e+00	3.811144751503165118e+00	-9.458003599999998956e-01	1.273734140191629116e+00
1.341268253650730102e+00	3.812686618350701107e+00	-1.140057560000000025e+00	1.469536258194654943e+00
1.342268453690738106e+00	3.814545552062223788e+00	-9.522755999999999998e-01	1.502169944528492396e+00
1.343268653730746109e+00	3.815228322122893534e+00	-1.036453719999999912e+00	1.567437317196167523e+00
1.344268853770754113e+00	3.814999336546164077e+00	-1.010552759999999939e+00	1.567437317196167523e+00
1.345269053810762117e+00	3.814378981913827626e+00	-1.055879440000000002e+00	1.502169944528492396e+00
1.346269253850770120e+00	3.813893961662680798e+00	-9.522755999999999998e-01	1.469536258194654943e+00
1.347269453890778124e+00	3.814424253106416973e+00	-1.153008040000000012e+00	1.404268885526979593e+00
1.348269653930786127e+00	3.815890649330288209e+00	-9.911270399999999592e-01	1.469536258194654943e+00
1.349269853970794131e+00	3.816674677019685546e+00	-9.846517999999999660e-01	1.632704689863842651e+00
1.350270054010802134e+00	3.815888518796438422e+00	-1.081780399999999975e+00	1.436902571860817046e+00
1.351270254050810138e+00	3.814835838365664422e+00	-9.393251199999999024e-01	1.567437317196167523e+00
1.352270454090818141e+00	3.814740969761799771e+00	-9.134241599999999295e-01	1.502169944528492396e+00
1.353270654130826145e+00	3.815254892077825755e+00	-1.036453719999999912e+00	1.632704689863842651e+00
1.354270854170834149e+00	3.815773906494391188e+00	-1.088255640000000080e+00	1.502169944528492396e+00
1.355271054210842152e+00	3.816252119318618963e+00	-1.055879440000000002e+00	1.502169944528492396e+00
1.356271254250850156e+00	3.816578323142570728e+00	-9.393251199999999024e-01	1.404268885526979593e+00
1.357271454290858159e+00	3.816540545600660028e+00	-9.004736800000000541e-01	1.632704689863842651e+00
1.358271654330866163e+00	3.816573374529992790e+00	-9.328498800000000202e-01	1.404268885526979593e+00
1.359271854370874166e+00	3.817158182387096588e+00	-9.781765600000000838e-01	1.893774180534543827e+00
1.360272054410882170e+00	3.817471360417021398e+00	-9.587508399999999931e-01	1.534803630862329848e+00
1.361272254450890173e+00	3.816509357105917655e+00	-1.081780399999999975e+00	1.763239435199193128e+00
1.362272454490898177e+00	3.815433815426906516e+00	-1.068829919999999989e+00	1.469536258194654943e+00
1.363272654530906181e+00	3.815602894857207161e+00	-1.068829919999999989e+00	1.567437317196167523e+00
1.364272854570914184e+00	3.815888478892256241e+00	-1.023503240000000147e+00	1.404268885526979593e+00
1.365273054610922188e+00	3.815836005621557003e+00	-1.004077520000000057e+00	1.208466767523953767e+00
1.366273254650930191e+00	3.816870753950009743e+00	-1.127107080000000039e+00	1.632704689863842651e+00
1.367273454690938195e+00	3.818689225003645493e+00	-1.062354679999999885e+00	1.241100453857791219e+00
1.368273654730946198e+00	3.819722349866710331e+00	-1.004077520000000057e+00	1.893774180534543827e+00
1.369273854770954202e+00	3.819736617403903356e+00	-1.049404199999999898e+00	1.600071003530005198e+00
1.370274054810962205e+00	3.819193963336024567e+00	-1.049404199999999898e+00	1.795873121533031025e+00
1.371274254850970209e+00	3.818126242489095379e+00	-1.023503240000000147e+00	1.665338376197680104e+00
1.372274454890978213e+00	3.817003620313828005e+00	-9.652260799999999863e-01	1.404268885526979593e+00
1.373274654930986216e+00	3.816704834419251124e+00	-1.068829919999999989e+00	1.404268885526979593e+00
1.374274854970994220e+00	3.817292378099775618e+00	-1.049404199999999898e+00	1.404268885526979593e+00
1.375275055011002223e+00	3.818480103454425123e+00	-1.062354679999999885e+00	1.077932022188603289e+00
1.376275255051010227e+00	3.819422885266023027e+00	-1.010552759999999939e+00	1.795873121533031025e+00
1.377275455091018230e+00	3.819286162471660973e+00	-9.781765600000000838e-01	1.567437317196167523e+00
1.378275655131026234e+00	3.818896415930638000e+00	-9.587508399999999931e-01	1.828506807866868478e+00
1.379275855171034237e+00	3.818529027342159932e+00	-1.042928960000000016e+00	1.730605748865355453e+00
1.380276055211042241e+00	3.817415658487094632e+00	-1.017028000000000043e+00	1.436902571860817046e+00
1.381276255251050245e+00	3.816411291092843605e+00	-1.062354679999999885e+00	1.632704689863842651e+00
1.382276455291058248e+00	3.816790407325299395e+00	-1.146532799999999908e+00	1.143199394856278639e+00
1.383276655331066252e+00	3.818165867700064720e+00	-1.172433759999999880e+00	1.306367826525466569e+00
1.384276855371074255e+00	3.819513605450007177e+00	-1.088255640000000080e+00	1.469536258194654943e+00
1.385277055411082259e+00	3.820628764894366203e+00	-1.017028000000000043e+00	1.436902571860817046e+00
1.386277255451090262e+00	3.821363131890825215e+00	-1.036453719999999912e+00	1.697972062531518000e+00
1.387277455491098266e+00	3.820823913718734754e+00	-1.042928960000000016e+00	1.632704689863842651e+00
1.388277655531106269e+00	3.819251751139385309e+00	-1.068829919999999989e+00	1.534803630862329848e+00
1.389277855571114273e+00	3.818026479008092000e+00	-1.081780399999999975e+00	1.665338376197680104e+00
1.390278055611122277e+00	3.817525177759160115e+00	-1.042928960000000016e+00	1.404268885526979593e+00
1.391278255651130280e+00	3.817888829850180965e+00	-1.042928960000000016e+00	1.632704689863842651e+00
1.392278455691138284e+00	3.819123378203638008e+00	-1.023503240000000147e+00	1.371635199193141919e+00
1.393278655731146287e+00	3.819839448648544522e+00	-1.088255640000000080e+00	1.371635199193141919e+00
1.394278855771154291e+00	3.819624303215693573e+00	-1.036453719999999912e+00	1.600071003530005198e+00
1.395279055811162294e+00	3.819982361034453877e+00	-1.081780399999999975e+00	1.600071003530005198e+00
1.396279255851170298e+00	3.820875040707974346e+00	-1.004077520000000057e+00	1.600071003530005198e+00
1.397279455891178301e+00	3.820519689640116567e+00	-1.023503240000000147e+00	1.697972062531518000e+00
1.398279655931186305e+00	3.818724178751325748e+00	-1.140057560000000025e+00	1.469536258194654943e+00
1.399279855971194308e+00	3.817989161050100222e+00	-1.042928960000000016e+00	1.436902571860817046e+00
1.400280056011202312e+00	3.820342347840496977e+00	-1.049404199999999898e+00	1.436902571860817046e+00
1.401280256051210316e+00	3.823435094255970057e+00	-1.023503240000000147e+00	1.469536258194654943e+00
1.402280456091218319e+00	3.823656815850429602e+00	-1.029978480000000030e+00	1.632704689863842651e+00
1.403280656131226323e+00	3.821726108226343399e+00	-1.049404199999999898e+00	1.534803630862329848e+00
1.404280856171234326e+00	3.820551658158797714e+00	-1.036453719999999912e+00	1.600071003530005198e+00
1.405281056211242330e+00	3.820679603189143680e+00	-1.029978480000000030e+00	1.534803630862329848e+00
1.406281256251250333e+00	3.820813738560996153e+00	-1.042928960000000016e+00	1.632704689863842651e+00
1.407281456291258337e+00	3.820304065143270478e+00	-1.042928960000000016e+00	1.600071003530005198e+00
1.408281656331266340e+00	3.819837347549829065e+00	-1.036453719999999912e+00	1.502169944528492396e+00
1.409281856371274344e+00	3.820258376736226591e+00	-1.029978480000000030e+00	1.567437317196167523e+00
1.410282056411282348e+00	3.821251836065282514e+00	-1.055879440000000002e+00	1.632704689863842651e+00
1.411282256451290351e+00	3.821744400654232710e+00	-1.042928960000000016e+00	1.502169944528492396e+00
1.412282456491298355e+00	3.821268494852557041e+00	-1.042928960000000016e+00	1.697972062531518000e+00
1.413282656531306358e+00	3.820401144422074236e+00	-1.036453719999999912e+00	1.567437317196167523e+00
1.414282856571314362e+00	3.819754053613461320e+00	-1.042928960000000016e+00	1.730605748865355453e+00
1.415283056611322365e+00	3.819447459028185943e+00	-1.042928960000000016e+00	1.469536258194654943e+00
1.416283256651330369e+00	3.819624132532186245e+00	-1.029978480000000030e+00	1.469536258194654943e+00
1.417283456691338372e+00	3.819821984184711194e+00	-1.042928960000000016e+00	1.371635199193141919e+00
1.418283656731346376e+00	3.819409033969322298e+00	-1.081780399999999975e+00	1.273734140191629116e+00
1.419283856771354380e+00	3.819364874069318017e+00	-1.062354679999999885e+00	1.600071003530005198e+00
1.420284056811362383e+00	3.820829546427781054e+00	-1.029978480000000030e+00	1.175833081190116092e+00
1.421284256851370387e+00	3.822569365035024092e+00	-1.017028000000000043e+00	1.730605748865355453e+00
1.422284456891378390e+00	3.822557835398333825e+00	-1.029978480000000030e+00	1.665338376197680104e+00
1.423284656931386172e+00	3.821362993383455198e+00	-9.717013200000000905e-01	1.665338376197680104e+00
1.424284856971394175e+00	3.820803854275002909e+00	-1.010552759999999939e+00	1.828506807866868478e+00
1.425285057011402179e+00	3.820378599747941362e+00	-1.055879440000000002e+00	1.371635199193141919e+00
1.426285257051410182e+00	3.818726831456120241e+00	-1.010552759999999939e+00	1.306367826525466569e+00
1.427285457091418186e+00	3.817455068054152800e+00	-1.017028000000000043e+00	1.404268885526979593e+00
1.428285657131426190e+00	3.819561262614831865e+00	-1.062354679999999885e+00	1.241100453857791219e+00
1.429285857171434193e+00	3.823435320404348303e+00	-1.088255640000000080e+00	1.665338376197680104e+00
1.430286057211442197e+00	3.824158897350275588e+00	-8.680974800000000879e-01	1.632704689863842651e+00
1.431286257251450200e+00	3.821422488902153969e+00	-1.004077520000000057e+00	1.632704689863842651e+00
1.432286457291458204e+00	3.819156609815257397e+00	-1.010552759999999939e+00	1.861140494200705930e+00
1.433286657331466207e+00	3.819155671266420526e+00	-1.004077520000000057e+00	1.273734140191629116e+00
1.434286857371474211e+00	3.820318392823693898e+00	-1.004077520000000057e+00	1.436902571860817046e+00
1.435287057411482214e+00	3.821387721705097107e+00	-1.042928960000000016e+00	1.208466767523953767e+00
1.436287257451490218e+00	3.821695404027575016e+00	-1.036453719999999912e+00	1.306367826525466569e+00
1.437287457491498222e+00	3.821134857297079357e+00	-1.029978480000000030e+00	1.436902571860817046e+00
1.438287657531506225e+00	3.820635108094549537e+00	-9.846517999999999660e-01	1.502169944528492396e+00
1.439287857571514229e+00	3.821256348736376207e+00	-9.328498800000000202e-01	1.632704689863842651e+00
1.440288057611522232e+00	3.822274450769338028e+00	-9.976022799999999524e-01	1.730605748865355453e+00
1.441288257651530236e+00	3.821616619938490444e+00	-1.036453719999999912e+00	1.502169944528492396e+00
1.442288457691538239e+00	3.819353178662726833e+00	-9.717013200000000905e-01	1.697972062531518000e+00
1.443288657731546243e+00	3.818497145856636354e+00	-1.010552759999999939e+00	1.339001512859304244e+00
1.444288857771554246e+00	3.820187070889941250e+00	-9.976022799999999524e-01	1.404268885526979593e+00
1.445289057811562250e+00	3.821799321407983285e+00	-9.198994000000000337e-01	1.339001512859304244e+00
1.446289257851570254e+00	3.821450411352746990e+00	-8.616222399999999837e-01	1.404268885526979593e+00
1.447289457891578257e+00	3.820160139919420050e+00	-9.587508399999999931e-01	1.567437317196167523e+00
1.448289657931586261e+00	3.819727319787660669e+00	-1.042928960000000016e+00	1.436902571860817046e+00
1.449289857971594264e+00	3.820838565290363587e+00	-9.522755999999999998e-01	1.436902571860817046e+00
1.450290058011602268e+00	3.822111685276415649e+00	-9.846517999999999660e-01	1.632704689863842651e+00
1.451290258051610271e+00	3.821752616272743541e+00	-9.393251199999999024e-01	1.436902571860817046e+00
1.452290458091618275e+00	3.820401204497281267e+00	-9.522755999999999998e-01	1.436902571860817046e+00
1.453290658131626278e+00	3.819771662156872694e+00	-1.010552759999999939e+00	1.339001512859304244e+00
1.454290858171634282e+00	3.819916169384630411e+00	-9.134241599999999295e-01	1.371635199193141919e+00
1.455291058211642286e+00	3.819870715281405094e+00	-9.198994000000000337e-01	1.371635199193141919e+00
1.456291258251650289e+00	3.819518728260451912e+00	-9.781765600000000838e-01	1.273734140191629116e+00
1.457291458291658293e+00	3.819584639790340130e+00	-9.652260799999999863e-01	1.632704689863842651e+00
1.458291658331666296e+00	3.819879343828559648e+00	-9.652260799999999863e-01	1.469536258194654943e+00
1.459291858371674300e+00	3.819529328752456987e+00	-9.522755999999999998e-01	1.502169944528492396e+00
1.460292058411682303e+00	3.818949446973963102e+00	-8.486717599999999972e-01	1.404268885526979593e+00
1.461292258451690307e+00	3.819310915040947219e+00	-7.256422000000000150e-01	1.469536258194654943e+00
1.462292458491698310e+00	3.820822790813954040e+00	-8.486717599999999972e-01	1.404268885526979593e+00
1.463292658531706314e+00	3.822349419207632604e+00	-9.522755999999999998e-01	1.469536258194654943e+00
1.464292858571714318e+00	3.822221600646791284e+00	-1.010552759999999939e+00	1.469536258194654943e+00
1.465293058611722321e+00	3.820227561086560364e+00	-1.017028000000000043e+00	1.567437317196167523e+00
1.466293258651730325e+00	3.818646241248729645e+00	-1.055879440000000002e+00	1.436902571860817046e+00
1.467293458691738328e+00	3.819047585057997019e+00	-9.652260799999999863e-01	1.632704689863842651e+00
1.468293658731746332e+00	3.819463412917255329e+00	-8.875231999999999566e-01	1.306367826525466569e+00
1.469293858771754335e+00	3.818213034192008859e+00	-9.393251199999999024e-01	1.371635199193141919e+00
1.470294058811762339e+00	3.817299386874291933e+00	-1.010552759999999939e+00	1.175833081190116092e+00
1.471294258851770342e+00	3.818545827407411775e+00	-9.198994000000000337e-01	1.045298335854765615e+00
1.472294458891778346e+00	3.820266461734976637e+00	-8.810479599999999634e-01	1.502169944528492396e+00
1.473294658931786349e+00	3.820729040700463042e+00	-9.652260799999999863e-01	1.110565708522440964e+00
1.474294858971794353e+00	3.820518791781365220e+00	-8.875231999999999566e-01	1.697972062531518000e+00
1.475295059011802357e+00	3.819842299174803113e+00	-9.069489200000000473e-01	1.665338376197680104e+00
1.476295259051810360e+00	3.818546802931957362e+00	-8.745727199999999701e-01	1.632704689863842651e+00
1.477295459091818364e+00	3.817961402456494291e+00	-9.717013200000000905e-01	1.404268885526979593e+00
1.478295659131826367e+00	3.819253785393703637e+00	-8.486717599999999972e-01	1.241100453857791219e+00
1.479295859171834371e+00	3.820933614563430947e+00	-9.328498800000000202e-01	1.208466767523953767e+00
1.480296059211842374e+00	3.820329301192114446e+00	-8.810479599999999634e-01	1.339001512859304244e+00
1.481296259251850378e+00	3.818362925518048456e+00	-8.745727199999999701e-01	1.143199394856278639e+00
1.482296459291858381e+00	3.818187356519125775e+00	-7.321174399999998972e-01	1.632704689863842651e+00
1.483296659331866385e+00	3.819105871665221752e+00	-8.421965199999998930e-01	1.665338376197680104e+00
1.484296859371874389e+00	3.818254532740462892e+00	-8.939984399999999498e-01	1.665338376197680104e+00
1.485297059411882392e+00	3.816382528397699314e+00	-8.357212800000000108e-01	1.567437317196167523e+00
1.486297259451890396e+00	3.816647998365950034e+00	-8.551469999999999905e-01	1.143199394856278639e+00
1.487297459491898399e+00	3.818597954977741793e+00	-8.033450799999999337e-01	1.273734140191629116e+00
1.488297659531906403e+00	3.818692829522861043e+00	-8.745727199999999701e-01	1.143199394856278639e+00
1.489297859571914406e+00	3.817228648493577126e+00	-8.292460400000000176e-01	1.077932022188603289e+00
1.490298059611922410e+00	3.817230286684480056e+00	-8.033450799999999337e-01	1.404268885526979593e+00
1.491298259651930413e+00	3.818210928239302859e+00	-8.033450799999999337e-01	1.208466767523953767e+00
1.492298459691938417e+00	3.818106224548762917e+00	-8.292460400000000176e-01	1.534803630862329848e+00
1.493298659731946421e+00	3.817031977968587952e+00	-7.839193599999999540e-01	1.600071003530005198e+00
1.494298859771954424e+00	3.815985851061184153e+00	-8.033450799999999337e-01	1.077932022188603289e+00
1.495299059811962428e+00	3.815596200978320862e+00	-8.616222399999999837e-01	1.371635199193141919e+00
1.496299259851970431e+00	3.816123178104199098e+00	-7.903945999999999472e-01	1.143199394856278639e+00
1.497299459891978435e+00	3.817026258891946355e+00	-8.357212800000000108e-01	1.143199394856278639e+00
1.498299659931986438e+00	3.817419589333687302e+00	-7.450679199999999947e-01	1.175833081190116092e+00
1.499299859971994442e+00	3.817408887269285955e+00	-8.033450799999999337e-01	1.208466767523953767e+00
1.500300060012002445e+00	3.817867349212442196e+00	-7.903945999999999472e-01	1.502169944528492396e+00
1.501300260052010449e+00	3.818701191670841322e+00	-8.227708000000000244e-01	1.436902571860817046e+00
1.502300460092018453e+00	3.818902511289640866e+00	-7.903945999999999472e-01	1.208466767523953767e+00
1.503300660132026456e+00	3.818091935752996324e+00	-7.515431599999999879e-01	1.371635199193141919e+00
1.504300860172034460e+00	3.816425556097041483e+00	-8.162955600000000311e-01	1.371635199193141919e+00
1.505301060212042463e+00	3.814600678849422444e+00	-8.033450799999999337e-01	1.175833081190116092e+00
1.506301260252050467e+00	3.814361372007916362e+00	-7.450679199999999947e-01	1.208466767523953767e+00
1.507301460292058470e+00	3.816084945871841327e+00	-7.839193599999999540e-01	1.175833081190116092e+00
1.508301660332066474e+00	3.817514455717090360e+00	-6.997412400000000421e-01	1.306367826525466569e+00
1.509301860372074477e+00	3.817361444079860888e+00	-7.774441199999999608e-01	1.110565708522440964e+00
1.510302060412082481e+00	3.816550890718703570e+00	-7.839193599999999540e-01	1.339001512859304244e+00
1.511302260452090485e+00	3.815745386678150108e+00	-7.644936400000000853e-01	1.273734140191629116e+00
1.512302460492098488e+00	3.814997419850494786e+00	-6.932660000000000489e-01	1.273734140191629116e+00
1.513302660532106492e+00	3.814128967721957419e+00	-7.515431599999999879e-01	1.208466767523953767e+00
1.514302860572114495e+00	3.813572834039952841e+00	-8.098203199999999269e-01	1.143199394856278639e+00
1.515303060612122499e+00	3.814570918272511602e+00	-7.644936400000000853e-01	1.175833081190116092e+00
1.516303260652130502e+00	3.816146620902586939e+00	-7.774441199999999608e-01	1.273734140191629116e+00
1.517303460692138506e+00	3.816044700214993757e+00	-7.321174399999998972e-01	9.147635905194151373e-01
1.518303660732146509e+00	3.814673816985371779e+00	-6.155631200000000192e-01	1.339001512859304244e+00
1.519303860772154513e+00	3.813450901448503405e+00	-5.961373999999999285e-01	1.208466767523953767e+00
1.520304060812162517e+00	3.812573299327327803e+00	-6.867907599999999446e-01	1.306367826525466569e+00
1.521304260852170520e+00	3.812485514367296879e+00	-6.738402799999999582e-01	1.143199394856278639e+00
1.522304460892178524e+00	3.813267522314883529e+00	-6.285136000000000056e-01	1.045298335854765615e+00
1.523304660932186527e+00	3.813344436752200473e+00	-5.572859600000000802e-01	1.143199394856278639e+00
1.524304860972194531e+00	3.812875412907338557e+00	-5.313849999999999962e-01	7.515951588502269853e-01
1.525305061012202534e+00	3.814174422103209672e+00	-6.738402799999999582e-01	1.339001512859304244e+00
1.526305261052210538e+00	3.816206557224796736e+00	-6.479393199999999853e-01	1.077932022188603289e+00
1.527305461092218541e+00	3.815862786481083901e+00	-5.831869200000000530e-01	1.469536258194654943e+00
1.528305661132226545e+00	3.814175264754863015e+00	-5.508107199999999759e-01	1.306367826525466569e+00
1.529305861172234549e+00	3.814102524591396648e+00	-6.220383600000000124e-01	1.241100453857791219e+00
1.530306061212242552e+00	3.814668320958303216e+00	-7.062164799999999243e-01	1.175833081190116092e+00
1.531306261252250556e+00	3.813775821823074175e+00	-6.738402799999999582e-01	1.012664649520927940e+00
1.532306461292258559e+00	3.812904920777721252e+00	-7.062164799999999243e-01	6.863277861825517467e-01
1.533306661332266563e+00	3.813314523173340298e+00	-6.479393199999999853e-01	1.208466767523953767e+00
1.534306861372274566e+00	3.813792355929206401e+00	-5.702364399999999556e-01	8.168625315179022239e-01
1.535307061412282570e+00	3.813899951550465239e+00	-6.673650399999999649e-01	1.371635199193141919e+00
1.536307261452290351e+00	3.813576566920356292e+00	-6.544145599999999785e-01	1.371635199193141919e+00
1.537307461492298355e+00	3.812521390797182441e+00	-5.961373999999999285e-01	1.143199394856278639e+00
1.538307661532306359e+00	3.811474799532359015e+00	-5.508107199999999759e-01	1.371635199193141919e+00
1.539307861572314362e+00	3.811007417211182080e+00	-6.220383600000000124e-01	9.147635905194151373e-01
1.540308061612322366e+00	3.810919505991275713e+00	-5.443354799999999827e-01	1.012664649520927940e+00
1.541308261652330369e+00	3.810597198892156978e+00	-5.702364399999999556e-01	8.494962178517398987e-01
1.542308461692338373e+00	3.809662191186809377e+00	-6.220383600000000124e-01	1.012664649520927940e+00
1.543308661732346376e+00	3.809554349813092156e+00	-5.896621600000000463e-01	1.208466767523953767e+00
1.544308861772354380e+00	3.811070530115733934e+00	-5.313849999999999962e-01	1.143199394856278639e+00
1.545309061812362383e+00	3.812039885457153776e+00	-6.090878800000000259e-01	1.175833081190116092e+00
1.546309261852370387e+00	3.811405010215482392e+00	-5.508107199999999759e-01	1.143199394856278639e+00
1.547309461892378391e+00	3.810714852119898577e+00	-5.508107199999999759e-01	1.012664649520927940e+00
1.548309661932386394e+00	3.810498856977677651e+00	-5.249097599999998920e-01	1.175833081190116092e+00
1.549309861972394398e+00	3.810325028490279209e+00	-4.472068799999999733e-01	7.515951588502269853e-01
1.550310062012402401e+00	3.810583163725538736e+00	-5.637612000000000734e-01	9.473972768532528121e-01
1.551310262052410405e+00	3.810643581885770015e+00	-5.249097599999998920e-01	1.045298335854765615e+00
1.552310462092418408e+00	3.809310765616432448e+00	-4.795830800000000504e-01	9.473972768532528121e-01
1.553310662132426412e+00	3.808285729712574508e+00	-4.731078399999999462e-01	1.143199394856278639e+00
1.554310862172434415e+00	3.809333648654380955e+00	-4.536821200000000776e-01	1.110565708522440964e+00
1.555311062212442419e+00	3.810405313338080635e+00	-4.148306800000000072e-01	1.110565708522440964e+00
1.556311262252450422e+00	3.809632393105927051e+00	-4.601573600000000153e-01	1.110565708522440964e+00
1.557311462292458426e+00	3.808409218056935330e+00	-4.990087999999999191e-01	9.473972768532528121e-01
1.558311662332466430e+00	3.808653398788571565e+00	-4.666325999999999530e-01	8.494962178517398987e-01
1.559311862372474433e+00	3.809902651819604191e+00	-5.054840400000000233e-01	1.110565708522440964e+00
1.560312062412482437e+00	3.810046843091807300e+00	-5.443354799999999827e-01	8.168625315179022239e-01
1.561312262452490440e+00	3.808792632533823497e+00	-5.054840400000000233e-01	6.863277861825517467e-01
1.562312462492498444e+00	3.807683304168968608e+00	-4.213059199999999449e-01	9.473972768532528121e-01
1.563312662532506447e+00	3.807268471046880709e+00	-4.083554400000000140e-01	9.473972768532528121e-01
1.564312862572514451e+00	3.807089406524847952e+00	-3.889297199999999788e-01	1.012664649520927940e+00
1.565313062612522454e+00	3.806650838666006287e+00	-3.824544800000000411e-01	7.842288451840646601e-01
1.566313262652530458e+00	3.805489132443578892e+00	-3.436030400000000262e-01	8.821299041855775735e-01
1.567313462692538462e+00	3.804353595569369695e+00	-4.018802000000000207e-01	6.536940998487140719e-01
1.568313662732546465e+00	3.804812053987004727e+00	-3.759792400000000478e-01	7.515951588502269853e-01
1.569313862772554469e+00	3.806209355082013523e+00	-3.241773200000000466e-01	9.800309631870904870e-01
1.570314062812562472e+00	3.806293021658369469e+00	-4.472068799999999733e-01	8.821299041855775735e-01
1.571314262852570476e+00	3.804899239971614389e+00	-2.982763600000000181e-01	9.800309631870904870e-01
1.572314462892578479e+00	3.803938782095841908e+00	-3.824544800000000411e-01	8.494962178517398987e-01
1.573314662932586483e+00	3.804213327682404611e+00	-4.213059199999999449e-01	1.045298335854765615e+00
1.574314862972594486e+00	3.804874275781462423e+00	-3.371277999999999775e-01	6.536940998487140719e-01
1.575315063012602490e+00	3.805457139378710885e+00	-4.213059199999999449e-01	6.863277861825517467e-01
1.576315263052610494e+00	3.805797330379616206e+00	-4.990087999999999191e-01	7.515951588502269853e-01
1.577315463092618497e+00	3.805371024929044221e+00	-3.824544800000000411e-01	5.231593545133637058e-01
1.578315663132626501e+00	3.804341641684295894e+00	-2.853258800000000317e-01	1.012664649520927940e+00
1.579315863172634504e+00	3.803807544500868776e+00	-3.371277999999999775e-01	8.494962178517398987e-01
1.580316063212642508e+00	3.803789164959364921e+00	-1.299201200000000000e-01	1.110565708522440964e+00
1.581316263252650511e+00	3.802401920931276713e+00	-2.723753999999999897e-01	1.012664649520927940e+00
1.582316463292658515e+00	3.800196159705568899e+00	-2.853258800000000317e-01	6.863277861825517467e-01
1.583316663332666518e+00	3.800690166758824873e+00	-3.112268400000000046e-01	7.842288451840646601e-01
1.584316863372674522e+00	3.803070493066265101e+00	-2.464744400000000168e-01	5.557930408472013806e-01
1.585317063412682526e+00	3.803166405634558878e+00	-3.112268400000000046e-01	4.578919818456884672e-01
1.586317263452690529e+00	3.801126474174062686e+00	-1.558210800000000007e-01	7.515951588502269853e-01
1.587317463492698533e+00	3.800056991711046273e+00	-2.529496800000000101e-01	6.210604135148766192e-01
1.588317663532706536e+00	3.800716344438012317e+00	-2.788506400000000385e-01	9.147635905194151373e-01
1.589317863572714540e+00	3.801182838638727191e+00	-1.881972800000000223e-01	9.473972768532528121e-01
1.590318063612722543e+00	3.800103009167298929e+00	-1.299201200000000000e-01	8.168625315179022239e-01
1.591318263652730547e+00	3.798373526426021662e+00	-2.594249200000000033e-01	1.143199394856278639e+00
1.592318463692738550e+00	3.797502307088667983e+00	-1.299201200000000000e-01	4.905256681795260310e-01
1.593318663732746554e+00	3.798212799607046275e+00	-1.881972800000000223e-01	5.884267271810389444e-01
1.594318863772754558e+00	3.799501812523373712e+00	-1.946725200000000155e-01	6.210604135148766192e-01
1.595319063812762561e+00	3.799477406443994010e+00	-2.011477600000000088e-01	6.210604135148766192e-01
1.596319263852770565e+00	3.798469036292473344e+00	-1.363953600000000210e-01	7.515951588502269853e-01
1.597319463892778568e+00	3.798741335680245967e+00	-6.516772000000001230e-02	8.168625315179022239e-01
1.598319663932786572e+00	3.800157121953561923e+00	-1.687715600000000149e-01	7.842288451840646601e-01
1.599319863972794575e+00	3.799384087136173704e+00	-1.234448800000000068e-01	8.821299041855775735e-01
1.600320064012802579e+00	3.796079516797151054e+00	-1.169696400000000136e-01	3.599909228441755538e-01
1.601320264052810582e+00	3.794590938304616135e+00	-1.881972800000000223e-01	6.863277861825517467e-01
1.602320464092818586e+00	3.796275465468034849e+00	1.253515999999999658e-02	4.905256681795260310e-01
1.603320664132826590e+00	3.797616416941933082e+00	-8.459344000000000585e-02	4.252582955118507924e-01
1.604320864172834593e+00	3.796668312309532389e+00	-1.558210800000000007e-01	5.557930408472013806e-01
1.605321064212842597e+00	3.795129314537901255e+00	-2.631628000000000439e-02	4.905256681795260310e-01
1.606321264252850600e+00	3.794951638019532059e+00	9.671327999999999869e-02	6.536940998487140719e-01
1.607321464292858604e+00	3.796153829736464758e+00	-2.631628000000000439e-02	6.863277861825517467e-01
1.608321664332866607e+00	3.797331638049207037e+00	-9.754392000000000618e-02	5.884267271810389444e-01
1.609321864372874611e+00	3.796675618098464877e+00	-1.984104000000000423e-02	6.536940998487140719e-01
1.610322064412882614e+00	3.793968221889727488e+00	-6.890560000000003904e-03	4.578919818456884672e-01
1.611322264452890618e+00	3.791684017298032394e+00	6.059919999999996421e-03	4.578919818456884672e-01
1.612322464492898622e+00	3.791696188500055964e+00	-4.153200000000037417e-04	5.557930408472013806e-01
1.613322664532906625e+00	3.792675749123048057e+00	-1.040191599999999994e-01	4.578919818456884672e-01
1.614322864572914629e+00	3.792801051830035686e+00	4.491135999999999739e-02	5.557930408472013806e-01
1.615323064612922632e+00	3.792553314403256159e+00	3.196087999999999707e-02	5.557930408472013806e-01
1.616323264652930636e+00	3.792625682389178632e+00	1.290894800000000064e-01	5.231593545133637058e-01
1.617323464692938639e+00	3.792296190896990105e+00	6.433707999999999094e-02	4.578919818456884672e-01
1.618323664732946643e+00	3.791736680274468085e+00	5.138659999999999756e-02	4.905256681795260310e-01
1.619323864772954646e+00	3.791452300364769545e+00	1.901039999999999675e-02	3.599909228441755538e-01
1.620324064812962650e+00	3.790555218964628992e+00	3.196087999999999707e-02	4.578919818456884672e-01
1.621324264852970654e+00	3.789245568195529934e+00	1.420399599999999929e-01	3.926246091780131731e-01
1.622324464892978657e+00	3.789333079209805444e+00	2.132676000000000016e-01	4.905256681795260310e-01
1.623324664932986661e+00	3.790784520295138016e+00	1.808914000000000077e-01	3.926246091780131731e-01
1.624324864972994664e+00	3.791156535609625511e+00	1.290894800000000064e-01	6.863277861825517467e-01
1.625325065013002668e+00	3.789612027875821632e+00	1.226142399999999993e-01	2.947235501765002597e-01
1.626325265053010671e+00	3.788128780404492080e+00	1.485152000000000139e-01	3.599909228441755538e-01
1.627325465093018675e+00	3.787580831423278838e+00	2.132676000000000016e-01	2.294561775088249655e-01
1.628325665133026678e+00	3.786908391208200886e+00	2.197428399999999948e-01	1.641888048411497825e-01
1.629325865173034682e+00	3.785886104820190390e+00	1.679409199999999935e-01	3.599909228441755538e-01
1.630326065213042686e+00	3.785549505572900486e+00	2.003171200000000152e-01	6.628774583963688294e-02
1.631326265253050689e+00	3.786376684873086873e+00	2.262180799999999881e-01	4.905256681795260310e-01
1.632326465293058693e+00	3.787396009712161948e+00	2.262180799999999881e-01	3.599909228441755538e-01
1.633326665333066696e+00	3.787636997448404763e+00	4.075248000000000759e-01	6.210604135148766192e-01
1.634326865373074700e+00	3.786875780240460454e+00	2.132676000000000016e-01	6.210604135148766192e-01
1.635327065413082703e+00	3.785439029952690326e+00	2.067923600000000084e-01	3.599909228441755538e-01
1.636327265453090707e+00	3.784805231211927357e+00	2.844952399999999826e-01	1.315551185073121632e-01
1.637327465493098710e+00	3.785657546333479395e+00	3.621981200000000678e-01	1.315551185073121632e-01
1.638327665533106714e+00	3.786039778836652658e+00	4.075248000000000759e-01	1.020373171961676869e-03
1.639327865573114718e+00	3.784871704684716676e+00	3.039209600000000178e-01	2.947235501765002597e-01
1.640328065613122721e+00	3.784048463836312326e+00	2.197428399999999948e-01	2.620898638426626404e-01
1.641328265653130725e+00	3.784350105617285021e+00	3.362971600000000394e-01	5.884267271810389444e-01
1.642328465693138728e+00	3.783889185625320284e+00	3.686733600000000055e-01	3.926246091780131731e-01
1.643328665733146732e+00	3.782411053661547840e+00	4.010495599999999716e-01	1.315551185073121632e-01
1.644328865773154735e+00	3.781818037312392633e+00	4.399010000000000420e-01	2.294561775088249655e-01
1.645329065813162739e+00	3.782021633015349771e+00	3.686733600000000055e-01	-6.424699949571360813e-02
1.646329265853170742e+00	3.781858873952904876e+00	4.334257600000001043e-01	1.020373171961676869e-03
1.647329465893178746e+00	3.782115431698927832e+00	4.140000400000000136e-01	9.892143217347457163e-02
1.648329665933186750e+00	3.782848646992884589e+00	3.298219200000001017e-01	-6.424699949571360813e-02
1.649329865973194753e+00	3.781942060243661974e+00	3.945743200000000339e-01	3.926246091780131731e-01
1.650330066013202535e+00	3.779378238402106849e+00	3.945743200000000339e-01	2.620898638426626404e-01
1.651330266053210538e+00	3.777870357712456162e+00	3.751485999999999432e-01	1.968224911749873740e-01
1.652330466093218542e+00	3.778302031160039043e+00	4.399010000000000420e-01	2.294561775088249655e-01
1.653330666133226545e+00	3.779055992318591795e+00	6.212077200000000188e-01	-1.295143721633888190e-01
1.654330866173234549e+00	3.779029773474652298e+00	5.629305600000000798e-01	6.628774583963688294e-02
1.655331066213242552e+00	3.778522953502594373e+00	4.658019600000000704e-01	-9.688068582955121355e-02
1.656331266253250556e+00	3.778248593118652465e+00	4.658019600000000704e-01	1.020373171961676869e-03
1.657331466293258559e+00	3.778026485502833154e+00	5.305543600000000026e-01	6.628774583963688294e-02
1.658331666333266563e+00	3.777189800360817529e+00	5.694058000000000730e-01	-1.295143721633888190e-01
1.659331866373274567e+00	3.776520199738180317e+00	2.521190400000000165e-01	1.315551185073121632e-01
1.660332066413282570e+00	3.776796538394997516e+00	5.499800799999999823e-01	1.315551185073121632e-01
1.661332266453290574e+00	3.776854472597288570e+00	5.758810400000000662e-01	-3.161331316187596802e-02
1.662332466493298577e+00	3.776033125798402335e+00	5.435048399999999891e-01	1.020373171961676869e-03
1.663332666533306581e+00	3.775518765777419183e+00	6.082572400000001434e-01	-1.295143721633888190e-01
1.664332866573314584e+00	3.775988730764574086e+00	6.017820000000000391e-01	-1.621480584972264660e-01
1.665333066613322588e+00	3.776507890398569600e+00	5.888315200000000527e-01	9.892143217347457163e-02
1.666333266653330591e+00	3.776182158134266942e+00	6.147324800000000256e-01	-1.621480584972264660e-01
1.667333466693338595e+00	3.775254271211018420e+00	6.212077200000000188e-01	1.020373171961676869e-03
1.668333666733346599e+00	3.774229633520066685e+00	6.341582000000000052e-01	-9.688068582955121355e-02
1.669333866773354602e+00	3.773423307416475136e+00	6.471086800000001027e-01	-9.688068582955121355e-02
1.670334066813362606e+00	3.773206022387529224e+00	7.053858400000000417e-01	-2.926828038325769432e-01
1.671334266853370609e+00	3.773117377923237203e+00	6.924353600000000553e-01	-1.295143721633888190e-01
1.672334466893378613e+00	3.772100304068384258e+00	7.118610800000001460e-01	-2.274154311649017046e-01
1.673334666933386616e+00	3.770929430668123139e+00	8.219401600000000307e-01	-1.621480584972264660e-01
1.674334866973394620e+00	3.771394670817092010e+00	7.571877599999999875e-01	-2.926828038325769432e-01
1.675335067013402623e+00	3.772654067673865352e+00	8.089896800000000443e-01	-3.161331316187596802e-02
1.676335267053410627e+00	3.772552411494636715e+00	7.701382400000000850e-01	-3.905838628340898566e-01
1.677335467093418631e+00	3.771185036333481566e+00	7.118610800000001460e-01	6.628774583963688294e-02
1.678335667133426634e+00	3.769657022400145330e+00	8.154649200000001485e-01	-3.905838628340898566e-01
1.679335867173434638e+00	3.768238322211602931e+00	6.600591600000000891e-01	-2.926828038325769432e-01
1.680336067213442641e+00	3.767471796832407183e+00	8.866925599999999630e-01	-3.905838628340898566e-01
1.681336267253450645e+00	3.768151463396246736e+00	7.766134800000000782e-01	-5.863859808371156834e-01
1.682336467293458648e+00	3.769260497025539447e+00	8.478411200000001147e-01	-2.926828038325769432e-01
1.683336667333466652e+00	3.769110264120651976e+00	8.931677999999999562e-01	-6.842870398386284858e-01
1.684336867373474655e+00	3.768240720303314806e+00	8.607915999999999901e-01	-3.161331316187596802e-02
1.685337067413482659e+00	3.767626095738928260e+00	7.895639599999999536e-01	-1.621480584972264660e-01
1.686337267453490663e+00	3.766716192434439225e+00	8.025144400000000511e-01	-1.295143721633888190e-01
1.687337467493498666e+00	3.765536040146427954e+00	8.866925599999999630e-01	-3.253164901664145625e-01
1.688337667533506670e+00	3.765174160351739019e+00	9.967716399999999588e-01	-5.537522945032778976e-01
1.689337867573514673e+00	3.765342499775361063e+00	9.579201999999999995e-01	-5.537522945032778976e-01
1.690338067613522677e+00	3.765078260128504883e+00	8.543163600000001079e-01	-5.863859808371156834e-01
1.691338267653530680e+00	3.765248375874785225e+00	8.413658800000000104e-01	-8.474554715078166378e-01
1.692338467693538684e+00	3.766359338120739864e+00	9.255440000000001444e-01	-1.295143721633888190e-01
1.693338667733546687e+00	3.766843015079174517e+00	1.061524040000000113e+00	-4.232175491679274204e-01
1.694338867773554691e+00	3.766295969259394916e+00	1.087425000000000086e+00	-2.926828038325769432e-01
1.695339067813562695e+00	3.765732858052111887e+00	1.139226920000000032e+00	-1.947817448310640853e-01
1.696339267853570698e+00	3.764558749005359584e+00	1.080949760000000204e+00	-6.516533535047908110e-01
1.697339467893578702e+00	3.762435606711400649e+00	1.016197360000000049e+00	-4.558512355017650397e-01
1.698339667933586705e+00	3.761663752512998560e+00	1.093900239999999968e+00	-7.821880988401412882e-01
1.699339867973594709e+00	3.763256741465854205e+00	1.126276440000000045e+00	-7.495544125063037244e-01
1.700340068013602712e+00	3.764880198553666180e+00	1.093900239999999968e+00	-4.884849218356027145e-01
1.701340268053610716e+00	3.764972605999320265e+00	9.902964000000000766e-01	-7.821880988401412882e-01
1.702340468093618719e+00	3.764367271969553563e+00	1.048573559999999905e+00	-4.232175491679274204e-01
1.703340668133626723e+00	3.763892549202513482e+00	1.119801199999999941e+00	-4.232175491679274204e-01
1.704340868173634727e+00	3.763392030003691602e+00	1.184553600000000095e+00	-6.842870398386284858e-01
1.705341068213642730e+00	3.762802537440796957e+00	1.242830760000000145e+00	-2.926828038325769432e-01
1.706341268253650734e+00	3.762229209514148298e+00	1.197504080000000082e+00	-8.474554715078166378e-01
1.707341468293658737e+00	3.761222755079336899e+00	1.191028839999999978e+00	-6.190196671709531362e-01
1.708341668333666741e+00	3.760145109258825169e+00	1.223405040000000055e+00	-9.127228441754917654e-01
1.709341868373674744e+00	3.760082484991624785e+00	1.236355520000000041e+00	-5.863859808371156834e-01
1.710342068413682748e+00	3.760430844402386175e+00	1.314058399999999960e+00	-6.190196671709531362e-01
1.711342268453690751e+00	3.760140333580658467e+00	1.229880280000000159e+00	-6.516533535047908110e-01
1.712342468493698755e+00	3.759964178366475007e+00	1.165127880000000005e+00	-6.842870398386284858e-01
1.713342668533706759e+00	3.760097156704302446e+00	1.249306000000000250e+00	-7.169207261724660496e-01
1.714342868573714762e+00	3.759133017718904402e+00	1.320533639999999842e+00	-7.169207261724660496e-01
1.715343068613722766e+00	3.757789303083791665e+00	1.236355520000000041e+00	-8.148217851739789630e-01
1.716343268653730769e+00	3.757895804201272671e+00	1.359385079999999801e+00	-8.800891578416540906e-01
1.717343468693738773e+00	3.758297914805295736e+00	1.372335560000000010e+00	-1.206426021180030395e+00
1.718343668733746776e+00	3.757786691655940814e+00	1.314058399999999960e+00	-7.821880988401412882e-01
1.719343868773754780e+00	3.757554098096781203e+00	1.411186999999999969e+00	-8.800891578416540906e-01
1.720344068813762783e+00	3.758005869585820502e+00	1.462988919999999915e+00	-6.516533535047908110e-01
1.721344268853770787e+00	3.758162964906884618e+00	1.249306000000000250e+00	-8.148217851739789630e-01
1.722344468893778791e+00	3.757636269981745158e+00	1.378810799999999892e+00	-8.474554715078166378e-01
1.723344668933786794e+00	3.756926291614518743e+00	1.462988919999999915e+00	-8.148217851739789630e-01
1.724344868973794798e+00	3.756289267956830713e+00	1.411186999999999969e+00	-9.127228441754917654e-01
1.725345069013802801e+00	3.755373910259904857e+00	1.482414640000000006e+00	-9.453565305093293292e-01
1.726345269053810805e+00	3.754704614551954478e+00	1.372335560000000010e+00	-8.148217851739789630e-01
1.727345469093818808e+00	3.755052251091647531e+00	1.482414640000000006e+00	-8.800891578416540906e-01
1.728345669133826812e+00	3.755523271847688971e+00	1.456513680000000033e+00	-7.495544125063037244e-01
1.729345869173834815e+00	3.755189165736323886e+00	1.424137479999999734e+00	-9.453565305093293292e-01
1.730346069213842819e+00	3.754705047767767478e+00	1.514790839999999861e+00	-7.495544125063037244e-01
1.731346269253850823e+00	3.754689337036524854e+00	1.547167039999999716e+00	-1.043257589510842243e+00
1.732346469293858826e+00	3.754613957802214852e+00	1.424137479999999734e+00	-9.779902168431670040e-01
1.733346669333866830e+00	3.754205972871163866e+00	1.560117519999999924e+00	-1.239059707513868069e+00
1.734346869373874833e+00	3.754306010815709804e+00	1.540691800000000056e+00	-1.271693393847705744e+00
1.735347069413882837e+00	3.755096920273516492e+00	1.553642280000000042e+00	-1.043257589510842243e+00
1.736347269453890840e+00	3.755408427270417349e+00	1.683147080000000129e+00	-1.043257589510842243e+00
1.737347469493898844e+00	3.754416377174110586e+00	1.547167039999999716e+00	-8.148217851739789630e-01
1.738347669533906847e+00	3.752447297248160840e+00	1.650770879999999829e+00	-9.453565305093293292e-01
1.739347869573914851e+00	3.750917844929236633e+00	1.592493720000000001e+00	-8.800891578416540906e-01
1.740348069613922855e+00	3.750711841469850594e+00	1.663721360000000038e+00	-9.453565305093293292e-01
1.741348269653930858e+00	3.750844340321266568e+00	1.624869920000000079e+00	-1.271693393847705744e+00
1.742348469693938862e+00	3.750704019284051061e+00	1.773800439999999812e+00	-1.369594452849218325e+00
1.743348669733946865e+00	3.750602123064608051e+00	1.754374719999999943e+00	-1.271693393847705744e+00
1.744348869773954869e+00	3.750813697317414430e+00	1.663721360000000038e+00	-1.402228139183055999e+00
1.745349069813962872e+00	3.752128931212528329e+00	1.683147080000000129e+00	-1.043257589510842243e+00
1.746349269853970876e+00	3.753508873022516568e+00	1.760849959999999825e+00	-1.010623903177004790e+00
1.747349469893978879e+00	3.752410209310234723e+00	1.825602359999999980e+00	-1.075891275844679917e+00
1.748349669933986883e+00	3.749773472206591851e+00	1.773800439999999812e+00	-8.800891578416540906e-01
1.749349869973994887e+00	3.748359377146208704e+00	1.773800439999999812e+00	-1.402228139183055999e+00
1.750350070014002890e+00	3.748581815650290583e+00	1.793226159999999902e+00	-1.173792334846192720e+00
1.751350270054010894e+00	3.749801495426172249e+00	1.741424239999999957e+00	-1.793832375189107875e+00
1.752350470094018897e+00	3.751103601505323848e+00	1.696097560000000115e+00	-1.402228139183055999e+00
1.753350670134026901e+00	3.751054105919503723e+00	1.806176639999999889e+00	-1.239059707513868069e+00
1.754350870174034904e+00	3.749709874379473895e+00	1.799701400000000007e+00	-1.402228139183055999e+00
1.755351070214042908e+00	3.748787168118509872e+00	1.870929040000000043e+00	-1.141158648512355045e+00
1.756351270254050911e+00	3.748859607840578700e+00	1.883879520000000030e+00	-1.075891275844679917e+00
1.757351470294058915e+00	3.748590852983093580e+00	1.955107160000000066e+00	-1.271693393847705744e+00
1.758351670334066918e+00	3.746991379901098984e+00	1.909780479999999780e+00	-1.075891275844679917e+00
1.759351870374074922e+00	3.745344838157627088e+00	1.922730959999999989e+00	-1.761198688855269978e+00
1.760352070414082926e+00	3.745669327198955845e+00	1.877404279999999925e+00	-1.467495511850731349e+00
1.761352270454090929e+00	3.747453778218569731e+00	1.883879520000000030e+00	-1.369594452849218325e+00
1.762352470494098933e+00	3.748779027912336748e+00	1.955107160000000066e+00	-1.500129198184569024e+00
1.763352670534106936e+00	3.748918773266692650e+00	1.922730959999999989e+00	-1.304327080181543197e+00
1.764352870574114718e+00	3.748169984931590815e+00	1.916255719999999885e+00	-1.369594452849218325e+00
1.765353070614122721e+00	3.747219772645582037e+00	1.935681439999999975e+00	-1.434861825516893896e+00
1.766353270654130725e+00	3.746205475813079389e+00	2.000433839999999908e+00	-1.336960766515380872e+00
1.767353470694138728e+00	3.745076160735814064e+00	1.845028079999999848e+00	-1.434861825516893896e+00
1.768353670734146732e+00	3.744383531197100545e+00	2.104037679999999799e+00	-1.467495511850731349e+00
1.769353870774154736e+00	3.744582435077870919e+00	2.019859559999999998e+00	-1.467495511850731349e+00
1.770354070814162739e+00	3.745570731993303593e+00	1.993958600000000025e+00	-1.402228139183055999e+00
1.771354270854170743e+00	3.746342979215818492e+00	2.045760519999999971e+00	-1.402228139183055999e+00
1.772354470894178746e+00	3.746123959841152651e+00	2.078136719999999826e+00	-1.500129198184569024e+00
1.773354670934186750e+00	3.745473349774645300e+00	2.045760519999999971e+00	-1.467495511850731349e+00
1.774354870974194753e+00	3.744962813677342961e+00	2.110512920000000125e+00	-1.402228139183055999e+00
1.775355071014202757e+00	3.744748805134389791e+00	2.084611959999999709e+00	-1.434861825516893896e+00
1.776355271054210760e+00	3.744685619373390395e+00	2.058711000000000180e+00	-1.630663943519919501e+00
1.777355471094218764e+00	3.744111214408003985e+00	2.162314840000000071e+00	-1.630663943519919501e+00
1.778355671134226768e+00	3.743328154211560399e+00	2.142889119999999981e+00	-1.598030257186082048e+00
1.779355871174234771e+00	3.743643170827350097e+00	2.162314840000000071e+00	-1.598030257186082048e+00
1.780356071214242775e+00	3.744222940617662143e+00	2.097562439999999917e+00	-1.598030257186082048e+00
1.781356271254250778e+00	3.742907245888311696e+00	2.110512920000000125e+00	-1.336960766515380872e+00
1.782356471294258782e+00	3.741048042772754822e+00	2.175265319999999836e+00	-1.663297629853757176e+00
1.783356671334266785e+00	3.741099995664234346e+00	2.149364359999999863e+00	-1.434861825516893896e+00
1.784356871374274789e+00	3.741639179408826177e+00	2.110512920000000125e+00	-1.695931316187594851e+00
1.785357071414282792e+00	3.740970445929556742e+00	2.207641520000000135e+00	-1.761198688855269978e+00
1.786357271454290796e+00	3.740430902007431779e+00	2.162314840000000071e+00	-1.793832375189107875e+00
1.787357471494298800e+00	3.741045928272091370e+00	2.298294879999999818e+00	-2.022268179525970933e+00
1.788357671534306803e+00	3.742071297200504798e+00	2.330671080000000117e+00	-1.532762884518406477e+00
1.789357871574314807e+00	3.743231650241166886e+00	2.214116760000000017e+00	-1.826466061522945328e+00
1.790358071614322810e+00	3.744309824031773815e+00	2.181740560000000162e+00	-1.369594452849218325e+00
1.791358271654330814e+00	3.744259878391971164e+00	2.246492959999999872e+00	-1.434861825516893896e+00
1.792358471694338817e+00	3.742619954729008214e+00	2.233542480000000108e+00	-1.369594452849218325e+00
1.793358671734346821e+00	3.740086564667420621e+00	2.259443440000000081e+00	-1.630663943519919501e+00
1.794358871774354824e+00	3.738811667696150476e+00	2.214116760000000017e+00	-1.793832375189107875e+00
1.795359071814362828e+00	3.739843911397690235e+00	2.194691039999999926e+00	-1.891733434190620455e+00
1.796359271854370832e+00	3.740769662589572775e+00	2.343621559999999882e+00	-1.826466061522945328e+00
1.797359471894378835e+00	3.740455012161404635e+00	2.388948239999999945e+00	-1.989634493192133702e+00
1.798359671934386839e+00	3.740357179130727516e+00	2.356572039999999646e+00	-1.500129198184569024e+00
1.799359871974394842e+00	3.740376482568326999e+00	2.375997759999999737e+00	-1.630663943519919501e+00
1.800360072014402846e+00	3.740037729560508506e+00	2.388948239999999945e+00	-1.663297629853757176e+00
1.801360272054410849e+00	3.739400203933207045e+00	2.350096800000000208e+00	-1.532762884518406477e+00
1.802360472094418853e+00	3.738185133291316298e+00	2.343621559999999882e+00	-2.022268179525970933e+00
1.803360672134426856e+00	3.737809206468177159e+00	2.401898720000000154e+00	-1.793832375189107875e+00
1.804360872174434860e+00	3.738747539888376270e+00	2.408373960000000036e+00	-1.989634493192133702e+00
1.805361072214442864e+00	3.738295204735037736e+00	2.337146319999999999e+00	-2.022268179525970933e+00
1.806361272254450867e+00	3.736389341145341270e+00	2.408373960000000036e+00	-1.728565002521432525e+00
1.807361472294458871e+00	3.736133857169029682e+00	2.440750159999999891e+00	-1.859099747856782781e+00
1.808361672334466874e+00	3.737430795558438490e+00	2.388948239999999945e+00	-1.598030257186082048e+00
1.809361872374474878e+00	3.737743323709907806e+00	2.479601600000000072e+00	-1.826466061522945328e+00
1.810362072414482881e+00	3.736885689542369882e+00	2.421324440000000244e+00	-1.957000806858295805e+00
1.811362272454490885e+00	3.736102360039737391e+00	2.440750159999999891e+00	-1.826466061522945328e+00
1.812362472494498888e+00	3.735769449506205930e+00	2.499027319999999719e+00	-2.152802924861321632e+00
1.813362672534506892e+00	3.735975121221181805e+00	2.453700639999999655e+00	-1.989634493192133702e+00
1.814362872574514896e+00	3.736321152300295712e+00	2.434274920000000009e+00	-1.989634493192133702e+00
1.815363072614522899e+00	3.735870451513076063e+00	2.544354000000000227e+00	-1.924367120524458352e+00
1.816363272654530903e+00	3.734963531001791903e+00	2.447225399999999773e+00	-1.761198688855269978e+00
1.817363472694538906e+00	3.734952997720526913e+00	2.479601600000000072e+00	-1.989634493192133702e+00
1.818363672734546910e+00	3.735866712559765546e+00	2.596155920000000172e+00	-1.957000806858295805e+00
1.819363872774554913e+00	3.736380613034574694e+00	2.414849199999999918e+00	-1.859099747856782781e+00
1.820364072814562917e+00	3.735987021659779028e+00	2.479601600000000072e+00	-2.087535552193646726e+00
1.821364272854570920e+00	3.735423218381797916e+00	2.511977800000000371e+00	-1.891733434190620455e+00
1.822364472894578924e+00	3.735198340931595862e+00	2.537878760000000344e+00	-2.054901865859808829e+00
1.823364672934586928e+00	3.735558193835063712e+00	2.486076839999999510e+00	-2.120169238527484179e+00
1.824364872974594931e+00	3.736464694481197224e+00	2.531403520000000018e+00	-1.859099747856782781e+00
1.825365073014602935e+00	3.736542091198113091e+00	2.550829240000000553e+00	-2.087535552193646726e+00
1.826365273054610938e+00	3.735509741920864268e+00	2.537878760000000344e+00	-1.859099747856782781e+00
1.827365473094618942e+00	3.735521864145773918e+00	2.583205440000000408e+00	-1.989634493192133702e+00
1.828365673134626945e+00	3.736627682013779594e+00	2.615581640000000263e+00	-1.989634493192133702e+00
1.829365873174634949e+00	3.736477551947405829e+00	2.589680680000000734e+00	-2.054901865859808829e+00
1.830366073214642952e+00	3.735056771165974787e+00	2.635007360000000354e+00	-1.989634493192133702e+00
1.831366273254650956e+00	3.734272718479565878e+00	2.531403520000000018e+00	-2.120169238527484179e+00
1.832366473294658960e+00	3.735000741861183915e+00	2.596155920000000172e+00	-2.022268179525970933e+00
1.833366673334666963e+00	3.736509766326530535e+00	2.615581640000000263e+00	-2.022268179525970933e+00
1.834366873374674967e+00	3.736907828537736620e+00	2.622056880000000589e+00	-1.859099747856782781e+00
1.835367073414682970e+00	3.735328577871023015e+00	2.667383560000000209e+00	-2.120169238527484179e+00
1.836367273454690974e+00	3.733048536652040283e+00	2.732135959999999919e+00	-1.826466061522945328e+00
1.837367473494698977e+00	3.731815106458407083e+00	2.576730200000000082e+00	-2.348605042864347237e+00
1.838367673534706981e+00	3.732551960113048128e+00	2.660908319999999883e+00	-2.152802924861321632e+00
1.839367873574714984e+00	3.734004593072730582e+00	2.622056880000000589e+00	-2.152802924861321632e+00
1.840368073614722988e+00	3.734372578653479380e+00	2.673858800000000091e+00	-2.413872415532022586e+00
1.841368273654730991e+00	3.734417409957843770e+00	2.583205440000000408e+00	-1.924367120524458352e+00
1.842368473694738995e+00	3.734818064538193205e+00	2.738611200000000245e+00	-2.381238729198184689e+00
1.843368673734746999e+00	3.733932799182190898e+00	2.609106400000000381e+00	-1.761198688855269978e+00
1.844368873774755002e+00	3.731160886119343267e+00	2.622056880000000589e+00	-1.924367120524458352e+00
1.845369073814763006e+00	3.728900448082169472e+00	2.654433080000000444e+00	-2.218070297528996981e+00
1.846369273854771009e+00	3.729240518711376851e+00	2.706235000000000390e+00	-2.120169238527484179e+00
1.847369473894779013e+00	3.731143080842370452e+00	2.615581640000000263e+00	-2.250703983862834434e+00
1.848369673934787016e+00	3.732710925559845183e+00	2.654433080000000444e+00	-2.413872415532022586e+00
1.849369873974795020e+00	3.733592255969494289e+00	2.635007360000000354e+00	-2.087535552193646726e+00
1.850370074014803023e+00	3.733881382193878107e+00	2.615581640000000263e+00	-2.381238729198184689e+00
1.851370274054811027e+00	3.733381681043947964e+00	2.712710240000000272e+00	-1.989634493192133702e+00
1.852370474094819031e+00	3.732588145269782665e+00	2.842215040000000137e+00	-1.957000806858295805e+00
1.853370674134827034e+00	3.732195955470104298e+00	2.712710240000000272e+00	-1.957000806858295805e+00
1.854370874174835038e+00	3.731649911311488044e+00	2.686809280000000300e+00	-1.989634493192133702e+00
1.855371074214843041e+00	3.730320974110139520e+00	2.667383560000000209e+00	-2.315971356530509784e+00
1.856371274254851045e+00	3.729372642256782999e+00	2.615581640000000263e+00	-2.185436611195159529e+00
1.857371474294859048e+00	3.730211256395725705e+00	2.654433080000000444e+00	-2.381238729198184689e+00
1.858371674334867052e+00	3.732265514525130001e+00	2.667383560000000209e+00	-2.250703983862834434e+00
1.859371874374875055e+00	3.733580899472042081e+00	2.699759760000000064e+00	-2.054901865859808829e+00
1.860372074414883059e+00	3.733076303137283336e+00	2.680334040000000417e+00	-2.120169238527484179e+00
1.861372274454891063e+00	3.731872578185695399e+00	2.667383560000000209e+00	-2.022268179525970933e+00
1.862372474494899066e+00	3.731173187205104380e+00	2.680334040000000417e+00	-1.891733434190620455e+00
1.863372674534907070e+00	3.730389308528760939e+00	2.809838840000000282e+00	-2.348605042864347237e+00
1.864372874574915073e+00	3.729235762737976412e+00	2.777462640000000427e+00	-2.022268179525970933e+00
1.865373074614923077e+00	3.728451916308666458e+00	2.770987400000000100e+00	-2.446506101865860039e+00
1.866373274654931080e+00	3.728545383165134286e+00	2.770987400000000100e+00	-2.348605042864347237e+00
1.867373474694939084e+00	3.729850563267987695e+00	2.758036920000000336e+00	-2.283337670196671887e+00
1.868373674734947087e+00	3.731279663349833520e+00	2.732135959999999919e+00	-2.283337670196671887e+00
1.869373874774955091e+00	3.730923272600986884e+00	2.660908319999999883e+00	-2.087535552193646726e+00
1.870374074814963095e+00	3.729782404122270911e+00	2.738611200000000245e+00	-1.891733434190620455e+00
1.871374274854971098e+00	3.729779213082625500e+00	2.745086440000000128e+00	-2.185436611195159529e+00
1.872374474894979102e+00	3.730177191293854388e+00	2.758036920000000336e+00	-2.185436611195159529e+00
1.873374674934987105e+00	3.729716372850702566e+00	2.881066480000000318e+00	-2.283337670196671887e+00
1.874374874974995109e+00	3.728469372062048759e+00	2.770987400000000100e+00	-2.250703983862834434e+00
1.875375075015003112e+00	3.727892052041126725e+00	2.758036920000000336e+00	-2.315971356530509784e+00
1.876375275055011116e+00	3.729121590552731735e+00	2.732135959999999919e+00	-2.283337670196671887e+00
1.877375475095019119e+00	3.730537262831803424e+00	2.699759760000000064e+00	-2.152802924861321632e+00
1.878375675135026901e+00	3.730261520559918775e+00	2.783937880000000309e+00	-2.185436611195159529e+00
1.879375875175034905e+00	3.729035650345366548e+00	2.770987400000000100e+00	-2.152802924861321632e+00
1.880376075215042908e+00	3.728624210035200282e+00	2.738611200000000245e+00	-2.250703983862834434e+00
1.881376275255050912e+00	3.729545626464223051e+00	2.770987400000000100e+00	-2.185436611195159529e+00
1.882376475295058915e+00	3.730617299737366555e+00	2.745086440000000128e+00	-2.283337670196671887e+00
1.883376675335066919e+00	3.730496448527131470e+00	2.764512159999999774e+00	-2.185436611195159529e+00
1.884376875375074922e+00	3.729495981777654734e+00	2.745086440000000128e+00	-2.250703983862834434e+00
1.885377075415082926e+00	3.729299672610046468e+00	2.770987400000000100e+00	-2.218070297528996981e+00
1.886377275455090929e+00	3.730049022684411408e+00	2.751561680000000454e+00	-2.250703983862834434e+00
1.887377475495098933e+00	3.729675018040555123e+00	2.829264560000000372e+00	-1.957000806858295805e+00
1.888377675535106937e+00	3.727852095203580518e+00	2.777462640000000427e+00	-2.250703983862834434e+00
1.889377875575114940e+00	3.726947010514847669e+00	2.764512159999999774e+00	-2.087535552193646726e+00
1.890378075615122944e+00	3.727935287733763925e+00	2.783937880000000309e+00	-2.381238729198184689e+00
1.891378275655130947e+00	3.728721667930793959e+00	2.758036920000000336e+00	-2.446506101865860039e+00
1.892378475695138951e+00	3.727960349173753407e+00	2.764512159999999774e+00	-2.283337670196671887e+00
1.893378675735146954e+00	3.727492574399786651e+00	2.745086440000000128e+00	-2.413872415532022586e+00
1.894378875775154958e+00	3.728563143433498261e+00	2.887541720000000200e+00	-2.054901865859808829e+00
1.895379075815162961e+00	3.729747056450402720e+00	2.777462640000000427e+00	-2.218070297528996981e+00
1.896379275855170965e+00	3.729939449014264774e+00	2.764512159999999774e+00	-1.859099747856782781e+00
1.897379475895178969e+00	3.729158233695895053e+00	2.745086440000000128e+00	-2.022268179525970933e+00
1.898379675935186972e+00	3.727769664708880271e+00	2.686809280000000300e+00	-2.250703983862834434e+00
1.899379875975194976e+00	3.727091266452842167e+00	2.745086440000000128e+00	-2.250703983862834434e+00
1.900380076015202979e+00	3.727703088942242893e+00	2.751561680000000454e+00	-2.413872415532022586e+00
1.901380276055210983e+00	3.728372916647489266e+00	2.758036920000000336e+00	-2.479139788199697936e+00
1.902380476095218986e+00	3.728599616987709364e+00	2.758036920000000336e+00	-2.185436611195159529e+00
1.903380676135226990e+00	3.728604470731749831e+00	2.770987400000000100e+00	-2.315971356530509784e+00
1.904380876175234993e+00	3.728305157060767261e+00	2.939343640000000146e+00	-2.022268179525970933e+00
1.905381076215242997e+00	3.728442562321151232e+00	2.777462640000000427e+00	-1.957000806858295805e+00
1.906381276255251001e+00	3.729175388576956962e+00	2.764512159999999774e+00	-2.218070297528996981e+00
1.907381476295259004e+00	3.729182458700480485e+00	2.732135959999999919e+00	-1.989634493192133702e+00
1.908381676335267008e+00	3.728430236556111055e+00	2.751561680000000454e+00	-2.446506101865860039e+00
1.909381876375275011e+00	3.728250410554585947e+00	2.732135959999999919e+00	-2.283337670196671887e+00
1.910382076415283015e+00	3.728685495445513531e+00	2.732135959999999919e+00	-2.152802924861321632e+00
1.911382276455291018e+00	3.728921025901270170e+00	2.732135959999999919e+00	-2.315971356530509784e+00
1.912382476495299022e+00	3.728735449559815063e+00	2.732135959999999919e+00	-2.120169238527484179e+00
1.913382676535307025e+00	3.728338448256668602e+00	2.732135959999999919e+00	-1.989634493192133702e+00
1.914382876575315029e+00	3.728180465984600289e+00	2.725660720000000481e+00	-2.152802924861321632e+00
1.915383076615323032e+00	3.727817877058119844e+00	2.712710240000000272e+00	-1.957000806858295805e+00
1.916383276655331036e+00	3.726442280742369828e+00	2.706235000000000390e+00	-2.446506101865860039e+00
1.917383476695339040e+00	3.725669393884918357e+00	2.706235000000000390e+00	-2.348605042864347237e+00
1.918383676735347043e+00	3.727390110612527785e+00	2.758036920000000336e+00	-2.283337670196671887e+00
1.919383876775355047e+00	3.729880954394108272e+00	2.699759760000000064e+00	-2.250703983862834434e+00
1.920384076815363050e+00	3.730132160072772152e+00	2.699759760000000064e+00	-2.120169238527484179e+00
1.921384276855371054e+00	3.728505315688791288e+00	2.732135959999999919e+00	-2.152802924861321632e+00
1.922384476895379057e+00	3.727786431178806037e+00	2.693284519999999738e+00	-1.989634493192133702e+00
1.923384676935387061e+00	3.728365810262146862e+00	2.686809280000000300e+00	-2.120169238527484179e+00
1.924384876975395064e+00	3.729082489923915666e+00	2.686809280000000300e+00	-2.087535552193646726e+00
1.925385077015403068e+00	3.729742126097463917e+00	2.654433080000000444e+00	-1.957000806858295805e+00
1.926385277055411072e+00	3.729506354356316056e+00	2.686809280000000300e+00	-2.120169238527484179e+00
1.927385477095419075e+00	3.728314579951168106e+00	2.680334040000000417e+00	-2.250703983862834434e+00
1.928385677135427079e+00	3.728176175306414653e+00	2.654433080000000444e+00	-2.087535552193646726e+00
1.929385877175435082e+00	3.729649052984535640e+00	2.622056880000000589e+00	-2.185436611195159529e+00
1.930386077215443086e+00	3.730715252594200670e+00	2.699759760000000064e+00	-2.022268179525970933e+00
1.931386277255451089e+00	3.729760604369582122e+00	2.583205440000000408e+00	-2.087535552193646726e+00
1.932386477295459093e+00	3.727683588505699586e+00	2.628532120000000027e+00	-2.120169238527484179e+00
1.933386677335467096e+00	3.726920467596067876e+00	2.622056880000000589e+00	-2.087535552193646726e+00
1.934386877375475100e+00	3.728280098011260257e+00	2.615581640000000263e+00	-2.022268179525970933e+00
1.935387077415483104e+00	3.729631694544317977e+00	2.628532120000000027e+00	-2.218070297528996981e+00
1.936387277455491107e+00	3.729405415926135614e+00	2.635007360000000354e+00	-2.054901865859808829e+00
1.937387477495499111e+00	3.728749801076383985e+00	2.609106400000000381e+00	-2.087535552193646726e+00
1.938387677535507114e+00	3.728747842370286225e+00	2.602631160000000055e+00	-1.826466061522945328e+00
1.939387877575515118e+00	3.728820868646126829e+00	2.576730200000000082e+00	-2.054901865859808829e+00
1.940388077615523121e+00	3.728222544071025712e+00	2.654433080000000444e+00	-1.826466061522945328e+00
1.941388277655531125e+00	3.727603645835864121e+00	2.550829240000000553e+00	-2.120169238527484179e+00
1.942388477695539128e+00	3.727850130273084428e+00	2.589680680000000734e+00	-1.793832375189107875e+00
1.943388677735547132e+00	3.728145071688738099e+00	2.544354000000000227e+00	-1.989634493192133702e+00
1.944388877775555136e+00	3.728100845070379421e+00	2.537878760000000344e+00	-2.283337670196671887e+00
1.945389077815563139e+00	3.728622805671363061e+00	2.453700639999999655e+00	-2.054901865859808829e+00
1.946389277855571143e+00	3.729478036374163530e+00	2.570254960000000199e+00	-2.348605042864347237e+00
1.947389477895579146e+00	3.730233108501958661e+00	2.518453040000000698e+00	-1.761198688855269978e+00
1.948389677935587150e+00	3.731000438912606576e+00	2.531403520000000018e+00	-1.859099747856782781e+00
1.949389877975595153e+00	3.730966178124072830e+00	2.537878760000000344e+00	-1.826466061522945328e+00
1.950390078015603157e+00	3.729688742106733290e+00	2.570254960000000199e+00	-1.695931316187594851e+00
1.951390278055611160e+00	3.728302879280272375e+00	2.486076839999999510e+00	-1.924367120524458352e+00
1.952390478095619164e+00	3.727672966104828678e+00	2.518453040000000698e+00	-2.054901865859808829e+00
1.953390678135627168e+00	3.727658849553426634e+00	2.466651119999999864e+00	-2.218070297528996981e+00
1.954390878175635171e+00	3.728533987474080824e+00	2.486076839999999510e+00	-2.218070297528996981e+00
1.955391078215643175e+00	3.730004549608950892e+00	2.401898720000000154e+00	-1.989634493192133702e+00
1.956391278255651178e+00	3.730401767839691907e+00	2.447225399999999773e+00	-1.989634493192133702e+00
1.957391478295659182e+00	3.729956065880572158e+00	2.460175879999999982e+00	-1.630663943519919501e+00
1.958391678335667185e+00	3.730043040294955592e+00	2.466651119999999864e+00	-1.695931316187594851e+00
1.959391878375675189e+00	3.729573979055063493e+00	2.473126360000000190e+00	-1.924367120524458352e+00
1.960392078415683192e+00	3.727818558908149615e+00	2.460175879999999982e+00	-1.793832375189107875e+00
1.961392278455691196e+00	3.726896851157272650e+00	2.466651119999999864e+00	-2.152802924861321632e+00
1.962392478495699200e+00	3.728142487895804269e+00	2.453700639999999655e+00	-2.022268179525970933e+00
1.963392678535707203e+00	3.729960018491607077e+00	2.427799679999999682e+00	-1.891733434190620455e+00
1.964392878575715207e+00	3.730932461646293774e+00	2.408373960000000036e+00	-1.989634493192133702e+00
1.965393078615723210e+00	3.730985250980793921e+00	2.375997759999999737e+00	-1.598030257186082048e+00
1.966393278655731214e+00	3.729759443323234169e+00	2.408373960000000036e+00	-1.695931316187594851e+00
1.967393478695739217e+00	3.728461532150298297e+00	2.246492959999999872e+00	-1.891733434190620455e+00
1.968393678735747221e+00	3.728989446931880281e+00	2.350096800000000208e+00	-1.663297629853757176e+00
1.969393878775755224e+00	3.730033281196030170e+00	2.382473000000000063e+00	-2.022268179525970933e+00
1.970394078815763228e+00	3.729764311023842094e+00	2.324195839999999791e+00	-1.793832375189107875e+00
1.971394278855771232e+00	3.728980993761228380e+00	2.356572039999999646e+00	-1.957000806858295805e+00
1.972394478895779235e+00	3.729230544582906592e+00	2.388948239999999945e+00	-1.891733434190620455e+00
1.973394678935787239e+00	3.730377547604829314e+00	2.291819639999999936e+00	-1.728565002521432525e+00
1.974394878975795242e+00	3.730821923706687304e+00	2.285344400000000054e+00	-1.957000806858295805e+00
1.975395079015803246e+00	3.730577710846851858e+00	2.272393919999999845e+00	-1.663297629853757176e+00
1.976395279055811249e+00	3.731007325133507635e+00	2.375997759999999737e+00	-1.565396570852244151e+00
1.977395479095819253e+00	3.731325599270596260e+00	2.246492959999999872e+00	-1.695931316187594851e+00
1.978395679135827256e+00	3.729976248308543685e+00	2.304770120000000144e+00	-1.728565002521432525e+00
1.979395879175835260e+00	3.728310816345847822e+00	2.220591999999999899e+00	-1.793832375189107875e+00
1.980396079215843264e+00	3.728450108962677145e+00	2.240017719999999990e+00	-1.793832375189107875e+00
1.981396279255851267e+00	3.729760872303064190e+00	2.214116760000000017e+00	-1.695931316187594851e+00
1.982396479295859271e+00	3.731110822994011311e+00	2.298294879999999818e+00	-1.663297629853757176e+00
1.983396679335867274e+00	3.732438873783213928e+00	2.194691039999999926e+00	-1.565396570852244151e+00
1.984396879375875278e+00	3.732563431319403602e+00	2.181740560000000162e+00	-1.761198688855269978e+00
1.985397079415883281e+00	3.730811562112626767e+00	2.162314840000000071e+00	-1.630663943519919501e+00
1.986397279455891285e+00	3.729550621634411645e+00	2.142889119999999981e+00	-1.663297629853757176e+00
1.987397479495899288e+00	3.730370231787173640e+00	2.013384319999999672e+00	-1.565396570852244151e+00
1.988397679535907292e+00	3.731120473681310390e+00	2.084611959999999709e+00	-1.630663943519919501e+00
1.989397879575915296e+00	3.730463748261128032e+00	2.188215800000000044e+00	-1.663297629853757176e+00
1.990398079615923299e+00	3.730568659094001038e+00	2.155839599999999745e+00	-1.630663943519919501e+00
1.991398279655931303e+00	3.732016690602594888e+00	2.136413880000000098e+00	-1.532762884518406477e+00
1.992398479695939084e+00	3.732309694570962844e+00	2.168790079999999953e+00	-1.663297629853757176e+00
1.993398679735947088e+00	3.730969074378537975e+00	2.181740560000000162e+00	-1.369594452849218325e+00
1.994398879775955091e+00	3.729942495165326832e+00	2.078136719999999826e+00	-1.630663943519919501e+00
1.995399079815963095e+00	3.729847341372327207e+00	2.045760519999999971e+00	-1.565396570852244151e+00
1.996399279855971098e+00	3.729859324674134058e+00	2.013384319999999672e+00	-1.695931316187594851e+00
1.997399479895979102e+00	3.730098156764818818e+00	2.058711000000000180e+00	-1.826466061522945328e+00
1.998399679935987105e+00	3.731052836167184417e+00	2.045760519999999971e+00	-1.598030257186082048e+00
1.999399879975995109e+00	3.732224063705684269e+00	1.968057640000000053e+00	-1.826466061522945328e+00
2.000400080016003113e+00	3.733174847428644583e+00	2.078136719999999826e+00	-1.206426021180030395e+00
2.001400280056011116e+00	3.733435848975791060e+00	1.987483359999999921e+00	-1.369594452849218325e+00
2.002400480096019120e+00	3.732630955244754301e+00	2.000433839999999908e+00	-1.206426021180030395e+00
2.003400680136027123e+00	3.731566429283115660e+00	2.019859559999999998e+00	-1.239059707513868069e+00
2.004400880176035127e+00	3.731263230797025710e+00	1.987483359999999921e+00	-1.598030257186082048e+00
2.005401080216043130e+00	3.731534897010619911e+00	1.942156679999999858e+00	-1.598030257186082048e+00
2.006401280256051134e+00	3.731649915368590253e+00	1.955107160000000066e+00	-1.598030257186082048e+00
2.007401480296059137e+00	3.731920799478530171e+00	1.903305239999999898e+00	-1.793832375189107875e+00
2.008401680336067141e+00	3.732370243246668995e+00	1.942156679999999858e+00	-1.173792334846192720e+00
2.009401880376075145e+00	3.732145983233174924e+00	1.922730959999999989e+00	-1.206426021180030395e+00
2.010402080416083148e+00	3.731843368555982199e+00	1.935681439999999975e+00	-1.304327080181543197e+00
2.011402280456091152e+00	3.732081689097137112e+00	1.845028079999999848e+00	-1.010623903177004790e+00
2.012402480496099155e+00	3.731775222532414116e+00	1.845028079999999848e+00	-1.402228139183055999e+00
2.013402680536107159e+00	3.730569559298977378e+00	1.942156679999999858e+00	-1.271693393847705744e+00
2.014402880576115162e+00	3.730201907074899292e+00	1.793226159999999902e+00	-1.565396570852244151e+00
2.015403080616123166e+00	3.732179433355144571e+00	1.825602359999999980e+00	-1.532762884518406477e+00
2.016403280656131169e+00	3.734691813264335192e+00	1.760849959999999825e+00	-1.271693393847705744e+00
2.017403480696139173e+00	3.734904939404610769e+00	1.741424239999999957e+00	-1.271693393847705744e+00
2.018403680736147177e+00	3.733579999051465315e+00	1.760849959999999825e+00	-1.108524962178517592e+00
2.019403880776155180e+00	3.732832782219174028e+00	1.864453799999999939e+00	-1.010623903177004790e+00
2.020404080816163184e+00	3.732415556419768077e+00	1.793226159999999902e+00	-1.304327080181543197e+00
2.021404280856171187e+00	3.731667598694019539e+00	1.696097560000000115e+00	-1.075891275844679917e+00
2.022404480896179191e+00	3.731314116694252281e+00	1.715523279999999984e+00	-1.402228139183055999e+00
2.023404680936187194e+00	3.731530947301809231e+00	1.637820399999999843e+00	-1.206426021180030395e+00
2.024404880976195198e+00	3.731559998810213052e+00	1.968057640000000053e+00	-1.467495511850731349e+00
2.025405081016203201e+00	3.731843328320491704e+00	1.741424239999999957e+00	-1.304327080181543197e+00
2.026405281056211205e+00	3.732858856699704297e+00	1.793226159999999902e+00	-1.075891275844679917e+00
2.027405481096219209e+00	3.733451115320086444e+00	1.663721360000000038e+00	-1.075891275844679917e+00
2.028405681136227212e+00	3.733183381545495116e+00	1.521266079999999965e+00	-1.010623903177004790e+00
2.029405881176235216e+00	3.732691922032404630e+00	1.566592759999999807e+00	-9.779902168431670040e-01
2.030406081216243219e+00	3.732446440870867299e+00	1.631345159999999739e+00	-1.108524962178517592e+00
2.031406281256251223e+00	3.733130228469288880e+00	1.586018479999999897e+00	-1.108524962178517592e+00
2.032406481296259226e+00	3.734034493783235042e+00	1.611919440000000092e+00	-1.075891275844679917e+00
2.033406681336267230e+00	3.733768649425277530e+00	1.611919440000000092e+00	-1.271693393847705744e+00
2.034406881376275233e+00	3.733606671282357237e+00	1.573067999999999911e+00	-9.453565305093293292e-01
2.035407081416283237e+00	3.734517949831678951e+00	1.598968959999999884e+00	-1.075891275844679917e+00
2.036407281456291241e+00	3.734585553375253220e+00	1.560117519999999924e+00	-9.453565305093293292e-01
2.037407481496299244e+00	3.733565503586633305e+00	1.560117519999999924e+00	-1.075891275844679917e+00
2.038407681536307248e+00	3.733321860468109765e+00	1.495365119999999770e+00	-9.127228441754917654e-01
2.039407881576315251e+00	3.733512748071289078e+00	1.514790839999999861e+00	-1.108524962178517592e+00
2.040408081616323255e+00	3.733234292379111086e+00	1.488889879999999888e+00	-9.127228441754917654e-01
2.041408281656331258e+00	3.733945371978526051e+00	1.521266079999999965e+00	-1.075891275844679917e+00
2.042408481696339262e+00	3.735859749250113104e+00	1.534216559999999951e+00	-1.141158648512355045e+00
2.043408681736347265e+00	3.736420516629666455e+00	1.475939400000000123e+00	-9.127228441754917654e-01
2.044408881776355269e+00	3.735248973850765264e+00	1.327008879999999946e+00	-7.495544125063037244e-01
2.045409081816363273e+00	3.734518711693513016e+00	1.501840359999999874e+00	-8.474554715078166378e-01
2.046409281856371276e+00	3.734615458516111541e+00	1.443563199999999824e+00	-6.842870398386284858e-01
2.047409481896379280e+00	3.734254486930721040e+00	1.450038439999999929e+00	-9.453565305093293292e-01
2.048409681936387283e+00	3.733172837914291886e+00	1.385286039999999996e+00	-9.127228441754917654e-01
2.049409881976395287e+00	3.732723507864405654e+00	1.333484120000000051e+00	-1.043257589510842243e+00
2.050410082016403290e+00	3.734098522561161815e+00	1.391761279999999878e+00	-1.141158648512355045e+00
2.051410282056411294e+00	3.736319119015999224e+00	1.320533639999999842e+00	-7.495544125063037244e-01
2.052410482096419297e+00	3.737514234150594028e+00	1.443563199999999824e+00	-1.075891275844679917e+00
2.053410682136427301e+00	3.737185316919505507e+00	1.365860319999999906e+00	-4.884849218356027145e-01
2.054410882176435305e+00	3.736166810284007767e+00	1.255781239999999910e+00	-6.842870398386284858e-01
2.055411082216443308e+00	3.735919717215705926e+00	1.126276440000000045e+00	-5.537522945032778976e-01
2.056411282256451312e+00	3.736653864744747366e+00	1.216929799999999950e+00	-6.516533535047908110e-01
2.057411482296459315e+00	3.736792629525905518e+00	1.229880280000000159e+00	-9.127228441754917654e-01
2.058411682336467319e+00	3.735915317276763847e+00	1.210454560000000068e+00	-8.148217851739789630e-01
2.059411882376475322e+00	3.735329821658118554e+00	1.301107919999999973e+00	-9.127228441754917654e-01
2.060412082416483326e+00	3.735677770474576942e+00	1.255781239999999910e+00	-1.010623903177004790e+00
2.061412282456491329e+00	3.736542913115677322e+00	1.229880280000000159e+00	-5.537522945032778976e-01
2.062412482496499333e+00	3.737841598755676564e+00	1.139226920000000032e+00	-5.211186081694403338e-01
2.063412682536507337e+00	3.739090726536809406e+00	1.145702159999999914e+00	-4.884849218356027145e-01
2.064412882576515340e+00	3.738477862749187697e+00	1.113325960000000059e+00	-3.579501765002521818e-01
2.065413082616523344e+00	3.735972441430381874e+00	1.126276440000000045e+00	-8.800891578416540906e-01
2.066413282656531347e+00	3.734169161366760470e+00	1.061524040000000113e+00	-5.863859808371156834e-01
2.067413482696539351e+00	3.734570874620545933e+00	1.139226920000000032e+00	-8.148217851739789630e-01
2.068413682736547354e+00	3.736803509061321193e+00	1.067999279999999995e+00	-7.821880988401412882e-01
2.069413882776555358e+00	3.739407717147027466e+00	1.048573559999999905e+00	-5.211186081694403338e-01
2.070414082816563361e+00	3.740360522014048339e+00	1.106850720000000177e+00	-5.537522945032778976e-01
2.071414282856571365e+00	3.739387957983685506e+00	9.902964000000000766e-01	-4.232175491679274204e-01
2.072414482896579369e+00	3.738129337779743544e+00	1.035623080000000140e+00	-2.926828038325769432e-01
2.073414682936587372e+00	3.738015092156735886e+00	1.055048800000000009e+00	-4.884849218356027145e-01
2.074414882976595376e+00	3.738759520504276956e+00	9.773459200000000902e-01	-2.274154311649017046e-01
2.075415083016603379e+00	3.738744847412945660e+00	1.067999279999999995e+00	-8.148217851739789630e-01
2.076415283056611383e+00	3.738045963821246431e+00	8.413658800000000104e-01	-4.558512355017650397e-01
2.077415483096619386e+00	3.738248247992246309e+00	1.003246880000000063e+00	-5.537522945032778976e-01
2.078415683136627390e+00	3.739188054905287384e+00	8.931677999999999562e-01	-5.211186081694403338e-01
2.079415883176635393e+00	3.739661733830361712e+00	9.643954399999999927e-01	-3.579501765002521818e-01
2.080416083216643397e+00	3.739739908523036505e+00	7.830887200000000714e-01	-2.600491174987393794e-01
2.081416283256651401e+00	3.740040972521067264e+00	8.996430400000000605e-01	-2.926828038325769432e-01
2.082416483296659404e+00	3.740304828311721508e+00	8.802173200000000808e-01	-2.926828038325769432e-01
2.083416683336667408e+00	3.740533831688069633e+00	9.579201999999999995e-01	-4.558512355017650397e-01
2.084416883376675411e+00	3.741381588541079939e+00	8.154649200000001485e-01	-2.926828038325769432e-01
2.085417083416683415e+00	3.742215570574568773e+00	8.089896800000000443e-01	-3.253164901664145625e-01
2.086417283456691418e+00	3.741883306245072482e+00	7.960392000000000579e-01	-4.558512355017650397e-01
2.087417483496699422e+00	3.740832187817144217e+00	8.543163600000001079e-01	-3.253164901664145625e-01
2.088417683536707425e+00	3.740305306081368464e+00	8.607915999999999901e-01	-2.926828038325769432e-01
2.089417883576715429e+00	3.740759902036233431e+00	7.766134800000000782e-01	-2.274154311649017046e-01
2.090418083616723433e+00	3.741744390490773675e+00	6.082572400000001434e-01	-3.905838628340898566e-01
2.091418283656731436e+00	3.742576999479120481e+00	7.895639599999999536e-01	-2.274154311649017046e-01
2.092418483696739440e+00	3.743051438496744154e+00	7.183363200000001392e-01	-3.905838628340898566e-01
2.093418683736747443e+00	3.743455676620889072e+00	6.989106000000000485e-01	-2.274154311649017046e-01
2.094418883776755447e+00	3.743806331209955207e+00	6.730096400000000756e-01	-2.600491174987393794e-01
2.095419083816763450e+00	3.743893715196218164e+00	6.600591600000000891e-01	-2.274154311649017046e-01
2.096419283856771454e+00	3.743824414933804690e+00	7.442372800000001121e-01	-6.424699949571360813e-02
2.097419483896779457e+00	3.743732228321950739e+00	6.276829600000000120e-01	-6.424699949571360813e-02
2.098419683936787461e+00	3.743797375307366782e+00	7.766134800000000782e-01	-1.295143721633888190e-01
2.099419883976795465e+00	3.744263110992230192e+00	6.212077200000000188e-01	9.892143217347457163e-02
2.100420084016803468e+00	3.744777884772022336e+00	6.147324800000000256e-01	-2.926828038325769432e-01
2.101420284056811472e+00	3.744584723564303719e+00	6.665344000000000824e-01	-1.947817448310640853e-01
2.102420484096819475e+00	3.743940000189745376e+00	5.564553199999999755e-01	-2.926828038325769432e-01
2.103420684136827479e+00	3.744633231751195002e+00	5.564553199999999755e-01	-3.579501765002521818e-01
2.104420884176835482e+00	3.747150442788880653e+00	6.471086800000001027e-01	3.365405950579927752e-02
2.105421084216843486e+00	3.749038702636991793e+00	5.758810400000000662e-01	-2.274154311649017046e-01
2.106421284256851489e+00	3.748798202093230447e+00	4.010495599999999716e-01	3.926246091780131731e-01
2.107421484296859493e+00	3.747648032031423160e+00	4.528514799999999729e-01	9.892143217347457163e-02
2.108421684336867497e+00	3.746573824256310470e+00	5.176038800000000162e-01	3.365405950579927752e-02
2.109421884376875500e+00	3.745732096769947894e+00	4.658019600000000704e-01	3.365405950579927752e-02
2.110422084416883504e+00	3.745727000525421513e+00	4.981781600000000365e-01	-1.947817448310640853e-01
2.111422284456891507e+00	3.746909402926183130e+00	4.204752800000000068e-01	-2.600491174987393794e-01
2.112422484496899511e+00	3.748850543598325036e+00	4.722772000000000081e-01	-9.688068582955121355e-02
2.113422684536907514e+00	3.750961410978816080e+00	4.658019600000000704e-01	-1.295143721633888190e-01
2.114422884576915518e+00	3.751864994638539397e+00	4.269505200000000000e-01	2.620898638426626404e-01
2.115423084616923521e+00	3.750562719402882550e+00	3.427723999999999771e-01	2.947235501765002597e-01
2.116423284656931525e+00	3.749054564781492793e+00	3.039209600000000178e-01	1.968224911749873740e-01
2.117423484696939529e+00	3.748902860805849890e+00	2.197428399999999948e-01	2.947235501765002597e-01
2.118423684736947532e+00	3.748684650575769606e+00	3.557228800000000746e-01	-1.621480584972264660e-01
2.119423884776955536e+00	3.748388083375673752e+00	4.787524399999999458e-01	6.628774583963688294e-02
2.120424084816963539e+00	3.749532788517803361e+00	3.945743200000000339e-01	-3.161331316187596802e-02
2.121424284856971543e+00	3.751463895694023165e+00	4.204752800000000068e-01	1.020373171961676869e-03
2.122424484896979546e+00	3.752341073940153038e+00	4.722772000000000081e-01	1.968224911749873740e-01
2.123424684936987550e+00	3.751923618671241023e+00	4.140000400000000136e-01	1.641888048411497825e-01
2.124424884976995553e+00	3.751370332061417567e+00	3.557228800000000746e-01	4.252582955118507924e-01
2.125425085017003557e+00	3.751107601068802477e+00	2.456437999999999955e-01	4.252582955118507924e-01
2.126425285057011560e+00	3.751041076192008550e+00	1.938418799999999942e-01	1.020373171961676869e-03
2.127425485097019564e+00	3.751362206556868806e+00	1.808914000000000077e-01	3.926246091780131731e-01
2.128425685137027568e+00	3.751478286997584899e+00	1.226142399999999993e-01	9.892143217347457163e-02
2.129425885177035571e+00	3.751486946660786082e+00	2.197428399999999948e-01	9.892143217347457163e-02
2.130426085217043575e+00	3.752529699753022641e+00	2.909704799999999758e-01	2.947235501765002597e-01
2.131426285257051578e+00	3.753829322268693147e+00	2.197428399999999948e-01	2.294561775088249655e-01
2.132426485297059582e+00	3.754147566713522455e+00	6.433707999999999094e-02	4.252582955118507924e-01
2.133426685337067585e+00	3.753868370825129475e+00	8.376279999999999837e-02	3.926246091780131731e-01
2.134426885377075589e+00	3.753425217353521859e+00	1.679409199999999935e-01	3.926246091780131731e-01
2.135427085417083592e+00	3.752964414738337418e+00	2.132676000000000016e-01	3.273572365103378790e-01
2.136427285457091596e+00	3.752796024833544575e+00	1.420399599999999929e-01	2.947235501765002597e-01
2.137427485497099600e+00	3.753330970123431420e+00	1.226142399999999993e-01	2.294561775088249655e-01
2.138427685537107603e+00	3.754784463023796537e+00	2.548563999999999691e-02	2.947235501765002597e-01
2.139427885577115607e+00	3.756217371049008769e+00	7.728756000000000514e-02	2.947235501765002597e-01
2.140428085617123610e+00	3.756028357850313970e+00	1.808914000000000077e-01	5.557930408472013806e-01
2.141428285657131614e+00	3.754423163277985420e+00	3.843611999999999723e-02	3.273572365103378790e-01
2.142428485697139617e+00	3.754103749569791759e+00	1.901039999999999675e-02	2.620898638426626404e-01
2.143428685737147621e+00	3.756447520969457443e+00	5.138659999999999756e-02	4.578919818456884672e-01
2.144428885777155624e+00	3.758553016417315540e+00	1.290894800000000064e-01	4.905256681795260310e-01
2.145429085817163628e+00	3.757804558609826096e+00	7.081231999999999804e-02	4.252582955118507924e-01
2.146429285857171632e+00	3.756363620219177246e+00	6.433707999999999094e-02	4.905256681795260310e-01
2.147429485897179635e+00	3.756837884804705929e+00	9.671327999999999869e-02	3.926246091780131731e-01
2.148429685937187639e+00	3.758359887121522469e+00	-2.631628000000000439e-02	4.578919818456884672e-01
2.149429885977195642e+00	3.759608179135323969e+00	3.196087999999999707e-02	4.905256681795260310e-01
2.150430086017203646e+00	3.760280657923771308e+00	-1.984104000000000423e-02	6.863277861825517467e-01
2.151430286057211649e+00	3.759843840124263981e+00	-2.631628000000000439e-02	4.578919818456884672e-01
2.152430486097219653e+00	3.758468742226114490e+00	-6.516772000000001230e-02	6.210604135148766192e-01
2.153430686137227656e+00	3.757332290719745949e+00	-1.687715600000000149e-01	4.252582955118507924e-01
2.154430886177235660e+00	3.757383200451361205e+00	-8.459344000000000585e-02	3.599909228441755538e-01
2.155431086217243664e+00	3.758784239279996164e+00	-9.106868000000001295e-02	3.926246091780131731e-01
2.156431286257251667e+00	3.760690234218325489e+00	-7.811819999999999875e-02	2.947235501765002597e-01
2.157431486297259671e+00	3.761784007051585110e+00	-9.106868000000001295e-02	8.168625315179022239e-01
2.158431686337267674e+00	3.762006103708174454e+00	-9.754392000000000618e-02	4.252582955118507924e-01
2.159431886377275678e+00	3.762405982178682162e+00	1.485152000000000139e-01	8.494962178517398987e-01
2.160432086417283681e+00	3.762512829020293825e+00	-1.040191599999999994e-01	8.168625315179022239e-01
2.161432286457291685e+00	3.761528851653600292e+00	-7.811819999999999875e-02	7.189614725163894215e-01
2.162432486497299244e+00	3.760665673947338306e+00	-1.558210800000000007e-01	5.884267271810389444e-01
2.163432686537307248e+00	3.761151527097773339e+00	-2.594249200000000033e-01	4.578919818456884672e-01
2.164432886577315251e+00	3.762878324774252992e+00	-1.946725200000000155e-01	3.599909228441755538e-01
2.165433086617323255e+00	3.764292604957815147e+00	-2.076230000000000020e-01	6.863277861825517467e-01
2.166433286657331259e+00	3.763994906333771429e+00	-1.817220400000000013e-01	4.252582955118507924e-01
2.167433486697339262e+00	3.763386926380663855e+00	-2.140982399999999952e-01	7.842288451840646601e-01
2.168433686737347266e+00	3.764282675878316109e+00	-2.918011200000000249e-01	8.821299041855775735e-01
2.169433886777355269e+00	3.765679919983528467e+00	-1.558210800000000007e-01	7.515951588502269853e-01
2.170434086817363273e+00	3.765621254200878010e+00	-2.335239600000000026e-01	1.012664649520927940e+00
2.171434286857371276e+00	3.764536612961671302e+00	-1.752468000000000081e-01	5.557930408472013806e-01
2.172434486897379280e+00	3.763992858159923571e+00	-1.687715600000000149e-01	6.210604135148766192e-01
2.173434686937387283e+00	3.764085328910731665e+00	-2.594249200000000033e-01	5.557930408472013806e-01
2.174434886977395287e+00	3.764897457214258836e+00	-2.529496800000000101e-01	4.252582955118507924e-01
2.175435087017403291e+00	3.766263629378487021e+00	-3.371277999999999775e-01	1.012664649520927940e+00
2.176435287057411294e+00	3.766952746938288410e+00	-2.723753999999999897e-01	8.494962178517398987e-01
2.177435487097419298e+00	3.767026797500814705e+00	-2.723753999999999897e-01	8.494962178517398987e-01
2.178435687137427301e+00	3.767098096417697661e+00	-3.241773200000000466e-01	9.473972768532528121e-01
2.179435887177435305e+00	3.766960331738050893e+00	-2.659001599999999965e-01	6.536940998487140719e-01
2.180436087217443308e+00	3.766679776106820920e+00	-3.371277999999999775e-01	8.821299041855775735e-01
2.181436287257451312e+00	3.766595958192306970e+00	-3.759792400000000478e-01	5.231593545133637058e-01
2.182436487297459315e+00	3.767371637632934700e+00	-3.306525599999999843e-01	7.515951588502269853e-01
2.183436687337467319e+00	3.768848665229532102e+00	-3.889297199999999788e-01	7.842288451840646601e-01
2.184436887377475323e+00	3.769493276796218595e+00	-4.083554400000000140e-01	8.821299041855775735e-01
2.185437087417483326e+00	3.769078483429848081e+00	-5.119592800000000166e-01	9.147635905194151373e-01
2.186437287457491330e+00	3.768616911738452036e+00	-4.666325999999999530e-01	9.147635905194151373e-01
2.187437487497499333e+00	3.768792288910206345e+00	-3.695039999999999436e-01	9.147635905194151373e-01
2.188437687537507337e+00	3.770080752062024310e+00	-4.277811600000000491e-01	8.821299041855775735e-01
2.189437887577515340e+00	3.771952348687480416e+00	-4.342563999999999869e-01	8.494962178517398987e-01
2.190438087617523344e+00	3.773046695766669067e+00	-5.508107199999999759e-01	9.147635905194151373e-01
2.191438287657531347e+00	3.772514359430487296e+00	-5.184345200000000098e-01	8.494962178517398987e-01
2.192438487697539351e+00	3.771350657242497295e+00	-4.666325999999999530e-01	5.231593545133637058e-01
2.193438687737547355e+00	3.771836723204260888e+00	-4.213059199999999449e-01	1.012664649520927940e+00
2.194438887777555358e+00	3.773542812103662492e+00	-4.407316399999999801e-01	8.821299041855775735e-01
2.195439087817563362e+00	3.773667818958873710e+00	-5.249097599999998920e-01	1.077932022188603289e+00
2.196439287857571365e+00	3.772122186619281781e+00	-4.601573600000000153e-01	9.800309631870904870e-01
2.197439487897579369e+00	3.771722434956125358e+00	-4.860583200000000437e-01	9.147635905194151373e-01
2.198439687937587372e+00	3.773435652085184611e+00	-5.184345200000000098e-01	1.012664649520927940e+00
2.199439887977595376e+00	3.774872799779039223e+00	-4.148306800000000072e-01	9.473972768532528121e-01
2.200440088017603379e+00	3.774502683642976475e+00	-3.695039999999999436e-01	9.800309631870904870e-01
2.201440288057611383e+00	3.773806748011831136e+00	-3.500782800000000750e-01	1.045298335854765615e+00
2.202440488097619387e+00	3.774314227699151925e+00	-5.119592800000000166e-01	9.473972768532528121e-01
2.203440688137627390e+00	3.775379982932428824e+00	-4.990087999999999191e-01	1.143199394856278639e+00
2.204440888177635394e+00	3.775214287234175181e+00	-5.378602399999999895e-01	1.077932022188603289e+00
2.205441088217643397e+00	3.773697468615009321e+00	-5.119592800000000166e-01	1.012664649520927940e+00
2.206441288257651401e+00	3.773347807687341238e+00	-4.472068799999999733e-01	8.821299041855775735e-01
2.207441488297659404e+00	3.775528476159971447e+00	-4.731078399999999462e-01	8.821299041855775735e-01
2.208441688337667408e+00	3.777792137424234475e+00	-5.184345200000000098e-01	9.473972768532528121e-01
2.209441888377675411e+00	3.777933921225796521e+00	-6.026126399999999217e-01	7.842288451840646601e-01
2.210442088417683415e+00	3.777246946015937024e+00	-6.090878800000000259e-01	1.241100453857791219e+00
2.211442288457691419e+00	3.777560996453412479e+00	-4.601573600000000153e-01	1.077932022188603289e+00
2.212442488497699422e+00	3.778582831018437727e+00	-5.896621600000000463e-01	1.339001512859304244e+00
2.213442688537707426e+00	3.779065810881631293e+00	-5.961373999999999285e-01	1.273734140191629116e+00
2.214442888577715429e+00	3.778639911280563535e+00	-6.026126399999999217e-01	1.110565708522440964e+00
2.215443088617723433e+00	3.777937047953534577e+00	-5.508107199999999759e-01	9.800309631870904870e-01
2.216443288657731436e+00	3.777797900135176246e+00	-7.126917200000000285e-01	8.494962178517398987e-01
2.217443488697739440e+00	3.779023033944543641e+00	-7.256422000000000150e-01	8.821299041855775735e-01
2.218443688737747443e+00	3.781120175885632761e+00	-5.831869200000000530e-01	1.175833081190116092e+00
2.219443888777755447e+00	3.781999435225289030e+00	-6.220383600000000124e-01	1.045298335854765615e+00
2.220444088817763451e+00	3.781264707415294524e+00	-6.673650399999999649e-01	1.306367826525466569e+00
2.221444288857771454e+00	3.780618505577077126e+00	-5.249097599999998920e-01	1.404268885526979593e+00
2.222444488897779458e+00	3.780420664206348924e+00	-7.062164799999999243e-01	1.143199394856278639e+00
2.223444688937787461e+00	3.780073194176512885e+00	-6.673650399999999649e-01	1.241100453857791219e+00
2.224444888977795465e+00	3.780322259351139635e+00	-6.932660000000000489e-01	9.147635905194151373e-01
2.225445089017803468e+00	3.781380570508632299e+00	-7.191669600000000218e-01	9.800309631870904870e-01
2.226445289057811472e+00	3.781756731691337858e+00	-6.997412400000000421e-01	1.077932022188603289e+00
2.227445489097819475e+00	3.781608822785311741e+00	-7.968698400000000515e-01	7.189614725163894215e-01
2.228445689137827479e+00	3.782448212233930018e+00	-6.285136000000000056e-01	1.306367826525466569e+00
2.229445889177835483e+00	3.783950065372333249e+00	-6.608898000000000827e-01	1.241100453857791219e+00
2.230446089217843486e+00	3.785228410936876564e+00	-7.321174399999998972e-01	1.175833081190116092e+00
2.231446289257851490e+00	3.785565110741055506e+00	-8.292460400000000176e-01	1.436902571860817046e+00
2.232446489297859493e+00	3.784582846774008580e+00	-6.220383600000000124e-01	8.494962178517398987e-01
2.233446689337867497e+00	3.783569861100142262e+00	-7.515431599999999879e-01	1.208466767523953767e+00
2.234446889377875500e+00	3.783166966758658933e+00	-6.738402799999999582e-01	1.045298335854765615e+00
2.235447089417883504e+00	3.783053692988585848e+00	-7.774441199999999608e-01	1.077932022188603289e+00
2.236447289457891507e+00	3.783944256714923515e+00	-8.227708000000000244e-01	1.208466767523953767e+00
2.237447489497899511e+00	3.785636885009226571e+00	-8.227708000000000244e-01	1.208466767523953767e+00
2.238447689537907515e+00	3.786550885001773281e+00	-8.292460400000000176e-01	1.339001512859304244e+00
2.239447889577915518e+00	3.786544654164469392e+00	-6.673650399999999649e-01	1.306367826525466569e+00
2.240448089617923522e+00	3.786860933921810446e+00	-8.098203199999999269e-01	1.273734140191629116e+00
2.241448289657931525e+00	3.787714756940941285e+00	-7.450679199999999947e-01	1.371635199193141919e+00
2.242448489697939529e+00	3.788248500123828855e+00	-9.134241599999999295e-01	1.339001512859304244e+00
2.243448689737947532e+00	3.788149925425565279e+00	-8.680974800000000879e-01	1.143199394856278639e+00
2.244448889777955536e+00	3.787976608290384295e+00	-8.162955600000000311e-01	1.208466767523953767e+00
2.245449089817963539e+00	3.788550588890705395e+00	-7.774441199999999608e-01	1.208466767523953767e+00
2.246449289857971543e+00	3.789893103948771547e+00	-7.839193599999999540e-01	1.436902571860817046e+00
2.247449489897979547e+00	3.790729572194458274e+00	-9.458003599999998956e-01	1.273734140191629116e+00
2.248449689937987550e+00	3.790374997850072702e+00	-8.357212800000000108e-01	1.339001512859304244e+00
2.249449889977995554e+00	3.789800340354851471e+00	-8.421965199999998930e-01	1.371635199193141919e+00
2.250450090018003557e+00	3.789748915933228268e+00	-8.616222399999999837e-01	1.339001512859304244e+00
2.251450290058011561e+00	3.789851326369259255e+00	-8.292460400000000176e-01	1.208466767523953767e+00
2.252450490098019564e+00	3.789678091813510896e+00	-7.839193599999999540e-01	1.273734140191629116e+00
2.253450690138027568e+00	3.789638286692548430e+00	-7.385926799999998904e-01	1.143199394856278639e+00
2.254450890178035571e+00	3.790729118448661783e+00	-7.903945999999999472e-01	1.469536258194654943e+00
2.255451090218043575e+00	3.792538249598146116e+00	-9.069489200000000473e-01	1.208466767523953767e+00
2.256451290258051579e+00	3.792857337056173783e+00	-8.745727199999999701e-01	1.502169944528492396e+00
2.257451490298059582e+00	3.791242265008798018e+00	-8.421965199999998930e-01	1.143199394856278639e+00
2.258451690338067586e+00	3.789909619364259630e+00	-7.709688800000000786e-01	1.534803630862329848e+00
2.259451890378075589e+00	3.790263721630199090e+00	-9.069489200000000473e-01	1.371635199193141919e+00
2.260452090418083593e+00	3.792086020030313698e+00	-8.421965199999998930e-01	1.045298335854765615e+00
2.261452290458091596e+00	3.794085544771661933e+00	-8.162955600000000311e-01	1.306367826525466569e+00
2.262452490498099600e+00	3.794520665173951368e+00	-9.781765600000000838e-01	1.045298335854765615e+00
2.263452690538107603e+00	3.793878390478103935e+00	-8.875231999999999566e-01	1.632704689863842651e+00
2.264452890578115607e+00	3.794463502243475173e+00	-8.421965199999998930e-01	1.404268885526979593e+00
2.265453090618123611e+00	3.796317625677209318e+00	-8.680974800000000879e-01	1.632704689863842651e+00
2.266453290658131614e+00	3.796553611832042208e+00	-8.357212800000000108e-01	1.600071003530005198e+00
2.267453490698139618e+00	3.794434700224184276e+00	-8.680974800000000879e-01	1.175833081190116092e+00
2.268453690738147621e+00	3.793270026959685293e+00	-9.263746400000000270e-01	1.273734140191629116e+00
2.269453890778155625e+00	3.794929463444527418e+00	-9.328498800000000202e-01	1.208466767523953767e+00
2.270454090818163628e+00	3.797499739727340895e+00	-8.875231999999999566e-01	1.045298335854765615e+00
2.271454290858171632e+00	3.798861942154714733e+00	-9.522755999999999998e-01	1.567437317196167523e+00
2.272454490898179635e+00	3.798823000030121300e+00	-8.875231999999999566e-01	1.469536258194654943e+00
2.273454690938187639e+00	3.798190258709607026e+00	-8.551469999999999905e-01	1.567437317196167523e+00
2.274454890978195643e+00	3.797526346034096445e+00	-9.458003599999998956e-01	1.697972062531518000e+00
2.275455091018203646e+00	3.797451525240195025e+00	-9.198994000000000337e-01	1.306367826525466569e+00
2.276455291058211650e+00	3.798128521698377114e+00	-9.069489200000000473e-01	1.567437317196167523e+00
2.277455491098219653e+00	3.798373832352424539e+00	-9.652260799999999863e-01	1.175833081190116092e+00
2.278455691138227657e+00	3.798321187998326742e+00	-1.017028000000000043e+00	1.045298335854765615e+00
2.279455891178235660e+00	3.799433211157552837e+00	-1.004077520000000057e+00	1.339001512859304244e+00
2.280456091218243664e+00	3.800744791683697166e+00	-9.587508399999999931e-01	1.241100453857791219e+00
2.281456291258251667e+00	3.800518185513250824e+00	-9.263746400000000270e-01	1.600071003530005198e+00
2.282456491298259671e+00	3.799392190149446069e+00	-9.717013200000000905e-01	1.600071003530005198e+00
2.283456691338267674e+00	3.798803448583027098e+00	-1.055879440000000002e+00	1.469536258194654943e+00
2.284456891378275678e+00	3.799229707660495059e+00	-1.036453719999999912e+00	1.861140494200705930e+00
2.285457091418283682e+00	3.800479696939840224e+00	-9.717013200000000905e-01	1.241100453857791219e+00
2.286457291458291685e+00	3.801557204128449552e+00	-9.717013200000000905e-01	1.436902571860817046e+00
2.287457491498299689e+00	3.801336853457753850e+00	-1.036453719999999912e+00	1.273734140191629116e+00
2.288457691538307692e+00	3.801136394687594677e+00	-1.010552759999999939e+00	1.306367826525466569e+00
2.289457891578315696e+00	3.802881220292162467e+00	-9.134241599999999295e-01	1.567437317196167523e+00
2.290458091618323699e+00	3.804679176584249145e+00	-1.049404199999999898e+00	1.404268885526979593e+00
2.291458291658331703e+00	3.803630483356107206e+00	-9.587508399999999931e-01	1.632704689863842651e+00
2.292458491698339706e+00	3.801406758672446262e+00	-9.328498800000000202e-01	1.404268885526979593e+00
2.293458691738347710e+00	3.801772315287379467e+00	-9.781765600000000838e-01	1.469536258194654943e+00
2.294458891778355714e+00	3.804116797368685354e+00	-9.458003599999998956e-01	1.143199394856278639e+00
2.295459091818363717e+00	3.804644861766968589e+00	-1.133582319999999921e+00	1.339001512859304244e+00
2.296459291858371721e+00	3.802837959121234235e+00	-1.029978480000000030e+00	1.436902571860817046e+00
2.297459491898379724e+00	3.801813082406214406e+00	-9.522755999999999998e-01	1.534803630862329848e+00
2.298459691938387728e+00	3.802782817330483844e+00	-9.198994000000000337e-01	1.371635199193141919e+00
2.299459891978395731e+00	3.804222236072969388e+00	-9.069489200000000473e-01	1.567437317196167523e+00
2.300460092018403735e+00	3.805228861752308234e+00	-1.055879440000000002e+00	1.534803630862329848e+00
2.301460292058411738e+00	3.805144424881242493e+00	-1.029978480000000030e+00	1.469536258194654943e+00
2.302460492098419742e+00	3.803989423890029808e+00	-1.004077520000000057e+00	1.469536258194654943e+00
2.303460692138427746e+00	3.803892981803810081e+00	-1.004077520000000057e+00	1.502169944528492396e+00
2.304460892178435749e+00	3.805634584922396257e+00	-1.081780399999999975e+00	1.469536258194654943e+00
2.305461092218443753e+00	3.807134029740652625e+00	-1.036453719999999912e+00	1.600071003530005198e+00
2.306461292258451756e+00	3.807039321748918681e+00	-9.976022799999999524e-01	1.404268885526979593e+00
2.307461492298459760e+00	3.806502649224301482e+00	-9.976022799999999524e-01	1.665338376197680104e+00
2.308461692338467763e+00	3.807002004915857274e+00	-9.846517999999999660e-01	1.469536258194654943e+00
2.309461892378475767e+00	3.807886239815436724e+00	-1.062354679999999885e+00	1.697972062531518000e+00
2.310462092418483770e+00	3.807493879947445148e+00	-1.036453719999999912e+00	1.436902571860817046e+00
2.311462292458491774e+00	3.806070564794066691e+00	-1.081780399999999975e+00	1.502169944528492396e+00
2.312462492498499778e+00	3.805416302020848907e+00	-1.055879440000000002e+00	1.306367826525466569e+00
2.313462692538507781e+00	3.806381114602577220e+00	-1.017028000000000043e+00	1.208466767523953767e+00
2.314462892578515785e+00	3.808189984820264051e+00	-1.049404199999999898e+00	1.502169944528492396e+00
2.315463092618523788e+00	3.809678912492362013e+00	-1.029978480000000030e+00	1.241100453857791219e+00
2.316463292658531792e+00	3.810352574547771987e+00	-1.178908999999999985e+00	1.926407866868381280e+00
2.317463492698539795e+00	3.810490461091895931e+00	-1.036453719999999912e+00	1.534803630862329848e+00
2.318463692738547799e+00	3.810494106550839977e+00	-1.094730879999999962e+00	1.730605748865355453e+00
2.319463892778555802e+00	3.809850570473743314e+00	-1.088255640000000080e+00	1.665338376197680104e+00
2.320464092818563806e+00	3.808318680234798581e+00	-1.094730879999999962e+00	1.306367826525466569e+00
2.321464292858571810e+00	3.807023877574028603e+00	-1.172433759999999880e+00	1.339001512859304244e+00
2.322464492898579813e+00	3.807011663820182523e+00	-1.029978480000000030e+00	1.436902571860817046e+00
2.323464692938587817e+00	3.808733172422940960e+00	-1.133582319999999921e+00	1.306367826525466569e+00
2.324464892978595820e+00	3.811174700614835764e+00	-1.120631839999999935e+00	1.795873121533031025e+00
2.325465093018603824e+00	3.812176716817491595e+00	-1.127107080000000039e+00	1.600071003530005198e+00
2.326465293058611827e+00	3.811757803727758631e+00	-1.133582319999999921e+00	1.665338376197680104e+00
2.327465493098619831e+00	3.811551396777898670e+00	-1.101206119999999844e+00	1.697972062531518000e+00
2.328465693138627834e+00	3.811623347124401207e+00	-1.023503240000000147e+00	1.371635199193141919e+00
2.329465893178635838e+00	3.811023417191031992e+00	-1.004077520000000057e+00	1.567437317196167523e+00
2.330466093218643842e+00	3.810174272771878368e+00	-1.094730879999999962e+00	1.306367826525466569e+00
2.331466293258651845e+00	3.810634837602470348e+00	-1.055879440000000002e+00	1.339001512859304244e+00
2.332466493298659849e+00	3.812312332051412511e+00	-1.107681359999999948e+00	1.632704689863842651e+00
2.333466693338667852e+00	3.813494294720714883e+00	-1.029978480000000030e+00	1.534803630862329848e+00
2.334466893378675856e+00	3.813478382174783743e+00	-1.094730879999999962e+00	1.697972062531518000e+00
2.335467093418683859e+00	3.812616884767340508e+00	-1.114156600000000052e+00	1.730605748865355453e+00
2.336467293458691863e+00	3.811871221023856560e+00	-1.004077520000000057e+00	1.567437317196167523e+00
2.337467493498699866e+00	3.812512821079729886e+00	-1.159483280000000116e+00	1.665338376197680104e+00
2.338467693538707870e+00	3.813657294367084116e+00	-1.062354679999999885e+00	1.436902571860817046e+00
2.339467893578715874e+00	3.813178257728899290e+00	-1.127107080000000039e+00	1.534803630862329848e+00
2.340468093618723877e+00	3.812075214327478090e+00	-1.055879440000000002e+00	1.436902571860817046e+00
2.341468293658731881e+00	3.812635123240971868e+00	-1.230710920000000153e+00	1.469536258194654943e+00
2.342468493698739884e+00	3.813927133212790199e+00	-1.049404199999999898e+00	1.600071003530005198e+00
2.343468693738747888e+00	3.814392138089496509e+00	-1.165958519999999998e+00	1.600071003530005198e+00
2.344468893778755891e+00	3.814433965098965817e+00	-1.094730879999999962e+00	1.665338376197680104e+00
2.345469093818763895e+00	3.814429448644714782e+00	-1.146532799999999908e+00	1.730605748865355453e+00
2.346469293858771898e+00	3.814559187475820234e+00	-1.055879440000000002e+00	1.502169944528492396e+00
2.347469493898779902e+00	3.814957636754493731e+00	-1.282512840000000320e+00	1.534803630862329848e+00
2.348469693938787906e+00	3.814973732188258193e+00	-1.081780399999999975e+00	1.469536258194654943e+00
2.349469893978795909e+00	3.814260263830213660e+00	-1.107681359999999948e+00	1.436902571860817046e+00
2.350470094018803913e+00	3.814033952396522320e+00	-1.159483280000000116e+00	1.697972062531518000e+00
2.351470294058811916e+00	3.815407246976502798e+00	-1.055879440000000002e+00	1.600071003530005198e+00
2.352470494098819920e+00	3.816749020144883264e+00	-9.781765600000000838e-01	1.697972062531518000e+00
2.353470694138827923e+00	3.815913564462004803e+00	-1.127107080000000039e+00	1.697972062531518000e+00
2.354470894178835927e+00	3.813943724894505838e+00	-1.172433759999999880e+00	1.697972062531518000e+00
2.355471094218843930e+00	3.813401387262448594e+00	-1.140057560000000025e+00	1.567437317196167523e+00
2.356471294258851934e+00	3.814678741770487935e+00	-1.062354679999999885e+00	1.534803630862329848e+00
2.357471494298859938e+00	3.816259156956104182e+00	-1.004077520000000057e+00	1.469536258194654943e+00
2.358471694338867941e+00	3.817255712914325638e+00	-1.010552759999999939e+00	1.567437317196167523e+00
2.359471894378875945e+00	3.817515469161254948e+00	-1.081780399999999975e+00	1.534803630862329848e+00
2.360472094418883948e+00	3.816949622342844073e+00	-1.062354679999999885e+00	1.697972062531518000e+00
2.361472294458891952e+00	3.816319735965260751e+00	-1.172433759999999880e+00	1.567437317196167523e+00
2.362472494498899955e+00	3.816209194627897094e+00	-1.172433759999999880e+00	1.730605748865355453e+00
2.363472694538907959e+00	3.815546979497118407e+00	-1.153008040000000012e+00	1.502169944528492396e+00
2.364472894578915962e+00	3.814267008050103325e+00	-1.120631839999999935e+00	1.534803630862329848e+00
2.365473094618923966e+00	3.814688408063006797e+00	-1.094730879999999962e+00	1.469536258194654943e+00
2.366473294658931970e+00	3.817460645503242489e+00	-1.217760439999999944e+00	1.371635199193141919e+00
2.367473494698939973e+00	3.819776237705947874e+00	-1.165958519999999998e+00	1.795873121533031025e+00
2.368473694738947977e+00	3.819477182249210401e+00	-1.114156600000000052e+00	1.404268885526979593e+00
2.369473894778955980e+00	3.817707560468123873e+00	-1.146532799999999908e+00	1.893774180534543827e+00
2.370474094818963984e+00	3.816729655768307250e+00	-1.146532799999999908e+00	1.795873121533031025e+00
2.371474294858971987e+00	3.817504595383294230e+00	-1.120631839999999935e+00	1.763239435199193128e+00
2.372474494898979991e+00	3.818652946459709430e+00	-1.068829919999999989e+00	1.730605748865355453e+00
2.373474694938987994e+00	3.818281996840485082e+00	-1.165958519999999998e+00	1.371635199193141919e+00
2.374474894978995998e+00	3.817387927661025415e+00	-1.165958519999999998e+00	1.371635199193141919e+00
2.375475095019004002e+00	3.818002330331518923e+00	-1.140057560000000025e+00	1.436902571860817046e+00
2.376475295059012005e+00	3.819709328042254270e+00	-1.120631839999999935e+00	1.436902571860817046e+00
2.377475495099020009e+00	3.820575638787866435e+00	-1.075305160000000093e+00	1.730605748865355453e+00
2.378475695139028012e+00	3.819591276001612190e+00	-1.036453719999999912e+00	1.730605748865355453e+00
2.379475895179036016e+00	3.817960786006799445e+00	-1.114156600000000052e+00	1.697972062531518000e+00
2.380476095219044019e+00	3.817141832434365778e+00	-1.120631839999999935e+00	1.893774180534543827e+00
2.381476295259052023e+00	3.816858551929066756e+00	-1.127107080000000039e+00	1.436902571860817046e+00
2.382476495299060026e+00	3.816902148140829176e+00	-1.217760439999999944e+00	1.534803630862329848e+00
2.383476695339068030e+00	3.817723254877826378e+00	-1.276037599999999994e+00	1.339001512859304244e+00
2.384476895379076034e+00	3.819116986609557785e+00	-1.217760439999999944e+00	1.469536258194654943e+00
2.385477095419084037e+00	3.820328114701958988e+00	-1.127107080000000039e+00	1.632704689863842651e+00
2.386477295459092041e+00	3.821122037828379892e+00	-1.140057560000000025e+00	1.502169944528492396e+00
2.387477495499100044e+00	3.821397716835675862e+00	-1.127107080000000039e+00	1.697972062531518000e+00
2.388477695539108048e+00	3.820258578924637494e+00	-1.165958519999999998e+00	1.795873121533031025e+00
2.389477895579116051e+00	3.818229732218330508e+00	-1.178908999999999985e+00	1.632704689863842651e+00
2.390478095619123611e+00	3.817579793119181719e+00	-1.140057560000000025e+00	1.795873121533031025e+00
2.391478295659131614e+00	3.818604573761420262e+00	-1.159483280000000116e+00	1.306367826525466569e+00
2.392478495699139618e+00	3.819461569117996724e+00	-1.153008040000000012e+00	1.371635199193141919e+00
2.393478695739147621e+00	3.819523509120221760e+00	-1.178908999999999985e+00	1.534803630862329848e+00
2.394478895779155625e+00	3.820049608659131124e+00	-1.159483280000000116e+00	1.469536258194654943e+00
2.395479095819163629e+00	3.821162254293152039e+00	-1.172433759999999880e+00	1.730605748865355453e+00
2.396479295859171632e+00	3.821330438852468259e+00	-1.101206119999999844e+00	1.632704689863842651e+00
2.397479495899179636e+00	3.820447113055214228e+00	-1.114156600000000052e+00	1.730605748865355453e+00
2.398479695939187639e+00	3.819748261590273586e+00	-1.211285200000000062e+00	1.730605748865355453e+00
2.399479895979195643e+00	3.819753793590423552e+00	-1.140057560000000025e+00	1.404268885526979593e+00
2.400480096019203646e+00	3.820433296101271026e+00	-1.146532799999999908e+00	1.567437317196167523e+00
2.401480296059211650e+00	3.821283429897626149e+00	-1.146532799999999908e+00	1.567437317196167523e+00
2.402480496099219653e+00	3.821250688016964769e+00	-1.133582319999999921e+00	1.632704689863842651e+00
2.403480696139227657e+00	3.820326130388033814e+00	-1.127107080000000039e+00	1.861140494200705930e+00
2.404480896179235661e+00	3.819843079161153288e+00	-1.146532799999999908e+00	1.567437317196167523e+00
2.405481096219243664e+00	3.820358513989032812e+00	-1.120631839999999935e+00	1.632704689863842651e+00
2.406481296259251668e+00	3.820780496941368121e+00	-1.153008040000000012e+00	1.665338376197680104e+00
2.407481496299259671e+00	3.820285156462761567e+00	-1.133582319999999921e+00	1.567437317196167523e+00
2.408481696339267675e+00	3.819909020835369429e+00	-1.120631839999999935e+00	1.632704689863842651e+00
2.409481896379275678e+00	3.820692918019388262e+00	-1.140057560000000025e+00	1.665338376197680104e+00
2.410482096419283682e+00	3.821691393401541070e+00	-1.133582319999999921e+00	1.534803630862329848e+00
2.411482296459291685e+00	3.821665127925383931e+00	-1.133582319999999921e+00	1.600071003530005198e+00
2.412482496499299689e+00	3.821068543839076792e+00	-1.127107080000000039e+00	1.534803630862329848e+00
2.413482696539307693e+00	3.821278594941874385e+00	-1.114156600000000052e+00	1.697972062531518000e+00
2.414482896579315696e+00	3.822186913217826110e+00	-1.140057560000000025e+00	1.632704689863842651e+00
2.415483096619323700e+00	3.821789227507068176e+00	-1.120631839999999935e+00	1.861140494200705930e+00
2.416483296659331703e+00	3.819444968227273307e+00	-1.127107080000000039e+00	1.371635199193141919e+00
2.417483496699339707e+00	3.817439254239674007e+00	-1.133582319999999921e+00	1.371635199193141919e+00
2.418483696739347710e+00	3.818051160194438687e+00	-1.178908999999999985e+00	1.371635199193141919e+00
2.419483896779355714e+00	3.820446864672353726e+00	-1.172433759999999880e+00	1.306367826525466569e+00
2.420484096819363717e+00	3.821628754513167969e+00	-1.133582319999999921e+00	1.697972062531518000e+00
2.421484296859371721e+00	3.820969217651460692e+00	-1.101206119999999844e+00	1.469536258194654943e+00
2.422484496899379725e+00	3.820793171520641796e+00	-1.127107080000000039e+00	1.893774180534543827e+00
2.423484696939387728e+00	3.821518332783097271e+00	-1.075305160000000093e+00	1.763239435199193128e+00
2.424484896979395732e+00	3.821392719727193299e+00	-1.114156600000000052e+00	1.697972062531518000e+00
2.425485097019403735e+00	3.820210355303780947e+00	-1.153008040000000012e+00	1.697972062531518000e+00
2.426485297059411739e+00	3.819467368910279603e+00	-1.075305160000000093e+00	1.436902571860817046e+00
2.427485497099419742e+00	3.819981906179212405e+00	-1.107681359999999948e+00	1.371635199193141919e+00
2.428485697139427746e+00	3.820383660446772911e+00	-1.127107080000000039e+00	1.404268885526979593e+00
2.429485897179435749e+00	3.820151512116327197e+00	-1.172433759999999880e+00	1.241100453857791219e+00
2.430486097219443753e+00	3.820993039194077401e+00	-9.717013200000000905e-01	1.697972062531518000e+00
2.431486297259451757e+00	3.821871391907817106e+00	-1.107681359999999948e+00	1.665338376197680104e+00
2.432486497299459760e+00	3.820602252323105130e+00	-1.127107080000000039e+00	1.567437317196167523e+00
2.433486697339467764e+00	3.818909706090593659e+00	-1.114156600000000052e+00	1.893774180534543827e+00
2.434486897379475767e+00	3.818992173082152330e+00	-1.114156600000000052e+00	1.273734140191629116e+00
2.435487097419483771e+00	3.819905543464782838e+00	-1.146532799999999908e+00	1.567437317196167523e+00
2.436487297459491774e+00	3.819843525670272300e+00	-1.133582319999999921e+00	1.306367826525466569e+00
2.437487497499499778e+00	3.819401271326484881e+00	-1.140057560000000025e+00	1.371635199193141919e+00
2.438487697539507781e+00	3.819690911101986330e+00	-1.101206119999999844e+00	1.763239435199193128e+00
2.439487897579515785e+00	3.819758355922340254e+00	-1.036453719999999912e+00	1.632704689863842651e+00
2.440488097619523788e+00	3.819755245923582621e+00	-1.101206119999999844e+00	1.697972062531518000e+00
2.441488297659531792e+00	3.820629186775118757e+00	-1.146532799999999908e+00	1.763239435199193128e+00
2.442488497699539796e+00	3.821194562422035812e+00	-1.081780399999999975e+00	1.273734140191629116e+00
2.443488697739547799e+00	3.820901605071680862e+00	-1.107681359999999948e+00	1.502169944528492396e+00
2.444488897779555803e+00	3.820857882908416769e+00	-1.081780399999999975e+00	1.404268885526979593e+00
2.445489097819563806e+00	3.820905330729140736e+00	-1.017028000000000043e+00	1.404268885526979593e+00
2.446489297859571810e+00	3.819765932631939087e+00	-9.328498800000000202e-01	1.567437317196167523e+00
2.447489497899579813e+00	3.818101492198207048e+00	-1.075305160000000093e+00	1.469536258194654943e+00
2.448489697939587817e+00	3.818290759505721166e+00	-1.146532799999999908e+00	1.730605748865355453e+00
2.449489897979595820e+00	3.819866399988692596e+00	-1.075305160000000093e+00	1.697972062531518000e+00
2.450490098019603824e+00	3.819870194240809091e+00	-1.088255640000000080e+00	1.436902571860817046e+00
2.451490298059611828e+00	3.818771635215668869e+00	-1.055879440000000002e+00	1.567437317196167523e+00
2.452490498099619831e+00	3.819395957825326260e+00	-1.068829919999999989e+00	1.469536258194654943e+00
2.453490698139627835e+00	3.821066249773718226e+00	-1.120631839999999935e+00	1.469536258194654943e+00
2.454490898179635838e+00	3.821498297013008028e+00	-1.017028000000000043e+00	1.436902571860817046e+00
2.455491098219643842e+00	3.820938658646496844e+00	-1.042928960000000016e+00	1.534803630862329848e+00
2.456491298259651845e+00	3.820231118890706767e+00	-1.107681359999999948e+00	1.502169944528492396e+00
2.457491498299659849e+00	3.819409590851773562e+00	-1.081780399999999975e+00	1.502169944528492396e+00
2.458491698339667852e+00	3.819041004997870914e+00	-1.081780399999999975e+00	1.632704689863842651e+00
2.459491898379675856e+00	3.819511679018765538e+00	-1.068829919999999989e+00	1.502169944528492396e+00
2.460492098419683860e+00	3.819921667608360938e+00	-9.652260799999999863e-01	1.502169944528492396e+00
2.461492298459691863e+00	3.819591862381663372e+00	-8.421965199999998930e-01	1.502169944528492396e+00
2.462492498499699867e+00	3.819173227557737249e+00	-9.263746400000000270e-01	1.502169944528492396e+00
2.463492698539707870e+00	3.819008674037284834e+00	-1.036453719999999912e+00	1.436902571860817046e+00
2.464492898579715874e+00	3.818601428101640050e+00	-1.133582319999999921e+00	1.469536258194654943e+00
2.465493098619723877e+00	3.818245843591313360e+00	-1.127107080000000039e+00	1.534803630862329848e+00
2.466493298659731881e+00	3.818598887739496739e+00	-1.153008040000000012e+00	1.730605748865355453e+00
2.467493498699739884e+00	3.819224237462167881e+00	-1.081780399999999975e+00	1.567437317196167523e+00
2.468493698739747888e+00	3.819185929368451582e+00	-1.004077520000000057e+00	1.665338376197680104e+00
2.469493898779755892e+00	3.818298481832363755e+00	-1.029978480000000030e+00	1.339001512859304244e+00
2.470494098819763895e+00	3.817338930816610354e+00	-1.094730879999999962e+00	1.339001512859304244e+00
2.471494298859771899e+00	3.817020133731246379e+00	-1.017028000000000043e+00	1.306367826525466569e+00
2.472494498899779902e+00	3.817797615340265072e+00	-1.004077520000000057e+00	1.143199394856278639e+00
2.473494698939787906e+00	3.819761489958663603e+00	-1.075305160000000093e+00	1.730605748865355453e+00
2.474494898979795909e+00	3.821074283899528190e+00	-1.010552759999999939e+00	1.404268885526979593e+00
2.475495099019803913e+00	3.819646098432934789e+00	-1.010552759999999939e+00	1.763239435199193128e+00
2.476495299059811916e+00	3.816846341187818847e+00	-9.781765600000000838e-01	1.697972062531518000e+00
2.477495499099819920e+00	3.815924380500152147e+00	-1.088255640000000080e+00	1.534803630862329848e+00
2.478495699139827924e+00	3.817192087722195204e+00	-9.652260799999999863e-01	1.502169944528492396e+00
2.479495899179835927e+00	3.818297549305699423e+00	-1.055879440000000002e+00	1.273734140191629116e+00
2.480496099219843931e+00	3.818509195797774147e+00	-9.846517999999999660e-01	1.143199394856278639e+00
2.481496299259851934e+00	3.818652874993506252e+00	-9.781765600000000838e-01	1.534803630862329848e+00
2.482496499299859938e+00	3.818624355108623192e+00	-8.486717599999999972e-01	1.306367826525466569e+00
2.483496699339867941e+00	3.818329529210465090e+00	-9.263746400000000270e-01	1.828506807866868478e+00
2.484496899379875945e+00	3.818289002027690060e+00	-9.976022799999999524e-01	1.600071003530005198e+00
2.485497099419883948e+00	3.818241567361164268e+00	-9.393251199999999024e-01	1.469536258194654943e+00
2.486497299459891952e+00	3.817676894912829244e+00	-9.458003599999998956e-01	1.632704689863842651e+00
2.487497499499899956e+00	3.817419973380275611e+00	-9.069489200000000473e-01	1.273734140191629116e+00
2.488497699539907959e+00	3.818339468963451111e+00	-9.911270399999999592e-01	1.339001512859304244e+00
2.489497899579915963e+00	3.819092077395429996e+00	-9.717013200000000905e-01	1.306367826525466569e+00
2.490498099619923966e+00	3.818321553494056442e+00	-9.198994000000000337e-01	1.339001512859304244e+00
2.491498299659931970e+00	3.817408246154219142e+00	-9.134241599999999295e-01	1.469536258194654943e+00
2.492498499699939973e+00	3.817766472259804367e+00	-9.458003599999998956e-01	1.534803630862329848e+00
2.493498699739947977e+00	3.818311930717500857e+00	-9.263746400000000270e-01	1.534803630862329848e+00
2.494498899779955980e+00	3.817769453415231329e+00	-9.328498800000000202e-01	1.567437317196167523e+00
2.495499099819963984e+00	3.817082720868629320e+00	-9.717013200000000905e-01	1.241100453857791219e+00
2.496499299859971988e+00	3.817470292287052480e+00	-9.263746400000000270e-01	1.534803630862329848e+00
2.497499499899979991e+00	3.817699807389487887e+00	-9.393251199999999024e-01	1.241100453857791219e+00
2.498499699939987995e+00	3.816753211611086716e+00	-8.551469999999999905e-01	1.306367826525466569e+00
2.499499899979995998e+00	3.816062853543077171e+00	-9.069489200000000473e-01	1.404268885526979593e+00
2.500500100020004002e+00	3.816336724215842136e+00	-9.069489200000000473e-01	1.371635199193141919e+00
2.501500300060012005e+00	3.816903935801982950e+00	-9.522755999999999998e-01	1.600071003530005198e+00
2.502500500100020009e+00	3.817043662973667484e+00	-9.069489200000000473e-01	1.502169944528492396e+00
2.503500700140028012e+00	3.816003462384570444e+00	-9.004736800000000541e-01	1.175833081190116092e+00
2.504500900180036016e+00	3.814891228681697832e+00	-9.652260799999999863e-01	1.436902571860817046e+00
2.505501100220044020e+00	3.815547088050915914e+00	-8.680974800000000879e-01	1.143199394856278639e+00
2.506501300260052023e+00	3.817062630517252142e+00	-8.551469999999999905e-01	1.339001512859304244e+00
2.507501500300060027e+00	3.817513096610520851e+00	-9.004736800000000541e-01	1.436902571860817046e+00
2.508501700340068030e+00	3.817059274384203782e+00	-8.357212800000000108e-01	1.175833081190116092e+00
2.509501900380076034e+00	3.817046040174851829e+00	-9.134241599999999295e-01	1.371635199193141919e+00
2.510502100420084037e+00	3.817417075636550194e+00	-8.939984399999999498e-01	1.371635199193141919e+00
2.511502300460092041e+00	3.817046014799393205e+00	-8.745727199999999701e-01	1.469536258194654943e+00
2.512502500500100044e+00	3.816109979685389675e+00	-8.227708000000000244e-01	1.273734140191629116e+00
2.513502700540108048e+00	3.815840512628073000e+00	-8.745727199999999701e-01	1.339001512859304244e+00
2.514502900580116052e+00	3.816067555271182243e+00	-9.652260799999999863e-01	1.273734140191629116e+00
2.515503100620124055e+00	3.815546352162626054e+00	-8.875231999999999566e-01	1.436902571860817046e+00
2.516503300660132059e+00	3.815120131417973681e+00	-9.134241599999999295e-01	1.306367826525466569e+00
2.517503500700140062e+00	3.816007750837015156e+00	-8.616222399999999837e-01	1.241100453857791219e+00
2.518503700740148066e+00	3.816665321802078736e+00	-7.644936400000000853e-01	1.273734140191629116e+00
2.519503900780156069e+00	3.816042585545739829e+00	-7.191669600000000218e-01	1.469536258194654943e+00
2.520504100820164073e+00	3.815032446789622167e+00	-7.968698400000000515e-01	1.404268885526979593e+00
2.521504300860172076e+00	3.814535823189129982e+00	-8.292460400000000176e-01	1.469536258194654943e+00
2.522504500900180080e+00	3.814920952181554803e+00	-7.709688800000000786e-01	1.077932022188603289e+00
2.523504700940188084e+00	3.815178008321364445e+00	-6.997412400000000421e-01	1.077932022188603289e+00
2.524504900980196087e+00	3.814713728552810768e+00	-6.544145599999999785e-01	1.208466767523953767e+00
2.525505101020204091e+00	3.814504370744310702e+00	-8.227708000000000244e-01	8.821299041855775735e-01
2.526505301060212094e+00	3.814395854073602710e+00	-7.709688800000000786e-01	1.469536258194654943e+00
2.527505501100220098e+00	3.813722233925049832e+00	-7.644936400000000853e-01	1.273734140191629116e+00
2.528505701140228101e+00	3.813164902858113159e+00	-6.997412400000000421e-01	1.339001512859304244e+00
2.529505901180236105e+00	3.813234204408578076e+00	-7.450679199999999947e-01	1.436902571860817046e+00
2.530506101220244108e+00	3.813341285761425059e+00	-8.551469999999999905e-01	1.371635199193141919e+00
2.531506301260252112e+00	3.812762741177319725e+00	-8.227708000000000244e-01	1.175833081190116092e+00
2.532506501300260116e+00	3.811841228697304462e+00	-8.486717599999999972e-01	9.473972768532528121e-01
2.533506701340268119e+00	3.811897772931989614e+00	-8.292460400000000176e-01	8.821299041855775735e-01
2.534506901380276123e+00	3.813137989309884013e+00	-7.062164799999999243e-01	1.306367826525466569e+00
2.535507101420284126e+00	3.814213623915745366e+00	-8.162955600000000311e-01	1.143199394856278639e+00
2.536507301460292130e+00	3.814384681567361213e+00	-7.903945999999999472e-01	1.404268885526979593e+00
2.537507501500300133e+00	3.813728817706596885e+00	-7.256422000000000150e-01	1.469536258194654943e+00
2.538507701540308137e+00	3.812298610848881886e+00	-6.932660000000000489e-01	1.241100453857791219e+00
2.539507901580316140e+00	3.810976382258254969e+00	-7.450679199999999947e-01	1.404268885526979593e+00
2.540508101620324144e+00	3.811023011454226950e+00	-6.738402799999999582e-01	9.147635905194151373e-01
2.541508301660332148e+00	3.812085047989925979e+00	-7.062164799999999243e-01	1.175833081190116092e+00
2.542508501700340151e+00	3.812399124241931503e+00	-7.709688800000000786e-01	1.077932022188603289e+00
2.543508701740348155e+00	3.811530910767713554e+00	-7.256422000000000150e-01	1.045298335854765615e+00
2.544508901780356158e+00	3.811272534919449839e+00	-6.997412400000000421e-01	1.241100453857791219e+00
2.545509101820364162e+00	3.812074357509577904e+00	-7.515431599999999879e-01	1.339001512859304244e+00
2.546509301860372165e+00	3.811637825487415920e+00	-6.738402799999999582e-01	1.241100453857791219e+00
2.547509501900380169e+00	3.809367814280602893e+00	-7.062164799999999243e-01	1.469536258194654943e+00
2.548509701940388172e+00	3.808063605112487426e+00	-6.738402799999999582e-01	8.168625315179022239e-01
2.549509901980396176e+00	3.809172873745063193e+00	-6.026126399999999217e-01	1.273734140191629116e+00
2.550510102020404180e+00	3.810743817336956329e+00	-7.062164799999999243e-01	1.273734140191629116e+00
2.551510302060412183e+00	3.811376349327535440e+00	-6.479393199999999853e-01	1.045298335854765615e+00
2.552510502100420187e+00	3.811618451242989369e+00	-6.544145599999999785e-01	1.175833081190116092e+00
2.553510702140428190e+00	3.811732123246156512e+00	-6.479393199999999853e-01	1.077932022188603289e+00
2.554510902180436194e+00	3.811217634451154357e+00	-6.220383600000000124e-01	1.208466767523953767e+00
2.555511102220444197e+00	3.809903070441570172e+00	-5.831869200000000530e-01	1.241100453857791219e+00
2.556511302260452201e+00	3.808566124146780751e+00	-5.961373999999999285e-01	1.110565708522440964e+00
2.557511502300460204e+00	3.807976281902417881e+00	-6.867907599999999446e-01	1.143199394856278639e+00
2.558511702340468208e+00	3.808148894167457055e+00	-6.349888400000001099e-01	9.147635905194151373e-01
2.559511902380476212e+00	3.808820734493866489e+00	-6.544145599999999785e-01	9.800309631870904870e-01
2.560512102420484215e+00	3.809122007198422644e+00	-6.803155199999999514e-01	1.077932022188603289e+00
2.561512302460492219e+00	3.808189873773941247e+00	-6.673650399999999649e-01	9.473972768532528121e-01
2.562512502500500222e+00	3.807045980711430744e+00	-6.026126399999999217e-01	1.143199394856278639e+00
2.563512702540508226e+00	3.806948808352693892e+00	-5.831869200000000530e-01	9.473972768532528121e-01
2.564512902580516229e+00	3.806820050584240001e+00	-5.637612000000000734e-01	1.208466767523953767e+00
2.565513102620524233e+00	3.805826151871531948e+00	-5.508107199999999759e-01	1.077932022188603289e+00
2.566513302660532236e+00	3.805233525255154792e+00	-4.990087999999999191e-01	1.012664649520927940e+00
2.567513502700540240e+00	3.805439601881048794e+00	-5.831869200000000530e-01	9.473972768532528121e-01
2.568513702740548243e+00	3.805778697628284579e+00	-5.313849999999999962e-01	9.800309631870904870e-01
2.569513902780556247e+00	3.806372492015498210e+00	-5.054840400000000233e-01	9.147635905194151373e-01
2.570514102820564251e+00	3.806603255008205622e+00	-5.896621600000000463e-01	1.339001512859304244e+00
2.571514302860572254e+00	3.805343478348640396e+00	-4.666325999999999530e-01	1.045298335854765615e+00
2.572514502900580258e+00	3.803619804645161473e+00	-5.443354799999999827e-01	1.273734140191629116e+00
2.573514702940588261e+00	3.803057471346507956e+00	-6.090878800000000259e-01	8.494962178517398987e-01
2.574514902980596265e+00	3.803132485416228281e+00	-5.249097599999998920e-01	1.077932022188603289e+00
2.575515103020604268e+00	3.802748129288496148e+00	-5.831869200000000530e-01	7.515951588502269853e-01
2.576515303060612272e+00	3.802349007713912599e+00	-6.932660000000000489e-01	7.189614725163894215e-01
2.577515503100620275e+00	3.802708411489350127e+00	-5.378602399999999895e-01	8.494962178517398987e-01
2.578515703140628279e+00	3.803355416007389245e+00	-4.731078399999999462e-01	6.210604135148766192e-01
2.579515903180636283e+00	3.803256060342237177e+00	-4.795830800000000504e-01	1.273734140191629116e+00
2.580516103220644286e+00	3.802282221098194803e+00	-3.371277999999999775e-01	8.168625315179022239e-01
2.581516303260652290e+00	3.801682595883802307e+00	-4.407316399999999801e-01	1.175833081190116092e+00
2.582516503300660293e+00	3.801860494250794087e+00	-4.990087999999999191e-01	1.241100453857791219e+00
2.583516703340668297e+00	3.801375824052951380e+00	-4.731078399999999462e-01	7.515951588502269853e-01
2.584516903380676300e+00	3.800445917665173923e+00	-4.213059199999999449e-01	8.168625315179022239e-01
2.585517103420684304e+00	3.800608142347142060e+00	-4.731078399999999462e-01	6.863277861825517467e-01
2.586517303460692307e+00	3.800991549727596563e+00	-3.436030400000000262e-01	6.210604135148766192e-01
2.587517503500700311e+00	3.800502871833630891e+00	-4.601573600000000153e-01	1.012664649520927940e+00
2.588517703540708315e+00	3.799968689368549590e+00	-4.536821200000000776e-01	9.473972768532528121e-01
2.589517903580716318e+00	3.799393110330899326e+00	-3.630287599999999504e-01	1.045298335854765615e+00
2.590518103620724322e+00	3.798033020591581099e+00	-3.371277999999999775e-01	1.077932022188603289e+00
2.591518303660732325e+00	3.796957040132228567e+00	-4.472068799999999733e-01	8.494962178517398987e-01
2.592518503700740329e+00	3.797288206734521054e+00	-2.853258800000000317e-01	9.147635905194151373e-01
2.593518703740748332e+00	3.797628825089323534e+00	-3.889297199999999788e-01	6.536940998487140719e-01
2.594518903780756336e+00	3.797001915214885059e+00	-3.889297199999999788e-01	7.515951588502269853e-01
2.595519103820764339e+00	3.796870540975293640e+00	-3.695039999999999436e-01	7.189614725163894215e-01
2.596519303860772343e+00	3.797791767330018331e+00	-3.241773200000000466e-01	7.842288451840646601e-01
2.597519503900780347e+00	3.798239394412768366e+00	-2.270487200000000094e-01	9.800309631870904870e-01
2.598519703940788350e+00	3.797520723308207558e+00	-3.695039999999999436e-01	9.800309631870904870e-01
2.599519903980796354e+00	3.796639045911037069e+00	-3.306525599999999843e-01	8.168625315179022239e-01
2.600520104020804357e+00	3.795848069034328809e+00	-3.306525599999999843e-01	1.175833081190116092e+00
2.601520304060812361e+00	3.794836018325514093e+00	-3.954049599999999165e-01	5.231593545133637058e-01
2.602520504100820364e+00	3.794446062681233744e+00	-1.687715600000000149e-01	8.168625315179022239e-01
2.603520704140828368e+00	3.794709200892331769e+00	-2.594249200000000033e-01	6.536940998487140719e-01
2.604520904180836371e+00	3.794494489915240631e+00	-3.695039999999999436e-01	5.557930408472013806e-01
2.605521104220844375e+00	3.793927711357464094e+00	-2.205734800000000162e-01	7.515951588502269853e-01
2.606521304260852379e+00	3.793933222004556072e+00	-1.234448800000000068e-01	6.536940998487140719e-01
2.607521504300860382e+00	3.794561688850506265e+00	-2.140982399999999952e-01	9.147635905194151373e-01
2.608521704340868386e+00	3.794743335945045093e+00	-3.177020799999999978e-01	8.494962178517398987e-01
2.609521904380876389e+00	3.794048379716729702e+00	-2.270487200000000094e-01	6.863277861825517467e-01
2.610522104420884393e+00	3.793789341932274350e+00	-2.270487200000000094e-01	7.189614725163894215e-01
2.611522304460892396e+00	3.793985190736738566e+00	-2.140982399999999952e-01	6.536940998487140719e-01
2.612522504500900400e+00	3.792848704059321285e+00	-2.076230000000000020e-01	4.578919818456884672e-01
2.613522704540908403e+00	3.790695856601115299e+00	-3.371277999999999775e-01	7.189614725163894215e-01
2.614522904580916407e+00	3.789410260151370835e+00	-2.011477600000000088e-01	5.557930408472013806e-01
2.615523104620924411e+00	3.789586164648092392e+00	-1.946725200000000155e-01	6.863277861825517467e-01
2.616523304660932414e+00	3.790909031155146991e+00	-9.754392000000000618e-02	7.842288451840646601e-01
2.617523504700939974e+00	3.792006451633027186e+00	-1.558210800000000007e-01	8.821299041855775735e-01
2.618523704740947977e+00	3.791209337049531225e+00	-1.493458400000000075e-01	5.557930408472013806e-01
2.619523904780955981e+00	3.789467042264747398e+00	-2.011477600000000088e-01	5.231593545133637058e-01
2.620524104820963984e+00	3.788745086109319704e+00	-1.817220400000000013e-01	5.557930408472013806e-01
2.621524304860971988e+00	3.788901524611570704e+00	-6.516772000000001230e-02	5.884267271810389444e-01
2.622524504900979991e+00	3.789012243548414816e+00	1.253515999999999658e-02	5.231593545133637058e-01
2.623524704940987995e+00	3.788979551889821273e+00	-6.890560000000003904e-03	6.210604135148766192e-01
2.624524904980995998e+00	3.789037194424190957e+00	-6.516772000000001230e-02	4.578919818456884672e-01
2.625525105021004002e+00	3.789076905873495882e+00	-9.106868000000001295e-02	7.189614725163894215e-01
2.626525305061012006e+00	3.788620331730437218e+00	-9.754392000000000618e-02	5.557930408472013806e-01
2.627525505101020009e+00	3.787578399263328954e+00	-4.153200000000037417e-04	5.557930408472013806e-01
2.628525705141028013e+00	3.786914779867834202e+00	6.059919999999996421e-03	4.905256681795260310e-01
2.629525905181036016e+00	3.787272175212087255e+00	-4.574200000000000488e-02	2.947235501765002597e-01
2.630526105221044020e+00	3.787528688578762903e+00	-6.890560000000003904e-03	4.252582955118507924e-01
2.631526305261052023e+00	3.787262604410222000e+00	-4.153200000000037417e-04	2.947235501765002597e-01
2.632526505301060027e+00	3.787223499035532903e+00	6.059919999999996421e-03	8.494962178517398987e-01
2.633526705341068030e+00	3.786789897842788299e+00	2.197428399999999948e-01	7.515951588502269853e-01
2.634526905381076034e+00	3.785931661294375417e+00	2.548563999999999691e-02	6.536940998487140719e-01
2.635527105421084038e+00	3.785453930899905117e+00	-1.984104000000000423e-02	5.884267271810389444e-01
2.636527305461092041e+00	3.784787967555981680e+00	4.491135999999999739e-02	3.599909228441755538e-01
2.637527505501100045e+00	3.783906173966199660e+00	1.355647199999999997e-01	4.252582955118507924e-01
2.638527705541108048e+00	3.783742057998931152e+00	2.067923600000000084e-01	1.641888048411497825e-01
2.639527905581116052e+00	3.784492417352874227e+00	9.023803999999999159e-02	1.315551185073121632e-01
2.640528105621124055e+00	3.785306721070534675e+00	6.059919999999996421e-03	4.905256681795260310e-01
2.641528305661132059e+00	3.785031780256140621e+00	7.728756000000000514e-02	2.294561775088249655e-01
2.642528505701140062e+00	3.783655495636924826e+00	1.420399599999999929e-01	5.231593545133637058e-01
2.643528705741148066e+00	3.782045714879738618e+00	1.614656800000000003e-01	6.863277861825517467e-01
2.644528905781156070e+00	3.781125564578676101e+00	2.067923600000000084e-01	2.947235501765002597e-01
2.645529105821164073e+00	3.781022924777742489e+00	1.290894800000000064e-01	3.599909228441755538e-01
2.646529305861172077e+00	3.780392912334503919e+00	1.938418799999999942e-01	1.315551185073121632e-01
2.647529505901180080e+00	3.779273110177813866e+00	2.197428399999999948e-01	6.628774583963688294e-02
2.648529705941188084e+00	3.779791557988956718e+00	9.023803999999999159e-02	4.252582955118507924e-01
2.649529905981196087e+00	3.781594878150810413e+00	1.938418799999999942e-01	1.641888048411497825e-01
2.650530106021204091e+00	3.781623270016799321e+00	1.614656800000000003e-01	4.905256681795260310e-01
2.651530306061212094e+00	3.779450350071199782e+00	1.485152000000000139e-01	5.231593545133637058e-01
2.652530506101220098e+00	3.777925195634253441e+00	2.197428399999999948e-01	2.947235501765002597e-01
2.653530706141228102e+00	3.778286774557686911e+00	3.557228800000000746e-01	3.273572365103378790e-01
2.654530906181236105e+00	3.779045755014676988e+00	3.427723999999999771e-01	6.628774583963688294e-02
2.655531106221244109e+00	3.779049201419673043e+00	2.391685600000000023e-01	1.641888048411497825e-01
2.656531306261252112e+00	3.778529539404289483e+00	2.262180799999999881e-01	9.892143217347457163e-02
2.657531506301260116e+00	3.778147282050876576e+00	2.974457200000000245e-01	6.628774583963688294e-02
2.658531706341268119e+00	3.777997207396583068e+00	3.233466799999999974e-01	2.947235501765002597e-01
2.659531906381276123e+00	3.777778238822451229e+00	2.548563999999999691e-02	2.947235501765002597e-01
2.660532106421284126e+00	3.777525637903857980e+00	2.974457200000000245e-01	2.947235501765002597e-01
2.661532306461292130e+00	3.776712640412448696e+00	3.298219200000001017e-01	2.620898638426626404e-01
2.662532506501300134e+00	3.775032898858823316e+00	2.974457200000000245e-01	1.315551185073121632e-01
2.663532706541308137e+00	3.774275364372322361e+00	3.557228800000000746e-01	3.365405950579927752e-02
2.664532906581316141e+00	3.775406504884100123e+00	3.427723999999999771e-01	6.628774583963688294e-02
2.665533106621324144e+00	3.776582932145164495e+00	3.427723999999999771e-01	1.968224911749873740e-01
2.666533306661332148e+00	3.776493963207339544e+00	3.557228800000000746e-01	2.294561775088249655e-01
2.667533506701340151e+00	3.776047422136543652e+00	3.427723999999999771e-01	-3.161331316187596802e-02
2.668533706741348155e+00	3.776286450681584750e+00	3.686733600000000055e-01	-1.947817448310640853e-01
2.669533906781356158e+00	3.776116558985558314e+00	3.945743200000000339e-01	6.628774583963688294e-02
2.670534106821364162e+00	3.773935001223263086e+00	4.722772000000000081e-01	1.020373171961676869e-03
2.671534306861372166e+00	3.771219115320870952e+00	4.399010000000000420e-01	1.020373171961676869e-03
2.672534506901380169e+00	3.770687746471680590e+00	4.399010000000000420e-01	9.892143217347457163e-02
2.673534706941388173e+00	3.772098555844401790e+00	5.564553199999999755e-01	-3.161331316187596802e-02
2.674534906981396176e+00	3.773286549552489877e+00	5.305543600000000026e-01	3.365405950579927752e-02
2.675535107021404180e+00	3.773392067227647750e+00	5.499800799999999823e-01	3.365405950579927752e-02
2.676535307061412183e+00	3.772649961837397203e+00	5.370296000000001069e-01	1.315551185073121632e-01
2.677535507101420187e+00	3.771442401843601910e+00	4.593267200000000772e-01	6.628774583963688294e-02
2.678535707141428190e+00	3.770525263327665133e+00	5.564553199999999755e-01	9.892143217347457163e-02
2.679535907181436194e+00	3.770137906746448220e+00	4.463762399999999797e-01	-1.621480584972264660e-01
2.680536107221444198e+00	3.769691999793355563e+00	6.406334400000001095e-01	-9.688068582955121355e-02
2.681536307261452201e+00	3.769041922125103028e+00	5.176038800000000162e-01	-1.947817448310640853e-01
2.682536507301460205e+00	3.769289080640117362e+00	5.758810400000000662e-01	-4.558512355017650397e-01
2.683536707341468208e+00	3.771067836941238482e+00	6.600591600000000891e-01	1.020373171961676869e-03
2.684536907381476212e+00	3.772539859093857917e+00	6.147324800000000256e-01	-3.253164901664145625e-01
2.685537107421484215e+00	3.771717308683952830e+00	5.370296000000001069e-01	1.968224911749873740e-01
2.686537307461492219e+00	3.769328860692185756e+00	5.240791200000000094e-01	3.365405950579927752e-02
2.687537507501500222e+00	3.767467274271272260e+00	6.212077200000000188e-01	1.020373171961676869e-03
2.688537707541508226e+00	3.766944253191333303e+00	6.859601199999999510e-01	-3.161331316187596802e-02
2.689537907581516230e+00	3.767227346108540598e+00	7.118610800000001460e-01	-4.232175491679274204e-01
2.690538107621524233e+00	3.767735788000726949e+00	6.147324800000000256e-01	-4.558512355017650397e-01
2.691538307661532237e+00	3.767898816918391791e+00	5.823562799999999484e-01	-2.926828038325769432e-01
2.692538507701540240e+00	3.767880252934825869e+00	6.341582000000000052e-01	-5.211186081694403338e-01
2.693538707741548244e+00	3.768291697371368709e+00	7.895639599999999536e-01	-1.295143721633888190e-01
2.694538907781556247e+00	3.767894639380579225e+00	8.025144400000000511e-01	-1.295143721633888190e-01
2.695539107821564251e+00	3.766099299273521606e+00	8.607915999999999901e-01	-9.688068582955121355e-02
2.696539307861572254e+00	3.765154789482347386e+00	8.672668400000000943e-01	1.020373171961676869e-03
2.697539507901580258e+00	3.765479120529708901e+00	7.571877599999999875e-01	-3.253164901664145625e-01
2.698539707941588262e+00	3.764852393828583388e+00	8.348906400000000172e-01	-2.274154311649017046e-01
2.699539907981596265e+00	3.763029036791731397e+00	8.348906400000000172e-01	-6.190196671709531362e-01
2.700540108021604269e+00	3.761879418780570639e+00	8.154649200000001485e-01	-5.863859808371156834e-01
2.701540308061612272e+00	3.762458964795881489e+00	7.377620400000000078e-01	-2.600491174987393794e-01
2.702540508101620276e+00	3.764128911554881274e+00	7.636630000000000917e-01	-4.232175491679274204e-01
2.703540708141628279e+00	3.764984058789476062e+00	8.607915999999999901e-01	-1.947817448310640853e-01
2.704540908181636283e+00	3.763641195115470683e+00	8.996430400000000605e-01	-9.688068582955121355e-02
2.705541108221644286e+00	3.761276187412070815e+00	9.320192400000000266e-01	-3.579501765002521818e-01
2.706541308261652290e+00	3.760136223828272506e+00	9.190687600000001511e-01	-2.600491174987393794e-01
2.707541508301660294e+00	3.760925791366025894e+00	8.672668400000000943e-01	-6.516533535047908110e-01
2.708541708341668297e+00	3.762417593103859925e+00	9.384944800000000198e-01	-3.579501765002521818e-01
2.709541908381676301e+00	3.762554261870350469e+00	9.384944800000000198e-01	-3.905838628340898566e-01
2.710542108421684304e+00	3.761434258466108016e+00	1.003246880000000063e+00	-5.863859808371156834e-01
2.711542308461692308e+00	3.761497389189147000e+00	9.579201999999999995e-01	-3.905838628340898566e-01
2.712542508501700311e+00	3.762543830727417493e+00	8.737420800000000876e-01	-4.232175491679274204e-01
2.713542708541708315e+00	3.762028377622692599e+00	9.643954399999999927e-01	-3.905838628340898566e-01
2.714542908581716318e+00	3.760215153516792252e+00	1.035623080000000140e+00	-4.232175491679274204e-01
2.715543108621724322e+00	3.759062964272751106e+00	9.708706800000000969e-01	-5.211186081694403338e-01
2.716543308661732326e+00	3.758859602211439999e+00	1.048573559999999905e+00	-5.863859808371156834e-01
2.717543508701740329e+00	3.758760991911580973e+00	1.080949760000000204e+00	-8.474554715078166378e-01
2.718543708741748333e+00	3.758448966665868696e+00	1.035623080000000140e+00	-6.842870398386284858e-01
2.719543908781756336e+00	3.758520106849329245e+00	1.100375480000000072e+00	-4.884849218356027145e-01
2.720544108821764340e+00	3.758922909525171718e+00	1.145702159999999914e+00	-5.863859808371156834e-01
2.721544308861772343e+00	3.758594678724267446e+00	9.384944800000000198e-01	-5.537522945032778976e-01
2.722544508901780347e+00	3.757326243344793593e+00	1.119801199999999941e+00	-6.516533535047908110e-01
2.723544708941788350e+00	3.755879066247278519e+00	1.178078360000000213e+00	-4.884849218356027145e-01
2.724544908981796354e+00	3.754723321549576109e+00	1.132751680000000150e+00	-6.190196671709531362e-01
2.725545109021804357e+00	3.754534705207007939e+00	1.165127880000000005e+00	-8.800891578416540906e-01
2.726545309061812361e+00	3.756046765333735937e+00	1.113325960000000059e+00	-6.516533535047908110e-01
2.727545509101820365e+00	3.757789285056789552e+00	1.197504080000000082e+00	-6.516533535047908110e-01
2.728545709141828368e+00	3.757399867862951215e+00	1.145702159999999914e+00	-7.821880988401412882e-01
2.729545909181836372e+00	3.755496920165902974e+00	1.119801199999999941e+00	-5.211186081694403338e-01
2.730546109221844375e+00	3.754648652342460036e+00	1.216929799999999950e+00	-8.148217851739789630e-01
2.731546309261852379e+00	3.755123909073131205e+00	1.262256480000000014e+00	-5.211186081694403338e-01
2.732546509301860382e+00	3.754748445198538231e+00	1.119801199999999941e+00	-8.474554715078166378e-01
2.733546709341868386e+00	3.752963497081689415e+00	1.288157439999999765e+00	-8.148217851739789630e-01
2.734546909381876389e+00	3.751882771003335115e+00	1.242830760000000145e+00	-1.010623903177004790e+00
2.735547109421884393e+00	3.752917293245184194e+00	1.275206959999999778e+00	-1.010623903177004790e+00
2.736547309461892397e+00	3.754758981010679175e+00	1.385286039999999996e+00	-6.842870398386284858e-01
2.737547509501900400e+00	3.755354928255656866e+00	1.268731720000000118e+00	-9.127228441754917654e-01
2.738547709541908404e+00	3.754585437469613929e+00	1.391761279999999878e+00	-5.211186081694403338e-01
2.739547909581916407e+00	3.753320653477377533e+00	1.320533639999999842e+00	-6.516533535047908110e-01
2.740548109621924411e+00	3.751914133278796193e+00	1.385286039999999996e+00	-7.821880988401412882e-01
2.741548309661932414e+00	3.751379691118405635e+00	1.333484120000000051e+00	-6.842870398386284858e-01
2.742548509701940418e+00	3.752224748797230003e+00	1.521266079999999965e+00	-1.010623903177004790e+00
2.743548709741948421e+00	3.752514408602462659e+00	1.527741319999999847e+00	-1.108524962178517592e+00
2.744548909781956425e+00	3.751359649017703468e+00	1.372335560000000010e+00	-1.010623903177004790e+00
2.745549109821964429e+00	3.750992487776570794e+00	1.398236519999999983e+00	-1.173792334846192720e+00
2.746549309861972432e+00	3.752057855027083111e+00	1.437087959999999942e+00	-6.190196671709531362e-01
2.747549509901980436e+00	3.752298451808911750e+00	1.540691800000000056e+00	-7.169207261724660496e-01
2.748549709941988439e+00	3.751242785039945904e+00	1.495365119999999770e+00	-8.474554715078166378e-01
2.749549909981996443e+00	3.750166365590105411e+00	1.501840359999999874e+00	-6.190196671709531362e-01
2.750550110022004446e+00	3.749580510944296119e+00	1.501840359999999874e+00	-1.206426021180030395e+00
2.751550310062012450e+00	3.749943942852422829e+00	1.456513680000000033e+00	-1.108524962178517592e+00
2.752550510102020453e+00	3.750332960346898226e+00	1.404711760000000087e+00	-1.075891275844679917e+00
2.753550710142028457e+00	3.749228788347974461e+00	1.508315599999999979e+00	-1.206426021180030395e+00
2.754550910182036461e+00	3.748316893456798748e+00	1.475939400000000123e+00	-9.779902168431670040e-01
2.755551110222044464e+00	3.749560360962992611e+00	1.579543240000000015e+00	-9.453565305093293292e-01
2.756551310262052468e+00	3.751297291096097997e+00	1.573067999999999911e+00	-9.127228441754917654e-01
2.757551510302060471e+00	3.750795146066947972e+00	1.631345159999999739e+00	-9.127228441754917654e-01
2.758551710342068475e+00	3.747976303598452130e+00	1.611919440000000092e+00	-1.075891275844679917e+00
2.759551910382076478e+00	3.745563929117805557e+00	1.670196599999999920e+00	-1.010623903177004790e+00
2.760552110422084482e+00	3.745685656058020285e+00	1.560117519999999924e+00	-1.271693393847705744e+00
2.761552310462092485e+00	3.747280361093126899e+00	1.579543240000000015e+00	-1.206426021180030395e+00
2.762552510502100489e+00	3.747696131060598290e+00	1.650770879999999829e+00	-1.141158648512355045e+00
2.763552710542108493e+00	3.746394763339690126e+00	1.637820399999999843e+00	-1.173792334846192720e+00
2.764552910582116496e+00	3.745451127454384466e+00	1.598968959999999884e+00	-9.779902168431670040e-01
2.765553110622124500e+00	3.745810140735637450e+00	1.657246119999999934e+00	-1.075891275844679917e+00
2.766553310662132503e+00	3.746038053500786891e+00	1.676671840000000024e+00	-1.043257589510842243e+00
2.767553510702140507e+00	3.745185341534172263e+00	1.527741319999999847e+00	-1.108524962178517592e+00
2.768553710742148510e+00	3.743925145398712129e+00	1.799701400000000007e+00	-1.271693393847705744e+00
2.769553910782156514e+00	3.743664271337922234e+00	1.702572799999999775e+00	-1.304327080181543197e+00
2.770554110822164517e+00	3.745143047376447765e+00	1.689622319999999789e+00	-1.239059707513868069e+00
2.771554310862172521e+00	3.746724648277933056e+00	1.734948999999999852e+00	-1.369594452849218325e+00
2.772554510902180525e+00	3.746639387051069470e+00	1.767325200000000152e+00	-1.141158648512355045e+00
2.773554710942188528e+00	3.745774210001648008e+00	1.728473759999999970e+00	-1.239059707513868069e+00
2.774554910982196532e+00	3.744807001324300888e+00	1.825602359999999980e+00	-1.108524962178517592e+00
2.775555111022204535e+00	3.743398330140123242e+00	1.754374719999999943e+00	-1.336960766515380872e+00
2.776555311062212539e+00	3.742595999992109679e+00	1.741424239999999957e+00	-1.271693393847705744e+00
2.777555511102220542e+00	3.742713294418028358e+00	1.812651879999999993e+00	-1.369594452849218325e+00
2.778555711142228546e+00	3.742639995974363476e+00	1.857978559999999835e+00	-1.206426021180030395e+00
2.779555911182236549e+00	3.742508545173160783e+00	1.825602359999999980e+00	-1.369594452849218325e+00
2.780556111222244553e+00	3.742914310553294932e+00	1.773800439999999812e+00	-1.336960766515380872e+00
2.781556311262252557e+00	3.743585720934592853e+00	1.799701400000000007e+00	-1.467495511850731349e+00
2.782556511302260560e+00	3.743733493387062516e+00	1.857978559999999835e+00	-1.108524962178517592e+00
2.783556711342268564e+00	3.743181903619961837e+00	1.870929040000000043e+00	-1.402228139183055999e+00
2.784556911382276567e+00	3.742725858954873086e+00	1.819127120000000097e+00	-1.075891275844679917e+00
2.785557111422284571e+00	3.742018565456702195e+00	1.916255719999999885e+00	-1.891733434190620455e+00
2.786557311462292574e+00	3.740425283845411286e+00	1.864453799999999939e+00	-1.532762884518406477e+00
2.787557511502300578e+00	3.739366146592447482e+00	1.955107160000000066e+00	-1.467495511850731349e+00
2.788557711542308581e+00	3.740181971196710364e+00	2.000433839999999908e+00	-1.695931316187594851e+00
2.789557911582316585e+00	3.742225955633448287e+00	1.916255719999999885e+00	-1.108524962178517592e+00
2.790558111622324589e+00	3.743942422198380804e+00	1.845028079999999848e+00	-1.369594452849218325e+00
2.791558311662332592e+00	3.743610273419226253e+00	1.922730959999999989e+00	-1.075891275844679917e+00
2.792558511702340596e+00	3.740859203724065996e+00	1.916255719999999885e+00	-1.304327080181543197e+00
2.793558711742348599e+00	3.738299045672649257e+00	1.948631919999999962e+00	-1.434861825516893896e+00
2.794558911782356603e+00	3.738034599541018022e+00	1.922730959999999989e+00	-1.402228139183055999e+00
2.795559111822364606e+00	3.738673298891010077e+00	1.883879520000000030e+00	-1.728565002521432525e+00
2.796559311862372610e+00	3.738829268226608438e+00	2.000433839999999908e+00	-1.793832375189107875e+00
2.797559511902380613e+00	3.739229941037814697e+00	2.078136719999999826e+00	-1.532762884518406477e+00
2.798559711942388617e+00	3.740231282015598069e+00	2.058711000000000180e+00	-1.630663943519919501e+00
2.799559911982396621e+00	3.740533967517845060e+00	2.039285280000000089e+00	-1.141158648512355045e+00
2.800560112022404624e+00	3.739388084894766262e+00	2.058711000000000180e+00	-1.434861825516893896e+00
2.801560312062412628e+00	3.738007654499950316e+00	2.026334799999999881e+00	-1.467495511850731349e+00
2.802560512102420631e+00	3.737190765821675864e+00	2.045760519999999971e+00	-1.304327080181543197e+00
2.803560712142428635e+00	3.736807108389625931e+00	2.091087200000000035e+00	-1.793832375189107875e+00
2.804560912182436638e+00	3.736999835073260723e+00	2.142889119999999981e+00	-1.598030257186082048e+00
2.805561112222444642e+00	3.737336788340899663e+00	2.058711000000000180e+00	-1.728565002521432525e+00
2.806561312262452645e+00	3.737833672347236291e+00	2.084611959999999709e+00	-1.728565002521432525e+00
2.807561512302460649e+00	3.738704676463066701e+00	2.123463399999999890e+00	-1.532762884518406477e+00
2.808561712342468653e+00	3.738876067460886521e+00	2.097562439999999917e+00	-1.728565002521432525e+00
2.809561912382476656e+00	3.738331222077483584e+00	2.181740560000000162e+00	-1.434861825516893896e+00
2.810562112422484660e+00	3.737642347514099850e+00	2.136413880000000098e+00	-1.402228139183055999e+00
2.811562312462492663e+00	3.736694993979205570e+00	2.104037679999999799e+00	-1.793832375189107875e+00
2.812562512502500667e+00	3.736475073212335740e+00	2.149364359999999863e+00	-1.598030257186082048e+00
2.813562712542508670e+00	3.736849551796018964e+00	2.091087200000000035e+00	-1.761198688855269978e+00
2.814562912582516674e+00	3.736348884671011117e+00	2.136413880000000098e+00	-1.793832375189107875e+00
2.815563112622524677e+00	3.735885722133675646e+00	2.233542480000000108e+00	-1.728565002521432525e+00
2.816563312662532681e+00	3.736600579360981111e+00	2.149364359999999863e+00	-1.630663943519919501e+00
2.817563512702540685e+00	3.737332365141568857e+00	2.227067239999999781e+00	-1.695931316187594851e+00
2.818563712742548688e+00	3.736889310622224514e+00	2.252968199999999754e+00	-1.598030257186082048e+00
2.819563912782556692e+00	3.735470824765645403e+00	2.136413880000000098e+00	-1.663297629853757176e+00
2.820564112822564695e+00	3.734068872934928951e+00	2.194691039999999926e+00	-1.728565002521432525e+00
2.821564312862572699e+00	3.733484447995111921e+00	2.201166280000000253e+00	-1.728565002521432525e+00
2.822564512902580702e+00	3.733975659200059027e+00	2.220591999999999899e+00	-1.761198688855269978e+00
2.823564712942588706e+00	3.735555272976056163e+00	2.149364359999999863e+00	-1.695931316187594851e+00
2.824564912982596709e+00	3.737355379296571467e+00	2.188215800000000044e+00	-1.859099747856782781e+00
2.825565113022604713e+00	3.737662031308973010e+00	2.252968199999999754e+00	-1.434861825516893896e+00
2.826565313062612717e+00	3.736406447339377657e+00	2.259443440000000081e+00	-1.826466061522945328e+00
2.827565513102620720e+00	3.735495987778579607e+00	2.246492959999999872e+00	-1.598030257186082048e+00
2.828565713142628724e+00	3.735374897266547478e+00	2.291819639999999936e+00	-1.793832375189107875e+00
2.829565913182636727e+00	3.734676514609844844e+00	2.272393919999999845e+00	-1.695931316187594851e+00
2.830566113222644731e+00	3.733313219932150595e+00	2.298294879999999818e+00	-1.761198688855269978e+00
2.831566313262652734e+00	3.732559487424076838e+00	2.227067239999999781e+00	-1.761198688855269978e+00
2.832566513302660738e+00	3.733333147133444108e+00	2.272393919999999845e+00	-1.826466061522945328e+00
2.833566713342668741e+00	3.735208503119109569e+00	2.291819639999999936e+00	-1.663297629853757176e+00
2.834566913382676745e+00	3.736111616689947290e+00	2.298294879999999818e+00	-1.859099747856782781e+00
2.835567113422684749e+00	3.734813123012598268e+00	2.337146319999999999e+00	-1.598030257186082048e+00
2.836567313462692752e+00	3.732802559027556644e+00	2.414849199999999918e+00	-1.793832375189107875e+00
2.837567513502700756e+00	3.732027321667026776e+00	2.240017719999999990e+00	-1.695931316187594851e+00
2.838567713542708759e+00	3.732314971418129623e+00	2.343621559999999882e+00	-1.891733434190620455e+00
2.839567913582716763e+00	3.732410401249566689e+00	2.278869160000000171e+00	-2.054901865859808829e+00
2.840568113622724766e+00	3.732695066727991229e+00	2.350096800000000208e+00	-1.859099747856782781e+00
2.841568313662732770e+00	3.733734080529769628e+00	2.252968199999999754e+00	-2.185436611195159529e+00
2.842568513702740773e+00	3.734247504197728773e+00	2.447225399999999773e+00	-1.565396570852244151e+00
2.843568713742748777e+00	3.733772479564711144e+00	2.304770120000000144e+00	-1.957000806858295805e+00
2.844568913782756781e+00	3.732916338368141407e+00	2.311245360000000026e+00	-1.467495511850731349e+00
2.845569113822764340e+00	3.731382050644986847e+00	2.337146319999999999e+00	-1.565396570852244151e+00
2.846569313862772344e+00	3.730150986147358072e+00	2.395423479999999827e+00	-1.957000806858295805e+00
2.847569513902780347e+00	3.730631827390733068e+00	2.298294879999999818e+00	-1.891733434190620455e+00
2.848569713942788351e+00	3.731347156704246437e+00	2.343621559999999882e+00	-2.022268179525970933e+00
2.849569913982796354e+00	3.731669107826891540e+00	2.298294879999999818e+00	-2.381238729198184689e+00
2.850570114022804358e+00	3.732789973592789412e+00	2.330671080000000117e+00	-1.630663943519919501e+00
2.851570314062812361e+00	3.733722847333024841e+00	2.382473000000000063e+00	-1.957000806858295805e+00
2.852570514102820365e+00	3.733809522292953709e+00	2.531403520000000018e+00	-1.630663943519919501e+00
2.853570714142828368e+00	3.733744816737980532e+00	2.388948239999999945e+00	-1.630663943519919501e+00
2.854570914182836372e+00	3.732940256642380383e+00	2.375997759999999737e+00	-1.924367120524458352e+00
2.855571114222844376e+00	3.731559260802117972e+00	2.382473000000000063e+00	-1.728565002521432525e+00
2.856571314262852379e+00	3.731281813836570649e+00	2.324195839999999791e+00	-2.120169238527484179e+00
2.857571514302860383e+00	3.732105295564286607e+00	2.356572039999999646e+00	-1.891733434190620455e+00
2.858571714342868386e+00	3.732065471163561465e+00	2.369522519999999854e+00	-2.022268179525970933e+00
2.859571914382876390e+00	3.731014642927136027e+00	2.375997759999999737e+00	-2.022268179525970933e+00
2.860572114422884393e+00	3.730694680867167712e+00	2.388948239999999945e+00	-1.761198688855269978e+00
2.861572314462892397e+00	3.731158035978779264e+00	2.363047279999999972e+00	-1.728565002521432525e+00
2.862572514502900400e+00	3.731444921879576881e+00	2.408373960000000036e+00	-1.859099747856782781e+00
2.863572714542908404e+00	3.731388330306072199e+00	2.531403520000000018e+00	-1.761198688855269978e+00
2.864572914582916408e+00	3.730823332391126179e+00	2.427799679999999682e+00	-2.087535552193646726e+00
2.865573114622924411e+00	3.729863171290675794e+00	2.453700639999999655e+00	-1.891733434190620455e+00
2.866573314662932415e+00	3.729620851160074579e+00	2.440750159999999891e+00	-2.152802924861321632e+00
2.867573514702940418e+00	3.730420276757064890e+00	2.460175879999999982e+00	-2.054901865859808829e+00
2.868573714742948422e+00	3.730766484595878563e+00	2.395423479999999827e+00	-1.859099747856782781e+00
2.869573914782956425e+00	3.730275513833863243e+00	2.363047279999999972e+00	-1.989634493192133702e+00
2.870574114822964429e+00	3.730113297791318949e+00	2.421324440000000244e+00	-1.761198688855269978e+00
2.871574314862972432e+00	3.729750630476812212e+00	2.408373960000000036e+00	-1.859099747856782781e+00
2.872574514902980436e+00	3.728705008033526003e+00	2.466651119999999864e+00	-2.022268179525970933e+00
2.873574714942988440e+00	3.728862916392970739e+00	2.570254960000000199e+00	-1.891733434190620455e+00
2.874574914982996443e+00	3.730280734516012497e+00	2.460175879999999982e+00	-2.022268179525970933e+00
2.875575115023004447e+00	3.730532307103718193e+00	2.466651119999999864e+00	-1.924367120524458352e+00
2.876575315063012450e+00	3.729761864247714609e+00	2.401898720000000154e+00	-1.924367120524458352e+00
2.877575515103020454e+00	3.729767231221777113e+00	2.388948239999999945e+00	-2.054901865859808829e+00
2.878575715143028457e+00	3.730463003945150291e+00	2.473126360000000190e+00	-2.315971356530509784e+00
2.879575915183036461e+00	3.731015584942936947e+00	2.434274920000000009e+00	-1.891733434190620455e+00
2.880576115223044464e+00	3.730956813178183840e+00	2.427799679999999682e+00	-1.924367120524458352e+00
2.881576315263052468e+00	3.730145026507009742e+00	2.440750159999999891e+00	-1.924367120524458352e+00
2.882576515303060471e+00	3.728965528942286500e+00	2.434274920000000009e+00	-2.022268179525970933e+00
2.883576715343068475e+00	3.728265535392322860e+00	2.440750159999999891e+00	-2.022268179525970933e+00
2.884576915383076479e+00	3.728710449106454217e+00	2.434274920000000009e+00	-1.891733434190620455e+00
2.885577115423084482e+00	3.729540419928059958e+00	2.466651119999999864e+00	-1.957000806858295805e+00
2.886577315463092486e+00	3.729723146067734252e+00	2.434274920000000009e+00	-1.826466061522945328e+00
2.887577515503100489e+00	3.729625091837413642e+00	2.499027319999999719e+00	-1.826466061522945328e+00
2.888577715543108493e+00	3.729756532144976600e+00	2.447225399999999773e+00	-1.728565002521432525e+00
2.889577915583116496e+00	3.729514886705293630e+00	2.440750159999999891e+00	-2.022268179525970933e+00
2.890578115623124500e+00	3.728543518720241590e+00	2.473126360000000190e+00	-1.761198688855269978e+00
2.891578315663132503e+00	3.728418734728922157e+00	2.466651119999999864e+00	-2.087535552193646726e+00
2.892578515703140507e+00	3.729933725182323023e+00	2.460175879999999982e+00	-2.087535552193646726e+00
2.893578715743148511e+00	3.730924074569921256e+00	2.447225399999999773e+00	-1.957000806858295805e+00
2.894578915783156514e+00	3.730332698703397121e+00	2.622056880000000589e+00	-2.185436611195159529e+00
2.895579115823164518e+00	3.729533518948345616e+00	2.460175879999999982e+00	-1.663297629853757176e+00
2.896579315863172521e+00	3.729057717404483885e+00	2.460175879999999982e+00	-1.891733434190620455e+00
2.897579515903180525e+00	3.728680669397841374e+00	2.453700639999999655e+00	-1.663297629853757176e+00
2.898579715943188528e+00	3.728781432808056184e+00	2.363047279999999972e+00	-1.728565002521432525e+00
2.899579915983196532e+00	3.729333834313352192e+00	2.453700639999999655e+00	-2.087535552193646726e+00
2.900580116023204535e+00	3.729205055395925950e+00	2.434274920000000009e+00	-2.054901865859808829e+00
2.901580316063212539e+00	3.727940405230534271e+00	2.434274920000000009e+00	-1.891733434190620455e+00
2.902580516103220543e+00	3.726939604465136391e+00	2.453700639999999655e+00	-2.152802924861321632e+00
2.903580716143228546e+00	3.727284260513224812e+00	2.440750159999999891e+00	-1.859099747856782781e+00
2.904580916183236550e+00	3.728399711443822540e+00	2.673858800000000091e+00	-1.957000806858295805e+00
2.905581116223244553e+00	3.729269136180421551e+00	2.460175879999999982e+00	-1.728565002521432525e+00
2.906581316263252557e+00	3.729431719371326892e+00	2.466651119999999864e+00	-1.663297629853757176e+00
2.907581516303260560e+00	3.728888647482865082e+00	2.427799679999999682e+00	-1.989634493192133702e+00
2.908581716343268564e+00	3.727634052836701795e+00	2.447225399999999773e+00	-1.695931316187594851e+00
2.909581916383276567e+00	3.726677637711393043e+00	2.453700639999999655e+00	-2.218070297528996981e+00
2.910582116423284571e+00	3.727351778958509776e+00	2.427799679999999682e+00	-2.152802924861321632e+00
2.911582316463292575e+00	3.728615209019601640e+00	2.447225399999999773e+00	-1.957000806858295805e+00
2.912582516503300578e+00	3.729170377902548239e+00	2.421324440000000244e+00	-2.022268179525970933e+00
2.913582716543308582e+00	3.729237056100266567e+00	2.414849199999999918e+00	-1.793832375189107875e+00
2.914582916583316585e+00	3.728577323274951283e+00	2.434274920000000009e+00	-1.826466061522945328e+00
2.915583116623324589e+00	3.727750179457420376e+00	2.408373960000000036e+00	-1.924367120524458352e+00
2.916583316663332592e+00	3.727807985806884439e+00	2.401898720000000154e+00	-1.695931316187594851e+00
2.917583516703340596e+00	3.727686037935125540e+00	2.421324440000000244e+00	-2.152802924861321632e+00
2.918583716743348599e+00	3.727162577233788632e+00	2.447225399999999773e+00	-1.957000806858295805e+00
2.919583916783356603e+00	3.727885052852002445e+00	2.388948239999999945e+00	-1.957000806858295805e+00
2.920584116823364607e+00	3.729295299850819312e+00	2.395423479999999827e+00	-2.022268179525970933e+00
2.921584316863372610e+00	3.729264171162645081e+00	2.421324440000000244e+00	-1.826466061522945328e+00
2.922584516903380614e+00	3.728016993310041105e+00	2.388948239999999945e+00	-1.891733434190620455e+00
2.923584716943388617e+00	3.727481289820869570e+00	2.401898720000000154e+00	-1.761198688855269978e+00
2.924584916983396621e+00	3.727699621928592499e+00	2.369522519999999854e+00	-1.761198688855269978e+00
2.925585117023404624e+00	3.727599549832314452e+00	2.363047279999999972e+00	-2.087535552193646726e+00
2.926585317063412628e+00	3.727536735038580851e+00	2.382473000000000063e+00	-1.663297629853757176e+00
2.927585517103420631e+00	3.727836515675550189e+00	2.375997759999999737e+00	-1.891733434190620455e+00
2.928585717143428635e+00	3.727995072330229309e+00	2.369522519999999854e+00	-2.087535552193646726e+00
2.929585917183436639e+00	3.727969171464430076e+00	2.330671080000000117e+00	-1.891733434190620455e+00
2.930586117223444642e+00	3.727917001759959881e+00	2.414849199999999918e+00	-1.859099747856782781e+00
2.931586317263452646e+00	3.727772626317786386e+00	2.259443440000000081e+00	-1.663297629853757176e+00
2.932586517303460649e+00	3.727927087889926661e+00	2.350096800000000208e+00	-1.695931316187594851e+00
2.933586717343468653e+00	3.728819241408769081e+00	2.337146319999999999e+00	-1.859099747856782781e+00
2.934586917383476656e+00	3.729617352540138153e+00	2.317720599999999909e+00	-1.793832375189107875e+00
2.935587117423484660e+00	3.729426939448475142e+00	2.330671080000000117e+00	-1.826466061522945328e+00
2.936587317463492663e+00	3.728665588237470185e+00	2.343621559999999882e+00	-1.891733434190620455e+00
2.937587517503500667e+00	3.728079557838739788e+00	2.330671080000000117e+00	-1.826466061522945328e+00
2.938587717543508671e+00	3.728504132253921188e+00	2.291819639999999936e+00	-1.891733434190620455e+00
2.939587917583516674e+00	3.729701661448354244e+00	2.285344400000000054e+00	-1.663297629853757176e+00
2.940588117623524678e+00	3.729588277028013099e+00	2.350096800000000208e+00	-1.826466061522945328e+00
2.941588317663532681e+00	3.728007264839365398e+00	2.272393919999999845e+00	-1.532762884518406477e+00
2.942588517703540685e+00	3.727426641516361272e+00	2.298294879999999818e+00	-1.793832375189107875e+00
2.943588717743548688e+00	3.728187986584981850e+00	2.246492959999999872e+00	-1.761198688855269978e+00
2.944588917783556692e+00	3.728439689223865816e+00	2.233542480000000108e+00	-1.924367120524458352e+00
2.945589117823564695e+00	3.727961697290401499e+00	2.181740560000000162e+00	-2.087535552193646726e+00
2.946589317863572699e+00	3.727868460209970536e+00	2.278869160000000171e+00	-1.728565002521432525e+00
2.947589517903580703e+00	3.728302355882399777e+00	2.214116760000000017e+00	-2.022268179525970933e+00
2.948589717943588706e+00	3.728610075726096706e+00	2.201166280000000253e+00	-1.467495511850731349e+00
2.949589917983596710e+00	3.728993759914594808e+00	2.220591999999999899e+00	-1.532762884518406477e+00
2.950590118023604713e+00	3.729749744222452978e+00	2.285344400000000054e+00	-1.402228139183055999e+00
2.951590318063612717e+00	3.729522809708648357e+00	2.188215800000000044e+00	-1.500129198184569024e+00
2.952590518103620720e+00	3.728024605737282560e+00	2.233542480000000108e+00	-1.793832375189107875e+00
2.953590718143628724e+00	3.727329817771871223e+00	2.181740560000000162e+00	-1.859099747856782781e+00
2.954590918183636727e+00	3.728035858423375259e+00	2.220591999999999899e+00	-1.695931316187594851e+00
2.955591118223644731e+00	3.729086099010169963e+00	2.097562439999999917e+00	-2.087535552193646726e+00
2.956591318263652735e+00	3.730529836221861295e+00	2.162314840000000071e+00	-1.500129198184569024e+00
2.957591518303660738e+00	3.732450379535333873e+00	2.168790079999999953e+00	-1.761198688855269978e+00
2.958591718343668742e+00	3.733118180772127204e+00	2.188215800000000044e+00	-1.369594452849218325e+00
2.959591918383676745e+00	3.731417300892804434e+00	2.168790079999999953e+00	-1.336960766515380872e+00
2.960592118423684749e+00	3.729312177979834164e+00	2.149364359999999863e+00	-1.761198688855269978e+00
2.961592318463692752e+00	3.728397004213725996e+00	2.181740560000000162e+00	-1.402228139183055999e+00
2.962592518503700756e+00	3.727814609006703694e+00	2.175265319999999836e+00	-1.924367120524458352e+00
2.963592718543708759e+00	3.727479332613847340e+00	2.136413880000000098e+00	-1.728565002521432525e+00
2.964592918583716763e+00	3.728060694189731183e+00	2.104037679999999799e+00	-1.565396570852244151e+00
2.965593118623724767e+00	3.729314815453238285e+00	2.104037679999999799e+00	-1.695931316187594851e+00
2.966593318663732770e+00	3.730590818354308613e+00	2.110512920000000125e+00	-1.304327080181543197e+00
2.967593518703740774e+00	3.730928566034951821e+00	1.987483359999999921e+00	-1.369594452849218325e+00
2.968593718743748777e+00	3.730218385921474589e+00	2.071661479999999944e+00	-1.728565002521432525e+00
2.969593918783756781e+00	3.729446844863720134e+00	2.097562439999999917e+00	-1.369594452849218325e+00
2.970594118823764784e+00	3.729086500924031711e+00	2.058711000000000180e+00	-1.793832375189107875e+00
2.971594318863772788e+00	3.729196222440566366e+00	2.052235759999999853e+00	-1.598030257186082048e+00
2.972594518903780791e+00	3.729559399902565353e+00	2.104037679999999799e+00	-1.663297629853757176e+00
2.973594718943788795e+00	3.729672611861110987e+00	2.000433839999999908e+00	-1.695931316187594851e+00
2.974594918983796799e+00	3.729526601888543791e+00	2.032810039999999763e+00	-1.500129198184569024e+00
2.975595119023804802e+00	3.729573964050605372e+00	2.013384319999999672e+00	-1.434861825516893896e+00
2.976595319063812806e+00	3.730086846424011338e+00	2.110512920000000125e+00	-1.434861825516893896e+00
2.977595519103820809e+00	3.730525816922967586e+00	1.968057640000000053e+00	-1.434861825516893896e+00
2.978595719143828813e+00	3.730103598944707777e+00	2.026334799999999881e+00	-1.598030257186082048e+00
2.979595919183836816e+00	3.729095124648646564e+00	1.929206199999999871e+00	-1.532762884518406477e+00
2.980596119223844820e+00	3.728606483855186671e+00	1.974532879999999935e+00	-1.565396570852244151e+00
2.981596319263852823e+00	3.729200226553377462e+00	1.922730959999999989e+00	-1.565396570852244151e+00
2.982596519303860827e+00	3.730045223002790511e+00	2.026334799999999881e+00	-1.304327080181543197e+00
2.983596719343868831e+00	3.730000307399317094e+00	1.935681439999999975e+00	-1.500129198184569024e+00
2.984596919383876834e+00	3.729600746645646225e+00	1.896830000000000016e+00	-1.369594452849218325e+00
2.985597119423884838e+00	3.730112852998171302e+00	1.929206199999999871e+00	-1.402228139183055999e+00
2.986597319463892841e+00	3.730828865640910763e+00	1.883879520000000030e+00	-1.336960766515380872e+00
2.987597519503900845e+00	3.730310209418842504e+00	1.721998519999999866e+00	-1.369594452849218325e+00
2.988597719543908848e+00	3.729759116035553657e+00	1.786750920000000020e+00	-1.271693393847705744e+00
2.989597919583916852e+00	3.730686236155698943e+00	1.890354760000000134e+00	-1.402228139183055999e+00
2.990598119623924855e+00	3.731604072952954709e+00	1.890354760000000134e+00	-1.336960766515380872e+00
2.991598319663932859e+00	3.731578141033368379e+00	1.870929040000000043e+00	-1.434861825516893896e+00
2.992598519703940863e+00	3.731640346212342418e+00	1.896830000000000016e+00	-1.141158648512355045e+00
2.993598719743948866e+00	3.731705173039586931e+00	1.903305239999999898e+00	-1.369594452849218325e+00
2.994598919783956870e+00	3.731250460598358742e+00	1.806176639999999889e+00	-1.141158648512355045e+00
2.995599119823964873e+00	3.730887431554473554e+00	1.760849959999999825e+00	-1.304327080181543197e+00
2.996599319863972877e+00	3.731044434733262527e+00	1.773800439999999812e+00	-1.467495511850731349e+00
2.997599519903980880e+00	3.730648715879719468e+00	1.780275679999999916e+00	-1.369594452849218325e+00
2.998599719943988884e+00	3.729325053818346891e+00	1.767325200000000152e+00	-1.663297629853757176e+00
2.999599919983996887e+00	3.729553329693874986e+00	1.715523279999999984e+00	-1.141158648512355045e+00
3.000600120024004891e+00	3.732320166304105236e+00	1.819127120000000097e+00	-1.271693393847705744e+00
3.001600320064012895e+00	3.733855296194084961e+00	1.709048039999999880e+00	-9.779902168431670040e-01
3.002600520104020898e+00	3.731959625472000219e+00	1.696097560000000115e+00	-1.173792334846192720e+00
3.003600720144028902e+00	3.730047769125421464e+00	1.747899480000000061e+00	-1.141158648512355045e+00
3.004600920184036905e+00	3.730291402548999713e+00	1.644295639999999947e+00	-1.141158648512355045e+00
3.005601120224044909e+00	3.731027501009926084e+00	1.689622319999999789e+00	-1.402228139183055999e+00
3.006601320264052912e+00	3.731461371190537779e+00	1.702572799999999775e+00	-1.304327080181543197e+00
3.007601520304060916e+00	3.731465703061165762e+00	1.631345159999999739e+00	-1.206426021180030395e+00
3.008601720344068919e+00	3.731127914843528792e+00	1.657246119999999934e+00	-1.630663943519919501e+00
3.009601920384076923e+00	3.731202180588708117e+00	1.631345159999999739e+00	-9.779902168431670040e-01
3.010602120424084926e+00	3.731122328854176828e+00	1.657246119999999934e+00	-1.043257589510842243e+00
3.011602320464092930e+00	3.730672402512469787e+00	1.586018479999999897e+00	-9.453565305093293292e-01
3.012602520504100934e+00	3.730652945707427115e+00	1.598968959999999884e+00	-8.148217851739789630e-01
3.013602720544108937e+00	3.730769171722879918e+00	1.657246119999999934e+00	-1.304327080181543197e+00
3.014602920584116941e+00	3.730965764287666353e+00	1.521266079999999965e+00	-1.108524962178517592e+00
3.015603120624124944e+00	3.731554689966527505e+00	1.566592759999999807e+00	-1.402228139183055999e+00
3.016603320664132948e+00	3.732067302242590312e+00	1.514790839999999861e+00	-1.402228139183055999e+00
3.017603520704140951e+00	3.732599299303320795e+00	1.501840359999999874e+00	-1.010623903177004790e+00
3.018603720744148955e+00	3.733508810231502828e+00	1.469464160000000019e+00	-1.075891275844679917e+00
3.019603920784156958e+00	3.733909679337611642e+00	1.592493720000000001e+00	-1.010623903177004790e+00
3.020604120824164962e+00	3.732958134071678646e+00	1.534216559999999951e+00	-7.495544125063037244e-01
3.021604320864172966e+00	3.731693633234030028e+00	1.424137479999999734e+00	-1.108524962178517592e+00
3.022604520904180969e+00	3.731475261322230175e+00	1.443563199999999824e+00	-8.148217851739789630e-01
3.023604720944188973e+00	3.731970553803054536e+00	1.385286039999999996e+00	-1.141158648512355045e+00
3.024604920984196976e+00	3.732559619680043461e+00	1.734948999999999852e+00	-9.779902168431670040e-01
3.025605121024204980e+00	3.733361431922358697e+00	1.456513680000000033e+00	-9.127228441754917654e-01
3.026605321064212983e+00	3.734227185721573861e+00	1.534216559999999951e+00	-1.075891275844679917e+00
3.027605521104220987e+00	3.734775507795946581e+00	1.404711760000000087e+00	-8.474554715078166378e-01
3.028605721144228990e+00	3.734846407132761836e+00	1.268731720000000118e+00	-8.800891578416540906e-01
3.029605921184236994e+00	3.734100084163682443e+00	1.320533639999999842e+00	-8.474554715078166378e-01
3.030606121224244998e+00	3.732808934343578855e+00	1.391761279999999878e+00	-8.800891578416540906e-01
3.031606321264253001e+00	3.732556772934328304e+00	1.339959359999999933e+00	-9.779902168431670040e-01
3.032606521304261005e+00	3.733541929079180921e+00	1.352909840000000141e+00	-9.127228441754917654e-01
3.033606721344269008e+00	3.734128509644021321e+00	1.327008879999999946e+00	-9.779902168431670040e-01
3.034606921384277012e+00	3.734526855174230775e+00	1.346434599999999815e+00	-1.043257589510842243e+00
3.035607121424285015e+00	3.735441310343788679e+00	1.333484120000000051e+00	-9.779902168431670040e-01
3.036607321464293019e+00	3.735411502737158607e+00	1.314058399999999960e+00	-9.127228441754917654e-01
3.037607521504301022e+00	3.734356323734191463e+00	1.333484120000000051e+00	-7.169207261724660496e-01
3.038607721544309026e+00	3.734136823843761110e+00	1.210454560000000068e+00	-7.495544125063037244e-01
3.039607921584317030e+00	3.734535310112783613e+00	1.255781239999999910e+00	-7.169207261724660496e-01
3.040608121624325033e+00	3.734209406202257941e+00	1.249306000000000250e+00	-7.495544125063037244e-01
3.041608321664333037e+00	3.733710023020958779e+00	1.288157439999999765e+00	-7.821880988401412882e-01
3.042608521704341040e+00	3.734212235514806189e+00	1.333484120000000051e+00	-8.474554715078166378e-01
3.043608721744349044e+00	3.735137337473837693e+00	1.229880280000000159e+00	-6.516533535047908110e-01
3.044608921784357047e+00	3.734959032710887250e+00	1.113325960000000059e+00	-7.495544125063037244e-01
3.045609121824365051e+00	3.734089581287349358e+00	1.223405040000000055e+00	-4.884849218356027145e-01
3.046609321864373054e+00	3.734657197371204607e+00	1.152177400000000018e+00	-6.842870398386284858e-01
3.047609521904381058e+00	3.736439737663789007e+00	1.191028839999999978e+00	-4.884849218356027145e-01
3.048609721944389062e+00	3.736557767643087224e+00	1.145702159999999914e+00	-8.474554715078166378e-01
3.049609921984397065e+00	3.734259176179949957e+00	1.113325960000000059e+00	-7.495544125063037244e-01
3.050610122024405069e+00	3.732147024790434919e+00	1.171603120000000109e+00	-8.474554715078166378e-01
3.051610322064413072e+00	3.732447057258494905e+00	1.048573559999999905e+00	-9.453565305093293292e-01
3.052610522104421076e+00	3.734965670457843334e+00	1.210454560000000068e+00	-5.211186081694403338e-01
3.053610722144429079e+00	3.737973133402236581e+00	1.100375480000000072e+00	-6.190196671709531362e-01
3.054610922184437083e+00	3.739191647903450377e+00	1.016197360000000049e+00	-2.274154311649017046e-01
3.055611122224445086e+00	3.737573946366430366e+00	8.866925599999999630e-01	-3.905838628340898566e-01
3.056611322264453090e+00	3.735271445028629955e+00	9.838211600000000834e-01	-3.905838628340898566e-01
3.057611522304461094e+00	3.735279347867397792e+00	9.838211600000000834e-01	-2.926828038325769432e-01
3.058611722344469097e+00	3.737003220804672399e+00	1.009722120000000167e+00	-7.169207261724660496e-01
3.059611922384477101e+00	3.737737149879218901e+00	1.048573559999999905e+00	-7.169207261724660496e-01
3.060612122424485104e+00	3.737223612462200251e+00	1.016197360000000049e+00	-5.863859808371156834e-01
3.061612322464493108e+00	3.736993912325508038e+00	1.003246880000000063e+00	-6.516533535047908110e-01
3.062612522504501111e+00	3.737514908460474850e+00	9.190687600000001511e-01	-2.274154311649017046e-01
3.063612722544509115e+00	3.738159180206080734e+00	8.996430400000000605e-01	-2.600491174987393794e-01
3.064612922584517118e+00	3.738055807102907746e+00	8.802173200000000808e-01	-2.274154311649017046e-01
3.065613122624525122e+00	3.736928943055576990e+00	8.931677999999999562e-01	-1.295143721633888190e-01
3.066613322664533126e+00	3.736191830109770962e+00	8.154649200000001485e-01	-6.842870398386284858e-01
3.067613522704541129e+00	3.737290610068935148e+00	9.061182800000000537e-01	-4.558512355017650397e-01
3.068613722744549133e+00	3.739307594557332859e+00	8.348906400000000172e-01	-5.211186081694403338e-01
3.069613922784557136e+00	3.740532622288633480e+00	8.154649200000001485e-01	-5.211186081694403338e-01
3.070614122824565140e+00	3.740040448892367309e+00	8.413658800000000104e-01	-2.926828038325769432e-01
3.071614322864573143e+00	3.738282345984357935e+00	7.507125199999999943e-01	-2.926828038325769432e-01
3.072614522904580703e+00	3.737545691013817617e+00	8.219401600000000307e-01	-2.274154311649017046e-01
3.073614722944588706e+00	3.738505726431872844e+00	8.478411200000001147e-01	-1.295143721633888190e-01
3.074614922984596710e+00	3.739236052502032503e+00	7.442372800000001121e-01	-2.926828038325769432e-01
3.075615123024604713e+00	3.739415720051057601e+00	8.348906400000000172e-01	-3.161331316187596802e-02
3.076615323064612717e+00	3.739952195749995489e+00	6.212077200000000188e-01	-4.884849218356027145e-01
3.077615523104620721e+00	3.740423221327396686e+00	7.830887200000000714e-01	-3.905838628340898566e-01
3.078615723144628724e+00	3.740655818212959005e+00	7.053858400000000417e-01	-2.600491174987393794e-01
3.079615923184636728e+00	3.740995418919006443e+00	7.312868000000000146e-01	-3.253164901664145625e-01
3.080616123224644731e+00	3.740736072766438269e+00	5.953067600000000459e-01	-1.295143721633888190e-01
3.081616323264652735e+00	3.739900153812486305e+00	6.859601199999999510e-01	-1.621480584972264660e-01
3.082616523304660738e+00	3.740387278412463434e+00	6.989106000000000485e-01	-1.621480584972264660e-01
3.083616723344668742e+00	3.742554125140518551e+00	7.571877599999999875e-01	-9.688068582955121355e-02
3.084616923384676745e+00	3.744072500842573703e+00	5.953067600000000459e-01	-1.295143721633888190e-01
3.085617123424684749e+00	3.743616315446379073e+00	5.758810400000000662e-01	-1.621480584972264660e-01
3.086617323464692753e+00	3.742382490932768313e+00	5.823562799999999484e-01	-3.161331316187596802e-02
3.087617523504700756e+00	3.742116401152014493e+00	6.471086800000001027e-01	-1.947817448310640853e-01
3.088617723544708760e+00	3.742982839952400997e+00	6.600591600000000891e-01	-9.688068582955121355e-02
3.089617923584716763e+00	3.743362853173381577e+00	5.435048399999999891e-01	-9.688068582955121355e-02
3.090618123624724767e+00	3.742743466604152580e+00	4.593267200000000772e-01	1.020373171961676869e-03
3.091618323664732770e+00	3.742402187918762113e+00	5.694058000000000730e-01	9.892143217347457163e-02
3.092618523704740774e+00	3.742743002244139028e+00	4.917029200000000433e-01	-1.621480584972264660e-01
3.093618723744748777e+00	3.743574305705628991e+00	4.981781600000000365e-01	-9.688068582955121355e-02
3.094618923784756781e+00	3.744657872612211058e+00	4.917029200000000433e-01	1.020373171961676869e-03
3.095619123824764785e+00	3.745029463107879764e+00	4.399010000000000420e-01	-3.161331316187596802e-02
3.096619323864772788e+00	3.744878090781974755e+00	4.852276800000000501e-01	9.892143217347457163e-02
3.097619523904780792e+00	3.745162666065949164e+00	3.945743200000000339e-01	-3.161331316187596802e-02
3.098619723944788795e+00	3.744987333114799810e+00	5.111286400000001340e-01	2.620898638426626404e-01
3.099619923984796799e+00	3.743744646345150251e+00	4.399010000000000420e-01	1.020373171961676869e-03
3.100620124024804802e+00	3.743275305518211304e+00	4.269505200000000000e-01	2.294561775088249655e-01
3.101620324064812806e+00	3.744592362843044420e+00	4.593267200000000772e-01	-6.424699949571360813e-02
3.102620524104820809e+00	3.745911029896086042e+00	3.233466799999999974e-01	-9.688068582955121355e-02
3.103620724144828813e+00	3.745942216155699001e+00	3.621981200000000678e-01	-3.161331316187596802e-02
3.104620924184836817e+00	3.746026753533219011e+00	4.269505200000000000e-01	-1.947817448310640853e-01
3.105621124224844820e+00	3.747031644940316930e+00	3.751485999999999432e-01	2.947235501765002597e-01
3.106621324264852824e+00	3.747714819911764916e+00	2.326933200000000090e-01	-6.424699949571360813e-02
3.107621524304860827e+00	3.747508773218656497e+00	2.456437999999999955e-01	4.252582955118507924e-01
3.108621724344868831e+00	3.746670607731931391e+00	2.844952399999999826e-01	3.599909228441755538e-01
3.109621924384876834e+00	3.745229285623741244e+00	2.974457200000000245e-01	9.892143217347457163e-02
3.110622124424884838e+00	3.744556970993424105e+00	3.298219200000001017e-01	1.641888048411497825e-01
3.111622324464892841e+00	3.745883751466844380e+00	2.132676000000000016e-01	-9.688068582955121355e-02
3.112622524504900845e+00	3.747410383015991719e+00	2.715447599999999961e-01	1.020373171961676869e-03
3.113622724544908849e+00	3.747581865722620531e+00	2.650695199999999474e-01	2.294561775088249655e-01
3.114622924584916852e+00	3.748294300786623623e+00	2.521190400000000165e-01	3.365405950579927752e-02
3.115623124624924856e+00	3.750120401222779787e+00	1.485152000000000139e-01	6.210604135148766192e-01
3.116623324664932859e+00	3.750173647298707724e+00	1.355647199999999997e-01	5.231593545133637058e-01
3.117623524704940863e+00	3.748245471703705700e+00	2.548563999999999691e-02	1.641888048411497825e-01
3.118623724744948866e+00	3.747213560184139425e+00	1.485152000000000139e-01	4.905256681795260310e-01
3.119623924784956870e+00	3.747756603589427193e+00	2.585942800000000097e-01	9.892143217347457163e-02
3.120624124824964873e+00	3.748876694051673564e+00	2.003171200000000152e-01	2.620898638426626404e-01
3.121624324864972877e+00	3.750055675504562647e+00	2.067923600000000084e-01	1.315551185073121632e-01
3.122624524904980881e+00	3.751057887689606574e+00	2.650695199999999474e-01	2.294561775088249655e-01
3.123624724944988884e+00	3.751804509865678927e+00	2.391685600000000023e-01	4.905256681795260310e-01
3.124624924984996888e+00	3.752198345162000237e+00	1.873666400000000010e-01	2.947235501765002597e-01
3.125625125025004891e+00	3.752394118661763311e+00	7.728756000000000514e-02	4.905256681795260310e-01
3.126625325065012895e+00	3.752374316418273015e+00	2.548563999999999691e-02	6.210604135148766192e-01
3.127625525105020898e+00	3.751289408673493142e+00	6.059919999999996421e-03	2.947235501765002597e-01
3.128625725145028902e+00	3.749341675978375310e+00	-7.164296000000000553e-02	3.273572365103378790e-01
3.129625925185036905e+00	3.748964505508336487e+00	1.253515999999999658e-02	2.294561775088249655e-01
3.130626125225044909e+00	3.751470794193962455e+00	9.671327999999999869e-02	4.252582955118507924e-01
3.131626325265052913e+00	3.753982369329106117e+00	5.786183999999999772e-02	2.620898638426626404e-01
3.132626525305060916e+00	3.753437701358516954e+00	-7.164296000000000553e-02	3.926246091780131731e-01
3.133626725345068920e+00	3.752127107895614433e+00	-1.040191599999999994e-01	4.905256681795260310e-01
3.134626925385076923e+00	3.753725182463396592e+00	-1.984104000000000423e-02	4.578919818456884672e-01
3.135627125425084927e+00	3.756568101816057492e+00	6.059919999999996421e-03	4.905256681795260310e-01
3.136627325465092930e+00	3.756724232108522354e+00	-1.336580000000000407e-02	5.557930408472013806e-01
3.137627525505100934e+00	3.754358996333377441e+00	-3.279152000000000455e-02	1.968224911749873740e-01
3.138627725545108937e+00	3.752660495440680144e+00	-1.622963199999999939e-01	4.905256681795260310e-01
3.139627925585116941e+00	3.753136370150576884e+00	-7.811819999999999875e-02	4.252582955118507924e-01
3.140628125625124945e+00	3.754807690915596741e+00	-1.984104000000000423e-02	5.231593545133637058e-01
3.141628325665132948e+00	3.755990389291103959e+00	-1.234448800000000068e-01	5.557930408472013806e-01
3.142628525705140952e+00	3.756024519892379843e+00	-1.428706000000000143e-01	5.231593545133637058e-01
3.143628725745148955e+00	3.755979653798271922e+00	-1.299201200000000000e-01	6.210604135148766192e-01
3.144628925785156959e+00	3.756612615715207326e+00	-2.631628000000000439e-02	6.210604135148766192e-01
3.145629125825164962e+00	3.757371824764086821e+00	-6.516772000000001230e-02	6.863277861825517467e-01
3.146629325865172966e+00	3.757721699810542937e+00	-9.754392000000000618e-02	5.231593545133637058e-01
3.147629525905180969e+00	3.757393088760723199e+00	-7.164296000000000553e-02	5.884267271810389444e-01
3.148629725945188973e+00	3.757169942854661215e+00	-2.011477600000000088e-01	4.905256681795260310e-01
3.149629925985196977e+00	3.758382400104699705e+00	-1.169696400000000136e-01	7.515951588502269853e-01
3.150630126025204980e+00	3.760207755924486861e+00	-1.752468000000000081e-01	7.189614725163894215e-01
3.151630326065212984e+00	3.760788822342905569e+00	-1.946725200000000155e-01	8.494962178517398987e-01
3.152630526105220987e+00	3.760096098488681537e+00	-2.011477600000000088e-01	5.884267271810389444e-01
3.153630726145228991e+00	3.759579019877480999e+00	-2.982763600000000181e-01	8.168625315179022239e-01
3.154630926185236994e+00	3.760237296323297507e+00	-2.399992000000000236e-01	4.905256681795260310e-01
3.155631126225244998e+00	3.761085990712339289e+00	-2.788506400000000385e-01	5.231593545133637058e-01
3.156631326265253001e+00	3.760338122181279719e+00	-2.205734800000000162e-01	6.210604135148766192e-01
3.157631526305261005e+00	3.759108456177703950e+00	-2.529496800000000101e-01	2.947235501765002597e-01
3.158631726345269009e+00	3.760428324628636965e+00	-2.723753999999999897e-01	9.800309631870904870e-01
3.159631926385277012e+00	3.763612204541566975e+00	-4.153200000000037417e-04	7.515951588502269853e-01
3.160632126425285016e+00	3.764804416665734177e+00	-2.594249200000000033e-01	1.045298335854765615e+00
3.161632326465293019e+00	3.762821556359261077e+00	-2.270487200000000094e-01	9.473972768532528121e-01
3.162632526505301023e+00	3.760202903172415567e+00	-2.982763600000000181e-01	7.515951588502269853e-01
3.163632726545309026e+00	3.759716275369749283e+00	-3.954049599999999165e-01	7.189614725163894215e-01
3.164632926585317030e+00	3.761690650918608547e+00	-3.371277999999999775e-01	6.210604135148766192e-01
3.165633126625325033e+00	3.764084211751470121e+00	-3.695039999999999436e-01	4.905256681795260310e-01
3.166633326665333037e+00	3.764892876803599187e+00	-3.500782800000000750e-01	8.821299041855775735e-01
3.167633526705341040e+00	3.764399826487016654e+00	-3.565535200000000127e-01	7.842288451840646601e-01
3.168633726745349044e+00	3.764264304064343758e+00	-4.342563999999999869e-01	1.045298335854765615e+00
3.169633926785357048e+00	3.764829045130980489e+00	-3.112268400000000046e-01	1.077932022188603289e+00
3.170634126825365051e+00	3.764833514614885690e+00	-3.759792400000000478e-01	8.168625315179022239e-01
3.171634326865373055e+00	3.763610829391391910e+00	-3.436030400000000262e-01	9.473972768532528121e-01
3.172634526905381058e+00	3.762883179480762674e+00	-2.853258800000000317e-01	5.884267271810389444e-01
3.173634726945389062e+00	3.764636417175868832e+00	-3.889297199999999788e-01	6.210604135148766192e-01
3.174634926985397065e+00	3.767325136295999410e+00	-4.083554400000000140e-01	6.210604135148766192e-01
3.175635127025405069e+00	3.768064660507290053e+00	-4.925335599999999814e-01	6.536940998487140719e-01
3.176635327065413072e+00	3.766878038004926488e+00	-4.213059199999999449e-01	1.045298335854765615e+00
3.177635527105421076e+00	3.765705787621296263e+00	-3.824544800000000411e-01	1.012664649520927940e+00
3.178635727145429080e+00	3.765955026366000435e+00	-4.277811600000000491e-01	1.045298335854765615e+00
3.179635927185437083e+00	3.767230871877269571e+00	-4.277811600000000491e-01	1.110565708522440964e+00
3.180636127225445087e+00	3.767758417341280364e+00	-4.731078399999999462e-01	7.842288451840646601e-01
3.181636327265453090e+00	3.767130082666385160e+00	-5.054840400000000233e-01	1.045298335854765615e+00
3.182636527305461094e+00	3.767060992857096835e+00	-4.731078399999999462e-01	6.536940998487140719e-01
3.183636727345469097e+00	3.768718799965327548e+00	-5.443354799999999827e-01	7.842288451840646601e-01
3.184636927385477101e+00	3.770278504216786342e+00	-5.313849999999999962e-01	9.473972768532528121e-01
3.185637127425485104e+00	3.769323550540995438e+00	-6.220383600000000124e-01	9.473972768532528121e-01
3.186637327465493108e+00	3.767561613710361801e+00	-6.349888400000001099e-01	9.473972768532528121e-01
3.187637527505501112e+00	3.768288106937395909e+00	-5.572859600000000802e-01	1.110565708522440964e+00
3.188637727545509115e+00	3.770609180230775959e+00	-5.767116799999999488e-01	9.800309631870904870e-01
3.189637927585517119e+00	3.771386951693713740e+00	-5.702364399999999556e-01	1.012664649520927940e+00
3.190638127625525122e+00	3.770095069352379369e+00	-6.803155199999999514e-01	1.012664649520927940e+00
3.191638327665533126e+00	3.768883724497067433e+00	-6.608898000000000827e-01	9.473972768532528121e-01
3.192638527705541129e+00	3.770132168102345194e+00	-6.090878800000000259e-01	8.821299041855775735e-01
3.193638727745549133e+00	3.773277044051797535e+00	-5.443354799999999827e-01	9.800309631870904870e-01
3.194638927785557136e+00	3.774605463630293922e+00	-5.378602399999999895e-01	1.143199394856278639e+00
3.195639127825565140e+00	3.772838305956423444e+00	-6.608898000000000827e-01	9.800309631870904870e-01
3.196639327865573144e+00	3.771146543748998159e+00	-5.896621600000000463e-01	1.110565708522440964e+00
3.197639527905581147e+00	3.771913770403809707e+00	-6.026126399999999217e-01	1.012664649520927940e+00
3.198639727945589151e+00	3.774045080630906046e+00	-6.285136000000000056e-01	1.045298335854765615e+00
3.199639927985597154e+00	3.775390655525256989e+00	-5.378602399999999895e-01	1.077932022188603289e+00
3.200640128025605158e+00	3.775167176958414306e+00	-5.184345200000000098e-01	1.077932022188603289e+00
3.201640328065613161e+00	3.774690055236195718e+00	-4.407316399999999801e-01	1.045298335854765615e+00
3.202640528105621165e+00	3.775572327269893780e+00	-6.349888400000001099e-01	1.175833081190116092e+00
3.203640728145629168e+00	3.777089482708857027e+00	-6.285136000000000056e-01	1.110565708522440964e+00
3.204640928185637172e+00	3.777037461652725803e+00	-6.479393199999999853e-01	1.273734140191629116e+00
3.205641128225645176e+00	3.775102494180129664e+00	-6.544145599999999785e-01	1.045298335854765615e+00
3.206641328265653179e+00	3.773695993053341802e+00	-5.767116799999999488e-01	1.143199394856278639e+00
3.207641528305661183e+00	3.774588732721386286e+00	-5.831869200000000530e-01	9.147635905194151373e-01
3.208641728345669186e+00	3.776388917099292364e+00	-6.285136000000000056e-01	8.168625315179022239e-01
3.209641928385677190e+00	3.777149223712968240e+00	-7.191669600000000218e-01	1.077932022188603289e+00
3.210642128425685193e+00	3.777790883730760108e+00	-6.867907599999999446e-01	9.147635905194151373e-01
3.211642328465693197e+00	3.779863503249489387e+00	-5.767116799999999488e-01	1.600071003530005198e+00
3.212642528505701200e+00	3.781740557633659794e+00	-7.062164799999999243e-01	1.143199394856278639e+00
3.213642728545709204e+00	3.781089865355662383e+00	-7.256422000000000150e-01	1.534803630862329848e+00
3.214642928585717208e+00	3.778385788761419395e+00	-7.385926799999998904e-01	1.241100453857791219e+00
3.215643128625725211e+00	3.776035545761323942e+00	-6.608898000000000827e-01	9.800309631870904870e-01
3.216643328665733215e+00	3.776164908634820350e+00	-8.098203199999999269e-01	1.045298335854765615e+00
3.217643528705741218e+00	3.778371727465336782e+00	-8.680974800000000879e-01	6.210604135148766192e-01
3.218643728745749222e+00	3.780299626818604430e+00	-6.608898000000000827e-01	9.147635905194151373e-01
3.219643928785757225e+00	3.781117932853781838e+00	-7.256422000000000150e-01	1.241100453857791219e+00
3.220644128825765229e+00	3.781966505308729687e+00	-7.580183999999999811e-01	1.143199394856278639e+00
3.221644328865773232e+00	3.783213404565849203e+00	-6.544145599999999785e-01	1.404268885526979593e+00
3.222644528905781236e+00	3.783721269351723482e+00	-8.162955600000000311e-01	1.469536258194654943e+00
3.223644728945789240e+00	3.782948766642663330e+00	-7.968698400000000515e-01	1.143199394856278639e+00
3.224644928985797243e+00	3.781562071762077260e+00	-7.644936400000000853e-01	1.502169944528492396e+00
3.225645129025805247e+00	3.780768411609965796e+00	-8.033450799999999337e-01	8.168625315179022239e-01
3.226645329065813250e+00	3.781889872668649399e+00	-8.033450799999999337e-01	1.077932022188603289e+00
3.227645529105821254e+00	3.784078914570897290e+00	-9.069489200000000473e-01	1.208466767523953767e+00
3.228645729145829257e+00	3.784591331108467571e+00	-7.126917200000000285e-01	1.077932022188603289e+00
3.229645929185837261e+00	3.783123360435403537e+00	-7.709688800000000786e-01	1.404268885526979593e+00
3.230646129225845264e+00	3.782272821870779733e+00	-8.421965199999998930e-01	1.436902571860817046e+00
3.231646329265853268e+00	3.783037115997830213e+00	-9.263746400000000270e-01	1.273734140191629116e+00
3.232646529305861272e+00	3.783446153698651671e+00	-7.256422000000000150e-01	1.404268885526979593e+00
3.233646729345869275e+00	3.782837425899022499e+00	-8.745727199999999701e-01	1.012664649520927940e+00
3.234646929385877279e+00	3.782906449118451864e+00	-7.839193599999999540e-01	1.273734140191629116e+00
3.235647129425885282e+00	3.784121810929441221e+00	-8.939984399999999498e-01	1.175833081190116092e+00
3.236647329465893286e+00	3.785807700201651027e+00	-9.004736800000000541e-01	1.208466767523953767e+00
3.237647529505901289e+00	3.787487811434048002e+00	-9.134241599999999295e-01	1.339001512859304244e+00
3.238647729545909293e+00	3.788176073169666758e+00	-9.587508399999999931e-01	1.339001512859304244e+00
3.239647929585917296e+00	3.787752664552607840e+00	-7.774441199999999608e-01	1.404268885526979593e+00
3.240648129625925300e+00	3.787791692875773997e+00	-9.134241599999999295e-01	1.371635199193141919e+00
3.241648329665933304e+00	3.788652033345727421e+00	-8.486717599999999972e-01	1.371635199193141919e+00
3.242648529705941307e+00	3.788565957100983983e+00	-9.846517999999999660e-01	1.371635199193141919e+00
3.243648729745949311e+00	3.787172744617802955e+00	-9.781765600000000838e-01	1.208466767523953767e+00
3.244648929785957314e+00	3.786813818333231829e+00	-9.004736800000000541e-01	1.241100453857791219e+00
3.245649129825965318e+00	3.788458264753271632e+00	-8.745727199999999701e-01	1.469536258194654943e+00
3.246649329865973321e+00	3.789861543275573563e+00	-8.810479599999999634e-01	1.273734140191629116e+00
3.247649529905981325e+00	3.789751631537212173e+00	-1.029978480000000030e+00	1.469536258194654943e+00
3.248649729945989328e+00	3.789218085556804283e+00	-9.328498800000000202e-01	1.436902571860817046e+00
3.249649929985997332e+00	3.789069464996802861e+00	-9.522755999999999998e-01	1.306367826525466569e+00
3.250650130026005336e+00	3.790031106927079119e+00	-9.458003599999998956e-01	1.175833081190116092e+00
3.251650330066013339e+00	3.791869097455315973e+00	-9.328498800000000202e-01	1.404268885526979593e+00
3.252650530106021343e+00	3.792487279863152594e+00	-8.810479599999999634e-01	1.306367826525466569e+00
3.253650730146029346e+00	3.791644222412172915e+00	-8.292460400000000176e-01	1.339001512859304244e+00
3.254650930186037350e+00	3.791155263184227131e+00	-8.616222399999999837e-01	1.339001512859304244e+00
3.255651130226045353e+00	3.791866551072260894e+00	-9.846517999999999660e-01	1.534803630862329848e+00
3.256651330266053357e+00	3.793345768602230716e+00	-9.846517999999999660e-01	1.436902571860817046e+00
3.257651530306061360e+00	3.794102875874357128e+00	-9.458003599999998956e-01	1.600071003530005198e+00
3.258651730346069364e+00	3.793243728791308111e+00	-8.421965199999998930e-01	1.371635199193141919e+00
3.259651930386077368e+00	3.792171574419866964e+00	-1.017028000000000043e+00	1.339001512859304244e+00
3.260652130426085371e+00	3.792501817668711084e+00	-9.328498800000000202e-01	1.208466767523953767e+00
3.261652330466093375e+00	3.793995859475886245e+00	-9.004736800000000541e-01	1.436902571860817046e+00
3.262652530506101378e+00	3.795382613355477996e+00	-1.010552759999999939e+00	1.404268885526979593e+00
3.263652730546109382e+00	3.795854071182572564e+00	-1.010552759999999939e+00	1.110565708522440964e+00
3.264652930586117385e+00	3.795566858954876110e+00	-9.198994000000000337e-01	1.665338376197680104e+00
3.265653130626125389e+00	3.795425847334483738e+00	-9.717013200000000905e-01	1.665338376197680104e+00
3.266653330666133392e+00	3.795762366821070710e+00	-9.198994000000000337e-01	1.567437317196167523e+00
3.267653530706141396e+00	3.795300623286459452e+00	-9.587508399999999931e-01	1.534803630862329848e+00
3.268653730746149400e+00	3.794405074024504554e+00	-1.004077520000000057e+00	1.273734140191629116e+00
3.269653930786157403e+00	3.795643835992827952e+00	-1.042928960000000016e+00	1.306367826525466569e+00
3.270654130826165407e+00	3.798171545788355363e+00	-9.652260799999999863e-01	1.273734140191629116e+00
3.271654330866173410e+00	3.798727916381855252e+00	-1.029978480000000030e+00	1.208466767523953767e+00
3.272654530906181414e+00	3.797838893748566313e+00	-9.717013200000000905e-01	1.436902571860817046e+00
3.273654730946189417e+00	3.798280040798466040e+00	-9.328498800000000202e-01	1.534803630862329848e+00
3.274654930986197421e+00	3.799413755942931292e+00	-1.042928960000000016e+00	1.795873121533031025e+00
3.275655131026205424e+00	3.798719569339642721e+00	-9.717013200000000905e-01	1.763239435199193128e+00
3.276655331066213428e+00	3.796988078255489452e+00	-9.846517999999999660e-01	1.339001512859304244e+00
3.277655531106221432e+00	3.796530273675970069e+00	-1.055879440000000002e+00	1.534803630862329848e+00
3.278655731146229435e+00	3.797421950737727148e+00	-1.094730879999999962e+00	1.241100453857791219e+00
3.279655931186237439e+00	3.799190253958385721e+00	-1.081780399999999975e+00	1.241100453857791219e+00
3.280656131226245442e+00	3.801426170681096117e+00	-1.029978480000000030e+00	1.404268885526979593e+00
3.281656331266253446e+00	3.802146776524970573e+00	-1.017028000000000043e+00	1.339001512859304244e+00
3.282656531306261449e+00	3.800384930575003928e+00	-1.068829919999999989e+00	1.763239435199193128e+00
3.283656731346269453e+00	3.798474769440445264e+00	-1.114156600000000052e+00	1.795873121533031025e+00
3.284656931386277456e+00	3.798446374118836122e+00	-1.133582319999999921e+00	1.534803630862329848e+00
3.285657131426285460e+00	3.799150469923869178e+00	-1.055879440000000002e+00	1.730605748865355453e+00
3.286657331466293464e+00	3.799409976943751932e+00	-1.023503240000000147e+00	1.371635199193141919e+00
3.287657531506301467e+00	3.800440984967593305e+00	-1.107681359999999948e+00	1.371635199193141919e+00
3.288657731546309471e+00	3.802257759889387412e+00	-1.081780399999999975e+00	1.534803630862329848e+00
3.289657931586317474e+00	3.802894814810138691e+00	-1.004077520000000057e+00	1.273734140191629116e+00
3.290658131626325478e+00	3.802607278847798256e+00	-1.127107080000000039e+00	1.534803630862329848e+00
3.291658331666333481e+00	3.802772073878666781e+00	-1.068829919999999989e+00	1.534803630862329848e+00
3.292658531706341485e+00	3.802680514730915284e+00	-1.017028000000000043e+00	1.632704689863842651e+00
3.293658731746349488e+00	3.801891045054822449e+00	-1.055879440000000002e+00	1.632704689863842651e+00
3.294658931786357492e+00	3.801891580473803600e+00	-1.049404199999999898e+00	1.534803630862329848e+00
3.295659131826365495e+00	3.803118181780007490e+00	-1.204809959999999958e+00	1.502169944528492396e+00
3.296659331866373499e+00	3.804042883843742562e+00	-1.153008040000000012e+00	1.534803630862329848e+00
3.297659531906381503e+00	3.804163589121575040e+00	-1.049404199999999898e+00	1.469536258194654943e+00
3.298659731946389506e+00	3.804469329329275062e+00	-9.976022799999999524e-01	1.632704689863842651e+00
3.299659931986397510e+00	3.805027562645691752e+00	-9.846517999999999660e-01	1.502169944528492396e+00
3.300660132026405069e+00	3.804777485625364886e+00	-1.114156600000000052e+00	1.730605748865355453e+00
3.301660332066413073e+00	3.803816446738639723e+00	-1.120631839999999935e+00	1.534803630862329848e+00
3.302660532106421076e+00	3.804174813223030416e+00	-1.094730879999999962e+00	1.632704689863842651e+00
3.303660732146429080e+00	3.806037391507485879e+00	-1.088255640000000080e+00	1.502169944528492396e+00
3.304660932186437083e+00	3.806646335911073376e+00	-1.165958519999999998e+00	1.502169944528492396e+00
3.305661132226445087e+00	3.805631814819640635e+00	-1.114156600000000052e+00	1.502169944528492396e+00
3.306661332266453091e+00	3.804965203633201121e+00	-1.081780399999999975e+00	1.567437317196167523e+00
3.307661532306461094e+00	3.805007974747995014e+00	-1.075305160000000093e+00	1.404268885526979593e+00
3.308661732346469098e+00	3.805889631173437149e+00	-1.036453719999999912e+00	1.730605748865355453e+00
3.309661932386477101e+00	3.807483881005971238e+00	-1.140057560000000025e+00	1.534803630862329848e+00
3.310662132426485105e+00	3.807878686218981290e+00	-1.140057560000000025e+00	1.730605748865355453e+00
3.311662332466493108e+00	3.806633970407678369e+00	-1.146532799999999908e+00	1.502169944528492396e+00
3.312662532506501112e+00	3.805892548993791369e+00	-1.133582319999999921e+00	1.404268885526979593e+00
3.313662732546509115e+00	3.806748461449851906e+00	-1.088255640000000080e+00	1.436902571860817046e+00
3.314662932586517119e+00	3.808293118430557733e+00	-1.094730879999999962e+00	1.273734140191629116e+00
3.315663132626525123e+00	3.809420492084714560e+00	-1.127107080000000039e+00	1.730605748865355453e+00
3.316663332666533126e+00	3.810093881342935251e+00	-1.256611880000000125e+00	1.306367826525466569e+00
3.317663532706541130e+00	3.810837281260636811e+00	-1.081780399999999975e+00	1.828506807866868478e+00
3.318663732746549133e+00	3.811106776739692670e+00	-1.153008040000000012e+00	1.697972062531518000e+00
3.319663932786557137e+00	3.810537136158551608e+00	-1.146532799999999908e+00	1.763239435199193128e+00
3.320664132826565140e+00	3.809919484885734509e+00	-1.172433759999999880e+00	1.697972062531518000e+00
3.321664332866573144e+00	3.809248506735398720e+00	-1.243661399999999917e+00	1.404268885526979593e+00
3.322664532906581147e+00	3.808503141743893483e+00	-1.153008040000000012e+00	1.371635199193141919e+00
3.323664732946589151e+00	3.808916874077703074e+00	-1.185384240000000089e+00	1.502169944528492396e+00
3.324664932986597154e+00	3.810661293580071884e+00	-1.198334720000000075e+00	1.077932022188603289e+00
3.325665133026605158e+00	3.812195299447030727e+00	-1.165958519999999998e+00	1.632704689863842651e+00
3.326665333066613162e+00	3.812510412582761354e+00	-1.198334720000000075e+00	1.730605748865355453e+00
3.327665533106621165e+00	3.812092554775766917e+00	-1.172433759999999880e+00	1.697972062531518000e+00
3.328665733146629169e+00	3.811802878178492726e+00	-1.081780399999999975e+00	1.926407866868381280e+00
3.329665933186637172e+00	3.811103308293762648e+00	-1.049404199999999898e+00	1.502169944528492396e+00
3.330666133226645176e+00	3.809180833022196566e+00	-1.165958519999999998e+00	1.567437317196167523e+00
3.331666333266653179e+00	3.807941622128483417e+00	-1.133582319999999921e+00	1.404268885526979593e+00
3.332666533306661183e+00	3.809729885196710075e+00	-1.204809959999999958e+00	1.339001512859304244e+00
3.333666733346669186e+00	3.812846587864500592e+00	-1.107681359999999948e+00	1.665338376197680104e+00
3.334666933386677190e+00	3.814075749885151634e+00	-1.153008040000000012e+00	1.567437317196167523e+00
3.335667133426685194e+00	3.813341853369521139e+00	-1.165958519999999998e+00	1.730605748865355453e+00
3.336667333466693197e+00	3.812542172476085511e+00	-1.042928960000000016e+00	1.828506807866868478e+00
3.337667533506701201e+00	3.812992493472204814e+00	-1.191859479999999971e+00	1.502169944528492396e+00
3.338667733546709204e+00	3.814052350522559642e+00	-1.140057560000000025e+00	1.730605748865355453e+00
3.339667933586717208e+00	3.813757031921217067e+00	-1.159483280000000116e+00	1.404268885526979593e+00
3.340668133626725211e+00	3.812379347661873474e+00	-1.127107080000000039e+00	1.632704689863842651e+00
3.341668333666733215e+00	3.812028227414073100e+00	-1.263087120000000230e+00	1.404268885526979593e+00
3.342668533706741218e+00	3.813379987910688218e+00	-1.101206119999999844e+00	1.436902571860817046e+00
3.343668733746749222e+00	3.814945672568956780e+00	-1.250136640000000021e+00	1.730605748865355453e+00
3.344668933786757226e+00	3.814903637287569094e+00	-1.153008040000000012e+00	1.730605748865355453e+00
3.345669133826765229e+00	3.814224203884460263e+00	-1.211285200000000062e+00	1.502169944528492396e+00
3.346669333866773233e+00	3.814797365935915341e+00	-1.120631839999999935e+00	1.730605748865355453e+00
3.347669533906781236e+00	3.815635570836564572e+00	-1.353740480000000357e+00	1.632704689863842651e+00
3.348669733946789240e+00	3.815584055528700613e+00	-1.153008040000000012e+00	1.567437317196167523e+00
3.349669933986797243e+00	3.815416036677259370e+00	-1.165958519999999998e+00	1.600071003530005198e+00
3.350670134026805247e+00	3.815151966472992484e+00	-1.204809959999999958e+00	1.567437317196167523e+00
3.351670334066813250e+00	3.814485519251119339e+00	-1.114156600000000052e+00	1.665338376197680104e+00
3.352670534106821254e+00	3.814448744924844537e+00	-1.049404199999999898e+00	1.665338376197680104e+00
3.353670734146829258e+00	3.815270025388043607e+00	-1.178908999999999985e+00	1.697972062531518000e+00
3.354670934186837261e+00	3.815754741549958862e+00	-1.250136640000000021e+00	1.632704689863842651e+00
3.355671134226845265e+00	3.815675283141986451e+00	-1.191859479999999971e+00	1.567437317196167523e+00
3.356671334266853268e+00	3.816149182216247659e+00	-1.107681359999999948e+00	1.534803630862329848e+00
3.357671534306861272e+00	3.817477363060626239e+00	-1.068829919999999989e+00	1.600071003530005198e+00
3.358671734346869275e+00	3.818331029602489934e+00	-1.049404199999999898e+00	1.632704689863842651e+00
3.359671934386877279e+00	3.817968601813019003e+00	-1.159483280000000116e+00	1.567437317196167523e+00
3.360672134426885282e+00	3.817390836066797632e+00	-1.107681359999999948e+00	1.534803630862329848e+00
3.361672334466893286e+00	3.817400866529373715e+00	-1.224235680000000048e+00	1.795873121533031025e+00
3.362672534506901290e+00	3.817504728175227680e+00	-1.237186160000000035e+00	1.534803630862329848e+00
3.363672734546909293e+00	3.816970617759373408e+00	-1.224235680000000048e+00	1.828506807866868478e+00
3.364672934586917297e+00	3.816088858200599176e+00	-1.178908999999999985e+00	1.534803630862329848e+00
3.365673134626925300e+00	3.815938068513675230e+00	-1.153008040000000012e+00	1.534803630862329848e+00
3.366673334666933304e+00	3.816942987071113791e+00	-1.269562360000000112e+00	1.502169944528492396e+00
3.367673534706941307e+00	3.818381835608511743e+00	-1.230710920000000153e+00	1.339001512859304244e+00
3.368673734746949311e+00	3.819088571831745327e+00	-1.146532799999999908e+00	1.697972062531518000e+00
3.369673934786957314e+00	3.818969824592976181e+00	-1.198334720000000075e+00	1.534803630862329848e+00
3.370674134826965318e+00	3.818742621275359905e+00	-1.191859479999999971e+00	1.959041553202218955e+00
3.371674334866973322e+00	3.818016256170571499e+00	-1.185384240000000089e+00	1.763239435199193128e+00
3.372674534906981325e+00	3.817000028993295047e+00	-1.114156600000000052e+00	1.828506807866868478e+00
3.373674734946989329e+00	3.817295189711449321e+00	-1.250136640000000021e+00	1.632704689863842651e+00
3.374674934986997332e+00	3.818601623513504961e+00	-1.237186160000000035e+00	1.534803630862329848e+00
3.375675135027005336e+00	3.819229735169108686e+00	-1.198334720000000075e+00	1.404268885526979593e+00
3.376675335067013339e+00	3.819098202973008505e+00	-1.172433759999999880e+00	1.632704689863842651e+00
3.377675535107021343e+00	3.819216149470581634e+00	-1.114156600000000052e+00	1.469536258194654943e+00
3.378675735147029346e+00	3.819535264274996234e+00	-1.075305160000000093e+00	1.763239435199193128e+00
3.379675935187037350e+00	3.819035829063819776e+00	-1.172433759999999880e+00	1.763239435199193128e+00
3.380676135227045354e+00	3.818089027863309504e+00	-1.172433759999999880e+00	1.763239435199193128e+00
3.381676335267053357e+00	3.817622270913313631e+00	-1.185384240000000089e+00	1.959041553202218955e+00
3.382676535307061361e+00	3.817129475302873498e+00	-1.237186160000000035e+00	1.306367826525466569e+00
3.383676735347069364e+00	3.817084030494541480e+00	-1.308413800000000071e+00	1.502169944528492396e+00
3.384676935387077368e+00	3.818478539068086874e+00	-1.301938559999999967e+00	1.436902571860817046e+00
3.385677135427085371e+00	3.820054320297940009e+00	-1.178908999999999985e+00	1.404268885526979593e+00
3.386677335467093375e+00	3.820543618765808613e+00	-1.198334720000000075e+00	1.665338376197680104e+00
3.387677535507101378e+00	3.820334285923592255e+00	-1.165958519999999998e+00	1.730605748865355453e+00
3.388677735547109382e+00	3.820185763692185432e+00	-1.204809959999999958e+00	1.665338376197680104e+00
3.389677935587117386e+00	3.819865979515629562e+00	-1.230710920000000153e+00	1.959041553202218955e+00
3.390678135627125389e+00	3.818595103576462257e+00	-1.178908999999999985e+00	1.567437317196167523e+00
3.391678335667133393e+00	3.817377719758535015e+00	-1.191859479999999971e+00	1.893774180534543827e+00
3.392678535707141396e+00	3.817624298756115309e+00	-1.204809959999999958e+00	1.469536258194654943e+00
3.393678735747149400e+00	3.818557542401271210e+00	-1.237186160000000035e+00	1.502169944528492396e+00
3.394678935787157403e+00	3.819185299784829013e+00	-1.198334720000000075e+00	1.534803630862329848e+00
3.395679135827165407e+00	3.819821354311040640e+00	-1.211285200000000062e+00	1.502169944528492396e+00
3.396679335867173410e+00	3.819990008161462836e+00	-1.146532799999999908e+00	1.697972062531518000e+00
3.397679535907181414e+00	3.818585859078513778e+00	-1.185384240000000089e+00	1.697972062531518000e+00
3.398679735947189418e+00	3.816946178592425909e+00	-1.243661399999999917e+00	1.600071003530005198e+00
3.399679935987197421e+00	3.817207819695081827e+00	-1.191859479999999971e+00	1.730605748865355453e+00
3.400680136027205425e+00	3.818513694462484231e+00	-1.191859479999999971e+00	1.371635199193141919e+00
3.401680336067213428e+00	3.819184352359367818e+00	-1.185384240000000089e+00	1.534803630862329848e+00
3.402680536107221432e+00	3.819679627680004685e+00	-1.159483280000000116e+00	1.567437317196167523e+00
3.403680736147229435e+00	3.820412171775261712e+00	-1.165958519999999998e+00	1.567437317196167523e+00
3.404680936187237439e+00	3.820316422233392295e+00	-1.185384240000000089e+00	1.632704689863842651e+00
3.405681136227245442e+00	3.819432276914311863e+00	-1.178908999999999985e+00	1.632704689863842651e+00
3.406681336267253446e+00	3.819511498844891495e+00	-1.178908999999999985e+00	1.730605748865355453e+00
3.407681536307261450e+00	3.820738404944641786e+00	-1.185384240000000089e+00	1.600071003530005198e+00
3.408681736347269453e+00	3.821195178332904341e+00	-1.165958519999999998e+00	1.697972062531518000e+00
3.409681936387277457e+00	3.820572375062576409e+00	-1.185384240000000089e+00	1.665338376197680104e+00
3.410682136427285460e+00	3.820261579092025794e+00	-1.178908999999999985e+00	1.730605748865355453e+00
3.411682336467293464e+00	3.820262426324634752e+00	-1.172433759999999880e+00	1.567437317196167523e+00
3.412682536507301467e+00	3.819997717899934919e+00	-1.172433759999999880e+00	1.697972062531518000e+00
3.413682736547309471e+00	3.819779082344739951e+00	-1.159483280000000116e+00	1.567437317196167523e+00
3.414682936587317474e+00	3.820005418003747710e+00	-1.165958519999999998e+00	1.861140494200705930e+00
3.415683136627325478e+00	3.820480028672438522e+00	-1.172433759999999880e+00	1.632704689863842651e+00
3.416683336667333482e+00	3.820223078572963615e+00	-1.153008040000000012e+00	1.730605748865355453e+00
3.417683536707341485e+00	3.819266760975752018e+00	-1.178908999999999985e+00	1.632704689863842651e+00
3.418683736747349489e+00	3.818909415053852285e+00	-1.211285200000000062e+00	1.502169944528492396e+00
3.419683936787357492e+00	3.819154577389214378e+00	-1.211285200000000062e+00	1.469536258194654943e+00
3.420684136827365496e+00	3.819882892160347598e+00	-1.172433759999999880e+00	1.371635199193141919e+00
3.421684336867373499e+00	3.821040946605130717e+00	-1.140057560000000025e+00	1.763239435199193128e+00
3.422684536907381503e+00	3.821210181049576438e+00	-1.172433759999999880e+00	1.502169944528492396e+00
3.423684736947389506e+00	3.820707535484473727e+00	-1.120631839999999935e+00	2.024308925869894082e+00
3.424684936987397510e+00	3.820636524906408038e+00	-1.172433759999999880e+00	1.893774180534543827e+00
3.425685137027405514e+00	3.819985277562630177e+00	-1.217760439999999944e+00	1.730605748865355453e+00
3.426685337067413517e+00	3.818569395726841176e+00	-1.107681359999999948e+00	1.665338376197680104e+00
3.427685537107421521e+00	3.817961392775390372e+00	-1.185384240000000089e+00	1.469536258194654943e+00
3.428685737147429524e+00	3.819000495499357051e+00	-1.185384240000000089e+00	1.241100453857791219e+00
3.429685937187437528e+00	3.820790694262232723e+00	-1.217760439999999944e+00	1.534803630862329848e+00
3.430686137227445531e+00	3.821826447763310153e+00	-1.036453719999999912e+00	1.469536258194654943e+00
3.431686337267453535e+00	3.821729523295951392e+00	-1.146532799999999908e+00	1.893774180534543827e+00
3.432686537307461538e+00	3.821166743004482225e+00	-1.165958519999999998e+00	1.959041553202218955e+00
3.433686737347469542e+00	3.820794446475626938e+00	-1.178908999999999985e+00	1.665338376197680104e+00
3.434686937387477546e+00	3.820626308433752172e+00	-1.178908999999999985e+00	1.763239435199193128e+00
3.435687137427485549e+00	3.820447945784628541e+00	-1.204809959999999958e+00	1.371635199193141919e+00
3.436687337467493553e+00	3.820346843467614217e+00	-1.211285200000000062e+00	1.600071003530005198e+00
3.437687537507501556e+00	3.820116605031466772e+00	-1.198334720000000075e+00	1.436902571860817046e+00
3.438687737547509560e+00	3.820055001545554330e+00	-1.165958519999999998e+00	1.404268885526979593e+00
3.439687937587517563e+00	3.820778439381689928e+00	-1.120631839999999935e+00	1.697972062531518000e+00
3.440688137627525567e+00	3.821249162614183792e+00	-1.146532799999999908e+00	1.534803630862329848e+00
3.441688337667533570e+00	3.820484195752998691e+00	-1.217760439999999944e+00	1.795873121533031025e+00
3.442688537707541574e+00	3.819394170703690694e+00	-1.133582319999999921e+00	1.828506807866868478e+00
3.443688737747549578e+00	3.819078756885313730e+00	-1.185384240000000089e+00	1.404268885526979593e+00
3.444688937787557581e+00	3.819293695939574906e+00	-1.120631839999999935e+00	1.600071003530005198e+00
3.445689137827565585e+00	3.819442079421410341e+00	-1.068829919999999989e+00	1.339001512859304244e+00
3.446689337867573588e+00	3.820078825575019987e+00	-9.717013200000000905e-01	1.371635199193141919e+00
3.447689537907581592e+00	3.821176649362126643e+00	-1.127107080000000039e+00	1.632704689863842651e+00
3.448689737947589595e+00	3.821323010535558673e+00	-1.191859479999999971e+00	1.600071003530005198e+00
3.449689937987597599e+00	3.820442172340173137e+00	-1.120631839999999935e+00	1.697972062531518000e+00
3.450690138027605602e+00	3.819763614575842681e+00	-1.172433759999999880e+00	1.534803630862329848e+00
3.451690338067613606e+00	3.819769042811698156e+00	-1.114156600000000052e+00	1.567437317196167523e+00
3.452690538107621609e+00	3.820348606504771372e+00	-1.140057560000000025e+00	1.567437317196167523e+00
3.453690738147629613e+00	3.821196875285020056e+00	-1.153008040000000012e+00	1.469536258194654943e+00
3.454690938187637617e+00	3.821743472610393155e+00	-1.094730879999999962e+00	1.534803630862329848e+00
3.455691138227645620e+00	3.821666564272265809e+00	-1.088255640000000080e+00	1.534803630862329848e+00
3.456691338267653624e+00	3.821152838346434599e+00	-1.153008040000000012e+00	1.371635199193141919e+00
3.457691538307661627e+00	3.820766019594949992e+00	-1.146532799999999908e+00	1.567437317196167523e+00
3.458691738347669631e+00	3.820792711534953590e+00	-1.120631839999999935e+00	1.534803630862329848e+00
3.459691938387677634e+00	3.820681466092379353e+00	-1.127107080000000039e+00	1.632704689863842651e+00
3.460692138427685638e+00	3.820198684948316270e+00	-1.049404199999999898e+00	1.567437317196167523e+00
3.461692338467693641e+00	3.820416620925376705e+00	-9.198994000000000337e-01	1.600071003530005198e+00
3.462692538507701645e+00	3.821613904990014188e+00	-9.717013200000000905e-01	1.600071003530005198e+00
3.463692738547709649e+00	3.822090245429965893e+00	-1.062354679999999885e+00	1.534803630862329848e+00
3.464692938587717652e+00	3.821243810195292578e+00	-1.185384240000000089e+00	1.469536258194654943e+00
3.465693138627725656e+00	3.820676897868132027e+00	-1.198334720000000075e+00	1.697972062531518000e+00
3.466693338667733659e+00	3.821212803492052501e+00	-1.230710920000000153e+00	1.502169944528492396e+00
3.467693538707741663e+00	3.821628870725449989e+00	-1.172433759999999880e+00	1.730605748865355453e+00
3.468693738747749666e+00	3.820932583076346312e+00	-1.081780399999999975e+00	1.534803630862329848e+00
3.469693938787757670e+00	3.819839447432992419e+00	-1.081780399999999975e+00	1.828506807866868478e+00
3.470694138827765673e+00	3.819299490554344256e+00	-1.133582319999999921e+00	1.469536258194654943e+00
3.471694338867773677e+00	3.819587749171978963e+00	-1.088255640000000080e+00	1.273734140191629116e+00
3.472694538907781681e+00	3.820178356373489681e+00	-1.055879440000000002e+00	1.502169944528492396e+00
3.473694738947789684e+00	3.820378295740906260e+00	-1.165958519999999998e+00	1.339001512859304244e+00
3.474694938987797688e+00	3.820720031129971606e+00	-1.081780399999999975e+00	1.730605748865355453e+00
3.475695139027805691e+00	3.821741202597448428e+00	-1.068829919999999989e+00	1.436902571860817046e+00
3.476695339067813695e+00	3.822445604781025352e+00	-1.055879440000000002e+00	1.861140494200705930e+00
3.477695539107821698e+00	3.821136769187971627e+00	-1.165958519999999998e+00	1.697972062531518000e+00
3.478695739147829702e+00	3.818241331557183926e+00	-1.055879440000000002e+00	1.469536258194654943e+00
3.479695939187837705e+00	3.816709619349330396e+00	-1.107681359999999948e+00	1.600071003530005198e+00
3.480696139227845709e+00	3.817487089782947596e+00	-1.042928960000000016e+00	1.371635199193141919e+00
3.481696339267853713e+00	3.818786288894550740e+00	-1.075305160000000093e+00	1.077932022188603289e+00
3.482696539307861716e+00	3.819525970213246691e+00	-9.198994000000000337e-01	1.697972062531518000e+00
3.483696739347869720e+00	3.819953331190439449e+00	-9.717013200000000905e-01	1.339001512859304244e+00
3.484696939387877723e+00	3.820592260853732380e+00	-1.068829919999999989e+00	1.730605748865355453e+00
3.485697139427885727e+00	3.820910673028325988e+00	-9.781765600000000838e-01	1.730605748865355453e+00
3.486697339467893730e+00	3.819682835449353497e+00	-1.010552759999999939e+00	1.404268885526979593e+00
3.487697539507901734e+00	3.817345001424602202e+00	-9.717013200000000905e-01	1.632704689863842651e+00
3.488697739547909737e+00	3.815709542936443377e+00	-1.062354679999999885e+00	1.175833081190116092e+00
3.489697939587917741e+00	3.816036448032439576e+00	-1.062354679999999885e+00	1.404268885526979593e+00
3.490698139627925745e+00	3.817877126811798139e+00	-1.042928960000000016e+00	1.241100453857791219e+00
3.491698339667933748e+00	3.819089885690434283e+00	-9.587508399999999931e-01	1.208466767523953767e+00
3.492698539707941752e+00	3.818881181231010835e+00	-1.023503240000000147e+00	1.534803630862329848e+00
3.493698739747949755e+00	3.818804921732029012e+00	-9.781765600000000838e-01	1.665338376197680104e+00
3.494698939787957759e+00	3.819052825139078955e+00	-9.911270399999999592e-01	1.534803630862329848e+00
3.495699139827965762e+00	3.818297623254335083e+00	-1.049404199999999898e+00	1.665338376197680104e+00
3.496699339867973766e+00	3.817018907271461092e+00	-1.004077520000000057e+00	1.339001512859304244e+00
3.497699539907981769e+00	3.816608245499687690e+00	-1.010552759999999939e+00	1.502169944528492396e+00
3.498699739947989773e+00	3.817341794550922263e+00	-9.522755999999999998e-01	1.371635199193141919e+00
3.499699939987997777e+00	3.818888256206563803e+00	-9.717013200000000905e-01	1.371635199193141919e+00
3.500700140028005780e+00	3.819947455031383665e+00	-9.587508399999999931e-01	1.534803630862329848e+00
3.501700340068013784e+00	3.819442901168006888e+00	-1.023503240000000147e+00	1.534803630862329848e+00
3.502700540108021787e+00	3.818208647176940307e+00	-9.976022799999999524e-01	1.567437317196167523e+00
3.503700740148029791e+00	3.817180442411950203e+00	-9.911270399999999592e-01	1.469536258194654943e+00
3.504700940188037794e+00	3.816835924094568622e+00	-1.049404199999999898e+00	1.469536258194654943e+00
3.505701140228045798e+00	3.816818863108929705e+00	-9.393251199999999024e-01	1.404268885526979593e+00
3.506701340268053801e+00	3.815938449854936909e+00	-9.328498800000000202e-01	1.339001512859304244e+00
3.507701540308061805e+00	3.815396309674017772e+00	-9.846517999999999660e-01	1.436902571860817046e+00
3.508701740348069809e+00	3.816841530366004598e+00	-9.198994000000000337e-01	1.436902571860817046e+00
3.509701940388077812e+00	3.818438721577418704e+00	-9.911270399999999592e-01	1.306367826525466569e+00
3.510702140428085816e+00	3.818175009548319121e+00	-9.263746400000000270e-01	1.502169944528492396e+00
3.511702340468093819e+00	3.816661201329583530e+00	-9.458003599999998956e-01	1.502169944528492396e+00
3.512702540508101823e+00	3.815125541952452792e+00	-9.069489200000000473e-01	1.404268885526979593e+00
3.513702740548109826e+00	3.814247645754753613e+00	-9.328498800000000202e-01	1.241100453857791219e+00
3.514702940588117830e+00	3.814525404318071189e+00	-1.036453719999999912e+00	1.436902571860817046e+00
3.515703140628125833e+00	3.815452101713914690e+00	-9.587508399999999931e-01	1.273734140191629116e+00
3.516703340668133837e+00	3.815321209711143968e+00	-9.846517999999999660e-01	1.436902571860817046e+00
3.517703540708141841e+00	3.813984343253256970e+00	-9.263746400000000270e-01	1.208466767523953767e+00
3.518703740748149844e+00	3.813655581276693685e+00	-8.357212800000000108e-01	1.567437317196167523e+00
3.519703940788157848e+00	3.814895594619081898e+00	-7.774441199999999608e-01	1.371635199193141919e+00
3.520704140828165851e+00	3.815326347621492253e+00	-8.421965199999998930e-01	1.600071003530005198e+00
3.521704340868173855e+00	3.814241266604270209e+00	-8.939984399999999498e-01	1.241100453857791219e+00
3.522704540908181858e+00	3.813658221426115880e+00	-8.421965199999998930e-01	1.436902571860817046e+00
3.523704740948189862e+00	3.813910561607835703e+00	-7.903945999999999472e-01	1.143199394856278639e+00
3.524704940988197865e+00	3.813632657954870275e+00	-7.515431599999999879e-01	1.110565708522440964e+00
3.525705141028205869e+00	3.813203697881772491e+00	-9.134241599999999295e-01	1.143199394856278639e+00
3.526705341068213873e+00	3.813781454117979308e+00	-8.939984399999999498e-01	1.110565708522440964e+00
3.527705541108221876e+00	3.814430163515106553e+00	-8.227708000000000244e-01	1.534803630862329848e+00
3.528705741148229436e+00	3.813750596040440755e+00	-7.839193599999999540e-01	1.371635199193141919e+00
3.529705941188237439e+00	3.812796366020386518e+00	-7.903945999999999472e-01	1.600071003530005198e+00
3.530706141228245443e+00	3.812114237482819412e+00	-9.458003599999998956e-01	1.502169944528492396e+00
3.531706341268253446e+00	3.810500064767063044e+00	-9.069489200000000473e-01	1.175833081190116092e+00
3.532706541308261450e+00	3.809417915458038983e+00	-9.458003599999998956e-01	1.143199394856278639e+00
3.533706741348269453e+00	3.810857272044058330e+00	-9.004736800000000541e-01	1.110565708522440964e+00
3.534706941388277457e+00	3.813014163856550010e+00	-8.033450799999999337e-01	9.473972768532528121e-01
3.535707141428285460e+00	3.813519395925022870e+00	-8.875231999999999566e-01	1.273734140191629116e+00
3.536707341468293464e+00	3.812532814947405591e+00	-8.745727199999999701e-01	1.306367826525466569e+00
3.537707541508301468e+00	3.811407487670028349e+00	-7.968698400000000515e-01	1.469536258194654943e+00
3.538707741548309471e+00	3.810988304573891927e+00	-7.709688800000000786e-01	1.534803630862329848e+00
3.539707941588317475e+00	3.811380548160592685e+00	-8.292460400000000176e-01	1.273734140191629116e+00
3.540708141628325478e+00	3.811536805995549226e+00	-7.644936400000000853e-01	1.567437317196167523e+00
3.541708341668333482e+00	3.810308671752725918e+00	-8.162955600000000311e-01	8.494962178517398987e-01
3.542708541708341485e+00	3.808953952409249943e+00	-8.486717599999999972e-01	1.045298335854765615e+00
3.543708741748349489e+00	3.809239670840526060e+00	-8.098203199999999269e-01	1.241100453857791219e+00
3.544708941788357492e+00	3.810520885627469045e+00	-7.968698400000000515e-01	1.045298335854765615e+00
3.545709141828365496e+00	3.810871064712501255e+00	-8.162955600000000311e-01	1.404268885526979593e+00
3.546709341868373500e+00	3.809556627913543103e+00	-7.191669600000000218e-01	1.436902571860817046e+00
3.547709541908381503e+00	3.808006190401940660e+00	-8.292460400000000176e-01	1.175833081190116092e+00
3.548709741948389507e+00	3.807084397539920673e+00	-7.450679199999999947e-01	1.436902571860817046e+00
3.549709941988397510e+00	3.806000578366065312e+00	-7.191669600000000218e-01	9.147635905194151373e-01
3.550710142028405514e+00	3.805318573468311261e+00	-7.839193599999999540e-01	1.175833081190116092e+00
3.551710342068413517e+00	3.805844727154212848e+00	-6.997412400000000421e-01	1.110565708522440964e+00
3.552710542108421521e+00	3.806676772253402952e+00	-7.644936400000000853e-01	1.077932022188603289e+00
3.553710742148429524e+00	3.807112735601462461e+00	-7.644936400000000853e-01	1.175833081190116092e+00
3.554710942188437528e+00	3.806984247053426085e+00	-7.191669600000000218e-01	1.208466767523953767e+00
3.555711142228445532e+00	3.806351379568782001e+00	-6.608898000000000827e-01	1.306367826525466569e+00
3.556711342268453535e+00	3.805453910327937006e+00	-6.867907599999999446e-01	1.273734140191629116e+00
3.557711542308461539e+00	3.804633374738392249e+00	-7.709688800000000786e-01	1.175833081190116092e+00
3.558711742348469542e+00	3.805128546152278801e+00	-7.515431599999999879e-01	1.208466767523953767e+00
3.559711942388477546e+00	3.806502850024838569e+00	-7.515431599999999879e-01	1.143199394856278639e+00
3.560712142428485549e+00	3.806102001642106991e+00	-8.033450799999999337e-01	1.045298335854765615e+00
3.561712342468493553e+00	3.804531202005382085e+00	-8.033450799999999337e-01	1.077932022188603289e+00
3.562712542508501556e+00	3.804768410028148029e+00	-7.062164799999999243e-01	1.110565708522440964e+00
3.563712742548509560e+00	3.806128060536972502e+00	-6.738402799999999582e-01	1.175833081190116092e+00
3.564712942588517564e+00	3.805942016212978452e+00	-6.803155199999999514e-01	1.143199394856278639e+00
3.565713142628525567e+00	3.804373045375975870e+00	-6.479393199999999853e-01	1.143199394856278639e+00
3.566713342668533571e+00	3.803579392437433704e+00	-6.090878800000000259e-01	1.110565708522440964e+00
3.567713542708541574e+00	3.804942723511664404e+00	-6.803155199999999514e-01	1.077932022188603289e+00
3.568713742748549578e+00	3.807381619177300003e+00	-6.479393199999999853e-01	1.143199394856278639e+00
3.569713942788557581e+00	3.807461447007880029e+00	-6.155631200000000192e-01	1.110565708522440964e+00
3.570714142828565585e+00	3.804494346540917338e+00	-6.997412400000000421e-01	1.012664649520927940e+00
3.571714342868573588e+00	3.802652048483209590e+00	-5.378602399999999895e-01	1.306367826525466569e+00
3.572714542908581592e+00	3.803797713311560802e+00	-6.220383600000000124e-01	1.077932022188603289e+00
3.573714742948589596e+00	3.804735408668787677e+00	-7.126917200000000285e-01	1.273734140191629116e+00
3.574714942988597599e+00	3.803337586455255437e+00	-6.090878800000000259e-01	8.821299041855775735e-01
3.575715143028605603e+00	3.801226423229341567e+00	-6.803155199999999514e-01	9.147635905194151373e-01
3.576715343068613606e+00	3.800940492813351224e+00	-7.903945999999999472e-01	9.473972768532528121e-01
3.577715543108621610e+00	3.802633511653165765e+00	-6.479393199999999853e-01	7.842288451840646601e-01
3.578715743148629613e+00	3.804074205502898653e+00	-5.961373999999999285e-01	1.012664649520927940e+00
3.579715943188637617e+00	3.804390809988626998e+00	-5.961373999999999285e-01	8.494962178517398987e-01
3.580716143228645620e+00	3.804396131604923070e+00	-4.666325999999999530e-01	1.404268885526979593e+00
3.581716343268653624e+00	3.804148907570217730e+00	-5.572859600000000802e-01	1.208466767523953767e+00
3.582716543308661628e+00	3.803512639452579336e+00	-6.220383600000000124e-01	1.175833081190116092e+00
3.583716743348669631e+00	3.802170312885470693e+00	-5.767116799999999488e-01	1.143199394856278639e+00
3.584716943388677635e+00	3.800128111965916045e+00	-5.184345200000000098e-01	8.821299041855775735e-01
3.585717143428685638e+00	3.799229385674702808e+00	-5.831869200000000530e-01	8.821299041855775735e-01
3.586717343468693642e+00	3.800409883291487656e+00	-4.666325999999999530e-01	8.494962178517398987e-01
3.587717543508701645e+00	3.802126435026657703e+00	-5.961373999999999285e-01	7.515951588502269853e-01
3.588717743548709649e+00	3.802940138254588653e+00	-5.702364399999999556e-01	1.273734140191629116e+00
3.589717943588717652e+00	3.802739463863354263e+00	-5.054840400000000233e-01	9.473972768532528121e-01
3.590718143628725656e+00	3.802531234888072209e+00	-4.731078399999999462e-01	1.273734140191629116e+00
3.591718343668733660e+00	3.802855084930180318e+00	-5.313849999999999962e-01	1.339001512859304244e+00
3.592718543708741663e+00	3.802454400124069878e+00	-3.759792400000000478e-01	8.168625315179022239e-01
3.593718743748749667e+00	3.800711974262654280e+00	-5.443354799999999827e-01	9.800309631870904870e-01
3.594718943788757670e+00	3.799142534925251891e+00	-5.313849999999999962e-01	3.599909228441755538e-01
3.595719143828765674e+00	3.799236974893196450e+00	-4.860583200000000437e-01	7.515951588502269853e-01
3.596719343868773677e+00	3.800690741425023944e+00	-4.666325999999999530e-01	8.821299041855775735e-01
3.597719543908781681e+00	3.801866527478773072e+00	-3.177020799999999978e-01	9.800309631870904870e-01
3.598719743948789684e+00	3.801404211064171701e+00	-5.054840400000000233e-01	1.175833081190116092e+00
3.599719943988797688e+00	3.799273187352953496e+00	-4.601573600000000153e-01	1.045298335854765615e+00
3.600720144028805692e+00	3.797247897589248300e+00	-4.536821200000000776e-01	9.800309631870904870e-01
3.601720344068813695e+00	3.797149277784630961e+00	-5.054840400000000233e-01	1.012664649520927940e+00
3.602720544108821699e+00	3.798054356763281181e+00	-2.788506400000000385e-01	6.210604135148766192e-01
3.603720744148829702e+00	3.798268033012597300e+00	-3.500782800000000750e-01	9.147635905194151373e-01
3.604720944188837706e+00	3.798208270623877336e+00	-4.860583200000000437e-01	7.189614725163894215e-01
3.605721144228845709e+00	3.798697543792342035e+00	-3.565535200000000127e-01	6.863277861825517467e-01
3.606721344268853713e+00	3.798987394575877641e+00	-2.788506400000000385e-01	9.473972768532528121e-01
3.607721544308861716e+00	3.798347145605389219e+00	-3.500782800000000750e-01	7.842288451840646601e-01
3.608721744348869720e+00	3.797504158722761591e+00	-4.601573600000000153e-01	9.800309631870904870e-01
3.609721944388877723e+00	3.796674602227880335e+00	-3.824544800000000411e-01	9.800309631870904870e-01
3.610722144428885727e+00	3.795588184731017556e+00	-3.759792400000000478e-01	7.515951588502269853e-01
3.611722344468893731e+00	3.795351284661703684e+00	-3.436030400000000262e-01	8.168625315179022239e-01
3.612722544508901734e+00	3.796021933086549005e+00	-3.306525599999999843e-01	6.863277861825517467e-01
3.613722744548909738e+00	3.795763823707699380e+00	-4.731078399999999462e-01	5.884267271810389444e-01
3.614722944588917741e+00	3.794499061515233418e+00	-3.695039999999999436e-01	7.842288451840646601e-01
3.615723144628925745e+00	3.793775551568030924e+00	-3.565535200000000127e-01	7.842288451840646601e-01
3.616723344668933748e+00	3.794002632859025947e+00	-2.529496800000000101e-01	8.821299041855775735e-01
3.617723544708941752e+00	3.794420024771737232e+00	-2.918011200000000249e-01	8.168625315179022239e-01
3.618723744748949755e+00	3.794322299218233052e+00	-2.853258800000000317e-01	7.189614725163894215e-01
3.619723944788957759e+00	3.794214168548907917e+00	-2.918011200000000249e-01	7.189614725163894215e-01
3.620724144828965763e+00	3.794573440578939749e+00	-3.177020799999999978e-01	7.515951588502269853e-01
3.621724344868973766e+00	3.793968477252310567e+00	-2.335239600000000026e-01	6.536940998487140719e-01
3.622724544908981770e+00	3.791910570625624644e+00	-1.428706000000000143e-01	6.210604135148766192e-01
3.623724744948989773e+00	3.790630348675501526e+00	-1.363953600000000210e-01	6.210604135148766192e-01
3.624724944988997777e+00	3.790909540387405130e+00	-1.752468000000000081e-01	7.842288451840646601e-01
3.625725145029005780e+00	3.790832281116076174e+00	-2.205734800000000162e-01	6.536940998487140719e-01
3.626725345069013784e+00	3.789542326611597733e+00	-2.335239600000000026e-01	8.821299041855775735e-01
3.627725545109021787e+00	3.787940682470219311e+00	-1.752468000000000081e-01	5.557930408472013806e-01
3.628725745149029791e+00	3.787037663486485517e+00	-1.169696400000000136e-01	6.863277861825517467e-01
3.629725945189037795e+00	3.787524877877515017e+00	-1.622963199999999939e-01	5.231593545133637058e-01
3.630726145229045798e+00	3.789214813705173324e+00	-1.558210800000000007e-01	2.947235501765002597e-01
3.631726345269053802e+00	3.790402237789986195e+00	-1.299201200000000000e-01	7.515951588502269853e-01
3.632726545309061805e+00	3.789529196106472764e+00	-1.428706000000000143e-01	4.578919818456884672e-01
3.633726745349069809e+00	3.787771925215652757e+00	7.728756000000000514e-02	8.494962178517398987e-01
3.634726945389077812e+00	3.787138462339724398e+00	-1.040191599999999994e-01	9.473972768532528121e-01
3.635727145429085816e+00	3.787294753871259356e+00	-1.558210800000000007e-01	7.515951588502269853e-01
3.636727345469093819e+00	3.786950440231128034e+00	-1.104944000000000065e-01	6.210604135148766192e-01
3.637727545509101823e+00	3.786097251072996439e+00	-2.631628000000000439e-02	4.252582955118507924e-01
3.638727745549109827e+00	3.785451174070230351e+00	4.491135999999999739e-02	4.578919818456884672e-01
3.639727945589117830e+00	3.785395884908266506e+00	-3.279152000000000455e-02	3.926246091780131731e-01
3.640728145629125834e+00	3.786271238845515530e+00	-1.363953600000000210e-01	9.892143217347457163e-02
3.641728345669133837e+00	3.787456162975428864e+00	-7.164296000000000553e-02	8.168625315179022239e-01
3.642728545709141841e+00	3.787031893504053226e+00	-1.984104000000000423e-02	6.536940998487140719e-01
3.643728745749149844e+00	3.784995770465756415e+00	6.059919999999996421e-03	6.536940998487140719e-01
3.644728945789157848e+00	3.783320611637281061e+00	7.728756000000000514e-02	7.515951588502269853e-01
3.645729145829165851e+00	3.782643449718972928e+00	-5.221724000000000504e-02	3.273572365103378790e-01
3.646729345869173855e+00	3.782246051572888401e+00	1.901039999999999675e-02	4.252582955118507924e-01
3.647729545909181859e+00	3.781654302682074142e+00	5.786183999999999772e-02	1.968224911749873740e-01
3.648729745949189862e+00	3.781532073237706015e+00	-3.926676000000000472e-02	2.294561775088249655e-01
3.649729945989197866e+00	3.782414306781417768e+00	4.491135999999999739e-02	6.210604135148766192e-01
3.650730146029205869e+00	3.782708726163845903e+00	1.901039999999999675e-02	3.273572365103378790e-01
3.651730346069213873e+00	3.781352495511867584e+00	-4.153200000000037417e-04	4.905256681795260310e-01
3.652730546109221876e+00	3.779708208661664681e+00	6.433707999999999094e-02	6.536940998487140719e-01
3.653730746149229880e+00	3.778599804731123335e+00	1.744161599999999868e-01	1.968224911749873740e-01
3.654730946189237883e+00	3.778134841291470813e+00	2.197428399999999948e-01	5.557930408472013806e-01
3.655731146229245887e+00	3.778614296657870852e+00	1.096637599999999990e-01	1.968224911749873740e-01
3.656731346269253891e+00	3.778866586996634691e+00	7.728756000000000514e-02	2.620898638426626404e-01
3.657731546309261894e+00	3.777934614158645843e+00	1.485152000000000139e-01	1.641888048411497825e-01
3.658731746349269898e+00	3.777722190995584484e+00	1.614656800000000003e-01	2.947235501765002597e-01
3.659731946389277901e+00	3.779489150937638708e+00	-9.754392000000000618e-02	4.578919818456884672e-01
3.660732146429285905e+00	3.780511399577241693e+00	1.549904400000000071e-01	4.252582955118507924e-01
3.661732346469293908e+00	3.778368811631737767e+00	1.614656800000000003e-01	3.273572365103378790e-01
3.662732546509301912e+00	3.774956809246790446e+00	1.420399599999999929e-01	3.599909228441755538e-01
3.663732746549309915e+00	3.773500045529709190e+00	2.132676000000000016e-01	2.620898638426626404e-01
3.664732946589317919e+00	3.774549991742648380e+00	1.938418799999999942e-01	2.620898638426626404e-01
3.665733146629325923e+00	3.776233252262068518e+00	1.744161599999999868e-01	2.294561775088249655e-01
3.666733346669333926e+00	3.776690999088861744e+00	1.679409199999999935e-01	1.315551185073121632e-01
3.667733546709341930e+00	3.775575398558257856e+00	1.808914000000000077e-01	2.947235501765002597e-01
3.668733746749349933e+00	3.774288037674166763e+00	2.326933200000000090e-01	1.968224911749873740e-01
3.669733946789357937e+00	3.774280247759149720e+00	2.262180799999999881e-01	4.252582955118507924e-01
3.670734146829365940e+00	3.774855822797945404e+00	3.168714400000000042e-01	2.294561775088249655e-01
3.671734346869373944e+00	3.774345451958908360e+00	2.844952399999999826e-01	2.620898638426626404e-01
3.672734546909381947e+00	3.773015718040098498e+00	2.585942800000000097e-01	1.968224911749873740e-01
3.673734746949389951e+00	3.772740311269855429e+00	3.557228800000000746e-01	1.641888048411497825e-01
3.674734946989397955e+00	3.773452296304963482e+00	3.816238400000000475e-01	1.968224911749873740e-01
3.675735147029405958e+00	3.773106041475843941e+00	3.816238400000000475e-01	2.294561775088249655e-01
3.676735347069413962e+00	3.771836576043746891e+00	3.621981200000000678e-01	1.315551185073121632e-01
3.677735547109421965e+00	3.771680445499096201e+00	3.039209600000000178e-01	2.947235501765002597e-01
3.678735747149429969e+00	3.772730765047482393e+00	3.945743200000000339e-01	1.020373171961676869e-03
3.679735947189437972e+00	3.773177447714637367e+00	2.974457200000000245e-01	1.968224911749873740e-01
3.680736147229445976e+00	3.772326773005765688e+00	4.463762399999999797e-01	1.020373171961676869e-03
3.681736347269453979e+00	3.771475518407228833e+00	3.233466799999999974e-01	-3.161331316187596802e-02
3.682736547309461983e+00	3.771347469962722965e+00	3.751485999999999432e-01	-9.688068582955121355e-02
3.683736747349469987e+00	3.770990182307566663e+00	4.658019600000000704e-01	-1.621480584972264660e-01
3.684736947389477990e+00	3.770100081393865210e+00	4.463762399999999797e-01	1.315551185073121632e-01
3.685737147429485994e+00	3.769749640203855279e+00	3.686733600000000055e-01	-1.621480584972264660e-01
3.686737347469493997e+00	3.770200161551355844e+00	3.362971600000000394e-01	3.599909228441755538e-01
3.687737547509502001e+00	3.770151030056954955e+00	4.334257600000001043e-01	2.294561775088249655e-01
3.688737747549510004e+00	3.769174358315525719e+00	4.852276800000000501e-01	9.892143217347457163e-02
3.689737947589518008e+00	3.768146877612201351e+00	5.305543600000000026e-01	1.315551185073121632e-01
3.690738147629526011e+00	3.766865543274315442e+00	4.528514799999999729e-01	-1.621480584972264660e-01
3.691738347669534015e+00	3.765552360119835296e+00	3.751485999999999432e-01	-3.579501765002521818e-01
3.692738547709542019e+00	3.765853483589880479e+00	4.463762399999999797e-01	-9.688068582955121355e-02
3.693738747749550022e+00	3.767232864351255817e+00	5.758810400000000662e-01	-2.600491174987393794e-01
3.694738947789558026e+00	3.767543813298737554e+00	6.147324800000000256e-01	1.020373171961676869e-03
3.695739147829566029e+00	3.766435199894054620e+00	6.730096400000000756e-01	9.892143217347457163e-02
3.696739347869574033e+00	3.765104738168993492e+00	6.989106000000000485e-01	1.020373171961676869e-03
3.697739547909582036e+00	3.764522549826625486e+00	5.758810400000000662e-01	1.968224911749873740e-01
3.698739747949590040e+00	3.764667172360679714e+00	6.341582000000000052e-01	-4.558512355017650397e-01
3.699739947989598043e+00	3.765087138670221822e+00	6.406334400000001095e-01	-3.161331316187596802e-02
3.700740148029606047e+00	3.765549865190955359e+00	5.953067600000000459e-01	-3.253164901664145625e-01
3.701740348069614051e+00	3.766121321965679503e+00	5.564553199999999755e-01	-3.579501765002521818e-01
3.702740548109622054e+00	3.766545762026708211e+00	5.629305600000000798e-01	-3.161331316187596802e-02
3.703740748149630058e+00	3.766042476788296511e+00	6.276829600000000120e-01	-1.947817448310640853e-01
3.704740948189638061e+00	3.764705820761133470e+00	6.794848799999999578e-01	-9.688068582955121355e-02
3.705741148229646065e+00	3.763808653697400253e+00	7.377620400000000078e-01	3.365405950579927752e-02
3.706741348269654068e+00	3.763876950930519438e+00	7.442372800000001121e-01	-2.600491174987393794e-01
3.707741548309662072e+00	3.763908750542242387e+00	6.600591600000000891e-01	1.020373171961676869e-03
3.708741748349670075e+00	3.763162912310948460e+00	7.118610800000001460e-01	-3.253164901664145625e-01
3.709741948389678079e+00	3.762196570844608345e+00	7.118610800000001460e-01	-3.905838628340898566e-01
3.710742148429686083e+00	3.761585170420028934e+00	7.701382400000000850e-01	-2.600491174987393794e-01
3.711742348469694086e+00	3.761496931597254623e+00	7.442372800000001121e-01	-3.253164901664145625e-01
3.712742548509702090e+00	3.761729395226673045e+00	6.730096400000000756e-01	-3.161331316187596802e-02
3.713742748549710093e+00	3.761552458769920282e+00	7.766134800000000782e-01	-2.600491174987393794e-01
3.714742948589718097e+00	3.760769077417989603e+00	8.284154000000000240e-01	-2.274154311649017046e-01
3.715743148629726100e+00	3.759409868691664158e+00	7.895639599999999536e-01	-2.274154311649017046e-01
3.716743348669734104e+00	3.758023205164744418e+00	8.413658800000000104e-01	-4.558512355017650397e-01
3.717743548709742107e+00	3.757991839680744572e+00	8.866925599999999630e-01	-3.579501765002521818e-01
3.718743748749750111e+00	3.758731647895497296e+00	8.543163600000001079e-01	-3.905838628340898566e-01
3.719743948789758115e+00	3.758606338666079072e+00	8.931677999999999562e-01	-5.211186081694403338e-01
3.720744148829766118e+00	3.758063219194097027e+00	9.190687600000001511e-01	-3.905838628340898566e-01
3.721744348869774122e+00	3.758010084624736624e+00	7.571877599999999875e-01	-4.232175491679274204e-01
3.722744548909782125e+00	3.758019926952265166e+00	8.931677999999999562e-01	-2.926828038325769432e-01
3.723744748949790129e+00	3.757627688167974433e+00	9.773459200000000902e-01	-3.253164901664145625e-01
3.724744948989798132e+00	3.757275398244916520e+00	9.125935200000000469e-01	-4.884849218356027145e-01
3.725745149029806136e+00	3.757172899230412533e+00	9.449697200000000130e-01	-3.905838628340898566e-01
3.726745349069814139e+00	3.756767730151620910e+00	9.061182800000000537e-01	-3.905838628340898566e-01
3.727745549109822143e+00	3.756102252163190602e+00	9.902964000000000766e-01	-5.211186081694403338e-01
3.728745749149830147e+00	3.755540134839521649e+00	9.125935200000000469e-01	-4.884849218356027145e-01
3.729745949189838150e+00	3.754617369205389465e+00	9.125935200000000469e-01	-4.232175491679274204e-01
3.730746149229846154e+00	3.753377109646974574e+00	9.902964000000000766e-01	-4.232175491679274204e-01
3.731746349269854157e+00	3.752888338001234558e+00	1.035623080000000140e+00	-5.863859808371156834e-01
3.732746549309862161e+00	3.753364813806566058e+00	9.320192400000000266e-01	-2.926828038325769432e-01
3.733746749349870164e+00	3.753874787595657292e+00	1.126276440000000045e+00	-6.842870398386284858e-01
3.734746949389878168e+00	3.753928903181827259e+00	1.022672600000000154e+00	-7.169207261724660496e-01
3.735747149429886171e+00	3.753866898382625994e+00	1.061524040000000113e+00	-3.905838628340898566e-01
3.736747349469894175e+00	3.753902084490143842e+00	1.139226920000000032e+00	-8.474554715078166378e-01
3.737747549509902178e+00	3.753764139496260199e+00	1.080949760000000204e+00	-4.232175491679274204e-01
3.738747749549910182e+00	3.753498907264983142e+00	1.171603120000000109e+00	-7.495544125063037244e-01
3.739747949589918186e+00	3.753552226597617114e+00	1.080949760000000204e+00	-2.926828038325769432e-01
3.740748149629926189e+00	3.753435723018024639e+00	1.165127880000000005e+00	-3.579501765002521818e-01
3.741748349669934193e+00	3.752417396586235299e+00	1.145702159999999914e+00	-6.516533535047908110e-01
3.742748549709942196e+00	3.750872584005457533e+00	1.288157439999999765e+00	-6.190196671709531362e-01
3.743748749749950200e+00	3.749402024394723920e+00	1.365860319999999906e+00	-8.474554715078166378e-01
3.744748949789958203e+00	3.748751138300544739e+00	1.152177400000000018e+00	-9.127228441754917654e-01
3.745749149829966207e+00	3.749392912668167099e+00	1.210454560000000068e+00	-6.516533535047908110e-01
3.746749349869974210e+00	3.750661264664673755e+00	1.191028839999999978e+00	-8.148217851739789630e-01
3.747749549909982214e+00	3.751626599789147587e+00	1.314058399999999960e+00	-4.558512355017650397e-01
3.748749749949990218e+00	3.751358217343245371e+00	1.281682200000000105e+00	-4.884849218356027145e-01
3.749749949989998221e+00	3.749942564808005141e+00	1.288157439999999765e+00	-7.169207261724660496e-01
3.750750150030006225e+00	3.748611796627171255e+00	1.281682200000000105e+00	-4.232175491679274204e-01
3.751750350070014228e+00	3.747776822415437081e+00	1.236355520000000041e+00	-1.043257589510842243e+00
3.752750550110022232e+00	3.747666259647645326e+00	1.191028839999999978e+00	-9.127228441754917654e-01
3.753750750150030235e+00	3.748237269444197661e+00	1.268731720000000118e+00	-8.474554715078166378e-01
3.754750950190038239e+00	3.748558703372041112e+00	1.255781239999999910e+00	-9.779902168431670040e-01
3.755751150230045798e+00	3.748476685094073613e+00	1.327008879999999946e+00	-7.495544125063037244e-01
3.756751350270053802e+00	3.748331355154544742e+00	1.372335560000000010e+00	-7.495544125063037244e-01
3.757751550310061806e+00	3.748252455025801400e+00	1.391761279999999878e+00	-6.516533535047908110e-01
3.758751750350069809e+00	3.747966645305257138e+00	1.365860319999999906e+00	-4.232175491679274204e-01
3.759751950390077813e+00	3.746849353495947721e+00	1.508315599999999979e+00	-1.108524962178517592e+00
3.760752150430085816e+00	3.745364120039261113e+00	1.359385079999999801e+00	-8.148217851739789630e-01
3.761752350470093820e+00	3.744619572155031051e+00	1.346434599999999815e+00	-1.010623903177004790e+00
3.762752550510101823e+00	3.745453228316992345e+00	1.424137479999999734e+00	-1.043257589510842243e+00
3.763752750550109827e+00	3.747692385712202423e+00	1.430612719999999838e+00	-8.800891578416540906e-01
3.764752950590117830e+00	3.749193814776341949e+00	1.372335560000000010e+00	-9.453565305093293292e-01
3.765753150630125834e+00	3.748212394307493422e+00	1.450038439999999929e+00	-8.148217851739789630e-01
3.766753350670133837e+00	3.745897362629527549e+00	1.443563199999999824e+00	-8.800891578416540906e-01
3.767753550710141841e+00	3.744528595468182175e+00	1.288157439999999765e+00	-8.474554715078166378e-01
3.768753750750149845e+00	3.744372025023791739e+00	1.553642280000000042e+00	-9.779902168431670040e-01
3.769753950790157848e+00	3.744366138732137639e+00	1.443563199999999824e+00	-1.043257589510842243e+00
3.770754150830165852e+00	3.744275171356972187e+00	1.424137479999999734e+00	-1.043257589510842243e+00
3.771754350870173855e+00	3.744006545408495423e+00	1.521266079999999965e+00	-1.108524962178517592e+00
3.772754550910181859e+00	3.743872564674006753e+00	1.527741319999999847e+00	-1.043257589510842243e+00
3.773754750950189862e+00	3.744653851226654950e+00	1.501840359999999874e+00	-1.075891275844679917e+00
3.774754950990197866e+00	3.745548703008753755e+00	1.631345159999999739e+00	-1.043257589510842243e+00
3.775755151030205869e+00	3.745311386790695529e+00	1.495365119999999770e+00	-9.127228441754917654e-01
3.776755351070213873e+00	3.744258033981941569e+00	1.514790839999999861e+00	-1.043257589510842243e+00
3.777755551110221877e+00	3.743227933877900426e+00	1.560117519999999924e+00	-1.141158648512355045e+00
3.778755751150229880e+00	3.742798710939231110e+00	1.631345159999999739e+00	-1.043257589510842243e+00
3.779755951190237884e+00	3.743362139772445030e+00	1.592493720000000001e+00	-1.141158648512355045e+00
3.780756151230245887e+00	3.744481763923609208e+00	1.547167039999999716e+00	-1.141158648512355045e+00
3.781756351270253891e+00	3.744640357317974289e+00	1.573067999999999911e+00	-9.779902168431670040e-01
3.782756551310261894e+00	3.743369967928881881e+00	1.624869920000000079e+00	-1.141158648512355045e+00
3.783756751350269898e+00	3.742691334159343075e+00	1.631345159999999739e+00	-1.108524962178517592e+00
3.784756951390277901e+00	3.743339558333644401e+00	1.611919440000000092e+00	-1.206426021180030395e+00
3.785757151430285905e+00	3.743070990407159293e+00	1.657246119999999934e+00	-1.108524962178517592e+00
3.786757351470293909e+00	3.741288390180321333e+00	1.618394679999999752e+00	-1.434861825516893896e+00
3.787757551510301912e+00	3.740233009789285745e+00	1.715523279999999984e+00	-1.369594452849218325e+00
3.788757751550309916e+00	3.741080477247446634e+00	1.760849959999999825e+00	-1.336960766515380872e+00
3.789757951590317919e+00	3.742663194940921034e+00	1.689622319999999789e+00	-1.467495511850731349e+00
3.790758151630325923e+00	3.743542767568145191e+00	1.611919440000000092e+00	-9.127228441754917654e-01
3.791758351670333926e+00	3.743465396097030329e+00	1.728473759999999970e+00	-1.173792334846192720e+00
3.792758551710341930e+00	3.743194980884616552e+00	1.663721360000000038e+00	-9.453565305093293292e-01
3.793758751750349933e+00	3.742912847447698699e+00	1.689622319999999789e+00	-9.453565305093293292e-01
3.794758951790357937e+00	3.741983055235218902e+00	1.696097560000000115e+00	-1.271693393847705744e+00
3.795759151830365941e+00	3.741244161038230320e+00	1.657246119999999934e+00	-1.304327080181543197e+00
3.796759351870373944e+00	3.742075196946300863e+00	1.747899480000000061e+00	-1.402228139183055999e+00
3.797759551910381948e+00	3.743445273845676269e+00	1.819127120000000097e+00	-1.663297629853757176e+00
3.798759751950389951e+00	3.743570627759078118e+00	1.832077599999999862e+00	-1.075891275844679917e+00
3.799759951990397955e+00	3.742779903998773694e+00	1.786750920000000020e+00	-1.402228139183055999e+00
3.800760152030405958e+00	3.742033100040163429e+00	1.799701400000000007e+00	-1.075891275844679917e+00
3.801760352070413962e+00	3.741225588553267478e+00	1.838552839999999744e+00	-1.010623903177004790e+00
3.802760552110421965e+00	3.740562925812308315e+00	1.812651879999999993e+00	-1.369594452849218325e+00
3.803760752150429969e+00	3.740344230484897281e+00	1.845028079999999848e+00	-1.108524962178517592e+00
3.804760952190437973e+00	3.740048878310043623e+00	1.890354760000000134e+00	-1.565396570852244151e+00
3.805761152230445976e+00	3.739659495471792550e+00	1.845028079999999848e+00	-1.467495511850731349e+00
3.806761352270453980e+00	3.739585204972265320e+00	1.806176639999999889e+00	-1.500129198184569024e+00
3.807761552310461983e+00	3.739631131039571788e+00	1.909780479999999780e+00	-1.532762884518406477e+00
3.808761752350469987e+00	3.739535870781719673e+00	1.896830000000000016e+00	-1.304327080181543197e+00
3.809761952390477990e+00	3.739649697216127944e+00	1.935681439999999975e+00	-1.239059707513868069e+00
3.810762152430485994e+00	3.740295549262770969e+00	1.890354760000000134e+00	-1.304327080181543197e+00
3.811762352470493997e+00	3.740403020018880920e+00	1.851503319999999952e+00	-1.173792334846192720e+00
3.812762552510502001e+00	3.739132234286488110e+00	1.896830000000000016e+00	-1.630663943519919501e+00
3.813762752550510005e+00	3.738373583315421911e+00	1.825602359999999980e+00	-1.336960766515380872e+00
3.814762952590518008e+00	3.739497957654047688e+00	1.896830000000000016e+00	-1.663297629853757176e+00
3.815763152630526012e+00	3.740596971004853888e+00	1.987483359999999921e+00	-1.532762884518406477e+00
3.816763352670534015e+00	3.740139643284711379e+00	1.877404279999999925e+00	-1.402228139183055999e+00
3.817763552710542019e+00	3.739322346730158397e+00	1.993958600000000025e+00	-1.369594452849218325e+00
3.818763752750550022e+00	3.739269227852645816e+00	1.987483359999999921e+00	-1.271693393847705744e+00
3.819763952790558026e+00	3.738892216679811309e+00	1.916255719999999885e+00	-1.369594452849218325e+00
3.820764152830566029e+00	3.737995546805288338e+00	1.993958600000000025e+00	-1.402228139183055999e+00
3.821764352870574033e+00	3.738565844107240022e+00	1.948631919999999962e+00	-1.402228139183055999e+00
3.822764552910582037e+00	3.739817205082541118e+00	1.987483359999999921e+00	-1.532762884518406477e+00
3.823764752950590040e+00	3.739281498733274756e+00	1.916255719999999885e+00	-1.500129198184569024e+00
3.824764952990598044e+00	3.738524490765075203e+00	1.968057640000000053e+00	-1.532762884518406477e+00
3.825765153030606047e+00	3.739495720698986059e+00	2.019859559999999998e+00	-1.500129198184569024e+00
3.826765353070614051e+00	3.740277341243272602e+00	2.000433839999999908e+00	-1.304327080181543197e+00
3.827765553110622054e+00	3.739167445138420476e+00	1.993958600000000025e+00	-1.500129198184569024e+00
3.828765753150630058e+00	3.736907440700644401e+00	2.065186240000000062e+00	-1.369594452849218325e+00
3.829765953190638061e+00	3.735068388527014616e+00	2.039285280000000089e+00	-1.467495511850731349e+00
3.830766153230646065e+00	3.735301463161337043e+00	2.045760519999999971e+00	-1.565396570852244151e+00
3.831766353270654069e+00	3.737409407149523410e+00	1.993958600000000025e+00	-1.630663943519919501e+00
3.832766553310662072e+00	3.739107319211238956e+00	2.006909079999999790e+00	-1.565396570852244151e+00
3.833766753350670076e+00	3.739171328044058829e+00	2.052235759999999853e+00	-1.695931316187594851e+00
3.834766953390678079e+00	3.737950690768012230e+00	2.091087200000000035e+00	-1.336960766515380872e+00
3.835767153430686083e+00	3.736295049212777997e+00	2.084611959999999709e+00	-1.565396570852244151e+00
3.836767353470694086e+00	3.735230117368384395e+00	2.155839599999999745e+00	-1.336960766515380872e+00
3.837767553510702090e+00	3.735063692708528560e+00	2.000433839999999908e+00	-1.663297629853757176e+00
3.838767753550710093e+00	3.735146722182102863e+00	2.110512920000000125e+00	-1.598030257186082048e+00
3.839767953590718097e+00	3.734455489976993725e+00	2.039285280000000089e+00	-1.663297629853757176e+00
3.840768153630726101e+00	3.733349534120200097e+00	2.110512920000000125e+00	-1.859099747856782781e+00
3.841768353670734104e+00	3.733481574861365893e+00	2.019859559999999998e+00	-1.695931316187594851e+00
3.842768553710742108e+00	3.735016147949335785e+00	2.227067239999999781e+00	-1.826466061522945328e+00
3.843768753750750111e+00	3.736587846567182680e+00	2.071661479999999944e+00	-1.336960766515380872e+00
3.844768953790758115e+00	3.736849918194862674e+00	2.071661479999999944e+00	-1.532762884518406477e+00
3.845769153830766118e+00	3.735651240045310129e+00	2.091087200000000035e+00	-1.336960766515380872e+00
3.846769353870774122e+00	3.734216948051005680e+00	2.162314840000000071e+00	-1.467495511850731349e+00
3.847769553910782125e+00	3.733146474891511968e+00	2.091087200000000035e+00	-1.630663943519919501e+00
3.848769753950790129e+00	3.732290245501086456e+00	2.091087200000000035e+00	-1.761198688855269978e+00
3.849769953990798133e+00	3.732384563738772698e+00	2.058711000000000180e+00	-1.793832375189107875e+00
3.850770154030806136e+00	3.733938099496407315e+00	2.116988160000000008e+00	-2.022268179525970933e+00
3.851770354070814140e+00	3.735279018659652284e+00	2.142889119999999981e+00	-1.532762884518406477e+00
3.852770554110822143e+00	3.734341232373100006e+00	2.311245360000000026e+00	-1.630663943519919501e+00
3.853770754150830147e+00	3.732055887165036445e+00	2.168790079999999953e+00	-1.467495511850731349e+00
3.854770954190838150e+00	3.731110936547493928e+00	2.129938640000000216e+00	-1.369594452849218325e+00
3.855771154230846154e+00	3.731773112614454657e+00	2.136413880000000098e+00	-1.728565002521432525e+00
3.856771354270854157e+00	3.731689759167303055e+00	2.097562439999999917e+00	-1.532762884518406477e+00
3.857771554310862161e+00	3.730002047973598245e+00	2.116988160000000008e+00	-1.957000806858295805e+00
3.858771754350870165e+00	3.728938052984442919e+00	2.110512920000000125e+00	-1.989634493192133702e+00
3.859771954390878168e+00	3.730038589781013325e+00	2.136413880000000098e+00	-1.630663943519919501e+00
3.860772154430886172e+00	3.732324136013748017e+00	2.168790079999999953e+00	-1.728565002521432525e+00
3.861772354470894175e+00	3.734099469866991594e+00	2.155839599999999745e+00	-1.728565002521432525e+00
3.862772554510902179e+00	3.733995518907784028e+00	2.168790079999999953e+00	-1.467495511850731349e+00
3.863772754550910182e+00	3.732279244150190856e+00	2.291819639999999936e+00	-1.630663943519919501e+00
3.864772954590918186e+00	3.730617403672700672e+00	2.214116760000000017e+00	-1.434861825516893896e+00
3.865773154630926189e+00	3.729939808636447474e+00	2.207641520000000135e+00	-1.924367120524458352e+00
3.866773354670934193e+00	3.729978537302157449e+00	2.194691039999999926e+00	-1.728565002521432525e+00
3.867773554710942197e+00	3.729905894268180866e+00	2.220591999999999899e+00	-1.891733434190620455e+00
3.868773754750950200e+00	3.729662651891673342e+00	2.175265319999999836e+00	-1.859099747856782781e+00
3.869773954790958204e+00	3.729939749701916885e+00	2.149364359999999863e+00	-1.663297629853757176e+00
3.870774154830966207e+00	3.730524119865380239e+00	2.181740560000000162e+00	-1.728565002521432525e+00
3.871774354870974211e+00	3.730606886897636976e+00	2.194691039999999926e+00	-1.598030257186082048e+00
3.872774554910982214e+00	3.729852974582973602e+00	2.233542480000000108e+00	-1.695931316187594851e+00
3.873774754950990218e+00	3.729079274579188308e+00	2.337146319999999999e+00	-1.663297629853757176e+00
3.874774954990998221e+00	3.729672956584228594e+00	2.201166280000000253e+00	-1.663297629853757176e+00
3.875775155031006225e+00	3.730886967855200353e+00	2.227067239999999781e+00	-1.695931316187594851e+00
3.876775355071014229e+00	3.730587854429232575e+00	2.149364359999999863e+00	-1.761198688855269978e+00
3.877775555111022232e+00	3.729095619386408433e+00	2.175265319999999836e+00	-1.695931316187594851e+00
3.878775755151030236e+00	3.728623907077435629e+00	2.246492959999999872e+00	-1.793832375189107875e+00
3.879775955191038239e+00	3.729672462624448848e+00	2.207641520000000135e+00	-1.598030257186082048e+00
3.880776155231046243e+00	3.730292783614641561e+00	2.181740560000000162e+00	-1.695931316187594851e+00
3.881776355271054246e+00	3.729675462524737473e+00	2.162314840000000071e+00	-1.859099747856782781e+00
3.882776555311062250e+00	3.729770670612032823e+00	2.201166280000000253e+00	-1.695931316187594851e+00
3.883776755351070253e+00	3.730753330744704943e+00	2.201166280000000253e+00	-1.500129198184569024e+00
3.884776955391078257e+00	3.730398116660609276e+00	2.162314840000000071e+00	-1.859099747856782781e+00
3.885777155431086261e+00	3.729301254103832175e+00	2.214116760000000017e+00	-1.598030257186082048e+00
3.886777355471094264e+00	3.729664619661368974e+00	2.188215800000000044e+00	-1.826466061522945328e+00
3.887777555511102268e+00	3.730245002290137002e+00	2.233542480000000108e+00	-1.630663943519919501e+00
3.888777755551110271e+00	3.729256378458886356e+00	2.240017719999999990e+00	-1.598030257186082048e+00
3.889777955591118275e+00	3.728543656102793147e+00	2.207641520000000135e+00	-1.565396570852244151e+00
3.890778155631126278e+00	3.729093900953541318e+00	2.233542480000000108e+00	-1.793832375189107875e+00
3.891778355671134282e+00	3.728608075311979686e+00	2.214116760000000017e+00	-1.598030257186082048e+00
3.892778555711142285e+00	3.727131585468612229e+00	2.201166280000000253e+00	-1.989634493192133702e+00
3.893778755751150289e+00	3.727413839954596408e+00	2.194691039999999926e+00	-1.989634493192133702e+00
3.894778955791158292e+00	3.729031690725093995e+00	2.414849199999999918e+00	-1.663297629853757176e+00
3.895779155831166296e+00	3.729496700310488855e+00	2.240017719999999990e+00	-1.859099747856782781e+00
3.896779355871174300e+00	3.728793284399698482e+00	2.214116760000000017e+00	-1.532762884518406477e+00
3.897779555911182303e+00	3.728230038690955706e+00	2.207641520000000135e+00	-1.598030257186082048e+00
3.898779755951190307e+00	3.728323617095588460e+00	2.142889119999999981e+00	-1.630663943519919501e+00
3.899779955991198310e+00	3.728729015473043695e+00	2.214116760000000017e+00	-1.434861825516893896e+00
3.900780156031206314e+00	3.728870960956033542e+00	2.207641520000000135e+00	-1.891733434190620455e+00
3.901780356071214317e+00	3.728674527259789429e+00	2.188215800000000044e+00	-1.891733434190620455e+00
3.902780556111222321e+00	3.728565631387087631e+00	2.214116760000000017e+00	-1.859099747856782781e+00
3.903780756151230324e+00	3.729338835187096191e+00	2.194691039999999926e+00	-1.924367120524458352e+00
3.904780956191238328e+00	3.730686620370188056e+00	2.421324440000000244e+00	-1.598030257186082048e+00
3.905781156231246332e+00	3.730425608415730121e+00	2.233542480000000108e+00	-1.630663943519919501e+00
3.906781356271254335e+00	3.728302281198971446e+00	2.227067239999999781e+00	-1.598030257186082048e+00
3.907781556311262339e+00	3.727422438265971305e+00	2.214116760000000017e+00	-1.369594452849218325e+00
3.908781756351270342e+00	3.728778351224990129e+00	2.201166280000000253e+00	-1.924367120524458352e+00
3.909781956391278346e+00	3.729300288198229119e+00	2.214116760000000017e+00	-1.761198688855269978e+00
3.910782156431286349e+00	3.727469914810226381e+00	2.207641520000000135e+00	-1.891733434190620455e+00
3.911782356471294353e+00	3.726054491333661733e+00	2.194691039999999926e+00	-1.957000806858295805e+00
3.912782556511302356e+00	3.727317264403959829e+00	2.194691039999999926e+00	-1.695931316187594851e+00
3.913782756551310360e+00	3.729433380281015342e+00	2.181740560000000162e+00	-1.793832375189107875e+00
3.914782956591318364e+00	3.729541603256321558e+00	2.175265319999999836e+00	-1.434861825516893896e+00
3.915783156631326367e+00	3.727460241199124447e+00	2.149364359999999863e+00	-1.500129198184569024e+00
3.916783356671334371e+00	3.725548130276989500e+00	2.181740560000000162e+00	-1.663297629853757176e+00
3.917783556711342374e+00	3.725883921584677072e+00	2.181740560000000162e+00	-1.630663943519919501e+00
3.918783756751350378e+00	3.728048454413610990e+00	2.175265319999999836e+00	-1.859099747856782781e+00
3.919783956791358381e+00	3.729787779484420529e+00	2.168790079999999953e+00	-1.793832375189107875e+00
3.920784156831366385e+00	3.729585314021259812e+00	2.162314840000000071e+00	-1.728565002521432525e+00
3.921784356871374388e+00	3.728849837447158144e+00	2.181740560000000162e+00	-1.793832375189107875e+00
3.922784556911382392e+00	3.729572808256929939e+00	2.162314840000000071e+00	-1.565396570852244151e+00
3.923784756951390396e+00	3.730573631770986331e+00	2.168790079999999953e+00	-1.663297629853757176e+00
3.924784956991398399e+00	3.729783694094999547e+00	2.142889119999999981e+00	-1.598030257186082048e+00
3.925785157031406403e+00	3.727859651304243016e+00	2.116988160000000008e+00	-1.598030257186082048e+00
3.926785357071414406e+00	3.726858173971167698e+00	2.149364359999999863e+00	-1.663297629853757176e+00
3.927785557111422410e+00	3.727365342043210461e+00	2.136413880000000098e+00	-2.022268179525970933e+00
3.928785757151430413e+00	3.728309655708557102e+00	2.155839599999999745e+00	-1.695931316187594851e+00
3.929785957191438417e+00	3.728863400926796690e+00	2.084611959999999709e+00	-1.695931316187594851e+00
3.930786157231446420e+00	3.729217128847015505e+00	2.201166280000000253e+00	-1.598030257186082048e+00
3.931786357271454424e+00	3.729569266614886303e+00	2.006909079999999790e+00	-1.598030257186082048e+00
3.932786557311462428e+00	3.729848007147709144e+00	2.097562439999999917e+00	-1.565396570852244151e+00
3.933786757351470431e+00	3.729690501611852227e+00	2.078136719999999826e+00	-1.532762884518406477e+00
3.934786957391478435e+00	3.728500685924569069e+00	2.091087200000000035e+00	-1.500129198184569024e+00
3.935787157431486438e+00	3.727420870512097917e+00	2.097562439999999917e+00	-1.761198688855269978e+00
3.936787357471494442e+00	3.728426536093885524e+00	2.104037679999999799e+00	-1.598030257186082048e+00
3.937787557511502445e+00	3.730044801525347342e+00	2.078136719999999826e+00	-1.663297629853757176e+00
3.938787757551510449e+00	3.729382400871251058e+00	2.058711000000000180e+00	-1.695931316187594851e+00
3.939787957591518452e+00	3.727443467133914279e+00	2.045760519999999971e+00	-1.565396570852244151e+00
3.940788157631526456e+00	3.727066783757225110e+00	2.110512920000000125e+00	-1.336960766515380872e+00
3.941788357671534460e+00	3.728718566451080907e+00	2.039285280000000089e+00	-1.467495511850731349e+00
3.942788557711542463e+00	3.730804711935446605e+00	2.065186240000000062e+00	-1.304327080181543197e+00
3.943788757751550467e+00	3.731196503808350329e+00	2.032810039999999763e+00	-1.532762884518406477e+00
3.944788957791558470e+00	3.729092579437280897e+00	2.026334799999999881e+00	-1.630663943519919501e+00
3.945789157831566474e+00	3.726762756365742835e+00	1.948631919999999962e+00	-1.826466061522945328e+00
3.946789357871574477e+00	3.727263891949354147e+00	2.032810039999999763e+00	-1.761198688855269978e+00
3.947789557911582481e+00	3.729978417917365174e+00	1.987483359999999921e+00	-1.467495511850731349e+00
3.948789757951590484e+00	3.731584595076380406e+00	1.981008119999999817e+00	-1.728565002521432525e+00
3.949789957991598488e+00	3.731008949217771598e+00	2.019859559999999998e+00	-1.141158648512355045e+00
3.950790158031606492e+00	3.730070660408637551e+00	2.058711000000000180e+00	-1.304327080181543197e+00
3.951790358071614495e+00	3.729973654162413332e+00	1.981008119999999817e+00	-1.239059707513868069e+00
3.952790558111622499e+00	3.729815432708849965e+00	2.013384319999999672e+00	-1.467495511850731349e+00
3.953790758151630502e+00	3.729300405185068001e+00	1.968057640000000053e+00	-1.630663943519919501e+00
3.954790958191638506e+00	3.729515311855839510e+00	2.000433839999999908e+00	-1.695931316187594851e+00
3.955791158231646509e+00	3.730193416955145835e+00	1.890354760000000134e+00	-1.565396570852244151e+00
3.956791358271654513e+00	3.730734909243819786e+00	1.935681439999999975e+00	-1.728565002521432525e+00
3.957791558311662516e+00	3.731363083321110885e+00	1.974532879999999935e+00	-1.010623903177004790e+00
3.958791758351670520e+00	3.731244644637779384e+00	1.974532879999999935e+00	-1.500129198184569024e+00
3.959791958391678524e+00	3.730142916794203067e+00	1.929206199999999871e+00	-1.239059707513868069e+00
3.960792158431686527e+00	3.729475701175651636e+00	1.929206199999999871e+00	-1.141158648512355045e+00
3.961792358471694531e+00	3.729603406150725942e+00	1.942156679999999858e+00	-1.500129198184569024e+00
3.962792558511702534e+00	3.729543361396017165e+00	1.961582399999999726e+00	-1.369594452849218325e+00
3.963792758551710538e+00	3.729042503959282051e+00	1.909780479999999780e+00	-1.598030257186082048e+00
3.964792958591718541e+00	3.729233632676214327e+00	1.883879520000000030e+00	-1.598030257186082048e+00
3.965793158631726545e+00	3.730438361461811958e+00	1.890354760000000134e+00	-1.239059707513868069e+00
3.966793358671734548e+00	3.731024344774664492e+00	1.883879520000000030e+00	-1.467495511850731349e+00
3.967793558711742552e+00	3.730151317506901876e+00	1.741424239999999957e+00	-1.206426021180030395e+00
3.968793758751750556e+00	3.728953355202464959e+00	1.838552839999999744e+00	-1.173792334846192720e+00
3.969793958791758559e+00	3.728805012874094604e+00	1.870929040000000043e+00	-1.239059707513868069e+00
3.970794158831766563e+00	3.729552315378770633e+00	1.864453799999999939e+00	-1.239059707513868069e+00
3.971794358871774566e+00	3.729642685757014853e+00	1.825602359999999980e+00	-1.467495511850731349e+00
3.972794558911782570e+00	3.728865899323004385e+00	1.890354760000000134e+00	-1.434861825516893896e+00
3.973794758951790573e+00	3.728472019381913860e+00	1.793226159999999902e+00	-1.532762884518406477e+00
3.974794958991798577e+00	3.729040013761819594e+00	1.799701400000000007e+00	-1.467495511850731349e+00
3.975795159031806580e+00	3.730476567600249815e+00	1.793226159999999902e+00	-1.173792334846192720e+00
3.976795359071814584e+00	3.732027164904170746e+00	1.877404279999999925e+00	-1.206426021180030395e+00
3.977795559111822588e+00	3.732165276113381669e+00	1.767325200000000152e+00	-1.271693393847705744e+00
3.978795759151830591e+00	3.730657252208652075e+00	1.819127120000000097e+00	-1.206426021180030395e+00
3.979795959191838595e+00	3.730064741974698173e+00	1.715523279999999984e+00	-1.304327080181543197e+00
3.980796159231846598e+00	3.731707800090061422e+00	1.773800439999999812e+00	-1.304327080181543197e+00
3.981796359271854602e+00	3.732615683994969569e+00	1.709048039999999880e+00	-1.239059707513868069e+00
3.982796559311862605e+00	3.730956202646475539e+00	1.812651879999999993e+00	-1.369594452849218325e+00
3.983796759351870165e+00	3.729446831170459831e+00	1.715523279999999984e+00	-1.043257589510842243e+00
3.984796959391878168e+00	3.730233462277230849e+00	1.689622319999999789e+00	-1.141158648512355045e+00
3.985797159431886172e+00	3.731690963789460636e+00	1.734948999999999852e+00	-1.206426021180030395e+00
3.986797359471894175e+00	3.731976080216805158e+00	1.683147080000000129e+00	-1.141158648512355045e+00
3.987797559511902179e+00	3.731431286058404240e+00	1.527741319999999847e+00	-1.141158648512355045e+00
3.988797759551910183e+00	3.730606667247303054e+00	1.547167039999999716e+00	-1.206426021180030395e+00
3.989797959591918186e+00	3.729908864395872659e+00	1.657246119999999934e+00	-1.206426021180030395e+00
3.990798159631926190e+00	3.730389683685782831e+00	1.663721360000000038e+00	-1.206426021180030395e+00
3.991798359671934193e+00	3.731775873233289076e+00	1.689622319999999789e+00	-1.141158648512355045e+00
3.992798559711942197e+00	3.732224642594538011e+00	1.663721360000000038e+00	-1.206426021180030395e+00
3.993798759751950200e+00	3.731296151599889921e+00	1.683147080000000129e+00	-1.075891275844679917e+00
3.994798959791958204e+00	3.730631782432094923e+00	1.624869920000000079e+00	-1.108524962178517592e+00
3.995799159831966207e+00	3.730634761703126578e+00	1.547167039999999716e+00	-9.127228441754917654e-01
3.996799359871974211e+00	3.729990430199299212e+00	1.547167039999999716e+00	-1.304327080181543197e+00
3.997799559911982215e+00	3.729228334708015513e+00	1.540691800000000056e+00	-1.075891275844679917e+00
3.998799759951990218e+00	3.729576915749426735e+00	1.553642280000000042e+00	-1.304327080181543197e+00
3.999799959991998222e+00	3.730801087706615338e+00	1.508315599999999979e+00	-1.467495511850731349e+00
4.000800160032006225e+00	3.732699354681456416e+00	1.618394679999999752e+00	-1.075891275844679917e+00
4.001800360072014229e+00	3.734479972728306674e+00	1.482414640000000006e+00	-1.141158648512355045e+00
4.002800560112022232e+00	3.734450765856025978e+00	1.488889879999999888e+00	-7.169207261724660496e-01
4.003800760152030236e+00	3.732579150776179411e+00	1.521266079999999965e+00	-9.127228441754917654e-01
4.004800960192038239e+00	3.730856125035024284e+00	1.411186999999999969e+00	-9.779902168431670040e-01
4.005801160232046243e+00	3.730268932308813401e+00	1.475939400000000123e+00	-9.453565305093293292e-01
4.006801360272054247e+00	3.729763673039716121e+00	1.482414640000000006e+00	-1.271693393847705744e+00
4.007801560312062250e+00	3.729303956467736825e+00	1.424137479999999734e+00	-1.304327080181543197e+00
4.008801760352070254e+00	3.730713116103998139e+00	1.430612719999999838e+00	-8.800891578416540906e-01
4.009801960392078257e+00	3.734058608262084356e+00	1.430612719999999838e+00	-1.108524962178517592e+00
4.010802160432086261e+00	3.736145174872048891e+00	1.456513680000000033e+00	-7.169207261724660496e-01
4.011802360472094264e+00	3.734931757952652198e+00	1.359385079999999801e+00	-7.169207261724660496e-01
4.012802560512102268e+00	3.732712174674782446e+00	1.372335560000000010e+00	-7.821880988401412882e-01
4.013802760552110271e+00	3.731629051453857926e+00	1.430612719999999838e+00	-7.169207261724660496e-01
4.014802960592118275e+00	3.731151008492933574e+00	1.301107919999999973e+00	-1.173792334846192720e+00
4.015803160632126279e+00	3.731335965869043925e+00	1.346434599999999815e+00	-8.800891578416540906e-01
4.016803360672134282e+00	3.732242029763111812e+00	1.320533639999999842e+00	-1.075891275844679917e+00
4.017803560712142286e+00	3.733051764157242047e+00	1.262256480000000014e+00	-1.010623903177004790e+00
4.018803760752150289e+00	3.733947911762851568e+00	1.229880280000000159e+00	-4.558512355017650397e-01
4.019803960792158293e+00	3.734759036031049195e+00	1.352909840000000141e+00	-6.842870398386284858e-01
4.020804160832166296e+00	3.734330574512412682e+00	1.346434599999999815e+00	-6.842870398386284858e-01
4.021804360872174300e+00	3.732835871658444216e+00	1.242830760000000145e+00	-5.537522945032778976e-01
4.022804560912182303e+00	3.732001426875044103e+00	1.203979319999999964e+00	-9.127228441754917654e-01
4.023804760952190307e+00	3.732631320861829138e+00	1.184553600000000095e+00	-5.863859808371156834e-01
4.024804960992198311e+00	3.733884673931517018e+00	1.527741319999999847e+00	-1.075891275844679917e+00
4.025805161032206314e+00	3.734945434584255874e+00	1.242830760000000145e+00	-9.127228441754917654e-01
4.026805361072214318e+00	3.734950604388488582e+00	1.314058399999999960e+00	-7.169207261724660496e-01
4.027805561112222321e+00	3.733810634494360237e+00	1.184553600000000095e+00	-7.495544125063037244e-01
4.028805761152230325e+00	3.733362618029147040e+00	1.093900239999999968e+00	-6.842870398386284858e-01
4.029805961192238328e+00	3.734123544161960240e+00	1.113325960000000059e+00	-5.537522945032778976e-01
4.030806161232246332e+00	3.734297406859394375e+00	1.191028839999999978e+00	-5.863859808371156834e-01
4.031806361272254335e+00	3.733380886246251418e+00	1.152177400000000018e+00	-5.863859808371156834e-01
4.032806561312262339e+00	3.732785726526860692e+00	1.203979319999999964e+00	-8.474554715078166378e-01
4.033806761352270343e+00	3.733342146923558591e+00	1.145702159999999914e+00	-5.211186081694403338e-01
4.034806961392278346e+00	3.734230176252856026e+00	1.139226920000000032e+00	-6.842870398386284858e-01
4.035807161432286350e+00	3.734317240775419489e+00	1.126276440000000045e+00	-7.495544125063037244e-01
4.036807361472294353e+00	3.733766001668374468e+00	1.087425000000000086e+00	-6.190196671709531362e-01
4.037807561512302357e+00	3.733523549566163613e+00	1.132751680000000150e+00	-6.190196671709531362e-01
4.038807761552310360e+00	3.734270244019396667e+00	1.022672600000000154e+00	-4.558512355017650397e-01
4.039807961592318364e+00	3.735637892110101888e+00	1.029147840000000036e+00	-6.190196671709531362e-01
4.040808161632326367e+00	3.735890741647098778e+00	1.074474520000000100e+00	-5.211186081694403338e-01
4.041808361672334371e+00	3.734618148644039071e+00	1.087425000000000086e+00	-5.211186081694403338e-01
4.042808561712342375e+00	3.734027067828569191e+00	1.165127880000000005e+00	-5.211186081694403338e-01
4.043808761752350378e+00	3.735276845177001537e+00	1.022672600000000154e+00	-6.190196671709531362e-01
4.044808961792358382e+00	3.736897769673082514e+00	9.255440000000001444e-01	-4.884849218356027145e-01
4.045809161832366385e+00	3.737362542024504464e+00	1.048573559999999905e+00	-5.211186081694403338e-01
4.046809361872374389e+00	3.736591630162192867e+00	9.190687600000001511e-01	-3.253164901664145625e-01
4.047809561912382392e+00	3.735898640424710315e+00	1.016197360000000049e+00	-5.863859808371156834e-01
4.048809761952390396e+00	3.736394120812889241e+00	9.320192400000000266e-01	-3.905838628340898566e-01
4.049809961992398399e+00	3.736741865166876231e+00	9.061182800000000537e-01	-7.169207261724660496e-01
4.050810162032406403e+00	3.735376250129985642e+00	9.902964000000000766e-01	-6.842870398386284858e-01
4.051810362072414406e+00	3.733982773743543593e+00	8.543163600000001079e-01	-5.863859808371156834e-01
4.052810562112422410e+00	3.734990140137747439e+00	9.643954399999999927e-01	-7.495544125063037244e-01
4.053810762152430414e+00	3.737148766093326469e+00	8.931677999999999562e-01	-1.947817448310640853e-01
4.054810962192438417e+00	3.737488315344213330e+00	8.348906400000000172e-01	-5.211186081694403338e-01
4.055811162232446421e+00	3.735966301155622116e+00	6.989106000000000485e-01	1.020373171961676869e-03
4.056811362272454424e+00	3.734594350115837180e+00	7.766134800000000782e-01	-1.947817448310640853e-01
4.057811562312462428e+00	3.734876965852845565e+00	8.025144400000000511e-01	-3.253164901664145625e-01
4.058811762352470431e+00	3.736914634831576709e+00	8.607915999999999901e-01	-4.232175491679274204e-01
4.059811962392478435e+00	3.738413665457857693e+00	8.413658800000000104e-01	-5.211186081694403338e-01
4.060812162432486438e+00	3.737595867783694459e+00	8.219401600000000307e-01	-5.863859808371156834e-01
4.061812362472494442e+00	3.736682622587705005e+00	8.284154000000000240e-01	-2.926828038325769432e-01
4.062812562512502446e+00	3.737879028794210967e+00	7.507125199999999943e-01	-3.253164901664145625e-01
4.063812762552510449e+00	3.739350403054256589e+00	7.248115600000000214e-01	-6.424699949571360813e-02
4.064812962592518453e+00	3.738844251498473881e+00	7.053858400000000417e-01	1.020373171961676869e-03
4.065813162632526456e+00	3.737620094573149476e+00	7.183363200000001392e-01	-1.621480584972264660e-01
4.066813362672534460e+00	3.737787886841602347e+00	6.082572400000001434e-01	-9.688068582955121355e-02
4.067813562712542463e+00	3.738643321554282029e+00	7.183363200000001392e-01	-3.579501765002521818e-01
4.068813762752550467e+00	3.738979074929217106e+00	6.406334400000001095e-01	-3.253164901664145625e-01
4.069813962792558470e+00	3.739252400727816728e+00	6.276829600000000120e-01	-4.232175491679274204e-01
4.070814162832566474e+00	3.739579154499357738e+00	6.535839199999999849e-01	-3.905838628340898566e-01
4.071814362872574478e+00	3.739592831284693997e+00	5.435048399999999891e-01	-1.621480584972264660e-01
4.072814562912582481e+00	3.739805621570118532e+00	6.471086800000001027e-01	-6.424699949571360813e-02
4.073814762952590485e+00	3.740286590489372287e+00	6.989106000000000485e-01	1.020373171961676869e-03
4.074814962992598488e+00	3.739519450435156767e+00	5.564553199999999755e-01	9.892143217347457163e-02
4.075815163032606492e+00	3.737456315564166687e+00	6.535839199999999849e-01	-3.579501765002521818e-01
4.076815363072614495e+00	3.736828233024813706e+00	4.334257600000001043e-01	-1.947817448310640853e-01
4.077815563112622499e+00	3.738689808173061735e+00	5.758810400000000662e-01	-2.926828038325769432e-01
4.078815763152630502e+00	3.740716377173786356e+00	5.240791200000000094e-01	-1.295143721633888190e-01
4.079815963192638506e+00	3.740809970883857360e+00	5.499800799999999823e-01	-1.295143721633888190e-01
4.080816163232646510e+00	3.740151260007170908e+00	4.269505200000000000e-01	-1.295143721633888190e-01
4.081816363272654513e+00	3.741073544317980115e+00	5.111286400000001340e-01	9.892143217347457163e-02
4.082816563312662517e+00	3.742162885147502394e+00	5.435048399999999891e-01	1.315551185073121632e-01
4.083816763352670520e+00	3.740717362721925010e+00	5.888315200000000527e-01	1.020373171961676869e-03
4.084816963392678524e+00	3.738185450340961946e+00	4.204752800000000068e-01	3.365405950579927752e-02
4.085817163432686527e+00	3.737572746284915759e+00	4.334257600000001043e-01	-9.688068582955121355e-02
4.086817363472694531e+00	3.739129548293123051e+00	4.334257600000001043e-01	-1.621480584972264660e-01
4.087817563512702534e+00	3.740905873335495624e+00	4.593267200000000772e-01	6.628774583963688294e-02
4.088817763552710538e+00	3.741624172536044846e+00	4.852276800000000501e-01	-9.688068582955121355e-02
4.089817963592718542e+00	3.741615191496293846e+00	3.621981200000000678e-01	1.315551185073121632e-01
4.090818163632726545e+00	3.741603082293881499e+00	3.621981200000000678e-01	6.628774583963688294e-02
4.091818363672734549e+00	3.742389709779625928e+00	3.880990800000000407e-01	1.641888048411497825e-01
4.092818563712742552e+00	3.743416776653291311e+00	2.844952399999999826e-01	1.968224911749873740e-01
4.093818763752750556e+00	3.742887769927925490e+00	3.168714400000000042e-01	9.892143217347457163e-02
4.094818963792758559e+00	3.741755610467563553e+00	3.298219200000001017e-01	3.365405950579927752e-02
4.095819163832766563e+00	3.742470312474273086e+00	2.780200000000000449e-01	9.892143217347457163e-02
4.096819363872774566e+00	3.744054425213428239e+00	3.103962000000000110e-01	9.892143217347457163e-02
4.097819563912782570e+00	3.744476997047892830e+00	2.067923600000000084e-01	2.620898638426626404e-01
4.098819763952790574e+00	3.744468034372022913e+00	2.844952399999999826e-01	1.315551185073121632e-01
4.099819963992798577e+00	3.744563323078004213e+00	3.039209600000000178e-01	3.926246091780131731e-01
4.100820164032806581e+00	3.743869341823938157e+00	2.909704799999999758e-01	2.294561775088249655e-01
4.101820364072814584e+00	3.742875037753588874e+00	2.715447599999999961e-01	2.947235501765002597e-01
4.102820564112822588e+00	3.742866110804503599e+00	1.744161599999999868e-01	9.892143217347457163e-02
4.103820764152830591e+00	3.743718513941399095e+00	1.679409199999999935e-01	3.365405950579927752e-02
4.104820964192838595e+00	3.744466056889975469e+00	2.715447599999999961e-01	1.968224911749873740e-01
4.105821164232846598e+00	3.745364074718176006e+00	2.067923600000000084e-01	-3.161331316187596802e-02
4.106821364272854602e+00	3.746742231984887539e+00	1.031885200000000058e-01	6.536940998487140719e-01
4.107821564312862606e+00	3.747192565317748247e+00	7.728756000000000514e-02	2.947235501765002597e-01
4.108821764352870609e+00	3.746539633067608399e+00	1.355647199999999997e-01	6.536940998487140719e-01
4.109821964392878613e+00	3.746285036961721993e+00	1.679409199999999935e-01	4.252582955118507924e-01
4.110822164432886616e+00	3.746315406906242096e+00	2.197428399999999948e-01	2.947235501765002597e-01
4.111822364472894620e+00	3.745719939348962413e+00	8.376279999999999837e-02	1.968224911749873740e-01
4.112822564512902623e+00	3.745354296502105385e+00	1.096637599999999990e-01	1.315551185073121632e-01
4.113822764552910627e+00	3.746672631662060660e+00	1.290894800000000064e-01	1.315551185073121632e-01
4.114822964592918630e+00	3.748836118798679617e+00	1.226142399999999993e-01	4.578919818456884672e-01
4.115823164632926634e+00	3.749885129694932040e+00	3.843611999999999723e-02	2.294561775088249655e-01
4.116823364672934638e+00	3.749815181170121470e+00	1.901039999999999675e-02	7.189614725163894215e-01
4.117823564712942641e+00	3.749729979501486898e+00	-9.106868000000001295e-02	6.536940998487140719e-01
4.118823764752950645e+00	3.749658894373467444e+00	-2.631628000000000439e-02	3.926246091780131731e-01
4.119823964792958648e+00	3.749121093489022893e+00	4.491135999999999739e-02	5.884267271810389444e-01
4.120824164832966652e+00	3.748781197352085037e+00	7.081231999999999804e-02	2.294561775088249655e-01
4.121824364872974655e+00	3.749584138037769687e+00	7.728756000000000514e-02	3.599909228441755538e-01
4.122824564912982659e+00	3.750858244557552013e+00	1.161389999999999922e-01	2.947235501765002597e-01
4.123824764952990662e+00	3.751596533907105790e+00	9.023803999999999159e-02	1.968224911749873740e-01
4.124824964992998666e+00	3.751818989794177828e+00	5.138659999999999756e-02	7.189614725163894215e-01
4.125825165033006670e+00	3.751604445590389858e+00	-4.574200000000000488e-02	8.821299041855775735e-01
4.126825365073014673e+00	3.751504670037790312e+00	-1.234448800000000068e-01	4.578919818456884672e-01
4.127825565113022677e+00	3.752053645910963908e+00	-1.299201200000000000e-01	7.515951588502269853e-01
4.128825765153030680e+00	3.752429843339490034e+00	-2.270487200000000094e-01	5.884267271810389444e-01
4.129825965193038684e+00	3.752695954023715696e+00	-1.234448800000000068e-01	5.231593545133637058e-01
4.130826165233046687e+00	3.753883966724636867e+00	-5.221724000000000504e-02	4.252582955118507924e-01
4.131826365273054691e+00	3.755083748465588123e+00	-9.106868000000001295e-02	3.926246091780131731e-01
4.132826565313062694e+00	3.755106673700365327e+00	-1.558210800000000007e-01	5.557930408472013806e-01
4.133826765353070698e+00	3.755169071439263817e+00	-2.464744400000000168e-01	5.884267271810389444e-01
4.134826965393078702e+00	3.756352573619289092e+00	-1.493458400000000075e-01	6.863277861825517467e-01
4.135827165433086705e+00	3.757287471734553463e+00	-1.363953600000000210e-01	7.515951588502269853e-01
4.136827365473094709e+00	3.756854376858585365e+00	-1.687715600000000149e-01	5.884267271810389444e-01
4.137827565513102712e+00	3.756200723007320441e+00	-1.622963199999999939e-01	6.210604135148766192e-01
4.138827765553110716e+00	3.756779434653231942e+00	-2.918011200000000249e-01	6.210604135148766192e-01
4.139827965593118719e+00	3.758093748785820143e+00	-2.335239600000000026e-01	6.536940998487140719e-01
4.140828165633126723e+00	3.758399995505799396e+00	-1.752468000000000081e-01	5.884267271810389444e-01
4.141828365673134726e+00	3.757858608000494982e+00	-2.464744400000000168e-01	5.557930408472013806e-01
4.142828565713142730e+00	3.757951482324314529e+00	-2.659001599999999965e-01	8.494962178517398987e-01
4.143828765753150734e+00	3.758212782363814064e+00	-2.918011200000000249e-01	6.536940998487140719e-01
4.144828965793158737e+00	3.758185645130787567e+00	-1.687715600000000149e-01	6.863277861825517467e-01
4.145829165833166741e+00	3.758831943258836628e+00	-1.946725200000000155e-01	7.515951588502269853e-01
4.146829365873174744e+00	3.759738247763044772e+00	-2.270487200000000094e-01	6.863277861825517467e-01
4.147829565913182748e+00	3.759780936104604621e+00	-2.011477600000000088e-01	6.863277861825517467e-01
4.148829765953190751e+00	3.759388378891597604e+00	-3.241773200000000466e-01	6.863277861825517467e-01
4.149829965993198755e+00	3.760158661573934857e+00	-2.464744400000000168e-01	5.884267271810389444e-01
4.150830166033206758e+00	3.762444055777634411e+00	-3.241773200000000466e-01	8.494962178517398987e-01
4.151830366073214762e+00	3.763634159351146646e+00	-3.500782800000000750e-01	7.189614725163894215e-01
4.152830566113222766e+00	3.762023327360133784e+00	-3.047516000000000114e-01	9.473972768532528121e-01
4.153830766153230769e+00	3.759966911245810728e+00	-3.954049599999999165e-01	7.515951588502269853e-01
4.154830966193238773e+00	3.759819310119360658e+00	-3.565535200000000127e-01	8.168625315179022239e-01
4.155831166233246776e+00	3.760931438073344069e+00	-4.407316399999999801e-01	6.863277861825517467e-01
4.156831366273254780e+00	3.761755165963321712e+00	-3.371277999999999775e-01	5.557930408472013806e-01
4.157831566313262783e+00	3.762156946932961432e+00	-3.695039999999999436e-01	7.842288451840646601e-01
4.158831766353270787e+00	3.763216668728636805e+00	-4.018802000000000207e-01	5.884267271810389444e-01
4.159831966393278790e+00	3.764711987536031312e+00	-1.299201200000000000e-01	1.110565708522440964e+00
4.160832166433286794e+00	3.765057127740836673e+00	-3.954049599999999165e-01	8.821299041855775735e-01
4.161832366473294798e+00	3.764046988225525414e+00	-3.695039999999999436e-01	1.077932022188603289e+00
4.162832566513302801e+00	3.762589136060763728e+00	-4.213059199999999449e-01	9.800309631870904870e-01
4.163832766553310805e+00	3.762136521766017427e+00	-4.860583200000000437e-01	7.515951588502269853e-01
4.164832966593318808e+00	3.763847651110822756e+00	-4.666325999999999530e-01	8.168625315179022239e-01
4.165833166633326812e+00	3.765900765534868189e+00	-4.925335599999999814e-01	6.536940998487140719e-01
4.166833366673334815e+00	3.766291751359368334e+00	-4.925335599999999814e-01	4.578919818456884672e-01
4.167833566713342819e+00	3.766134655128019482e+00	-4.795830800000000504e-01	1.110565708522440964e+00
4.168833766753350822e+00	3.766259387985565699e+00	-5.378602399999999895e-01	1.175833081190116092e+00
4.169833966793358826e+00	3.765985206379481642e+00	-4.148306800000000072e-01	9.473972768532528121e-01
4.170834166833366830e+00	3.765682178839573790e+00	-5.119592800000000166e-01	1.175833081190116092e+00
4.171834366873374833e+00	3.765811653847686902e+00	-4.860583200000000437e-01	8.821299041855775735e-01
4.172834566913382837e+00	3.765832375369850382e+00	-3.889297199999999788e-01	1.012664649520927940e+00
4.173834766953390840e+00	3.766166062357124922e+00	-4.990087999999999191e-01	6.863277861825517467e-01
4.174834966993398844e+00	3.767181116193924151e+00	-5.184345200000000098e-01	8.494962178517398987e-01
4.175835167033406847e+00	3.767558585551772143e+00	-6.285136000000000056e-01	8.494962178517398987e-01
4.176835367073414851e+00	3.767302029017900900e+00	-5.508107199999999759e-01	7.189614725163894215e-01
4.177835567113422854e+00	3.768048947603018561e+00	-4.990087999999999191e-01	1.143199394856278639e+00
4.178835767153430858e+00	3.769409588399315503e+00	-5.184345200000000098e-01	1.208466767523953767e+00
4.179835967193438861e+00	3.769568740109984883e+00	-5.508107199999999759e-01	9.800309631870904870e-01
4.180836167233446865e+00	3.768352295305033461e+00	-5.831869200000000530e-01	1.241100453857791219e+00
4.181836367273454869e+00	3.767486821885768222e+00	-6.414640799999999921e-01	7.842288451840646601e-01
4.182836567313462872e+00	3.768406717339960466e+00	-5.961373999999999285e-01	1.077932022188603289e+00
4.183836767353470876e+00	3.770094984425401474e+00	-6.738402799999999582e-01	7.842288451840646601e-01
4.184836967393478879e+00	3.770810189084420561e+00	-6.608898000000000827e-01	9.147635905194151373e-01
4.185837167433486883e+00	3.770745969719608404e+00	-6.997412400000000421e-01	1.143199394856278639e+00
4.186837367473494886e+00	3.770552978890524543e+00	-7.385926799999998904e-01	1.045298335854765615e+00
4.187837567513502890e+00	3.770086383423826959e+00	-6.608898000000000827e-01	1.208466767523953767e+00
4.188837767553510893e+00	3.769692768309438335e+00	-6.673650399999999649e-01	1.077932022188603289e+00
4.189837967593518897e+00	3.770047494184828096e+00	-6.803155199999999514e-01	1.012664649520927940e+00
4.190838167633526901e+00	3.770929464840504508e+00	-7.839193599999999540e-01	1.273734140191629116e+00
4.191838367673534904e+00	3.771776771344472756e+00	-7.709688800000000786e-01	9.473972768532528121e-01
4.192838567713542908e+00	3.772733050533890520e+00	-7.450679199999999947e-01	9.800309631870904870e-01
4.193838767753550911e+00	3.773985329073648476e+00	-6.673650399999999649e-01	1.175833081190116092e+00
4.194838967793558915e+00	3.774892882150297169e+00	-6.414640799999999921e-01	1.012664649520927940e+00
4.195839167833566918e+00	3.774895458706482909e+00	-7.515431599999999879e-01	1.110565708522440964e+00
4.196839367873574922e+00	3.774348349066261044e+00	-7.062164799999999243e-01	1.273734140191629116e+00
4.197839567913582925e+00	3.773916966619256019e+00	-7.256422000000000150e-01	1.175833081190116092e+00
4.198839767953590929e+00	3.773783005094329734e+00	-7.256422000000000150e-01	9.800309631870904870e-01
4.199839967993598933e+00	3.773859656930566686e+00	-6.414640799999999921e-01	1.077932022188603289e+00
4.200840168033606936e+00	3.774374180290478442e+00	-6.155631200000000192e-01	1.077932022188603289e+00
4.201840368073614940e+00	3.775182007149928687e+00	-5.378602399999999895e-01	1.143199394856278639e+00
4.202840568113622943e+00	3.775574250234867257e+00	-7.450679199999999947e-01	1.077932022188603289e+00
4.203840768153630947e+00	3.775668769821148185e+00	-7.580183999999999811e-01	1.273734140191629116e+00
4.204840968193638950e+00	3.776146209671082943e+00	-7.385926799999998904e-01	1.175833081190116092e+00
4.205841168233646954e+00	3.776443976153688986e+00	-7.515431599999999879e-01	1.371635199193141919e+00
4.206841368273654957e+00	3.775696160258749323e+00	-6.803155199999999514e-01	1.110565708522440964e+00
4.207841568313662961e+00	3.774651397206701731e+00	-6.479393199999999853e-01	1.404268885526979593e+00
4.208841768353670965e+00	3.774479075577057863e+00	-7.256422000000000150e-01	1.012664649520927940e+00
4.209841968393678968e+00	3.775431754827514474e+00	-7.839193599999999540e-01	9.473972768532528121e-01
4.210842168433686972e+00	3.777213500500315568e+00	-7.644936400000000853e-01	1.175833081190116092e+00
4.211842368473694975e+00	3.779233031488583361e+00	-6.932660000000000489e-01	9.147635905194151373e-01
4.212842568513702979e+00	3.780423855099602104e+00	-8.033450799999999337e-01	1.502169944528492396e+00
4.213842768553710982e+00	3.779899321367586218e+00	-8.486717599999999972e-01	1.339001512859304244e+00
4.214842968593718986e+00	3.778499832897507016e+00	-8.227708000000000244e-01	1.404268885526979593e+00
4.215843168633726989e+00	3.777954793441590464e+00	-7.709688800000000786e-01	1.469536258194654943e+00
4.216843368673734993e+00	3.778470057212092392e+00	-8.810479599999999634e-01	1.012664649520927940e+00
4.217843568713742997e+00	3.778919405960124767e+00	-9.846517999999999660e-01	1.077932022188603289e+00
4.218843768753751000e+00	3.778900022666933811e+00	-7.580183999999999811e-01	1.045298335854765615e+00
4.219843968793759004e+00	3.779258035924264902e+00	-7.903945999999999472e-01	1.143199394856278639e+00
4.220844168833767007e+00	3.780531782772648342e+00	-8.486717599999999972e-01	1.404268885526979593e+00
4.221844368873775011e+00	3.782116131629981837e+00	-7.385926799999998904e-01	1.339001512859304244e+00
4.222844568913783014e+00	3.782856588131568110e+00	-8.810479599999999634e-01	1.534803630862329848e+00
4.223844768953791018e+00	3.782192391458810032e+00	-8.810479599999999634e-01	1.469536258194654943e+00
4.224844968993799021e+00	3.781494038180129191e+00	-8.357212800000000108e-01	1.208466767523953767e+00
4.225845169033807025e+00	3.782222158499600528e+00	-8.939984399999999498e-01	1.339001512859304244e+00
4.226845369073815029e+00	3.783162755380491848e+00	-8.810479599999999634e-01	1.077932022188603289e+00
4.227845569113823032e+00	3.782803651855901172e+00	-1.004077520000000057e+00	1.143199394856278639e+00
4.228845769153831036e+00	3.782040200998586954e+00	-7.774441199999999608e-01	1.404268885526979593e+00
4.229845969193839039e+00	3.782630346396786525e+00	-8.551469999999999905e-01	1.273734140191629116e+00
4.230846169233847043e+00	3.784597743800040437e+00	-9.263746400000000270e-01	1.404268885526979593e+00
4.231846369273855046e+00	3.785597752084781664e+00	-9.652260799999999863e-01	1.534803630862329848e+00
4.232846569313863050e+00	3.784593083681016878e+00	-8.292460400000000176e-01	1.306367826525466569e+00
4.233846769353871053e+00	3.783857376583459331e+00	-9.717013200000000905e-01	1.567437317196167523e+00
4.234846969393879057e+00	3.784572567883315308e+00	-8.616222399999999837e-01	1.077932022188603289e+00
4.235847169433887061e+00	3.785477735894308804e+00	-9.587508399999999931e-01	1.175833081190116092e+00
4.236847369473895064e+00	3.785536678218416995e+00	-9.393251199999999024e-01	1.306367826525466569e+00
4.237847569513903068e+00	3.785023154399365986e+00	-9.911270399999999592e-01	1.175833081190116092e+00
4.238847769553911071e+00	3.785627020014597832e+00	-1.042928960000000016e+00	1.371635199193141919e+00
4.239847969593919075e+00	3.787802994917911281e+00	-8.810479599999999634e-01	1.371635199193141919e+00
4.240848169633927078e+00	3.789138991481627361e+00	-9.911270399999999592e-01	1.567437317196167523e+00
4.241848369673935082e+00	3.788305641898978227e+00	-9.263746400000000270e-01	1.404268885526979593e+00
4.242848569713943085e+00	3.787212995770282031e+00	-1.068829919999999989e+00	1.339001512859304244e+00
4.243848769753951089e+00	3.787528052073251050e+00	-1.062354679999999885e+00	1.371635199193141919e+00
4.244848969793959093e+00	3.788566155132361946e+00	-9.458003599999998956e-01	1.241100453857791219e+00
4.245849169833967096e+00	3.789181877756938821e+00	-9.587508399999999931e-01	1.241100453857791219e+00
4.246849369873975100e+00	3.789064038110192545e+00	-9.717013200000000905e-01	1.469536258194654943e+00
4.247849569913983103e+00	3.788400067779246427e+00	-1.081780399999999975e+00	1.339001512859304244e+00
4.248849769953991107e+00	3.788069002600611856e+00	-9.976022799999999524e-01	1.534803630862329848e+00
4.249849969993999110e+00	3.788928035672104233e+00	-1.017028000000000043e+00	1.502169944528492396e+00
4.250850170034007114e+00	3.790195910960783010e+00	-1.042928960000000016e+00	1.469536258194654943e+00
4.251850370074015117e+00	3.790723815441991107e+00	-1.023503240000000147e+00	1.469536258194654943e+00
4.252850570114023121e+00	3.790974827757384702e+00	-9.652260799999999863e-01	1.404268885526979593e+00
4.253850770154031125e+00	3.791966500377866645e+00	-9.004736800000000541e-01	1.306367826525466569e+00
4.254850970194039128e+00	3.793374328346175162e+00	-9.134241599999999295e-01	1.469536258194654943e+00
4.255851170234047132e+00	3.793587231581036168e+00	-1.042928960000000016e+00	1.404268885526979593e+00
4.256851370274055135e+00	3.792416450324619159e+00	-1.062354679999999885e+00	1.469536258194654943e+00
4.257851570314063139e+00	3.791820069154709039e+00	-1.010552759999999939e+00	1.371635199193141919e+00
4.258851770354071142e+00	3.792418796145685000e+00	-9.263746400000000270e-01	1.665338376197680104e+00
4.259851970394079146e+00	3.793275113640673712e+00	-1.094730879999999962e+00	1.339001512859304244e+00
4.260852170434087149e+00	3.794198954670717772e+00	-1.042928960000000016e+00	1.371635199193141919e+00
4.261852370474095153e+00	3.794675563449914080e+00	-9.781765600000000838e-01	1.339001512859304244e+00
4.262852570514103157e+00	3.794388278287760485e+00	-1.062354679999999885e+00	1.110565708522440964e+00
4.263852770554111160e+00	3.794854085266945454e+00	-1.101206119999999844e+00	1.567437317196167523e+00
4.264852970594119164e+00	3.796490310639690779e+00	-9.911270399999999592e-01	1.208466767523953767e+00
4.265853170634127167e+00	3.797400637134735746e+00	-1.049404199999999898e+00	1.795873121533031025e+00
4.266853370674135171e+00	3.797070479788986930e+00	-9.911270399999999592e-01	1.632704689863842651e+00
4.267853570714143174e+00	3.796997201848623771e+00	-1.004077520000000057e+00	1.600071003530005198e+00
4.268853770754151178e+00	3.797341920550370453e+00	-1.062354679999999885e+00	1.567437317196167523e+00
4.269853970794159181e+00	3.796871261697505773e+00	-1.088255640000000080e+00	1.404268885526979593e+00
4.270854170834167185e+00	3.795969462262641869e+00	-1.075305160000000093e+00	1.241100453857791219e+00
4.271854370874175189e+00	3.796357627030582105e+00	-1.101206119999999844e+00	1.371635199193141919e+00
4.272854570914183192e+00	3.798078283218538687e+00	-1.036453719999999912e+00	1.273734140191629116e+00
4.273854770954191196e+00	3.799565375183242555e+00	-1.017028000000000043e+00	1.795873121533031025e+00
4.274854970994199199e+00	3.800179502648806551e+00	-1.120631839999999935e+00	1.632704689863842651e+00
4.275855171034207203e+00	3.800068695821216203e+00	-1.029978480000000030e+00	1.600071003530005198e+00
4.276855371074215206e+00	3.798845051989226729e+00	-1.075305160000000093e+00	1.795873121533031025e+00
4.277855571114223210e+00	3.797186445560198464e+00	-1.107681359999999948e+00	1.469536258194654943e+00
4.278855771154231213e+00	3.797223337647607000e+00	-1.120631839999999935e+00	1.469536258194654943e+00
4.279855971194239217e+00	3.798922228750665209e+00	-1.159483280000000116e+00	1.404268885526979593e+00
4.280856171234247221e+00	3.799924520058202582e+00	-1.094730879999999962e+00	1.306367826525466569e+00
4.281856371274255224e+00	3.799753334167586871e+00	-1.107681359999999948e+00	1.600071003530005198e+00
4.282856571314263228e+00	3.800393537673912192e+00	-1.114156600000000052e+00	1.534803630862329848e+00
4.283856771354271231e+00	3.802230828204156143e+00	-1.165958519999999998e+00	1.763239435199193128e+00
4.284856971394279235e+00	3.802405448437888413e+00	-1.178908999999999985e+00	1.763239435199193128e+00
4.285857171434287238e+00	3.799916445445740365e+00	-1.133582319999999921e+00	1.436902571860817046e+00
4.286857371474295242e+00	3.798228520537021868e+00	-1.075305160000000093e+00	1.763239435199193128e+00
4.287857571514303245e+00	3.799616271941488765e+00	-1.153008040000000012e+00	1.339001512859304244e+00
4.288857771554311249e+00	3.802042002291234901e+00	-1.120631839999999935e+00	1.469536258194654943e+00
4.289857971594319253e+00	3.802895340295543214e+00	-1.062354679999999885e+00	1.567437317196167523e+00
4.290858171634327256e+00	3.802574214553835041e+00	-1.165958519999999998e+00	1.371635199193141919e+00
4.291858371674335260e+00	3.802757278562478138e+00	-1.153008040000000012e+00	1.534803630862329848e+00
4.292858571714343263e+00	3.803094658092847968e+00	-1.101206119999999844e+00	1.600071003530005198e+00
4.293858771754351267e+00	3.802815646896422930e+00	-1.153008040000000012e+00	1.632704689863842651e+00
4.294858971794359270e+00	3.802785206315647759e+00	-1.120631839999999935e+00	1.273734140191629116e+00
4.295859171834367274e+00	3.803439854055688407e+00	-1.269562360000000112e+00	1.436902571860817046e+00
4.296859371874375277e+00	3.804121473439837420e+00	-1.224235680000000048e+00	1.534803630862329848e+00
4.297859571914383281e+00	3.804654375345374095e+00	-1.127107080000000039e+00	1.502169944528492396e+00
4.298859771954391285e+00	3.804776876770601834e+00	-1.062354679999999885e+00	1.534803630862329848e+00
4.299859971994399288e+00	3.804270239316819513e+00	-1.042928960000000016e+00	1.763239435199193128e+00
4.300860172034407292e+00	3.804526322241044589e+00	-1.165958519999999998e+00	1.469536258194654943e+00
4.301860372074415295e+00	3.806196889628333579e+00	-1.191859479999999971e+00	1.697972062531518000e+00
4.302860572114423299e+00	3.807046956947366390e+00	-1.172433759999999880e+00	1.567437317196167523e+00
4.303860772154431302e+00	3.805893744376114274e+00	-1.165958519999999998e+00	1.665338376197680104e+00
4.304860972194439306e+00	3.804719034687041201e+00	-1.217760439999999944e+00	1.534803630862329848e+00
4.305861172234447309e+00	3.804949610148045558e+00	-1.185384240000000089e+00	1.534803630862329848e+00
4.306861372274455313e+00	3.806129668384232279e+00	-1.140057560000000025e+00	1.436902571860817046e+00
4.307861572314463317e+00	3.807572139049197002e+00	-1.140057560000000025e+00	1.567437317196167523e+00
4.308861772354471320e+00	3.808357342760110065e+00	-1.101206119999999844e+00	1.828506807866868478e+00
4.309861972394479324e+00	3.807835497608018649e+00	-1.185384240000000089e+00	1.795873121533031025e+00
4.310862172434487327e+00	3.806962349685574232e+00	-1.198334720000000075e+00	1.534803630862329848e+00
4.311862372474495331e+00	3.806978239073415704e+00	-1.204809959999999958e+00	1.861140494200705930e+00
4.312862572514503334e+00	3.807250145747821168e+00	-1.178908999999999985e+00	1.534803630862329848e+00
4.313862772554511338e+00	3.806840299142997264e+00	-1.133582319999999921e+00	1.469536258194654943e+00
4.314862972594519341e+00	3.806918362448874049e+00	-1.172433759999999880e+00	1.436902571860817046e+00
4.315863172634527345e+00	3.808525197260109962e+00	-1.172433759999999880e+00	1.339001512859304244e+00
4.316863372674535348e+00	3.810293977040053459e+00	-1.269562360000000112e+00	1.861140494200705930e+00
4.317863572714543352e+00	3.811099079935902356e+00	-1.133582319999999921e+00	1.763239435199193128e+00
4.318863772754551356e+00	3.811280958538669328e+00	-1.204809959999999958e+00	1.926407866868381280e+00
4.319863972794559359e+00	3.810697994361434304e+00	-1.165958519999999998e+00	1.795873121533031025e+00
4.320864172834567363e+00	3.809510653824626836e+00	-1.230710920000000153e+00	1.795873121533031025e+00
4.321864372874575366e+00	3.808857914272711476e+00	-1.282512840000000320e+00	1.632704689863842651e+00
4.322864572914583370e+00	3.809109235451826780e+00	-1.237186160000000035e+00	1.436902571860817046e+00
4.323864772954591373e+00	3.809426859791204656e+00	-1.224235680000000048e+00	1.241100453857791219e+00
4.324864972994598489e+00	3.809106273253318964e+00	-1.230710920000000153e+00	1.567437317196167523e+00
4.325865173034606492e+00	3.809525977628708482e+00	-1.224235680000000048e+00	1.077932022188603289e+00
4.326865373074614496e+00	3.812034531106776925e+00	-1.224235680000000048e+00	1.828506807866868478e+00
4.327865573114622499e+00	3.814216813094279068e+00	-1.263087120000000230e+00	1.828506807866868478e+00
4.328865773154630503e+00	3.813704121071543440e+00	-1.153008040000000012e+00	1.730605748865355453e+00
4.329865973194638507e+00	3.811899700789324275e+00	-1.088255640000000080e+00	1.861140494200705930e+00
4.330866173234646510e+00	3.810794588587928633e+00	-1.211285200000000062e+00	1.404268885526979593e+00
4.331866373274654514e+00	3.811075273995041979e+00	-1.191859479999999971e+00	1.567437317196167523e+00
4.332866573314662517e+00	3.812364151217060737e+00	-1.288988079999999981e+00	1.436902571860817046e+00
4.333866773354670521e+00	3.813320814486470756e+00	-1.178908999999999985e+00	1.339001512859304244e+00
4.334866973394678524e+00	3.813383506794718159e+00	-1.198334720000000075e+00	1.665338376197680104e+00
4.335867173434686528e+00	3.813217329780231868e+00	-1.204809959999999958e+00	1.730605748865355453e+00
4.336867373474694531e+00	3.813225009568469659e+00	-1.114156600000000052e+00	1.763239435199193128e+00
4.337867573514702535e+00	3.813265408385970723e+00	-1.237186160000000035e+00	1.893774180534543827e+00
4.338867773554710539e+00	3.813156637348298794e+00	-1.211285200000000062e+00	1.469536258194654943e+00
4.339867973594718542e+00	3.813080421457780478e+00	-1.217760439999999944e+00	1.697972062531518000e+00
4.340868173634726546e+00	3.813725367895575591e+00	-1.204809959999999958e+00	1.404268885526979593e+00
4.341868373674734549e+00	3.814978619851053576e+00	-1.288988079999999981e+00	1.502169944528492396e+00
4.342868573714742553e+00	3.815399489411302358e+00	-1.159483280000000116e+00	1.534803630862329848e+00
4.343868773754750556e+00	3.814647037007917518e+00	-1.327839520000000162e+00	1.567437317196167523e+00
4.344868973794758560e+00	3.813985939498237610e+00	-1.178908999999999985e+00	1.632704689863842651e+00
4.345869173834766563e+00	3.813901980243591616e+00	-1.243661399999999917e+00	1.632704689863842651e+00
4.346869373874774567e+00	3.814102274021944350e+00	-1.198334720000000075e+00	1.697972062531518000e+00
4.347869573914782571e+00	3.814522126523329337e+00	-1.392591920000000094e+00	1.665338376197680104e+00
4.348869773954790574e+00	3.814817816792765548e+00	-1.172433759999999880e+00	1.567437317196167523e+00
4.349869973994798578e+00	3.814891727328713955e+00	-1.191859479999999971e+00	1.600071003530005198e+00
4.350870174034806581e+00	3.815426358223354519e+00	-1.224235680000000048e+00	1.763239435199193128e+00
4.351870374074814585e+00	3.816235753366017835e+00	-1.159483280000000116e+00	1.567437317196167523e+00
4.352870574114822588e+00	3.816077699448219285e+00	-1.107681359999999948e+00	1.697972062531518000e+00
4.353870774154830592e+00	3.815329195205635404e+00	-1.230710920000000153e+00	1.697972062531518000e+00
4.354870974194838595e+00	3.815742887817787032e+00	-1.282512840000000320e+00	1.730605748865355453e+00
4.355871174234846599e+00	3.816915451841018658e+00	-1.224235680000000048e+00	1.697972062531518000e+00
4.356871374274854603e+00	3.817100416375515337e+00	-1.159483280000000116e+00	1.600071003530005198e+00
4.357871574314862606e+00	3.816668024487799737e+00	-1.101206119999999844e+00	1.730605748865355453e+00
4.358871774354870610e+00	3.816817255528406783e+00	-1.075305160000000093e+00	1.436902571860817046e+00
4.359871974394878613e+00	3.817402687401599160e+00	-1.204809959999999958e+00	1.534803630862329848e+00
4.360872174434886617e+00	3.817995047483199400e+00	-1.153008040000000012e+00	1.697972062531518000e+00
4.361872374474894620e+00	3.818260269851238231e+00	-1.230710920000000153e+00	1.600071003530005198e+00
4.362872574514902624e+00	3.817902300040513008e+00	-1.282512840000000320e+00	1.893774180534543827e+00
4.363872774554910627e+00	3.817398244818825503e+00	-1.256611880000000125e+00	1.665338376197680104e+00
4.364872974594918631e+00	3.817280992741838297e+00	-1.211285200000000062e+00	1.763239435199193128e+00
4.365873174634926634e+00	3.817531035414312601e+00	-1.185384240000000089e+00	1.469536258194654943e+00
4.366873374674934638e+00	3.817756162257092800e+00	-1.282512840000000320e+00	1.567437317196167523e+00
4.367873574714942642e+00	3.817596316873800077e+00	-1.269562360000000112e+00	1.208466767523953767e+00
4.368873774754950645e+00	3.818035518753848834e+00	-1.178908999999999985e+00	1.371635199193141919e+00
4.369873974794958649e+00	3.819580903810998240e+00	-1.237186160000000035e+00	1.795873121533031025e+00
4.370874174834966652e+00	3.820065987407408770e+00	-1.237186160000000035e+00	1.600071003530005198e+00
4.371874374874974656e+00	3.818480721316637183e+00	-1.204809959999999958e+00	1.991675239536056408e+00
4.372874574914982659e+00	3.816803728717864441e+00	-1.159483280000000116e+00	1.795873121533031025e+00
4.373874774954990663e+00	3.816406385906642384e+00	-1.269562360000000112e+00	1.730605748865355453e+00
4.374874974994998666e+00	3.816783348174301427e+00	-1.353740480000000357e+00	1.730605748865355453e+00
4.375875175035006670e+00	3.817407249412923420e+00	-1.230710920000000153e+00	1.502169944528492396e+00
4.376875375075014674e+00	3.818495179265476658e+00	-1.237186160000000035e+00	1.306367826525466569e+00
4.377875575115022677e+00	3.819330891794318283e+00	-1.159483280000000116e+00	1.502169944528492396e+00
4.378875775155030681e+00	3.819117193850301017e+00	-1.114156600000000052e+00	1.534803630862329848e+00
4.379875975195038684e+00	3.819333505447720878e+00	-1.204809959999999958e+00	1.828506807866868478e+00
4.380876175235046688e+00	3.820364118689138166e+00	-1.204809959999999958e+00	1.926407866868381280e+00
4.381876375275054691e+00	3.819903247435520566e+00	-1.224235680000000048e+00	1.730605748865355453e+00
4.382876575315062695e+00	3.818115043080385629e+00	-1.263087120000000230e+00	1.893774180534543827e+00
4.383876775355070698e+00	3.818154892715058146e+00	-1.347265240000000031e+00	1.469536258194654943e+00
4.384876975395078702e+00	3.820326306735619237e+00	-1.347265240000000031e+00	1.502169944528492396e+00
4.385877175435086706e+00	3.821384435611078434e+00	-1.217760439999999944e+00	1.469536258194654943e+00
4.386877375475094709e+00	3.820180421001278859e+00	-1.237186160000000035e+00	1.404268885526979593e+00
4.387877575515102713e+00	3.818809930693074062e+00	-1.211285200000000062e+00	1.795873121533031025e+00
4.388877775555110716e+00	3.818844471752089298e+00	-1.256611880000000125e+00	1.763239435199193128e+00
4.389877975595118720e+00	3.820154796716770829e+00	-1.288988079999999981e+00	1.697972062531518000e+00
4.390878175635126723e+00	3.821151564972478099e+00	-1.224235680000000048e+00	1.861140494200705930e+00
4.391878375675134727e+00	3.820514593501683986e+00	-1.237186160000000035e+00	1.600071003530005198e+00
4.392878575715142730e+00	3.819517575487646699e+00	-1.256611880000000125e+00	1.600071003530005198e+00
4.393878775755150734e+00	3.819520013058120611e+00	-1.256611880000000125e+00	1.469536258194654943e+00
4.394878975795158738e+00	3.820323575737286870e+00	-1.230710920000000153e+00	1.502169944528492396e+00
4.395879175835166741e+00	3.821782277215107104e+00	-1.250136640000000021e+00	1.632704689863842651e+00
4.396879375875174745e+00	3.822976051733366631e+00	-1.204809959999999958e+00	1.632704689863842651e+00
4.397879575915182748e+00	3.822584959594673482e+00	-1.217760439999999944e+00	1.828506807866868478e+00
4.398879775955190752e+00	3.821309593244911706e+00	-1.256611880000000125e+00	1.795873121533031025e+00
4.399879975995198755e+00	3.820524733739508960e+00	-1.230710920000000153e+00	1.600071003530005198e+00
4.400880176035206759e+00	3.820292313880859325e+00	-1.230710920000000153e+00	1.665338376197680104e+00
4.401880376075214762e+00	3.820374430472743832e+00	-1.224235680000000048e+00	1.600071003530005198e+00
4.402880576115222766e+00	3.820535249684794188e+00	-1.204809959999999958e+00	1.600071003530005198e+00
4.403880776155230770e+00	3.820827409638889893e+00	-1.217760439999999944e+00	1.600071003530005198e+00
4.404880976195238773e+00	3.821767625084978803e+00	-1.230710920000000153e+00	1.600071003530005198e+00
4.405881176235246777e+00	3.822441615058127518e+00	-1.217760439999999944e+00	1.632704689863842651e+00
4.406881376275254780e+00	3.821657635748761273e+00	-1.217760439999999944e+00	1.567437317196167523e+00
4.407881576315262784e+00	3.820666957675260988e+00	-1.217760439999999944e+00	1.763239435199193128e+00
4.408881776355270787e+00	3.821085196365885395e+00	-1.217760439999999944e+00	1.632704689863842651e+00
4.409881976395278791e+00	3.822173497684389520e+00	-1.211285200000000062e+00	1.665338376197680104e+00
4.410882176435286794e+00	3.822120755709750295e+00	-1.224235680000000048e+00	1.567437317196167523e+00
4.411882376475294798e+00	3.820763403021575577e+00	-1.211285200000000062e+00	1.600071003530005198e+00
4.412882576515302802e+00	3.819825260748916484e+00	-1.217760439999999944e+00	1.567437317196167523e+00
4.413882776555310805e+00	3.820190232120502571e+00	-1.204809959999999958e+00	1.697972062531518000e+00
4.414882976595318809e+00	3.820853695151873897e+00	-1.211285200000000062e+00	1.469536258194654943e+00
4.415883176635326812e+00	3.820857575040400800e+00	-1.204809959999999958e+00	1.893774180534543827e+00
4.416883376675334816e+00	3.820324005414443391e+00	-1.185384240000000089e+00	1.502169944528492396e+00
4.417883576715342819e+00	3.819935754711699882e+00	-1.204809959999999958e+00	1.697972062531518000e+00
4.418883776755350823e+00	3.819964643146460670e+00	-1.269562360000000112e+00	1.502169944528492396e+00
4.419883976795358826e+00	3.819781201184782482e+00	-1.250136640000000021e+00	1.502169944528492396e+00
4.420884176835366830e+00	3.819305084772305126e+00	-1.224235680000000048e+00	1.567437317196167523e+00
4.421884376875374834e+00	3.819957631815248167e+00	-1.191859479999999971e+00	1.404268885526979593e+00
4.422884576915382837e+00	3.821949086425482811e+00	-1.198334720000000075e+00	1.926407866868381280e+00
4.423884776955390841e+00	3.823235378708722543e+00	-1.153008040000000012e+00	1.600071003530005198e+00
4.424884976995398844e+00	3.822635388048102989e+00	-1.191859479999999971e+00	1.926407866868381280e+00
4.425885177035406848e+00	3.820955930744680096e+00	-1.243661399999999917e+00	1.893774180534543827e+00
4.426885377075414851e+00	3.820055353808557541e+00	-1.133582319999999921e+00	1.600071003530005198e+00
4.427885577115422855e+00	3.820482251047150779e+00	-1.211285200000000062e+00	1.665338376197680104e+00
4.428885777155430858e+00	3.820631215315416718e+00	-1.211285200000000062e+00	1.371635199193141919e+00
4.429885977195438862e+00	3.820585644617149335e+00	-1.243661399999999917e+00	1.339001512859304244e+00
4.430886177235446866e+00	3.821428791373545408e+00	-1.094730879999999962e+00	1.730605748865355453e+00
4.431886377275454869e+00	3.822111673754430061e+00	-1.185384240000000089e+00	1.469536258194654943e+00
4.432886577315462873e+00	3.821921961527005251e+00	-1.198334720000000075e+00	1.959041553202218955e+00
4.433886777355470876e+00	3.821215659659448427e+00	-1.217760439999999944e+00	1.926407866868381280e+00
4.434886977395478880e+00	3.819838075407858469e+00	-1.204809959999999958e+00	1.502169944528492396e+00
4.435887177435486883e+00	3.818374871653094083e+00	-1.237186160000000035e+00	1.795873121533031025e+00
4.436887377475494887e+00	3.818466535091358249e+00	-1.256611880000000125e+00	1.436902571860817046e+00
4.437887577515502890e+00	3.820424860618667484e+00	-1.243661399999999917e+00	1.404268885526979593e+00
4.438887777555510894e+00	3.822088819670550919e+00	-1.224235680000000048e+00	1.600071003530005198e+00
4.439887977595518898e+00	3.821838335419895927e+00	-1.165958519999999998e+00	1.436902571860817046e+00
4.440888177635526901e+00	3.820962827398904249e+00	-1.178908999999999985e+00	1.828506807866868478e+00
4.441888377675534905e+00	3.820507407375519637e+00	-1.263087120000000230e+00	1.730605748865355453e+00
4.442888577715542908e+00	3.819914719300239625e+00	-1.185384240000000089e+00	1.600071003530005198e+00
4.443888777755550912e+00	3.819552301971720798e+00	-1.217760439999999944e+00	1.697972062531518000e+00
4.444888977795558915e+00	3.819802161295040577e+00	-1.146532799999999908e+00	1.436902571860817046e+00
4.445889177835566919e+00	3.819923018999925812e+00	-1.114156600000000052e+00	1.665338376197680104e+00
4.446889377875574922e+00	3.819852906565158968e+00	-1.010552759999999939e+00	1.469536258194654943e+00
4.447889577915582926e+00	3.820326533094236421e+00	-1.178908999999999985e+00	1.534803630862329848e+00
4.448889777955590930e+00	3.821333703809390414e+00	-1.237186160000000035e+00	1.567437317196167523e+00
4.449889977995598933e+00	3.821716508649519728e+00	-1.172433759999999880e+00	1.534803630862329848e+00
4.450890178035606937e+00	3.820761729372580184e+00	-1.211285200000000062e+00	1.697972062531518000e+00
4.451890378075614940e+00	3.819663984662470479e+00	-1.159483280000000116e+00	1.534803630862329848e+00
4.452890578115622944e+00	3.819367357029733068e+00	-1.172433759999999880e+00	1.600071003530005198e+00
4.453890778155630947e+00	3.818880177011301669e+00	-1.198334720000000075e+00	1.730605748865355453e+00
4.454890978195638951e+00	3.818269300365185082e+00	-1.107681359999999948e+00	1.502169944528492396e+00
4.455891178235646954e+00	3.818944703466406132e+00	-1.127107080000000039e+00	1.469536258194654943e+00
4.456891378275654958e+00	3.820397524686227175e+00	-1.198334720000000075e+00	1.632704689863842651e+00
4.457891578315662962e+00	3.821014063246684245e+00	-1.204809959999999958e+00	1.436902571860817046e+00
4.458891778355670965e+00	3.820435211442706702e+00	-1.159483280000000116e+00	1.600071003530005198e+00
4.459891978395678969e+00	3.819405998698220284e+00	-1.172433759999999880e+00	1.567437317196167523e+00
4.460892178435686972e+00	3.818917222012657042e+00	-1.101206119999999844e+00	1.600071003530005198e+00
4.461892378475694976e+00	3.819457827339894695e+00	-9.781765600000000838e-01	1.502169944528492396e+00
4.462892578515702979e+00	3.820460272967646898e+00	-1.004077520000000057e+00	1.632704689863842651e+00
4.463892778555710983e+00	3.820754920038316627e+00	-1.088255640000000080e+00	1.502169944528492396e+00
4.464892978595718986e+00	3.820247155536586003e+00	-1.211285200000000062e+00	1.534803630862329848e+00
4.465893178635726990e+00	3.820447734074935209e+00	-1.250136640000000021e+00	1.534803630862329848e+00
4.466893378675734994e+00	3.821655520027697595e+00	-1.256611880000000125e+00	1.632704689863842651e+00
4.467893578715742997e+00	3.821830112586675821e+00	-1.230710920000000153e+00	1.567437317196167523e+00
4.468893778755751001e+00	3.820109293951051033e+00	-1.107681359999999948e+00	1.828506807866868478e+00
4.469893978795759004e+00	3.818024804628965096e+00	-1.114156600000000052e+00	1.502169944528492396e+00
4.470894178835767008e+00	3.817105665331508302e+00	-1.172433759999999880e+00	1.600071003530005198e+00
4.471894378875775011e+00	3.817729032686866919e+00	-1.127107080000000039e+00	1.404268885526979593e+00
4.472894578915783015e+00	3.819110199098143088e+00	-1.107681359999999948e+00	1.273734140191629116e+00
4.473894778955791018e+00	3.819963550577686107e+00	-1.224235680000000048e+00	1.534803630862329848e+00
4.474894978995799022e+00	3.820122890276319794e+00	-1.153008040000000012e+00	1.175833081190116092e+00
4.475895179035807026e+00	3.820233902052791564e+00	-1.101206119999999844e+00	1.795873121533031025e+00
4.476895379075815029e+00	3.820405763739323834e+00	-1.107681359999999948e+00	1.632704689863842651e+00
4.477895579115823033e+00	3.820559052460691607e+00	-1.198334720000000075e+00	1.763239435199193128e+00
4.478895779155831036e+00	3.820204898072731226e+00	-1.120631839999999935e+00	1.665338376197680104e+00
4.479895979195839040e+00	3.819174153968051488e+00	-1.133582319999999921e+00	1.469536258194654943e+00
4.480896179235847043e+00	3.818618152319671388e+00	-1.088255640000000080e+00	1.534803630862329848e+00
4.481896379275855047e+00	3.818794840217292652e+00	-1.140057560000000025e+00	1.404268885526979593e+00
4.482896579315863050e+00	3.819139582776054365e+00	-9.976022799999999524e-01	1.110565708522440964e+00
4.483896779355871054e+00	3.819946554924876558e+00	-1.023503240000000147e+00	1.730605748865355453e+00
4.484896979395879058e+00	3.820943167510293836e+00	-1.140057560000000025e+00	1.567437317196167523e+00
4.485897179435887061e+00	3.820942779298960534e+00	-1.036453719999999912e+00	1.763239435199193128e+00
4.486897379475895065e+00	3.819636493806915389e+00	-1.062354679999999885e+00	1.665338376197680104e+00
4.487897579515903068e+00	3.817995495496224301e+00	-1.017028000000000043e+00	1.502169944528492396e+00
4.488897779555911072e+00	3.816473041564378832e+00	-1.107681359999999948e+00	1.697972062531518000e+00
4.489897979595919075e+00	3.815446799051550375e+00	-1.146532799999999908e+00	1.273734140191629116e+00
4.490898179635927079e+00	3.816687898406099677e+00	-1.094730879999999962e+00	1.404268885526979593e+00
4.491898379675935082e+00	3.819468219214544824e+00	-1.029978480000000030e+00	1.469536258194654943e+00
4.492898579715943086e+00	3.820234920458050798e+00	-1.081780399999999975e+00	1.371635199193141919e+00
4.493898779755951089e+00	3.818797280427997709e+00	-1.075305160000000093e+00	1.632704689863842651e+00
4.494898979795959093e+00	3.817974106191628803e+00	-1.068829919999999989e+00	1.763239435199193128e+00
4.495899179835967097e+00	3.818801492984287282e+00	-1.094730879999999962e+00	1.502169944528492396e+00
4.496899379875975100e+00	3.819628415439511482e+00	-1.081780399999999975e+00	1.697972062531518000e+00
4.497899579915983104e+00	3.818610801003221145e+00	-1.068829919999999989e+00	1.208466767523953767e+00
4.498899779955991107e+00	3.816981506797858081e+00	-1.004077520000000057e+00	1.469536258194654943e+00
4.499899979995999111e+00	3.817241674043723165e+00	-1.004077520000000057e+00	1.371635199193141919e+00
4.500900180036007114e+00	3.818663317951845215e+00	-1.029978480000000030e+00	1.371635199193141919e+00
4.501900380076015118e+00	3.818956284342817309e+00	-1.101206119999999844e+00	1.502169944528492396e+00
4.502900580116023121e+00	3.817910203108534350e+00	-1.042928960000000016e+00	1.502169944528492396e+00
4.503900780156031125e+00	3.816728592946708964e+00	-1.081780399999999975e+00	1.567437317196167523e+00
4.504900980196039129e+00	3.816565303865061320e+00	-1.101206119999999844e+00	1.502169944528492396e+00
4.505901180236047132e+00	3.817507510435952600e+00	-9.781765600000000838e-01	1.534803630862329848e+00
4.506901380276055136e+00	3.817860615300380456e+00	-1.017028000000000043e+00	1.436902571860817046e+00
4.507901580316063139e+00	3.816734407756339209e+00	-1.049404199999999898e+00	1.436902571860817046e+00
4.508901780356071143e+00	3.815615423081291535e+00	-9.911270399999999592e-01	1.436902571860817046e+00
4.509901980396079146e+00	3.815575973765561013e+00	-1.049404199999999898e+00	1.469536258194654943e+00
4.510902180436087150e+00	3.816082288942332479e+00	-9.846517999999999660e-01	1.600071003530005198e+00
4.511902380476095153e+00	3.816608836950882822e+00	-1.017028000000000043e+00	1.567437317196167523e+00
4.512902580516103157e+00	3.817198996854910487e+00	-9.781765600000000838e-01	1.404268885526979593e+00
4.513902780556111161e+00	3.817424579838815113e+00	-9.911270399999999592e-01	1.534803630862329848e+00
4.514902980596119164e+00	3.816722726957363587e+00	-1.094730879999999962e+00	1.502169944528492396e+00
4.515903180636127168e+00	3.815679036475250197e+00	-1.010552759999999939e+00	1.306367826525466569e+00
4.516903380676135171e+00	3.815118216710589483e+00	-1.042928960000000016e+00	1.306367826525466569e+00
4.517903580716143175e+00	3.815300288610269153e+00	-9.911270399999999592e-01	1.502169944528492396e+00
4.518903780756151178e+00	3.816021638360209689e+00	-9.198994000000000337e-01	1.306367826525466569e+00
4.519903980796159182e+00	3.816809252874115987e+00	-8.357212800000000108e-01	1.567437317196167523e+00
4.520904180836167185e+00	3.817223751288480127e+00	-8.745727199999999701e-01	1.436902571860817046e+00
4.521904380876175189e+00	3.816497769454708866e+00	-9.717013200000000905e-01	1.502169944528492396e+00
4.522904580916183193e+00	3.814962140078325792e+00	-9.134241599999999295e-01	1.339001512859304244e+00
4.523904780956191196e+00	3.814348639417696418e+00	-8.875231999999999566e-01	1.404268885526979593e+00
4.524904980996199200e+00	3.814784362962933439e+00	-8.227708000000000244e-01	1.241100453857791219e+00
4.525905181036207203e+00	3.815009571611130745e+00	-9.846517999999999660e-01	1.175833081190116092e+00
4.526905381076215207e+00	3.814767215145961732e+00	-9.846517999999999660e-01	1.404268885526979593e+00
4.527905581116223210e+00	3.814865819347279974e+00	-9.263746400000000270e-01	1.110565708522440964e+00
4.528905781156231214e+00	3.815884234593055258e+00	-8.616222399999999837e-01	1.697972062531518000e+00
4.529905981196239217e+00	3.816740111596686802e+00	-8.486717599999999972e-01	1.469536258194654943e+00
4.530906181236247221e+00	3.815890109166428346e+00	-1.010552759999999939e+00	1.665338376197680104e+00
4.531906381276255225e+00	3.814001664662797886e+00	-9.846517999999999660e-01	1.567437317196167523e+00
4.532906581316263228e+00	3.813065131419351772e+00	-1.029978480000000030e+00	1.175833081190116092e+00
4.533906781356271232e+00	3.813503656279064735e+00	-9.652260799999999863e-01	1.339001512859304244e+00
4.534906981396279235e+00	3.814118370160906935e+00	-8.810479599999999634e-01	1.273734140191629116e+00
4.535907181436287239e+00	3.814212020936131875e+00	-9.458003599999998956e-01	1.045298335854765615e+00
4.536907381476295242e+00	3.813969337178134467e+00	-9.328498800000000202e-01	1.502169944528492396e+00
4.537907581516303246e+00	3.813805263096946785e+00	-8.745727199999999701e-01	1.404268885526979593e+00
4.538907781556311249e+00	3.813810296333214112e+00	-8.486717599999999972e-01	1.502169944528492396e+00
4.539907981596319253e+00	3.813028379185376071e+00	-8.939984399999999498e-01	1.665338376197680104e+00
4.540908181636327257e+00	3.811568152666032994e+00	-8.292460400000000176e-01	1.175833081190116092e+00
4.541908381676335260e+00	3.811405597055026018e+00	-9.263746400000000270e-01	1.371635199193141919e+00
4.542908581716343264e+00	3.812634724065984582e+00	-9.458003599999998956e-01	1.241100453857791219e+00
4.543908781756351267e+00	3.813555619449992662e+00	-8.939984399999999498e-01	1.143199394856278639e+00
4.544908981796359271e+00	3.813495571912672855e+00	-8.939984399999999498e-01	1.208466767523953767e+00
4.545909181836367274e+00	3.812314532368984654e+00	-8.875231999999999566e-01	1.273734140191629116e+00
4.546909381876375278e+00	3.810609335152073118e+00	-7.968698400000000515e-01	1.436902571860817046e+00
4.547909581916383281e+00	3.810083833591236591e+00	-8.939984399999999498e-01	1.404268885526979593e+00
4.548909781956391285e+00	3.811175154701456069e+00	-8.292460400000000176e-01	1.175833081190116092e+00
4.549909981996399289e+00	3.812163781890683723e+00	-8.033450799999999337e-01	1.502169944528492396e+00
4.550910182036407292e+00	3.811502829595625030e+00	-8.486717599999999972e-01	1.110565708522440964e+00
4.551910382076415296e+00	3.810278345170447167e+00	-7.644936400000000853e-01	1.208466767523953767e+00
4.552910582116423299e+00	3.810643671540970168e+00	-8.810479599999999634e-01	1.143199394856278639e+00
4.553910782156431303e+00	3.811983818323589901e+00	-8.486717599999999972e-01	1.110565708522440964e+00
4.554910982196439306e+00	3.812125523255249337e+00	-7.903945999999999472e-01	1.371635199193141919e+00
4.555911182236447310e+00	3.811163614993800408e+00	-7.774441199999999608e-01	1.208466767523953767e+00
4.556911382276455313e+00	3.810784414463189496e+00	-7.450679199999999947e-01	1.306367826525466569e+00
4.557911582316463317e+00	3.811033940099911810e+00	-8.486717599999999972e-01	1.371635199193141919e+00
4.558911782356471321e+00	3.810658372062306842e+00	-8.486717599999999972e-01	1.306367826525466569e+00
4.559911982396479324e+00	3.810123126503422331e+00	-8.162955600000000311e-01	1.143199394856278639e+00
4.560912182436487328e+00	3.810246668970052486e+00	-8.551469999999999905e-01	1.175833081190116092e+00
4.561912382476495331e+00	3.809863194967159306e+00	-8.939984399999999498e-01	1.143199394856278639e+00
4.562912582516503335e+00	3.808661152775111969e+00	-8.162955600000000311e-01	1.273734140191629116e+00
4.563912782556511338e+00	3.808151820631874518e+00	-7.709688800000000786e-01	1.110565708522440964e+00
4.564912982596519342e+00	3.808549687878572509e+00	-7.321174399999998972e-01	1.339001512859304244e+00
4.565913182636527345e+00	3.808643733021410682e+00	-7.450679199999999947e-01	1.241100453857791219e+00
4.566913382676535349e+00	3.808294927163139221e+00	-6.932660000000000489e-01	1.208466767523953767e+00
4.567913582716543353e+00	3.808239988449346747e+00	-7.903945999999999472e-01	1.175833081190116092e+00
4.568913782756551356e+00	3.808262245492541442e+00	-7.256422000000000150e-01	1.143199394856278639e+00
4.569913982796559360e+00	3.807661477202586298e+00	-6.932660000000000489e-01	1.339001512859304244e+00
4.570914182836567363e+00	3.807040385371821767e+00	-7.644936400000000853e-01	1.045298335854765615e+00
4.571914382876575367e+00	3.807354512105861399e+00	-6.220383600000000124e-01	1.208466767523953767e+00
4.572914582916583370e+00	3.807713384327773731e+00	-6.932660000000000489e-01	1.241100453857791219e+00
4.573914782956591374e+00	3.807265747643359788e+00	-8.098203199999999269e-01	1.143199394856278639e+00
4.574914982996599377e+00	3.806569961572519922e+00	-6.867907599999999446e-01	1.404268885526979593e+00
4.575915183036607381e+00	3.805596233225485570e+00	-7.385926799999998904e-01	1.077932022188603289e+00
4.576915383076615385e+00	3.804393944849393527e+00	-8.421965199999998930e-01	1.012664649520927940e+00
4.577915583116623388e+00	3.803993108177050164e+00	-6.997412400000000421e-01	1.045298335854765615e+00
4.578915783156631392e+00	3.804375425635612817e+00	-7.062164799999999243e-01	8.168625315179022239e-01
4.579915983196639395e+00	3.804408752297224527e+00	-6.544145599999999785e-01	1.208466767523953767e+00
4.580916183236647399e+00	3.804153491351812022e+00	-6.026126399999999217e-01	9.473972768532528121e-01
4.581916383276655402e+00	3.804354368054486901e+00	-6.479393199999999853e-01	1.436902571860817046e+00
4.582916583316663406e+00	3.804667260838530130e+00	-7.191669600000000218e-01	1.339001512859304244e+00
4.583916783356671409e+00	3.804265029390733854e+00	-6.544145599999999785e-01	1.469536258194654943e+00
4.584916983396679413e+00	3.802642933631890987e+00	-6.220383600000000124e-01	1.208466767523953767e+00
4.585917183436687417e+00	3.800673668466638233e+00	-6.738402799999999582e-01	9.473972768532528121e-01
4.586917383476695420e+00	3.800057085077215291e+00	-5.831869200000000530e-01	9.147635905194151373e-01
4.587917583516703424e+00	3.800565931498349759e+00	-6.738402799999999582e-01	1.012664649520927940e+00
4.588917783556711427e+00	3.800869395014510932e+00	-6.414640799999999921e-01	9.147635905194151373e-01
4.589917983596719431e+00	3.800621937082826474e+00	-6.090878800000000259e-01	1.110565708522440964e+00
4.590918183636727434e+00	3.800254094805151084e+00	-5.896621600000000463e-01	1.045298335854765615e+00
4.591918383676735438e+00	3.800393640544256435e+00	-6.155631200000000192e-01	1.273734140191629116e+00
4.592918583716743441e+00	3.800624519834408410e+00	-4.536821200000000776e-01	1.339001512859304244e+00
4.593918783756751445e+00	3.800034703331460317e+00	-6.414640799999999921e-01	1.077932022188603289e+00
4.594918983796759449e+00	3.799017269868226077e+00	-6.349888400000001099e-01	9.473972768532528121e-01
4.595919183836767452e+00	3.798234845997460418e+00	-5.572859600000000802e-01	7.515951588502269853e-01
4.596919383876775456e+00	3.798254079477621392e+00	-5.702364399999999556e-01	8.821299041855775735e-01
4.597919583916783459e+00	3.799356662055807021e+00	-4.213059199999999449e-01	1.045298335854765615e+00
4.598919783956791463e+00	3.800258694638078527e+00	-5.961373999999999285e-01	9.147635905194151373e-01
4.599919983996799466e+00	3.800280111048819354e+00	-5.508107199999999759e-01	1.208466767523953767e+00
4.600920184036807470e+00	3.799866814654253133e+00	-5.378602399999999895e-01	1.208466767523953767e+00
4.601920384076815473e+00	3.798635733611620324e+00	-5.961373999999999285e-01	8.821299041855775735e-01
4.602920584116823477e+00	3.796868057677269537e+00	-4.018802000000000207e-01	1.045298335854765615e+00
4.603920784156831481e+00	3.795869573223621618e+00	-4.407316399999999801e-01	7.842288451840646601e-01
4.604920984196839484e+00	3.796016304635983385e+00	-5.702364399999999556e-01	8.494962178517398987e-01
4.605921184236847488e+00	3.796547448961546500e+00	-4.731078399999999462e-01	9.147635905194151373e-01
4.606921384276855491e+00	3.796598380991852206e+00	-4.083554400000000140e-01	8.494962178517398987e-01
4.607921584316863495e+00	3.796082710351862843e+00	-4.731078399999999462e-01	1.012664649520927940e+00
4.608921784356871498e+00	3.795630386757665953e+00	-5.831869200000000530e-01	1.012664649520927940e+00
4.609921984396879502e+00	3.795684199982431117e+00	-5.054840400000000233e-01	9.473972768532528121e-01
4.610922184436887505e+00	3.795838143227694861e+00	-4.860583200000000437e-01	9.473972768532528121e-01
4.611922384476895509e+00	3.795194579089221865e+00	-4.601573600000000153e-01	9.147635905194151373e-01
4.612922584516903513e+00	3.793886887781965367e+00	-4.407316399999999801e-01	7.842288451840646601e-01
4.613922784556911516e+00	3.793512682238688871e+00	-5.572859600000000802e-01	7.842288451840646601e-01
4.614922984596919520e+00	3.794514043398006464e+00	-5.054840400000000233e-01	7.515951588502269853e-01
4.615923184636927523e+00	3.794893774506530981e+00	-4.472068799999999733e-01	1.012664649520927940e+00
4.616923384676935527e+00	3.793538720577358969e+00	-4.018802000000000207e-01	9.800309631870904870e-01
4.617923584716943530e+00	3.792470894899358402e+00	-4.018802000000000207e-01	1.045298335854765615e+00
4.618923784756951534e+00	3.792909013876109903e+00	-3.889297199999999788e-01	8.821299041855775735e-01
4.619923984796959537e+00	3.793081748826505173e+00	-3.630287599999999504e-01	7.842288451840646601e-01
4.620924184836967541e+00	3.792644444325036002e+00	-4.213059199999999449e-01	8.168625315179022239e-01
4.621924384876975545e+00	3.792675860300665835e+00	-3.371277999999999775e-01	7.842288451840646601e-01
4.622924584916983548e+00	3.792352502043118356e+00	-2.529496800000000101e-01	7.515951588502269853e-01
4.623924784956991552e+00	3.791154915809074044e+00	-2.594249200000000033e-01	8.821299041855775735e-01
4.624924984996999555e+00	3.790186948136347933e+00	-2.464744400000000168e-01	7.842288451840646601e-01
4.625925185037007559e+00	3.789813850696157616e+00	-3.177020799999999978e-01	9.473972768532528121e-01
4.626925385077015562e+00	3.789254171551101003e+00	-3.695039999999999436e-01	8.168625315179022239e-01
4.627925585117023566e+00	3.788508565276937912e+00	-2.982763600000000181e-01	8.821299041855775735e-01
4.628925785157031569e+00	3.788652830670654392e+00	-2.399992000000000236e-01	7.515951588502269853e-01
4.629925985197039573e+00	3.789317788606468618e+00	-2.529496800000000101e-01	6.210604135148766192e-01
4.630926185237047576e+00	3.789011875389229012e+00	-2.529496800000000101e-01	5.884267271810389444e-01
4.631926385277055580e+00	3.788276800338115979e+00	-2.853258800000000317e-01	3.926246091780131731e-01
4.632926585317063584e+00	3.788295303388100166e+00	-2.464744400000000168e-01	9.147635905194151373e-01
4.633926785357071587e+00	3.788695374039479979e+00	-4.574200000000000488e-02	6.536940998487140719e-01
4.634926985397079591e+00	3.788890268956815355e+00	-1.817220400000000013e-01	1.110565708522440964e+00
4.635927185437087594e+00	3.788061275529519989e+00	-2.723753999999999897e-01	9.147635905194151373e-01
4.636927385477095598e+00	3.786037047545652179e+00	-2.659001599999999965e-01	6.863277861825517467e-01
4.637927585517103601e+00	3.784756449448956950e+00	-1.752468000000000081e-01	7.515951588502269853e-01
4.638927785557111605e+00	3.784997946416646997e+00	-8.459344000000000585e-02	5.231593545133637058e-01
4.639927985597119608e+00	3.785146974125412456e+00	-1.299201200000000000e-01	4.252582955118507924e-01
4.640928185637127612e+00	3.784885864873269057e+00	-2.335239600000000026e-01	6.210604135148766192e-01
4.641928385677135616e+00	3.785272296717373308e+00	-2.076230000000000020e-01	4.578919818456884672e-01
4.642928585717143619e+00	3.785761099832678056e+00	-1.622963199999999939e-01	7.842288451840646601e-01
4.643928785757151623e+00	3.784966191919022283e+00	-1.169696400000000136e-01	7.842288451840646601e-01
4.644928985797159626e+00	3.783130837909210342e+00	-3.279152000000000455e-02	6.210604135148766192e-01
4.645929185837167630e+00	3.781659365537947792e+00	-1.622963199999999939e-01	7.515951588502269853e-01
4.646929385877175633e+00	3.781310065893208616e+00	-1.104944000000000065e-01	4.578919818456884672e-01
4.647929585917183637e+00	3.781733898305868813e+00	-5.869248000000000520e-02	6.210604135148766192e-01
4.648929785957191640e+00	3.782319628464633876e+00	-1.558210800000000007e-01	3.273572365103378790e-01
4.649929985997199644e+00	3.782920817219676213e+00	-8.459344000000000585e-02	2.620898638426626404e-01
4.650930186037207648e+00	3.783101157631302947e+00	-9.106868000000001295e-02	5.557930408472013806e-01
4.651930386077215651e+00	3.782415614407871107e+00	-1.104944000000000065e-01	6.210604135148766192e-01
4.652930586117223655e+00	3.781584197209211684e+00	-3.279152000000000455e-02	6.863277861825517467e-01
4.653930786157231658e+00	3.780914490645414627e+00	-4.153200000000037417e-04	7.515951588502269853e-01
4.654930986197239662e+00	3.779868165416650161e+00	7.728756000000000514e-02	4.578919818456884672e-01
4.655931186237247665e+00	3.778717460013776730e+00	-1.336580000000000407e-02	5.884267271810389444e-01
4.656931386277255669e+00	3.778299629716193042e+00	-5.221724000000000504e-02	2.620898638426626404e-01
4.657931586317263672e+00	3.779182725258267261e+00	1.253515999999999658e-02	4.252582955118507924e-01
4.658931786357271676e+00	3.780226965982925069e+00	1.901039999999999675e-02	3.926246091780131731e-01
4.659931986397279680e+00	3.779424519852832898e+00	-1.493458400000000075e-01	3.273572365103378790e-01
4.660932186437287683e+00	3.777758682951823488e+00	2.548563999999999691e-02	5.557930408472013806e-01
4.661932386477295687e+00	3.777508487040951657e+00	3.196087999999999707e-02	5.557930408472013806e-01
4.662932586517303690e+00	3.778095713423646362e+00	-4.153200000000037417e-04	3.926246091780131731e-01
4.663932786557311694e+00	3.777890268729359402e+00	7.081231999999999804e-02	5.231593545133637058e-01
4.664932986597319697e+00	3.776869102764071950e+00	5.138659999999999756e-02	2.294561775088249655e-01
4.665933186637327701e+00	3.775842900551058534e+00	3.843611999999999723e-02	2.620898638426626404e-01
4.666933386677335704e+00	3.775528181950996043e+00	1.253515999999999658e-02	3.926246091780131731e-01
4.667933586717343708e+00	3.776036351914277223e+00	4.491135999999999739e-02	2.947235501765002597e-01
4.668933786757351712e+00	3.776436763190326396e+00	7.728756000000000514e-02	5.231593545133637058e-01
4.669933986797359715e+00	3.776086656483391923e+00	1.096637599999999990e-01	3.926246091780131731e-01
4.670934186837367719e+00	3.775671618286900344e+00	1.873666400000000010e-01	4.252582955118507924e-01
4.671934386877375722e+00	3.775591377705488139e+00	1.614656800000000003e-01	3.273572365103378790e-01
4.672934586917383726e+00	3.775172129318776104e+00	1.031885200000000058e-01	3.599909228441755538e-01
4.673934786957391729e+00	3.774330968654441953e+00	1.873666400000000010e-01	2.294561775088249655e-01
4.674934986997399733e+00	3.773916075451731800e+00	2.262180799999999881e-01	2.947235501765002597e-01
4.675935187037407736e+00	3.774025147439924233e+00	2.262180799999999881e-01	2.947235501765002597e-01
4.676935387077415740e+00	3.773588333323418809e+00	2.391685600000000023e-01	2.620898638426626404e-01
4.677935587117423744e+00	3.772102351198857395e+00	1.938418799999999942e-01	2.947235501765002597e-01
4.678935787157431747e+00	3.770956351951251229e+00	2.650695199999999474e-01	4.252582955118507924e-01
4.679935987197439751e+00	3.771399618411730881e+00	2.003171200000000152e-01	1.968224911749873740e-01
4.680936187237447754e+00	3.772021584574908104e+00	3.103962000000000110e-01	3.273572365103378790e-01
4.681936387277455758e+00	3.771684323366465197e+00	1.808914000000000077e-01	3.365405950579927752e-02
4.682936587317463761e+00	3.771607591924613700e+00	2.067923600000000084e-01	-3.161331316187596802e-02
4.683936787357471765e+00	3.771515181855053633e+00	2.909704799999999758e-01	9.892143217347457163e-02
4.684936987397479768e+00	3.770517248913114017e+00	3.039209600000000178e-01	-6.424699949571360813e-02
4.685937187437487772e+00	3.770572615109048620e+00	2.326933200000000090e-01	3.273572365103378790e-01
4.686937387477495776e+00	3.772455167053186731e+00	1.744161599999999868e-01	9.892143217347457163e-02
4.687937587517503779e+00	3.773051735377008775e+00	2.585942800000000097e-01	5.231593545133637058e-01
4.688937787557511783e+00	3.770281555522952743e+00	3.168714400000000042e-01	1.968224911749873740e-01
4.689937987597519786e+00	3.766646779384084542e+00	4.075248000000000759e-01	1.968224911749873740e-01
4.690938187637527790e+00	3.765494553396753652e+00	2.974457200000000245e-01	1.968224911749873740e-01
4.691938387677535793e+00	3.766634111589256761e+00	2.456437999999999955e-01	-4.232175491679274204e-01
4.692938587717543797e+00	3.767954093068600852e+00	2.780200000000000449e-01	-1.621480584972264660e-01
4.693938787757551800e+00	3.768096941771930553e+00	4.140000400000000136e-01	-3.161331316187596802e-02
4.694938987797559804e+00	3.767183766892286734e+00	4.528514799999999729e-01	-1.621480584972264660e-01
4.695939187837567808e+00	3.766859827339548161e+00	5.046534000000000297e-01	2.620898638426626404e-01
4.696939387877575811e+00	3.767673473418582386e+00	5.694058000000000730e-01	3.273572365103378790e-01
4.697939587917583815e+00	3.767801551171948482e+00	4.593267200000000772e-01	1.315551185073121632e-01
4.698939787957591818e+00	3.766341915866994405e+00	4.722772000000000081e-01	2.294561775088249655e-01
4.699939987997599822e+00	3.765061033469664586e+00	4.722772000000000081e-01	-3.253164901664145625e-01
4.700940188037607825e+00	3.765478000351528465e+00	4.463762399999999797e-01	-3.161331316187596802e-02
4.701940388077615829e+00	3.766344373543181856e+00	3.751485999999999432e-01	-9.688068582955121355e-02
4.702940588117623832e+00	3.766138562986828919e+00	4.010495599999999716e-01	-1.947817448310640853e-01
4.703940788157631836e+00	3.765566627953710110e+00	4.463762399999999797e-01	3.365405950579927752e-02
4.704940988197639840e+00	3.765548168980093813e+00	4.981781600000000365e-01	6.628774583963688294e-02
4.705941188237647843e+00	3.765604339697544045e+00	5.370296000000001069e-01	-3.161331316187596802e-02
4.706941388277655847e+00	3.765084548665724729e+00	5.758810400000000662e-01	1.641888048411497825e-01
4.707941588317663850e+00	3.764483103964276101e+00	4.787524399999999458e-01	-2.274154311649017046e-01
4.708941788357671854e+00	3.764274887409325920e+00	5.111286400000001340e-01	3.365405950579927752e-02
4.709941988397679857e+00	3.763645607751217259e+00	5.305543600000000026e-01	-2.600491174987393794e-01
4.710942188437687861e+00	3.762905631823125763e+00	5.758810400000000662e-01	-2.926828038325769432e-01
4.711942388477695864e+00	3.763100977323876606e+00	5.953067600000000459e-01	-1.621480584972264660e-01
4.712942588517703868e+00	3.762730916868156861e+00	5.046534000000000297e-01	-1.621480584972264660e-01
4.713942788557711872e+00	3.761351768091889980e+00	6.082572400000001434e-01	-6.424699949571360813e-02
4.714942988597719875e+00	3.761803040464691161e+00	6.794848799999999578e-01	1.020373171961676869e-03
4.715943188637727879e+00	3.764028099612450884e+00	6.535839199999999849e-01	-1.947817448310640853e-01
4.716943388677735882e+00	3.764199592120974547e+00	6.600591600000000891e-01	3.365405950579927752e-02
4.717943588717743886e+00	3.761428295739250860e+00	7.377620400000000078e-01	-3.253164901664145625e-01
4.718943788757751889e+00	3.759111712885438106e+00	7.053858400000000417e-01	-2.600491174987393794e-01
4.719943988797759893e+00	3.759296389720230280e+00	7.053858400000000417e-01	-1.947817448310640853e-01
4.720944188837767896e+00	3.760479062886530777e+00	7.248115600000000214e-01	-4.232175491679274204e-01
4.721944388877775900e+00	3.761305942829633153e+00	5.953067600000000459e-01	-2.926828038325769432e-01
4.722944588917783904e+00	3.761544619264860057e+00	6.989106000000000485e-01	-2.926828038325769432e-01
4.723944788957791907e+00	3.760580439920803375e+00	7.960392000000000579e-01	-2.274154311649017046e-01
4.724944988997799911e+00	3.758802063573014163e+00	7.507125199999999943e-01	-2.600491174987393794e-01
4.725945189037807914e+00	3.757905771685162044e+00	7.701382400000000850e-01	-1.947817448310640853e-01
4.726945389077815918e+00	3.758301088178228611e+00	7.571877599999999875e-01	-3.253164901664145625e-01
4.727945589117823921e+00	3.758788530840309061e+00	8.284154000000000240e-01	-3.253164901664145625e-01
4.728945789157831925e+00	3.759031363659571134e+00	7.312868000000000146e-01	-3.579501765002521818e-01
4.729945989197839928e+00	3.759512065864547559e+00	7.571877599999999875e-01	-1.947817448310640853e-01
4.730946189237847932e+00	3.759332463315648631e+00	7.960392000000000579e-01	-4.232175491679274204e-01
4.731946389277855936e+00	3.757633518283449270e+00	8.672668400000000943e-01	-2.274154311649017046e-01
4.732946589317863939e+00	3.755959234467971974e+00	7.507125199999999943e-01	-4.232175491679274204e-01
4.733946789357871943e+00	3.755635937297751692e+00	9.579201999999999995e-01	-3.579501765002521818e-01
4.734946989397879946e+00	3.755824977581076141e+00	8.348906400000000172e-01	-5.863859808371156834e-01
4.735947189437887950e+00	3.756118283915117040e+00	8.996430400000000605e-01	-5.537522945032778976e-01
4.736947389477895953e+00	3.756658326030647199e+00	9.708706800000000969e-01	-4.558512355017650397e-01
4.737947589517903957e+00	3.756894496056365274e+00	9.449697200000000130e-01	-7.495544125063037244e-01
4.738947789557911960e+00	3.756810624799337806e+00	1.029147840000000036e+00	-2.274154311649017046e-01
4.739947989597919964e+00	3.756773009170724542e+00	9.061182800000000537e-01	-5.211186081694403338e-01
4.740948189637927968e+00	3.756736194597359191e+00	9.902964000000000766e-01	-2.274154311649017046e-01
4.741948389677935971e+00	3.755889362913455543e+00	9.838211600000000834e-01	-2.600491174987393794e-01
4.742948589717943975e+00	3.753685055321066333e+00	1.119801199999999941e+00	-4.884849218356027145e-01
4.743948789757951978e+00	3.752112817614135842e+00	1.197504080000000082e+00	-6.190196671709531362e-01
4.744948989797959982e+00	3.752830146293791191e+00	9.514449600000001173e-01	-6.842870398386284858e-01
4.745949189837967985e+00	3.753910494490708682e+00	1.055048800000000009e+00	-8.148217851739789630e-01
4.746949389877975989e+00	3.753483540864907653e+00	1.003246880000000063e+00	-5.211186081694403338e-01
4.747949589917983992e+00	3.752755466539679396e+00	1.119801199999999941e+00	-7.495544125063037244e-01
4.748949789957991996e+00	3.752927148755092368e+00	1.093900239999999968e+00	-3.579501765002521818e-01
4.749949989998000000e+00	3.752869824790058928e+00	1.113325960000000059e+00	-4.558512355017650397e-01
4.750950190038008003e+00	3.752266685123381684e+00	1.093900239999999968e+00	-5.211186081694403338e-01
4.751950390078016007e+00	3.751665992379071835e+00	1.106850720000000177e+00	-5.211186081694403338e-01
4.752950590118024010e+00	3.750095015584507863e+00	1.029147840000000036e+00	-8.474554715078166378e-01
4.753950790158032014e+00	3.748738363436180610e+00	1.106850720000000177e+00	-7.821880988401412882e-01
4.754950990198040017e+00	3.750403809571542624e+00	1.042098320000000022e+00	-7.169207261724660496e-01
4.755951190238048021e+00	3.753289927196722608e+00	1.165127880000000005e+00	-7.495544125063037244e-01
4.756951390278056024e+00	3.753231781477815776e+00	1.184553600000000095e+00	-5.537522945032778976e-01
4.757951590318064028e+00	3.750653414752982862e+00	1.191028839999999978e+00	-5.863859808371156834e-01
4.758951790358072031e+00	3.749336842931061842e+00	1.178078360000000213e+00	-7.169207261724660496e-01
4.759951990398080035e+00	3.749375594206830087e+00	1.372335560000000010e+00	-4.884849218356027145e-01
4.760952190438088039e+00	3.748133261128689497e+00	1.203979319999999964e+00	-8.474554715078166378e-01
4.761952390478096042e+00	3.746297343049560080e+00	1.171603120000000109e+00	-6.842870398386284858e-01
4.762952590518104046e+00	3.745868003611756869e+00	1.249306000000000250e+00	-8.800891578416540906e-01
4.763952790558112049e+00	3.746808495652325988e+00	1.275206959999999778e+00	-8.800891578416540906e-01
4.764952990598120053e+00	3.748117799067675726e+00	1.171603120000000109e+00	-6.516533535047908110e-01
4.765953190638128056e+00	3.748492542052741516e+00	1.262256480000000014e+00	-7.495544125063037244e-01
4.766953390678136060e+00	3.747756904437406167e+00	1.236355520000000041e+00	-6.190196671709531362e-01
4.767953590718144063e+00	3.747077020776052869e+00	1.139226920000000032e+00	-6.842870398386284858e-01
4.768953790758152067e+00	3.746836121333231073e+00	1.359385079999999801e+00	-7.821880988401412882e-01
4.769953990798160071e+00	3.746358903166933096e+00	1.249306000000000250e+00	-8.148217851739789630e-01
4.770954190838168074e+00	3.745194515719718176e+00	1.249306000000000250e+00	-9.127228441754917654e-01
4.771954390878176078e+00	3.744555931229515799e+00	1.327008879999999946e+00	-8.148217851739789630e-01
4.772954590918184081e+00	3.745928667346537289e+00	1.320533639999999842e+00	-7.821880988401412882e-01
4.773954790958192085e+00	3.747728326164438073e+00	1.301107919999999973e+00	-9.127228441754917654e-01
4.774954990998200088e+00	3.747347140348484817e+00	1.443563199999999824e+00	-8.800891578416540906e-01
4.775955191038208092e+00	3.745551326229982436e+00	1.314058399999999960e+00	-8.800891578416540906e-01
4.776955391078216095e+00	3.744792994148942178e+00	1.339959359999999933e+00	-8.474554715078166378e-01
4.777955591118224099e+00	3.745404665743354844e+00	1.404711760000000087e+00	-9.127228441754917654e-01
4.778955791158232103e+00	3.746154066896200785e+00	1.430612719999999838e+00	-7.821880988401412882e-01
4.779955991198239218e+00	3.745952562307969025e+00	1.385286039999999996e+00	-9.779902168431670040e-01
4.780956191238247222e+00	3.744723553761543755e+00	1.372335560000000010e+00	-9.779902168431670040e-01
4.781956391278255225e+00	3.743648198836778462e+00	1.411186999999999969e+00	-9.127228441754917654e-01
4.782956591318263229e+00	3.743582005523524714e+00	1.469464160000000019e+00	-7.495544125063037244e-01
4.783956791358271232e+00	3.744381151651253514e+00	1.456513680000000033e+00	-7.821880988401412882e-01
4.784956991398279236e+00	3.745170964647333012e+00	1.424137479999999734e+00	-7.495544125063037244e-01
4.785957191438287239e+00	3.744796864525207436e+00	1.456513680000000033e+00	-1.010623903177004790e+00
4.786957391478295243e+00	3.743469601581467465e+00	1.424137479999999734e+00	-9.779902168431670040e-01
4.787957591518303246e+00	3.742405989896879337e+00	1.501840359999999874e+00	-1.108524962178517592e+00
4.788957791558311250e+00	3.742052555694407534e+00	1.566592759999999807e+00	-1.239059707513868069e+00
4.789957991598319254e+00	3.742117482485102897e+00	1.527741319999999847e+00	-1.010623903177004790e+00
4.790958191638327257e+00	3.742219928924191308e+00	1.404711760000000087e+00	-1.336960766515380872e+00
4.791958391678335261e+00	3.742057624434737217e+00	1.566592759999999807e+00	-7.169207261724660496e-01
4.792958591718343264e+00	3.741796380002679445e+00	1.475939400000000123e+00	-9.127228441754917654e-01
4.793958791758351268e+00	3.741868924718838585e+00	1.469464160000000019e+00	-8.148217851739789630e-01
4.794958991798359271e+00	3.741661234012357173e+00	1.534216559999999951e+00	-1.010623903177004790e+00
4.795959191838367275e+00	3.740551914774986830e+00	1.456513680000000033e+00	-1.141158648512355045e+00
4.796959391878375278e+00	3.739550237156321622e+00	1.501840359999999874e+00	-1.173792334846192720e+00
4.797959591918383282e+00	3.739442764425426446e+00	1.631345159999999739e+00	-1.336960766515380872e+00
4.798959791958391286e+00	3.739806032834806615e+00	1.650770879999999829e+00	-1.434861825516893896e+00
4.799959991998399289e+00	3.739887477597808818e+00	1.624869920000000079e+00	-8.148217851739789630e-01
4.800960192038407293e+00	3.739545900190063055e+00	1.611919440000000092e+00	-1.271693393847705744e+00
4.801960392078415296e+00	3.740001059772816383e+00	1.670196599999999920e+00	-8.474554715078166378e-01
4.802960592118423300e+00	3.740850900380039423e+00	1.618394679999999752e+00	-6.190196671709531362e-01
4.803960792158431303e+00	3.739711208980260881e+00	1.650770879999999829e+00	-1.206426021180030395e+00
4.804960992198439307e+00	3.737462809034274525e+00	1.728473759999999970e+00	-1.043257589510842243e+00
4.805961192238447310e+00	3.737154954411232133e+00	1.657246119999999934e+00	-1.402228139183055999e+00
4.806961392278455314e+00	3.738922892891618499e+00	1.592493720000000001e+00	-1.369594452849218325e+00
4.807961592318463317e+00	3.740237001169909092e+00	1.715523279999999984e+00	-1.271693393847705744e+00
4.808961792358471321e+00	3.739404969102404941e+00	1.715523279999999984e+00	-1.206426021180030395e+00
4.809961992398479325e+00	3.737682662064797157e+00	1.741424239999999957e+00	-9.779902168431670040e-01
4.810962192438487328e+00	3.736725138840085059e+00	1.709048039999999880e+00	-1.075891275844679917e+00
4.811962392478495332e+00	3.736544963058868962e+00	1.644295639999999947e+00	-1.173792334846192720e+00
4.812962592518503335e+00	3.737267646465559423e+00	1.683147080000000129e+00	-1.043257589510842243e+00
4.813962792558511339e+00	3.738398297330724596e+00	1.650770879999999829e+00	-1.402228139183055999e+00
4.814962992598519342e+00	3.738365141834772754e+00	1.754374719999999943e+00	-1.271693393847705744e+00
4.815963192638527346e+00	3.737615900434090754e+00	1.780275679999999916e+00	-1.369594452849218325e+00
4.816963392678535349e+00	3.737928505432980941e+00	1.702572799999999775e+00	-1.108524962178517592e+00
4.817963592718543353e+00	3.738784236682299422e+00	1.838552839999999744e+00	-1.630663943519919501e+00
4.818963792758551357e+00	3.738614473044645781e+00	1.773800439999999812e+00	-1.369594452849218325e+00
4.819963992798559360e+00	3.737574748668899716e+00	1.754374719999999943e+00	-1.075891275844679917e+00
4.820964192838567364e+00	3.736608014636189079e+00	1.819127120000000097e+00	-1.173792334846192720e+00
4.821964392878575367e+00	3.736136141632256269e+00	1.760849959999999825e+00	-1.369594452849218325e+00
4.822964592918583371e+00	3.736251821457087452e+00	1.780275679999999916e+00	-1.239059707513868069e+00
4.823964792958591374e+00	3.736777362136947112e+00	1.721998519999999866e+00	-1.402228139183055999e+00
4.824964992998599378e+00	3.737050017220672427e+00	1.760849959999999825e+00	-1.206426021180030395e+00
4.825965193038607381e+00	3.736877712435055177e+00	1.851503319999999952e+00	-1.369594452849218325e+00
4.826965393078615385e+00	3.736798812967616179e+00	1.832077599999999862e+00	-1.402228139183055999e+00
4.827965593118623389e+00	3.736470745571586871e+00	1.806176639999999889e+00	-1.239059707513868069e+00
4.828965793158631392e+00	3.735835131862626390e+00	1.870929040000000043e+00	-1.304327080181543197e+00
4.829965993198639396e+00	3.736303130164676745e+00	1.864453799999999939e+00	-1.271693393847705744e+00
4.830966193238647399e+00	3.737686645596268953e+00	1.832077599999999862e+00	-1.402228139183055999e+00
4.831966393278655403e+00	3.737715789469607586e+00	1.793226159999999902e+00	-1.336960766515380872e+00
4.832966593318663406e+00	3.735904798598109089e+00	1.806176639999999889e+00	-1.467495511850731349e+00
4.833966793358671410e+00	3.734425581626154678e+00	1.864453799999999939e+00	-1.271693393847705744e+00
4.834966993398679413e+00	3.734708101694983018e+00	1.883879520000000030e+00	-1.402228139183055999e+00
4.835967193438687417e+00	3.736027060784537834e+00	1.883879520000000030e+00	-1.271693393847705744e+00
4.836967393478695421e+00	3.736979286672937661e+00	1.948631919999999962e+00	-1.304327080181543197e+00
4.837967593518703424e+00	3.736399237116649896e+00	1.793226159999999902e+00	-1.239059707513868069e+00
4.838967793558711428e+00	3.734585138866777232e+00	1.896830000000000016e+00	-1.500129198184569024e+00
4.839967993598719431e+00	3.733401055395467072e+00	1.825602359999999980e+00	-1.336960766515380872e+00
4.840968193638727435e+00	3.734133509277735019e+00	1.916255719999999885e+00	-1.500129198184569024e+00
4.841968393678735438e+00	3.735963571652789028e+00	1.832077599999999862e+00	-1.761198688855269978e+00
4.842968593718743442e+00	3.736728368328535499e+00	2.032810039999999763e+00	-1.336960766515380872e+00
4.843968793758751445e+00	3.736131987278089372e+00	1.838552839999999744e+00	-1.663297629853757176e+00
4.844968993798759449e+00	3.735828885920563724e+00	1.877404279999999925e+00	-1.206426021180030395e+00
4.845969193838767453e+00	3.735904398988449948e+00	1.916255719999999885e+00	-1.369594452849218325e+00
4.846969393878775456e+00	3.735285499598118175e+00	1.948631919999999962e+00	-1.336960766515380872e+00
4.847969593918783460e+00	3.733756091381504216e+00	1.890354760000000134e+00	-1.173792334846192720e+00
4.848969793958791463e+00	3.731918101071932892e+00	1.916255719999999885e+00	-1.663297629853757176e+00
4.849969993998799467e+00	3.730982772145290394e+00	1.903305239999999898e+00	-1.761198688855269978e+00
4.850970194038807470e+00	3.731756992804738271e+00	1.942156679999999858e+00	-1.630663943519919501e+00
4.851970394078815474e+00	3.733880242001987426e+00	1.961582399999999726e+00	-1.761198688855269978e+00
4.852970594118823477e+00	3.736091040934093055e+00	2.110512920000000125e+00	-1.336960766515380872e+00
4.853970794158831481e+00	3.736832206125288547e+00	1.981008119999999817e+00	-1.369594452849218325e+00
4.854970994198839485e+00	3.736174878751130635e+00	1.948631919999999962e+00	-1.304327080181543197e+00
4.855971194238847488e+00	3.735459126415797027e+00	1.955107160000000066e+00	-1.239059707513868069e+00
4.856971394278855492e+00	3.734683225439030085e+00	1.935681439999999975e+00	-1.598030257186082048e+00
4.857971594318863495e+00	3.733218441680612454e+00	1.942156679999999858e+00	-1.369594452849218325e+00
4.858971794358871499e+00	3.731840331476412587e+00	1.903305239999999898e+00	-1.859099747856782781e+00
4.859971994398879502e+00	3.732144876633682440e+00	1.909780479999999780e+00	-1.663297629853757176e+00
4.860972194438887506e+00	3.733662239966820895e+00	1.974532879999999935e+00	-1.532762884518406477e+00
4.861972394478895509e+00	3.734136108211488114e+00	1.961582399999999726e+00	-1.598030257186082048e+00
4.862972594518903513e+00	3.733100881855815789e+00	2.019859559999999998e+00	-1.369594452849218325e+00
4.863972794558911517e+00	3.731625838090283587e+00	2.116988160000000008e+00	-1.239059707513868069e+00
4.864972994598919520e+00	3.731301700311957070e+00	1.987483359999999921e+00	-1.663297629853757176e+00
4.865973194638927524e+00	3.732987251221523639e+00	2.013384319999999672e+00	-1.206426021180030395e+00
4.866973394678935527e+00	3.734294593387417649e+00	1.974532879999999935e+00	-1.598030257186082048e+00
4.867973594718943531e+00	3.733183530564382124e+00	2.045760519999999971e+00	-1.532762884518406477e+00
4.868973794758951534e+00	3.731518103356429528e+00	1.955107160000000066e+00	-1.630663943519919501e+00
4.869973994798959538e+00	3.731480796805858979e+00	2.052235759999999853e+00	-1.663297629853757176e+00
4.870974194838967541e+00	3.732638819018849752e+00	1.993958600000000025e+00	-1.434861825516893896e+00
4.871974394878975545e+00	3.733137365715439859e+00	2.000433839999999908e+00	-1.467495511850731349e+00
4.872974594918983549e+00	3.732036436794794465e+00	2.026334799999999881e+00	-1.500129198184569024e+00
4.873974794958991552e+00	3.730755174025565335e+00	2.129938640000000216e+00	-1.336960766515380872e+00
4.874974994998999556e+00	3.731184592757231577e+00	1.987483359999999921e+00	-1.532762884518406477e+00
4.875975195039007559e+00	3.732519134666922422e+00	2.052235759999999853e+00	-1.565396570852244151e+00
4.876975395079015563e+00	3.732716262057313106e+00	1.968057640000000053e+00	-1.500129198184569024e+00
4.877975595119023566e+00	3.731844761377481667e+00	1.987483359999999921e+00	-1.598030257186082048e+00
4.878975795159031570e+00	3.731068933733341364e+00	2.045760519999999971e+00	-1.565396570852244151e+00
4.879975995199039573e+00	3.730781618753289397e+00	2.013384319999999672e+00	-1.565396570852244151e+00
4.880976195239047577e+00	3.731057680078391225e+00	2.013384319999999672e+00	-1.369594452849218325e+00
4.881976395279055581e+00	3.731144004348929233e+00	1.955107160000000066e+00	-1.532762884518406477e+00
4.882976595319063584e+00	3.730263464042455901e+00	1.987483359999999921e+00	-1.500129198184569024e+00
4.883976795359071588e+00	3.730032833399284709e+00	2.032810039999999763e+00	-1.695931316187594851e+00
4.884976995399079591e+00	3.731694592193536497e+00	1.987483359999999921e+00	-1.500129198184569024e+00
4.885977195439087595e+00	3.732992051782027421e+00	2.019859559999999998e+00	-1.500129198184569024e+00
4.886977395479095598e+00	3.732265593621692190e+00	1.987483359999999921e+00	-1.532762884518406477e+00
4.887977595519103602e+00	3.731402310172874159e+00	2.052235759999999853e+00	-1.598030257186082048e+00
4.888977795559111605e+00	3.731590234051023636e+00	2.045760519999999971e+00	-1.336960766515380872e+00
4.889977995599119609e+00	3.731290698006090256e+00	2.019859559999999998e+00	-1.565396570852244151e+00
4.890978195639127613e+00	3.730053257467663919e+00	2.052235759999999853e+00	-1.369594452849218325e+00
4.891978395679135616e+00	3.729368335466601181e+00	2.026334799999999881e+00	-1.434861825516893896e+00
4.892978595719143620e+00	3.729914211380047195e+00	2.026334799999999881e+00	-1.695931316187594851e+00
4.893978795759151623e+00	3.730977857711878176e+00	2.032810039999999763e+00	-1.663297629853757176e+00
4.894978995799159627e+00	3.731449109059236324e+00	2.201166280000000253e+00	-1.891733434190620455e+00
4.895979195839167630e+00	3.730770285648533857e+00	2.039285280000000089e+00	-1.467495511850731349e+00
4.896979395879175634e+00	3.729905967940545519e+00	2.013384319999999672e+00	-1.761198688855269978e+00
4.897979595919183637e+00	3.730406195783324108e+00	2.019859559999999998e+00	-1.206426021180030395e+00
4.898979795959191641e+00	3.731775428964417163e+00	1.981008119999999817e+00	-1.434861825516893896e+00
4.899979995999199645e+00	3.731961951608058214e+00	2.026334799999999881e+00	-1.402228139183055999e+00
4.900980196039207648e+00	3.730465358238577167e+00	2.013384319999999672e+00	-1.500129198184569024e+00
4.901980396079215652e+00	3.728845994533951380e+00	2.000433839999999908e+00	-1.728565002521432525e+00
4.902980596119223655e+00	3.728929122700910703e+00	2.019859559999999998e+00	-1.728565002521432525e+00
4.903980796159231659e+00	3.730931583416197128e+00	2.032810039999999763e+00	-1.630663943519919501e+00
4.904980996199239662e+00	3.732765763213794941e+00	2.214116760000000017e+00	-1.761198688855269978e+00
4.905981196239247666e+00	3.732406627785143982e+00	2.032810039999999763e+00	-1.336960766515380872e+00
4.906981396279255669e+00	3.730518330561166884e+00	2.032810039999999763e+00	-1.304327080181543197e+00
4.907981596319263673e+00	3.728997971558045244e+00	2.019859559999999998e+00	-1.369594452849218325e+00
4.908981796359271677e+00	3.728457309945871323e+00	2.026334799999999881e+00	-1.239059707513868069e+00
4.909981996399279680e+00	3.728738689664681250e+00	2.013384319999999672e+00	-1.728565002521432525e+00
4.910982196439287684e+00	3.729689179412351230e+00	2.019859559999999998e+00	-1.598030257186082048e+00
4.911982396479295687e+00	3.730357615532482463e+00	2.006909079999999790e+00	-1.663297629853757176e+00
4.912982596519303691e+00	3.730213471237857625e+00	2.006909079999999790e+00	-1.793832375189107875e+00
4.913982796559311694e+00	3.730103251947608278e+00	2.006909079999999790e+00	-1.500129198184569024e+00
4.914982996599319698e+00	3.730017627967692206e+00	2.006909079999999790e+00	-1.500129198184569024e+00
4.915983196639327701e+00	3.729174152159185240e+00	1.981008119999999817e+00	-1.336960766515380872e+00
4.916983396679335705e+00	3.728159329473569095e+00	1.981008119999999817e+00	-1.402228139183055999e+00
4.917983596719343709e+00	3.728312271035639558e+00	1.993958600000000025e+00	-1.630663943519919501e+00
4.918983796759351712e+00	3.729468698550033157e+00	1.987483359999999921e+00	-1.304327080181543197e+00
4.919983996799359716e+00	3.730230880415984718e+00	1.974532879999999935e+00	-1.630663943519919501e+00
4.920984196839367719e+00	3.730161626024328658e+00	1.981008119999999817e+00	-1.565396570852244151e+00
4.921984396879375723e+00	3.729617370415897248e+00	1.987483359999999921e+00	-1.532762884518406477e+00
4.922984596919383726e+00	3.729712824681312267e+00	1.961582399999999726e+00	-1.598030257186082048e+00
4.923984796959391730e+00	3.731379821036076905e+00	1.968057640000000053e+00	-1.467495511850731349e+00
4.924984996999399733e+00	3.732549060694981158e+00	1.955107160000000066e+00	-1.565396570852244151e+00
4.925985197039407737e+00	3.731454892473524687e+00	1.948631919999999962e+00	-1.206426021180030395e+00
4.926985397079415741e+00	3.730198488263776646e+00	1.981008119999999817e+00	-1.434861825516893896e+00
4.927985597119423744e+00	3.730914724088399304e+00	1.961582399999999726e+00	-1.532762884518406477e+00
4.928985797159431748e+00	3.732265777108766613e+00	1.955107160000000066e+00	-1.500129198184569024e+00
4.929985997199439751e+00	3.731571596672099034e+00	1.896830000000000016e+00	-1.467495511850731349e+00
4.930986197239447755e+00	3.729739815338859454e+00	2.019859559999999998e+00	-1.565396570852244151e+00
4.931986397279455758e+00	3.729843240414761674e+00	1.812651879999999993e+00	-1.434861825516893896e+00
4.932986597319463762e+00	3.731119321095132779e+00	1.909780479999999780e+00	-1.434861825516893896e+00
4.933986797359471765e+00	3.731192951076383491e+00	1.903305239999999898e+00	-1.467495511850731349e+00
4.934986997399479769e+00	3.730386380906620669e+00	1.916255719999999885e+00	-1.434861825516893896e+00
4.935987197439487772e+00	3.729841175943212406e+00	1.903305239999999898e+00	-1.336960766515380872e+00
4.936987397479495776e+00	3.730059094561943844e+00	1.896830000000000016e+00	-1.532762884518406477e+00
4.937987597519503780e+00	3.730747628071527711e+00	1.896830000000000016e+00	-1.369594452849218325e+00
4.938987797559511783e+00	3.731083041958777713e+00	1.877404279999999925e+00	-1.500129198184569024e+00
4.939987997599519787e+00	3.730842467584160715e+00	1.896830000000000016e+00	-1.402228139183055999e+00
4.940988197639527790e+00	3.730284776501668009e+00	1.916255719999999885e+00	-1.500129198184569024e+00
4.941988397679535794e+00	3.730203333809915200e+00	1.832077599999999862e+00	-1.467495511850731349e+00
4.942988597719543797e+00	3.730705000128010873e+00	1.864453799999999939e+00	-1.402228139183055999e+00
4.943988797759551801e+00	3.730597875223271576e+00	1.851503319999999952e+00	-1.206426021180030395e+00
4.944988997799559804e+00	3.729818279256930325e+00	1.845028079999999848e+00	-1.532762884518406477e+00
4.945989197839567808e+00	3.728869760517382392e+00	1.806176639999999889e+00	-1.565396570852244151e+00
4.946989397879575812e+00	3.728027537418115323e+00	1.851503319999999952e+00	-1.467495511850731349e+00
4.947989597919583815e+00	3.728807642180926862e+00	1.793226159999999902e+00	-1.826466061522945328e+00
4.948989797959591819e+00	3.731295155023389487e+00	1.799701400000000007e+00	-1.173792334846192720e+00
4.949989997999599822e+00	3.732581177765288416e+00	1.825602359999999980e+00	-1.336960766515380872e+00
4.950990198039607826e+00	3.731880010687695481e+00	1.851503319999999952e+00	-9.453565305093293292e-01
4.951990398079615829e+00	3.731747323772192093e+00	1.812651879999999993e+00	-1.141158648512355045e+00
4.952990598119623833e+00	3.732630457965412596e+00	1.832077599999999862e+00	-1.500129198184569024e+00
4.953990798159631836e+00	3.732140556716533997e+00	1.799701400000000007e+00	-1.271693393847705744e+00
4.954990998199639840e+00	3.730051984924410036e+00	1.870929040000000043e+00	-1.467495511850731349e+00
4.955991198239647844e+00	3.728942302183837043e+00	1.728473759999999970e+00	-1.598030257186082048e+00
4.956991398279655847e+00	3.729717978155053792e+00	1.747899480000000061e+00	-1.369594452849218325e+00
4.957991598319663851e+00	3.731011487838277851e+00	1.793226159999999902e+00	-1.663297629853757176e+00
4.958991798359671854e+00	3.731791425522583694e+00	1.793226159999999902e+00	-1.043257589510842243e+00
4.959991998399679858e+00	3.731830893602772647e+00	1.760849959999999825e+00	-9.779902168431670040e-01
4.960992198439687861e+00	3.731393724104938414e+00	1.754374719999999943e+00	-9.127228441754917654e-01
4.961992398479695865e+00	3.730699761370449341e+00	1.747899480000000061e+00	-9.779902168431670040e-01
4.962992598519703868e+00	3.730033774383539225e+00	1.747899480000000061e+00	-1.467495511850731349e+00
4.963992798559711872e+00	3.729976305560937178e+00	1.747899480000000061e+00	-1.336960766515380872e+00
4.964992998599719876e+00	3.730227619830879249e+00	1.689622319999999789e+00	-1.402228139183055999e+00
4.965993198639727879e+00	3.730430040071117670e+00	1.696097560000000115e+00	-1.532762884518406477e+00
4.966993398679735883e+00	3.731260852298112773e+00	1.702572799999999775e+00	-1.271693393847705744e+00
4.967993598719743886e+00	3.732612865968893967e+00	1.592493720000000001e+00	-1.108524962178517592e+00
4.968993798759751890e+00	3.733231166346069330e+00	1.657246119999999934e+00	-1.206426021180030395e+00
4.969993998799759893e+00	3.732443862949972768e+00	1.709048039999999880e+00	-8.148217851739789630e-01
4.970994198839767897e+00	3.731248670179403870e+00	1.683147080000000129e+00	-1.304327080181543197e+00
4.971994398879775900e+00	3.731275055165723664e+00	1.631345159999999739e+00	-1.075891275844679917e+00
4.972994598919783904e+00	3.731973423402870083e+00	1.747899480000000061e+00	-1.336960766515380872e+00
4.973994798959791908e+00	3.731766061451178729e+00	1.605444199999999988e+00	-1.271693393847705744e+00
4.974994998999799911e+00	3.731280111088481899e+00	1.618394679999999752e+00	-1.271693393847705744e+00
4.975995199039807915e+00	3.731661542382438856e+00	1.644295639999999947e+00	-1.239059707513868069e+00
4.976995399079815918e+00	3.732206165461735115e+00	1.683147080000000129e+00	-1.010623903177004790e+00
4.977995599119823922e+00	3.731797650509424802e+00	1.560117519999999924e+00	-1.043257589510842243e+00
4.978995799159831925e+00	3.730688573256081053e+00	1.644295639999999947e+00	-1.043257589510842243e+00
4.979995999199839929e+00	3.730249165386379406e+00	1.540691800000000056e+00	-9.779902168431670040e-01
4.980996199239847932e+00	3.731340873247927181e+00	1.618394679999999752e+00	-1.206426021180030395e+00
4.981996399279855936e+00	3.732713124558702855e+00	1.514790839999999861e+00	-1.108524962178517592e+00
4.982996599319863940e+00	3.732290087221984631e+00	1.624869920000000079e+00	-1.043257589510842243e+00
4.983996799359871943e+00	3.730350475236116736e+00	1.534216559999999951e+00	-1.173792334846192720e+00
4.984996999399879947e+00	3.729287925105271295e+00	1.508315599999999979e+00	-1.010623903177004790e+00
4.985997199439887950e+00	3.730353435981133892e+00	1.586018479999999897e+00	-1.108524962178517592e+00
4.986997399479895954e+00	3.732133641523703194e+00	1.501840359999999874e+00	-8.800891578416540906e-01
4.987997599519903957e+00	3.732698320833616190e+00	1.378810799999999892e+00	-1.043257589510842243e+00
4.988997799559911961e+00	3.732279547437617584e+00	1.333484120000000051e+00	-9.453565305093293292e-01
4.989997999599919964e+00	3.732007737851624984e+00	1.475939400000000123e+00	-1.141158648512355045e+00
4.990998199639927968e+00	3.731903817255173283e+00	1.495365119999999770e+00	-9.779902168431670040e-01
4.991998399679935972e+00	3.732133640031347621e+00	1.521266079999999965e+00	-1.271693393847705744e+00
4.992998599719943975e+00	3.733175937006056433e+00	1.475939400000000123e+00	-9.453565305093293292e-01
4.993998799759951979e+00	3.733741520794743085e+00	1.495365119999999770e+00	-7.495544125063037244e-01
4.994998999799959982e+00	3.732609792122158154e+00	1.456513680000000033e+00	-9.453565305093293292e-01
4.995999199839967986e+00	3.731495532903475798e+00	1.365860319999999906e+00	-9.453565305093293292e-01
4.996999399879975989e+00	3.731389119955191180e+00	1.398236519999999983e+00	-8.800891578416540906e-01
4.997999599919983993e+00	3.730818248039634799e+00	1.378810799999999892e+00	-1.075891275844679917e+00
4.998999799959991996e+00	3.730915743542191354e+00	1.385286039999999996e+00	-1.075891275844679917e+00
5.000000000000000000e+00	3.733782523394467479e+00	1.365860319999999906e+00	-1.043257589510842243e+00
