Time(s)\disp(mm)\Force(Lb)\Force(Lb)
0.000000000000000000e+00	3.787308841298640427e+00	3.557228800000000746e-01	1.469536258194654943e+00
1.001001001001000992e-03	3.793242713632549723e+00	3.880990800000000407e-01	1.339001512859304244e+00
2.002002002002001985e-03	3.797552151637990647e+00	2.780200000000000449e-01	1.436902571860817046e+00
3.003003003003002977e-03	3.801131825573379697e+00	2.521190400000000165e-01	1.371635199193141919e+00
4.004004004004003969e-03	3.805306069657139467e+00	2.197428399999999948e-01	1.534803630862329848e+00
5.005005005005004962e-03	3.810512015475822967e+00	2.521190400000000165e-01	1.436902571860817046e+00
6.006006006006005954e-03	3.817120396452235109e+00	8.376279999999999837e-02	1.502169944528492396e+00
7.007007007007006946e-03	3.824122819098243475e+00	-3.279152000000000455e-02	1.567437317196167523e+00
8.008008008008007939e-03	3.829643259518343168e+00	7.081231999999999804e-02	1.795873121533031025e+00
9.009009009009008931e-03	3.834276814475551021e+00	-1.984104000000000423e-02	1.567437317196167523e+00
1.001001001001000992e-02	3.839708984191519736e+00	1.549904400000000071e-01	1.795873121533031025e+00
1.101101101101101092e-02	3.845050292436022588e+00	3.196087999999999707e-02	1.600071003530005198e+00
1.201201201201201191e-02	3.847918249783744749e+00	-4.153200000000037417e-04	1.502169944528492396e+00
1.301301301301301290e-02	3.848036484273796187e+00	-3.926676000000000472e-02	1.469536258194654943e+00
1.401401401401401389e-02	3.847978167077986456e+00	6.059919999999996421e-03	1.339001512859304244e+00
1.501501501501501488e-02	3.849454650762003993e+00	-1.984104000000000423e-02	1.697972062531518000e+00
1.601601601601601588e-02	3.851118373738489975e+00	-2.631628000000000439e-02	1.371635199193141919e+00
1.701701701701701513e-02	3.851341146872903742e+00	4.491135999999999739e-02	2.024308925869894082e+00
1.801801801801801786e-02	3.849780680508501085e+00	1.253515999999999658e-02	1.697972062531518000e+00
1.901901901901902059e-02	3.846967558017998279e+00	-9.106868000000001295e-02	1.795873121533031025e+00
2.002002002002001985e-02	3.843794012639617730e+00	6.433707999999999094e-02	1.763239435199193128e+00
2.102102102102101910e-02	3.840377444131338969e+00	8.376279999999999837e-02	1.436902571860817046e+00
2.202202202202202183e-02	3.836724875299794668e+00	2.067923600000000084e-01	1.306367826525466569e+00
2.302302302302302456e-02	3.833274035084133669e+00	2.262180799999999881e-01	1.339001512859304244e+00
2.402402402402402382e-02	3.829926908836201793e+00	1.744161599999999868e-01	1.175833081190116092e+00
2.502502502502502307e-02	3.825612434022865216e+00	2.067923600000000084e-01	1.567437317196167523e+00
2.602602602602602580e-02	3.819238964866682018e+00	2.585942800000000097e-01	1.339001512859304244e+00
2.702702702702702853e-02	3.811777015048080308e+00	4.593267200000000772e-01	1.436902571860817046e+00
2.802802802802802778e-02	3.804856341300647760e+00	4.140000400000000136e-01	1.502169944528492396e+00
2.902902902902902704e-02	3.798743056654178663e+00	4.269505200000000000e-01	1.045298335854765615e+00
3.003003003003002977e-02	3.793950176213147341e+00	6.859601199999999510e-01	1.045298335854765615e+00
3.103103103103103250e-02	3.790419574407971393e+00	5.629305600000000798e-01	7.515951588502269853e-01
3.203203203203203175e-02	3.786788825597705799e+00	8.866925599999999630e-01	7.515951588502269853e-01
3.303303303303303101e-02	3.783140570170038686e+00	9.902964000000000766e-01	8.168625315179022239e-01
3.403403403403403027e-02	3.780445503427217080e+00	9.579201999999999995e-01	6.210604135148766192e-01
3.503503503503503647e-02	3.778265908612680857e+00	1.022672600000000154e+00	8.168625315179022239e-01
3.603603603603603572e-02	3.776321816703259060e+00	1.048573559999999905e+00	9.473972768532528121e-01
3.703703703703703498e-02	3.775484176990868690e+00	1.067999279999999995e+00	6.536940998487140719e-01
3.803803803803804118e-02	3.775625752882432629e+00	1.048573559999999905e+00	8.168625315179022239e-01
3.903903903903904044e-02	3.775303987102480718e+00	1.048573559999999905e+00	3.599909228441755538e-01
4.004004004004003969e-02	3.773889557372907877e+00	1.067999279999999995e+00	6.210604135148766192e-01
4.104104104104103895e-02	3.772476014615662177e+00	1.055048800000000009e+00	4.578919818456884672e-01
4.204204204204203821e-02	3.772457462802835781e+00	1.061524040000000113e+00	5.231593545133637058e-01
4.304304304304304440e-02	3.773733286257434205e+00	9.902964000000000766e-01	6.863277861825517467e-01
4.404404404404404366e-02	3.775259026863966749e+00	1.042098320000000022e+00	8.494962178517398987e-01
4.504504504504504292e-02	3.776544827762446932e+00	5.499800799999999823e-01	8.821299041855775735e-01
4.604604604604604912e-02	3.777445201094518090e+00	8.154649200000001485e-01	9.800309631870904870e-01
4.704704704704704837e-02	3.778490837407479042e+00	6.794848799999999578e-01	8.821299041855775735e-01
4.804804804804804763e-02	3.780762766537085540e+00	4.528514799999999729e-01	1.077932022188603289e+00
4.904904904904904689e-02	3.784075768349154156e+00	5.240791200000000094e-01	1.110565708522440964e+00
5.005005005005004615e-02	3.787943639696582210e+00	3.621981200000000678e-01	1.241100453857791219e+00
5.105105105105105234e-02	3.792110655407312070e+00	3.816238400000000475e-01	1.339001512859304244e+00
5.205205205205205160e-02	3.795903938238588626e+00	2.974457200000000245e-01	1.404268885526979593e+00
5.305305305305305086e-02	3.800206703927071050e+00	2.456437999999999955e-01	1.502169944528492396e+00
5.405405405405405705e-02	3.806196997356907197e+00	2.132676000000000016e-01	1.469536258194654943e+00
5.505505505505505631e-02	3.813013026429569408e+00	2.585942800000000097e-01	1.600071003530005198e+00
5.605605605605605557e-02	3.819277531662124137e+00	9.671327999999999869e-02	1.567437317196167523e+00
5.705705705705705483e-02	3.824259917329865033e+00	-2.631628000000000439e-02	1.632704689863842651e+00
5.805805805805805409e-02	3.829191207437161903e+00	9.023803999999999159e-02	1.600071003530005198e+00
5.905905905905906028e-02	3.835971346711294139e+00	-1.984104000000000423e-02	1.600071003530005198e+00
6.006006006006005954e-02	3.842773227758327526e+00	1.549904400000000071e-01	1.632704689863842651e+00
6.106106106106105880e-02	3.846454976808126425e+00	2.548563999999999691e-02	1.828506807866868478e+00
6.206206206206206499e-02	3.847548304491346993e+00	-1.336580000000000407e-02	1.567437317196167523e+00
6.306306306306305731e-02	3.847950110963873183e+00	-2.631628000000000439e-02	1.861140494200705930e+00
6.406406406406406351e-02	3.847969950695434349e+00	1.253515999999999658e-02	1.567437317196167523e+00
6.506506506506506970e-02	3.847731850819570809e+00	-2.631628000000000439e-02	1.600071003530005198e+00
6.606606606606606202e-02	3.847355840176854613e+00	-1.336580000000000407e-02	1.371635199193141919e+00
6.706706706706706822e-02	3.846709922099768697e+00	3.196087999999999707e-02	1.241100453857791219e+00
6.806806806806806054e-02	3.846437079934895031e+00	3.196087999999999707e-02	1.436902571860817046e+00
6.906906906906906674e-02	3.846368911123918544e+00	-8.459344000000000585e-02	1.339001512859304244e+00
7.007007007007007293e-02	3.845036553036398352e+00	7.081231999999999804e-02	1.893774180534543827e+00
7.107107107107106525e-02	3.841909706829993443e+00	8.376279999999999837e-02	1.567437317196167523e+00
7.207207207207207145e-02	3.837631366071938999e+00	2.197428399999999948e-01	1.730605748865355453e+00
7.307307307307307764e-02	3.833042660084986508e+00	2.067923600000000084e-01	1.534803630862329848e+00
7.407407407407406996e-02	3.828263556385771871e+00	1.744161599999999868e-01	1.241100453857791219e+00
7.507507507507507616e-02	3.822959355029483586e+00	1.808914000000000077e-01	1.143199394856278639e+00
7.607607607607608236e-02	3.817439968208806711e+00	2.521190400000000165e-01	1.175833081190116092e+00
7.707707707707707467e-02	3.812036110839986058e+00	4.463762399999999797e-01	1.045298335854765615e+00
7.807807807807808087e-02	3.806441053110019457e+00	4.204752800000000068e-01	1.371635199193141919e+00
7.907907907907907319e-02	3.800677916325991834e+00	4.204752800000000068e-01	1.208466767523953767e+00
8.008008008008007939e-02	3.795440811743358900e+00	6.924353600000000553e-01	1.175833081190116092e+00
8.108108108108108558e-02	3.790260296603368495e+00	5.758810400000000662e-01	1.208466767523953767e+00
8.208208208208207790e-02	3.784623854905762030e+00	8.672668400000000943e-01	6.863277861825517467e-01
8.308308308308308410e-02	3.780488666466103709e+00	1.016197360000000049e+00	6.863277861825517467e-01
8.408408408408407642e-02	3.778563005170745726e+00	9.384944800000000198e-01	5.231593545133637058e-01
8.508508508508508261e-02	3.776773144613625011e+00	1.022672600000000154e+00	5.884267271810389444e-01
8.608608608608608881e-02	3.774727379196369803e+00	1.035623080000000140e+00	6.863277861825517467e-01
8.708708708708708113e-02	3.773710977811221667e+00	1.074474520000000100e+00	5.884267271810389444e-01
8.808808808808808732e-02	3.773693189302322448e+00	1.048573559999999905e+00	7.515951588502269853e-01
8.908908908908909352e-02	3.774054259301502068e+00	1.048573559999999905e+00	8.168625315179022239e-01
9.009009009009008584e-02	3.774534044912412956e+00	1.061524040000000113e+00	5.884267271810389444e-01
9.109109109109109204e-02	3.774220381732349860e+00	1.061524040000000113e+00	8.168625315179022239e-01
9.209209209209209823e-02	3.773032167435522055e+00	1.061524040000000113e+00	3.926246091780131731e-01
9.309309309309309055e-02	3.772880365656985369e+00	1.009722120000000167e+00	6.863277861825517467e-01
9.409409409409409675e-02	3.774511733247819745e+00	1.016197360000000049e+00	7.515951588502269853e-01
9.509509509509508907e-02	3.776572562528975663e+00	5.888315200000000527e-01	7.515951588502269853e-01
9.609609609609609526e-02	3.778008836439234575e+00	8.219401600000000307e-01	1.045298335854765615e+00
9.709709709709710146e-02	3.779177349408755937e+00	7.053858400000000417e-01	1.045298335854765615e+00
9.809809809809809378e-02	3.781473669804421345e+00	4.269505200000000000e-01	1.175833081190116092e+00
9.909909909909909997e-02	3.784947094154184288e+00	5.176038800000000162e-01	1.371635199193141919e+00
1.001001001001000923e-01	3.788132717327074239e+00	3.621981200000000678e-01	1.208466767523953767e+00
1.011011011011010985e-01	3.791214321155074174e+00	3.686733600000000055e-01	1.306367826525466569e+00
1.021021021021021047e-01	3.794894924618170240e+00	2.974457200000000245e-01	1.371635199193141919e+00
1.031031031031030970e-01	3.798858895626378906e+00	2.521190400000000165e-01	1.436902571860817046e+00
1.041041041041041032e-01	3.803698447150227757e+00	2.067923600000000084e-01	1.534803630862329848e+00
1.051051051051051094e-01	3.810287234467779616e+00	2.391685600000000023e-01	1.436902571860817046e+00
1.061061061061061017e-01	3.818550737925218375e+00	9.671327999999999869e-02	1.567437317196167523e+00
1.071071071071071079e-01	3.826908079663638773e+00	-2.631628000000000439e-02	1.600071003530005198e+00
1.081081081081081141e-01	3.832705098345799755e+00	6.433707999999999094e-02	1.632704689863842651e+00
1.091091091091091064e-01	3.836189851548363006e+00	-1.984104000000000423e-02	1.665338376197680104e+00
1.101101101101101126e-01	3.839980140070679226e+00	1.485152000000000139e-01	1.665338376197680104e+00
1.111111111111111049e-01	3.844168496311682670e+00	1.253515999999999658e-02	1.632704689863842651e+00
1.121121121121121111e-01	3.847411252830680972e+00	6.059919999999996421e-03	1.665338376197680104e+00
1.131131131131131173e-01	3.849741513087287181e+00	-3.926676000000000472e-02	1.469536258194654943e+00
1.141141141141141097e-01	3.850748992917209623e+00	1.253515999999999658e-02	1.697972062531518000e+00
1.151151151151151159e-01	3.849306183733974596e+00	-1.336580000000000407e-02	1.665338376197680104e+00
1.161161161161161082e-01	3.846709391674399292e+00	-3.279152000000000455e-02	1.861140494200705930e+00
1.171171171171171144e-01	3.845508787648372895e+00	3.843611999999999723e-02	1.469536258194654943e+00
1.181181181181181206e-01	3.845864017868108498e+00	2.548563999999999691e-02	1.404268885526979593e+00
1.191191191191191129e-01	3.846146896908801516e+00	-9.106868000000001295e-02	1.371635199193141919e+00
1.201201201201201191e-01	3.844939596790224456e+00	5.786183999999999772e-02	1.241100453857791219e+00
1.211211211211211253e-01	3.841933860282482183e+00	9.023803999999999159e-02	1.665338376197680104e+00
1.221221221221221176e-01	3.837949810185895316e+00	2.132676000000000016e-01	1.241100453857791219e+00
1.231231231231231238e-01	3.833956109015039360e+00	2.067923600000000084e-01	1.763239435199193128e+00
1.241241241241241300e-01	3.829795269667686686e+00	1.808914000000000077e-01	1.534803630862329848e+00
1.251251251251251362e-01	3.824145351435637608e+00	1.808914000000000077e-01	1.534803630862329848e+00
1.261261261261261146e-01	3.817131154131932380e+00	2.456437999999999955e-01	1.339001512859304244e+00
1.271271271271271208e-01	3.810697526911975608e+00	4.593267200000000772e-01	1.143199394856278639e+00
1.281281281281281270e-01	3.805089513429620318e+00	4.075248000000000759e-01	9.473972768532528121e-01
1.291291291291291332e-01	3.799159869189213001e+00	4.334257600000001043e-01	1.012664649520927940e+00
1.301301301301301394e-01	3.793822598744197361e+00	6.794848799999999578e-01	8.494962178517398987e-01
1.311311311311311179e-01	3.790670898193613247e+00	5.823562799999999484e-01	1.175833081190116092e+00
1.321321321321321240e-01	3.788157473712301826e+00	8.802173200000000808e-01	9.147635905194151373e-01
1.331331331331331302e-01	3.783724881210765556e+00	1.009722120000000167e+00	9.147635905194151373e-01
1.341341341341341364e-01	3.778215680217678063e+00	9.514449600000001173e-01	1.045298335854765615e+00
1.351351351351351426e-01	3.774508718582678668e+00	1.016197360000000049e+00	5.557930408472013806e-01
1.361361361361361211e-01	3.774114065538102025e+00	1.029147840000000036e+00	5.557930408472013806e-01
1.371371371371371273e-01	3.775697764953536595e+00	1.055048800000000009e+00	4.905256681795260310e-01
1.381381381381381335e-01	3.776047685345251814e+00	1.048573559999999905e+00	4.905256681795260310e-01
1.391391391391391397e-01	3.774434227636998429e+00	1.042098320000000022e+00	6.536940998487140719e-01
1.401401401401401459e-01	3.773565713761152018e+00	1.061524040000000113e+00	7.515951588502269853e-01
1.411411411411411521e-01	3.774135561726410515e+00	1.048573559999999905e+00	7.515951588502269853e-01
1.421421421421421305e-01	3.773978592010551747e+00	1.055048800000000009e+00	7.842288451840646601e-01
1.431431431431431367e-01	3.773009317357127745e+00	9.773459200000000902e-01	6.536940998487140719e-01
1.441441441441441429e-01	3.773146938668379136e+00	1.022672600000000154e+00	9.800309631870904870e-01
1.451451451451451491e-01	3.775047316904186268e+00	5.629305600000000798e-01	1.968224911749873740e-01
1.461461461461461553e-01	3.777723980472019516e+00	8.219401600000000307e-01	9.147635905194151373e-01
1.471471471471471337e-01	3.779836317158651315e+00	6.665344000000000824e-01	9.800309631870904870e-01
1.481481481481481399e-01	3.781202178467672592e+00	4.399010000000000420e-01	1.012664649520927940e+00
1.491491491491491461e-01	3.783354888709471453e+00	5.046534000000000297e-01	1.273734140191629116e+00
1.501501501501501523e-01	3.787537455025170807e+00	3.621981200000000678e-01	1.436902571860817046e+00
1.511511511511511585e-01	3.792581387204623233e+00	3.751485999999999432e-01	1.306367826525466569e+00
1.521521521521521647e-01	3.797065278906595509e+00	2.844952399999999826e-01	1.404268885526979593e+00
1.531531531531531432e-01	3.801448614502358492e+00	2.585942800000000097e-01	1.436902571860817046e+00
1.541541541541541493e-01	3.806325981459235841e+00	2.197428399999999948e-01	1.502169944528492396e+00
1.551551551551551555e-01	3.811781674619488580e+00	2.391685600000000023e-01	1.502169944528492396e+00
1.561561561561561617e-01	3.818178641810013652e+00	8.376279999999999837e-02	1.404268885526979593e+00
1.571571571571571679e-01	3.825387985035844984e+00	-1.984104000000000423e-02	1.600071003530005198e+00
1.581581581581581464e-01	3.832310140728019121e+00	7.081231999999999804e-02	1.502169944528492396e+00
1.591591591591591526e-01	3.837961491154328719e+00	-2.631628000000000439e-02	1.697972062531518000e+00
1.601601601601601588e-01	3.841885626462696379e+00	1.614656800000000003e-01	1.600071003530005198e+00
1.611611611611611650e-01	3.844258663032248613e+00	1.901039999999999675e-02	1.665338376197680104e+00
1.621621621621621712e-01	3.846409557254798273e+00	-4.153200000000037417e-04	1.469536258194654943e+00
1.631631631631631496e-01	3.849101584017663669e+00	-4.574200000000000488e-02	1.567437317196167523e+00
1.641641641641641558e-01	3.850671902831135363e+00	2.548563999999999691e-02	1.502169944528492396e+00
1.651651651651651620e-01	3.849710169711663355e+00	-6.890560000000003904e-03	1.567437317196167523e+00
1.661661661661661682e-01	3.848173627766727112e+00	-1.984104000000000423e-02	1.567437317196167523e+00
1.671671671671671744e-01	3.847906578001212718e+00	3.196087999999999707e-02	1.763239435199193128e+00
1.681681681681681528e-01	3.847191956558654979e+00	3.196087999999999707e-02	1.600071003530005198e+00
1.691691691691691590e-01	3.844737855691997996e+00	-9.754392000000000618e-02	1.632704689863842651e+00
1.701701701701701652e-01	3.842198571993578060e+00	5.786183999999999772e-02	1.339001512859304244e+00
1.711711711711711714e-01	3.840463118361636674e+00	7.728756000000000514e-02	1.404268885526979593e+00
1.721721721721721776e-01	3.838013622537572278e+00	2.197428399999999948e-01	1.404268885526979593e+00
1.731731731731731838e-01	3.834153336598479012e+00	2.132676000000000016e-01	1.143199394856278639e+00
1.741741741741741623e-01	3.829644354064663414e+00	1.873666400000000010e-01	1.534803630862329848e+00
1.751751751751751685e-01	3.824432727855845204e+00	1.938418799999999942e-01	1.143199394856278639e+00
1.761761761761761746e-01	3.817972835398391940e+00	2.456437999999999955e-01	1.600071003530005198e+00
1.771771771771771808e-01	3.810448751667020684e+00	4.658019600000000704e-01	1.404268885526979593e+00
1.781781781781781870e-01	3.803535763153358396e+00	4.140000400000000136e-01	1.241100453857791219e+00
1.791791791791791655e-01	3.798692433378983768e+00	4.334257600000001043e-01	1.175833081190116092e+00
1.801801801801801717e-01	3.794776220266471434e+00	6.794848799999999578e-01	8.821299041855775735e-01
1.811811811811811779e-01	3.790378866580458972e+00	5.564553199999999755e-01	6.863277861825517467e-01
1.821821821821821841e-01	3.785662205714657613e+00	9.061182800000000537e-01	9.147635905194151373e-01
1.831831831831831903e-01	3.781762729550563584e+00	1.003246880000000063e+00	5.231593545133637058e-01
1.841841841841841965e-01	3.779688335233219565e+00	9.320192400000000266e-01	1.110565708522440964e+00
1.851851851851851749e-01	3.778210105858346157e+00	1.009722120000000167e+00	9.473972768532528121e-01
1.861861861861861811e-01	3.776136957741203393e+00	1.029147840000000036e+00	6.863277861825517467e-01
1.871871871871871873e-01	3.774687767846745423e+00	1.048573559999999905e+00	8.168625315179022239e-01
1.881881881881881935e-01	3.774146653129286211e+00	1.042098320000000022e+00	4.252582955118507924e-01
1.891891891891891997e-01	3.773447401282596037e+00	1.042098320000000022e+00	6.210604135148766192e-01
1.901901901901901781e-01	3.772912749695404244e+00	1.055048800000000009e+00	4.578919818456884672e-01
1.911911911911911843e-01	3.773539318090781247e+00	1.048573559999999905e+00	3.926246091780131731e-01
1.921921921921921905e-01	3.774779276041784648e+00	1.055048800000000009e+00	7.515951588502269853e-01
1.931931931931931967e-01	3.775064539235692074e+00	9.643954399999999927e-01	9.147635905194151373e-01
1.941941941941942029e-01	3.774850286555823775e+00	1.009722120000000167e+00	7.189614725163894215e-01
1.951951951951951814e-01	3.775857560716482819e+00	5.564553199999999755e-01	1.012664649520927940e+00
1.961961961961961876e-01	3.777575829704430621e+00	8.089896800000000443e-01	8.494962178517398987e-01
1.971971971971971938e-01	3.778774120415395288e+00	6.665344000000000824e-01	1.045298335854765615e+00
1.981981981981981999e-01	3.780387735185759102e+00	4.075248000000000759e-01	9.147635905194151373e-01
1.991991991991992061e-01	3.783899692777486834e+00	5.111286400000001340e-01	1.110565708522440964e+00
2.002002002002001846e-01	3.788390488334887785e+00	3.427723999999999771e-01	1.339001512859304244e+00
2.012012012012011908e-01	3.792047470399531051e+00	3.621981200000000678e-01	1.339001512859304244e+00
2.022022022022021970e-01	3.795270588619821250e+00	2.715447599999999961e-01	1.306367826525466569e+00
2.032032032032032032e-01	3.799089178685684853e+00	2.456437999999999955e-01	1.502169944528492396e+00
2.042042042042042094e-01	3.803695758422118711e+00	2.132676000000000016e-01	1.567437317196167523e+00
2.052052052052052156e-01	3.809745097727224916e+00	2.326933200000000090e-01	1.600071003530005198e+00
2.062062062062061940e-01	3.817354850862346272e+00	9.671327999999999869e-02	1.404268885526979593e+00
2.072072072072072002e-01	3.824912484468440343e+00	-3.279152000000000455e-02	1.469536258194654943e+00
2.082082082082082064e-01	3.831519555152438361e+00	6.433707999999999094e-02	1.600071003530005198e+00
2.092092092092092126e-01	3.837832938871801769e+00	-2.631628000000000439e-02	1.632704689863842651e+00
2.102102102102102188e-01	3.843271153714501676e+00	1.679409199999999935e-01	1.665338376197680104e+00
2.112112112112111972e-01	3.846341832724685883e+00	1.901039999999999675e-02	1.665338376197680104e+00
2.122122122122122034e-01	3.847250533618246759e+00	-4.153200000000037417e-04	1.697972062531518000e+00
2.132132132132132096e-01	3.847603738733874845e+00	-3.279152000000000455e-02	1.600071003530005198e+00
2.142142142142142158e-01	3.848422294547992450e+00	6.059919999999996421e-03	1.600071003530005198e+00
2.152152152152152220e-01	3.849086872853130448e+00	-1.336580000000000407e-02	1.502169944528492396e+00
2.162162162162162282e-01	3.849121325083953771e+00	-2.631628000000000439e-02	1.632704689863842651e+00
2.172172172172172067e-01	3.848962427286849675e+00	3.843611999999999723e-02	1.404268885526979593e+00
2.182182182182182129e-01	3.847937158087788578e+00	2.548563999999999691e-02	1.665338376197680104e+00
2.192192192192192191e-01	3.845716900275664152e+00	-1.104944000000000065e-01	1.371635199193141919e+00
2.202202202202202252e-01	3.843470508940508346e+00	7.081231999999999804e-02	1.697972062531518000e+00
2.212212212212212314e-01	3.841060200442828698e+00	7.081231999999999804e-02	1.502169944528492396e+00
2.222222222222222099e-01	3.837163998195688208e+00	2.003171200000000152e-01	1.534803630862329848e+00
2.232232232232232161e-01	3.832100865817271274e+00	2.132676000000000016e-01	1.273734140191629116e+00
2.242242242242242223e-01	3.827615675159948161e+00	1.808914000000000077e-01	1.241100453857791219e+00
2.252252252252252285e-01	3.823605139013852572e+00	1.679409199999999935e-01	1.273734140191629116e+00
2.262262262262262347e-01	3.818449201720521824e+00	2.456437999999999955e-01	1.077932022188603289e+00
2.272272272272272131e-01	3.812448622920973307e+00	4.593267200000000772e-01	1.502169944528492396e+00
2.282282282282282193e-01	3.806888021274647205e+00	4.075248000000000759e-01	1.241100453857791219e+00
2.292292292292292255e-01	3.801738837005051774e+00	4.334257600000001043e-01	1.404268885526979593e+00
2.302302302302302317e-01	3.795931546393227052e+00	6.730096400000000756e-01	1.273734140191629116e+00
2.312312312312312379e-01	3.789336748457112325e+00	5.694058000000000730e-01	1.077932022188603289e+00
2.322322322322322163e-01	3.783741545131533712e+00	8.737420800000000876e-01	8.494962178517398987e-01
2.332332332332332225e-01	3.779950902085359665e+00	9.967716399999999588e-01	5.231593545133637058e-01
2.342342342342342287e-01	3.777511641157158095e+00	8.931677999999999562e-01	3.599909228441755538e-01
2.352352352352352349e-01	3.776741501894996578e+00	9.967716399999999588e-01	7.842288451840646601e-01
2.362362362362362411e-01	3.776899740472905886e+00	1.016197360000000049e+00	5.884267271810389444e-01
2.372372372372372473e-01	3.776111309363478608e+00	1.042098320000000022e+00	8.168625315179022239e-01
2.382382382382382258e-01	3.774255717104740171e+00	1.035623080000000140e+00	8.821299041855775735e-01
2.392392392392392320e-01	3.773065599584506380e+00	1.029147840000000036e+00	6.863277861825517467e-01
2.402402402402402382e-01	3.773168293970716736e+00	1.055048800000000009e+00	8.494962178517398987e-01
2.412412412412412444e-01	3.773570231332717739e+00	1.022672600000000154e+00	3.926246091780131731e-01
2.422422422422422505e-01	3.773973301844324446e+00	1.042098320000000022e+00	6.536940998487140719e-01
2.432432432432432290e-01	3.774424506052293182e+00	9.773459200000000902e-01	8.168625315179022239e-01
2.442442442442442352e-01	3.775248810315922299e+00	1.022672600000000154e+00	6.536940998487140719e-01
2.452452452452452414e-01	3.777157780285330446e+00	5.435048399999999891e-01	9.147635905194151373e-01
2.462462462462462476e-01	3.779336083060774065e+00	8.025144400000000511e-01	1.045298335854765615e+00
2.472472472472472538e-01	3.780812745914281514e+00	6.600591600000000891e-01	1.077932022188603289e+00
2.482482482482482600e-01	3.781973022735646062e+00	4.204752800000000068e-01	1.339001512859304244e+00
2.492492492492492384e-01	3.783749407093246919e+00	5.111286400000001340e-01	9.473972768532528121e-01
2.502502502502502724e-01	3.787154774837666160e+00	3.557228800000000746e-01	1.339001512859304244e+00
2.512512512512512508e-01	3.791746914435954352e+00	3.557228800000000746e-01	1.208466767523953767e+00
2.522522522522522292e-01	3.796081449474042468e+00	2.909704799999999758e-01	1.339001512859304244e+00
2.532532532532532632e-01	3.800206444721510035e+00	2.391685600000000023e-01	1.502169944528492396e+00
2.542542542542542416e-01	3.805084439373233707e+00	2.067923600000000084e-01	1.632704689863842651e+00
2.552552552552552756e-01	3.810869256344681322e+00	2.456437999999999955e-01	1.534803630862329848e+00
2.562562562562562540e-01	3.817411814030011286e+00	7.728756000000000514e-02	1.502169944528492396e+00
2.572572572572572325e-01	3.824577465596706194e+00	-1.984104000000000423e-02	1.697972062531518000e+00
2.582582582582582664e-01	3.831461806055075137e+00	5.138659999999999756e-02	1.730605748865355453e+00
2.592592592592592449e-01	3.837046182625004853e+00	-2.631628000000000439e-02	1.567437317196167523e+00
2.602602602602602788e-01	3.841051618841405446e+00	1.420399599999999929e-01	1.404268885526979593e+00
2.612612612612612573e-01	3.843870190208367621e+00	3.843611999999999723e-02	1.632704689863842651e+00
2.622622622622622357e-01	3.846407449646398469e+00	-1.336580000000000407e-02	1.534803630862329848e+00
2.632632632632632697e-01	3.849002307770793330e+00	-3.926676000000000472e-02	1.730605748865355453e+00
2.642642642642642481e-01	3.850682200672957745e+00	1.253515999999999658e-02	1.600071003530005198e+00
2.652652652652652820e-01	3.850694300016765492e+00	-4.153200000000037417e-04	1.763239435199193128e+00
2.662662662662662605e-01	3.849786659183932258e+00	-3.279152000000000455e-02	1.600071003530005198e+00
2.672672672672672389e-01	3.848791915856430990e+00	3.196087999999999707e-02	1.600071003530005198e+00
2.682682682682682729e-01	3.847539735372046188e+00	1.253515999999999658e-02	1.600071003530005198e+00
2.692692692692692513e-01	3.845968897124412145e+00	-8.459344000000000585e-02	1.534803630862329848e+00
2.702702702702702853e-01	3.844353355705115938e+00	7.081231999999999804e-02	1.469536258194654943e+00
2.712712712712712637e-01	3.842227797070372208e+00	8.376279999999999837e-02	1.665338376197680104e+00
2.722722722722722422e-01	3.838955183762741807e+00	2.197428399999999948e-01	1.567437317196167523e+00
2.732732732732732761e-01	3.834879554361701359e+00	2.132676000000000016e-01	1.665338376197680104e+00
2.742742742742742545e-01	3.830203757300806977e+00	1.808914000000000077e-01	1.371635199193141919e+00
2.752752752752752885e-01	3.824165230576862751e+00	1.679409199999999935e-01	1.534803630862329848e+00
2.762762762762762669e-01	3.817020276475841634e+00	2.456437999999999955e-01	1.110565708522440964e+00
2.772772772772773009e-01	3.810491162147827460e+00	4.463762399999999797e-01	9.800309631870904870e-01
2.782782782782782793e-01	3.805346291733036512e+00	4.204752800000000068e-01	1.143199394856278639e+00
2.792792792792792578e-01	3.801214534062736572e+00	4.075248000000000759e-01	8.168625315179022239e-01
2.802802802802802917e-01	3.797410939159001853e+00	6.600591600000000891e-01	1.241100453857791219e+00
2.812812812812812702e-01	3.792767316024405311e+00	5.629305600000000798e-01	1.077932022188603289e+00
2.822822822822823041e-01	3.787279538666805667e+00	8.737420800000000876e-01	1.143199394856278639e+00
2.832832832832832826e-01	3.782473396230404461e+00	1.003246880000000063e+00	9.473972768532528121e-01
2.842842842842842610e-01	3.779058594645978264e+00	9.061182800000000537e-01	5.884267271810389444e-01
2.852852852852852950e-01	3.776575788914574794e+00	9.902964000000000766e-01	5.557930408472013806e-01
2.862862862862862734e-01	3.774952646593024763e+00	1.016197360000000049e+00	5.231593545133637058e-01
2.872872872872873073e-01	3.774583093100964071e+00	1.035623080000000140e+00	2.947235501765002597e-01
2.882882882882882858e-01	3.775191417166636754e+00	1.035623080000000140e+00	7.515951588502269853e-01
2.892892892892892642e-01	3.775709766701055514e+00	1.029147840000000036e+00	5.557930408472013806e-01
2.902902902902902982e-01	3.775355675488306861e+00	1.048573559999999905e+00	7.842288451840646601e-01
2.912912912912912766e-01	3.774287842633595069e+00	1.035623080000000140e+00	8.494962178517398987e-01
2.922922922922923106e-01	3.773294999554804630e+00	1.042098320000000022e+00	7.515951588502269853e-01
2.932932932932932890e-01	3.773329159139569455e+00	9.708706800000000969e-01	8.168625315179022239e-01
2.942942942942942675e-01	3.774622176245844507e+00	1.003246880000000063e+00	6.536940998487140719e-01
2.952952952952953014e-01	3.776321407021834275e+00	5.564553199999999755e-01	7.189614725163894215e-01
2.962962962962962798e-01	3.777919701761679239e+00	8.025144400000000511e-01	9.473972768532528121e-01
2.972972972972973138e-01	3.780235488969021063e+00	6.471086800000001027e-01	9.147635905194151373e-01
2.982982982982982922e-01	3.783570745731466012e+00	4.204752800000000068e-01	1.306367826525466569e+00
2.992992992992992707e-01	3.786376611168566608e+00	5.240791200000000094e-01	1.339001512859304244e+00
3.003003003003003046e-01	3.788184727890409942e+00	3.492476399999999703e-01	1.404268885526979593e+00
3.013013013013012831e-01	3.790778989237087782e+00	3.621981200000000678e-01	1.534803630862329848e+00
3.023023023023023170e-01	3.794994851600722363e+00	2.715447599999999961e-01	1.208466767523953767e+00
3.033033033033032955e-01	3.800041370119916273e+00	2.456437999999999955e-01	1.469536258194654943e+00
3.043043043043043294e-01	3.805555940981192098e+00	2.067923600000000084e-01	1.371635199193141919e+00
3.053053053053053079e-01	3.811991273723239981e+00	2.391685600000000023e-01	1.404268885526979593e+00
3.063063063063062863e-01	3.819014823975062978e+00	9.023803999999999159e-02	1.567437317196167523e+00
3.073073073073073203e-01	3.825537634795781461e+00	-3.279152000000000455e-02	1.600071003530005198e+00
3.083083083083082987e-01	3.831408509935247064e+00	5.786183999999999772e-02	1.795873121533031025e+00
3.093093093093093326e-01	3.836853993490957127e+00	-3.926676000000000472e-02	1.665338376197680104e+00
3.103103103103103111e-01	3.841441096475060490e+00	1.485152000000000139e-01	1.632704689863842651e+00
3.113113113113112895e-01	3.844899511243451862e+00	3.843611999999999723e-02	1.665338376197680104e+00
3.123123123123123235e-01	3.847469301683775544e+00	-1.336580000000000407e-02	1.763239435199193128e+00
3.133133133133133019e-01	3.848873058703431216e+00	-3.279152000000000455e-02	1.600071003530005198e+00
3.143143143143143359e-01	3.848939743394259150e+00	1.253515999999999658e-02	1.697972062531518000e+00
3.153153153153153143e-01	3.848767762526116964e+00	-1.336580000000000407e-02	1.502169944528492396e+00
3.163163163163162928e-01	3.849143285660305835e+00	-1.984104000000000423e-02	1.632704689863842651e+00
3.173173173173173267e-01	3.849607769279372427e+00	3.196087999999999707e-02	1.665338376197680104e+00
3.183183183183183051e-01	3.848960656643151790e+00	1.253515999999999658e-02	1.632704689863842651e+00
3.193193193193193391e-01	3.846345735796893095e+00	-1.040191599999999994e-01	1.502169944528492396e+00
3.203203203203203175e-01	3.843162045041070396e+00	5.138659999999999756e-02	1.534803630862329848e+00
3.213213213213212960e-01	3.840823622472283372e+00	8.376279999999999837e-02	1.469536258194654943e+00
3.223223223223223299e-01	3.837991283036950918e+00	2.132676000000000016e-01	1.534803630862329848e+00
3.233233233233233084e-01	3.833727853549185216e+00	1.938418799999999942e-01	1.404268885526979593e+00
3.243243243243243423e-01	3.828814918020902347e+00	1.873666400000000010e-01	1.534803630862329848e+00
3.253253253253253208e-01	3.823279700321486008e+00	1.679409199999999935e-01	1.306367826525466569e+00
3.263263263263262992e-01	3.817117303152494312e+00	2.197428399999999948e-01	1.632704689863842651e+00
3.273273273273273332e-01	3.811101556483516450e+00	4.593267200000000772e-01	1.208466767523953767e+00
3.283283283283283116e-01	3.805316615523157253e+00	4.010495599999999716e-01	1.241100453857791219e+00
3.293293293293293456e-01	3.799274053733846301e+00	4.075248000000000759e-01	1.012664649520927940e+00
3.303303303303303240e-01	3.793310192592271868e+00	6.794848799999999578e-01	8.168625315179022239e-01
3.313313313313313024e-01	3.788745405924396792e+00	5.499800799999999823e-01	9.147635905194151373e-01
3.323323323323323364e-01	3.785986675951098501e+00	8.802173200000000808e-01	6.210604135148766192e-01
3.333333333333333148e-01	3.783454674263249551e+00	9.967716399999999588e-01	1.273734140191629116e+00
3.343343343343343488e-01	3.780043896918644730e+00	9.061182800000000537e-01	8.821299041855775735e-01
3.353353353353353272e-01	3.777219097107122447e+00	9.902964000000000766e-01	1.045298335854765615e+00
3.363363363363363057e-01	3.776188183681823851e+00	1.003246880000000063e+00	8.494962178517398987e-01
3.373373373373373396e-01	3.775596453921920670e+00	1.035623080000000140e+00	5.557930408472013806e-01
3.383383383383383181e-01	3.774320091230007890e+00	1.035623080000000140e+00	4.578919818456884672e-01
3.393393393393393520e-01	3.773168070732114465e+00	1.029147840000000036e+00	5.884267271810389444e-01
3.403403403403403304e-01	3.773493606010195567e+00	1.042098320000000022e+00	4.252582955118507924e-01
3.413413413413413644e-01	3.775142970748369464e+00	1.035623080000000140e+00	7.842288451840646601e-01
3.423423423423423428e-01	3.776138832631535269e+00	1.035623080000000140e+00	3.926246091780131731e-01
3.433433433433433213e-01	3.775758218999087479e+00	9.514449600000001173e-01	1.077932022188603289e+00
3.443443443443443552e-01	3.775312000431096937e+00	1.029147840000000036e+00	9.800309631870904870e-01
3.453453453453453337e-01	3.775946317487607562e+00	5.305543600000000026e-01	8.168625315179022239e-01
3.463463463463463676e-01	3.777627767012391224e+00	7.895639599999999536e-01	1.045298335854765615e+00
3.473473473473473461e-01	3.779220610884991061e+00	6.276829600000000120e-01	8.168625315179022239e-01
3.483483483483483245e-01	3.780450752892590138e+00	4.204752800000000068e-01	1.045298335854765615e+00
3.493493493493493585e-01	3.782804704048530198e+00	5.046534000000000297e-01	1.208466767523953767e+00
3.503503503503503369e-01	3.787124089356070922e+00	3.492476399999999703e-01	1.110565708522440964e+00
3.513513513513513709e-01	3.792316424294584820e+00	3.686733600000000055e-01	1.371635199193141919e+00
3.523523523523523493e-01	3.796951476776799783e+00	2.780200000000000449e-01	1.567437317196167523e+00
3.533533533533533277e-01	3.801079510333926770e+00	2.326933200000000090e-01	1.469536258194654943e+00
3.543543543543543617e-01	3.805749449047373556e+00	2.003171200000000152e-01	1.795873121533031025e+00
3.553553553553553401e-01	3.811752196250510316e+00	2.456437999999999955e-01	1.371635199193141919e+00
3.563563563563563741e-01	3.819242572121372081e+00	7.728756000000000514e-02	1.534803630862329848e+00
3.573573573573573525e-01	3.826770314848014998e+00	-3.279152000000000455e-02	1.502169944528492396e+00
3.583583583583583310e-01	3.832357579280816218e+00	7.081231999999999804e-02	1.534803630862329848e+00
3.593593593593593649e-01	3.836387834089243221e+00	-1.984104000000000423e-02	1.665338376197680104e+00
3.603603603603603434e-01	3.840537064834560255e+00	1.355647199999999997e-01	1.567437317196167523e+00
3.613613613613613773e-01	3.844791076741759905e+00	1.253515999999999658e-02	1.697972062531518000e+00
3.623623623623623557e-01	3.847762645031858497e+00	6.059919999999996421e-03	1.632704689863842651e+00
3.633633633633633342e-01	3.849153469685421491e+00	-1.984104000000000423e-02	1.632704689863842651e+00
3.643643643643643681e-01	3.849756425806004856e+00	-4.153200000000037417e-04	1.567437317196167523e+00
3.653653653653653466e-01	3.849702797425477829e+00	-1.336580000000000407e-02	1.600071003530005198e+00
3.663663663663663805e-01	3.848967980420969326e+00	-2.631628000000000439e-02	1.534803630862329848e+00
3.673673673673673590e-01	3.847898926050567603e+00	3.196087999999999707e-02	1.697972062531518000e+00
3.683683683683683929e-01	3.846686739377815467e+00	2.548563999999999691e-02	1.600071003530005198e+00
3.693693693693693714e-01	3.845627495111921590e+00	-9.106868000000001295e-02	1.600071003530005198e+00
3.703703703703703498e-01	3.844435522424372476e+00	5.786183999999999772e-02	1.534803630862329848e+00
3.713713713713713838e-01	3.841823777231700099e+00	8.376279999999999837e-02	1.567437317196167523e+00
3.723723723723723622e-01	3.837642468581689670e+00	2.067923600000000084e-01	1.469536258194654943e+00
3.733733733733733962e-01	3.833463298256872598e+00	2.003171200000000152e-01	1.502169944528492396e+00
3.743743743743743746e-01	3.829634327369166424e+00	1.744161599999999868e-01	1.371635199193141919e+00
3.753753753753753530e-01	3.824703232745810144e+00	1.679409199999999935e-01	1.436902571860817046e+00
3.763763763763763870e-01	3.818404149527260039e+00	2.197428399999999948e-01	1.273734140191629116e+00
3.773773773773773654e-01	3.812024826958454238e+00	4.593267200000000772e-01	1.404268885526979593e+00
3.783783783783783994e-01	3.805976037654871469e+00	4.075248000000000759e-01	1.208466767523953767e+00
3.793793793793793778e-01	3.799838097328732012e+00	4.075248000000000759e-01	1.273734140191629116e+00
3.803803803803803563e-01	3.793921301436315119e+00	6.794848799999999578e-01	1.012664649520927940e+00
3.813813813813813902e-01	3.788619651029495383e+00	5.499800799999999823e-01	1.045298335854765615e+00
3.823823823823823687e-01	3.784169667044732677e+00	8.802173200000000808e-01	6.863277861825517467e-01
3.833833833833834026e-01	3.781136093748159066e+00	9.902964000000000766e-01	3.926246091780131731e-01
3.843843843843843811e-01	3.779462220924487692e+00	8.866925599999999630e-01	7.842288451840646601e-01
3.853853853853853595e-01	3.778711003644517508e+00	1.003246880000000063e+00	5.231593545133637058e-01
3.863863863863863934e-01	3.778149826833647307e+00	1.009722120000000167e+00	9.473972768532528121e-01
3.873873873873873719e-01	3.776490794081469371e+00	1.035623080000000140e+00	6.536940998487140719e-01
3.883883883883884058e-01	3.774004528901534705e+00	1.035623080000000140e+00	8.821299041855775735e-01
3.893893893893893843e-01	3.772164611246521915e+00	1.022672600000000154e+00	8.168625315179022239e-01
3.903903903903903627e-01	3.771752625969472472e+00	1.029147840000000036e+00	5.231593545133637058e-01
3.913913913913913967e-01	3.772742188633544380e+00	1.016197360000000049e+00	4.578919818456884672e-01
3.923923923923923751e-01	3.773518588326424616e+00	1.029147840000000036e+00	5.557930408472013806e-01
3.933933933933934091e-01	3.773602907146357044e+00	9.255440000000001444e-01	3.926246091780131731e-01
3.943943943943943875e-01	3.775210982275214899e+00	9.967716399999999588e-01	9.473972768532528121e-01
3.953953953953953659e-01	3.777897283840896847e+00	5.499800799999999823e-01	9.473972768532528121e-01
3.963963963963963999e-01	3.779181409393054025e+00	7.766134800000000782e-01	1.143199394856278639e+00
3.973973973973973783e-01	3.779706389776426700e+00	6.665344000000000824e-01	1.306367826525466569e+00
3.983983983983984123e-01	3.781266181922937175e+00	4.075248000000000759e-01	1.077932022188603289e+00
3.993993993993993907e-01	3.783793552355720458e+00	4.917029200000000433e-01	1.273734140191629116e+00
4.004004004004003692e-01	3.786532360802421060e+00	3.427723999999999771e-01	9.800309631870904870e-01
4.014014014014014031e-01	3.790079332709354265e+00	3.427723999999999771e-01	1.045298335854765615e+00
4.024024024024023816e-01	3.795504641919003941e+00	2.715447599999999961e-01	1.502169944528492396e+00
4.034034034034034155e-01	3.801804235519939290e+00	2.326933200000000090e-01	1.502169944528492396e+00
4.044044044044043940e-01	3.807494987878973447e+00	2.132676000000000016e-01	1.632704689863842651e+00
4.054054054054054279e-01	3.812986358439145018e+00	2.197428399999999948e-01	1.730605748865355453e+00
4.064064064064064064e-01	3.818579728288273856e+00	9.023803999999999159e-02	1.567437317196167523e+00
4.074074074074073848e-01	3.823658749109417609e+00	-3.279152000000000455e-02	1.730605748865355453e+00
4.084084084084084187e-01	3.828734615438718514e+00	5.138659999999999756e-02	1.339001512859304244e+00
4.094094094094093972e-01	3.834586891445180168e+00	-3.279152000000000455e-02	1.632704689863842651e+00
4.104104104104104311e-01	3.840356095113750534e+00	1.226142399999999993e-01	1.600071003530005198e+00
4.114114114114114096e-01	3.844490256036944942e+00	1.253515999999999658e-02	1.632704689863842651e+00
4.124124124124123880e-01	3.846616939189721585e+00	-6.890560000000003904e-03	1.665338376197680104e+00
4.134134134134134220e-01	3.847741203979154534e+00	-3.279152000000000455e-02	1.697972062531518000e+00
4.144144144144144004e-01	3.848448076280932550e+00	-4.153200000000037417e-04	1.763239435199193128e+00
4.154154154154154344e-01	3.848440947209454066e+00	-1.336580000000000407e-02	1.730605748865355453e+00
4.164164164164164128e-01	3.847927518255097823e+00	-1.984104000000000423e-02	1.600071003530005198e+00
4.174174174174173912e-01	3.847682383324407596e+00	3.196087999999999707e-02	1.567437317196167523e+00
4.184184184184184252e-01	3.847547018459156920e+00	6.059919999999996421e-03	1.697972062531518000e+00
4.194194194194194036e-01	3.846515890825167983e+00	-9.106868000000001295e-02	1.436902571860817046e+00
4.204204204204204376e-01	3.844496087251542349e+00	7.081231999999999804e-02	1.567437317196167523e+00
4.214214214214214160e-01	3.841728078257601098e+00	8.376279999999999837e-02	1.534803630862329848e+00
4.224224224224223945e-01	3.838091511397074385e+00	2.003171200000000152e-01	1.567437317196167523e+00
4.234234234234234284e-01	3.833985451818092471e+00	1.938418799999999942e-01	1.469536258194654943e+00
4.244244244244244069e-01	3.829388571939295716e+00	1.614656800000000003e-01	1.469536258194654943e+00
4.254254254254254408e-01	3.823338721212333091e+00	1.549904400000000071e-01	1.339001512859304244e+00
4.264264264264264193e-01	3.816084217571615422e+00	2.326933200000000090e-01	1.208466767523953767e+00
4.274274274274273977e-01	3.809653477439653990e+00	4.399010000000000420e-01	1.241100453857791219e+00
4.284284284284284317e-01	3.805086987080951832e+00	3.945743200000000339e-01	1.208466767523953767e+00
4.294294294294294101e-01	3.801212663667218994e+00	3.945743200000000339e-01	9.800309631870904870e-01
4.304304304304304440e-01	3.796557404256259538e+00	6.535839199999999849e-01	1.273734140191629116e+00
4.314314314314314225e-01	3.791107156816075019e+00	5.370296000000001069e-01	9.473972768532528121e-01
4.324324324324324564e-01	3.785969209296385252e+00	8.866925599999999630e-01	1.110565708522440964e+00
4.334334334334334349e-01	3.781563601287595056e+00	9.708706800000000969e-01	6.210604135148766192e-01
4.344344344344344133e-01	3.777737840612803488e+00	8.931677999999999562e-01	6.210604135148766192e-01
4.354354354354354473e-01	3.775331163481057573e+00	9.773459200000000902e-01	6.210604135148766192e-01
4.364364364364364257e-01	3.774987590433916296e+00	1.003246880000000063e+00	3.926246091780131731e-01
4.374374374374374597e-01	3.775433441776045118e+00	1.035623080000000140e+00	7.515951588502269853e-01
4.384384384384384381e-01	3.775466152724594515e+00	1.022672600000000154e+00	5.557930408472013806e-01
4.394394394394394165e-01	3.775197721803567941e+00	1.009722120000000167e+00	9.473972768532528121e-01
4.404404404404404505e-01	3.774508673729539243e+00	1.029147840000000036e+00	7.515951588502269853e-01
4.414414414414414289e-01	3.774000697053827125e+00	1.022672600000000154e+00	7.842288451840646601e-01
4.424424424424424629e-01	3.774756852829974640e+00	1.029147840000000036e+00	8.821299041855775735e-01
4.434434434434434413e-01	3.775564077515662476e+00	9.449697200000000130e-01	5.884267271810389444e-01
4.444444444444444198e-01	3.775061612652288456e+00	1.016197360000000049e+00	5.231593545133637058e-01
4.454454454454454537e-01	3.774908018363225093e+00	5.370296000000001069e-01	7.515951588502269853e-01
4.464464464464464322e-01	3.777166651767321692e+00	7.830887200000000714e-01	7.515951588502269853e-01
4.474474474474474661e-01	3.780626414535493751e+00	6.406334400000001095e-01	1.241100453857791219e+00
4.484484484484484446e-01	3.782631476711945329e+00	4.075248000000000759e-01	1.339001512859304244e+00
4.494494494494494230e-01	3.783771735568599581e+00	4.787524399999999458e-01	1.339001512859304244e+00
4.504504504504504570e-01	3.787046193133060790e+00	3.492476399999999703e-01	1.567437317196167523e+00
4.514514514514514354e-01	3.792635630392492185e+00	3.427723999999999771e-01	1.339001512859304244e+00
4.524524524524524693e-01	3.797747196585114615e+00	2.650695199999999474e-01	1.404268885526979593e+00
4.534534534534534478e-01	3.801542663945889799e+00	2.391685600000000023e-01	1.306367826525466569e+00
4.544544544544544262e-01	3.806071158999715820e+00	2.003171200000000152e-01	1.404268885526979593e+00
4.554554554554554602e-01	3.811999490200306262e+00	2.391685600000000023e-01	1.534803630862329848e+00
4.564564564564564386e-01	3.818189303458746853e+00	9.023803999999999159e-02	1.534803630862329848e+00
4.574574574574574726e-01	3.824823397537280734e+00	-5.221724000000000504e-02	1.632704689863842651e+00
4.584584584584584510e-01	3.831664637865272560e+00	5.138659999999999756e-02	1.763239435199193128e+00
4.594594594594594295e-01	3.836949423415548122e+00	-3.279152000000000455e-02	1.632704689863842651e+00
4.604604604604604634e-01	3.840729849411223196e+00	1.290894800000000064e-01	1.730605748865355453e+00
4.614614614614614418e-01	3.844204813524533915e+00	-4.153200000000037417e-04	1.502169944528492396e+00
4.624624624624624758e-01	3.847298878987424064e+00	-1.336580000000000407e-02	1.534803630862329848e+00
4.634634634634634542e-01	3.849600393372863749e+00	-3.279152000000000455e-02	1.600071003530005198e+00
4.644644644644644327e-01	3.850673526636207544e+00	1.901039999999999675e-02	1.567437317196167523e+00
4.654654654654654666e-01	3.850116584807660391e+00	-1.336580000000000407e-02	1.730605748865355453e+00
4.664664664664664451e-01	3.848947274063407420e+00	-1.984104000000000423e-02	1.665338376197680104e+00
4.674674674674674790e-01	3.848314699789511462e+00	4.491135999999999739e-02	1.600071003530005198e+00
4.684684684684684575e-01	3.847566587552721185e+00	1.253515999999999658e-02	1.697972062531518000e+00
4.694694694694694914e-01	3.846064487015562250e+00	-7.164296000000000553e-02	1.436902571860817046e+00
4.704704704704704699e-01	3.844195272311722533e+00	5.138659999999999756e-02	1.534803630862329848e+00
4.714714714714714483e-01	3.842131473790390217e+00	7.728756000000000514e-02	1.469536258194654943e+00
4.724724724724724823e-01	3.839876831942429014e+00	2.197428399999999948e-01	1.371635199193141919e+00
4.734734734734734607e-01	3.837034615010183281e+00	1.938418799999999942e-01	1.502169944528492396e+00
4.744744744744744946e-01	3.832359150484903942e+00	1.873666400000000010e-01	1.371635199193141919e+00
4.754754754754754731e-01	3.825549232273746103e+00	1.744161599999999868e-01	1.469536258194654943e+00
4.764764764764764515e-01	3.818220666929232010e+00	2.197428399999999948e-01	1.404268885526979593e+00
4.774774774774774855e-01	3.811741067336229083e+00	4.528514799999999729e-01	1.241100453857791219e+00
4.784784784784784639e-01	3.806024820987041313e+00	4.010495599999999716e-01	1.175833081190116092e+00
4.794794794794794979e-01	3.800694655534143873e+00	3.945743200000000339e-01	1.077932022188603289e+00
4.804804804804804763e-01	3.795484794901065495e+00	6.665344000000000824e-01	1.045298335854765615e+00
4.814814814814814548e-01	3.790454904858213236e+00	5.370296000000001069e-01	1.077932022188603289e+00
4.824824824824824887e-01	3.786448898942235797e+00	8.996430400000000605e-01	8.168625315179022239e-01
4.834834834834834671e-01	3.783486054878228977e+00	9.643954399999999927e-01	9.473972768532528121e-01
4.844844844844845011e-01	3.780114089242241793e+00	8.866925599999999630e-01	7.515951588502269853e-01
4.854854854854854795e-01	3.776157669913299042e+00	9.838211600000000834e-01	1.012664649520927940e+00
4.864864864864864580e-01	3.773632095889362326e+00	9.967716399999999588e-01	4.578919818456884672e-01
4.874874874874874919e-01	3.773570082171182172e+00	1.016197360000000049e+00	5.231593545133637058e-01
4.884884884884884704e-01	3.774532027923519273e+00	1.022672600000000154e+00	5.557930408472013806e-01
4.894894894894895043e-01	3.775515107842064122e+00	1.016197360000000049e+00	2.947235501765002597e-01
4.904904904904904828e-01	3.776450784501330205e+00	1.029147840000000036e+00	8.821299041855775735e-01
4.914914914914914612e-01	3.776468806717327986e+00	1.016197360000000049e+00	5.557930408472013806e-01
4.924924924924924952e-01	3.775747289018484665e+00	1.029147840000000036e+00	9.473972768532528121e-01
4.934934934934934736e-01	3.775492431233822277e+00	9.255440000000001444e-01	1.110565708522440964e+00
4.944944944944945076e-01	3.775540439048137298e+00	1.022672600000000154e+00	8.494962178517398987e-01
4.954954954954954860e-01	3.775378852680373765e+00	5.305543600000000026e-01	9.147635905194151373e-01
4.964964964964965199e-01	3.775812323493325628e+00	7.636630000000000917e-01	7.842288451840646601e-01
4.974974974974974984e-01	3.777873054914439699e+00	6.535839199999999849e-01	7.515951588502269853e-01
4.984984984984984768e-01	3.781078710231503326e+00	4.075248000000000759e-01	1.110565708522440964e+00
4.994994994994995108e-01	3.784766661240114072e+00	4.852276800000000501e-01	9.473972768532528121e-01
5.005005005005005447e-01	3.789353565991009365e+00	3.298219200000001017e-01	1.600071003530005198e+00
5.015015015015015232e-01	3.794437568563683971e+00	3.686733600000000055e-01	1.534803630862329848e+00
5.025025025025025016e-01	3.798837412795786683e+00	2.650695199999999474e-01	1.404268885526979593e+00
5.035035035035034801e-01	3.802281440695275627e+00	2.456437999999999955e-01	1.730605748865355453e+00
5.045045045045044585e-01	3.805586043176434341e+00	2.067923600000000084e-01	1.371635199193141919e+00
5.055055055055055480e-01	3.809946668682146154e+00	2.326933200000000090e-01	1.436902571860817046e+00
5.065065065065065264e-01	3.815828005038413462e+00	8.376279999999999837e-02	1.371635199193141919e+00
5.075075075075075048e-01	3.823019863018935371e+00	-2.631628000000000439e-02	1.534803630862329848e+00
5.085085085085084833e-01	3.830426791043023194e+00	5.138659999999999756e-02	1.763239435199193128e+00
5.095095095095094617e-01	3.836441765165859330e+00	-3.279152000000000455e-02	1.534803630862329848e+00
5.105105105105105512e-01	3.841318319036482354e+00	1.355647199999999997e-01	1.697972062531518000e+00
5.115115115115115296e-01	3.845708875821538086e+00	2.548563999999999691e-02	1.795873121533031025e+00
5.125125125125125081e-01	3.848351329777595531e+00	-1.336580000000000407e-02	1.502169944528492396e+00
5.135135135135134865e-01	3.848610876709356976e+00	-3.279152000000000455e-02	1.730605748865355453e+00
5.145145145145144649e-01	3.847952129419271561e+00	1.253515999999999658e-02	1.436902571860817046e+00
5.155155155155155544e-01	3.847858779052734324e+00	-1.336580000000000407e-02	1.600071003530005198e+00
5.165165165165165329e-01	3.848332453407321552e+00	-4.574200000000000488e-02	1.600071003530005198e+00
5.175175175175175113e-01	3.848633008674783085e+00	3.843611999999999723e-02	1.502169944528492396e+00
5.185185185185184897e-01	3.848122420697084323e+00	6.059919999999996421e-03	1.534803630862329848e+00
5.195195195195194682e-01	3.846412439458854138e+00	-9.754392000000000618e-02	1.600071003530005198e+00
5.205205205205205576e-01	3.843984160391237026e+00	6.433707999999999094e-02	1.828506807866868478e+00
5.215215215215215361e-01	3.841398161105106901e+00	7.081231999999999804e-02	1.600071003530005198e+00
5.225225225225225145e-01	3.838078604031367469e+00	2.003171200000000152e-01	1.404268885526979593e+00
5.235235235235234930e-01	3.833559339809756494e+00	1.808914000000000077e-01	1.404268885526979593e+00
5.245245245245244714e-01	3.828305232134102898e+00	1.808914000000000077e-01	1.436902571860817046e+00
5.255255255255255609e-01	3.822879888695360329e+00	1.614656800000000003e-01	1.339001512859304244e+00
5.265265265265265393e-01	3.817579031189258121e+00	2.197428399999999948e-01	1.339001512859304244e+00
5.275275275275275177e-01	3.811996229119954727e+00	4.463762399999999797e-01	1.208466767523953767e+00
5.285285285285284962e-01	3.805564999478983079e+00	4.010495599999999716e-01	1.273734140191629116e+00
5.295295295295294746e-01	3.799323962120565668e+00	3.945743200000000339e-01	1.110565708522440964e+00
5.305305305305305641e-01	3.794703582540036368e+00	6.665344000000000824e-01	1.045298335854765615e+00
5.315315315315315425e-01	3.790896704687124252e+00	5.370296000000001069e-01	8.494962178517398987e-01
5.325325325325325210e-01	3.786577862037249886e+00	8.672668400000000943e-01	8.168625315179022239e-01
5.335335335335334994e-01	3.782205949318343308e+00	9.708706800000000969e-01	6.863277861825517467e-01
5.345345345345344779e-01	3.778448812173449856e+00	8.543163600000001079e-01	8.168625315179022239e-01
5.355355355355355673e-01	3.775869304574873908e+00	9.708706800000000969e-01	9.473972768532528121e-01
5.365365365365365458e-01	3.775131240908398134e+00	9.902964000000000766e-01	8.494962178517398987e-01
5.375375375375375242e-01	3.774907668901878566e+00	1.022672600000000154e+00	6.536940998487140719e-01
5.385385385385385026e-01	3.773893278317055788e+00	1.009722120000000167e+00	7.842288451840646601e-01
5.395395395395394811e-01	3.773632440805398058e+00	1.003246880000000063e+00	4.578919818456884672e-01
5.405405405405405705e-01	3.774602359971723775e+00	1.016197360000000049e+00	4.905256681795260310e-01
5.415415415415415490e-01	3.774718246188448312e+00	1.009722120000000167e+00	5.884267271810389444e-01
5.425425425425425274e-01	3.774094898924667874e+00	1.022672600000000154e+00	3.273572365103378790e-01
5.435435435435435059e-01	3.774496774565848867e+00	9.514449600000001173e-01	1.077932022188603289e+00
5.445445445445444843e-01	3.775594228122463036e+00	1.003246880000000063e+00	7.842288451840646601e-01
5.455455455455455738e-01	3.776412509778130921e+00	5.370296000000001069e-01	1.143199394856278639e+00
5.465465465465465522e-01	3.777141979141187100e+00	7.507125199999999943e-01	1.175833081190116092e+00
5.475475475475475307e-01	3.778521257004961331e+00	6.341582000000000052e-01	1.077932022188603289e+00
5.485485485485485091e-01	3.780574186138837778e+00	3.945743200000000339e-01	1.143199394856278639e+00
5.495495495495495986e-01	3.783189213318704169e+00	4.981781600000000365e-01	1.045298335854765615e+00
5.505505505505505770e-01	3.787705633179663245e+00	3.362971600000000394e-01	9.800309631870904870e-01
5.515515515515515554e-01	3.794054144273046880e+00	3.557228800000000746e-01	1.436902571860817046e+00
5.525525525525525339e-01	3.799193268598087148e+00	2.585942800000000097e-01	1.273734140191629116e+00
5.535535535535535123e-01	3.801977657211156547e+00	2.326933200000000090e-01	1.697972062531518000e+00
5.545545545545546018e-01	3.805098841173976343e+00	2.067923600000000084e-01	1.600071003530005198e+00
5.555555555555555802e-01	3.810480083017760311e+00	2.197428399999999948e-01	1.502169944528492396e+00
5.565565565565565587e-01	3.816722650391122240e+00	9.023803999999999159e-02	1.665338376197680104e+00
5.575575575575575371e-01	3.822632226778976960e+00	-5.221724000000000504e-02	1.404268885526979593e+00
5.585585585585585155e-01	3.828891542648702462e+00	5.138659999999999756e-02	1.600071003530005198e+00
5.595595595595596050e-01	3.834888746550514593e+00	-4.574200000000000488e-02	1.404268885526979593e+00
5.605605605605605835e-01	3.839598898891258827e+00	1.355647199999999997e-01	1.469536258194654943e+00
5.615615615615615619e-01	3.843705647735381259e+00	6.059919999999996421e-03	1.795873121533031025e+00
5.625625625625625403e-01	3.846821412165341236e+00	-1.336580000000000407e-02	1.730605748865355453e+00
5.635635635635635188e-01	3.847965221533851121e+00	-3.926676000000000472e-02	1.697972062531518000e+00
5.645645645645646082e-01	3.847978434649707236e+00	6.059919999999996421e-03	1.828506807866868478e+00
5.655655655655655867e-01	3.847881450182839558e+00	-1.984104000000000423e-02	1.436902571860817046e+00
5.665665665665665651e-01	3.848031828777225272e+00	-1.984104000000000423e-02	1.697972062531518000e+00
5.675675675675675436e-01	3.848306281639789717e+00	4.491135999999999739e-02	1.339001512859304244e+00
5.685685685685685220e-01	3.848227152387486250e+00	6.059919999999996421e-03	1.469536258194654943e+00
5.695695695695696115e-01	3.847513775108838630e+00	-7.811819999999999875e-02	1.567437317196167523e+00
5.705705705705705899e-01	3.845329105738661823e+00	5.138659999999999756e-02	1.502169944528492396e+00
5.715715715715715683e-01	3.840971362249285814e+00	8.376279999999999837e-02	1.534803630862329848e+00
5.725725725725725468e-01	3.835758688265510141e+00	2.003171200000000152e-01	1.567437317196167523e+00
5.735735735735735252e-01	3.831673375575220586e+00	2.003171200000000152e-01	1.436902571860817046e+00
5.745745745745746147e-01	3.828334449933774586e+00	1.808914000000000077e-01	1.436902571860817046e+00
5.755755755755755931e-01	3.823749852370088576e+00	1.679409199999999935e-01	1.371635199193141919e+00
5.765765765765765716e-01	3.818050929297347906e+00	2.197428399999999948e-01	1.045298335854765615e+00
5.775775775775775500e-01	3.812844188455472239e+00	4.463762399999999797e-01	1.241100453857791219e+00
5.785785785785785285e-01	3.807722525609994246e+00	4.010495599999999716e-01	1.143199394856278639e+00
5.795795795795796179e-01	3.801729796731436295e+00	3.880990800000000407e-01	1.110565708522440964e+00
5.805805805805805964e-01	3.795504569953672469e+00	6.406334400000001095e-01	1.110565708522440964e+00
5.815815815815815748e-01	3.789831779994175864e+00	5.370296000000001069e-01	9.800309631870904870e-01
5.825825825825825532e-01	3.785468899433517720e+00	8.737420800000000876e-01	9.147635905194151373e-01
5.835835835835835317e-01	3.782844241145683295e+00	9.838211600000000834e-01	7.515951588502269853e-01
5.845845845845846211e-01	3.780956178662728373e+00	8.607915999999999901e-01	6.210604135148766192e-01
5.855855855855855996e-01	3.778958966312868650e+00	9.708706800000000969e-01	6.536940998487140719e-01
5.865865865865865780e-01	3.777086757743989942e+00	9.902964000000000766e-01	5.557930408472013806e-01
5.875875875875875565e-01	3.775803936963452401e+00	1.016197360000000049e+00	7.189614725163894215e-01
5.885885885885885349e-01	3.775543563981759387e+00	1.009722120000000167e+00	6.863277861825517467e-01
5.895895895895896244e-01	3.776037791286273038e+00	1.003246880000000063e+00	8.494962178517398987e-01
5.905905905905906028e-01	3.776126816025830113e+00	1.029147840000000036e+00	5.884267271810389444e-01
5.915915915915915813e-01	3.775280628409153572e+00	1.009722120000000167e+00	7.515951588502269853e-01
5.925925925925925597e-01	3.774170497523633649e+00	1.009722120000000167e+00	3.926246091780131731e-01
5.935935935935935381e-01	3.773735263339957680e+00	9.320192400000000266e-01	7.189614725163894215e-01
5.945945945945946276e-01	3.774452535904433415e+00	1.009722120000000167e+00	7.515951588502269853e-01
5.955955955955956060e-01	3.776237417763423476e+00	5.240791200000000094e-01	5.557930408472013806e-01
5.965965965965965845e-01	3.778898401271184149e+00	7.830887200000000714e-01	1.175833081190116092e+00
5.975975975975975629e-01	3.782006031178835048e+00	6.341582000000000052e-01	1.045298335854765615e+00
5.985985985985985414e-01	3.784559032454806182e+00	3.880990800000000407e-01	1.502169944528492396e+00
5.995995995995996308e-01	3.785873612326528193e+00	4.722772000000000081e-01	1.469536258194654943e+00
6.006006006006006093e-01	3.787130796049952508e+00	3.233466799999999974e-01	1.273734140191629116e+00
6.016016016016015877e-01	3.790353729219761547e+00	3.298219200000001017e-01	1.143199394856278639e+00
6.026026026026025662e-01	3.795312023340899898e+00	2.650695199999999474e-01	1.306367826525466569e+00
6.036036036036035446e-01	3.800586862776295760e+00	2.391685600000000023e-01	1.273734140191629116e+00
6.046046046046046341e-01	3.806379553240320845e+00	1.938418799999999942e-01	1.534803630862329848e+00
6.056056056056056125e-01	3.813325354951639934e+00	2.262180799999999881e-01	1.306367826525466569e+00
6.066066066066065909e-01	3.820446822119071939e+00	9.023803999999999159e-02	1.730605748865355453e+00
6.076076076076075694e-01	3.826187564497571358e+00	-5.221724000000000504e-02	1.828506807866868478e+00
6.086086086086086588e-01	3.831192818540631873e+00	3.843611999999999723e-02	1.665338376197680104e+00
6.096096096096096373e-01	3.836638466631034028e+00	-3.926676000000000472e-02	1.926407866868381280e+00
6.106106106106106157e-01	3.841303246698744900e+00	1.226142399999999993e-01	1.502169944528492396e+00
6.116116116116115942e-01	3.844706387271328740e+00	1.253515999999999658e-02	1.502169944528492396e+00
6.126126126126125726e-01	3.847675736306412464e+00	-2.631628000000000439e-02	1.567437317196167523e+00
6.136136136136136621e-01	3.849410973966215899e+00	-3.926676000000000472e-02	1.534803630862329848e+00
6.146146146146146405e-01	3.849511696294495966e+00	-1.336580000000000407e-02	1.795873121533031025e+00
6.156156156156156189e-01	3.849078816641011258e+00	-1.984104000000000423e-02	1.861140494200705930e+00
6.166166166166165974e-01	3.848850555355727288e+00	-1.336580000000000407e-02	1.534803630862329848e+00
6.176176176176175758e-01	3.848876240186965170e+00	3.843611999999999723e-02	2.056942612203731535e+00
6.186186186186186653e-01	3.848472374710651511e+00	1.253515999999999658e-02	1.371635199193141919e+00
6.196196196196196437e-01	3.847078434516965295e+00	-9.754392000000000618e-02	1.534803630862329848e+00
6.206206206206206222e-01	3.844711756080913201e+00	5.138659999999999756e-02	1.502169944528492396e+00
6.216216216216216006e-01	3.841340736393606736e+00	7.081231999999999804e-02	1.502169944528492396e+00
6.226226226226225791e-01	3.837544853029094316e+00	2.003171200000000152e-01	1.567437317196167523e+00
6.236236236236236685e-01	3.834074248450517697e+00	1.808914000000000077e-01	1.469536258194654943e+00
6.246246246246246470e-01	3.830780142458066528e+00	1.744161599999999868e-01	1.567437317196167523e+00
6.256256256256256254e-01	3.826538705001255369e+00	1.549904400000000071e-01	1.567437317196167523e+00
6.266266266266266038e-01	3.819990428845151609e+00	2.132676000000000016e-01	1.273734140191629116e+00
6.276276276276275823e-01	3.812110019250321002e+00	4.463762399999999797e-01	1.208466767523953767e+00
6.286286286286286717e-01	3.805348811817060639e+00	3.945743200000000339e-01	1.208466767523953767e+00
6.296296296296296502e-01	3.800000537611695428e+00	3.816238400000000475e-01	1.110565708522440964e+00
6.306306306306306286e-01	3.795262021715422041e+00	6.535839199999999849e-01	1.143199394856278639e+00
6.316316316316316071e-01	3.790905238759330498e+00	5.111286400000001340e-01	9.800309631870904870e-01
6.326326326326325855e-01	3.786788836366339783e+00	8.866925599999999630e-01	1.045298335854765615e+00
6.336336336336336750e-01	3.783150880253716153e+00	9.708706800000000969e-01	7.842288451840646601e-01
6.346346346346346534e-01	3.779969948743003627e+00	8.478411200000001147e-01	7.189614725163894215e-01
6.356356356356356319e-01	3.776882028329386021e+00	9.708706800000000969e-01	7.189614725163894215e-01
6.366366366366366103e-01	3.774993356890554708e+00	9.902964000000000766e-01	6.863277861825517467e-01
6.376376376376375887e-01	3.775413594308263399e+00	1.016197360000000049e+00	5.884267271810389444e-01
6.386386386386386782e-01	3.776544867574038289e+00	1.003246880000000063e+00	7.842288451840646601e-01
6.396396396396396566e-01	3.776275008051540372e+00	9.967716399999999588e-01	6.210604135148766192e-01
6.406406406406406351e-01	3.774721461615202944e+00	1.016197360000000049e+00	7.515951588502269853e-01
6.416416416416416135e-01	3.773411315042868530e+00	1.009722120000000167e+00	6.536940998487140719e-01
6.426426426426425920e-01	3.773237766096419588e+00	1.022672600000000154e+00	9.473972768532528121e-01
6.436436436436436814e-01	3.773841306184094080e+00	9.255440000000001444e-01	8.494962178517398987e-01
6.446446446446446599e-01	3.774763435439387749e+00	9.902964000000000766e-01	8.821299041855775735e-01
6.456456456456456383e-01	3.775797763205154922e+00	5.435048399999999891e-01	7.189614725163894215e-01
6.466466466466466168e-01	3.777129380058797725e+00	7.766134800000000782e-01	7.515951588502269853e-01
6.476476476476475952e-01	3.779519783105096842e+00	6.276829600000000120e-01	1.012664649520927940e+00
6.486486486486486847e-01	3.783153284175987174e+00	3.945743200000000339e-01	9.147635905194151373e-01
6.496496496496496631e-01	3.787012713019439314e+00	4.917029200000000433e-01	1.534803630862329848e+00
6.506506506506506415e-01	3.789807108066423513e+00	3.168714400000000042e-01	1.436902571860817046e+00
6.516516516516516200e-01	3.791859861145121080e+00	3.492476399999999703e-01	1.371635199193141919e+00
6.526526526526525984e-01	3.794877941828688428e+00	2.585942800000000097e-01	1.567437317196167523e+00
6.536536536536536879e-01	3.799610880259803203e+00	2.391685600000000023e-01	1.371635199193141919e+00
6.546546546546546663e-01	3.805471374867248624e+00	1.873666400000000010e-01	1.371635199193141919e+00
6.556556556556556448e-01	3.811820630116143693e+00	2.326933200000000090e-01	1.404268885526979593e+00
6.566566566566566232e-01	3.818802775000886829e+00	7.728756000000000514e-02	1.339001512859304244e+00
6.576576576576576016e-01	3.826155630868603552e+00	-5.221724000000000504e-02	1.730605748865355453e+00
6.586586586586586911e-01	3.832765369894247875e+00	6.433707999999999094e-02	1.436902571860817046e+00
6.596596596596596696e-01	3.838334793240343767e+00	-3.279152000000000455e-02	1.991675239536056408e+00
6.606606606606606480e-01	3.842711895423803092e+00	1.355647199999999997e-01	1.959041553202218955e+00
6.616616616616616264e-01	3.845432981832752173e+00	2.548563999999999691e-02	1.567437317196167523e+00
6.626626626626626049e-01	3.846851202331017738e+00	-1.336580000000000407e-02	1.763239435199193128e+00
6.636636636636636943e-01	3.847536857137717092e+00	-3.279152000000000455e-02	1.436902571860817046e+00
6.646646646646646728e-01	3.848032118842584115e+00	-6.890560000000003904e-03	1.502169944528492396e+00
6.656656656656656512e-01	3.848724302462273705e+00	-1.984104000000000423e-02	1.665338376197680104e+00
6.666666666666666297e-01	3.849352644314018246e+00	-1.984104000000000423e-02	1.469536258194654943e+00
6.676676676676676081e-01	3.849532020368407803e+00	3.196087999999999707e-02	1.730605748865355453e+00
6.686686686686686976e-01	3.848612129272552806e+00	-4.153200000000037417e-04	1.893774180534543827e+00
6.696696696696696760e-01	3.846007333896654501e+00	-9.106868000000001295e-02	1.436902571860817046e+00
6.706706706706706544e-01	3.842534784321342656e+00	4.491135999999999739e-02	1.697972062531518000e+00
6.716716716716716329e-01	3.839584361065199847e+00	7.728756000000000514e-02	1.273734140191629116e+00
6.726726726726726113e-01	3.837085242146697883e+00	2.003171200000000152e-01	1.502169944528492396e+00
6.736736736736737008e-01	3.833974625023091942e+00	1.938418799999999942e-01	1.339001512859304244e+00
6.746746746746746792e-01	3.829860291502925396e+00	1.614656800000000003e-01	1.339001512859304244e+00
6.756756756756756577e-01	3.824711043744860373e+00	1.549904400000000071e-01	1.306367826525466569e+00
6.766766766766766361e-01	3.818441946589564040e+00	2.003171200000000152e-01	1.469536258194654943e+00
6.776776776776777256e-01	3.811466634197928194e+00	4.399010000000000420e-01	1.241100453857791219e+00
6.786786786786787040e-01	3.804686935717417118e+00	3.816238400000000475e-01	1.273734140191629116e+00
6.796796796796796825e-01	3.798997665743483854e+00	3.751485999999999432e-01	8.821299041855775735e-01
6.806806806806806609e-01	3.794090917129909091e+00	6.535839199999999849e-01	1.077932022188603289e+00
6.816816816816816393e-01	3.789202300722290584e+00	5.176038800000000162e-01	9.473972768532528121e-01
6.826826826826827288e-01	3.785277430250488795e+00	8.866925599999999630e-01	8.168625315179022239e-01
6.836836836836837072e-01	3.782662404325988437e+00	1.003246880000000063e+00	8.494962178517398987e-01
6.846846846846846857e-01	3.780173224865185144e+00	8.348906400000000172e-01	7.515951588502269853e-01
6.856856856856856641e-01	3.778170400213312519e+00	9.773459200000000902e-01	7.842288451840646601e-01
6.866866866866866426e-01	3.776957817133053563e+00	9.838211600000000834e-01	6.536940998487140719e-01
6.876876876876877320e-01	3.775699037801261593e+00	1.009722120000000167e+00	7.842288451840646601e-01
6.886886886886887105e-01	3.774591095155304110e+00	1.003246880000000063e+00	6.536940998487140719e-01
6.896896896896896889e-01	3.774110330639491639e+00	9.838211600000000834e-01	7.189614725163894215e-01
6.906906906906906674e-01	3.774443370726662472e+00	1.016197360000000049e+00	5.884267271810389444e-01
6.916916916916916458e-01	3.775241315433850886e+00	1.003246880000000063e+00	6.536940998487140719e-01
6.926926926926927353e-01	3.775187372986655188e+00	1.003246880000000063e+00	5.557930408472013806e-01
6.936936936936937137e-01	3.774225890978818665e+00	8.931677999999999562e-01	8.494962178517398987e-01
6.946946946946946921e-01	3.774216505574819358e+00	9.967716399999999588e-01	7.842288451840646601e-01
6.956956956956956706e-01	3.775842031195168591e+00	5.435048399999999891e-01	6.536940998487140719e-01
6.966966966966966490e-01	3.777624996926102874e+00	7.571877599999999875e-01	9.800309631870904870e-01
6.976976976976977385e-01	3.778869590370284470e+00	6.276829600000000120e-01	1.077932022188603289e+00
6.986986986986987169e-01	3.780726512836731779e+00	3.621981200000000678e-01	1.045298335854765615e+00
6.996996996996996954e-01	3.784178757999341780e+00	4.787524399999999458e-01	9.147635905194151373e-01
7.007007007007006738e-01	3.788817721496993141e+00	3.168714400000000042e-01	1.436902571860817046e+00
7.017017017017016522e-01	3.793623030832993237e+00	3.298219200000001017e-01	1.143199394856278639e+00
7.027027027027027417e-01	3.798222900005304492e+00	2.585942800000000097e-01	1.697972062531518000e+00
7.037037037037037202e-01	3.802738437740976973e+00	2.132676000000000016e-01	1.567437317196167523e+00
7.047047047047046986e-01	3.807299898123733595e+00	2.067923600000000084e-01	1.763239435199193128e+00
7.057057057057056770e-01	3.812201001287981228e+00	2.132676000000000016e-01	1.828506807866868478e+00
7.067067067067066555e-01	3.817868364163283790e+00	8.376279999999999837e-02	1.469536258194654943e+00
7.077077077077077449e-01	3.824091268075885175e+00	-7.164296000000000553e-02	1.502169944528492396e+00
7.087087087087087234e-01	3.829852468224421269e+00	5.138659999999999756e-02	1.534803630862329848e+00
7.097097097097097018e-01	3.835286201087153568e+00	-5.869248000000000520e-02	1.241100453857791219e+00
7.107107107107106803e-01	3.841051185963482606e+00	1.290894800000000064e-01	1.534803630862329848e+00
7.117117117117116587e-01	3.845716367227730359e+00	1.253515999999999658e-02	1.763239435199193128e+00
7.127127127127127482e-01	3.848019384744587601e+00	-1.984104000000000423e-02	1.763239435199193128e+00
7.137137137137137266e-01	3.848885136921037731e+00	-4.574200000000000488e-02	1.893774180534543827e+00
7.147147147147147050e-01	3.849374577260448405e+00	-4.153200000000037417e-04	1.469536258194654943e+00
7.157157157157156835e-01	3.849551148095934572e+00	-2.631628000000000439e-02	1.632704689863842651e+00
7.167167167167166619e-01	3.849329621121836187e+00	-1.336580000000000407e-02	1.339001512859304244e+00
7.177177177177177514e-01	3.849077154792210465e+00	3.196087999999999707e-02	1.404268885526979593e+00
7.187187187187187298e-01	3.848244165437650910e+00	-4.153200000000037417e-04	1.730605748865355453e+00
7.197197197197197083e-01	3.846236970860439808e+00	-1.040191599999999994e-01	1.502169944528492396e+00
7.207207207207206867e-01	3.843929235093064278e+00	5.138659999999999756e-02	1.665338376197680104e+00
7.217217217217216652e-01	3.841170471148295906e+00	7.728756000000000514e-02	1.697972062531518000e+00
7.227227227227227546e-01	3.837450055649969993e+00	2.003171200000000152e-01	1.404268885526979593e+00
7.237237237237237331e-01	3.833428237289300711e+00	1.938418799999999942e-01	1.534803630862329848e+00
7.247247247247247115e-01	3.828786026001181675e+00	1.679409199999999935e-01	1.241100453857791219e+00
7.257257257257256899e-01	3.823057838345035098e+00	1.485152000000000139e-01	1.469536258194654943e+00
7.267267267267266684e-01	3.816995527227924345e+00	1.938418799999999942e-01	1.404268885526979593e+00
7.277277277277277578e-01	3.811059633742363228e+00	4.399010000000000420e-01	1.208466767523953767e+00
7.287287287287287363e-01	3.805239807660423690e+00	3.945743200000000339e-01	1.273734140191629116e+00
7.297297297297297147e-01	3.799747452157218319e+00	3.751485999999999432e-01	1.110565708522440964e+00
7.307307307307306932e-01	3.794729171123120803e+00	6.535839199999999849e-01	1.110565708522440964e+00
7.317317317317316716e-01	3.790128715274673876e+00	5.240791200000000094e-01	1.077932022188603289e+00
7.327327327327327611e-01	3.785913166927437956e+00	8.802173200000000808e-01	8.168625315179022239e-01
7.337337337337337395e-01	3.782208618607044937e+00	9.708706800000000969e-01	7.515951588502269853e-01
7.347347347347347180e-01	3.779065972529762618e+00	8.413658800000000104e-01	6.863277861825517467e-01
7.357357357357356964e-01	3.776621278255115843e+00	9.708706800000000969e-01	6.863277861825517467e-01
7.367367367367367859e-01	3.775438395599810537e+00	9.838211600000000834e-01	7.189614725163894215e-01
7.377377377377377643e-01	3.775411290110949558e+00	1.009722120000000167e+00	6.536940998487140719e-01
7.387387387387387427e-01	3.775614966961615693e+00	1.003246880000000063e+00	7.189614725163894215e-01
7.397397397397397212e-01	3.775713227879820444e+00	1.003246880000000063e+00	7.189614725163894215e-01
7.407407407407406996e-01	3.775674049431127166e+00	1.003246880000000063e+00	6.863277861825517467e-01
7.417417417417417891e-01	3.775111589410764967e+00	1.003246880000000063e+00	5.884267271810389444e-01
7.427427427427427675e-01	3.774306627822383575e+00	1.009722120000000167e+00	7.515951588502269853e-01
7.437437437437437460e-01	3.774237705306872304e+00	9.061182800000000537e-01	8.168625315179022239e-01
7.447447447447447244e-01	3.774924876136506846e+00	9.902964000000000766e-01	8.168625315179022239e-01
7.457457457457457028e-01	3.775900871249941559e+00	5.435048399999999891e-01	8.494962178517398987e-01
7.467467467467467923e-01	3.777600940439735488e+00	7.701382400000000850e-01	1.175833081190116092e+00
7.477477477477477708e-01	3.780177446573333544e+00	6.276829600000000120e-01	1.077932022188603289e+00
7.487487487487487492e-01	3.782671547482856056e+00	3.751485999999999432e-01	1.339001512859304244e+00
7.497497497497497276e-01	3.784636335024974763e+00	4.528514799999999729e-01	1.143199394856278639e+00
7.507507507507507061e-01	3.787207835265054889e+00	3.233466799999999974e-01	1.208466767523953767e+00
7.517517517517517955e-01	3.791242423335879241e+00	3.427723999999999771e-01	1.045298335854765615e+00
7.527527527527527740e-01	3.795900917592368362e+00	2.521190400000000165e-01	1.110565708522440964e+00
7.537537537537537524e-01	3.800673752530495442e+00	2.326933200000000090e-01	1.567437317196167523e+00
7.547547547547547309e-01	3.806114570235889616e+00	1.938418799999999942e-01	1.306367826525466569e+00
7.557557557557557093e-01	3.811915322310321041e+00	2.003171200000000152e-01	1.763239435199193128e+00
7.567567567567567988e-01	3.817266048744838436e+00	7.728756000000000514e-02	1.600071003530005198e+00
7.577577577577577772e-01	3.822851894573108034e+00	-3.926676000000000472e-02	1.763239435199193128e+00
7.587587587587587556e-01	3.829633556043713138e+00	4.491135999999999739e-02	1.893774180534543827e+00
7.597597597597597341e-01	3.836317277642522061e+00	-3.926676000000000472e-02	1.404268885526979593e+00
7.607607607607607125e-01	3.841294263606436665e+00	1.161389999999999922e-01	1.469536258194654943e+00
7.617617617617618020e-01	3.844951058547642742e+00	1.901039999999999675e-02	1.600071003530005198e+00
7.627627627627627804e-01	3.847616186497442747e+00	-6.890560000000003904e-03	1.339001512859304244e+00
7.637637637637637589e-01	3.849100490726715673e+00	-3.926676000000000472e-02	1.795873121533031025e+00
7.647647647647647373e-01	3.849877978240624277e+00	-4.153200000000037417e-04	1.763239435199193128e+00
7.657657657657657158e-01	3.849860689371826350e+00	-1.984104000000000423e-02	1.730605748865355453e+00
7.667667667667668052e-01	3.848385124347669439e+00	-2.631628000000000439e-02	1.861140494200705930e+00
7.677677677677677837e-01	3.846168197901311370e+00	3.196087999999999707e-02	1.339001512859304244e+00
7.687687687687687621e-01	3.845044190803774686e+00	1.253515999999999658e-02	1.534803630862329848e+00
7.697697697697697405e-01	3.844981351472797737e+00	-1.104944000000000065e-01	1.404268885526979593e+00
7.707707707707707190e-01	3.844001049353608757e+00	5.138659999999999756e-02	1.339001512859304244e+00
7.717717717717718084e-01	3.841576879206605177e+00	7.081231999999999804e-02	1.534803630862329848e+00
7.727727727727727869e-01	3.838546433860838381e+00	1.938418799999999942e-01	1.502169944528492396e+00
7.737737737737737653e-01	3.834754474616698605e+00	1.873666400000000010e-01	1.632704689863842651e+00
7.747747747747747438e-01	3.829663141344258559e+00	1.744161599999999868e-01	1.534803630862329848e+00
7.757757757757757222e-01	3.823893916050912001e+00	1.549904400000000071e-01	1.371635199193141919e+00
7.767767767767768117e-01	3.818163655827427228e+00	2.003171200000000152e-01	1.404268885526979593e+00
7.777777777777777901e-01	3.812244129048535157e+00	4.399010000000000420e-01	1.077932022188603289e+00
7.787787787787787686e-01	3.806553830448900388e+00	3.880990800000000407e-01	1.143199394856278639e+00
7.797797797797797470e-01	3.801840667772750315e+00	3.751485999999999432e-01	1.045298335854765615e+00
7.807807807807807254e-01	3.797385881810937391e+00	6.535839199999999849e-01	1.012664649520927940e+00
7.817817817817818149e-01	3.792275679442834502e+00	5.305543600000000026e-01	1.175833081190116092e+00
7.827827827827827933e-01	3.787058699469201262e+00	9.125935200000000469e-01	9.147635905194151373e-01
7.837837837837837718e-01	3.783124371150078158e+00	9.643954399999999927e-01	8.168625315179022239e-01
7.847847847847847502e-01	3.780408687179674043e+00	8.543163600000001079e-01	8.494962178517398987e-01
7.857857857857857287e-01	3.777343353127453618e+00	9.708706800000000969e-01	7.189614725163894215e-01
7.867867867867868181e-01	3.774600129457282183e+00	9.708706800000000969e-01	6.863277861825517467e-01
7.877877877877877966e-01	3.774344865483237665e+00	1.003246880000000063e+00	6.536940998487140719e-01
7.887887887887887750e-01	3.775956427447398234e+00	1.003246880000000063e+00	6.210604135148766192e-01
7.897897897897897534e-01	3.777207923624404273e+00	9.902964000000000766e-01	6.863277861825517467e-01
7.907907907907907319e-01	3.776972618948570393e+00	1.009722120000000167e+00	6.210604135148766192e-01
7.917917917917918214e-01	3.775573393869671612e+00	1.003246880000000063e+00	6.536940998487140719e-01
7.927927927927927998e-01	3.774537304530644288e+00	1.009722120000000167e+00	7.515951588502269853e-01
7.937937937937937782e-01	3.774990315388069284e+00	8.996430400000000605e-01	6.210604135148766192e-01
7.947947947947947567e-01	3.776424023518849094e+00	9.838211600000000834e-01	7.189614725163894215e-01
7.957957957957957351e-01	3.777614249742806685e+00	5.240791200000000094e-01	8.494962178517398987e-01
7.967967967967968246e-01	3.778411644595861318e+00	7.571877599999999875e-01	9.473972768532528121e-01
7.977977977977978030e-01	3.780017186123256323e+00	6.212077200000000188e-01	9.800309631870904870e-01
7.987987987987987815e-01	3.782999018602720920e+00	3.751485999999999432e-01	1.143199394856278639e+00
7.997997997997997599e-01	3.786393585522180416e+00	4.658019600000000704e-01	1.469536258194654943e+00
8.008008008008007383e-01	3.789450436968959224e+00	3.168714400000000042e-01	1.273734140191629116e+00
8.018018018018018278e-01	3.792568156820904424e+00	3.427723999999999771e-01	1.730605748865355453e+00
8.028028028028028062e-01	3.796335878556870824e+00	2.326933200000000090e-01	1.273734140191629116e+00
8.038038038038037847e-01	3.800998366281579610e+00	2.326933200000000090e-01	1.306367826525466569e+00
8.048048048048047631e-01	3.806280335324191189e+00	1.873666400000000010e-01	1.306367826525466569e+00
8.058058058058058526e-01	3.811987328038273226e+00	1.938418799999999942e-01	1.143199394856278639e+00
8.068068068068068310e-01	3.818345563540135323e+00	7.081231999999999804e-02	1.697972062531518000e+00
8.078078078078078095e-01	3.825440668173787362e+00	-4.574200000000000488e-02	1.469536258194654943e+00
8.088088088088087879e-01	3.833026967342070712e+00	4.491135999999999739e-02	1.959041553202218955e+00
8.098098098098097664e-01	3.839112449767631663e+00	-3.926676000000000472e-02	1.926407866868381280e+00
8.108108108108108558e-01	3.841599522197617578e+00	9.671327999999999869e-02	1.795873121533031025e+00
8.118118118118118343e-01	3.842318360793709697e+00	1.253515999999999658e-02	1.697972062531518000e+00
8.128128128128128127e-01	3.844900289941606264e+00	-2.631628000000000439e-02	1.436902571860817046e+00
8.138138138138137911e-01	3.849556173677152859e+00	-5.221724000000000504e-02	1.371635199193141919e+00
8.148148148148147696e-01	3.852486412106537195e+00	-4.153200000000037417e-04	1.632704689863842651e+00
8.158158158158158590e-01	3.851432000282879908e+00	-1.336580000000000407e-02	1.469536258194654943e+00
8.168168168168168375e-01	3.848832104585946379e+00	-2.631628000000000439e-02	1.991675239536056408e+00
8.178178178178178159e-01	3.847157270072862012e+00	1.901039999999999675e-02	1.763239435199193128e+00
8.188188188188187944e-01	3.846444718947161778e+00	-6.890560000000003904e-03	1.534803630862329848e+00
8.198198198198197728e-01	3.845839161831143826e+00	-7.811819999999999875e-02	1.795873121533031025e+00
8.208208208208208623e-01	3.844350809983580586e+00	3.196087999999999707e-02	1.371635199193141919e+00
8.218218218218218407e-01	3.842131788323942754e+00	6.433707999999999094e-02	1.436902571860817046e+00
8.228228228228228192e-01	3.839229119086970954e+00	1.744161599999999868e-01	1.404268885526979593e+00
8.238238238238237976e-01	3.834748986703676366e+00	1.808914000000000077e-01	1.339001512859304244e+00
8.248248248248247760e-01	3.829399046506841930e+00	1.549904400000000071e-01	1.436902571860817046e+00
8.258258258258258655e-01	3.824208289841576569e+00	1.485152000000000139e-01	1.436902571860817046e+00
8.268268268268268439e-01	3.818229184195926162e+00	1.938418799999999942e-01	1.143199394856278639e+00
8.278278278278278224e-01	3.811199729647437806e+00	4.334257600000001043e-01	1.469536258194654943e+00
8.288288288288288008e-01	3.804752044215585105e+00	3.686733600000000055e-01	1.110565708522440964e+00
8.298298298298297793e-01	3.799429136089968573e+00	3.557228800000000746e-01	1.208466767523953767e+00
8.308308308308308687e-01	3.794749383964406864e+00	6.471086800000001027e-01	8.821299041855775735e-01
8.318318318318318472e-01	3.791062160343225518e+00	5.176038800000000162e-01	9.473972768532528121e-01
8.328328328328328256e-01	3.787952364184300258e+00	8.931677999999999562e-01	8.821299041855775735e-01
8.338338338338338041e-01	3.784453463131810746e+00	9.514449600000001173e-01	7.515951588502269853e-01
8.348348348348347825e-01	3.781028618455084089e+00	8.219401600000000307e-01	8.821299041855775735e-01
8.358358358358358720e-01	3.778109519205492983e+00	9.643954399999999927e-01	8.821299041855775735e-01
8.368368368368368504e-01	3.775841365098810520e+00	9.643954399999999927e-01	7.189614725163894215e-01
8.378378378378378288e-01	3.775109620472225203e+00	9.967716399999999588e-01	9.473972768532528121e-01
8.388388388388388073e-01	3.775416281191648071e+00	9.902964000000000766e-01	5.884267271810389444e-01
8.398398398398397857e-01	3.775198649331920286e+00	9.838211600000000834e-01	5.557930408472013806e-01
8.408408408408408752e-01	3.774790483692194165e+00	1.003246880000000063e+00	6.536940998487140719e-01
8.418418418418418536e-01	3.775155308617408334e+00	9.838211600000000834e-01	6.536940998487140719e-01
8.428428428428428321e-01	3.775624930876600338e+00	9.967716399999999588e-01	7.515951588502269853e-01
8.438438438438438105e-01	3.775326324044786297e+00	8.931677999999999562e-01	7.842288451840646601e-01
8.448448448448447889e-01	3.774589466989096920e+00	9.838211600000000834e-01	8.821299041855775735e-01
8.458458458458458784e-01	3.774343572195030472e+00	5.435048399999999891e-01	8.821299041855775735e-01
8.468468468468468568e-01	3.775786025980362837e+00	7.442372800000001121e-01	1.012664649520927940e+00
8.478478478478478353e-01	3.779232712436316088e+00	6.212077200000000188e-01	9.800309631870904870e-01
8.488488488488488137e-01	3.783023822798191382e+00	3.816238400000000475e-01	1.208466767523953767e+00
8.498498498498497922e-01	3.786007550892901197e+00	4.658019600000000704e-01	1.208466767523953767e+00
8.508508508508508816e-01	3.789418164122022592e+00	3.233466799999999974e-01	1.469536258194654943e+00
8.518518518518518601e-01	3.793996127423783449e+00	3.233466799999999974e-01	1.665338376197680104e+00
8.528528528528528385e-01	3.798177422302757567e+00	2.521190400000000165e-01	1.730605748865355453e+00
8.538538538538538170e-01	3.801180131592282851e+00	2.197428399999999948e-01	1.600071003530005198e+00
8.548548548548547954e-01	3.804463255424372470e+00	1.873666400000000010e-01	1.697972062531518000e+00
8.558558558558558849e-01	3.809468765571170312e+00	1.938418799999999942e-01	1.404268885526979593e+00
8.568568568568568633e-01	3.816533878604849495e+00	5.138659999999999756e-02	1.371635199193141919e+00
8.578578578578578417e-01	3.824479524498170413e+00	-5.221724000000000504e-02	1.502169944528492396e+00
8.588588588588588202e-01	3.831496114545818177e+00	3.843611999999999723e-02	1.273734140191629116e+00
8.598598598598597986e-01	3.837361609129996243e+00	-5.221724000000000504e-02	1.893774180534543827e+00
8.608608608608608881e-01	3.842560058751977703e+00	1.161389999999999922e-01	1.567437317196167523e+00
8.618618618618618665e-01	3.846257349426309702e+00	1.253515999999999658e-02	1.959041553202218955e+00
8.628628628628628450e-01	3.847358766850663692e+00	-1.984104000000000423e-02	1.795873121533031025e+00
8.638638638638638234e-01	3.846909257406202265e+00	-5.221724000000000504e-02	1.697972062531518000e+00
8.648648648648649129e-01	3.846811279256276528e+00	-1.336580000000000407e-02	1.665338376197680104e+00
8.658658658658658913e-01	3.847483756108451836e+00	-2.631628000000000439e-02	1.404268885526979593e+00
8.668668668668668698e-01	3.848642918443393679e+00	-3.279152000000000455e-02	1.273734140191629116e+00
8.678678678678678482e-01	3.849239343924151235e+00	3.843611999999999723e-02	1.828506807866868478e+00
8.688688688688688266e-01	3.848236836073514411e+00	-6.890560000000003904e-03	1.436902571860817046e+00
8.698698698698699161e-01	3.846494872626404327e+00	-9.754392000000000618e-02	1.730605748865355453e+00
8.708708708708708945e-01	3.844659913956327113e+00	4.491135999999999739e-02	1.795873121533031025e+00
8.718718718718718730e-01	3.841969937710177252e+00	7.728756000000000514e-02	1.534803630862329848e+00
8.728728728728728514e-01	3.838091444413747944e+00	2.003171200000000152e-01	1.763239435199193128e+00
8.738738738738738299e-01	3.833391668731266577e+00	1.614656800000000003e-01	1.208466767523953767e+00
8.748748748748749193e-01	3.828388791704603555e+00	1.744161599999999868e-01	1.339001512859304244e+00
8.758758758758758978e-01	3.823314138561233033e+00	1.290894800000000064e-01	1.110565708522440964e+00
8.768768768768768762e-01	3.817901188813748181e+00	2.003171200000000152e-01	1.339001512859304244e+00
8.778778778778778547e-01	3.812067467292821199e+00	4.334257600000001043e-01	1.404268885526979593e+00
8.788788788788788331e-01	3.806057560451150401e+00	3.880990800000000407e-01	1.306367826525466569e+00
8.798798798798799226e-01	3.800134994077231987e+00	3.621981200000000678e-01	1.175833081190116092e+00
8.808808808808809010e-01	3.794771480802021646e+00	6.600591600000000891e-01	1.306367826525466569e+00
8.818818818818818794e-01	3.790141051923609616e+00	5.046534000000000297e-01	8.168625315179022239e-01
8.828828828828828579e-01	3.785677911493173564e+00	8.672668400000000943e-01	1.012664649520927940e+00
8.838838838838838363e-01	3.781747056793413719e+00	9.643954399999999927e-01	5.557930408472013806e-01
8.848848848848849258e-01	3.779598840026570539e+00	8.154649200000001485e-01	5.884267271810389444e-01
8.858858858858859042e-01	3.778541957058092482e+00	9.579201999999999995e-01	6.863277861825517467e-01
8.868868868868868827e-01	3.777494578632444533e+00	9.579201999999999995e-01	7.189614725163894215e-01
8.878878878878878611e-01	3.776894110554765760e+00	9.967716399999999588e-01	7.189614725163894215e-01
8.888888888888888395e-01	3.776126688146927535e+00	9.838211600000000834e-01	7.842288451840646601e-01
8.898898898898899290e-01	3.774931891572387066e+00	9.773459200000000902e-01	7.189614725163894215e-01
8.908908908908909074e-01	3.774729316435975424e+00	9.967716399999999588e-01	7.515951588502269853e-01
8.918918918918918859e-01	3.774971365092064435e+00	9.902964000000000766e-01	6.210604135148766192e-01
8.928928928928928643e-01	3.774445172028762840e+00	9.967716399999999588e-01	6.863277861825517467e-01
8.938938938938938428e-01	3.774187676666769686e+00	8.866925599999999630e-01	8.821299041855775735e-01
8.948948948948949322e-01	3.775038343893382997e+00	9.773459200000000902e-01	8.168625315179022239e-01
8.958958958958959107e-01	3.776341267409249358e+00	5.370296000000001069e-01	1.045298335854765615e+00
8.968968968968968891e-01	3.777617945121961363e+00	7.442372800000001121e-01	1.012664649520927940e+00
8.978978978978978676e-01	3.779257809117328115e+00	6.017820000000000391e-01	1.110565708522440964e+00
8.988988988988988460e-01	3.781619696202755065e+00	3.686733600000000055e-01	1.110565708522440964e+00
8.998998998998999355e-01	3.784695631022478413e+00	4.463762399999999797e-01	1.175833081190116092e+00
9.009009009009009139e-01	3.788483805684215167e+00	3.103962000000000110e-01	1.208466767523953767e+00
9.019019019019018923e-01	3.792642640236736806e+00	3.298219200000001017e-01	1.143199394856278639e+00
9.029029029029028708e-01	3.796824145226338931e+00	2.521190400000000165e-01	1.404268885526979593e+00
9.039039039039038492e-01	3.801413064856414170e+00	2.197428399999999948e-01	1.828506807866868478e+00
9.049049049049049387e-01	3.806826432881735389e+00	1.873666400000000010e-01	1.567437317196167523e+00
9.059059059059059171e-01	3.812770074892912309e+00	2.132676000000000016e-01	1.730605748865355453e+00
9.069069069069068956e-01	3.818762488674754874e+00	6.433707999999999094e-02	1.502169944528492396e+00
9.079079079079078740e-01	3.824511265620470724e+00	-5.869248000000000520e-02	1.697972062531518000e+00
9.089089089089088525e-01	3.829979318976811875e+00	1.901039999999999675e-02	1.404268885526979593e+00
9.099099099099099419e-01	3.835542563934190241e+00	-5.869248000000000520e-02	1.404268885526979593e+00
9.109109109109109204e-01	3.841068667797411074e+00	9.671327999999999869e-02	1.730605748865355453e+00
9.119119119119118988e-01	3.845430903460664407e+00	-4.153200000000037417e-04	1.371635199193141919e+00
9.129129129129128772e-01	3.847787642988626633e+00	-1.336580000000000407e-02	1.861140494200705930e+00
9.139139139139138557e-01	3.848668845816656692e+00	-5.221724000000000504e-02	1.600071003530005198e+00
9.149149149149149451e-01	3.849074835102543890e+00	-6.890560000000003904e-03	1.926407866868381280e+00
9.159159159159159236e-01	3.848625292199683301e+00	-1.984104000000000423e-02	1.795873121533031025e+00
9.169169169169169020e-01	3.847178038675874934e+00	-1.984104000000000423e-02	1.502169944528492396e+00
9.179179179179178805e-01	3.846485026975397847e+00	-4.153200000000037417e-04	1.600071003530005198e+00
9.189189189189188589e-01	3.846399004533659571e+00	1.901039999999999675e-02	1.534803630862329848e+00
9.199199199199199484e-01	3.845152129630293292e+00	-9.106868000000001295e-02	1.339001512859304244e+00
9.209209209209209268e-01	3.843770096085052490e+00	3.843611999999999723e-02	1.632704689863842651e+00
9.219219219219219053e-01	3.842744447477156378e+00	6.433707999999999094e-02	1.469536258194654943e+00
9.229229229229228837e-01	3.839413695172155361e+00	1.938418799999999942e-01	1.665338376197680104e+00
9.239239239239238621e-01	3.833432774844983459e+00	1.679409199999999935e-01	1.697972062531518000e+00
9.249249249249249516e-01	3.828035948464389993e+00	1.549904400000000071e-01	1.436902571860817046e+00
9.259259259259259300e-01	3.823965702971690028e+00	1.420399599999999929e-01	1.600071003530005198e+00
9.269269269269269085e-01	3.818695997496621697e+00	1.873666400000000010e-01	1.339001512859304244e+00
9.279279279279278869e-01	3.812298751865715207e+00	4.269505200000000000e-01	1.045298335854765615e+00
9.289289289289288654e-01	3.806659684173344882e+00	3.751485999999999432e-01	1.143199394856278639e+00
9.299299299299299548e-01	3.801441143948897317e+00	3.621981200000000678e-01	1.045298335854765615e+00
9.309309309309309333e-01	3.796218417795071964e+00	6.406334400000001095e-01	1.208466767523953767e+00
9.319319319319319117e-01	3.791272777849295395e+00	5.111286400000001340e-01	1.077932022188603289e+00
9.329329329329328901e-01	3.786430430971118977e+00	8.866925599999999630e-01	9.473972768532528121e-01
9.339339339339339796e-01	3.782014105666333226e+00	9.643954399999999927e-01	1.045298335854765615e+00
9.349349349349349581e-01	3.778654918745070646e+00	8.284154000000000240e-01	4.578919818456884672e-01
9.359359359359359365e-01	3.776644293324762369e+00	9.384944800000000198e-01	8.821299041855775735e-01
9.369369369369369149e-01	3.775714743404543938e+00	9.579201999999999995e-01	6.210604135148766192e-01
9.379379379379378934e-01	3.775467712633780337e+00	9.838211600000000834e-01	6.863277861825517467e-01
9.389389389389389828e-01	3.776040644777651778e+00	9.902964000000000766e-01	6.863277861825517467e-01
9.399399399399399613e-01	3.777024388532931098e+00	9.708706800000000969e-01	7.189614725163894215e-01
9.409409409409409397e-01	3.777025411879531447e+00	9.967716399999999588e-01	8.168625315179022239e-01
9.419419419419419182e-01	3.775551757267967989e+00	9.773459200000000902e-01	7.842288451840646601e-01
9.429429429429428966e-01	3.774136329614623975e+00	9.967716399999999588e-01	7.842288451840646601e-01
9.439439439439439861e-01	3.774467314659896378e+00	8.802173200000000808e-01	7.515951588502269853e-01
9.449449449449449645e-01	3.776268013794400247e+00	9.902964000000000766e-01	8.168625315179022239e-01
9.459459459459459429e-01	3.778264824423938517e+00	5.111286400000001340e-01	9.147635905194151373e-01
9.469469469469469214e-01	3.779748677858569383e+00	7.377620400000000078e-01	1.045298335854765615e+00
9.479479479479478998e-01	3.780818515913989764e+00	6.017820000000000391e-01	1.012664649520927940e+00
9.489489489489489893e-01	3.782660027619749954e+00	3.621981200000000678e-01	1.339001512859304244e+00
9.499499499499499677e-01	3.785953164675868621e+00	4.593267200000000772e-01	1.241100453857791219e+00
9.509509509509509462e-01	3.789310994174206471e+00	3.103962000000000110e-01	1.273734140191629116e+00
9.519519519519519246e-01	3.791900285818433858e+00	3.298219200000001017e-01	1.110565708522440964e+00
9.529529529529529031e-01	3.795002460018747303e+00	2.456437999999999955e-01	1.469536258194654943e+00
9.539539539539539925e-01	3.799591525133624970e+00	2.262180799999999881e-01	1.436902571860817046e+00
9.549549549549549710e-01	3.805220379619115079e+00	1.679409199999999935e-01	1.534803630862329848e+00
9.559559559559559494e-01	3.811059980770028943e+00	2.003171200000000152e-01	1.502169944528492396e+00
9.569569569569569278e-01	3.816838806580148624e+00	6.433707999999999094e-02	1.632704689863842651e+00
9.579579579579579063e-01	3.823211683202637712e+00	-5.869248000000000520e-02	1.632704689863842651e+00
9.589589589589589957e-01	3.830582133359018648e+00	4.491135999999999739e-02	1.926407866868381280e+00
9.599599599599599742e-01	3.837522953695242656e+00	-8.459344000000000585e-02	1.502169944528492396e+00
9.609609609609609526e-01	3.841884529888385913e+00	9.671327999999999869e-02	1.665338376197680104e+00
9.619619619619619311e-01	3.844048057040752919e+00	-6.890560000000003904e-03	1.502169944528492396e+00
9.629629629629629095e-01	3.846471433209921909e+00	-3.926676000000000472e-02	1.404268885526979593e+00
9.639639639639639990e-01	3.849131046565982484e+00	-4.574200000000000488e-02	1.632704689863842651e+00
9.649649649649649774e-01	3.850301743674707122e+00	-2.631628000000000439e-02	1.339001512859304244e+00
9.659659659659659559e-01	3.850580355843120195e+00	-1.336580000000000407e-02	1.991675239536056408e+00
9.669669669669669343e-01	3.851169062180039404e+00	-1.984104000000000423e-02	1.763239435199193128e+00
9.679679679679679127e-01	3.851019552962851922e+00	1.901039999999999675e-02	2.056942612203731535e+00
9.689689689689690022e-01	3.848825684122218593e+00	-6.890560000000003904e-03	1.763239435199193128e+00
9.699699699699699806e-01	3.846098705537452922e+00	-9.106868000000001295e-02	1.404268885526979593e+00
9.709709709709709591e-01	3.844455169936544348e+00	2.548563999999999691e-02	1.436902571860817046e+00
9.719719719719719375e-01	3.842566731205184549e+00	6.433707999999999094e-02	1.371635199193141919e+00
9.729729729729729160e-01	3.839567415913609505e+00	1.938418799999999942e-01	1.208466767523953767e+00
9.739739739739740054e-01	3.836061562859268470e+00	1.873666400000000010e-01	1.534803630862329848e+00
9.749749749749749839e-01	3.831446682743395726e+00	1.744161599999999868e-01	1.404268885526979593e+00
9.759759759759759623e-01	3.825097799755353467e+00	1.290894800000000064e-01	1.730605748865355453e+00
9.769769769769769407e-01	3.818150401398010541e+00	1.873666400000000010e-01	1.469536258194654943e+00
9.779779779779779192e-01	3.812077292878017776e+00	4.334257600000001043e-01	1.273734140191629116e+00
9.789789789789790087e-01	3.806522526486004310e+00	3.686733600000000055e-01	1.339001512859304244e+00
9.799799799799799871e-01	3.799965090231674392e+00	3.362971600000000394e-01	9.473972768532528121e-01
9.809809809809809655e-01	3.793405182868375469e+00	6.406334400000001095e-01	1.012664649520927940e+00
9.819819819819819440e-01	3.789477938552020309e+00	4.852276800000000501e-01	1.012664649520927940e+00
9.829829829829829224e-01	3.787556245051107329e+00	8.931677999999999562e-01	7.189614725163894215e-01
9.839839839839840119e-01	3.785059285438643784e+00	9.449697200000000130e-01	1.012664649520927940e+00
9.849849849849849903e-01	3.781404112630800896e+00	8.154649200000001485e-01	1.012664649520927940e+00
9.859859859859859688e-01	3.777731518015443157e+00	9.320192400000000266e-01	7.515951588502269853e-01
9.869869869869869472e-01	3.775657230037442691e+00	9.514449600000001173e-01	8.821299041855775735e-01
9.879879879879879256e-01	3.775935449875823746e+00	9.773459200000000902e-01	4.252582955118507924e-01
9.889889889889890151e-01	3.776981952814007837e+00	9.773459200000000902e-01	7.189614725163894215e-01
9.899899899899899935e-01	3.776476162109470902e+00	9.708706800000000969e-01	5.231593545133637058e-01
9.909909909909909720e-01	3.774780498747980495e+00	9.902964000000000766e-01	5.884267271810389444e-01
9.919919919919919504e-01	3.774191601417336006e+00	9.773459200000000902e-01	6.863277861825517467e-01
9.929929929929930399e-01	3.774955524349396629e+00	9.838211600000000834e-01	6.863277861825517467e-01
9.939939939939940183e-01	3.775649277318319452e+00	8.931677999999999562e-01	8.494962178517398987e-01
9.949949949949949968e-01	3.776106824806929829e+00	9.902964000000000766e-01	8.821299041855775735e-01
9.959959959959959752e-01	3.776714981473385357e+00	5.046534000000000297e-01	8.168625315179022239e-01
9.969969969969969537e-01	3.777387550759010004e+00	7.377620400000000078e-01	1.077932022188603289e+00
9.979979979979980431e-01	3.778899345800441179e+00	6.147324800000000256e-01	1.012664649520927940e+00
9.989989989989990216e-01	3.782769936896785978e+00	3.557228800000000746e-01	1.175833081190116092e+00
1.000000000000000000e+00	3.788981763149269710e+00	4.269505200000000000e-01	1.273734140191629116e+00
