Time(s)\disp(mm)\Force(Lb)\Force(Lb)
0.000000000000000000e+00	3.832472431297170967e+00	4.334257600000001043e-01	1.045298335854765615e+00
1.001001001001000992e-03	3.821400222974371541e+00	6.794848799999999578e-01	7.515951588502269853e-01
2.002002002002001985e-03	3.809550382662643120e+00	7.701382400000000850e-01	6.536940998487140719e-01
3.003003003003002977e-03	3.796670137192226235e+00	1.074474520000000100e+00	4.578919818456884672e-01
4.004004004004003969e-03	3.784333967945743726e+00	1.385286039999999996e+00	2.947235501765002597e-01
5.005005005005004962e-03	3.775670419226124785e+00	1.275206959999999778e+00	9.892143217347457163e-02
6.006006006006005954e-03	3.772047244020656276e+00	1.249306000000000250e+00	2.947235501765002597e-01
7.007007007007006946e-03	3.770836702849059918e+00	1.450038439999999929e+00	-6.424699949571360813e-02
8.008008008008007939e-03	3.769784995273816719e+00	1.281682200000000105e+00	9.892143217347457163e-02
9.009009009009008931e-03	3.769821037855484391e+00	1.352909840000000141e+00	6.628774583963688294e-02
1.001001001001000992e-02	3.770554548783842108e+00	1.365860319999999906e+00	1.020373171961676869e-03
1.101101101101101092e-02	3.769876123605690132e+00	1.301107919999999973e+00	3.365405950579927752e-02
1.201201201201201191e-02	3.768199476470531106e+00	1.106850720000000177e+00	2.294561775088249655e-01
1.301301301301301290e-02	3.768052207808422427e+00	9.255440000000001444e-01	2.620898638426626404e-01
1.401401401401401389e-02	3.770687736252062994e+00	6.082572400000001434e-01	6.210604135148766192e-01
1.501501501501501488e-02	3.774758839692471835e+00	6.471086800000001027e-01	8.168625315179022239e-01
1.601601601601601588e-02	3.779022135622927880e+00	3.103962000000000110e-01	9.800309631870904870e-01
1.701701701701701513e-02	3.784851579117901821e+00	1.873666400000000010e-01	1.045298335854765615e+00
1.801801801801801786e-02	3.793435914005806264e+00	9.671327999999999869e-02	1.339001512859304244e+00
1.901901901901902059e-02	3.803733119957884323e+00	8.376279999999999837e-02	1.306367826525466569e+00
2.002002002002001985e-02	3.814872249089597211e+00	-5.221724000000000504e-02	1.404268885526979593e+00
2.102102102102101910e-02	3.826713335719806430e+00	-3.926676000000000472e-02	1.436902571860817046e+00
2.202202202202202183e-02	3.838275190748106969e+00	-5.869248000000000520e-02	1.404268885526979593e+00
2.302302302302302456e-02	3.848094206870606104e+00	-1.881972800000000223e-01	1.502169944528492396e+00
2.402402402402402382e-02	3.855401267705437451e+00	-2.076230000000000020e-01	1.469536258194654943e+00
2.502502502502502307e-02	3.859918073028532071e+00	-2.853258800000000317e-01	1.567437317196167523e+00
2.602602602602602580e-02	3.861386022222403014e+00	-1.817220400000000013e-01	1.469536258194654943e+00
2.702702702702702853e-02	3.860429457645746965e+00	-1.558210800000000007e-01	1.502169944528492396e+00
2.802802802802802778e-02	3.858532743955475741e+00	-1.104944000000000065e-01	1.502169944528492396e+00
2.902902902902902704e-02	3.856409904372844810e+00	-1.622963199999999939e-01	1.436902571860817046e+00
3.003003003003002977e-02	3.853776905872551062e+00	-1.336580000000000407e-02	1.241100453857791219e+00
3.103103103103103250e-02	3.849907043917722760e+00	1.096637599999999990e-01	1.306367826525466569e+00
3.203203203203203175e-02	3.844183796573396705e+00	3.362971600000000394e-01	1.045298335854765615e+00
3.303303303303303101e-02	3.836907946120065027e+00	3.816238400000000475e-01	1.110565708522440964e+00
3.403403403403403027e-02	3.827880880043462941e+00	6.471086800000001027e-01	8.821299041855775735e-01
3.503503503503503647e-02	3.816024609197513850e+00	8.154649200000001485e-01	7.842288451840646601e-01
3.603603603603603572e-02	3.802310975172893404e+00	8.154649200000001485e-01	5.231593545133637058e-01
3.703703703703703498e-02	3.789561708846088894e+00	9.902964000000000766e-01	3.599909228441755538e-01
3.803803803803804118e-02	3.779671572056145568e+00	1.281682200000000105e+00	2.294561775088249655e-01
3.903903903903904044e-02	3.773515277287611713e+00	1.229880280000000159e+00	5.557930408472013806e-01
4.004004004004003969e-02	3.771297743363591248e+00	1.404711760000000087e+00	-9.688068582955121355e-02
4.104104104104103895e-02	3.771639807939269673e+00	1.359385079999999801e+00	6.628774583963688294e-02
4.204204204204203821e-02	3.772253551666843396e+00	1.281682200000000105e+00	2.947235501765002597e-01
4.304304304304304440e-02	3.772175681831956506e+00	1.359385079999999801e+00	-6.424699949571360813e-02
4.404404404404404366e-02	3.771547108820402006e+00	1.288157439999999765e+00	1.020373171961676869e-03
4.504504504504504292e-02	3.769999552394308395e+00	1.249306000000000250e+00	9.892143217347457163e-02
4.604604604604604912e-02	3.768139114156841885e+00	9.449697200000000130e-01	5.231593545133637058e-01
4.704704704704704837e-02	3.768302412819719560e+00	1.003246880000000063e+00	3.273572365103378790e-01
4.804804804804804763e-02	3.771730060957370512e+00	5.564553199999999755e-01	8.494962178517398987e-01
4.904904904904904689e-02	3.777315957985420969e+00	3.557228800000000746e-01	8.168625315179022239e-01
5.005005005005004615e-02	3.783701170293079397e+00	2.715447599999999961e-01	1.175833081190116092e+00
5.105105105105105234e-02	3.791003905525528683e+00	1.096637599999999990e-01	1.143199394856278639e+00
5.205205205205205160e-02	3.800282664763998230e+00	5.786183999999999772e-02	1.339001512859304244e+00
5.305305305305305086e-02	3.811934302721764478e+00	-3.279152000000000455e-02	1.469536258194654943e+00
5.405405405405405705e-02	3.824312168241713383e+00	-1.493458400000000075e-01	1.469536258194654943e+00
5.505505505505505631e-02	3.834916925399021626e+00	-2.529496800000000101e-01	1.469536258194654943e+00
5.605605605605605557e-02	3.843370070326554977e+00	-2.205734800000000162e-01	1.469536258194654943e+00
5.705705705705705483e-02	3.850889076982071835e+00	-2.140982399999999952e-01	1.534803630862329848e+00
5.805805805805805409e-02	3.857209842576132974e+00	-2.270487200000000094e-01	1.469536258194654943e+00
5.905905905905906028e-02	3.860872281006495044e+00	-2.011477600000000088e-01	1.469536258194654943e+00
6.006006006006005954e-02	3.861330446587311727e+00	-1.687715600000000149e-01	1.600071003530005198e+00
6.106106106106105880e-02	3.859436538535332861e+00	-1.622963199999999939e-01	1.436902571860817046e+00
6.206206206206206499e-02	3.857057622895327498e+00	-1.984104000000000423e-02	1.502169944528492396e+00
6.306306306306305731e-02	3.854722367618401258e+00	-1.336580000000000407e-02	1.371635199193141919e+00
6.406406406406406351e-02	3.850974231850347707e+00	1.355647199999999997e-01	1.241100453857791219e+00
6.506506506506506970e-02	3.845134430387270541e+00	1.420399599999999929e-01	1.143199394856278639e+00
6.606606606606606202e-02	3.837384298870665678e+00	3.557228800000000746e-01	1.045298335854765615e+00
6.706706706706706822e-02	3.827922458853333154e+00	3.686733600000000055e-01	9.473972768532528121e-01
6.806806806806806054e-02	3.817117437340501684e+00	6.859601199999999510e-01	7.515951588502269853e-01
6.906906906906906674e-02	3.805292645649146266e+00	5.758810400000000662e-01	6.536940998487140719e-01
7.007007007007007293e-02	3.793401007825867310e+00	1.061524040000000113e+00	3.926246091780131731e-01
7.107107107107106525e-02	3.782648856135503834e+00	1.126276440000000045e+00	2.947235501765002597e-01
7.207207207207207145e-02	3.774477318162049233e+00	1.165127880000000005e+00	3.599909228441755538e-01
7.307307307307307764e-02	3.770524898728068841e+00	1.352909840000000141e+00	3.365405950579927752e-02
7.407407407407406996e-02	3.769555462581688499e+00	1.372335560000000010e+00	1.020373171961676869e-03
7.507507507507507616e-02	3.768895202821398893e+00	1.242830760000000145e+00	1.641888048411497825e-01
7.607607607607608236e-02	3.768665315365345769e+00	1.352909840000000141e+00	1.020373171961676869e-03
7.707707707707707467e-02	3.769052094492232552e+00	1.288157439999999765e+00	1.315551185073121632e-01
7.807807807807808087e-02	3.768055433655453701e+00	1.281682200000000105e+00	9.892143217347457163e-02
7.907907907907907319e-02	3.765558663224554348e+00	9.190687600000001511e-01	4.905256681795260310e-01
8.008008008008007939e-02	3.765077672262317154e+00	1.087425000000000086e+00	3.926246091780131731e-01
8.108108108108108558e-02	3.768798895132518201e+00	9.384944800000000198e-01	6.863277861825517467e-01
8.208208208208207790e-02	3.774354212602462955e+00	4.722772000000000081e-01	9.473972768532528121e-01
8.308308308308308410e-02	3.779614308708253656e+00	2.456437999999999955e-01	1.077932022188603289e+00
8.408408408408407642e-02	3.786072100054708400e+00	2.132676000000000016e-01	1.175833081190116092e+00
8.508508508508508261e-02	3.795117138332874784e+00	-6.890560000000003904e-03	1.273734140191629116e+00
8.608608608608608881e-02	3.806014531155619718e+00	6.059919999999996421e-03	1.502169944528492396e+00
8.708708708708708113e-02	3.817574416919783609e+00	-1.622963199999999939e-01	1.436902571860817046e+00
8.808808808808808732e-02	3.828531456193989602e+00	-1.169696400000000136e-01	1.665338376197680104e+00
8.908908908908909352e-02	3.837944423467192223e+00	-2.529496800000000101e-01	1.371635199193141919e+00
9.009009009009008584e-02	3.845776693416079084e+00	-2.076230000000000020e-01	1.665338376197680104e+00
9.109109109109109204e-02	3.852174637271127633e+00	-1.687715600000000149e-01	1.339001512859304244e+00
9.209209209209209823e-02	3.856950635543852091e+00	-1.687715600000000149e-01	1.436902571860817046e+00
9.309309309309309055e-02	3.859331330932558757e+00	-1.881972800000000223e-01	1.502169944528492396e+00
9.409409409409409675e-02	3.858806354831732843e+00	-1.169696400000000136e-01	1.339001512859304244e+00
9.509509509509508907e-02	3.856524058101590491e+00	-1.104944000000000065e-01	1.600071003530005198e+00
9.609609609609609526e-02	3.854061561003951031e+00	-6.890560000000003904e-03	1.339001512859304244e+00
9.709709709709710146e-02	3.851156603688304703e+00	-4.153200000000037417e-04	1.502169944528492396e+00
9.809809809809809378e-02	3.846384032058086433e+00	7.081231999999999804e-02	1.273734140191629116e+00
9.909909909909909997e-02	3.839332698926266829e+00	3.492476399999999703e-01	1.143199394856278639e+00
1.001001001001000923e-01	3.830285565171453577e+00	4.140000400000000136e-01	1.012664649520927940e+00
1.011011011011010985e-01	3.819462707476729779e+00	6.341582000000000052e-01	9.147635905194151373e-01
1.021021021021021047e-01	3.807427870096874667e+00	7.248115600000000214e-01	5.884267271810389444e-01
1.031031031031030970e-01	3.794944450980167083e+00	1.022672600000000154e+00	6.210604135148766192e-01
1.041041041041041032e-01	3.783365156298544196e+00	1.307583159999999856e+00	2.947235501765002597e-01
1.051051051051051094e-01	3.774580365118205272e+00	1.223405040000000055e+00	1.641888048411497825e-01
1.061061061061061017e-01	3.769946361311184546e+00	1.197504080000000082e+00	4.252582955118507924e-01
1.071071071071071079e-01	3.769066448550197457e+00	1.398236519999999983e+00	-6.424699949571360813e-02
1.081081081081081141e-01	3.769141060870056403e+00	1.236355520000000041e+00	1.968224911749873740e-01
1.091091091091091064e-01	3.768150930878654936e+00	1.301107919999999973e+00	1.315551185073121632e-01
1.101101101101101126e-01	3.767319128187306188e+00	1.327008879999999946e+00	-1.295143721633888190e-01
1.111111111111111049e-01	3.767448977457739989e+00	1.262256480000000014e+00	9.892143217347457163e-02
1.121121121121121111e-01	3.767347048706753743e+00	1.106850720000000177e+00	2.947235501765002597e-01
1.131131131131131173e-01	3.767558083075551068e+00	8.996430400000000605e-01	4.252582955118507924e-01
1.141141141141141097e-01	3.769837813702686447e+00	5.499800799999999823e-01	6.210604135148766192e-01
1.151151151151151159e-01	3.773459890798687155e+00	6.212077200000000188e-01	9.147635905194151373e-01
1.161161161161161082e-01	3.777446899814132841e+00	3.039209600000000178e-01	1.077932022188603289e+00
1.171171171171171144e-01	3.783103132055040341e+00	1.679409199999999935e-01	1.077932022188603289e+00
1.181181181181181206e-01	3.791191919959898904e+00	7.728756000000000514e-02	1.273734140191629116e+00
1.191191191191191129e-01	3.801304708921045439e+00	9.023803999999999159e-02	1.241100453857791219e+00
1.201201201201201191e-01	3.813184340576435627e+00	-6.516772000000001230e-02	1.436902571860817046e+00
1.211211211211211253e-01	3.825468784976435277e+00	-5.221724000000000504e-02	1.404268885526979593e+00
1.221221221221221176e-01	3.836428593565195833e+00	-5.221724000000000504e-02	1.534803630862329848e+00
1.231231231231231238e-01	3.845444590919619099e+00	-2.076230000000000020e-01	1.436902571860817046e+00
1.241241241241241300e-01	3.852278006148536438e+00	-2.335239600000000026e-01	1.567437317196167523e+00
1.251251251251251362e-01	3.856987789160948754e+00	-2.788506400000000385e-01	1.567437317196167523e+00
1.261261261261261146e-01	3.859390592140229614e+00	-2.011477600000000088e-01	1.567437317196167523e+00
1.271271271271271208e-01	3.858915535625613291e+00	-1.363953600000000210e-01	1.534803630862329848e+00
1.281281281281281270e-01	3.856065121978151655e+00	-1.299201200000000000e-01	1.502169944528492396e+00
1.291291291291291332e-01	3.852532967193698088e+00	-1.752468000000000081e-01	1.404268885526979593e+00
1.301301301301301394e-01	3.849669182071914886e+00	-1.984104000000000423e-02	1.339001512859304244e+00
1.311311311311311179e-01	3.847082859827024581e+00	9.023803999999999159e-02	1.306367826525466569e+00
1.321321321321321240e-01	3.842861676738952070e+00	2.844952399999999826e-01	1.045298335854765615e+00
1.331331331331331302e-01	3.835148391236908871e+00	3.492476399999999703e-01	1.110565708522440964e+00
1.341341341341341364e-01	3.824030569683238845e+00	6.147324800000000256e-01	7.842288451840646601e-01
1.351351351351351426e-01	3.811842658559879027e+00	7.571877599999999875e-01	7.842288451840646601e-01
1.361361361361361211e-01	3.799971583412840026e+00	7.701382400000000850e-01	5.557930408472013806e-01
1.371371371371371273e-01	3.787976882939471768e+00	9.514449600000001173e-01	4.252582955118507924e-01
1.381381381381381335e-01	3.777485702659806321e+00	1.236355520000000041e+00	1.641888048411497825e-01
1.391391391391391397e-01	3.771315430197419438e+00	1.165127880000000005e+00	6.863277861825517467e-01
1.401401401401401459e-01	3.769188887474407945e+00	1.365860319999999906e+00	1.020373171961676869e-03
1.411411411411411521e-01	3.768860252359768737e+00	1.307583159999999856e+00	3.926246091780131731e-01
1.421421421421421305e-01	3.768692736941144261e+00	1.242830760000000145e+00	2.294561775088249655e-01
1.431431431431431367e-01	3.767634910362796408e+00	1.307583159999999856e+00	1.315551185073121632e-01
1.441441441441441429e-01	3.765748413018334073e+00	1.242830760000000145e+00	3.365405950579927752e-02
1.451451451451451491e-01	3.764896808734226497e+00	1.178078360000000213e+00	9.892143217347457163e-02
1.461461461461461553e-01	3.766347043061187616e+00	8.866925599999999630e-01	5.231593545133637058e-01
1.471471471471471337e-01	3.769169073624700328e+00	9.838211600000000834e-01	4.252582955118507924e-01
1.481481481481481399e-01	3.772390430165839526e+00	5.370296000000001069e-01	8.821299041855775735e-01
1.491491491491491461e-01	3.776382381385749110e+00	3.168714400000000042e-01	9.147635905194151373e-01
1.501501501501501523e-01	3.782367381567790066e+00	2.521190400000000165e-01	1.306367826525466569e+00
1.511511511511511585e-01	3.790720571739364164e+00	7.728756000000000514e-02	1.143199394856278639e+00
1.521521521521521647e-01	3.800097829038435293e+00	3.843611999999999723e-02	1.339001512859304244e+00
1.531531531531531432e-01	3.809549749459202328e+00	-5.869248000000000520e-02	1.306367826525466569e+00
1.541541541541541493e-01	3.820064127881420468e+00	-1.428706000000000143e-01	1.404268885526979593e+00
1.551551551551551555e-01	3.832780470163155595e+00	-2.529496800000000101e-01	1.404268885526979593e+00
1.561561561561561617e-01	3.845625196177519189e+00	-2.270487200000000094e-01	1.665338376197680104e+00
1.571571571571571679e-01	3.854383385641651838e+00	-2.205734800000000162e-01	1.534803630862329848e+00
1.581581581581581464e-01	3.857963392989081086e+00	-2.399992000000000236e-01	1.567437317196167523e+00
1.591591591591591526e-01	3.858769992882277400e+00	-2.140982399999999952e-01	1.600071003530005198e+00
1.601601601601601588e-01	3.858735795408009484e+00	-1.946725200000000155e-01	1.502169944528492396e+00
1.611611611611611650e-01	3.857683338032749543e+00	-1.558210800000000007e-01	1.436902571860817046e+00
1.621621621621621712e-01	3.855144870960796055e+00	-3.926676000000000472e-02	1.371635199193141919e+00
1.631631631631631496e-01	3.852289461020458106e+00	-1.984104000000000423e-02	1.339001512859304244e+00
1.641641641641641558e-01	3.849990996899177009e+00	1.161389999999999922e-01	1.273734140191629116e+00
1.651651651651651620e-01	3.846430672739844514e+00	1.420399599999999929e-01	1.208466767523953767e+00
1.661661661661661682e-01	3.839341972503127032e+00	3.298219200000001017e-01	1.143199394856278639e+00
1.671671671671671744e-01	3.829268754774792782e+00	3.751485999999999432e-01	9.800309631870904870e-01
1.681681681681681528e-01	3.818063606515083475e+00	6.471086800000001027e-01	8.168625315179022239e-01
1.691691691691691590e-01	3.805954892926253663e+00	5.370296000000001069e-01	7.515951588502269853e-01
1.701701701701701652e-01	3.793293518014749122e+00	1.022672600000000154e+00	3.926246091780131731e-01
1.711711711711711714e-01	3.782347209130623167e+00	1.061524040000000113e+00	3.273572365103378790e-01
1.721721721721721776e-01	3.775012443284049724e+00	1.132751680000000150e+00	3.926246091780131731e-01
1.731731731731731838e-01	3.771672533480243228e+00	1.307583159999999856e+00	9.892143217347457163e-02
1.741741741741741623e-01	3.771470334240027533e+00	1.346434599999999815e+00	6.628774583963688294e-02
1.751751751751751685e-01	3.772347306471675044e+00	1.203979319999999964e+00	2.947235501765002597e-01
1.761761761761761746e-01	3.772531713460842262e+00	1.314058399999999960e+00	-1.947817448310640853e-01
1.771771771771771808e-01	3.771446145304635067e+00	1.255781239999999910e+00	2.294561775088249655e-01
1.781781781781781870e-01	3.769705547179977412e+00	1.262256480000000014e+00	6.628774583963688294e-02
1.791791791791791655e-01	3.768651140446614090e+00	8.866925599999999630e-01	6.536940998487140719e-01
1.801801801801801717e-01	3.768874057046951442e+00	1.061524040000000113e+00	4.252582955118507924e-01
1.811811811811811779e-01	3.770431577594249184e+00	8.996430400000000605e-01	6.536940998487140719e-01
1.821821821821821841e-01	3.774180097836360659e+00	4.528514799999999729e-01	9.800309631870904870e-01
1.831831831831831903e-01	3.780943779023595575e+00	2.391685600000000023e-01	1.110565708522440964e+00
1.841841841841841965e-01	3.790011247305647313e+00	2.132676000000000016e-01	1.175833081190116092e+00
1.851851851851851749e-01	3.799725676286881626e+00	-1.336580000000000407e-02	1.273734140191629116e+00
1.861861861861861811e-01	3.809317136171928464e+00	-1.336580000000000407e-02	1.371635199193141919e+00
1.871871871871871873e-01	3.819538869785586765e+00	-1.881972800000000223e-01	1.404268885526979593e+00
1.881881881881881935e-01	3.830703697171164546e+00	-1.428706000000000143e-01	1.567437317196167523e+00
1.891891891891891997e-01	3.841621698635244719e+00	-2.594249200000000033e-01	1.469536258194654943e+00
1.901901901901901781e-01	3.851185883713342584e+00	-2.140982399999999952e-01	1.632704689863842651e+00
1.911911911911911843e-01	3.858255328872330026e+00	-1.817220400000000013e-01	1.502169944528492396e+00
1.921921921921921905e-01	3.861631957986985331e+00	-1.817220400000000013e-01	1.632704689863842651e+00
1.931931931931931967e-01	3.861824033080657692e+00	-2.011477600000000088e-01	1.502169944528492396e+00
1.941941941941942029e-01	3.860436157930206669e+00	-1.234448800000000068e-01	1.567437317196167523e+00
1.951951951951951814e-01	3.858068750218274001e+00	-1.428706000000000143e-01	1.404268885526979593e+00
1.961961961961961876e-01	3.854655817707627552e+00	-1.984104000000000423e-02	1.502169944528492396e+00
1.971971971971971938e-01	3.851104724858281703e+00	-1.336580000000000407e-02	1.175833081190116092e+00
1.981981981981981999e-01	3.847879532176513795e+00	4.491135999999999739e-02	1.110565708522440964e+00
1.991991991991992061e-01	3.843117412368942887e+00	3.168714400000000042e-01	1.110565708522440964e+00
2.002002002002001846e-01	3.834936350065004884e+00	3.686733600000000055e-01	9.473972768532528121e-01
2.012012012012011908e-01	3.823569679406538580e+00	6.276829600000000120e-01	9.800309631870904870e-01
2.022022022022021970e-01	3.810645522382071881e+00	7.053858400000000417e-01	6.536940998487140719e-01
2.032032032032032032e-01	3.798299412293702826e+00	9.967716399999999588e-01	6.210604135148766192e-01
2.042042042042042094e-01	3.787844542309388718e+00	1.301107919999999973e+00	2.620898638426626404e-01
2.052052052052052156e-01	3.779616065352633836e+00	1.178078360000000213e+00	1.968224911749873740e-01
2.062062062062061940e-01	3.774142965585595366e+00	1.165127880000000005e+00	3.599909228441755538e-01
2.072072072072072002e-01	3.771460569314502909e+00	1.365860319999999906e+00	3.365405950579927752e-02
2.082082082082082064e-01	3.771263555547805346e+00	1.203979319999999964e+00	1.315551185073121632e-01
2.092092092092092126e-01	3.773004813524627021e+00	1.262256480000000014e+00	2.294561775088249655e-01
2.102102102102102188e-01	3.773805507882760590e+00	1.288157439999999765e+00	9.892143217347457163e-02
2.112112112112111972e-01	3.771058488872140568e+00	1.223405040000000055e+00	1.641888048411497825e-01
2.122122122122122034e-01	3.767287691919906756e+00	1.048573559999999905e+00	2.947235501765002597e-01
2.132132132132132096e-01	3.766974150269146726e+00	8.672668400000000943e-01	4.252582955118507924e-01
2.142142142142142158e-01	3.770398418167275167e+00	5.111286400000001340e-01	5.557930408472013806e-01
2.152152152152152220e-01	3.775026687082458920e+00	6.017820000000000391e-01	9.147635905194151373e-01
2.162162162162162282e-01	3.779997117822541330e+00	2.780200000000000449e-01	1.045298335854765615e+00
2.172172172172172067e-01	3.785995263176996417e+00	1.355647199999999997e-01	1.143199394856278639e+00
2.182182182182182129e-01	3.793729826902001445e+00	3.196087999999999707e-02	1.273734140191629116e+00
2.192192192192192191e-01	3.803294011652287310e+00	7.728756000000000514e-02	1.339001512859304244e+00
2.202202202202202252e-01	3.813806500372554087e+00	-7.811819999999999875e-02	1.469536258194654943e+00
2.212212212212212314e-01	3.824858879774817311e+00	-7.164296000000000553e-02	1.436902571860817046e+00
2.222222222222222099e-01	3.836012215855468810e+00	-7.164296000000000553e-02	1.534803630862329848e+00
2.232232232232232161e-01	3.845442008538345391e+00	-2.140982399999999952e-01	1.436902571860817046e+00
2.242242242242242223e-01	3.852481401751037371e+00	-2.270487200000000094e-01	1.632704689863842651e+00
2.252252252252252285e-01	3.857613188650200531e+00	-3.177020799999999978e-01	1.502169944528492396e+00
2.262262262262262347e-01	3.860259307094688896e+00	-2.076230000000000020e-01	1.632704689863842651e+00
2.272272272272272131e-01	3.860183853650593022e+00	-1.622963199999999939e-01	1.502169944528492396e+00
2.282282282282282193e-01	3.858176635517721387e+00	-1.428706000000000143e-01	1.502169944528492396e+00
2.292292292292292255e-01	3.855170280142876660e+00	-1.946725200000000155e-01	1.404268885526979593e+00
2.302302302302302317e-01	3.852022139047569294e+00	-3.279152000000000455e-02	1.273734140191629116e+00
2.312312312312312379e-01	3.848390483564113840e+00	6.433707999999999094e-02	1.306367826525466569e+00
2.322322322322322163e-01	3.842523174512989748e+00	2.715447599999999961e-01	1.110565708522440964e+00
2.332332332332332225e-01	3.833865245593768734e+00	3.168714400000000042e-01	1.077932022188603289e+00
2.342342342342342287e-01	3.823708626063355709e+00	5.758810400000000662e-01	8.821299041855775735e-01
2.352352352352352349e-01	3.812379420672539876e+00	7.248115600000000214e-01	7.515951588502269853e-01
2.362362362362362411e-01	3.799732681068489715e+00	7.571877599999999875e-01	5.884267271810389444e-01
2.372372372372372473e-01	3.787712166766386446e+00	9.061182800000000537e-01	5.231593545133637058e-01
2.382382382382382258e-01	3.778404704915922174e+00	1.216929799999999950e+00	2.294561775088249655e-01
2.392392392392392320e-01	3.772366965123266080e+00	1.126276440000000045e+00	6.536940998487140719e-01
2.402402402402402382e-01	3.769768264291151638e+00	1.327008879999999946e+00	1.020373171961676869e-03
2.412412412412412444e-01	3.769506602416732299e+00	1.275206959999999778e+00	1.641888048411497825e-01
2.422422422422422505e-01	3.769315606363787818e+00	1.191028839999999978e+00	2.947235501765002597e-01
2.432432432432432290e-01	3.768559763104258664e+00	1.268731720000000118e+00	9.892143217347457163e-02
2.442442442442442352e-01	3.768122663104690240e+00	1.203979319999999964e+00	1.641888048411497825e-01
2.452452452452452414e-01	3.767901251957060715e+00	1.139226920000000032e+00	2.620898638426626404e-01
2.462462462462462476e-01	3.767369426287938694e+00	8.802173200000000808e-01	5.231593545133637058e-01
2.472472472472472538e-01	3.767781025573503140e+00	9.449697200000000130e-01	5.884267271810389444e-01
2.482482482482482600e-01	3.770572724157934985e+00	4.981781600000000365e-01	6.210604135148766192e-01
2.492492492492492384e-01	3.775015383031139926e+00	3.039209600000000178e-01	1.045298335854765615e+00
2.502502502502502724e-01	3.780542258370287456e+00	2.326933200000000090e-01	1.077932022188603289e+00
2.512512512512512508e-01	3.788601633900031018e+00	5.786183999999999772e-02	1.110565708522440964e+00
2.522522522522522292e-01	3.799484587353437526e+00	3.843611999999999723e-02	1.339001512859304244e+00
2.532532532532532632e-01	3.811085043401757577e+00	-7.811819999999999875e-02	1.306367826525466569e+00
2.542542542542542416e-01	3.822223279469428636e+00	-1.622963199999999939e-01	1.665338376197680104e+00
2.552552552552552756e-01	3.833214843215986711e+00	-2.788506400000000385e-01	1.436902571860817046e+00
2.562562562562562540e-01	3.843319793492907976e+00	-2.464744400000000168e-01	1.665338376197680104e+00
2.572572572572572325e-01	3.851078208811979486e+00	-2.659001599999999965e-01	1.469536258194654943e+00
2.582582582582582664e-01	3.856254970630820011e+00	-2.270487200000000094e-01	1.534803630862329848e+00
2.592592592592592449e-01	3.858930505920472598e+00	-2.140982399999999952e-01	1.404268885526979593e+00
2.602602602602602788e-01	3.858746400794138776e+00	-1.687715600000000149e-01	1.502169944528492396e+00
2.612612612612612573e-01	3.856680014913766552e+00	-1.622963199999999939e-01	1.339001512859304244e+00
2.622622622622622357e-01	3.854280594712668595e+00	-3.279152000000000455e-02	1.567437317196167523e+00
2.632632632632632697e-01	3.851458043257202313e+00	-3.279152000000000455e-02	1.404268885526979593e+00
2.642642642642642481e-01	3.847638850132983457e+00	9.023803999999999159e-02	1.436902571860817046e+00
2.652652652652652820e-01	3.842386237279925343e+00	1.161389999999999922e-01	1.273734140191629116e+00
2.662662662662662605e-01	3.835082954461404015e+00	3.039209600000000178e-01	1.110565708522440964e+00
2.672672672672672389e-01	3.825930700681982266e+00	3.362971600000000394e-01	9.800309631870904870e-01
2.682682682682682729e-01	3.815024710626428561e+00	6.017820000000000391e-01	8.494962178517398987e-01
2.692692692692692513e-01	3.802427923757327299e+00	5.111286400000001340e-01	6.536940998487140719e-01
2.702702702702702853e-01	3.789858893062429068e+00	9.773459200000000902e-01	4.905256681795260310e-01
2.712712712712712637e-01	3.779247349051277904e+00	1.035623080000000140e+00	3.273572365103378790e-01
2.722722722722722422e-01	3.771895715130783699e+00	1.093900239999999968e+00	4.252582955118507924e-01
2.732732732732732761e-01	3.768708000229141764e+00	1.268731720000000118e+00	1.315551185073121632e-01
2.742742742742742545e-01	3.768514665215842996e+00	1.288157439999999765e+00	3.365405950579927752e-02
2.752752752752752885e-01	3.768980058591394844e+00	1.165127880000000005e+00	3.599909228441755538e-01
2.762762762762762669e-01	3.769128148292982594e+00	1.275206959999999778e+00	1.020373171961676869e-03
2.772772772772773009e-01	3.768687147511444291e+00	1.216929799999999950e+00	2.620898638426626404e-01
2.782782782782782793e-01	3.767155588885345185e+00	1.210454560000000068e+00	6.628774583963688294e-02
2.792792792792792578e-01	3.765154423049674737e+00	8.737420800000000876e-01	6.536940998487140719e-01
2.802802802802802917e-01	3.764995775376114295e+00	9.902964000000000766e-01	4.578919818456884672e-01
2.812812812812812702e-01	3.768243861443103970e+00	8.931677999999999562e-01	7.842288451840646601e-01
2.822822822822823041e-01	3.774072727830041440e+00	4.269505200000000000e-01	9.800309631870904870e-01
2.832832832832832826e-01	3.780839684730009864e+00	2.067923600000000084e-01	9.147635905194151373e-01
2.842842842842842610e-01	3.787842905575439456e+00	1.808914000000000077e-01	1.143199394856278639e+00
2.852852852852852950e-01	3.795847114760578123e+00	-5.221724000000000504e-02	1.273734140191629116e+00
2.862862862862862734e-01	3.805707447962092260e+00	-3.279152000000000455e-02	1.404268885526979593e+00
2.872872872872873073e-01	3.816987314911025386e+00	-2.011477600000000088e-01	1.404268885526979593e+00
2.882882882882882858e-01	3.828603149834422403e+00	-1.428706000000000143e-01	1.567437317196167523e+00
2.892892892892892642e-01	3.839064348232296364e+00	-2.464744400000000168e-01	1.436902571860817046e+00
2.902902902902902982e-01	3.847326325626746257e+00	-2.335239600000000026e-01	1.567437317196167523e+00
2.912912912912912766e-01	3.853569389558090030e+00	-2.076230000000000020e-01	1.469536258194654943e+00
2.922922922922923106e-01	3.857617413797854500e+00	-1.946725200000000155e-01	1.567437317196167523e+00
2.932932932932932890e-01	3.859042802174247999e+00	-2.011477600000000088e-01	1.534803630862329848e+00
2.942942942942942675e-01	3.858274185676272339e+00	-1.104944000000000065e-01	1.567437317196167523e+00
2.952952952952953014e-01	3.856024122934616827e+00	-1.622963199999999939e-01	1.339001512859304244e+00
2.962962962962962798e-01	3.853242375963226607e+00	-3.926676000000000472e-02	1.469536258194654943e+00
2.972972972972973138e-01	3.850262966299105916e+00	-1.984104000000000423e-02	1.306367826525466569e+00
2.982982982982982922e-01	3.845976823448804538e+00	2.548563999999999691e-02	1.436902571860817046e+00
2.992992992992992707e-01	3.839339970419342052e+00	2.909704799999999758e-01	1.045298335854765615e+00
3.003003003003003046e-01	3.830202580148392322e+00	3.686733600000000055e-01	1.208466767523953767e+00
3.013013013013012831e-01	3.819476360477603194e+00	5.823562799999999484e-01	7.189614725163894215e-01
3.023023023023023170e-01	3.808332988844529421e+00	6.600591600000000891e-01	6.863277861825517467e-01
3.033033033033032955e-01	3.796527972341590562e+00	9.643954399999999927e-01	4.578919818456884672e-01
3.043043043043043294e-01	3.784708272274638130e+00	1.236355520000000041e+00	2.620898638426626404e-01
3.053053053053053079e-01	3.775938204537100162e+00	1.184553600000000095e+00	2.294561775088249655e-01
3.063063063063062863e-01	3.771855167295278921e+00	1.126276440000000045e+00	3.273572365103378790e-01
3.073073073073073203e-01	3.771044866693583408e+00	1.327008879999999946e+00	1.315551185073121632e-01
3.083083083083082987e-01	3.771399506727054263e+00	1.158652640000000122e+00	1.641888048411497825e-01
3.093093093093093326e-01	3.771649691196849119e+00	1.216929799999999950e+00	3.273572365103378790e-01
3.103103103103103111e-01	3.771095821948236004e+00	1.249306000000000250e+00	2.294561775088249655e-01
3.113113113113112895e-01	3.769568660301291896e+00	1.191028839999999978e+00	2.620898638426626404e-01
3.123123123123123235e-01	3.768355458610149089e+00	9.902964000000000766e-01	1.968224911749873740e-01
3.133133133133133019e-01	3.768904689723315382e+00	8.478411200000001147e-01	5.557930408472013806e-01
3.143143143143143359e-01	3.770883281109696394e+00	4.787524399999999458e-01	5.884267271810389444e-01
3.153153153153153143e-01	3.774133188656864757e+00	5.823562799999999484e-01	1.045298335854765615e+00
3.163163163163162928e-01	3.779365595197250016e+00	2.456437999999999955e-01	1.012664649520927940e+00
3.173173173173173267e-01	3.786080292556913030e+00	1.226142399999999993e-01	1.175833081190116092e+00
3.183183183183183051e-01	3.793688677991849278e+00	3.843611999999999723e-02	1.241100453857791219e+00
3.193193193193193391e-01	3.802840978368512204e+00	7.081231999999999804e-02	1.273734140191629116e+00
3.203203203203203175e-01	3.813848561028888362e+00	-1.040191599999999994e-01	1.339001512859304244e+00
3.213213213213212960e-01	3.825819339237805927e+00	-7.811819999999999875e-02	1.371635199193141919e+00
3.223223223223223299e-01	3.837473711687358069e+00	-8.459344000000000585e-02	1.371635199193141919e+00
3.233233233233233084e-01	3.847659483913016931e+00	-2.140982399999999952e-01	1.534803630862329848e+00
3.243243243243243423e-01	3.855379342121548536e+00	-2.335239600000000026e-01	1.534803630862329848e+00
3.253253253253253208e-01	3.860074985536591452e+00	-3.047516000000000114e-01	1.534803630862329848e+00
3.263263263263262992e-01	3.861482699356619808e+00	-2.011477600000000088e-01	1.600071003530005198e+00
3.273273273273273332e-01	3.859922705554981182e+00	-1.687715600000000149e-01	1.436902571860817046e+00
3.283283283283283116e-01	3.857138251304199184e+00	-1.558210800000000007e-01	1.502169944528492396e+00
3.293293293293293456e-01	3.855111727260026822e+00	-2.076230000000000020e-01	1.371635199193141919e+00
3.303303303303303240e-01	3.853683630347290112e+00	-5.869248000000000520e-02	1.436902571860817046e+00
3.313313313313313024e-01	3.850675659816561236e+00	5.786183999999999772e-02	1.273734140191629116e+00
3.323323323323323364e-01	3.844465231516496662e+00	2.585942800000000097e-01	1.143199394856278639e+00
3.333333333333333148e-01	3.835267138699590461e+00	3.039209600000000178e-01	9.800309631870904870e-01
3.343343343343343488e-01	3.824612835050388515e+00	5.629305600000000798e-01	9.473972768532528121e-01
3.353353353353353272e-01	3.814228217233213591e+00	7.053858400000000417e-01	7.842288451840646601e-01
3.363363363363363057e-01	3.804074346160972731e+00	7.377620400000000078e-01	6.863277861825517467e-01
3.373373373373373396e-01	3.792780958323794582e+00	8.866925599999999630e-01	4.252582955118507924e-01
3.383383383383383181e-01	3.781559300849310468e+00	1.165127880000000005e+00	2.947235501765002597e-01
3.393393393393393520e-01	3.774395991842812936e+00	1.106850720000000177e+00	5.884267271810389444e-01
3.403403403403403304e-01	3.772426041924310081e+00	1.288157439999999765e+00	6.628774583963688294e-02
3.413413413413413644e-01	3.772336180858924415e+00	1.242830760000000145e+00	1.315551185073121632e-01
3.423423423423423428e-01	3.771959585808063675e+00	1.158652640000000122e+00	3.926246091780131731e-01
3.433433433433433213e-01	3.772134862338044847e+00	1.249306000000000250e+00	3.365405950579927752e-02
3.443443443443443552e-01	3.772182605412364165e+00	1.184553600000000095e+00	1.968224911749873740e-01
3.453453453453453337e-01	3.770384451867994091e+00	1.126276440000000045e+00	2.620898638426626404e-01
3.463463463463463676e-01	3.768801877613203288e+00	8.607915999999999901e-01	5.231593545133637058e-01
3.473473473473473461e-01	3.770215612620871237e+00	9.384944800000000198e-01	4.905256681795260310e-01
3.483483483483483245e-01	3.773808827066206906e+00	4.787524399999999458e-01	8.168625315179022239e-01
3.493493493493493585e-01	3.778833546582746727e+00	2.974457200000000245e-01	1.045298335854765615e+00
3.503503503503503369e-01	3.785620207921360780e+00	1.938418799999999942e-01	1.208466767523953767e+00
3.513513513513513709e-01	3.793366861018345748e+00	5.138659999999999756e-02	1.273734140191629116e+00
3.523523523523523493e-01	3.801744070623136462e+00	1.901039999999999675e-02	1.306367826525466569e+00
3.533533533533533277e-01	3.811293378905194373e+00	-9.106868000000001295e-02	1.502169944528492396e+00
3.543543543543543617e-01	3.821988249757305667e+00	-1.752468000000000081e-01	1.436902571860817046e+00
3.553553553553553401e-01	3.833054091086146364e+00	-2.659001599999999965e-01	1.502169944528492396e+00
3.563563563563563741e-01	3.843306843925817340e+00	-2.659001599999999965e-01	1.436902571860817046e+00
3.573573573573573525e-01	3.851834386087585660e+00	-2.464744400000000168e-01	1.404268885526979593e+00
3.583583583583583310e-01	3.858240408605225547e+00	-2.399992000000000236e-01	1.600071003530005198e+00
3.593593593593593649e-01	3.862081393265503149e+00	-2.205734800000000162e-01	1.371635199193141919e+00
3.603603603603603434e-01	3.862737475682319843e+00	-1.881972800000000223e-01	1.632704689863842651e+00
3.613613613613613773e-01	3.860436465604340395e+00	-1.752468000000000081e-01	1.404268885526979593e+00
3.623623623623623557e-01	3.856784792024759767e+00	-4.574200000000000488e-02	1.502169944528492396e+00
3.633633633633633342e-01	3.853368180954438671e+00	-5.869248000000000520e-02	1.306367826525466569e+00
3.643643643643643681e-01	3.850367832548877711e+00	7.728756000000000514e-02	1.436902571860817046e+00
3.653653653653653466e-01	3.846405135292941591e+00	9.671327999999999869e-02	1.077932022188603289e+00
3.663663663663663805e-01	3.839622814690308417e+00	3.103962000000000110e-01	1.208466767523953767e+00
3.673673673673673590e-01	3.830015970381967172e+00	3.233466799999999974e-01	9.147635905194151373e-01
3.683683683683683929e-01	3.819347139461776841e+00	5.953067600000000459e-01	7.515951588502269853e-01
3.693693693693693714e-01	3.808187980169067899e+00	4.852276800000000501e-01	7.189614725163894215e-01
3.703703703703703498e-01	3.796184098735716272e+00	9.579201999999999995e-01	5.884267271810389444e-01
3.713713713713713838e-01	3.784928578663961041e+00	1.003246880000000063e+00	4.252582955118507924e-01
3.723723723723723622e-01	3.777294311758300438e+00	1.067999279999999995e+00	4.905256681795260310e-01
3.733733733733733962e-01	3.774023759354279139e+00	1.236355520000000041e+00	1.315551185073121632e-01
3.743743743743743746e-01	3.773288362130694296e+00	1.268731720000000118e+00	1.315551185073121632e-01
3.753753753753753530e-01	3.773222045721389861e+00	1.132751680000000150e+00	2.947235501765002597e-01
3.763763763763763870e-01	3.772723364520507605e+00	1.242830760000000145e+00	9.892143217347457163e-02
3.773773773773773654e-01	3.771373682801139715e+00	1.191028839999999978e+00	1.968224911749873740e-01
3.783783783783783994e-01	3.770083034650796083e+00	1.178078360000000213e+00	2.294561775088249655e-01
3.793793793793793778e-01	3.769883887077608353e+00	8.154649200000001485e-01	7.189614725163894215e-01
3.803803803803803563e-01	3.770599258311725599e+00	9.773459200000000902e-01	3.599909228441755538e-01
3.813813813813813902e-01	3.772307470040343613e+00	8.543163600000001079e-01	7.189614725163894215e-01
3.823823823823823687e-01	3.775996734224944529e+00	4.075248000000000759e-01	8.821299041855775735e-01
3.833833833833834026e-01	3.781837364593952255e+00	1.873666400000000010e-01	1.077932022188603289e+00
3.843843843843843811e-01	3.789095203727553152e+00	1.614656800000000003e-01	1.143199394856278639e+00
3.853853853853853595e-01	3.797506402997864239e+00	-4.574200000000000488e-02	1.404268885526979593e+00
3.863863863863863934e-01	3.807142273242825059e+00	-5.869248000000000520e-02	1.339001512859304244e+00
3.873873873873873719e-01	3.817742881641548180e+00	-2.011477600000000088e-01	1.469536258194654943e+00
3.883883883883884058e-01	3.828778165156352387e+00	-1.299201200000000000e-01	1.502169944528492396e+00
3.893893893893893843e-01	3.839562503050832465e+00	-2.594249200000000033e-01	1.567437317196167523e+00
3.903903903903903627e-01	3.849023185563785532e+00	-2.335239600000000026e-01	1.567437317196167523e+00
3.913913913913913967e-01	3.855679381925440907e+00	-1.946725200000000155e-01	1.469536258194654943e+00
3.923923923923923751e-01	3.858970214871868532e+00	-1.946725200000000155e-01	1.600071003530005198e+00
3.933933933933934091e-01	3.860102735459399970e+00	-2.140982399999999952e-01	1.534803630862329848e+00
3.943943943943943875e-01	3.860169495313329424e+00	-1.299201200000000000e-01	1.469536258194654943e+00
3.953953953953953659e-01	3.858427151444662417e+00	-1.687715600000000149e-01	1.469536258194654943e+00
3.963963963963963999e-01	3.853899403944791580e+00	-4.574200000000000488e-02	1.502169944528492396e+00
3.973973973973973783e-01	3.848166548831602363e+00	-3.926676000000000472e-02	1.306367826525466569e+00
3.983983983983984123e-01	3.843484767641838662e+00	1.253515999999999658e-02	1.306367826525466569e+00
3.993993993993993907e-01	3.838642826126011709e+00	2.715447599999999961e-01	1.143199394856278639e+00
4.004004004004003692e-01	3.831116200130701976e+00	3.492476399999999703e-01	1.012664649520927940e+00
4.014014014014014031e-01	3.820737511125872565e+00	5.435048399999999891e-01	8.821299041855775735e-01
4.024024024024023816e-01	3.808688746477119746e+00	6.276829600000000120e-01	7.842288451840646601e-01
4.034034034034034155e-01	3.796349056184268100e+00	9.190687600000001511e-01	5.557930408472013806e-01
4.044044044044043940e-01	3.785005528216263571e+00	1.203979319999999964e+00	5.231593545133637058e-01
4.054054054054054279e-01	3.775750550832765118e+00	1.113325960000000059e+00	2.620898638426626404e-01
4.064064064064064064e-01	3.769715874012932399e+00	1.087425000000000086e+00	6.210604135148766192e-01
4.074074074074073848e-01	3.767331572497696346e+00	1.294632679999999869e+00	1.020373171961676869e-03
4.084084084084084187e-01	3.768047257311978981e+00	1.139226920000000032e+00	2.294561775088249655e-01
4.094094094094093972e-01	3.769862802610274066e+00	1.191028839999999978e+00	1.968224911749873740e-01
4.104104104104104311e-01	3.769930659684669116e+00	1.229880280000000159e+00	3.365405950579927752e-02
4.114114114114114096e-01	3.768112532849097196e+00	1.165127880000000005e+00	2.294561775088249655e-01
4.124124124124123880e-01	3.766989705588443371e+00	9.643954399999999927e-01	2.620898638426626404e-01
4.134134134134134220e-01	3.767719367004878528e+00	7.895639599999999536e-01	6.210604135148766192e-01
4.144144144144144004e-01	3.769370340915185746e+00	4.593267200000000772e-01	6.536940998487140719e-01
4.154154154154154344e-01	3.771828631831369627e+00	5.499800799999999823e-01	1.012664649520927940e+00
4.164164164164164128e-01	3.776427302508098549e+00	2.326933200000000090e-01	1.045298335854765615e+00
4.174174174174173912e-01	3.783529492201052058e+00	1.031885200000000058e-01	1.241100453857791219e+00
4.184184184184184252e-01	3.791922488574520855e+00	1.901039999999999675e-02	1.208466767523953767e+00
4.194194194194194036e-01	3.801214162442166256e+00	5.138659999999999756e-02	1.404268885526979593e+00
4.204204204204204376e-01	3.812329592484348773e+00	-1.104944000000000065e-01	1.371635199193141919e+00
4.214214214214214160e-01	3.824749348273824179e+00	-8.459344000000000585e-02	1.502169944528492396e+00
4.224224224224223945e-01	3.835808380923868999e+00	-6.516772000000001230e-02	1.469536258194654943e+00
4.234234234234234284e-01	3.843997269605070599e+00	-2.076230000000000020e-01	1.600071003530005198e+00
4.244244244244244069e-01	3.850163186649623981e+00	-2.399992000000000236e-01	1.600071003530005198e+00
4.254254254254254408e-01	3.854682177732667192e+00	-3.306525599999999843e-01	1.175833081190116092e+00
4.264264264264264193e-01	3.856808968607504440e+00	-2.140982399999999952e-01	1.534803630862329848e+00
4.274274274274273977e-01	3.856633061482584779e+00	-1.881972800000000223e-01	1.502169944528492396e+00
4.284284284284284317e-01	3.855269863216279624e+00	-1.687715600000000149e-01	1.534803630862329848e+00
4.294294294294294101e-01	3.853479025742494457e+00	-2.270487200000000094e-01	1.404268885526979593e+00
4.304304304304304440e-01	3.851167870166785967e+00	-6.516772000000001230e-02	1.371635199193141919e+00
4.314314314314314225e-01	3.847870759826621523e+00	3.196087999999999707e-02	1.175833081190116092e+00
4.324324324324324564e-01	3.842192005800431076e+00	2.326933200000000090e-01	1.143199394856278639e+00
4.334334334334334349e-01	3.832820354410011454e+00	2.909704799999999758e-01	1.012664649520927940e+00
4.344344344344344133e-01	3.821531774640274826e+00	5.370296000000001069e-01	9.800309631870904870e-01
4.354354354354354473e-01	3.810804937213872812e+00	6.535839199999999849e-01	7.515951588502269853e-01
4.364364364364364257e-01	3.799743271441618830e+00	7.312868000000000146e-01	7.842288451840646601e-01
4.374374374374374597e-01	3.787331338113838264e+00	8.413658800000000104e-01	4.905256681795260310e-01
4.384384384384384381e-01	3.776336236950878611e+00	1.145702159999999914e+00	2.947235501765002597e-01
4.394394394394394165e-01	3.770371932488129296e+00	1.055048800000000009e+00	7.189614725163894215e-01
4.404404404404404505e-01	3.769623150260235978e+00	1.249306000000000250e+00	6.628774583963688294e-02
4.414414414414414289e-01	3.770985006291792452e+00	1.216929799999999950e+00	1.641888048411497825e-01
4.424424424424424629e-01	3.771418403084456639e+00	1.119801199999999941e+00	3.273572365103378790e-01
4.434434434434434413e-01	3.770047926787734038e+00	1.210454560000000068e+00	6.628774583963688294e-02
4.444444444444444198e-01	3.767359972829773085e+00	1.132751680000000150e+00	2.620898638426626404e-01
4.454454454454454537e-01	3.765021064849978671e+00	1.132751680000000150e+00	2.620898638426626404e-01
4.464464464464464322e-01	3.765660994067420830e+00	8.284154000000000240e-01	6.210604135148766192e-01
4.474474474474474661e-01	3.769355942224730693e+00	9.190687600000001511e-01	4.905256681795260310e-01
4.484484484484484446e-01	3.773222453457258929e+00	4.593267200000000772e-01	8.821299041855775735e-01
4.494494494494494230e-01	3.776809624529552600e+00	2.521190400000000165e-01	9.800309631870904870e-01
4.504504504504504570e-01	3.782243067962389738e+00	1.873666400000000010e-01	1.241100453857791219e+00
4.514514514514514354e-01	3.789642955136245828e+00	2.548563999999999691e-02	1.241100453857791219e+00
4.524524524524524693e-01	3.798338976519680887e+00	-4.153200000000037417e-04	1.339001512859304244e+00
4.534534534534534478e-01	3.808897362495150762e+00	-1.104944000000000065e-01	1.502169944528492396e+00
4.544544544544544262e-01	3.820705291440913420e+00	-1.946725200000000155e-01	1.469536258194654943e+00
4.554554554554554602e-01	3.831917920541497491e+00	-2.723753999999999897e-01	1.567437317196167523e+00
4.564564564564564386e-01	3.841864356479573139e+00	-2.853258800000000317e-01	1.534803630862329848e+00
4.574574574574574726e-01	3.850174805177208448e+00	-2.659001599999999965e-01	1.763239435199193128e+00
4.584584584584584510e-01	3.855632960151032851e+00	-2.529496800000000101e-01	1.502169944528492396e+00
4.594594594594594295e-01	3.858120651534759027e+00	-2.464744400000000168e-01	1.828506807866868478e+00
4.604604604604604634e-01	3.858915768106975008e+00	-2.011477600000000088e-01	1.436902571860817046e+00
4.614614614614614418e-01	3.858260767713474593e+00	-1.881972800000000223e-01	1.371635199193141919e+00
4.624624624624624758e-01	3.855559112175181991e+00	-5.221724000000000504e-02	1.436902571860817046e+00
4.634634634634634542e-01	3.851983290573239849e+00	-8.459344000000000585e-02	1.175833081190116092e+00
4.644644644644644327e-01	3.848998287773639060e+00	7.081231999999999804e-02	1.469536258194654943e+00
4.654654654654654666e-01	3.845181199452823328e+00	9.671327999999999869e-02	1.143199394856278639e+00
4.664664664664664451e-01	3.838193142603012031e+00	2.585942800000000097e-01	1.339001512859304244e+00
4.674674674674674790e-01	3.827871855215566832e+00	2.974457200000000245e-01	1.012664649520927940e+00
4.684684684684684575e-01	3.815913029882872731e+00	5.694058000000000730e-01	1.045298335854765615e+00
4.694694694694694914e-01	3.803876787550447336e+00	4.334257600000001043e-01	6.210604135148766192e-01
4.704704704704704699e-01	3.792291409970466542e+00	9.643954399999999927e-01	6.210604135148766192e-01
4.714714714714714483e-01	3.781994698636891528e+00	9.708706800000000969e-01	3.599909228441755538e-01
4.724724724724724823e-01	3.774812113883252440e+00	1.035623080000000140e+00	6.210604135148766192e-01
4.734734734734734607e-01	3.771683924669084309e+00	1.197504080000000082e+00	6.628774583963688294e-02
4.744744744744744946e-01	3.771165352399485027e+00	1.236355520000000041e+00	1.968224911749873740e-01
4.754754754754754731e-01	3.770958758972616565e+00	1.106850720000000177e+00	3.599909228441755538e-01
4.764764764764764515e-01	3.770380156755545276e+00	1.203979319999999964e+00	1.641888048411497825e-01
4.774774774774774855e-01	3.769729773951701279e+00	1.165127880000000005e+00	2.294561775088249655e-01
4.784784784784784639e-01	3.768701826944510724e+00	1.139226920000000032e+00	1.641888048411497825e-01
4.794794794794794979e-01	3.767792584615220264e+00	7.960392000000000579e-01	6.536940998487140719e-01
4.804804804804804763e-01	3.768684380866345496e+00	9.190687600000001511e-01	4.905256681795260310e-01
4.814814814814814548e-01	3.772281151356325690e+00	8.478411200000001147e-01	8.168625315179022239e-01
4.824824824824824887e-01	3.777994586015200884e+00	3.945743200000000339e-01	1.012664649520927940e+00
4.834834834834834671e-01	3.784086579160451436e+00	1.679409199999999935e-01	1.175833081190116092e+00
4.844844844844845011e-01	3.789895591019701637e+00	1.290894800000000064e-01	1.143199394856278639e+00
4.854854854854854795e-01	3.797419121160810374e+00	-7.164296000000000553e-02	1.534803630862329848e+00
4.864864864864864580e-01	3.807869296568504591e+00	-5.221724000000000504e-02	1.339001512859304244e+00
4.874874874874874919e-01	3.819362779816853681e+00	-2.140982399999999952e-01	1.469536258194654943e+00
4.884884884884884704e-01	3.830306481349087022e+00	-1.881972800000000223e-01	1.436902571860817046e+00
4.894894894894895043e-01	3.840803016424362948e+00	-2.659001599999999965e-01	1.469536258194654943e+00
4.904904904904904828e-01	3.849998885670006477e+00	-2.529496800000000101e-01	1.567437317196167523e+00
4.914914914914914612e-01	3.856652668667394313e+00	-2.011477600000000088e-01	1.534803630862329848e+00
4.924924924924924952e-01	3.860787607770382657e+00	-1.946725200000000155e-01	1.534803630862329848e+00
4.934934934934934736e-01	3.862222411362714602e+00	-2.270487200000000094e-01	1.600071003530005198e+00
4.944944944944945076e-01	3.860834769264069877e+00	-1.493458400000000075e-01	1.436902571860817046e+00
4.954954954954954860e-01	3.858117496160740512e+00	-1.752468000000000081e-01	1.502169944528492396e+00
4.964964964964965199e-01	3.855617566210661096e+00	-5.221724000000000504e-02	1.404268885526979593e+00
4.974974974974974984e-01	3.852922937211038068e+00	-4.574200000000000488e-02	1.339001512859304244e+00
4.984984984984984768e-01	3.848401273263411415e+00	6.059919999999996421e-03	1.273734140191629116e+00
4.994994994994995108e-01	3.841359302038506840e+00	2.391685600000000023e-01	1.110565708522440964e+00
5.005005005005005447e-01	3.832516865900325698e+00	3.168714400000000042e-01	1.306367826525466569e+00
5.015015015015015232e-01	3.822263863877960244e+00	5.305543600000000026e-01	8.821299041855775735e-01
5.025025025025025016e-01	3.810422643975463153e+00	6.147324800000000256e-01	8.168625315179022239e-01
5.035035035035034801e-01	3.797856150637167971e+00	8.996430400000000605e-01	5.884267271810389444e-01
5.045045045045044585e-01	3.786583164334497376e+00	1.197504080000000082e+00	4.578919818456884672e-01
5.055055055055055480e-01	3.778563318241196622e+00	1.087425000000000086e+00	2.294561775088249655e-01
5.065065065065065264e-01	3.774406912972716910e+00	1.067999279999999995e+00	4.905256681795260310e-01
5.075075075075075048e-01	3.773202181060436811e+00	1.275206959999999778e+00	6.628774583963688294e-02
5.085085085085084833e-01	3.773450315489574436e+00	1.126276440000000045e+00	2.947235501765002597e-01
5.095095095095094617e-01	3.773644155318898630e+00	1.158652640000000122e+00	2.947235501765002597e-01
5.105105105105105512e-01	3.772966332293073322e+00	1.203979319999999964e+00	2.947235501765002597e-01
5.115115115115115296e-01	3.771335314369663294e+00	1.126276440000000045e+00	1.641888048411497825e-01
5.125125125125125081e-01	3.769299630086392572e+00	9.449697200000000130e-01	4.252582955118507924e-01
5.135135135135134865e-01	3.768855632639090292e+00	7.830887200000000714e-01	3.599909228441755538e-01
5.145145145145144649e-01	3.771711296206097686e+00	4.269505200000000000e-01	6.536940998487140719e-01
5.155155155155155544e-01	3.776842654243188768e+00	5.629305600000000798e-01	1.045298335854765615e+00
5.165165165165165329e-01	3.782653242871166110e+00	2.197428399999999948e-01	9.473972768532528121e-01
5.175175175175175113e-01	3.789108731010199627e+00	7.081231999999999804e-02	1.306367826525466569e+00
5.185185185185184897e-01	3.796552728888307193e+00	2.548563999999999691e-02	1.306367826525466569e+00
5.195195195195194682e-01	3.805378834098828822e+00	5.786183999999999772e-02	1.436902571860817046e+00
5.205205205205205576e-01	3.815958204582716284e+00	-1.428706000000000143e-01	1.339001512859304244e+00
5.215215215215215361e-01	3.827636296719502784e+00	-8.459344000000000585e-02	1.534803630862329848e+00
5.225225225225225145e-01	3.838678908065333850e+00	-9.754392000000000618e-02	1.404268885526979593e+00
5.235235235235234930e-01	3.847601570170444241e+00	-2.205734800000000162e-01	1.600071003530005198e+00
5.245245245245244714e-01	3.854402074598568095e+00	-2.399992000000000236e-01	1.404268885526979593e+00
5.255255255255255609e-01	3.859441865940198113e+00	-3.371277999999999775e-01	1.600071003530005198e+00
5.265265265265265393e-01	3.861959330967172033e+00	-2.076230000000000020e-01	1.534803630862329848e+00
5.275275275275275177e-01	3.861270270586298015e+00	-1.752468000000000081e-01	1.534803630862329848e+00
5.285285285285284962e-01	3.858601150883342878e+00	-1.881972800000000223e-01	1.600071003530005198e+00
5.295295295295294746e-01	3.856023010967216447e+00	-2.205734800000000162e-01	1.404268885526979593e+00
5.305305305305305641e-01	3.853629510990445706e+00	-6.516772000000001230e-02	1.371635199193141919e+00
5.315315315315315425e-01	3.849714880551201812e+00	3.843611999999999723e-02	1.273734140191629116e+00
5.325325325325325210e-01	3.843327048078417629e+00	2.326933200000000090e-01	1.110565708522440964e+00
5.335335335335334994e-01	3.835102398005335367e+00	2.650695199999999474e-01	1.143199394856278639e+00
5.345345345345344779e-01	3.825641567026612844e+00	5.240791200000000094e-01	9.147635905194151373e-01
5.355355355355355673e-01	3.814504729804359506e+00	6.471086800000001027e-01	8.494962178517398987e-01
5.365365365365365458e-01	3.802385559461182840e+00	7.118610800000001460e-01	7.515951588502269853e-01
5.375375375375375242e-01	3.791286623591175964e+00	8.154649200000001485e-01	4.252582955118507924e-01
5.385385385385385026e-01	3.782299734773122868e+00	1.106850720000000177e+00	2.620898638426626404e-01
5.395395395395394811e-01	3.776394644228423747e+00	1.042098320000000022e+00	6.863277861825517467e-01
5.405405405405405705e-01	3.773854002230573101e+00	1.223405040000000055e+00	1.315551185073121632e-01
5.415415415415415490e-01	3.772711221866188680e+00	1.178078360000000213e+00	1.315551185073121632e-01
5.425425425425425274e-01	3.771851299775244915e+00	1.087425000000000086e+00	6.536940998487140719e-01
5.435435435435435059e-01	3.772067741058201307e+00	1.178078360000000213e+00	9.892143217347457163e-02
5.445445445445444843e-01	3.772240716732888188e+00	1.113325960000000059e+00	2.620898638426626404e-01
5.455455455455455738e-01	3.770412138539791513e+00	1.087425000000000086e+00	2.294561775088249655e-01
5.465465465465465522e-01	3.768561495722872579e+00	8.154649200000001485e-01	6.863277861825517467e-01
5.475475475475475307e-01	3.770116613869925803e+00	8.802173200000000808e-01	5.231593545133637058e-01
5.485485485485485091e-01	3.774356651657792661e+00	4.204752800000000068e-01	8.821299041855775735e-01
5.495495495495495986e-01	3.778563496986749204e+00	2.456437999999999955e-01	1.012664649520927940e+00
5.505505505505505770e-01	3.783409997692050108e+00	1.679409199999999935e-01	1.208466767523953767e+00
5.515515515515515554e-01	3.790904380195924794e+00	-4.153200000000037417e-04	1.045298335854765615e+00
5.525525525525525339e-01	3.800239465099623182e+00	-4.153200000000037417e-04	1.339001512859304244e+00
5.535535535535535123e-01	3.810447560268188205e+00	-1.169696400000000136e-01	1.502169944528492396e+00
5.545545545545546018e-01	3.821517117109517248e+00	-1.946725200000000155e-01	1.469536258194654943e+00
5.555555555555555802e-01	3.832227929431903046e+00	-2.853258800000000317e-01	1.534803630862329848e+00
5.565565565565565587e-01	3.841783757326969972e+00	-2.853258800000000317e-01	1.632704689863842651e+00
5.575575575575575371e-01	3.850109975781218719e+00	-2.594249200000000033e-01	1.567437317196167523e+00
5.585585585585585155e-01	3.856141084827918508e+00	-2.594249200000000033e-01	1.567437317196167523e+00
5.595595595595596050e-01	3.859035974450159667e+00	-2.529496800000000101e-01	1.534803630862329848e+00
5.605605605605605835e-01	3.859293040917743944e+00	-2.011477600000000088e-01	1.534803630862329848e+00
5.615615615615615619e-01	3.857851792196277163e+00	-1.881972800000000223e-01	1.600071003530005198e+00
5.625625625625625403e-01	3.855296416923294167e+00	-5.869248000000000520e-02	1.469536258194654943e+00
5.635635635635635188e-01	3.851849109901283263e+00	-6.516772000000001230e-02	1.534803630862329848e+00
5.645645645645646082e-01	3.847688120184589611e+00	5.786183999999999772e-02	1.175833081190116092e+00
5.655655655655655867e-01	3.843049837282277892e+00	7.081231999999999804e-02	1.241100453857791219e+00
5.665665665665665651e-01	3.837116933660624341e+00	2.262180799999999881e-01	1.143199394856278639e+00
5.675675675675675436e-01	3.828248877462747668e+00	2.650695199999999474e-01	9.147635905194151373e-01
5.685685685685685220e-01	3.816989607687295116e+00	5.499800799999999823e-01	1.012664649520927940e+00
5.695695695695696115e-01	3.805418727097650500e+00	4.204752800000000068e-01	5.884267271810389444e-01
5.705705705705705899e-01	3.793598995525281570e+00	9.190687600000001511e-01	6.863277861825517467e-01
5.715715715715715683e-01	3.781565948835063473e+00	9.384944800000000198e-01	3.599909228441755538e-01
5.725725725725725468e-01	3.772580866188898430e+00	9.967716399999999588e-01	6.536940998487140719e-01
5.735735735735735252e-01	3.769369062213375532e+00	1.165127880000000005e+00	1.641888048411497825e-01
5.745745745745746147e-01	3.769863566132875210e+00	1.216929799999999950e+00	2.620898638426626404e-01
5.755755755755755931e-01	3.770222285771038795e+00	1.067999279999999995e+00	2.294561775088249655e-01
5.765765765765765716e-01	3.769549501461248120e+00	1.171603120000000109e+00	2.947235501765002597e-01
5.775775775775775500e-01	3.768936276748050318e+00	1.132751680000000150e+00	1.641888048411497825e-01
5.785785785785785285e-01	3.768296701537944049e+00	1.113325960000000059e+00	3.273572365103378790e-01
5.795795795795796179e-01	3.767435553029619300e+00	8.025144400000000511e-01	7.189614725163894215e-01
5.805805805805805964e-01	3.767764011450696060e+00	8.931677999999999562e-01	5.884267271810389444e-01
5.815815815815815748e-01	3.770198705494359981e+00	8.284154000000000240e-01	8.168625315179022239e-01
5.825825825825825532e-01	3.773885662757227255e+00	3.621981200000000678e-01	1.012664649520927940e+00
5.835835835835835317e-01	3.778538466460707568e+00	1.485152000000000139e-01	1.175833081190116092e+00
5.845845845845846211e-01	3.785360704507876317e+00	1.226142399999999993e-01	1.175833081190116092e+00
5.855855855855855996e-01	3.794317893447219259e+00	-7.811819999999999875e-02	1.339001512859304244e+00
5.865865865865865780e-01	3.804060610842885826e+00	-5.221724000000000504e-02	1.306367826525466569e+00
5.875875875875875565e-01	3.815082174182560681e+00	-2.270487200000000094e-01	1.469536258194654943e+00
5.885885885885885349e-01	3.827584686739300857e+00	-1.687715600000000149e-01	1.502169944528492396e+00
5.895895895895896244e-01	3.838642727038527269e+00	-2.788506400000000385e-01	1.632704689863842651e+00
5.905905905905906028e-01	3.846720387017988685e+00	-2.529496800000000101e-01	1.534803630862329848e+00
5.915915915915915813e-01	3.852986124869953510e+00	-2.076230000000000020e-01	1.502169944528492396e+00
5.925925925925925597e-01	3.857253375966301245e+00	-2.076230000000000020e-01	1.502169944528492396e+00
5.935935935935935381e-01	3.858782234347491347e+00	-2.270487200000000094e-01	1.600071003530005198e+00
5.945945945945946276e-01	3.857718929554874165e+00	-1.493458400000000075e-01	1.436902571860817046e+00
5.955955955955956060e-01	3.854825372863818878e+00	-1.817220400000000013e-01	1.502169944528492396e+00
5.965965965965965845e-01	3.851919817943949109e+00	-6.516772000000001230e-02	1.436902571860817046e+00
5.975975975975975629e-01	3.849352480251948538e+00	-7.811819999999999875e-02	1.371635199193141919e+00
5.985985985985985414e-01	3.845267517957297709e+00	-6.890560000000003904e-03	1.273734140191629116e+00
5.995995995995996308e-01	3.838474437904255243e+00	2.326933200000000090e-01	1.143199394856278639e+00
6.006006006006006093e-01	3.829090127677749145e+00	3.103962000000000110e-01	1.045298335854765615e+00
6.016016016016015877e-01	3.818052842746455067e+00	5.176038800000000162e-01	9.147635905194151373e-01
6.026026026026025662e-01	3.806517099431325324e+00	5.823562799999999484e-01	7.189614725163894215e-01
6.036036036036035446e-01	3.795061990655260065e+00	8.802173200000000808e-01	5.557930408472013806e-01
6.046046046046046341e-01	3.784170729776453523e+00	1.158652640000000122e+00	5.231593545133637058e-01
6.056056056056056125e-01	3.775284991797915879e+00	1.048573559999999905e+00	2.947235501765002597e-01
6.066066066066065909e-01	3.770205468258627235e+00	1.016197360000000049e+00	5.557930408472013806e-01
6.076076076076075694e-01	3.768902925946186144e+00	1.236355520000000041e+00	1.641888048411497825e-01
6.086086086086086588e-01	3.769289911997099729e+00	1.080949760000000204e+00	2.947235501765002597e-01
6.096096096096096373e-01	3.769263795252884908e+00	1.132751680000000150e+00	2.947235501765002597e-01
6.106106106106106157e-01	3.768675980767213662e+00	1.178078360000000213e+00	2.294561775088249655e-01
6.116116116116115942e-01	3.768462512685201382e+00	1.100375480000000072e+00	2.620898638426626404e-01
6.126126126126125726e-01	3.768256991828836000e+00	9.255440000000001444e-01	3.926246091780131731e-01
6.136136136136136621e-01	3.767891206205387977e+00	7.571877599999999875e-01	4.905256681795260310e-01
6.146146146146146405e-01	3.768875790399380143e+00	4.140000400000000136e-01	8.494962178517398987e-01
6.156156156156156189e-01	3.772120327651950156e+00	5.240791200000000094e-01	9.473972768532528121e-01
6.166166166166165974e-01	3.777290963932670387e+00	1.938418799999999942e-01	1.175833081190116092e+00
6.176176176176175758e-01	3.784116544366669554e+00	6.433707999999999094e-02	1.077932022188603289e+00
6.186186186186186653e-01	3.792253203122114336e+00	-4.153200000000037417e-04	1.241100453857791219e+00
6.196196196196196437e-01	3.801581930777228724e+00	5.138659999999999756e-02	1.241100453857791219e+00
6.206206206206206222e-01	3.812827065493701983e+00	-1.493458400000000075e-01	1.306367826525466569e+00
6.216216216216216006e-01	3.825301107817314250e+00	-9.106868000000001295e-02	1.502169944528492396e+00
6.226226226226225791e-01	3.836674605469512223e+00	-1.040191599999999994e-01	1.436902571860817046e+00
6.236236236236236685e-01	3.846173432018161975e+00	-2.270487200000000094e-01	1.665338376197680104e+00
6.246246246246246470e-01	3.853668276094979639e+00	-2.399992000000000236e-01	1.502169944528492396e+00
6.256256256256256254e-01	3.857800552308026543e+00	-3.436030400000000262e-01	1.697972062531518000e+00
6.266266266266266038e-01	3.858330159426082595e+00	-2.140982399999999952e-01	1.567437317196167523e+00
6.276276276276275823e-01	3.857491892793954769e+00	-1.817220400000000013e-01	1.502169944528492396e+00
6.286286286286286717e-01	3.856855671167241706e+00	-1.946725200000000155e-01	1.339001512859304244e+00
6.296296296296296502e-01	3.855243928457355196e+00	-2.270487200000000094e-01	1.469536258194654943e+00
6.306306306306306286e-01	3.851840807660613653e+00	-8.459344000000000585e-02	1.208466767523953767e+00
6.316316316316316071e-01	3.847295132814402052e+00	3.196087999999999707e-02	1.502169944528492396e+00
6.326326326326325855e-01	3.841586705465719120e+00	2.197428399999999948e-01	1.175833081190116092e+00
6.336336336336336750e-01	3.834509213768467539e+00	2.585942800000000097e-01	1.208466767523953767e+00
6.346346346346346534e-01	3.825326994584586249e+00	5.046534000000000297e-01	1.077932022188603289e+00
6.356356356356356319e-01	3.812956384093538098e+00	6.082572400000001434e-01	8.494962178517398987e-01
6.366366366366366103e-01	3.799322493287074387e+00	6.924353600000000553e-01	7.842288451840646601e-01
6.376376376376375887e-01	3.787788195215047615e+00	7.701382400000000850e-01	5.557930408472013806e-01
6.386386386386386782e-01	3.779247463083178715e+00	1.080949760000000204e+00	3.599909228441755538e-01
6.396396396396396566e-01	3.773842897299914512e+00	1.016197360000000049e+00	7.842288451840646601e-01
6.406406406406406351e-01	3.771812746507989367e+00	1.210454560000000068e+00	1.641888048411497825e-01
6.416416416416416135e-01	3.771447601496494162e+00	1.158652640000000122e+00	2.294561775088249655e-01
6.426426426426425920e-01	3.771260352633162949e+00	1.074474520000000100e+00	4.578919818456884672e-01
6.436436436436436814e-01	3.771328589616571136e+00	1.165127880000000005e+00	3.365405950579927752e-02
6.446446446446446599e-01	3.770300456439127146e+00	1.093900239999999968e+00	3.599909228441755538e-01
6.456456456456456383e-01	3.767747113260564884e+00	1.022672600000000154e+00	2.294561775088249655e-01
6.466466466466466168e-01	3.767412317749599282e+00	8.154649200000001485e-01	6.536940998487140719e-01
6.476476476476475952e-01	3.770955163819386335e+00	8.802173200000000808e-01	5.557930408472013806e-01
6.486486486486486847e-01	3.774828425492492201e+00	4.140000400000000136e-01	9.473972768532528121e-01
6.496496496496496631e-01	3.777869933428955385e+00	2.326933200000000090e-01	1.012664649520927940e+00
6.506506506506506415e-01	3.783401243516863133e+00	1.485152000000000139e-01	9.800309631870904870e-01
6.516516516516516200e-01	3.792554500733485767e+00	-6.890560000000003904e-03	1.241100453857791219e+00
6.526526526526525984e-01	3.803165638035518548e+00	-2.631628000000000439e-02	1.339001512859304244e+00
6.536536536536536879e-01	3.813785732048663668e+00	-1.234448800000000068e-01	1.469536258194654943e+00
6.546546546546546663e-01	3.824041363986211195e+00	-2.011477600000000088e-01	1.436902571860817046e+00
6.556556556556556448e-01	3.833966730247849952e+00	-2.853258800000000317e-01	1.534803630862329848e+00
6.566566566566566232e-01	3.843784633447793642e+00	-2.918011200000000249e-01	1.469536258194654943e+00
6.576576576576576016e-01	3.852229752272591234e+00	-2.594249200000000033e-01	1.469536258194654943e+00
6.586586586586586911e-01	3.857502334393811960e+00	-2.659001599999999965e-01	1.730605748865355453e+00
6.596596596596596696e-01	3.859632912423638818e+00	-2.270487200000000094e-01	1.534803630862329848e+00
6.606606606606606480e-01	3.859997287989869186e+00	-1.881972800000000223e-01	1.600071003530005198e+00
6.616616616616616264e-01	3.859677586732855215e+00	-2.011477600000000088e-01	1.534803630862329848e+00
6.626626626626626049e-01	3.858073239223345219e+00	-6.516772000000001230e-02	1.436902571860817046e+00
6.636636636636636943e-01	3.854515447016121588e+00	-8.459344000000000585e-02	1.404268885526979593e+00
6.646646646646646728e-01	3.850395469629032785e+00	3.196087999999999707e-02	1.306367826525466569e+00
6.656656656656656512e-01	3.846134905803417325e+00	6.433707999999999094e-02	1.306367826525466569e+00
6.666666666666666297e-01	3.839841255870530379e+00	2.262180799999999881e-01	1.143199394856278639e+00
6.676676676676676081e-01	3.830490081257428070e+00	2.585942800000000097e-01	1.110565708522440964e+00
6.686686686686686976e-01	3.818845210730160922e+00	5.370296000000001069e-01	8.821299041855775735e-01
6.696696696696696760e-01	3.806449899835700368e+00	3.945743200000000339e-01	9.473972768532528121e-01
6.706706706706706544e-01	3.794795452795839186e+00	8.996430400000000605e-01	5.557930408472013806e-01
6.716716716716716329e-01	3.784846684630263969e+00	9.190687600000001511e-01	4.252582955118507924e-01
6.726726726726726113e-01	3.777764561830475820e+00	9.579201999999999995e-01	4.905256681795260310e-01
6.736736736736737008e-01	3.774580493030089912e+00	1.132751680000000150e+00	1.968224911749873740e-01
6.746746746746746792e-01	3.774364573927131428e+00	1.191028839999999978e+00	2.620898638426626404e-01
6.756756756756756577e-01	3.774981670279440316e+00	1.048573559999999905e+00	2.620898638426626404e-01
6.766766766766766361e-01	3.774995753398282083e+00	1.158652640000000122e+00	3.273572365103378790e-01
6.776776776776777256e-01	3.773640888654941072e+00	1.113325960000000059e+00	2.294561775088249655e-01
6.786786786786787040e-01	3.771263242755243272e+00	1.074474520000000100e+00	3.599909228441755538e-01
6.796796796796796825e-01	3.769575425134411351e+00	7.571877599999999875e-01	7.189614725163894215e-01
6.806806806806806609e-01	3.770445530535838419e+00	8.802173200000000808e-01	6.210604135148766192e-01
6.816816816816816393e-01	3.774400102135338830e+00	7.895639599999999536e-01	6.863277861825517467e-01
6.826826826826827288e-01	3.779920669925174170e+00	3.816238400000000475e-01	1.110565708522440964e+00
6.836836836836837072e-01	3.785480787134709590e+00	1.355647199999999997e-01	1.110565708522440964e+00
6.846846846846846857e-01	3.791632335628032369e+00	1.161389999999999922e-01	1.273734140191629116e+00
6.856856856856856641e-01	3.799480253984298894e+00	-9.106868000000001295e-02	1.371635199193141919e+00
6.866866866866866426e-01	3.808904431886466657e+00	-7.164296000000000553e-02	1.534803630862329848e+00
6.876876876876877320e-01	3.818983461779582811e+00	-2.205734800000000162e-01	1.502169944528492396e+00
6.886886886886887105e-01	3.829049768271942433e+00	-1.817220400000000013e-01	1.534803630862329848e+00
6.896896896896896889e-01	3.839345080964758239e+00	-2.723753999999999897e-01	1.600071003530005198e+00
6.906906906906906674e-01	3.849813185375954294e+00	-2.529496800000000101e-01	1.567437317196167523e+00
6.916916916916916458e-01	3.858252400593460862e+00	-2.205734800000000162e-01	1.665338376197680104e+00
6.926926926926927353e-01	3.862322167181968968e+00	-2.270487200000000094e-01	1.600071003530005198e+00
6.936936936936937137e-01	3.862445509564622181e+00	-2.205734800000000162e-01	1.665338376197680104e+00
6.946946946946946921e-01	3.860176667387305471e+00	-1.558210800000000007e-01	1.469536258194654943e+00
6.956956956956956706e-01	3.856851885882968567e+00	-1.752468000000000081e-01	1.600071003530005198e+00
6.966966966966966490e-01	3.853849840910315461e+00	-7.811819999999999875e-02	1.404268885526979593e+00
6.976976976976977385e-01	3.851093590947191281e+00	-7.164296000000000553e-02	1.371635199193141919e+00
6.986986986986987169e-01	3.847120395494195932e+00	-3.926676000000000472e-02	1.273734140191629116e+00
6.996996996996996954e-01	3.841055658451309807e+00	2.262180799999999881e-01	1.208466767523953767e+00
7.007007007007006738e-01	3.832769948087398681e+00	2.909704799999999758e-01	1.077932022188603289e+00
7.017017017017016522e-01	3.821733294515637258e+00	5.046534000000000297e-01	9.800309631870904870e-01
7.027027027027027417e-01	3.808512317762499322e+00	5.564553199999999755e-01	8.494962178517398987e-01
7.037037037037037202e-01	3.796325077819083571e+00	8.348906400000000172e-01	7.189614725163894215e-01
7.047047047047046986e-01	3.786919418836901308e+00	1.126276440000000045e+00	4.905256681795260310e-01
7.057057057057056770e-01	3.779080414783458242e+00	1.029147840000000036e+00	2.947235501765002597e-01
7.067067067067066555e-01	3.773463356741385333e+00	9.967716399999999588e-01	4.905256681795260310e-01
7.077077077077077449e-01	3.771630674624951940e+00	1.197504080000000082e+00	3.365405950579927752e-02
7.087087087087087234e-01	3.772084554936201428e+00	1.055048800000000009e+00	2.947235501765002597e-01
7.097097097097097018e-01	3.772519832231105763e+00	1.093900239999999968e+00	3.926246091780131731e-01
7.107107107107106803e-01	3.772068186686206914e+00	1.145702159999999914e+00	2.620898638426626404e-01
7.117117117117116587e-01	3.770452849603343815e+00	1.061524040000000113e+00	1.968224911749873740e-01
7.127127127127127482e-01	3.768527065412135002e+00	8.802173200000000808e-01	4.578919818456884672e-01
7.137137137137137266e-01	3.768583900885839721e+00	7.312868000000000146e-01	5.557930408472013806e-01
7.147147147147147050e-01	3.771390341849419237e+00	3.880990800000000407e-01	7.842288451840646601e-01
7.157157157157156835e-01	3.775173732379664138e+00	4.981781600000000365e-01	9.473972768532528121e-01
7.167167167167166619e-01	3.779497045676404987e+00	2.067923600000000084e-01	1.110565708522440964e+00
7.177177177177177514e-01	3.786012307066681792e+00	5.138659999999999756e-02	1.208466767523953767e+00
7.187187187187187298e-01	3.794901980666804509e+00	6.059919999999996421e-03	1.339001512859304244e+00
7.197197197197197083e-01	3.804717413876708587e+00	3.843611999999999723e-02	1.339001512859304244e+00
7.207207207207206867e-01	3.814800848798701072e+00	-1.363953600000000210e-01	1.567437317196167523e+00
7.217217217217216652e-01	3.825501332267170262e+00	-8.459344000000000585e-02	1.436902571860817046e+00
7.227227227227227546e-01	3.836401170402612415e+00	-1.040191599999999994e-01	1.567437317196167523e+00
7.237237237237237331e-01	3.846018379368894458e+00	-2.335239600000000026e-01	1.404268885526979593e+00
7.247247247247247115e-01	3.853335103191374511e+00	-2.335239600000000026e-01	1.469536258194654943e+00
7.257257257257256899e-01	3.857694288323904264e+00	-3.500782800000000750e-01	1.534803630862329848e+00
7.267267267267266684e-01	3.858929921054872203e+00	-2.399992000000000236e-01	1.436902571860817046e+00
7.277277277277277578e-01	3.858284529347952851e+00	-1.881972800000000223e-01	1.632704689863842651e+00
7.287287287287287363e-01	3.856935696017586679e+00	-2.076230000000000020e-01	1.436902571860817046e+00
7.297297297297297147e-01	3.854776150266831181e+00	-2.464744400000000168e-01	1.600071003530005198e+00
7.307307307307306932e-01	3.851597252359623358e+00	-1.104944000000000065e-01	1.339001512859304244e+00
7.317317317317316716e-01	3.847636454543804874e+00	1.901039999999999675e-02	1.436902571860817046e+00
7.327327327327327611e-01	3.842131656991447208e+00	2.003171200000000152e-01	1.012664649520927940e+00
7.337337337337337395e-01	3.833765417012446886e+00	2.197428399999999948e-01	1.175833081190116092e+00
7.347347347347347180e-01	3.823137196161081164e+00	4.722772000000000081e-01	8.821299041855775735e-01
7.357357357357356964e-01	3.812059710321040296e+00	5.823562799999999484e-01	9.473972768532528121e-01
7.367367367367367859e-01	3.801043711714070295e+00	6.730096400000000756e-01	7.189614725163894215e-01
7.377377377377377643e-01	3.789730257456707108e+00	7.377620400000000078e-01	5.231593545133637058e-01
7.387387387387387427e-01	3.779473505243411413e+00	1.061524040000000113e+00	4.252582955118507924e-01
7.397397397397397212e-01	3.773123462780893611e+00	9.773459200000000902e-01	7.189614725163894215e-01
7.407407407407406996e-01	3.771244341409207390e+00	1.178078360000000213e+00	1.315551185073121632e-01
7.417417417417417891e-01	3.771313080079347735e+00	1.132751680000000150e+00	2.620898638426626404e-01
7.427427427427427675e-01	3.771099319346146395e+00	1.035623080000000140e+00	4.905256681795260310e-01
7.437437437437437460e-01	3.770346086348859149e+00	1.132751680000000150e+00	-3.161331316187596802e-02
7.447447447447447244e-01	3.769325994970404548e+00	1.061524040000000113e+00	3.273572365103378790e-01
7.457457457457457028e-01	3.767922166274893403e+00	9.967716399999999588e-01	3.273572365103378790e-01
7.467467467467467923e-01	3.766729276409996441e+00	7.895639599999999536e-01	7.189614725163894215e-01
7.477477477477477708e-01	3.767541927281645275e+00	8.478411200000001147e-01	6.210604135148766192e-01
7.487487487487487492e-01	3.771537580700134118e+00	4.010495599999999716e-01	9.473972768532528121e-01
7.497497497497497276e-01	3.777265413894323132e+00	2.003171200000000152e-01	9.800309631870904870e-01
7.507507507507507061e-01	3.782920467863865266e+00	1.355647199999999997e-01	1.339001512859304244e+00
7.517517517517517955e-01	3.789558589320579873e+00	-3.926676000000000472e-02	1.208466767523953767e+00
7.527527527527527740e-01	3.798468516157560426e+00	-2.631628000000000439e-02	1.404268885526979593e+00
7.537537537537537524e-01	3.808947768024370628e+00	-1.428706000000000143e-01	1.436902571860817046e+00
7.547547547547547309e-01	3.820087009142026702e+00	-2.205734800000000162e-01	1.502169944528492396e+00
7.557557557557557093e-01	3.830863497751967550e+00	-2.918011200000000249e-01	1.600071003530005198e+00
7.567567567567567988e-01	3.840426378055793233e+00	-2.982763600000000181e-01	1.665338376197680104e+00
7.577577577577577772e-01	3.848923737516342314e+00	-2.659001599999999965e-01	1.502169944528492396e+00
7.587587587587587556e-01	3.855679203264026800e+00	-2.594249200000000033e-01	1.502169944528492396e+00
7.597597597597597341e-01	3.859154281420652755e+00	-2.399992000000000236e-01	1.665338376197680104e+00
7.607607607607607125e-01	3.859239932422918518e+00	-2.076230000000000020e-01	1.567437317196167523e+00
7.617617617617618020e-01	3.857491833208323673e+00	-2.140982399999999952e-01	1.502169944528492396e+00
7.627627627627627804e-01	3.855240594026263068e+00	-9.106868000000001295e-02	1.436902571860817046e+00
7.637637637637637589e-01	3.852217845998772816e+00	-8.459344000000000585e-02	1.404268885526979593e+00
7.647647647647647373e-01	3.848076166061597192e+00	3.196087999999999707e-02	1.339001512859304244e+00
7.657657657657657158e-01	3.842870090545037698e+00	4.491135999999999739e-02	1.175833081190116092e+00
7.667667667667668052e-01	3.835680836725479992e+00	2.132676000000000016e-01	1.175833081190116092e+00
7.677677677677677837e-01	3.826449555499088273e+00	2.391685600000000023e-01	1.077932022188603289e+00
7.687687687687687621e-01	3.816018233692584527e+00	5.046534000000000297e-01	9.473972768532528121e-01
7.697697697697697405e-01	3.803849074168802247e+00	3.557228800000000746e-01	8.168625315179022239e-01
7.707707707707707190e-01	3.790827071270251203e+00	8.802173200000000808e-01	5.557930408472013806e-01
7.717717717717718084e-01	3.780237856923765793e+00	9.061182800000000537e-01	5.557930408472013806e-01
7.727727727727727869e-01	3.773456677116394431e+00	9.514449600000001173e-01	5.231593545133637058e-01
7.737737737737737653e-01	3.769707356881439431e+00	1.113325960000000059e+00	4.578919818456884672e-01
7.747747747747747438e-01	3.768216980252798720e+00	1.158652640000000122e+00	1.968224911749873740e-01
7.757757757757757222e-01	3.767847898814211671e+00	1.016197360000000049e+00	4.578919818456884672e-01
7.767767767767768117e-01	3.767680585225898771e+00	1.113325960000000059e+00	2.294561775088249655e-01
7.777777777777777901e-01	3.767789906083288898e+00	1.080949760000000204e+00	2.294561775088249655e-01
7.787787787787787686e-01	3.767775097952193786e+00	1.055048800000000009e+00	2.620898638426626404e-01
7.797797797797797470e-01	3.767488254246444068e+00	7.248115600000000214e-01	7.189614725163894215e-01
7.807807807807807254e-01	3.768580772051196792e+00	8.219401600000000307e-01	6.536940998487140719e-01
7.817817817817818149e-01	3.771865224288040164e+00	7.895639599999999536e-01	8.168625315179022239e-01
7.827827827827827933e-01	3.776197546178932996e+00	3.233466799999999974e-01	1.143199394856278639e+00
7.837837837837837718e-01	3.781031983929849183e+00	1.290894800000000064e-01	1.012664649520927940e+00
7.847847847847847502e-01	3.787399751974539708e+00	1.161389999999999922e-01	1.273734140191629116e+00
7.857857857857857287e-01	3.796090089295827585e+00	-1.104944000000000065e-01	1.339001512859304244e+00
7.867867867867868181e-01	3.806241551218603636e+00	-7.811819999999999875e-02	1.404268885526979593e+00
7.877877877877877966e-01	3.817009879359427149e+00	-2.399992000000000236e-01	1.436902571860817046e+00
7.887887887887887750e-01	3.828350750185866236e+00	-1.752468000000000081e-01	1.600071003530005198e+00
7.897897897897897534e-01	3.839522342436506364e+00	-2.853258800000000317e-01	1.469536258194654943e+00
7.907907907907907319e-01	3.849142975691445479e+00	-2.659001599999999965e-01	1.665338376197680104e+00
7.917917917917918214e-01	3.855816992463650283e+00	-2.270487200000000094e-01	1.600071003530005198e+00
7.927927927927927998e-01	3.858678889076398555e+00	-2.011477600000000088e-01	1.534803630862329848e+00
7.937937937937937782e-01	3.858480877414597998e+00	-2.399992000000000236e-01	1.567437317196167523e+00
7.947947947947947567e-01	3.856779527379268657e+00	-1.622963199999999939e-01	1.469536258194654943e+00
7.957957957957957351e-01	3.854639002297351791e+00	-2.011477600000000088e-01	1.502169944528492396e+00
7.967967967967968246e-01	3.852785296168009133e+00	-9.106868000000001295e-02	1.469536258194654943e+00
7.977977977977978030e-01	3.850772060583646628e+00	-7.811819999999999875e-02	1.371635199193141919e+00
7.987987987987987815e-01	3.846868538797633352e+00	-4.574200000000000488e-02	1.339001512859304244e+00
7.997997997997997599e-01	3.840179591638972934e+00	2.067923600000000084e-01	1.241100453857791219e+00
8.008008008008007383e-01	3.831163855859728518e+00	2.456437999999999955e-01	1.110565708522440964e+00
8.018018018018018278e-01	3.820620382314240171e+00	4.981781600000000365e-01	1.045298335854765615e+00
8.028028028028028062e-01	3.809200818096510233e+00	5.305543600000000026e-01	8.168625315179022239e-01
8.038038038038037847e-01	3.797187774400839100e+00	8.089896800000000443e-01	7.515951588502269853e-01
8.048048048048047631e-01	3.785230864490377822e+00	1.100375480000000072e+00	4.578919818456884672e-01
8.058058058058058526e-01	3.775853502924189531e+00	1.022672600000000154e+00	3.273572365103378790e-01
8.068068068068068310e-01	3.772033561898212373e+00	9.773459200000000902e-01	5.231593545133637058e-01
8.078078078078078095e-01	3.772565985171541403e+00	1.184553600000000095e+00	1.968224911749873740e-01
8.088088088088087879e-01	3.773151968613192686e+00	1.035623080000000140e+00	3.599909228441755538e-01
8.098098098098097664e-01	3.772643947100446926e+00	1.061524040000000113e+00	3.599909228441755538e-01
8.108108108108108558e-01	3.772111632046644569e+00	1.119801199999999941e+00	2.620898638426626404e-01
8.118118118118118343e-01	3.771281916130310830e+00	1.042098320000000022e+00	2.947235501765002597e-01
8.128128128128128127e-01	3.770544401291993974e+00	8.478411200000001147e-01	3.926246091780131731e-01
8.138138138138137911e-01	3.771012585723523713e+00	7.183363200000001392e-01	5.557930408472013806e-01
8.148148148148147696e-01	3.772624568087745267e+00	3.557228800000000746e-01	7.842288451840646601e-01
8.158158158158158590e-01	3.775663309994121253e+00	5.111286400000001340e-01	9.800309631870904870e-01
8.168168168168168375e-01	3.780946972954899898e+00	1.808914000000000077e-01	1.110565708522440964e+00
8.178178178178178159e-01	3.788173355411084575e+00	3.196087999999999707e-02	1.208466767523953767e+00
8.188188188188187944e-01	3.796677166775690448e+00	-6.890560000000003904e-03	1.339001512859304244e+00
8.198198198198197728e-01	3.806315943933494150e+00	3.843611999999999723e-02	1.404268885526979593e+00
8.208208208208208623e-01	3.816917847174681633e+00	-1.558210800000000007e-01	1.469536258194654943e+00
8.218218218218218407e-01	3.827967145889843437e+00	-1.104944000000000065e-01	1.502169944528492396e+00
8.228228228228228192e-01	3.838651102635246115e+00	-1.299201200000000000e-01	1.632704689863842651e+00
8.238238238238237976e-01	3.848024787033212046e+00	-2.464744400000000168e-01	1.534803630862329848e+00
8.248248248248247760e-01	3.855281975446867904e+00	-2.594249200000000033e-01	1.567437317196167523e+00
8.258258258258258655e-01	3.859917137312729007e+00	-3.371277999999999775e-01	1.502169944528492396e+00
8.268268268268268439e-01	3.861725863886683818e+00	-2.399992000000000236e-01	1.665338376197680104e+00
8.278278278278278224e-01	3.861340847207829885e+00	-2.076230000000000020e-01	1.436902571860817046e+00
8.288288288288288008e-01	3.859958407947841064e+00	-2.335239600000000026e-01	1.600071003530005198e+00
8.298298298298297793e-01	3.857633346155103116e+00	-2.594249200000000033e-01	1.306367826525466569e+00
8.308308308308308687e-01	3.854082989982642538e+00	-1.104944000000000065e-01	1.273734140191629116e+00
8.318318318318318472e-01	3.850018557960783738e+00	1.253515999999999658e-02	1.404268885526979593e+00
8.328328328328328256e-01	3.845103405069827840e+00	1.938418799999999942e-01	1.012664649520927940e+00
8.338338338338338041e-01	3.837524486369051857e+00	2.132676000000000016e-01	1.273734140191629116e+00
8.348348348348347825e-01	3.827075277534008002e+00	4.722772000000000081e-01	9.800309631870904870e-01
8.358358358358358720e-01	3.815559275380012050e+00	5.888315200000000527e-01	9.800309631870904870e-01
8.368368368368368504e-01	3.803715915443581785e+00	6.535839199999999849e-01	7.515951588502269853e-01
8.378378378378378288e-01	3.791737171502108428e+00	7.312868000000000146e-01	6.210604135148766192e-01
8.388388388388388073e-01	3.782083798099905803e+00	1.042098320000000022e+00	2.947235501765002597e-01
8.398398398398397857e-01	3.776818588336522176e+00	9.643954399999999927e-01	8.168625315179022239e-01
8.408408408408408752e-01	3.774655621717348364e+00	1.145702159999999914e+00	3.365405950579927752e-02
8.418418418418418536e-01	3.773898786456012733e+00	1.119801199999999941e+00	3.273572365103378790e-01
8.428428428428428321e-01	3.773948362966770720e+00	1.009722120000000167e+00	4.252582955118507924e-01
8.438438438438438105e-01	3.773718319139728106e+00	1.100375480000000072e+00	1.968224911749873740e-01
8.448448448448447889e-01	3.772238404974874726e+00	1.029147840000000036e+00	3.599909228441755538e-01
8.458458458458458784e-01	3.770193726049116734e+00	9.967716399999999588e-01	2.947235501765002597e-01
8.468468468468468568e-01	3.769823724798911257e+00	7.571877599999999875e-01	7.842288451840646601e-01
8.478478478478478353e-01	3.772285577022056913e+00	8.543163600000001079e-01	5.557930408472013806e-01
8.488488488488488137e-01	3.775985498688145370e+00	3.621981200000000678e-01	9.147635905194151373e-01
8.498498498498497922e-01	3.779986172872425332e+00	1.873666400000000010e-01	9.800309631870904870e-01
8.508508508508508816e-01	3.785756373311812251e+00	1.355647199999999997e-01	1.371635199193141919e+00
8.518518518518518601e-01	3.793581048607655326e+00	-1.984104000000000423e-02	1.208466767523953767e+00
8.528528528528528385e-01	3.802095828377968445e+00	-2.631628000000000439e-02	1.436902571860817046e+00
8.538538538538538170e-01	3.811364693369266643e+00	-1.493458400000000075e-01	1.404268885526979593e+00
8.548548548548547954e-01	3.822250604127473306e+00	-2.205734800000000162e-01	1.567437317196167523e+00
8.558558558558558849e-01	3.834084727572137918e+00	-3.047516000000000114e-01	1.436902571860817046e+00
8.568568568568568633e-01	3.844726381669462345e+00	-3.047516000000000114e-01	1.632704689863842651e+00
8.578578578578578417e-01	3.852270096146524381e+00	-2.918011200000000249e-01	1.469536258194654943e+00
8.588588588588588202e-01	3.856988026642022671e+00	-2.659001599999999965e-01	1.502169944528492396e+00
8.598598598598597986e-01	3.860109207285624233e+00	-2.529496800000000101e-01	1.469536258194654943e+00
8.608608608608608881e-01	3.861305030849067510e+00	-2.335239600000000026e-01	1.632704689863842651e+00
8.618618618618618665e-01	3.860124895406495504e+00	-1.946725200000000155e-01	1.404268885526979593e+00
8.628628628628628450e-01	3.857431933258903545e+00	-9.754392000000000618e-02	1.502169944528492396e+00
8.638638638638638234e-01	3.853864366401909436e+00	-1.104944000000000065e-01	1.404268885526979593e+00
8.648648648648649129e-01	3.849590140837010122e+00	1.901039999999999675e-02	1.436902571860817046e+00
8.658658658658658913e-01	3.844575948235837703e+00	4.491135999999999739e-02	1.306367826525466569e+00
8.668668668668668698e-01	3.837787335718278570e+00	1.938418799999999942e-01	1.208466767523953767e+00
8.678678678678678482e-01	3.828785931258940511e+00	2.197428399999999948e-01	1.045298335854765615e+00
8.688688688688688266e-01	3.818592373557772035e+00	4.917029200000000433e-01	9.800309631870904870e-01
8.698698698698699161e-01	3.807361136805894386e+00	3.362971600000000394e-01	8.494962178517398987e-01
8.708708708708708945e-01	3.795020974262943270e+00	8.672668400000000943e-01	6.863277861825517467e-01
8.718718718718718730e-01	3.783592479097196648e+00	8.737420800000000876e-01	5.231593545133637058e-01
8.728728728728728514e-01	3.775827914770371940e+00	9.255440000000001444e-01	5.557930408472013806e-01
8.738738738738738299e-01	3.772830934959601645e+00	1.074474520000000100e+00	3.273572365103378790e-01
8.748748748748749193e-01	3.773213603372601810e+00	1.126276440000000045e+00	1.968224911749873740e-01
8.758758758758758978e-01	3.774187892787394194e+00	1.009722120000000167e+00	4.905256681795260310e-01
8.768768768768768762e-01	3.773801958627124975e+00	1.080949760000000204e+00	2.294561775088249655e-01
8.778778778778778547e-01	3.771789557379010116e+00	1.067999279999999995e+00	4.252582955118507924e-01
8.788788788788788331e-01	3.769540716778273293e+00	1.029147840000000036e+00	3.273572365103378790e-01
8.798798798798799226e-01	3.768931858833990844e+00	7.053858400000000417e-01	8.821299041855775735e-01
8.808808808808809010e-01	3.770265505150630858e+00	8.025144400000000511e-01	4.578919818456884672e-01
8.818818818818818794e-01	3.772585632344960693e+00	7.571877599999999875e-01	9.147635905194151373e-01
8.828828828828828579e-01	3.776032504774428755e+00	3.168714400000000042e-01	1.012664649520927940e+00
8.838838838838838363e-01	3.781956774439739544e+00	1.226142399999999993e-01	1.110565708522440964e+00
8.848848848848849258e-01	3.790050689021613906e+00	9.671327999999999869e-02	1.241100453857791219e+00
8.858858858858859042e-01	3.799020847908137100e+00	-1.040191599999999994e-01	1.371635199193141919e+00
8.868868868868868827e-01	3.808900789797803110e+00	-9.106868000000001295e-02	1.567437317196167523e+00
8.878878878878878611e-01	3.819409422922433794e+00	-2.529496800000000101e-01	1.436902571860817046e+00
8.888888888888888395e-01	3.829816911980474359e+00	-1.881972800000000223e-01	1.697972062531518000e+00
8.898898898898899290e-01	3.839757786473425583e+00	-2.982763600000000181e-01	1.469536258194654943e+00
8.908908908908909074e-01	3.848559386932906889e+00	-2.659001599999999965e-01	1.697972062531518000e+00
8.918918918918918859e-01	3.855350206398607149e+00	-2.464744400000000168e-01	1.502169944528492396e+00
8.928928928928928643e-01	3.859041548973277891e+00	-2.270487200000000094e-01	1.600071003530005198e+00
8.938938938938938428e-01	3.859373438908194842e+00	-2.399992000000000236e-01	1.502169944528492396e+00
8.948948948948949322e-01	3.857696223046140904e+00	-1.817220400000000013e-01	1.600071003530005198e+00
8.958958958958959107e-01	3.855604907409902360e+00	-2.076230000000000020e-01	1.502169944528492396e+00
8.968968968968968891e-01	3.853613305708855297e+00	-1.104944000000000065e-01	1.469536258194654943e+00
8.978978978978978676e-01	3.850774911853712457e+00	-6.516772000000001230e-02	1.404268885526979593e+00
8.988988988988988460e-01	3.846001918464902580e+00	-5.869248000000000520e-02	1.306367826525466569e+00
8.998998998998999355e-01	3.839196578906027835e+00	1.679409199999999935e-01	1.175833081190116092e+00
9.009009009009009139e-01	3.830517435736044085e+00	2.585942800000000097e-01	1.110565708522440964e+00
9.019019019019018923e-01	3.819824764002888173e+00	4.463762399999999797e-01	9.800309631870904870e-01
9.029029029029028708e-01	3.807255115732385065e+00	5.305543600000000026e-01	8.821299041855775735e-01
9.039039039039038492e-01	3.794580942703197124e+00	7.895639599999999536e-01	7.515951588502269853e-01
9.049049049049049387e-01	3.784169811920890414e+00	1.061524040000000113e+00	5.557930408472013806e-01
9.059059059059059171e-01	3.776399358253862637e+00	9.708706800000000969e-01	4.905256681795260310e-01
9.069069069069068956e-01	3.771145669950688450e+00	9.384944800000000198e-01	5.884267271810389444e-01
9.079079079079078740e-01	3.769388618601534624e+00	1.152177400000000018e+00	2.620898638426626404e-01
9.089089089089088525e-01	3.770340463139255416e+00	1.016197360000000049e+00	2.294561775088249655e-01
9.099099099099099419e-01	3.771089760873933106e+00	1.048573559999999905e+00	4.252582955118507924e-01
9.109109109109109204e-01	3.770632381950786094e+00	1.093900239999999968e+00	2.947235501765002597e-01
9.119119119119118988e-01	3.769566357751611196e+00	1.029147840000000036e+00	4.252582955118507924e-01
9.129129129129128772e-01	3.768013365033295425e+00	8.478411200000001147e-01	4.905256681795260310e-01
9.139139139139138557e-01	3.767805724484574625e+00	6.794848799999999578e-01	5.884267271810389444e-01
9.149149149149149451e-01	3.770890216278658613e+00	3.362971600000000394e-01	7.842288451840646601e-01
9.159159159159159236e-01	3.775711150059767984e+00	4.787524399999999458e-01	1.045298335854765615e+00
9.169169169169169020e-01	3.780502433190196854e+00	1.744161599999999868e-01	1.110565708522440964e+00
9.179179179179178805e-01	3.786075043676932150e+00	2.548563999999999691e-02	1.306367826525466569e+00
9.189189189189188589e-01	3.793551558304164573e+00	-3.279152000000000455e-02	1.306367826525466569e+00
9.199199199199199484e-01	3.802967221105235218e+00	4.491135999999999739e-02	1.306367826525466569e+00
9.209209209209209268e-01	3.813534441162051092e+00	-1.752468000000000081e-01	1.436902571860817046e+00
9.219219219219219053e-01	3.824230776267580900e+00	-1.104944000000000065e-01	1.469536258194654943e+00
9.229229229229228837e-01	3.834477417996848381e+00	-1.169696400000000136e-01	1.567437317196167523e+00
9.239239239239238621e-01	3.843682932119724338e+00	-2.399992000000000236e-01	1.436902571860817046e+00
9.249249249249249516e-01	3.851089627524956427e+00	-2.529496800000000101e-01	1.632704689863842651e+00
9.259259259259259300e-01	3.856250419221119774e+00	-3.695039999999999436e-01	1.534803630862329848e+00
9.269269269269269085e-01	3.858435774291619769e+00	-2.464744400000000168e-01	1.600071003530005198e+00
9.279279279279278869e-01	3.857574215195653800e+00	-1.817220400000000013e-01	1.469536258194654943e+00
9.289289289289288654e-01	3.855455208824562607e+00	-2.270487200000000094e-01	1.502169944528492396e+00
9.299299299299299548e-01	3.852954705414584513e+00	-2.464744400000000168e-01	1.469536258194654943e+00
9.309309309309309333e-01	3.849265346262839671e+00	-1.169696400000000136e-01	1.534803630862329848e+00
9.319319319319319117e-01	3.845057395501793707e+00	-6.890560000000003904e-03	1.306367826525466569e+00
9.329329329329328901e-01	3.840876472167774391e+00	2.003171200000000152e-01	1.306367826525466569e+00
9.339339339339339796e-01	3.834334107519358437e+00	1.873666400000000010e-01	1.143199394856278639e+00
9.349349349349349581e-01	3.823800301471328655e+00	4.658019600000000704e-01	1.110565708522440964e+00
9.359359359359359365e-01	3.811226626321583044e+00	5.370296000000001069e-01	8.821299041855775735e-01
9.369369369369369149e-01	3.799156620106125093e+00	6.406334400000001095e-01	7.189614725163894215e-01
9.379379379379378934e-01	3.788305582937448790e+00	6.859601199999999510e-01	6.210604135148766192e-01
9.389389389389389828e-01	3.779260328992525064e+00	1.009722120000000167e+00	2.947235501765002597e-01
9.399399399399399613e-01	3.773304684167327228e+00	9.320192400000000266e-01	8.821299041855775735e-01
9.409409409409409397e-01	3.770228713373121376e+00	1.113325960000000059e+00	1.641888048411497825e-01
9.419419419419419182e-01	3.769141359990395124e+00	1.087425000000000086e+00	3.599909228441755538e-01
9.429429429429428966e-01	3.769879064944713587e+00	9.838211600000000834e-01	4.578919818456884672e-01
9.439439439439439861e-01	3.770649854048087946e+00	1.093900239999999968e+00	3.926246091780131731e-01
9.449449449449449645e-01	3.769299595116381241e+00	1.009722120000000167e+00	1.968224911749873740e-01
9.459459459459459429e-01	3.767434924738605861e+00	9.643954399999999927e-01	4.578919818456884672e-01
9.469469469469469214e-01	3.768107929935567313e+00	7.507125199999999943e-01	6.536940998487140719e-01
9.479479479479478998e-01	3.770997964230016208e+00	8.284154000000000240e-01	7.842288451840646601e-01
9.489489489489489893e-01	3.774164679989042259e+00	3.686733600000000055e-01	9.800309631870904870e-01
9.499499499499499677e-01	3.777925319487133837e+00	1.614656800000000003e-01	1.143199394856278639e+00
9.509509509509509462e-01	3.783342682632112819e+00	1.031885200000000058e-01	1.371635199193141919e+00
9.519519519519519246e-01	3.790506673114047320e+00	-3.926676000000000472e-02	1.241100453857791219e+00
9.529529529529529031e-01	3.799998971698121952e+00	-3.926676000000000472e-02	1.436902571860817046e+00
9.539539539539539925e-01	3.811799269399330559e+00	-1.493458400000000075e-01	1.502169944528492396e+00
9.549549549549549710e-01	3.823863748008330621e+00	-2.205734800000000162e-01	1.469536258194654943e+00
9.559559559559559494e-01	3.834551646885368203e+00	-2.982763600000000181e-01	1.534803630862329848e+00
9.569569569569569278e-01	3.843835218503119044e+00	-3.112268400000000046e-01	1.534803630862329848e+00
9.579579579579579063e-01	3.851543070526684875e+00	-2.788506400000000385e-01	1.665338376197680104e+00
9.589589589589589957e-01	3.856540084609871410e+00	-2.853258800000000317e-01	1.697972062531518000e+00
9.599599599599599742e-01	3.858149953682334488e+00	-2.594249200000000033e-01	1.632704689863842651e+00
9.609609609609609526e-01	3.857356647339491573e+00	-2.270487200000000094e-01	1.632704689863842651e+00
9.619619619619619311e-01	3.855880334048676250e+00	-2.140982399999999952e-01	1.502169944528492396e+00
9.629629629629629095e-01	3.854806802592679382e+00	-8.459344000000000585e-02	1.567437317196167523e+00
9.639639639639639990e-01	3.853691258966406963e+00	-1.040191599999999994e-01	1.371635199193141919e+00
9.649649649649649774e-01	3.850889488886787948e+00	-4.153200000000037417e-04	1.469536258194654943e+00
9.659659659659659559e-01	3.845677377057318047e+00	5.138659999999999756e-02	1.241100453857791219e+00
9.669669669669669343e-01	3.838470866094926492e+00	1.808914000000000077e-01	1.241100453857791219e+00
9.679679679679679127e-01	3.829041309204519017e+00	2.003171200000000152e-01	1.012664649520927940e+00
9.689689689689690022e-01	3.817373620397460865e+00	4.852276800000000501e-01	1.012664649520927940e+00
9.699699699699699806e-01	3.804727440310943898e+00	3.103962000000000110e-01	7.842288451840646601e-01
9.709709709709709591e-01	3.792450053119596820e+00	8.672668400000000943e-01	6.863277861825517467e-01
9.719719719719719375e-01	3.782412171523926947e+00	8.607915999999999901e-01	4.905256681795260310e-01
9.729729729729729160e-01	3.776581441623236834e+00	9.061182800000000537e-01	5.557930408472013806e-01
9.739739739739740054e-01	3.774182922595471723e+00	1.061524040000000113e+00	2.294561775088249655e-01
9.749749749749749839e-01	3.772936074258499417e+00	1.113325960000000059e+00	2.947235501765002597e-01
9.759759759759759623e-01	3.772274407124657447e+00	9.773459200000000902e-01	4.905256681795260310e-01
9.769769769769769407e-01	3.772204540169262099e+00	1.074474520000000100e+00	-3.161331316187596802e-02
9.779779779779779192e-01	3.771882218561120492e+00	1.055048800000000009e+00	3.599909228441755538e-01
9.789789789789790087e-01	3.771039202340857432e+00	1.009722120000000167e+00	2.947235501765002597e-01
9.799799799799799871e-01	3.770289377404068443e+00	6.794848799999999578e-01	9.147635905194151373e-01
9.809809809809809655e-01	3.770399209101820581e+00	7.636630000000000917e-01	5.884267271810389444e-01
9.819819819819819440e-01	3.772711414041084232e+00	7.442372800000001121e-01	9.473972768532528121e-01
9.829829829829829224e-01	3.777913572654055141e+00	2.974457200000000245e-01	9.800309631870904870e-01
9.839839839839840119e-01	3.784026342842274460e+00	1.096637599999999990e-01	1.306367826525466569e+00
9.849849849849849903e-01	3.789503198380978155e+00	7.728756000000000514e-02	1.208466767523953767e+00
9.859859859859859688e-01	3.796513920955243648e+00	-1.104944000000000065e-01	1.436902571860817046e+00
9.869869869869869472e-01	3.806959244042514179e+00	-9.754392000000000618e-02	1.306367826525466569e+00
9.879879879879879256e-01	3.818999729359335848e+00	-2.529496800000000101e-01	1.502169944528492396e+00
9.889889889889890151e-01	3.830304701134658707e+00	-1.881972800000000223e-01	1.567437317196167523e+00
9.899899899899899935e-01	3.840541097655554736e+00	-2.982763600000000181e-01	1.404268885526979593e+00
9.909909909909909720e-01	3.849246908622830698e+00	-2.594249200000000033e-01	1.534803630862329848e+00
9.919919919919919504e-01	3.855241810018282145e+00	-2.399992000000000236e-01	1.469536258194654943e+00
9.929929929929930399e-01	3.858610406828902217e+00	-2.270487200000000094e-01	1.730605748865355453e+00
9.939939939939940183e-01	3.860076861437886642e+00	-2.464744400000000168e-01	1.502169944528492396e+00
9.949949949949949968e-01	3.859595554222472025e+00	-1.558210800000000007e-01	1.567437317196167523e+00
9.959959959959959752e-01	3.857347256621162401e+00	-2.140982399999999952e-01	1.502169944528492396e+00
9.969969969969969537e-01	3.854357436813423465e+00	-1.040191599999999994e-01	1.502169944528492396e+00
9.979979979979980431e-01	3.851326370074634298e+00	-8.459344000000000585e-02	1.306367826525466569e+00
9.989989989989990216e-01	3.847164999529994134e+00	-6.516772000000001230e-02	1.404268885526979593e+00
1.000000000000000000e+00	3.840836323808197506e+00	1.679409199999999935e-01	1.143199394856278639e+00
