Time(s)\disp(mm)\Force(Lb)\Force(Lb)
0.000000000000000000e+00	3.772254412211035302e+00	4.140000400000000136e-01	9.800309631870904870e-01
1.001001001001000992e-03	3.774347966527377807e+00	3.233466799999999974e-01	1.175833081190116092e+00
2.002002002002001985e-03	3.774609409873227239e+00	3.427723999999999771e-01	1.045298335854765615e+00
3.003003003003002977e-03	3.774333218673790569e+00	3.880990800000000407e-01	1.110565708522440964e+00
4.004004004004003969e-03	3.774855110191795315e+00	1.031885200000000058e-01	1.632704689863842651e+00
5.005005005005004962e-03	3.776091413931813801e+00	1.253515999999999658e-02	1.110565708522440964e+00
6.006006006006005954e-03	3.778553109487024386e+00	1.485152000000000139e-01	1.502169944528492396e+00
7.007007007007006946e-03	3.783120454264529808e+00	-5.221724000000000504e-02	1.469536258194654943e+00
8.008008008008007939e-03	3.789573630591883013e+00	-9.754392000000000618e-02	1.534803630862329848e+00
9.009009009009008931e-03	3.796896541671243241e+00	-2.270487200000000094e-01	1.665338376197680104e+00
1.001001001001000992e-02	3.804224403084374373e+00	-2.011477600000000088e-01	1.730605748865355453e+00
1.101101101101101092e-02	3.811755405631991778e+00	-3.241773200000000466e-01	1.730605748865355453e+00
1.201201201201201191e-02	3.820716296346624574e+00	-1.881972800000000223e-01	1.763239435199193128e+00
1.301301301301301290e-02	3.830934027221811533e+00	-3.241773200000000466e-01	1.665338376197680104e+00
1.401401401401401389e-02	3.840094677629963815e+00	-3.565535200000000127e-01	1.697972062531518000e+00
1.501501501501501488e-02	3.846529278519525974e+00	-2.982763600000000181e-01	1.632704689863842651e+00
1.601601601601601588e-02	3.850349275175446451e+00	-3.436030400000000262e-01	1.632704689863842651e+00
1.701701701701701513e-02	3.852541620184954940e+00	-1.946725200000000155e-01	1.502169944528492396e+00
1.801801801801801786e-02	3.853915207036082702e+00	-2.918011200000000249e-01	1.600071003530005198e+00
1.901901901901902059e-02	3.853562710976480954e+00	-2.918011200000000249e-01	1.469536258194654943e+00
2.002002002002001985e-02	3.850701102942365672e+00	-9.754392000000000618e-02	1.632704689863842651e+00
2.102102102102101910e-02	3.847278312570990177e+00	-1.752468000000000081e-01	1.567437317196167523e+00
2.202202202202202183e-02	3.844674554467415017e+00	-1.040191599999999994e-01	1.404268885526979593e+00
2.302302302302302456e-02	3.841309485289032821e+00	-9.754392000000000618e-02	1.665338376197680104e+00
2.402402402402402382e-02	3.835539334478371920e+00	-7.164296000000000553e-02	1.469536258194654943e+00
2.502502502502502307e-02	3.827371033584978210e+00	4.491135999999999739e-02	1.567437317196167523e+00
2.602602602602602580e-02	3.817759792479801018e+00	-1.984104000000000423e-02	1.436902571860817046e+00
2.702702702702702853e-02	3.807408009778293412e+00	2.067923600000000084e-01	1.404268885526979593e+00
2.802802802802802778e-02	3.796409973961587969e+00	9.023803999999999159e-02	1.241100453857791219e+00
2.902902902902902704e-02	3.785562494366633945e+00	-2.076230000000000020e-01	1.371635199193141919e+00
3.003003003003002977e-02	3.776690051955174265e+00	3.103962000000000110e-01	1.045298335854765615e+00
3.103103103103103250e-02	3.771836590958885349e+00	2.456437999999999955e-01	1.469536258194654943e+00
3.203203203203203175e-02	3.771669913144359398e+00	4.463762399999999797e-01	9.147635905194151373e-01
3.303303303303303101e-02	3.774002164372900925e+00	4.010495599999999716e-01	1.045298335854765615e+00
3.403403403403403027e-02	3.775511119372812807e+00	3.427723999999999771e-01	1.045298335854765615e+00
3.503503503503503647e-02	3.774734627296557399e+00	3.492476399999999703e-01	1.143199394856278639e+00
3.603603603603603572e-02	3.773374773980438857e+00	3.686733600000000055e-01	1.077932022188603289e+00
3.703703703703703498e-02	3.774028764349690590e+00	3.686733600000000055e-01	1.469536258194654943e+00
3.803803803803804118e-02	3.776497152097137988e+00	2.585942800000000097e-01	1.208466767523953767e+00
3.903903903903904044e-02	3.779204189966971494e+00	1.161389999999999922e-01	1.632704689863842651e+00
4.004004004004003969e-02	3.782480825395806878e+00	-1.299201200000000000e-01	1.502169944528492396e+00
4.104104104104103895e-02	3.787329848984173353e+00	-8.459344000000000585e-02	1.534803630862329848e+00
4.204204204204203821e-02	3.793637733279296320e+00	-9.106868000000001295e-02	1.534803630862329848e+00
4.304304304304304440e-02	3.801145259083152705e+00	-2.205734800000000162e-01	1.502169944528492396e+00
4.404404404404404366e-02	3.810202643675777434e+00	-3.436030400000000262e-01	1.567437317196167523e+00
4.504504504504504292e-02	3.820526056214914590e+00	-3.695039999999999436e-01	1.534803630862329848e+00
4.604604604604604912e-02	3.830127720473126995e+00	-3.241773200000000466e-01	1.861140494200705930e+00
4.704704704704704837e-02	3.837624418982486407e+00	-2.918011200000000249e-01	1.534803630862329848e+00
4.804804804804804763e-02	3.843719971239277555e+00	-3.371277999999999775e-01	1.861140494200705930e+00
4.904904904904904689e-02	3.848633958594622317e+00	-2.529496800000000101e-01	1.632704689863842651e+00
5.005005005005004615e-02	3.851803951157992234e+00	-2.399992000000000236e-01	1.632704689863842651e+00
5.105105105105105234e-02	3.853295678290582948e+00	-2.529496800000000101e-01	1.600071003530005198e+00
5.205205205205205160e-02	3.853270833549675256e+00	-2.335239600000000026e-01	1.600071003530005198e+00
5.305305305305305086e-02	3.851951814846838573e+00	-1.817220400000000013e-01	1.502169944528492396e+00
5.405405405405405705e-02	3.849767246158782186e+00	-3.047516000000000114e-01	1.665338376197680104e+00
5.505505505505505631e-02	3.846989721514642024e+00	-1.946725200000000155e-01	1.567437317196167523e+00
5.605605605605605557e-02	3.843394869786489032e+00	-5.054840400000000233e-01	1.730605748865355453e+00
5.705705705705705483e-02	3.837961084317805582e+00	-1.946725200000000155e-01	1.632704689863842651e+00
5.805805805805805409e-02	3.829933257039719319e+00	-5.221724000000000504e-02	1.567437317196167523e+00
5.905905905905906028e-02	3.820150301282979832e+00	-3.279152000000000455e-02	1.502169944528492396e+00
6.006006006006005954e-02	3.810021814869268386e+00	9.023803999999999159e-02	1.436902571860817046e+00
6.106106106106105880e-02	3.799717701619956589e+00	8.376279999999999837e-02	1.371635199193141919e+00
6.206206206206206499e-02	3.789062681542664457e+00	2.326933200000000090e-01	1.208466767523953767e+00
6.306306306306305731e-02	3.779543840097885354e+00	2.132676000000000016e-01	1.241100453857791219e+00
6.406406406406406351e-02	3.773312325707826709e+00	3.686733600000000055e-01	1.339001512859304244e+00
6.506506506506506970e-02	3.771311986946607853e+00	2.909704799999999758e-01	1.110565708522440964e+00
6.606606606606606202e-02	3.772520189291532766e+00	3.621981200000000678e-01	1.077932022188603289e+00
6.706706706706706822e-02	3.773968532986740954e+00	3.362971600000000394e-01	1.143199394856278639e+00
6.806806806806806054e-02	3.773787188737123710e+00	3.427723999999999771e-01	9.473972768532528121e-01
6.906906906906906674e-02	3.772951953336183273e+00	3.751485999999999432e-01	1.175833081190116092e+00
7.007007007007007293e-02	3.772831816488961376e+00	2.715447599999999961e-01	9.147635905194151373e-01
7.107107107107106525e-02	3.773885818909788359e+00	-3.279152000000000455e-02	1.404268885526979593e+00
7.207207207207207145e-02	3.776460695102475729e+00	9.023803999999999159e-02	1.306367826525466569e+00
7.307307307307307764e-02	3.781008181136894741e+00	6.433707999999999094e-02	1.469536258194654943e+00
7.407407407407406996e-02	3.786587946574739849e+00	-2.631628000000000439e-02	1.567437317196167523e+00
7.507507507507507616e-02	3.791703245142199030e+00	-1.687715600000000149e-01	1.697972062531518000e+00
7.607607607607608236e-02	3.797467547815941202e+00	-1.558210800000000007e-01	1.534803630862329848e+00
7.707707707707707467e-02	3.805718752730010035e+00	-3.500782800000000750e-01	1.665338376197680104e+00
7.807807807807808087e-02	3.815734497041910256e+00	-2.399992000000000236e-01	1.632704689863842651e+00
7.907907907907907319e-02	3.825511337090026664e+00	-1.881972800000000223e-01	1.697972062531518000e+00
8.008008008008007939e-02	3.834088201803315776e+00	-2.464744400000000168e-01	1.763239435199193128e+00
8.108108108108108558e-02	3.841611589858977105e+00	-2.918011200000000249e-01	1.600071003530005198e+00
8.208208208208207790e-02	3.847879447086812288e+00	-2.723753999999999897e-01	1.632704689863842651e+00
8.308308308308308410e-02	3.852343514225497145e+00	-3.112268400000000046e-01	1.665338376197680104e+00
8.408408408408407642e-02	3.854668121077658771e+00	-3.241773200000000466e-01	1.600071003530005198e+00
8.508508508508508261e-02	3.854650902814560798e+00	-2.464744400000000168e-01	1.502169944528492396e+00
8.608608608608608881e-02	3.852835223930893616e+00	-2.464744400000000168e-01	1.665338376197680104e+00
8.708708708708708113e-02	3.850147177230535345e+00	-2.205734800000000162e-01	1.534803630862329848e+00
8.808808808808808732e-02	3.847007667662195374e+00	-2.399992000000000236e-01	1.534803630862329848e+00
8.908908908908909352e-02	3.843080635810564694e+00	-2.205734800000000162e-01	1.534803630862329848e+00
9.009009009009008584e-02	3.837806353778299151e+00	-1.946725200000000155e-01	1.665338376197680104e+00
9.109109109109109204e-02	3.831438729823510414e+00	5.138659999999999756e-02	1.567437317196167523e+00
9.209209209209209823e-02	3.823569804662076521e+00	-4.153200000000037417e-04	1.697972062531518000e+00
9.309309309309309055e-02	3.813012188160625371e+00	1.420399599999999929e-01	1.502169944528492396e+00
9.409409409409409675e-02	3.801100653061510126e+00	1.485152000000000139e-01	1.632704689863842651e+00
9.509509509509508907e-02	3.790523854757484656e+00	1.420399599999999929e-01	1.175833081190116092e+00
9.609609609609609526e-02	3.782044670377257223e+00	4.010495599999999716e-01	1.208466767523953767e+00
9.709709709709710146e-02	3.775772955435343636e+00	2.067923600000000084e-01	1.143199394856278639e+00
9.809809809809809378e-02	3.772487517856096151e+00	2.391685600000000023e-01	1.208466767523953767e+00
9.909909909909909997e-02	3.772185990879141304e+00	3.751485999999999432e-01	1.143199394856278639e+00
1.001001001001000923e-01	3.773614426979011949e+00	4.140000400000000136e-01	1.012664649520927940e+00
1.011011011011010985e-01	3.775004460343692525e+00	3.168714400000000042e-01	1.273734140191629116e+00
1.021021021021021047e-01	3.774737413902938155e+00	3.427723999999999771e-01	1.143199394856278639e+00
1.031031031031030970e-01	3.773389584130768526e+00	3.816238400000000475e-01	1.077932022188603289e+00
1.041041041041041032e-01	3.773563426675422328e+00	1.226142399999999993e-01	1.404268885526979593e+00
1.051051051051051094e-01	3.776078594794411547e+00	-4.153200000000037417e-04	1.175833081190116092e+00
1.061061061061061017e-01	3.779484363116594636e+00	1.549904400000000071e-01	1.371635199193141919e+00
1.071071071071071079e-01	3.783304648202099774e+00	-2.631628000000000439e-02	1.600071003530005198e+00
1.081081081081081141e-01	3.788623214050314658e+00	-9.754392000000000618e-02	1.534803630862329848e+00
1.091091091091091064e-01	3.795804197183227480e+00	-2.076230000000000020e-01	1.828506807866868478e+00
1.101101101101101126e-01	3.803977516124991354e+00	-2.270487200000000094e-01	1.763239435199193128e+00
1.111111111111111049e-01	3.812270790613427884e+00	-2.982763600000000181e-01	1.632704689863842651e+00
1.121121121121121111e-01	3.820638968354880927e+00	-1.881972800000000223e-01	1.795873121533031025e+00
1.131131131131131173e-01	3.829770417251079362e+00	-3.112268400000000046e-01	1.665338376197680104e+00
1.141141141141141097e-01	3.839132821680068641e+00	-3.565535200000000127e-01	1.534803630862329848e+00
1.151151151151151159e-01	3.846304709923518583e+00	-2.853258800000000317e-01	1.665338376197680104e+00
1.161161161161161082e-01	3.850343250857474864e+00	-3.436030400000000262e-01	1.567437317196167523e+00
1.171171171171171144e-01	3.852543575442124446e+00	-1.881972800000000223e-01	1.632704689863842651e+00
1.181181181181181206e-01	3.853240498034070871e+00	-2.853258800000000317e-01	1.795873121533031025e+00
1.191191191191191129e-01	3.852102837169729899e+00	-2.918011200000000249e-01	1.534803630862329848e+00
1.201201201201201191e-01	3.849737248693185343e+00	-9.754392000000000618e-02	1.763239435199193128e+00
1.211211211211211253e-01	3.846835690425754795e+00	-1.752468000000000081e-01	1.600071003530005198e+00
1.221221221221221176e-01	3.843605190095670476e+00	-9.106868000000001295e-02	1.600071003530005198e+00
1.231231231231231238e-01	3.839570603958105899e+00	-1.040191599999999994e-01	1.534803630862329848e+00
1.241241241241241300e-01	3.833719465229448620e+00	-6.516772000000001230e-02	1.567437317196167523e+00
1.251251251251251362e-01	3.825701612267727647e+00	6.433707999999999094e-02	1.339001512859304244e+00
1.261261261261261146e-01	3.816366685467166064e+00	1.901039999999999675e-02	1.502169944528492396e+00
1.271271271271271208e-01	3.806618087564677122e+00	2.003171200000000152e-01	1.600071003530005198e+00
1.281281281281281270e-01	3.796552220127881849e+00	9.671327999999999869e-02	1.339001512859304244e+00
1.291291291291291332e-01	3.786116960956493749e+00	-2.011477600000000088e-01	1.273734140191629116e+00
1.301301301301301394e-01	3.776393326540175455e+00	3.233466799999999974e-01	1.175833081190116092e+00
1.311311311311311179e-01	3.770136069063215523e+00	2.262180799999999881e-01	1.502169944528492396e+00
1.321321321321321240e-01	3.769126242318714404e+00	4.334257600000001043e-01	9.473972768532528121e-01
1.331331331331331302e-01	3.771105497709008603e+00	4.140000400000000136e-01	1.175833081190116092e+00
1.341341341341341364e-01	3.772670050284545606e+00	3.362971600000000394e-01	1.045298335854765615e+00
1.351351351351351426e-01	3.772906263428823959e+00	3.427723999999999771e-01	1.077932022188603289e+00
1.361361361361361211e-01	3.772055973588937849e+00	3.621981200000000678e-01	1.241100453857791219e+00
1.371371371371371273e-01	3.771168505622580547e+00	3.621981200000000678e-01	1.469536258194654943e+00
1.381381381381381335e-01	3.772196625796750524e+00	2.650695199999999474e-01	1.143199394856278639e+00
1.391391391391391397e-01	3.775612509590878130e+00	1.161389999999999922e-01	1.502169944528492396e+00
1.401401401401401459e-01	3.780330343544187510e+00	-1.299201200000000000e-01	1.404268885526979593e+00
1.411411411411411521e-01	3.785813171641876806e+00	-7.164296000000000553e-02	1.502169944528492396e+00
1.421421421421421305e-01	3.792441331232260904e+00	-1.104944000000000065e-01	1.665338376197680104e+00
1.431431431431431367e-01	3.800455316635102054e+00	-2.205734800000000162e-01	1.730605748865355453e+00
1.441441441441441429e-01	3.809495272651169717e+00	-3.371277999999999775e-01	1.763239435199193128e+00
1.451451451451451491e-01	3.818655189376686465e+00	-3.695039999999999436e-01	1.828506807866868478e+00
1.461461461461461553e-01	3.827204794369106544e+00	-3.306525599999999843e-01	1.600071003530005198e+00
1.471471471471471337e-01	3.835321520152115138e+00	-2.853258800000000317e-01	1.730605748865355453e+00
1.481481481481481399e-01	3.842728724000993079e+00	-3.306525599999999843e-01	1.534803630862329848e+00
1.491491491491491461e-01	3.848431465247548644e+00	-2.464744400000000168e-01	1.469536258194654943e+00
1.501501501501501523e-01	3.852310806393021814e+00	-2.529496800000000101e-01	1.665338376197680104e+00
1.511511511511511585e-01	3.854304470913786584e+00	-2.399992000000000236e-01	1.502169944528492396e+00
1.521521521521521647e-01	3.853730015667389264e+00	-2.335239600000000026e-01	1.861140494200705930e+00
1.531531531531531432e-01	3.851119685033908002e+00	-1.622963199999999939e-01	1.665338376197680104e+00
1.541541541541541493e-01	3.848178009077207751e+00	-3.047516000000000114e-01	1.795873121533031025e+00
1.551551551551551555e-01	3.845119219759934648e+00	-1.881972800000000223e-01	1.567437317196167523e+00
1.561561561561561617e-01	3.840762134140043305e+00	-4.990087999999999191e-01	1.697972062531518000e+00
1.571571571571571679e-01	3.834961826921320593e+00	-2.011477600000000088e-01	1.436902571860817046e+00
1.581581581581581464e-01	3.828082733112959435e+00	-3.279152000000000455e-02	1.567437317196167523e+00
1.591591591591591526e-01	3.819943817099718419e+00	-5.221724000000000504e-02	1.273734140191629116e+00
1.601601601601601588e-01	3.810376007198357673e+00	1.031885200000000058e-01	1.567437317196167523e+00
1.611611611611611650e-01	3.799774086966662967e+00	6.433707999999999094e-02	1.436902571860817046e+00
1.621621621621621712e-01	3.789624406924756439e+00	2.326933200000000090e-01	1.306367826525466569e+00
1.631631631631631496e-01	3.781084723060648578e+00	2.262180799999999881e-01	1.306367826525466569e+00
1.641641641641641558e-01	3.774605913665406653e+00	3.621981200000000678e-01	1.273734140191629116e+00
1.651651651651651620e-01	3.771210213551892565e+00	2.974457200000000245e-01	1.143199394856278639e+00
1.661661661661661682e-01	3.770887779602921430e+00	3.751485999999999432e-01	1.012664649520927940e+00
1.671671671671671744e-01	3.772201934962404302e+00	3.427723999999999771e-01	1.045298335854765615e+00
1.681681681681681528e-01	3.773924504612514497e+00	3.492476399999999703e-01	1.045298335854765615e+00
1.691691691691691590e-01	3.775289760578218523e+00	3.751485999999999432e-01	1.110565708522440964e+00
1.701701701701701652e-01	3.776149397214836778e+00	2.780200000000000449e-01	1.012664649520927940e+00
1.711711711711711714e-01	3.776679971219570220e+00	-7.164296000000000553e-02	1.436902571860817046e+00
1.721721721721721776e-01	3.777326780618578628e+00	7.081231999999999804e-02	1.404268885526979593e+00
1.731731731731731838e-01	3.779468924063436486e+00	5.786183999999999772e-02	1.502169944528492396e+00
1.741741741741741623e-01	3.783928340761336884e+00	-4.574200000000000488e-02	1.404268885526979593e+00
1.751751751751751685e-01	3.789781080974465866e+00	-1.817220400000000013e-01	1.665338376197680104e+00
1.761761761761761746e-01	3.796668344012724905e+00	-1.687715600000000149e-01	1.502169944528492396e+00
1.771771771771771808e-01	3.805409307931940877e+00	-3.500782800000000750e-01	1.600071003530005198e+00
1.781781781781781870e-01	3.815662126805779764e+00	-2.464744400000000168e-01	1.632704689863842651e+00
1.791791791791791655e-01	3.825944748326692402e+00	-1.687715600000000149e-01	1.763239435199193128e+00
1.801801801801801717e-01	3.835321627023313695e+00	-2.529496800000000101e-01	1.697972062531518000e+00
1.811811811811811779e-01	3.843502344386401148e+00	-2.982763600000000181e-01	1.632704689863842651e+00
1.821821821821821841e-01	3.849751175731524366e+00	-2.723753999999999897e-01	1.665338376197680104e+00
1.831831831831831903e-01	3.853110907272338181e+00	-3.112268400000000046e-01	1.665338376197680104e+00
1.841841841841841965e-01	3.853913300007565379e+00	-3.371277999999999775e-01	1.567437317196167523e+00
1.851851851851851749e-01	3.853173922585305888e+00	-2.659001599999999965e-01	1.600071003530005198e+00
1.861861861861861811e-01	3.851310644557389029e+00	-2.659001599999999965e-01	1.600071003530005198e+00
1.871871871871871873e-01	3.849041755830655109e+00	-2.076230000000000020e-01	1.502169944528492396e+00
1.881881881881881935e-01	3.846873699814876257e+00	-2.335239600000000026e-01	1.567437317196167523e+00
1.891891891891891997e-01	3.843662945570271550e+00	-2.270487200000000094e-01	1.534803630862329848e+00
1.901901901901901781e-01	3.838462029375981910e+00	-1.881972800000000223e-01	1.567437317196167523e+00
1.911911911911911843e-01	3.831559358954760075e+00	3.843611999999999723e-02	1.502169944528492396e+00
1.921921921921921905e-01	3.823115140642774801e+00	1.253515999999999658e-02	1.502169944528492396e+00
1.931931931931931967e-01	3.813378814473163292e+00	1.485152000000000139e-01	1.502169944528492396e+00
1.941941941941942029e-01	3.803172961579635025e+00	1.549904400000000071e-01	1.404268885526979593e+00
1.951951951951951814e-01	3.793221600330229482e+00	1.355647199999999997e-01	1.241100453857791219e+00
1.961961961961961876e-01	3.784283525595599329e+00	4.140000400000000136e-01	1.404268885526979593e+00
1.971971971971971938e-01	3.777619675143474520e+00	2.003171200000000152e-01	1.110565708522440964e+00
1.981981981981981999e-01	3.773709186625310963e+00	2.585942800000000097e-01	1.502169944528492396e+00
1.991991991991992061e-01	3.771789613935528696e+00	3.751485999999999432e-01	8.821299041855775735e-01
2.002002002002001846e-01	3.771572758014211768e+00	4.140000400000000136e-01	1.077932022188603289e+00
2.012012012012011908e-01	3.773026936007629839e+00	2.974457200000000245e-01	9.800309631870904870e-01
2.022022022022021970e-01	3.774893138334217024e+00	3.427723999999999771e-01	8.821299041855775735e-01
2.032032032032032032e-01	3.775614841932320775e+00	3.816238400000000475e-01	1.045298335854765615e+00
2.042042042042042094e-01	3.775507104482421106e+00	1.420399599999999929e-01	1.371635199193141919e+00
2.052052052052052156e-01	3.776413548339342618e+00	2.548563999999999691e-02	1.306367826525466569e+00
2.062062062062061940e-01	3.779375547861500095e+00	1.485152000000000139e-01	1.436902571860817046e+00
2.072072072072072002e-01	3.784087801710177779e+00	-5.869248000000000520e-02	1.632704689863842651e+00
2.082082082082082064e-01	3.789841494063491023e+00	-8.459344000000000585e-02	1.534803630862329848e+00
2.092092092092092126e-01	3.796624810598911992e+00	-2.205734800000000162e-01	1.600071003530005198e+00
2.102102102102102188e-01	3.805140205599728542e+00	-2.335239600000000026e-01	1.502169944528492396e+00
2.112112112112111972e-01	3.814927510909948083e+00	-2.918011200000000249e-01	1.665338376197680104e+00
2.122122122122122034e-01	3.824153527511468198e+00	-1.881972800000000223e-01	1.600071003530005198e+00
2.132132132132132096e-01	3.832245656943289891e+00	-3.112268400000000046e-01	1.763239435199193128e+00
2.142142142142142158e-01	3.840300729302167593e+00	-3.565535200000000127e-01	1.665338376197680104e+00
2.152152152152152220e-01	3.848032726360752331e+00	-2.853258800000000317e-01	1.763239435199193128e+00
2.162162162162162282e-01	3.853202932846211404e+00	-3.436030400000000262e-01	1.697972062531518000e+00
2.172172172172172067e-01	3.854754634864173468e+00	-1.946725200000000155e-01	1.502169944528492396e+00
2.182182182182182129e-01	3.854150673366556923e+00	-2.853258800000000317e-01	1.697972062531518000e+00
2.192192192192192191e-01	3.852999217367731877e+00	-3.047516000000000114e-01	1.534803630862329848e+00
2.202202202202202252e-01	3.851452779867968523e+00	-1.040191599999999994e-01	1.632704689863842651e+00
2.212212212212212314e-01	3.849282614974131711e+00	-1.558210800000000007e-01	1.600071003530005198e+00
2.222222222222222099e-01	3.845783514592405528e+00	-9.754392000000000618e-02	1.567437317196167523e+00
2.232232232232232161e-01	3.839883429637372281e+00	-7.164296000000000553e-02	1.600071003530005198e+00
2.242242242242242223e-01	3.832315673952175317e+00	-5.869248000000000520e-02	1.534803630862329848e+00
2.252252252252252285e-01	3.824723155363233928e+00	5.138659999999999756e-02	1.469536258194654943e+00
2.262262262262262347e-01	3.816756620624978336e+00	6.059919999999996421e-03	1.567437317196167523e+00
2.272272272272272131e-01	3.807157870733153704e+00	1.938418799999999942e-01	1.371635199193141919e+00
2.282282282282282193e-01	3.796452755888147568e+00	1.161389999999999922e-01	1.371635199193141919e+00
2.292292292292292255e-01	3.786365785139737650e+00	-2.011477600000000088e-01	1.241100453857791219e+00
2.302302302302302317e-01	3.778272887680507619e+00	3.168714400000000042e-01	1.077932022188603289e+00
2.312312312312312379e-01	3.773121473374495771e+00	2.132676000000000016e-01	1.469536258194654943e+00
2.322322322322322163e-01	3.771330026594371887e+00	4.399010000000000420e-01	9.800309631870904870e-01
2.332332332332332225e-01	3.772180422545093226e+00	4.075248000000000759e-01	1.012664649520927940e+00
2.342342342342342287e-01	3.773458536657799733e+00	3.492476399999999703e-01	1.110565708522440964e+00
2.352352352352352349e-01	3.773507575259482660e+00	3.557228800000000746e-01	1.045298335854765615e+00
2.362362362362362411e-01	3.773484825372455553e+00	3.751485999999999432e-01	1.143199394856278639e+00
2.372372372372372473e-01	3.774849264101248547e+00	3.492476399999999703e-01	1.436902571860817046e+00
2.382382382382382258e-01	3.777053071030182174e+00	2.456437999999999955e-01	1.175833081190116092e+00
2.392392392392392320e-01	3.779690020644050463e+00	1.226142399999999993e-01	1.534803630862329848e+00
2.402402402402402382e-01	3.783217037554877482e+00	-1.299201200000000000e-01	1.502169944528492396e+00
2.412412412412412444e-01	3.787776142319493111e+00	-1.234448800000000068e-01	1.502169944528492396e+00
2.422422422422422505e-01	3.793682673971046082e+00	-1.040191599999999994e-01	1.730605748865355453e+00
2.432432432432432290e-01	3.801327090113635343e+00	-2.335239600000000026e-01	1.502169944528492396e+00
2.442442442442442352e-01	3.810033142796080963e+00	-3.500782800000000750e-01	1.730605748865355453e+00
2.452452452452452414e-01	3.818988776696695453e+00	-3.759792400000000478e-01	1.730605748865355453e+00
2.462462462462462476e-01	3.828590718769940615e+00	-3.112268400000000046e-01	1.861140494200705930e+00
2.472472472472472538e-01	3.838302710762614645e+00	-2.918011200000000249e-01	1.600071003530005198e+00
2.482482482482482600e-01	3.845584283469260622e+00	-3.306525599999999843e-01	1.665338376197680104e+00
2.492492492492492384e-01	3.849446909151551743e+00	-2.464744400000000168e-01	1.665338376197680104e+00
2.502502502502502724e-01	3.851354989209851087e+00	-2.464744400000000168e-01	1.600071003530005198e+00
2.512512512512512508e-01	3.851921460318227020e+00	-2.335239600000000026e-01	1.697972062531518000e+00
2.522522522522522292e-01	3.850754871289056691e+00	-2.399992000000000236e-01	1.534803630862329848e+00
2.532532532532532632e-01	3.848511551535734210e+00	-1.817220400000000013e-01	1.534803630862329848e+00
2.542542542542542416e-01	3.846075806783626039e+00	-3.047516000000000114e-01	1.534803630862329848e+00
2.552552552552552756e-01	3.843914856457525175e+00	-2.076230000000000020e-01	1.404268885526979593e+00
2.562562562562562540e-01	3.842132449972071040e+00	-5.119592800000000166e-01	1.763239435199193128e+00
2.572572572572572325e-01	3.838941652224857837e+00	-1.881972800000000223e-01	1.371635199193141919e+00
2.582582582582582664e-01	3.831999305572813430e+00	-5.869248000000000520e-02	1.730605748865355453e+00
2.592592592592592449e-01	3.821523536047133351e+00	-3.926676000000000472e-02	1.534803630862329848e+00
2.602602602602602788e-01	3.809760564073433997e+00	1.226142399999999993e-01	1.567437317196167523e+00
2.612612612612612573e-01	3.798861279426685833e+00	7.081231999999999804e-02	1.371635199193141919e+00
2.622622622622622357e-01	3.789400493214446719e+00	2.456437999999999955e-01	1.273734140191629116e+00
2.632632632632632697e-01	3.780800072203745810e+00	2.197428399999999948e-01	9.800309631870904870e-01
2.642642642642642481e-01	3.774055772762582528e+00	3.751485999999999432e-01	1.273734140191629116e+00
2.652652652652652820e-01	3.771321859943674859e+00	2.909704799999999758e-01	1.012664649520927940e+00
2.662662662662662605e-01	3.771903472440558680e+00	3.686733600000000055e-01	1.241100453857791219e+00
2.672672672672672389e-01	3.772653062898483789e+00	3.427723999999999771e-01	1.077932022188603289e+00
2.682682682682682729e-01	3.772562265638861767e+00	3.492476399999999703e-01	1.175833081190116092e+00
2.692692692692692513e-01	3.772471346569961526e+00	3.816238400000000475e-01	1.273734140191629116e+00
2.702702702702702853e-01	3.772434517630806283e+00	2.780200000000000449e-01	9.473972768532528121e-01
2.712712712712712637e-01	3.773066797016155327e+00	-9.754392000000000618e-02	1.404268885526979593e+00
2.722722722722722422e-01	3.775051278770444885e+00	6.433707999999999094e-02	1.273734140191629116e+00
2.732732732732732761e-01	3.778039364966213842e+00	5.138659999999999756e-02	1.404268885526979593e+00
2.742742742742742545e-01	3.782896411977032525e+00	-3.279152000000000455e-02	1.502169944528492396e+00
2.752752752752752885e-01	3.790262633743033405e+00	-1.881972800000000223e-01	1.665338376197680104e+00
2.762762762762762669e-01	3.798444575127726708e+00	-1.817220400000000013e-01	1.665338376197680104e+00
2.772772772772773009e-01	3.806458616707370179e+00	-3.436030400000000262e-01	1.795873121533031025e+00
2.782782782782782793e-01	3.815236578628643738e+00	-2.335239600000000026e-01	1.567437317196167523e+00
2.792792792792792578e-01	3.825021830914640208e+00	-1.881972800000000223e-01	1.730605748865355453e+00
2.802802802802802917e-01	3.834425974111387525e+00	-2.529496800000000101e-01	1.600071003530005198e+00
2.812812812812812702e-01	3.842136052074193397e+00	-2.853258800000000317e-01	1.697972062531518000e+00
2.822822822822823041e-01	3.848023442511389280e+00	-2.723753999999999897e-01	1.600071003530005198e+00
2.832832832832832826e-01	3.852195313399193299e+00	-3.112268400000000046e-01	1.730605748865355453e+00
2.842842842842842610e-01	3.854302731651990666e+00	-3.436030400000000262e-01	1.567437317196167523e+00
2.852852852852852950e-01	3.854179290127292656e+00	-2.594249200000000033e-01	1.632704689863842651e+00
2.862862862862862734e-01	3.852374498770708033e+00	-2.529496800000000101e-01	1.600071003530005198e+00
2.872872872872873073e-01	3.849779632460967882e+00	-2.205734800000000162e-01	1.600071003530005198e+00
2.882882882882882858e-01	3.846791986329495927e+00	-2.399992000000000236e-01	1.567437317196167523e+00
2.892892892892892642e-01	3.843248450825625717e+00	-2.270487200000000094e-01	1.534803630862329848e+00
2.902902902902902982e-01	3.838724811504811374e+00	-1.946725200000000155e-01	1.502169944528492396e+00
2.912912912912912766e-01	3.832472095362451814e+00	7.081231999999999804e-02	1.534803630862329848e+00
2.922922922922923106e-01	3.824129227644789353e+00	-4.153200000000037417e-04	1.502169944528492396e+00
2.932932932932932890e-01	3.814171378780751631e+00	1.420399599999999929e-01	1.502169944528492396e+00
2.942942942942942675e-01	3.803516500877679007e+00	1.355647199999999997e-01	1.469536258194654943e+00
2.952952952952953014e-01	3.793407966086093985e+00	1.226142399999999993e-01	1.273734140191629116e+00
2.962962962962962798e-01	3.784553624524802817e+00	4.075248000000000759e-01	1.436902571860817046e+00
2.972972972972973138e-01	3.777381627160437461e+00	2.262180799999999881e-01	1.110565708522440964e+00
2.982982982982982922e-01	3.773417764611791458e+00	2.521190400000000165e-01	1.436902571860817046e+00
2.992992992992992707e-01	3.773031536077887438e+00	3.686733600000000055e-01	1.012664649520927940e+00
3.003003003003003046e-01	3.773887546595996234e+00	4.204752800000000068e-01	1.143199394856278639e+00
3.013013013013012831e-01	3.774177005435211729e+00	3.168714400000000042e-01	1.077932022188603289e+00
3.023023023023023170e-01	3.773841160305078102e+00	3.362971600000000394e-01	1.306367826525466569e+00
3.033033033033032955e-01	3.773326991233557859e+00	3.751485999999999432e-01	9.800309631870904870e-01
3.043043043043043294e-01	3.773649696066381232e+00	1.549904400000000071e-01	1.600071003530005198e+00
3.053053053053053079e-01	3.775608896226417155e+00	2.548563999999999691e-02	1.077932022188603289e+00
3.063063063063062863e-01	3.779026644938831669e+00	1.614656800000000003e-01	1.371635199193141919e+00
3.073073073073073203e-01	3.783676366217665787e+00	-3.926676000000000472e-02	1.469536258194654943e+00
3.083083083083082987e-01	3.789610542866192588e+00	-9.106868000000001295e-02	1.339001512859304244e+00
3.093093093093093326e-01	3.796552653947430134e+00	-2.270487200000000094e-01	1.697972062531518000e+00
3.103103103103103111e-01	3.804365749416575238e+00	-2.335239600000000026e-01	1.567437317196167523e+00
3.113113113113112895e-01	3.813262820021737998e+00	-2.918011200000000249e-01	1.926407866868381280e+00
3.123123123123123235e-01	3.822340372368719041e+00	-1.946725200000000155e-01	1.697972062531518000e+00
3.133133133133133019e-01	3.830596982905847270e+00	-3.177020799999999978e-01	1.828506807866868478e+00
3.143143143143143359e-01	3.838572429463898317e+00	-3.371277999999999775e-01	1.600071003530005198e+00
3.153153153153153143e-01	3.846207774595696183e+00	-2.723753999999999897e-01	1.730605748865355453e+00
3.163163163163162928e-01	3.852004200140656032e+00	-3.371277999999999775e-01	1.534803630862329848e+00
3.173173173173173267e-01	3.854807688043902836e+00	-1.752468000000000081e-01	1.632704689863842651e+00
3.183183183183183051e-01	3.854707815139464255e+00	-2.982763600000000181e-01	1.567437317196167523e+00
3.193193193193193391e-01	3.852833139194673517e+00	-2.918011200000000249e-01	1.665338376197680104e+00
3.203203203203203175e-01	3.850145017365955269e+00	-9.754392000000000618e-02	1.730605748865355453e+00
3.213213213213212960e-01	3.846880609113275007e+00	-1.687715600000000149e-01	1.632704689863842651e+00
3.223223223223223299e-01	3.843036682673138582e+00	-9.106868000000001295e-02	1.665338376197680104e+00
3.233233233233233084e-01	3.838570789808042338e+00	-9.754392000000000618e-02	1.502169944528492396e+00
3.243243243243243423e-01	3.833377319372388126e+00	-6.516772000000001230e-02	1.632704689863842651e+00
3.253253253253253208e-01	3.826637445901368118e+00	3.843611999999999723e-02	1.502169944528492396e+00
3.263263263263262992e-01	3.817315357172318180e+00	1.253515999999999658e-02	1.436902571860817046e+00
3.273273273273273332e-01	3.806184677062241839e+00	2.003171200000000152e-01	1.469536258194654943e+00
3.283283283283283116e-01	3.795384112903373630e+00	1.161389999999999922e-01	1.371635199193141919e+00
3.293293293293293456e-01	3.786108879477728006e+00	-2.011477600000000088e-01	1.306367826525466569e+00
3.303303303303303240e-01	3.778271521032725566e+00	3.492476399999999703e-01	1.241100453857791219e+00
3.313313313313313024e-01	3.772290679297989335e+00	2.132676000000000016e-01	1.404268885526979593e+00
3.323323323323323364e-01	3.769897803176229356e+00	4.334257600000001043e-01	9.800309631870904870e-01
3.333333333333333148e-01	3.771567604657052541e+00	4.010495599999999716e-01	1.012664649520927940e+00
3.343343343343343488e-01	3.774526044945605729e+00	3.298219200000001017e-01	1.175833081190116092e+00
3.353353353353353272e-01	3.775506210374619531e+00	3.427723999999999771e-01	1.110565708522440964e+00
3.363363363363363057e-01	3.774366487072851495e+00	3.621981200000000678e-01	1.143199394856278639e+00
3.373373373373373396e-01	3.773506536456906701e+00	3.557228800000000746e-01	1.371635199193141919e+00
3.383383383383383181e-01	3.774877369689349838e+00	2.391685600000000023e-01	1.143199394856278639e+00
3.393393393393393520e-01	3.778220552526133869e+00	1.420399599999999929e-01	1.502169944528492396e+00
3.403403403403403304e-01	3.782007897021554932e+00	-1.428706000000000143e-01	1.469536258194654943e+00
3.413413413413413644e-01	3.786226702653157972e+00	-9.106868000000001295e-02	1.469536258194654943e+00
3.423423423423423428e-01	3.792240597923506318e+00	-1.234448800000000068e-01	1.730605748865355453e+00
3.433433433433433213e-01	3.800384220211384001e+00	-2.140982399999999952e-01	1.534803630862329848e+00
3.443443443443443552e-01	3.809858474456202071e+00	-3.306525599999999843e-01	1.632704689863842651e+00
3.453453453453453337e-01	3.819504592337583215e+00	-3.630287599999999504e-01	1.697972062531518000e+00
3.463463463463463676e-01	3.828571738567148941e+00	-3.241773200000000466e-01	1.567437317196167523e+00
3.473473473473473461e-01	3.836987042249413449e+00	-2.723753999999999897e-01	1.697972062531518000e+00
3.483483483483483245e-01	3.844200122166148592e+00	-3.565535200000000127e-01	1.632704689863842651e+00
3.493493493493493585e-01	3.849297905721041246e+00	-2.335239600000000026e-01	1.632704689863842651e+00
3.503503503503503369e-01	3.852151738362485034e+00	-2.594249200000000033e-01	1.567437317196167523e+00
3.513513513513513709e-01	3.853294793984622935e+00	-2.270487200000000094e-01	1.665338376197680104e+00
3.523523523523523493e-01	3.853213025685457094e+00	-2.205734800000000162e-01	1.665338376197680104e+00
3.533533533533533277e-01	3.852129528986050211e+00	-1.752468000000000081e-01	1.730605748865355453e+00
3.543543543543543617e-01	3.849766306139596583e+00	-3.047516000000000114e-01	1.567437317196167523e+00
3.553553553553553401e-01	3.845924320985328215e+00	-1.817220400000000013e-01	1.730605748865355453e+00
3.563563563563563741e-01	3.841785606906080730e+00	-5.119592800000000166e-01	1.632704689863842651e+00
3.573573573573573525e-01	3.837484929915512932e+00	-2.011477600000000088e-01	1.665338376197680104e+00
3.583583583583583310e-01	3.830389864612782969e+00	-4.574200000000000488e-02	1.469536258194654943e+00
3.593593593593593649e-01	3.819890851076696681e+00	-3.279152000000000455e-02	1.339001512859304244e+00
3.603603603603603434e-01	3.808891432311293901e+00	1.031885200000000058e-01	1.404268885526979593e+00
3.613613613613613773e-01	3.799241490970339807e+00	5.138659999999999756e-02	1.241100453857791219e+00
3.623623623623623557e-01	3.790370236738226595e+00	2.326933200000000090e-01	1.436902571860817046e+00
3.633633633633633342e-01	3.781824198772002710e+00	2.262180799999999881e-01	1.175833081190116092e+00
3.643643643643643681e-01	3.774960931391134533e+00	3.557228800000000746e-01	1.469536258194654943e+00
3.653653653653653466e-01	3.771487732429437578e+00	2.909704799999999758e-01	1.077932022188603289e+00
3.663663663663663805e-01	3.771357265154562821e+00	3.751485999999999432e-01	1.143199394856278639e+00
3.673673673673673590e-01	3.773142767705254030e+00	3.427723999999999771e-01	9.800309631870904870e-01
3.683683683683683929e-01	3.774934350726288024e+00	3.492476399999999703e-01	1.077932022188603289e+00
3.693693693693693714e-01	3.775221733252663636e+00	3.751485999999999432e-01	8.168625315179022239e-01
3.703703703703703498e-01	3.774638967559776237e+00	2.715447599999999961e-01	1.110565708522440964e+00
3.713713713713713838e-01	3.775310947000178441e+00	-9.106868000000001295e-02	1.339001512859304244e+00
3.723723723723723622e-01	3.777852313566338882e+00	5.138659999999999756e-02	1.404268885526979593e+00
3.733733733733733962e-01	3.781060253266377291e+00	6.433707999999999094e-02	1.534803630862329848e+00
3.743743743743743746e-01	3.784794639019446461e+00	-2.631628000000000439e-02	1.600071003530005198e+00
3.753753753753753530e-01	3.790802039704778359e+00	-1.493458400000000075e-01	1.697972062531518000e+00
3.763763763763763870e-01	3.799308575815005806e+00	-1.558210800000000007e-01	1.469536258194654943e+00
3.773773773773773654e-01	3.807728491505565582e+00	-3.695039999999999436e-01	1.632704689863842651e+00
3.783783783783783994e-01	3.814845190901513750e+00	-2.270487200000000094e-01	1.665338376197680104e+00
3.793793793793793778e-01	3.822717664172813556e+00	-1.817220400000000013e-01	1.469536258194654943e+00
3.803803803803803563e-01	3.832564878067413083e+00	-2.529496800000000101e-01	1.763239435199193128e+00
3.813813813813813902e-01	3.842145846278910426e+00	-2.918011200000000249e-01	1.665338376197680104e+00
3.823823823823823687e-01	3.848708785914055408e+00	-2.788506400000000385e-01	1.665338376197680104e+00
3.833833833833834026e-01	3.851931648623108995e+00	-2.982763600000000181e-01	1.730605748865355453e+00
3.843843843843843811e-01	3.852888122709840157e+00	-3.500782800000000750e-01	1.436902571860817046e+00
3.853853853853853595e-01	3.852406062859600855e+00	-2.529496800000000101e-01	1.665338376197680104e+00
3.863863863863863934e-01	3.850976899292376299e+00	-2.529496800000000101e-01	1.469536258194654943e+00
3.873873873873873719e-01	3.848973684825019337e+00	-1.881972800000000223e-01	1.567437317196167523e+00
3.883883883883884058e-01	3.846555926983194595e+00	-2.335239600000000026e-01	1.567437317196167523e+00
3.893893893893893843e-01	3.843166520470047587e+00	-2.076230000000000020e-01	1.567437317196167523e+00
3.903903903903903627e-01	3.838193345341468721e+00	-1.946725200000000155e-01	1.534803630862329848e+00
3.913913913913913967e-01	3.832096914272133059e+00	6.433707999999999094e-02	1.600071003530005198e+00
3.923923923923923751e-01	3.825045017681539594e+00	2.548563999999999691e-02	1.502169944528492396e+00
3.933933933933934091e-01	3.815668040248371806e+00	1.355647199999999997e-01	1.600071003530005198e+00
3.943943943943943875e-01	3.803571359399741780e+00	1.355647199999999997e-01	1.404268885526979593e+00
3.953953953953953659e-01	3.791494021809651560e+00	1.290894800000000064e-01	1.208466767523953767e+00
3.963963963963963999e-01	3.782472327925806788e+00	4.075248000000000759e-01	1.306367826525466569e+00
3.973973973973973783e-01	3.776496010763164435e+00	2.391685600000000023e-01	1.077932022188603289e+00
3.983983983983984123e-01	3.772468998805782903e+00	2.585942800000000097e-01	1.404268885526979593e+00
3.993993993993993907e-01	3.771059269009399362e+00	3.751485999999999432e-01	9.473972768532528121e-01
4.004004004004003692e-01	3.772461528302474498e+00	4.204752800000000068e-01	1.143199394856278639e+00
4.014014014014014031e-01	3.774350892795365287e+00	3.103962000000000110e-01	1.110565708522440964e+00
4.024024024024023816e-01	3.774982481573518012e+00	3.362971600000000394e-01	1.208466767523953767e+00
4.034034034034034155e-01	3.775092289570996407e+00	3.816238400000000475e-01	9.800309631870904870e-01
4.044044044044043940e-01	3.775754985618090309e+00	1.744161599999999868e-01	1.600071003530005198e+00
4.054054054054054279e-01	3.777388550289680236e+00	1.253515999999999658e-02	1.175833081190116092e+00
4.064064064064064064e-01	3.780307984097794893e+00	1.679409199999999935e-01	1.567437317196167523e+00
4.074074074074073848e-01	3.784614830378569827e+00	-3.279152000000000455e-02	1.502169944528492396e+00
4.084084084084084187e-01	3.789853483519149080e+00	-9.754392000000000618e-02	1.632704689863842651e+00
4.094094094094093972e-01	3.795833058357708900e+00	-2.270487200000000094e-01	1.534803630862329848e+00
4.104104104104104311e-01	3.803299477199612699e+00	-2.205734800000000162e-01	1.697972062531518000e+00
4.114114114114114096e-01	3.812460152249812939e+00	-2.723753999999999897e-01	1.632704689863842651e+00
4.124124124124123880e-01	3.822640577008445728e+00	-1.881972800000000223e-01	1.600071003530005198e+00
4.134134134134134220e-01	3.832787163407638698e+00	-3.047516000000000114e-01	1.632704689863842651e+00
4.144144144144144004e-01	3.841182895561978228e+00	-3.565535200000000127e-01	1.436902571860817046e+00
4.154154154154154344e-01	3.847251046234789307e+00	-2.788506400000000385e-01	1.828506807866868478e+00
4.164164164164164128e-01	3.851931952079978849e+00	-3.371277999999999775e-01	1.567437317196167523e+00
4.174174174174173912e-01	3.854721432006249948e+00	-1.946725200000000155e-01	1.730605748865355453e+00
4.184184184184184252e-01	3.854203548265182633e+00	-2.918011200000000249e-01	1.795873121533031025e+00
4.194194194194194036e-01	3.851471048351625459e+00	-2.982763600000000181e-01	1.534803630862329848e+00
4.204204204204204376e-01	3.849061089522969326e+00	-1.104944000000000065e-01	1.632704689863842651e+00
4.214214214214214160e-01	3.847612211340378785e+00	-1.752468000000000081e-01	1.600071003530005198e+00
4.224224224224223945e-01	3.845862739455986112e+00	-8.459344000000000585e-02	1.404268885526979593e+00
4.234234234234234284e-01	3.842234110727426710e+00	-9.106868000000001295e-02	1.697972062531518000e+00
4.244244244244244069e-01	3.835904725975431528e+00	-3.279152000000000455e-02	1.534803630862329848e+00
4.254254254254254408e-01	3.827343870194320097e+00	3.843611999999999723e-02	1.632704689863842651e+00
4.264264264264264193e-01	3.817724680228351986e+00	1.901039999999999675e-02	1.534803630862329848e+00
4.274274274274273977e-01	3.807482720113713803e+00	2.132676000000000016e-01	1.502169944528492396e+00
4.284284284284284317e-01	3.796255255973219445e+00	1.161389999999999922e-01	1.339001512859304244e+00
4.294294294294294101e-01	3.785141395744771486e+00	-1.881972800000000223e-01	1.241100453857791219e+00
4.304304304304304440e-01	3.776817116706968402e+00	3.233466799999999974e-01	1.110565708522440964e+00
4.314314314314314225e-01	3.772615761494905851e+00	2.067923600000000084e-01	1.502169944528492396e+00
4.324324324324324564e-01	3.771898598051838913e+00	4.399010000000000420e-01	1.045298335854765615e+00
4.334334334334334349e-01	3.773093661498118312e+00	4.075248000000000759e-01	1.143199394856278639e+00
4.344344344344344133e-01	3.774011945176146465e+00	3.362971600000000394e-01	1.175833081190116092e+00
4.354354354354354473e-01	3.773551986000140079e+00	3.492476399999999703e-01	1.045298335854765615e+00
4.364364364364364257e-01	3.772941224524384740e+00	3.751485999999999432e-01	1.175833081190116092e+00
4.374374374374374597e-01	3.773669560704277171e+00	3.233466799999999974e-01	1.339001512859304244e+00
4.384384384384384381e-01	3.775579490450913234e+00	2.650695199999999474e-01	1.241100453857791219e+00
4.394394394394394165e-01	3.778360275986520911e+00	1.355647199999999997e-01	1.404268885526979593e+00
4.404404404404404505e-01	3.782565856720124575e+00	-1.299201200000000000e-01	1.534803630862329848e+00
4.414414414414414289e-01	3.787734403933071814e+00	-9.754392000000000618e-02	1.502169944528492396e+00
4.424424424424424629e-01	3.793208851549744853e+00	-1.169696400000000136e-01	1.730605748865355453e+00
4.434434434434434413e-01	3.800398198800083893e+00	-2.205734800000000162e-01	1.567437317196167523e+00
4.444444444444444198e-01	3.810181836439162417e+00	-3.436030400000000262e-01	1.632704689863842651e+00
4.454454454454454537e-01	3.820422085815081470e+00	-3.630287599999999504e-01	1.697972062531518000e+00
4.464464464464464322e-01	3.829008734762628041e+00	-3.306525599999999843e-01	1.665338376197680104e+00
4.474474474474474661e-01	3.836486235374943377e+00	-2.918011200000000249e-01	1.697972062531518000e+00
4.484484484484484446e-01	3.843763849299926871e+00	-3.500782800000000750e-01	1.632704689863842651e+00
4.494494494494494230e-01	3.849712542630625567e+00	-2.399992000000000236e-01	1.600071003530005198e+00
4.504504504504504570e-01	3.852659668504597956e+00	-2.399992000000000236e-01	1.665338376197680104e+00
4.514514514514514354e-01	3.852980490261328494e+00	-2.464744400000000168e-01	1.665338376197680104e+00
4.524524524524524693e-01	3.852274428558738695e+00	-2.270487200000000094e-01	1.502169944528492396e+00
4.534534534534534478e-01	3.851091648126616196e+00	-1.752468000000000081e-01	1.600071003530005198e+00
4.544544544544544262e-01	3.849035470748704668e+00	-3.047516000000000114e-01	1.567437317196167523e+00
4.554554554554554602e-01	3.845775066426266875e+00	-1.817220400000000013e-01	1.567437317196167523e+00
4.564564564564564386e-01	3.841254728369056792e+00	-4.990087999999999191e-01	1.600071003530005198e+00
4.574574574574574726e-01	3.835236560979966569e+00	-1.946725200000000155e-01	1.600071003530005198e+00
4.584584584584584510e-01	3.827615127786861748e+00	-4.574200000000000488e-02	1.534803630862329848e+00
4.594594594594594295e-01	3.819312276941248641e+00	-2.631628000000000439e-02	1.534803630862329848e+00
4.604604604604604634e-01	3.811016334066187561e+00	1.226142399999999993e-01	1.469536258194654943e+00
4.614614614614614418e-01	3.801615882999098250e+00	7.081231999999999804e-02	1.534803630862329848e+00
4.624624624624624758e-01	3.790431828193229435e+00	2.391685600000000023e-01	1.273734140191629116e+00
4.634634634634634542e-01	3.779865396753077533e+00	2.132676000000000016e-01	1.273734140191629116e+00
4.644644644644644327e-01	3.773302836336093868e+00	3.621981200000000678e-01	9.147635905194151373e-01
4.654654654654654666e-01	3.771666242785662426e+00	3.039209600000000178e-01	9.473972768532528121e-01
4.664664664664664451e-01	3.772880689731102688e+00	3.816238400000000475e-01	1.077932022188603289e+00
4.674674674674674790e-01	3.774030507586835448e+00	3.362971600000000394e-01	8.821299041855775735e-01
4.684684684684684575e-01	3.774142741761047137e+00	3.427723999999999771e-01	1.306367826525466569e+00
4.694694694694694914e-01	3.773898560756298259e+00	3.816238400000000475e-01	1.175833081190116092e+00
4.704704704704704699e-01	3.773683419625327495e+00	2.585942800000000097e-01	1.208466767523953767e+00
4.714714714714714483e-01	3.773998687798091112e+00	-1.104944000000000065e-01	1.404268885526979593e+00
4.724724724724724823e-01	3.776013655839572714e+00	6.433707999999999094e-02	1.339001512859304244e+00
4.734734734734734607e-01	3.780220715816831056e+00	7.728756000000000514e-02	1.339001512859304244e+00
4.744744744744744946e-01	3.785909512726182591e+00	-3.279152000000000455e-02	1.469536258194654943e+00
4.754754754754754731e-01	3.792133391024928635e+00	-1.752468000000000081e-01	1.502169944528492396e+00
4.764764764764764515e-01	3.798639768450707610e+00	-1.622963199999999939e-01	1.697972062531518000e+00
4.774774774774774855e-01	3.806434409043301770e+00	-3.500782800000000750e-01	1.697972062531518000e+00
4.784784784784784639e-01	3.816070450520827162e+00	-2.335239600000000026e-01	1.730605748865355453e+00
4.794794794794794979e-01	3.825805385906768219e+00	-1.687715600000000149e-01	1.795873121533031025e+00
4.804804804804804763e-01	3.834245682014530310e+00	-2.464744400000000168e-01	1.632704689863842651e+00
4.814814814814814548e-01	3.841640706934847493e+00	-2.788506400000000385e-01	1.763239435199193128e+00
4.824824824824824887e-01	3.847434967770476888e+00	-2.788506400000000385e-01	1.567437317196167523e+00
4.834834834834834671e-01	3.851038407523662777e+00	-2.982763600000000181e-01	1.600071003530005198e+00
4.844844844844845011e-01	3.852995739615106441e+00	-3.371277999999999775e-01	1.600071003530005198e+00
4.854854854854854795e-01	3.853252516221120416e+00	-2.594249200000000033e-01	1.665338376197680104e+00
4.864864864864864580e-01	3.851605016004360671e+00	-2.529496800000000101e-01	1.600071003530005198e+00
4.874874874874874919e-01	3.848969982904697940e+00	-1.946725200000000155e-01	1.632704689863842651e+00
4.884884884884884704e-01	3.846025031525506677e+00	-2.335239600000000026e-01	1.502169944528492396e+00
4.894894894894895043e-01	3.842342278630457741e+00	-2.270487200000000094e-01	1.665338376197680104e+00
4.904904904904904828e-01	3.837405179656136145e+00	-1.946725200000000155e-01	1.534803630862329848e+00
4.914914914914914612e-01	3.831191579220900589e+00	6.433707999999999094e-02	1.600071003530005198e+00
4.924924924924924952e-01	3.823614063812261765e+00	1.253515999999999658e-02	1.469536258194654943e+00
4.934934934934934736e-01	3.814397093526526561e+00	1.485152000000000139e-01	1.534803630862329848e+00
4.944944944944945076e-01	3.803745338572169121e+00	1.226142399999999993e-01	1.339001512859304244e+00
4.954954954954954860e-01	3.792497838323126036e+00	1.355647199999999997e-01	1.306367826525466569e+00
4.964964964964965199e-01	3.782023051330650087e+00	4.204752800000000068e-01	1.306367826525466569e+00
4.974974974974974984e-01	3.774253124693774719e+00	2.391685600000000023e-01	1.110565708522440964e+00
4.984984984984984768e-01	3.770808902054948231e+00	2.650695199999999474e-01	1.436902571860817046e+00
4.994994994994995108e-01	3.770967437464212146e+00	3.751485999999999432e-01	9.473972768532528121e-01
5.005005005005005447e-01	3.771998764814324279e+00	4.140000400000000136e-01	1.045298335854765615e+00
5.015015015015015232e-01	3.772962990986531651e+00	3.039209600000000178e-01	1.077932022188603289e+00
5.025025025025025016e-01	3.774401026674031101e+00	3.362971600000000394e-01	1.208466767523953767e+00
5.035035035035034801e-01	3.775147977670485933e+00	3.816238400000000475e-01	9.473972768532528121e-01
5.045045045045044585e-01	3.774688345923945310e+00	1.938418799999999942e-01	1.600071003530005198e+00
5.055055055055055480e-01	3.775096901782098779e+00	6.059919999999996421e-03	1.110565708522440964e+00
5.065065065065065264e-01	3.778089367433581369e+00	1.744161599999999868e-01	1.436902571860817046e+00
5.075075075075075048e-01	3.783254635586904779e+00	-3.279152000000000455e-02	1.534803630862329848e+00
5.085085085085084833e-01	3.789177425460909188e+00	-8.459344000000000585e-02	1.600071003530005198e+00
5.095095095095094617e-01	3.795413255026963029e+00	-2.464744400000000168e-01	1.600071003530005198e+00
5.105105105105105512e-01	3.802883598774308371e+00	-2.335239600000000026e-01	1.665338376197680104e+00
5.115115115115115296e-01	3.812157389876600799e+00	-2.918011200000000249e-01	1.567437317196167523e+00
5.125125125125125081e-01	3.822466483899035428e+00	-2.140982399999999952e-01	1.697972062531518000e+00
5.135135135135134865e-01	3.832514474688046402e+00	-3.112268400000000046e-01	1.665338376197680104e+00
5.145145145145144649e-01	3.840970621784006056e+00	-3.565535200000000127e-01	1.795873121533031025e+00
5.155155155155155544e-01	3.846680874635949543e+00	-2.659001599999999965e-01	1.632704689863842651e+00
5.165165165165165329e-01	3.850034266137744687e+00	-3.371277999999999775e-01	1.697972062531518000e+00
5.175175175175175113e-01	3.852560662309794104e+00	-1.881972800000000223e-01	1.534803630862329848e+00
5.185185185185184897e-01	3.854092961678380114e+00	-2.788506400000000385e-01	1.502169944528492396e+00
5.195195195195194682e-01	3.853296862111021959e+00	-2.982763600000000181e-01	1.600071003530005198e+00
5.205205205205205576e-01	3.850785939556147675e+00	-1.234448800000000068e-01	1.502169944528492396e+00
5.215215215215215361e-01	3.848018008209030505e+00	-1.752468000000000081e-01	1.828506807866868478e+00
5.225225225225225145e-01	3.844824135572287194e+00	-9.754392000000000618e-02	1.567437317196167523e+00
5.235235235235234930e-01	3.840482582045733118e+00	-7.164296000000000553e-02	1.763239435199193128e+00
5.245245245245244714e-01	3.834557011235354196e+00	-4.574200000000000488e-02	1.502169944528492396e+00
5.255255255255255609e-01	3.826574624827519422e+00	6.433707999999999094e-02	1.534803630862329848e+00
5.265265265265265393e-01	3.816813307394072208e+00	1.253515999999999658e-02	1.371635199193141919e+00
5.275275275275275177e-01	3.806322522127386865e+00	2.132676000000000016e-01	1.534803630862329848e+00
5.285285285285284962e-01	3.796380364280018682e+00	1.420399599999999929e-01	1.143199394856278639e+00
5.295295295295294746e-01	3.787853696450318441e+00	-1.946725200000000155e-01	1.371635199193141919e+00
5.305305305305305641e-01	3.780323261419928915e+00	3.492476399999999703e-01	1.077932022188603289e+00
5.315315315315315425e-01	3.774229263845347404e+00	2.003171200000000152e-01	1.502169944528492396e+00
5.325325325325325210e-01	3.771645507214021364e+00	4.269505200000000000e-01	1.012664649520927940e+00
5.335335335335334994e-01	3.772409322708102586e+00	4.075248000000000759e-01	1.077932022188603289e+00
5.345345345345344779e-01	3.773697056349831325e+00	3.427723999999999771e-01	1.143199394856278639e+00
5.355355355355355673e-01	3.773535450100183208e+00	3.427723999999999771e-01	1.012664649520927940e+00
5.365365365365365458e-01	3.772574582030488788e+00	3.686733600000000055e-01	7.189614725163894215e-01
5.375375375375375242e-01	3.772780404034297153e+00	3.492476399999999703e-01	1.404268885526979593e+00
5.385385385385385026e-01	3.774748812521123487e+00	2.391685600000000023e-01	1.273734140191629116e+00
5.395395395395394811e-01	3.777857263897272055e+00	1.420399599999999929e-01	1.436902571860817046e+00
5.405405405405405705e-01	3.782062078783665626e+00	-1.299201200000000000e-01	1.632704689863842651e+00
5.415415415415415490e-01	3.787459855989192548e+00	-1.104944000000000065e-01	1.436902571860817046e+00
5.425425425425425274e-01	3.793716775378802364e+00	-9.754392000000000618e-02	1.795873121533031025e+00
5.435435435435435059e-01	3.800875787692862495e+00	-2.399992000000000236e-01	1.502169944528492396e+00
5.445445445445444843e-01	3.809310782261010164e+00	-3.371277999999999775e-01	1.763239435199193128e+00
5.455455455455455738e-01	3.818667455832157831e+00	-3.565535200000000127e-01	1.697972062531518000e+00
5.465465465465465522e-01	3.827872647993390220e+00	-3.047516000000000114e-01	1.665338376197680104e+00
5.475475475475475307e-01	3.836500161221268357e+00	-2.853258800000000317e-01	1.600071003530005198e+00
5.485485485485485091e-01	3.844760580654543514e+00	-3.500782800000000750e-01	1.697972062531518000e+00
5.495495495495495986e-01	3.851383617535597548e+00	-2.399992000000000236e-01	1.567437317196167523e+00
5.505505505505505770e-01	3.854506210585091797e+00	-2.594249200000000033e-01	1.632704689863842651e+00
5.515515515515515554e-01	3.854649091003350847e+00	-2.529496800000000101e-01	1.600071003530005198e+00
5.525525525525525339e-01	3.853580131599081415e+00	-2.140982399999999952e-01	1.502169944528492396e+00
5.535535535535535123e-01	3.851954300217568239e+00	-1.752468000000000081e-01	1.600071003530005198e+00
5.545545545545546018e-01	3.849390975584595420e+00	-3.047516000000000114e-01	1.534803630862329848e+00
5.555555555555555802e-01	3.845621396577499684e+00	-2.011477600000000088e-01	1.567437317196167523e+00
5.565565565565565587e-01	3.841161418032854158e+00	-5.054840400000000233e-01	1.632704689863842651e+00
5.575575575575575371e-01	3.836132283411490818e+00	-1.946725200000000155e-01	1.600071003530005198e+00
5.585585585585585155e-01	3.829492195827927770e+00	-3.279152000000000455e-02	1.534803630862329848e+00
5.595595595595596050e-01	3.820782455639835096e+00	-2.631628000000000439e-02	1.534803630862329848e+00
5.605605605605605835e-01	3.810719856744308132e+00	1.161389999999999922e-01	1.404268885526979593e+00
5.615615615615615619e-01	3.800262642674753000e+00	7.081231999999999804e-02	1.339001512859304244e+00
5.625625625625625403e-01	3.790333624083438213e+00	2.521190400000000165e-01	1.273734140191629116e+00
5.635635635635635188e-01	3.781496527421345455e+00	2.197428399999999948e-01	1.241100453857791219e+00
5.645645645645646082e-01	3.775024893746589338e+00	3.557228800000000746e-01	1.273734140191629116e+00
5.655655655655655867e-01	3.772432608828971912e+00	2.974457200000000245e-01	1.208466767523953767e+00
5.665665665665665651e-01	3.772682814536362894e+00	3.686733600000000055e-01	1.110565708522440964e+00
5.675675675675675436e-01	3.773655668667797336e+00	3.362971600000000394e-01	1.241100453857791219e+00
5.685685685685685220e-01	3.774444290948860026e+00	3.557228800000000746e-01	9.147635905194151373e-01
5.695695695695696115e-01	3.774544872797347850e+00	3.816238400000000475e-01	1.110565708522440964e+00
5.705705705705705899e-01	3.774581065982804517e+00	2.715447599999999961e-01	8.494962178517398987e-01
5.715715715715715683e-01	3.776350142479920624e+00	-9.754392000000000618e-02	1.273734140191629116e+00
5.725725725725725468e-01	3.779526138235467680e+00	7.081231999999999804e-02	1.404268885526979593e+00
5.735735735735735252e-01	3.782192784282199849e+00	4.491135999999999739e-02	1.306367826525466569e+00
5.745745745745746147e-01	3.784845857740082753e+00	-3.926676000000000472e-02	1.730605748865355453e+00
5.755755755755755931e-01	3.789658501569062921e+00	-1.752468000000000081e-01	1.567437317196167523e+00
5.765765765765765716e-01	3.797327438822058365e+00	-1.687715600000000149e-01	1.665338376197680104e+00
5.775775775775775500e-01	3.806766345865076673e+00	-3.500782800000000750e-01	1.665338376197680104e+00
5.785785785785785285e-01	3.816644528980123408e+00	-2.335239600000000026e-01	1.665338376197680104e+00
5.795795795795796179e-01	3.826288654431985403e+00	-2.011477600000000088e-01	1.502169944528492396e+00
5.805805805805805964e-01	3.835458962606880018e+00	-2.399992000000000236e-01	1.697972062531518000e+00
5.815815815815815748e-01	3.843427291540989277e+00	-2.853258800000000317e-01	1.632704689863842651e+00
5.825825825825825532e-01	3.848781115485653270e+00	-2.659001599999999965e-01	1.795873121533031025e+00
5.835835835835835317e-01	3.851544607379775886e+00	-2.982763600000000181e-01	1.665338376197680104e+00
5.845845845845846211e-01	3.852905482460268871e+00	-3.241773200000000466e-01	1.632704689863842651e+00
5.855855855855855996e-01	3.852610509627653723e+00	-2.659001599999999965e-01	1.795873121533031025e+00
5.865865865865865780e-01	3.850800411218210151e+00	-2.529496800000000101e-01	1.436902571860817046e+00
5.875875875875875565e-01	3.848970400889909271e+00	-2.011477600000000088e-01	1.534803630862329848e+00
5.885885885885885349e-01	3.846761140247895394e+00	-2.335239600000000026e-01	1.534803630862329848e+00
5.895895895895896244e-01	3.842981777312658664e+00	-2.205734800000000162e-01	1.534803630862329848e+00
5.905905905905906028e-01	3.837974909257306777e+00	-1.946725200000000155e-01	1.469536258194654943e+00
5.915915915915915813e-01	3.831535946291833916e+00	5.786183999999999772e-02	1.600071003530005198e+00
5.925925925925925597e-01	3.822804999202329412e+00	6.059919999999996421e-03	1.502169944528492396e+00
5.935935935935935381e-01	3.812527747848595272e+00	1.549904400000000071e-01	1.600071003530005198e+00
5.945945945945946276e-01	3.802175508621504996e+00	1.161389999999999922e-01	1.306367826525466569e+00
5.955955955955956060e-01	3.792496924731467711e+00	1.290894800000000064e-01	1.371635199193141919e+00
5.965965965965965845e-01	3.783887541345869465e+00	4.075248000000000759e-01	1.241100453857791219e+00
5.975975975975975629e-01	3.776964307351526884e+00	2.585942800000000097e-01	1.143199394856278639e+00
5.985985985985985414e-01	3.772900767932477084e+00	2.521190400000000165e-01	1.306367826525466569e+00
5.995995995995996308e-01	3.772264719136629196e+00	3.751485999999999432e-01	9.800309631870904870e-01
6.006006006006006093e-01	3.773473832701465192e+00	4.269505200000000000e-01	1.012664649520927940e+00
6.016016016016015877e-01	3.774177094312453296e+00	3.103962000000000110e-01	1.143199394856278639e+00
6.026026026026025662e-01	3.773495018632099907e+00	3.362971600000000394e-01	1.045298335854765615e+00
6.036036036036035446e-01	3.772420564051629288e+00	3.816238400000000475e-01	1.012664649520927940e+00
6.046046046046046341e-01	3.772794838279305729e+00	1.290894800000000064e-01	1.534803630862329848e+00
6.056056056056056125e-01	3.775192882431658070e+00	1.253515999999999658e-02	1.175833081190116092e+00
6.066066066066065909e-01	3.778647445325175269e+00	1.614656800000000003e-01	1.404268885526979593e+00
6.076076076076075694e-01	3.782897099018800446e+00	-3.279152000000000455e-02	1.469536258194654943e+00
6.086086086086086588e-01	3.788558821185858072e+00	-1.169696400000000136e-01	1.567437317196167523e+00
6.096096096096096373e-01	3.795789782926293654e+00	-2.399992000000000236e-01	1.632704689863842651e+00
6.106106106106106157e-01	3.804364435673279310e+00	-2.270487200000000094e-01	1.730605748865355453e+00
6.116116116116115942e-01	3.813601180768201981e+00	-2.788506400000000385e-01	1.665338376197680104e+00
6.126126126126125726e-01	3.822563621078963081e+00	-1.946725200000000155e-01	1.763239435199193128e+00
6.136136136136136621e-01	3.831002400307939482e+00	-3.112268400000000046e-01	1.600071003530005198e+00
6.146146146146146405e-01	3.838906961805468754e+00	-3.565535200000000127e-01	1.600071003530005198e+00
6.156156156156156189e-01	3.845945975726285049e+00	-2.723753999999999897e-01	1.632704689863842651e+00
6.166166166166165974e-01	3.851446468240730336e+00	-3.371277999999999775e-01	1.600071003530005198e+00
6.176176176176175758e-01	3.854300352998534684e+00	-1.817220400000000013e-01	1.567437317196167523e+00
6.186186186186186653e-01	3.854374252477964724e+00	-2.853258800000000317e-01	1.828506807866868478e+00
6.196196196196196437e-01	3.852793526616814734e+00	-3.047516000000000114e-01	1.339001512859304244e+00
6.206206206206206222e-01	3.850195058945267146e+00	-1.104944000000000065e-01	1.730605748865355453e+00
6.216216216216216006e-01	3.846789264195925373e+00	-1.752468000000000081e-01	1.534803630862329848e+00
6.226226226226225791e-01	3.843069995858769961e+00	-9.754392000000000618e-02	1.469536258194654943e+00
6.236236236236236685e-01	3.839158471890001589e+00	-7.811819999999999875e-02	1.469536258194654943e+00
6.246246246246246470e-01	3.833963754109156241e+00	-5.221724000000000504e-02	1.339001512859304244e+00
6.256256256256256254e-01	3.826548120046443291e+00	5.786183999999999772e-02	1.632704689863842651e+00
6.266266266266266038e-01	3.817945212715430081e+00	6.059919999999996421e-03	1.339001512859304244e+00
6.276276276276275823e-01	3.808642016399449659e+00	2.197428399999999948e-01	1.665338376197680104e+00
6.286286286286286717e-01	3.797709388346897974e+00	1.290894800000000064e-01	1.306367826525466569e+00
6.296296296296296502e-01	3.786508567047068397e+00	-1.752468000000000081e-01	1.371635199193141919e+00
6.306306306306306286e-01	3.777908055136259158e+00	3.168714400000000042e-01	1.077932022188603289e+00
6.316316316316316071e-01	3.773289702553824565e+00	2.132676000000000016e-01	1.436902571860817046e+00
6.326326326326325855e-01	3.772262389401113580e+00	4.269505200000000000e-01	8.494962178517398987e-01
6.336336336336336750e-01	3.772700976421535124e+00	4.075248000000000759e-01	1.143199394856278639e+00
6.346346346346346534e-01	3.773247324940817826e+00	3.298219200000001017e-01	8.821299041855775735e-01
6.356356356356356319e-01	3.774397799970854006e+00	3.492476399999999703e-01	1.175833081190116092e+00
6.366366366366366103e-01	3.775492443727347158e+00	3.686733600000000055e-01	1.045298335854765615e+00
6.376376376376375887e-01	3.775678205395536224e+00	3.557228800000000746e-01	1.502169944528492396e+00
6.386386386386386782e-01	3.776091193206125407e+00	2.456437999999999955e-01	1.273734140191629116e+00
6.396396396396396566e-01	3.778007925316302362e+00	1.679409199999999935e-01	1.371635199193141919e+00
6.406406406406406351e-01	3.781962553565103580e+00	-1.169696400000000136e-01	1.502169944528492396e+00
6.416416416416416135e-01	3.787839863263122719e+00	-9.754392000000000618e-02	1.371635199193141919e+00
6.426426426426425920e-01	3.794644256864917686e+00	-1.169696400000000136e-01	1.697972062531518000e+00
6.436436436436436814e-01	3.801790504349733979e+00	-2.205734800000000162e-01	1.632704689863842651e+00
6.446446446446446599e-01	3.809699906571974548e+00	-3.371277999999999775e-01	1.795873121533031025e+00
6.456456456456456383e-01	3.818653636626086367e+00	-3.695039999999999436e-01	1.697972062531518000e+00
6.466466466466466168e-01	3.827955842360971861e+00	-3.241773200000000466e-01	1.730605748865355453e+00
6.476476476476475952e-01	3.836504715230696583e+00	-3.047516000000000114e-01	1.567437317196167523e+00
6.486486486486486847e-01	3.843872290138089731e+00	-3.500782800000000750e-01	1.730605748865355453e+00
6.496496496496496631e-01	3.849697401825358245e+00	-2.270487200000000094e-01	1.502169944528492396e+00
6.506506506506506415e-01	3.853061915877275645e+00	-2.464744400000000168e-01	1.665338376197680104e+00
6.516516516516516200e-01	3.853889210667048815e+00	-2.270487200000000094e-01	1.665338376197680104e+00
6.526526526526525984e-01	3.853097925203989860e+00	-2.205734800000000162e-01	1.665338376197680104e+00
6.536536536536536879e-01	3.851508954506652316e+00	-1.622963199999999939e-01	1.600071003530005198e+00
6.546546546546546663e-01	3.849546731513610265e+00	-2.918011200000000249e-01	1.502169944528492396e+00
6.556556556556556448e-01	3.846544284889682697e+00	-1.817220400000000013e-01	1.534803630862329848e+00
6.566566566566566232e-01	3.841545444283722688e+00	-5.249097599999998920e-01	1.534803630862329848e+00
6.576576576576576016e-01	3.835222076398660196e+00	-1.687715600000000149e-01	1.567437317196167523e+00
6.586586586586586911e-01	3.828704993253438715e+00	-3.926676000000000472e-02	1.534803630862329848e+00
6.596596596596596696e-01	3.821139032255282952e+00	-3.279152000000000455e-02	1.371635199193141919e+00
6.606606606606606480e-01	3.810877268791020622e+00	1.226142399999999993e-01	1.404268885526979593e+00
6.616616616616616264e-01	3.799033389994898702e+00	5.786183999999999772e-02	1.436902571860817046e+00
6.626626626626626049e-01	3.788503643517910913e+00	2.391685600000000023e-01	1.241100453857791219e+00
6.636636636636636943e-01	3.780151912586322105e+00	2.391685600000000023e-01	1.273734140191629116e+00
6.646646646646646728e-01	3.774138389074858768e+00	3.557228800000000746e-01	1.241100453857791219e+00
6.656656656656656512e-01	3.771693285360523618e+00	2.974457200000000245e-01	1.143199394856278639e+00
6.666666666666666297e-01	3.772304624263445483e+00	3.751485999999999432e-01	1.077932022188603289e+00
6.676676676676676081e-01	3.773581736304424172e+00	3.427723999999999771e-01	1.110565708522440964e+00
6.686686686686686976e-01	3.774254515538616239e+00	3.492476399999999703e-01	1.077932022188603289e+00
6.696696696696696760e-01	3.774055079586297268e+00	3.880990800000000407e-01	1.241100453857791219e+00
6.706706706706706544e-01	3.772752486997698718e+00	2.780200000000000449e-01	1.045298335854765615e+00
6.716716716716716329e-01	3.771835635240766038e+00	-1.169696400000000136e-01	1.534803630862329848e+00
6.726726726726726113e-01	3.773960278958942816e+00	6.433707999999999094e-02	1.241100453857791219e+00
6.736736736736737008e-01	3.778824470022990489e+00	5.786183999999999772e-02	1.534803630862329848e+00
6.746746746746746792e-01	3.784106308899931381e+00	-1.336580000000000407e-02	1.436902571860817046e+00
6.756756756756756577e-01	3.790128586897245189e+00	-1.946725200000000155e-01	1.567437317196167523e+00
6.766766766766766361e-01	3.798130681410924137e+00	-1.752468000000000081e-01	1.502169944528492396e+00
6.776776776776777256e-01	3.807314148155191091e+00	-3.565535200000000127e-01	1.502169944528492396e+00
6.786786786786787040e-01	3.816746399436430348e+00	-2.335239600000000026e-01	1.469536258194654943e+00
6.796796796796796825e-01	3.825877177082591452e+00	-1.881972800000000223e-01	1.600071003530005198e+00
6.806806806806806609e-01	3.834044497280167274e+00	-2.335239600000000026e-01	1.861140494200705930e+00
6.816816816816816393e-01	3.841166576197889260e+00	-2.659001599999999965e-01	1.730605748865355453e+00
6.826826826826827288e-01	3.847129771831184541e+00	-2.659001599999999965e-01	1.697972062531518000e+00
6.836836836836837072e-01	3.851302334479979272e+00	-2.853258800000000317e-01	1.600071003530005198e+00
6.846846846846846857e-01	3.853355389125484365e+00	-3.241773200000000466e-01	1.502169944528492396e+00
6.856856856856856641e-01	3.853815796079921085e+00	-2.788506400000000385e-01	1.469536258194654943e+00
6.866866866866866426e-01	3.853097736600859413e+00	-2.399992000000000236e-01	1.795873121533031025e+00
6.876876876876877320e-01	3.851180864804665482e+00	-2.076230000000000020e-01	1.534803630862329848e+00
6.886886886886887105e-01	3.848418034454313297e+00	-2.399992000000000236e-01	1.730605748865355453e+00
6.896896896896896889e-01	3.844404460539384338e+00	-2.140982399999999952e-01	1.665338376197680104e+00
6.906906906906906674e-01	3.838281550084199356e+00	-2.011477600000000088e-01	1.502169944528492396e+00
6.916916916916916458e-01	3.830825648175162357e+00	7.728756000000000514e-02	1.665338376197680104e+00
6.926926926926927353e-01	3.822653681754033972e+00	1.253515999999999658e-02	1.469536258194654943e+00
6.936936936936937137e-01	3.812857787032287060e+00	1.549904400000000071e-01	1.567437317196167523e+00
6.946946946946946921e-01	3.801940417054515020e+00	1.290894800000000064e-01	1.371635199193141919e+00
6.956956956956956706e-01	3.792063343175861245e+00	1.355647199999999997e-01	1.208466767523953767e+00
6.966966966966966490e-01	3.783776697336362904e+00	4.140000400000000136e-01	1.306367826525466569e+00
6.976976976976977385e-01	3.776726691211858888e+00	2.456437999999999955e-01	1.175833081190116092e+00
6.986986986986987169e-01	3.772128212696764127e+00	2.585942800000000097e-01	1.404268885526979593e+00
6.996996996996996954e-01	3.770778575810762145e+00	3.816238400000000475e-01	1.045298335854765615e+00
7.007007007007006738e-01	3.771529164686290958e+00	4.075248000000000759e-01	9.147635905194151373e-01
7.017017017017016522e-01	3.773295305248887122e+00	3.103962000000000110e-01	1.110565708522440964e+00
7.027027027027027417e-01	3.775062961370549974e+00	3.362971600000000394e-01	1.045298335854765615e+00
7.037037037037037202e-01	3.775015664609543631e+00	3.816238400000000475e-01	1.045298335854765615e+00
7.047047047047046986e-01	3.773695404162471068e+00	1.808914000000000077e-01	1.534803630862329848e+00
7.057057057057056770e-01	3.774722110455525304e+00	6.059919999999996421e-03	1.273734140191629116e+00
7.067067067067066555e-01	3.779203306156561304e+00	1.808914000000000077e-01	1.502169944528492396e+00
7.077077077077077449e-01	3.784799341177421450e+00	-2.631628000000000439e-02	1.567437317196167523e+00
7.087087087087087234e-01	3.790177578323465912e+00	-9.754392000000000618e-02	1.534803630862329848e+00
7.097097097097097018e-01	3.795719722539009133e+00	-2.335239600000000026e-01	1.665338376197680104e+00
7.107107107107106803e-01	3.802459586314945739e+00	-2.464744400000000168e-01	1.632704689863842651e+00
7.117117117117116587e-01	3.811282945503417174e+00	-2.723753999999999897e-01	1.632704689863842651e+00
7.127127127127127482e-01	3.821501339503043049e+00	-2.011477600000000088e-01	1.665338376197680104e+00
7.137137137137137266e-01	3.831600185406015324e+00	-3.112268400000000046e-01	1.567437317196167523e+00
7.147147147147147050e-01	3.840494657180363536e+00	-3.500782800000000750e-01	1.632704689863842651e+00
7.157157157157156835e-01	3.847186566692229803e+00	-2.659001599999999965e-01	1.632704689863842651e+00
7.167167167167166619e-01	3.851346131865983846e+00	-3.436030400000000262e-01	1.697972062531518000e+00
7.177177177177177514e-01	3.853786220973619780e+00	-1.687715600000000149e-01	1.534803630862329848e+00
7.187187187187187298e-01	3.855061286211290295e+00	-2.853258800000000317e-01	1.665338376197680104e+00
7.197197197197197083e-01	3.854637727800355407e+00	-3.047516000000000114e-01	1.567437317196167523e+00
7.207207207207206867e-01	3.852027680929151376e+00	-9.754392000000000618e-02	1.926407866868381280e+00
7.217217217217216652e-01	3.847947165137776349e+00	-1.817220400000000013e-01	1.632704689863842651e+00
7.227227227227227546e-01	3.843932561670185599e+00	-8.459344000000000585e-02	1.665338376197680104e+00
7.237237237237237331e-01	3.840403130213794647e+00	-8.459344000000000585e-02	1.632704689863842651e+00
7.247247247247247115e-01	3.835319291555482568e+00	-3.926676000000000472e-02	1.665338376197680104e+00
7.257257257257256899e-01	3.827122178890402626e+00	5.138659999999999756e-02	1.469536258194654943e+00
7.267267267267266684e-01	3.817312976524753321e+00	2.548563999999999691e-02	1.600071003530005198e+00
7.277277277277277578e-01	3.807298426731379859e+00	2.067923600000000084e-01	1.339001512859304244e+00
7.287287287287287363e-01	3.796801846325157381e+00	1.549904400000000071e-01	1.241100453857791219e+00
7.297297297297297147e-01	3.786468847342694399e+00	-1.752468000000000081e-01	1.273734140191629116e+00
7.307307307307306932e-01	3.778131055448289199e+00	3.362971600000000394e-01	9.473972768532528121e-01
7.317317317317316716e-01	3.773198899588396493e+00	2.132676000000000016e-01	1.665338376197680104e+00
7.327327327327327611e-01	3.771831929550673035e+00	4.334257600000001043e-01	9.147635905194151373e-01
7.337337337337337395e-01	3.772449158488603960e+00	4.075248000000000759e-01	1.273734140191629116e+00
7.347347347347347180e-01	3.773098017441819607e+00	3.298219200000001017e-01	1.241100453857791219e+00
7.357357357357356964e-01	3.773490444244254061e+00	3.492476399999999703e-01	1.012664649520927940e+00
7.367367367367367859e-01	3.774309682282166900e+00	3.686733600000000055e-01	9.473972768532528121e-01
7.377377377377377643e-01	3.775519669678979007e+00	3.751485999999999432e-01	1.436902571860817046e+00
7.387387387387387427e-01	3.776646225937246637e+00	2.585942800000000097e-01	1.012664649520927940e+00
7.397397397397397212e-01	3.778193784482504203e+00	1.420399599999999929e-01	1.534803630862329848e+00
7.407407407407406996e-01	3.781487829483296537e+00	-1.169696400000000136e-01	1.469536258194654943e+00
7.417417417417417891e-01	3.786883243982470226e+00	-1.169696400000000136e-01	1.534803630862329848e+00
7.427427427427427675e-01	3.793592146905158113e+00	-1.169696400000000136e-01	1.795873121533031025e+00
7.437437437437437460e-01	3.801489872858359043e+00	-2.205734800000000162e-01	1.567437317196167523e+00
7.447447447447447244e-01	3.810632802403249642e+00	-3.306525599999999843e-01	1.697972062531518000e+00
7.457457457457457028e-01	3.819741333995250177e+00	-3.500782800000000750e-01	1.632704689863842651e+00
7.467467467467467923e-01	3.828428709912299333e+00	-3.112268400000000046e-01	1.665338376197680104e+00
7.477477477477477708e-01	3.837806361375916353e+00	-2.918011200000000249e-01	1.600071003530005198e+00
7.487487487487487492e-01	3.846793032437808790e+00	-3.500782800000000750e-01	1.665338376197680104e+00
7.497497497497497276e-01	3.852508803603054144e+00	-2.399992000000000236e-01	1.600071003530005198e+00
7.507507507507507061e-01	3.854300769414642946e+00	-2.399992000000000236e-01	1.730605748865355453e+00
7.517517517517517955e-01	3.854118973312793184e+00	-2.399992000000000236e-01	1.600071003530005198e+00
7.527527527527527740e-01	3.853616682268377946e+00	-2.205734800000000162e-01	1.828506807866868478e+00
7.537537537537537524e-01	3.852337109433713103e+00	-1.622963199999999939e-01	1.502169944528492396e+00
7.547547547547547309e-01	3.849377112739262863e+00	-2.982763600000000181e-01	1.632704689863842651e+00
7.557557557557557093e-01	3.845527369830922915e+00	-1.881972800000000223e-01	1.469536258194654943e+00
7.567567567567567988e-01	3.842044399865418569e+00	-5.249097599999998920e-01	1.632704689863842651e+00
7.577577577577577772e-01	3.837986345534543098e+00	-1.558210800000000007e-01	1.534803630862329848e+00
7.587587587587587556e-01	3.830899011116827069e+00	-3.926676000000000472e-02	1.502169944528492396e+00
7.597597597597597341e-01	3.820624730236405142e+00	-1.336580000000000407e-02	1.469536258194654943e+00
7.607607607607607125e-01	3.809759537477042102e+00	1.420399599999999929e-01	1.534803630862329848e+00
7.617617617617618020e-01	3.800191288402151368e+00	5.786183999999999772e-02	1.404268885526979593e+00
7.627627627627627804e-01	3.791343302678654492e+00	2.650695199999999474e-01	1.273734140191629116e+00
7.637637637637637589e-01	3.782082378460382976e+00	2.456437999999999955e-01	1.175833081190116092e+00
7.647647647647647373e-01	3.774108918591907891e+00	3.557228800000000746e-01	1.273734140191629116e+00
7.657657657657657158e-01	3.770661567727085828e+00	3.039209600000000178e-01	1.175833081190116092e+00
7.667667667667668052e-01	3.771314498860144138e+00	3.751485999999999432e-01	1.077932022188603289e+00
7.677677677677677837e-01	3.772823443651770692e+00	3.492476399999999703e-01	1.012664649520927940e+00
7.687687687687687621e-01	3.773533895002417093e+00	3.492476399999999703e-01	1.077932022188603289e+00
7.697697697697697405e-01	3.773782065126570995e+00	3.880990800000000407e-01	1.175833081190116092e+00
7.707707707707707190e-01	3.774720913898722330e+00	2.780200000000000449e-01	1.012664649520927940e+00
7.717717717717718084e-01	3.776741080941387718e+00	-9.754392000000000618e-02	1.469536258194654943e+00
7.727727727727727869e-01	3.778761091256532811e+00	3.843611999999999723e-02	1.339001512859304244e+00
7.737737737737737653e-01	3.780609961184178136e+00	3.843611999999999723e-02	1.404268885526979593e+00
7.747747747747747438e-01	3.784278159118557472e+00	-1.336580000000000407e-02	1.534803630862329848e+00
7.757757757757757222e-01	3.791237302826902855e+00	-1.881972800000000223e-01	1.697972062531518000e+00
7.767767767767768117e-01	3.799825966670411503e+00	-1.687715600000000149e-01	1.632704689863842651e+00
7.777777777777777901e-01	3.807239915714763612e+00	-3.565535200000000127e-01	1.795873121533031025e+00
7.787787787787787686e-01	3.813930036529710854e+00	-2.399992000000000236e-01	1.600071003530005198e+00
7.797797797797797470e-01	3.822704789505892098e+00	-1.946725200000000155e-01	1.730605748865355453e+00
7.807807807807807254e-01	3.833356636293468789e+00	-2.464744400000000168e-01	1.600071003530005198e+00
7.817817817817818149e-01	3.842711670071235819e+00	-2.982763600000000181e-01	1.567437317196167523e+00
7.827827827827827933e-01	3.849055168078872935e+00	-2.723753999999999897e-01	1.697972062531518000e+00
7.837837837837837718e-01	3.852731357685430069e+00	-2.918011200000000249e-01	1.534803630862329848e+00
7.847847847847847502e-01	3.854199848644229487e+00	-3.177020799999999978e-01	1.763239435199193128e+00
7.857857857857857287e-01	3.853732828132311550e+00	-2.529496800000000101e-01	1.632704689863842651e+00
7.867867867867868181e-01	3.851960071249799444e+00	-2.399992000000000236e-01	1.697972062531518000e+00
7.877877877877877966e-01	3.849413293855006302e+00	-1.946725200000000155e-01	1.567437317196167523e+00
7.887887887887887750e-01	3.846036012743229371e+00	-2.399992000000000236e-01	1.567437317196167523e+00
7.897897897897897534e-01	3.841711167307024333e+00	-2.270487200000000094e-01	1.502169944528492396e+00
7.907907907907907319e-01	3.836984237104358986e+00	-1.752468000000000081e-01	1.534803630862329848e+00
7.917917917917918214e-01	3.832025869921580785e+00	6.433707999999999094e-02	1.436902571860817046e+00
7.927927927927927998e-01	3.825292382475329322e+00	1.901039999999999675e-02	1.567437317196167523e+00
7.937937937937937782e-01	3.815876948654965517e+00	1.420399599999999929e-01	1.404268885526979593e+00
7.947947947947947567e-01	3.804968989733853668e+00	1.161389999999999922e-01	1.534803630862329848e+00
7.957957957957957351e-01	3.793657037440120838e+00	1.226142399999999993e-01	1.404268885526979593e+00
7.967967967967968246e-01	3.783039090855911279e+00	4.010495599999999716e-01	1.273734140191629116e+00
7.977977977977978030e-01	3.775017984591935161e+00	2.585942800000000097e-01	1.175833081190116092e+00
7.987987987987987815e-01	3.771016212610522000e+00	2.585942800000000097e-01	1.371635199193141919e+00
7.997997997997997599e-01	3.771073566967345414e+00	3.816238400000000475e-01	9.473972768532528121e-01
8.008008008008007383e-01	3.773084283675105954e+00	4.204752800000000068e-01	1.143199394856278639e+00
8.018018018018018278e-01	3.774070420359178168e+00	3.103962000000000110e-01	1.077932022188603289e+00
8.028028028028028062e-01	3.773535090962860217e+00	3.298219200000001017e-01	1.077932022188603289e+00
8.038038038038037847e-01	3.773415404510691573e+00	3.816238400000000475e-01	1.175833081190116092e+00
8.048048048048047631e-01	3.774616664180840964e+00	1.614656800000000003e-01	1.469536258194654943e+00
8.058058058058058526e-01	3.776021357069521134e+00	-4.153200000000037417e-04	1.273734140191629116e+00
8.068068068068068310e-01	3.777712682743640471e+00	1.744161599999999868e-01	1.339001512859304244e+00
8.078078078078078095e-01	3.781949543311778239e+00	-3.279152000000000455e-02	1.567437317196167523e+00
8.088088088088087879e-01	3.789000149054050137e+00	-1.040191599999999994e-01	1.469536258194654943e+00
8.098098098098097664e-01	3.796464865381213638e+00	-2.464744400000000168e-01	1.600071003530005198e+00
8.108108108108108558e-01	3.803487586475537530e+00	-2.399992000000000236e-01	1.534803630862329848e+00
8.118118118118118343e-01	3.811334597175573879e+00	-2.788506400000000385e-01	1.632704689863842651e+00
8.128128128128128127e-01	3.820692544958262271e+00	-2.011477600000000088e-01	1.730605748865355453e+00
8.138138138138137911e-01	3.830545132530867036e+00	-2.982763600000000181e-01	1.665338376197680104e+00
8.148148148148147696e-01	3.839301291709233066e+00	-3.436030400000000262e-01	1.600071003530005198e+00
8.158158158158158590e-01	3.845938033402131584e+00	-2.464744400000000168e-01	1.632704689863842651e+00
8.168168168168168375e-01	3.850115209508974790e+00	-3.306525599999999843e-01	1.632704689863842651e+00
8.178178178178178159e-01	3.852296208430920466e+00	-1.817220400000000013e-01	1.469536258194654943e+00
8.188188188188187944e-01	3.852767565236165925e+00	-2.659001599999999965e-01	1.795873121533031025e+00
8.198198198198197728e-01	3.851444649468732884e+00	-3.047516000000000114e-01	1.502169944528492396e+00
8.208208208208208623e-01	3.849457465109638044e+00	-1.169696400000000136e-01	1.697972062531518000e+00
8.218218218218218407e-01	3.847686761923459819e+00	-2.011477600000000088e-01	1.600071003530005198e+00
8.228228228228228192e-01	3.844920468964991400e+00	-7.811819999999999875e-02	1.567437317196167523e+00
8.238238238238237976e-01	3.840140495252095221e+00	-8.459344000000000585e-02	1.600071003530005198e+00
8.248248248248247760e-01	3.833634774465899397e+00	-3.926676000000000472e-02	1.502169944528492396e+00
8.258258258258258655e-01	3.825612970155433334e+00	4.491135999999999739e-02	1.502169944528492396e+00
8.268268268268268439e-01	3.816395906609007849e+00	3.843611999999999723e-02	1.436902571860817046e+00
8.278278278278278224e-01	3.806580048944446570e+00	2.262180799999999881e-01	1.502169944528492396e+00
8.288288288288288008e-01	3.796461584040376369e+00	1.549904400000000071e-01	1.436902571860817046e+00
8.298298298298297793e-01	3.786433834790171371e+00	-1.687715600000000149e-01	1.371635199193141919e+00
8.308308308308308687e-01	3.777744277353237479e+00	3.492476399999999703e-01	1.208466767523953767e+00
8.318318318318318472e-01	3.772454641830732314e+00	2.067923600000000084e-01	1.436902571860817046e+00
8.328328328328328256e-01	3.771147438686285103e+00	4.334257600000001043e-01	9.473972768532528121e-01
8.338338338338338041e-01	3.771931585007895382e+00	4.010495599999999716e-01	9.473972768532528121e-01
8.348348348348347825e-01	3.773409963573847836e+00	3.427723999999999771e-01	9.473972768532528121e-01
8.358358358358358720e-01	3.774831076596560919e+00	3.492476399999999703e-01	1.143199394856278639e+00
8.368368368368368504e-01	3.774795207214122872e+00	3.686733600000000055e-01	9.800309631870904870e-01
8.378378378378378288e-01	3.773847937054934487e+00	3.621981200000000678e-01	1.534803630862329848e+00
8.388388388388388073e-01	3.774257485643349508e+00	2.326933200000000090e-01	1.175833081190116092e+00
8.398398398398397857e-01	3.776847282716027987e+00	1.679409199999999935e-01	1.632704689863842651e+00
8.408408408408408752e-01	3.781116704006933560e+00	-1.299201200000000000e-01	1.534803630862329848e+00
8.418418418418418536e-01	3.786597722046932457e+00	-1.040191599999999994e-01	1.436902571860817046e+00
8.428428428428428321e-01	3.793189507478014200e+00	-1.169696400000000136e-01	1.567437317196167523e+00
8.438438438438438105e-01	3.801204084518579496e+00	-2.335239600000000026e-01	1.436902571860817046e+00
8.448448448448447889e-01	3.810910698152865983e+00	-3.241773200000000466e-01	1.600071003530005198e+00
8.458458458458458784e-01	3.820905230539596076e+00	-3.565535200000000127e-01	1.730605748865355453e+00
8.468468468468468568e-01	3.828836685701485276e+00	-3.047516000000000114e-01	1.730605748865355453e+00
8.478478478478478353e-01	3.835290547598974698e+00	-2.853258800000000317e-01	1.632704689863842651e+00
8.488488488488488137e-01	3.842394571093341593e+00	-3.565535200000000127e-01	1.730605748865355453e+00
8.498498498498497922e-01	3.848876325693094014e+00	-2.464744400000000168e-01	1.534803630862329848e+00
8.508508508508508816e-01	3.851847477076680626e+00	-2.464744400000000168e-01	1.665338376197680104e+00
8.518518518518518601e-01	3.851666280793656139e+00	-2.205734800000000162e-01	1.567437317196167523e+00
8.528528528528528385e-01	3.850989656463998934e+00	-2.011477600000000088e-01	1.534803630862329848e+00
8.538538538538538170e-01	3.850613212141617669e+00	-1.687715600000000149e-01	1.567437317196167523e+00
8.548548548548547954e-01	3.849192740446361949e+00	-2.659001599999999965e-01	1.600071003530005198e+00
8.558558558558558849e-01	3.845778114654586410e+00	-1.946725200000000155e-01	1.600071003530005198e+00
8.568568568568568633e-01	3.840759526847984162e+00	-5.119592800000000166e-01	1.730605748865355453e+00
8.578578578578578417e-01	3.834860352165178732e+00	-1.752468000000000081e-01	1.436902571860817046e+00
8.588588588588588202e-01	3.827920000926029243e+00	-3.279152000000000455e-02	1.600071003530005198e+00
8.598598598598597986e-01	3.819893770741914274e+00	-1.336580000000000407e-02	1.339001512859304244e+00
8.608608608608608881e-01	3.811355007611994417e+00	1.420399599999999929e-01	1.665338376197680104e+00
8.618618618618618665e-01	3.801848550729368004e+00	7.728756000000000514e-02	1.339001512859304244e+00
8.628628628628628450e-01	3.791440335498695635e+00	2.521190400000000165e-01	1.306367826525466569e+00
8.638638638638638234e-01	3.782069673720142244e+00	2.391685600000000023e-01	1.241100453857791219e+00
8.648648648648649129e-01	3.775276673256184878e+00	3.621981200000000678e-01	1.306367826525466569e+00
8.658658658658658913e-01	3.771589600130925923e+00	2.974457200000000245e-01	1.110565708522440964e+00
8.668668668668668698e-01	3.770901781493400051e+00	3.880990800000000407e-01	1.110565708522440964e+00
8.678678678678678482e-01	3.772286086548191086e+00	3.427723999999999771e-01	1.110565708522440964e+00
8.688688688688688266e-01	3.774006089108731032e+00	3.557228800000000746e-01	1.012664649520927940e+00
8.698698698698699161e-01	3.774405464484462236e+00	3.816238400000000475e-01	1.208466767523953767e+00
8.708708708708708945e-01	3.773973177487320196e+00	2.650695199999999474e-01	1.012664649520927940e+00
8.718718718718718730e-01	3.774374397327493025e+00	-1.104944000000000065e-01	1.404268885526979593e+00
8.728728728728728514e-01	3.776084472179674911e+00	1.901039999999999675e-02	1.306367826525466569e+00
8.738738738738738299e-01	3.779132265771994792e+00	5.138659999999999756e-02	1.404268885526979593e+00
8.748748748748749193e-01	3.783522145963833960e+00	-1.984104000000000423e-02	1.534803630862329848e+00
8.758758758758758978e-01	3.789088472035972988e+00	-1.946725200000000155e-01	1.665338376197680104e+00
8.768768768768768762e-01	3.796166044087294633e+00	-1.622963199999999939e-01	1.534803630862329848e+00
8.778778778778778547e-01	3.804883487275124931e+00	-3.436030400000000262e-01	1.665338376197680104e+00
8.788788788788788331e-01	3.814900344006510124e+00	-2.140982399999999952e-01	1.600071003530005198e+00
8.798798798798799226e-01	3.825610504056731642e+00	-1.881972800000000223e-01	1.730605748865355453e+00
8.808808808808809010e-01	3.835376491165143786e+00	-2.399992000000000236e-01	1.697972062531518000e+00
8.818818818818818794e-01	3.842688208943502381e+00	-2.918011200000000249e-01	1.795873121533031025e+00
8.828828828828828579e-01	3.847674707390204674e+00	-2.659001599999999965e-01	1.600071003530005198e+00
8.838838838838838363e-01	3.850802765330861188e+00	-2.918011200000000249e-01	1.861140494200705930e+00
8.848848848848849258e-01	3.852099203605863664e+00	-3.177020799999999978e-01	1.469536258194654943e+00
8.858858858858859042e-01	3.851946156509533647e+00	-2.399992000000000236e-01	1.600071003530005198e+00
8.868868868868868827e-01	3.850890004430995273e+00	-2.399992000000000236e-01	1.502169944528492396e+00
8.878878878878878611e-01	3.849516584498188898e+00	-1.881972800000000223e-01	1.436902571860817046e+00
8.888888888888888395e-01	3.847866215255460354e+00	-2.399992000000000236e-01	1.861140494200705930e+00
8.898898898898899290e-01	3.844550805930449844e+00	-2.140982399999999952e-01	1.436902571860817046e+00
8.908908908908909074e-01	3.838782064867958699e+00	-2.076230000000000020e-01	1.763239435199193128e+00
8.918918918918918859e-01	3.831611856135246352e+00	7.081231999999999804e-02	1.600071003530005198e+00
8.928928928928928643e-01	3.823547833969811904e+00	2.548563999999999691e-02	1.697972062531518000e+00
8.938938938938938428e-01	3.813848681889809633e+00	1.485152000000000139e-01	1.534803630862329848e+00
8.948948948948949322e-01	3.802765832415047509e+00	9.671327999999999869e-02	1.371635199193141919e+00
8.958958958958959107e-01	3.792022609509603015e+00	1.096637599999999990e-01	1.110565708522440964e+00
8.968968968968968891e-01	3.782948185536607610e+00	3.880990800000000407e-01	1.208466767523953767e+00
8.978978978978978676e-01	3.775980198351889694e+00	2.844952399999999826e-01	1.077932022188603289e+00
8.988988988988988460e-01	3.772092090985412760e+00	2.715447599999999961e-01	1.502169944528492396e+00
8.998998998998999355e-01	3.771952844917356273e+00	3.816238400000000475e-01	1.077932022188603289e+00
9.009009009009009139e-01	3.773410762184020939e+00	4.269505200000000000e-01	1.110565708522440964e+00
9.019019019019018923e-01	3.773687026908250086e+00	3.039209600000000178e-01	1.208466767523953767e+00
9.029029029029028708e-01	3.773009407824088335e+00	3.362971600000000394e-01	1.077932022188603289e+00
9.039039039039038492e-01	3.773163776406511793e+00	3.751485999999999432e-01	1.012664649520927940e+00
9.049049049049049387e-01	3.774935218214946264e+00	1.808914000000000077e-01	1.502169944528492396e+00
9.059059059059059171e-01	3.777914519145523009e+00	-4.153200000000037417e-04	1.110565708522440964e+00
9.069069069069068956e-01	3.781345174256997232e+00	1.744161599999999868e-01	1.436902571860817046e+00
9.079079079079078740e-01	3.785060241267736103e+00	-1.984104000000000423e-02	1.600071003530005198e+00
9.089089089089088525e-01	3.789468242546296217e+00	-9.106868000000001295e-02	1.567437317196167523e+00
9.099099099099099419e-01	3.795143690456477259e+00	-2.335239600000000026e-01	1.697972062531518000e+00
9.109109109109109204e-01	3.802901022017789234e+00	-2.335239600000000026e-01	1.600071003530005198e+00
9.119119119119118988e-01	3.812805527048556797e+00	-2.723753999999999897e-01	1.697972062531518000e+00
9.129129129129128772e-01	3.822907482782634592e+00	-2.011477600000000088e-01	1.567437317196167523e+00
9.139139139139138557e-01	3.831404282516404969e+00	-3.047516000000000114e-01	1.665338376197680104e+00
9.149149149149149451e-01	3.839143560668799360e+00	-3.371277999999999775e-01	1.567437317196167523e+00
9.159159159159159236e-01	3.846839402484749204e+00	-2.659001599999999965e-01	1.730605748865355453e+00
9.169169169169169020e-01	3.852192079646685752e+00	-3.436030400000000262e-01	1.632704689863842651e+00
9.179179179179178805e-01	3.853556042818503169e+00	-1.752468000000000081e-01	1.567437317196167523e+00
9.189189189189188589e-01	3.853009406898379563e+00	-2.853258800000000317e-01	1.600071003530005198e+00
9.199199199199199484e-01	3.852184183789185479e+00	-2.982763600000000181e-01	1.502169944528492396e+00
9.209209209209209268e-01	3.850111322147990567e+00	-1.169696400000000136e-01	1.632704689863842651e+00
9.219219219219219053e-01	3.847007854192376008e+00	-1.622963199999999939e-01	1.632704689863842651e+00
9.229229229229228837e-01	3.844100906792140560e+00	-8.459344000000000585e-02	1.665338376197680104e+00
9.239239239239238621e-01	3.840128985598663558e+00	-7.811819999999999875e-02	1.567437317196167523e+00
9.249249249249249516e-01	3.833716513315302610e+00	-3.279152000000000455e-02	1.567437317196167523e+00
9.259259259259259300e-01	3.826360935807108010e+00	4.491135999999999739e-02	1.502169944528492396e+00
9.269269269269269085e-01	3.818397746545183491e+00	3.843611999999999723e-02	1.502169944528492396e+00
9.279279279279278869e-01	3.807958252696922674e+00	2.132676000000000016e-01	1.404268885526979593e+00
9.289289289289288654e-01	3.796077781592101186e+00	1.614656800000000003e-01	1.339001512859304244e+00
9.299299299299299548e-01	3.785780200922334693e+00	-1.687715600000000149e-01	1.175833081190116092e+00
9.309309309309309333e-01	3.778045252106709828e+00	3.298219200000001017e-01	1.110565708522440964e+00
9.319319319319319117e-01	3.773325530425530872e+00	2.003171200000000152e-01	1.371635199193141919e+00
9.329329329329328901e-01	3.772234458903336307e+00	4.269505200000000000e-01	9.800309631870904870e-01
9.339339339339339796e-01	3.773214375316026103e+00	4.010495599999999716e-01	1.045298335854765615e+00
9.349349349349349581e-01	3.774114066386897726e+00	3.427723999999999771e-01	1.273734140191629116e+00
9.359359359359359365e-01	3.774627000451678871e+00	3.427723999999999771e-01	9.800309631870904870e-01
9.369369369369369149e-01	3.774501702697989902e+00	3.751485999999999432e-01	1.175833081190116092e+00
9.379379379379378934e-01	3.773789603616096500e+00	3.298219200000001017e-01	1.273734140191629116e+00
9.389389389389389828e-01	3.774478054497226953e+00	2.391685600000000023e-01	1.110565708522440964e+00
9.399399399399399613e-01	3.777401359493937072e+00	1.938418799999999942e-01	1.404268885526979593e+00
9.409409409409409397e-01	3.781759506259546821e+00	-1.428706000000000143e-01	1.371635199193141919e+00
9.419419419419419182e-01	3.787513371967667464e+00	-1.104944000000000065e-01	1.632704689863842651e+00
9.429429429429428966e-01	3.794130257687677421e+00	-1.234448800000000068e-01	1.632704689863842651e+00
9.439439439439439861e-01	3.801010596225352867e+00	-2.399992000000000236e-01	1.861140494200705930e+00
9.449449449449449645e-01	3.808805171791622257e+00	-3.241773200000000466e-01	1.730605748865355453e+00
9.459459459459459429e-01	3.817805088658737578e+00	-3.565535200000000127e-01	1.730605748865355453e+00
9.469469469469469214e-01	3.827147406781362893e+00	-3.112268400000000046e-01	1.600071003530005198e+00
9.479479479479478998e-01	3.835685067720209229e+00	-2.788506400000000385e-01	1.632704689863842651e+00
9.489489489489489893e-01	3.842926794957135073e+00	-3.759792400000000478e-01	1.600071003530005198e+00
9.499499499499499677e-01	3.848772991416672618e+00	-2.205734800000000162e-01	1.697972062531518000e+00
9.509509509509509462e-01	3.852852479103651806e+00	-2.529496800000000101e-01	1.632704689863842651e+00
9.519519519519519246e-01	3.854400832620561435e+00	-2.205734800000000162e-01	1.795873121533031025e+00
9.529529529529529031e-01	3.852790974737079654e+00	-2.011477600000000088e-01	1.600071003530005198e+00
9.539539539539539925e-01	3.849363633194264889e+00	-1.622963199999999939e-01	1.632704689863842651e+00
9.549549549549549710e-01	3.846579738509473767e+00	-2.982763600000000181e-01	1.697972062531518000e+00
9.559559559559559494e-01	3.844686548502703971e+00	-1.881972800000000223e-01	1.502169944528492396e+00
9.569569569569569278e-01	3.842090888748182831e+00	-5.119592800000000166e-01	1.632704689863842651e+00
9.579579579579579063e-01	3.837641195444606801e+00	-1.687715600000000149e-01	1.469536258194654943e+00
9.589589589589589957e-01	3.830908385760420476e+00	-2.631628000000000439e-02	1.534803630862329848e+00
9.599599599599599742e-01	3.821863741244498236e+00	-3.279152000000000455e-02	1.436902571860817046e+00
9.609609609609609526e-01	3.811329511592461916e+00	1.549904400000000071e-01	1.534803630862329848e+00
9.619619619619619311e-01	3.800629571312358124e+00	5.138659999999999756e-02	1.436902571860817046e+00
9.629629629629629095e-01	3.790277637641240371e+00	2.585942800000000097e-01	1.339001512859304244e+00
9.639639639639639990e-01	3.780722736280657692e+00	2.650695199999999474e-01	1.175833081190116092e+00
9.649649649649649774e-01	3.773914802121751677e+00	3.427723999999999771e-01	1.273734140191629116e+00
9.659659659659659559e-01	3.771690294456273129e+00	3.039209600000000178e-01	1.012664649520927940e+00
9.669669669669669343e-01	3.772708507288624613e+00	3.751485999999999432e-01	1.143199394856278639e+00
9.679679679679679127e-01	3.773865213465458446e+00	3.298219200000001017e-01	9.800309631870904870e-01
9.689689689689690022e-01	3.774563870630255114e+00	3.492476399999999703e-01	1.045298335854765615e+00
9.699699699699699806e-01	3.775702629243822273e+00	3.816238400000000475e-01	1.143199394856278639e+00
9.709709709709709591e-01	3.776346961431780169e+00	2.585942800000000097e-01	1.012664649520927940e+00
9.719719719719719375e-01	3.775884902442375957e+00	-1.363953600000000210e-01	1.404268885526979593e+00
9.729729729729729160e-01	3.776338384729049480e+00	2.548563999999999691e-02	1.339001512859304244e+00
9.739739739739740054e-01	3.779644690911646343e+00	5.138659999999999756e-02	1.404268885526979593e+00
9.749749749749749839e-01	3.785479374732219959e+00	-1.984104000000000423e-02	1.502169944528492396e+00
9.759759759759759623e-01	3.792030614952009770e+00	-2.140982399999999952e-01	1.697972062531518000e+00
9.769769769769769407e-01	3.798386801235394739e+00	-1.493458400000000075e-01	1.567437317196167523e+00
9.779779779779779192e-01	3.805954379526262699e+00	-3.759792400000000478e-01	1.697972062531518000e+00
9.789789789789790087e-01	3.815509325517058237e+00	-2.335239600000000026e-01	1.632704689863842651e+00
9.799799799799799871e-01	3.825442917362444462e+00	-1.946725200000000155e-01	1.763239435199193128e+00
9.809809809809809655e-01	3.834519977532973911e+00	-2.399992000000000236e-01	1.730605748865355453e+00
9.819819819819819440e-01	3.842622836858087254e+00	-2.788506400000000385e-01	1.665338376197680104e+00
9.829829829829829224e-01	3.848859385953193435e+00	-2.594249200000000033e-01	1.665338376197680104e+00
9.839839839839840119e-01	3.852198939967508728e+00	-2.982763600000000181e-01	1.665338376197680104e+00
9.849849849849849903e-01	3.853374844728933546e+00	-3.177020799999999978e-01	1.534803630862329848e+00
9.859859859859859688e-01	3.853670745933504893e+00	-2.788506400000000385e-01	1.697972062531518000e+00
9.869869869869869472e-01	3.852924099717902173e+00	-2.464744400000000168e-01	1.567437317196167523e+00
9.879879879879879256e-01	3.850318204765767138e+00	-1.817220400000000013e-01	1.763239435199193128e+00
9.889889889889890151e-01	3.846094978429126510e+00	-2.270487200000000094e-01	1.534803630862329848e+00
9.899899899899899935e-01	3.841361916620485317e+00	-2.270487200000000094e-01	1.632704689863842651e+00
9.909909909909909720e-01	3.836502769950744796e+00	-2.011477600000000088e-01	1.436902571860817046e+00
9.919919919919919504e-01	3.830707396840445256e+00	6.433707999999999094e-02	1.534803630862329848e+00
9.929929929929930399e-01	3.823104087131901974e+00	2.548563999999999691e-02	1.469536258194654943e+00
9.939939939939940183e-01	3.814100772669879014e+00	1.549904400000000071e-01	1.371635199193141919e+00
9.949949949949949968e-01	3.804362186640240839e+00	8.376279999999999837e-02	1.534803630862329848e+00
9.959959959959959752e-01	3.793923590413595281e+00	1.161389999999999922e-01	1.208466767523953767e+00
9.969969969969969537e-01	3.783850072181800694e+00	3.945743200000000339e-01	1.534803630862329848e+00
9.979979979979980431e-01	3.776031198166045932e+00	2.715447599999999961e-01	1.110565708522440964e+00
9.989989989989990216e-01	3.772611615757888170e+00	2.650695199999999474e-01	1.469536258194654943e+00
1.000000000000000000e+00	3.773927642277771888e+00	3.816238400000000475e-01	8.821299041855775735e-01
