Time(s)\disp(mm)\Force(Lb)\Force(Lb)
0.000000000000000000e+00	3.775600191724123089e+00	6.147324800000000256e-01	8.494962178517398987e-01
1.001001001001000992e-03	3.779709841368049883e+00	5.953067600000000459e-01	1.208466767523953767e+00
2.002002002002001985e-03	3.785393537043523882e+00	2.974457200000000245e-01	9.800309631870904870e-01
3.003003003003002977e-03	3.793524067008954948e+00	1.873666400000000010e-01	1.436902571860817046e+00
4.004004004004003969e-03	3.802985442091980417e+00	-4.153200000000037417e-04	1.436902571860817046e+00
5.005005005005004962e-03	3.812819269895715735e+00	-1.984104000000000423e-02	1.436902571860817046e+00
6.006006006006005954e-03	3.823130246120778786e+00	-1.104944000000000065e-01	1.404268885526979593e+00
7.007007007007006946e-03	3.833777804310844584e+00	-6.516772000000001230e-02	1.436902571860817046e+00
8.008008008008007939e-03	3.843577048574835064e+00	-1.040191599999999994e-01	1.469536258194654943e+00
9.009009009009008931e-03	3.850147992898224292e+00	-8.459344000000000585e-02	1.502169944528492396e+00
1.001001001001000992e-02	3.852131762628164147e+00	-1.234448800000000068e-01	1.534803630862329848e+00
1.101101101101101092e-02	3.850567153430224376e+00	-7.811819999999999875e-02	1.371635199193141919e+00
1.201201201201201191e-02	3.847265110243734743e+00	-1.040191599999999994e-01	1.404268885526979593e+00
1.301301301301301290e-02	3.842554622239155560e+00	2.003171200000000152e-01	1.339001512859304244e+00
1.401401401401401389e-02	3.835292448732050108e+00	2.780200000000000449e-01	1.241100453857791219e+00
1.501501501501501488e-02	3.824974925323707531e+00	3.168714400000000042e-01	1.175833081190116092e+00
1.601601601601601588e-02	3.812468774032055752e+00	4.010495599999999716e-01	9.800309631870904870e-01
1.701701701701701513e-02	3.799630636649045545e+00	6.665344000000000824e-01	9.147635905194151373e-01
1.801801801801801786e-02	3.788257909760620379e+00	7.118610800000001460e-01	7.189614725163894215e-01
1.901901901901902059e-02	3.779423383031975447e+00	8.996430400000000605e-01	6.536940998487140719e-01
2.002002002002001985e-02	3.774021286377563733e+00	9.579201999999999995e-01	6.536940998487140719e-01
2.102102102102101910e-02	3.772121794312974341e+00	1.106850720000000177e+00	4.578919818456884672e-01
2.202202202202202183e-02	3.772416618774635300e+00	9.773459200000000902e-01	4.905256681795260310e-01
2.302302302302302456e-02	3.773411923003807456e+00	9.255440000000001444e-01	5.557930408472013806e-01
2.402402402402402382e-02	3.774536006598643301e+00	6.600591600000000891e-01	4.905256681795260310e-01
2.502502502502502307e-02	3.776318161297288700e+00	6.082572400000001434e-01	8.821299041855775735e-01
2.602602602602602580e-02	3.780151455854921405e+00	5.888315200000000527e-01	1.143199394856278639e+00
2.702702702702702853e-02	3.786863042891012832e+00	2.909704799999999758e-01	1.143199394856278639e+00
2.802802802802802778e-02	3.795357053715310514e+00	2.003171200000000152e-01	1.371635199193141919e+00
2.902902902902902704e-02	3.804323058022186732e+00	-6.890560000000003904e-03	1.600071003530005198e+00
3.003003003003002977e-02	3.813925066618753412e+00	-4.574200000000000488e-02	1.436902571860817046e+00
3.103103103103103250e-02	3.824507665280362012e+00	-1.104944000000000065e-01	1.502169944528492396e+00
3.203203203203203175e-02	3.835346302424702980e+00	-7.164296000000000553e-02	1.469536258194654943e+00
3.303303303303303101e-02	3.844847538275436349e+00	-1.169696400000000136e-01	1.502169944528492396e+00
3.403403403403403027e-02	3.851340183510210569e+00	-5.221724000000000504e-02	1.502169944528492396e+00
3.503503503503503647e-02	3.854004025853282389e+00	-1.363953600000000210e-01	1.567437317196167523e+00
3.603603603603603572e-02	3.852718132232754833e+00	-7.164296000000000553e-02	1.436902571860817046e+00
3.703703703703703498e-02	3.848142728070346852e+00	-9.754392000000000618e-02	1.436902571860817046e+00
3.803803803803804118e-02	3.841838245689900511e+00	2.003171200000000152e-01	1.241100453857791219e+00
3.903903903903904044e-02	3.834008966556351705e+00	2.650695199999999474e-01	1.208466767523953767e+00
4.004004004004003969e-02	3.823776784097231207e+00	3.298219200000001017e-01	1.143199394856278639e+00
4.104104104104103895e-02	3.811764850390813475e+00	3.880990800000000407e-01	1.045298335854765615e+00
4.204204204204203821e-02	3.799172306258460363e+00	6.600591600000000891e-01	9.473972768532528121e-01
4.304304304304304440e-02	3.787074090344815680e+00	6.924353600000000553e-01	6.863277861825517467e-01
4.404404404404404366e-02	3.777517018592869480e+00	8.931677999999999562e-01	5.884267271810389444e-01
4.504504504504504292e-02	3.772628216785068211e+00	9.643954399999999927e-01	6.210604135148766192e-01
4.604604604604604912e-02	3.772309335320015222e+00	1.087425000000000086e+00	4.578919818456884672e-01
4.704704704704704837e-02	3.773595301446712291e+00	9.708706800000000969e-01	2.620898638426626404e-01
4.804804804804804763e-02	3.773356685970796320e+00	9.125935200000000469e-01	5.884267271810389444e-01
4.904904904904904689e-02	3.772202401878152145e+00	6.276829600000000120e-01	4.578919818456884672e-01
5.005005005005004615e-02	3.773952976198702292e+00	6.017820000000000391e-01	9.473972768532528121e-01
5.105105105105105234e-02	3.779592714627871608e+00	5.758810400000000662e-01	1.110565708522440964e+00
5.205205205205205160e-02	3.786054992777887485e+00	2.974457200000000245e-01	1.273734140191629116e+00
5.305305305305305086e-02	3.792679551499403612e+00	1.938418799999999942e-01	1.339001512859304244e+00
5.405405405405405705e-02	3.801500278641089636e+00	-6.890560000000003904e-03	1.600071003530005198e+00
5.505505505505505631e-02	3.812149001684113081e+00	-2.631628000000000439e-02	1.404268885526979593e+00
5.605605605605605557e-02	3.823016216793059918e+00	-1.104944000000000065e-01	1.567437317196167523e+00
5.705705705705705483e-02	3.833625796510792494e+00	-7.164296000000000553e-02	1.404268885526979593e+00
5.805805805805805409e-02	3.843237321702428932e+00	-1.234448800000000068e-01	1.436902571860817046e+00
5.905905905905906028e-02	3.850057597050397185e+00	-7.164296000000000553e-02	1.502169944528492396e+00
6.006006006006005954e-02	3.852611442330582836e+00	-1.493458400000000075e-01	1.567437317196167523e+00
6.106106106106105880e-02	3.851261536317239997e+00	-5.869248000000000520e-02	1.371635199193141919e+00
6.206206206206206499e-02	3.847235825191239744e+00	-9.754392000000000618e-02	1.404268885526979593e+00
6.306306306306305731e-02	3.840987787054499503e+00	1.873666400000000010e-01	1.273734140191629116e+00
6.406406406406406351e-02	3.832479413054998840e+00	2.521190400000000165e-01	1.143199394856278639e+00
6.506506506506506970e-02	3.821972577526447701e+00	2.844952399999999826e-01	1.143199394856278639e+00
6.606606606606606202e-02	3.810140098259853225e+00	4.010495599999999716e-01	1.045298335854765615e+00
6.706706706706706822e-02	3.797466317440636896e+00	6.341582000000000052e-01	9.147635905194151373e-01
6.806806806806806054e-02	3.784970469754006306e+00	6.794848799999999578e-01	7.189614725163894215e-01
6.906906906906906674e-02	3.775339115762805342e+00	8.802173200000000808e-01	6.536940998487140719e-01
7.007007007007007293e-02	3.770983939293358844e+00	9.579201999999999995e-01	6.536940998487140719e-01
7.107107107107106525e-02	3.771191987950696323e+00	1.080949760000000204e+00	4.905256681795260310e-01
7.207207207207207145e-02	3.772182900109858128e+00	9.643954399999999927e-01	4.905256681795260310e-01
7.307307307307307764e-02	3.771366052428462012e+00	8.996430400000000605e-01	6.210604135148766192e-01
7.407407407407406996e-02	3.770612111372806829e+00	6.535839199999999849e-01	5.557930408472013806e-01
7.507507507507507616e-02	3.772796082514235927e+00	5.888315200000000527e-01	7.515951588502269853e-01
7.607607607607608236e-02	3.778001527548744853e+00	5.694058000000000730e-01	1.110565708522440964e+00
7.707707707707707467e-02	3.784950723268578177e+00	2.780200000000000449e-01	1.077932022188603289e+00
7.807807807807808087e-02	3.792944343891197612e+00	1.873666400000000010e-01	1.371635199193141919e+00
7.907907907907907319e-02	3.801755590512575278e+00	-1.984104000000000423e-02	1.469536258194654943e+00
8.008008008008007939e-02	3.811315078982603133e+00	-4.574200000000000488e-02	1.502169944528492396e+00
8.108108108108108558e-02	3.821752259643580896e+00	-1.104944000000000065e-01	1.502169944528492396e+00
8.208208208208207790e-02	3.832510052318967908e+00	-5.869248000000000520e-02	1.534803630862329848e+00
8.308308308308308410e-02	3.841365842999244329e+00	-1.299201200000000000e-01	1.436902571860817046e+00
8.408408408408407642e-02	3.846713364314549022e+00	-7.811819999999999875e-02	1.567437317196167523e+00
8.508508508508508261e-02	3.849213518531639178e+00	-1.493458400000000075e-01	1.567437317196167523e+00
8.608608608608608881e-02	3.849024724887792903e+00	-7.811819999999999875e-02	1.436902571860817046e+00
8.708708708708708113e-02	3.845240539221855158e+00	-1.104944000000000065e-01	1.339001512859304244e+00
8.808808808808808732e-02	3.838516713480018439e+00	1.938418799999999942e-01	1.241100453857791219e+00
8.908908908908909352e-02	3.830285588642976080e+00	2.650695199999999474e-01	1.241100453857791219e+00
9.009009009009008584e-02	3.820636010945640759e+00	2.909704799999999758e-01	1.143199394856278639e+00
9.109109109109109204e-02	3.809407577533841849e+00	4.140000400000000136e-01	1.045298335854765615e+00
9.209209209209209823e-02	3.797084169911654428e+00	6.276829600000000120e-01	8.821299041855775735e-01
9.309309309309309055e-02	3.784868575083141007e+00	6.989106000000000485e-01	7.842288451840646601e-01
9.409409409409409675e-02	3.775623145798029157e+00	8.802173200000000808e-01	5.884267271810389444e-01
9.509509509509508907e-02	3.771491472614686646e+00	9.449697200000000130e-01	6.863277861825517467e-01
9.609609609609609526e-02	3.770706310698204611e+00	1.080949760000000204e+00	4.252582955118507924e-01
9.709709709709710146e-02	3.770075950282626653e+00	9.579201999999999995e-01	5.557930408472013806e-01
9.809809809809809378e-02	3.768977953328973118e+00	8.931677999999999562e-01	6.210604135148766192e-01
9.909909909909909997e-02	3.769364590136950355e+00	6.989106000000000485e-01	5.884267271810389444e-01
1.001001001001000923e-01	3.772555956625999407e+00	6.147324800000000256e-01	7.842288451840646601e-01
1.011011011011010985e-01	3.777557339632680478e+00	5.823562799999999484e-01	1.077932022188603289e+00
1.021021021021021047e-01	3.783761445118264621e+00	2.715447599999999961e-01	1.143199394856278639e+00
1.031031031031030970e-01	3.791838860044219661e+00	1.873666400000000010e-01	1.436902571860817046e+00
1.041041041041041032e-01	3.801604186433865884e+00	-1.336580000000000407e-02	1.371635199193141919e+00
1.051051051051051094e-01	3.812537681971446268e+00	-3.926676000000000472e-02	1.534803630862329848e+00
1.061061061061061017e-01	3.823849962266154368e+00	-1.234448800000000068e-01	1.502169944528492396e+00
1.071071071071071079e-01	3.833807117101719619e+00	-7.164296000000000553e-02	1.600071003530005198e+00
1.081081081081081141e-01	3.841476362790563481e+00	-1.234448800000000068e-01	1.469536258194654943e+00
1.091091091091091064e-01	3.846908282357763831e+00	-5.221724000000000504e-02	1.502169944528492396e+00
1.101101101101101126e-01	3.849798118880631836e+00	-1.622963199999999939e-01	1.534803630862329848e+00
1.111111111111111049e-01	3.849903573565232495e+00	-7.811819999999999875e-02	1.404268885526979593e+00
1.121121121121121111e-01	3.847476905345672105e+00	-9.754392000000000618e-02	1.436902571860817046e+00
1.131131131131131173e-01	3.842248613100736954e+00	1.744161599999999868e-01	1.208466767523953767e+00
1.141141141141141097e-01	3.833846255578351236e+00	2.585942800000000097e-01	1.208466767523953767e+00
1.151151151151151159e-01	3.823292782869863515e+00	3.039209600000000178e-01	1.077932022188603289e+00
1.161161161161161082e-01	3.811734228123746959e+00	3.945743200000000339e-01	1.012664649520927940e+00
1.171171171171171144e-01	3.799156879922220842e+00	6.471086800000001027e-01	8.821299041855775735e-01
1.181181181181181206e-01	3.786584179495342539e+00	6.859601199999999510e-01	7.515951588502269853e-01
1.191191191191191129e-01	3.777257222407809589e+00	8.607915999999999901e-01	6.210604135148766192e-01
1.201201201201201191e-01	3.773089237859362566e+00	9.449697200000000130e-01	7.515951588502269853e-01
1.211211211211211253e-01	3.772210827906879782e+00	1.074474520000000100e+00	4.252582955118507924e-01
1.221221221221221176e-01	3.772155441280284016e+00	9.579201999999999995e-01	4.252582955118507924e-01
1.231231231231231238e-01	3.772534815774926997e+00	8.931677999999999562e-01	5.884267271810389444e-01
1.241241241241241300e-01	3.773689698363471123e+00	6.924353600000000553e-01	6.863277861825517467e-01
1.251251251251251362e-01	3.775637283067577510e+00	6.082572400000001434e-01	8.494962178517398987e-01
1.261261261261261146e-01	3.778799639321343218e+00	5.694058000000000730e-01	1.077932022188603289e+00
1.271271271271271208e-01	3.784298220629334519e+00	2.844952399999999826e-01	1.143199394856278639e+00
1.281281281281281270e-01	3.792605285133771709e+00	1.808914000000000077e-01	1.339001512859304244e+00
1.291291291291291332e-01	3.802829405794700524e+00	-2.631628000000000439e-02	1.502169944528492396e+00
1.301301301301301394e-01	3.814224030614298488e+00	-5.869248000000000520e-02	1.469536258194654943e+00
1.311311311311311179e-01	3.825998135748516660e+00	-1.040191599999999994e-01	1.469536258194654943e+00
1.321321321321321240e-01	3.836304287032972216e+00	-5.869248000000000520e-02	1.502169944528492396e+00
1.331331331331331302e-01	3.844089211132955430e+00	-1.299201200000000000e-01	1.502169944528492396e+00
1.341341341341341364e-01	3.849475089014400719e+00	-7.811819999999999875e-02	1.436902571860817046e+00
1.351351351351351426e-01	3.852045385660796128e+00	-1.428706000000000143e-01	1.567437317196167523e+00
1.361361361361361211e-01	3.851241738581169471e+00	-8.459344000000000585e-02	1.404268885526979593e+00
1.371371371371371273e-01	3.847271209489822930e+00	-1.040191599999999994e-01	1.404268885526979593e+00
1.381381381381381335e-01	3.840852726077048640e+00	1.614656800000000003e-01	1.273734140191629116e+00
1.391391391391391397e-01	3.832833163933281106e+00	2.521190400000000165e-01	1.273734140191629116e+00
1.401401401401401459e-01	3.823639096557096106e+00	2.780200000000000449e-01	1.175833081190116092e+00
1.411411411411411521e-01	3.813000341270798454e+00	3.880990800000000407e-01	1.045298335854765615e+00
1.421421421421421305e-01	3.800983951112120174e+00	6.406334400000001095e-01	9.473972768532528121e-01
1.431431431431431367e-01	3.789200501986672798e+00	6.730096400000000756e-01	7.515951588502269853e-01
1.441441441441441429e-01	3.780166523888965457e+00	8.802173200000000808e-01	6.210604135148766192e-01
1.451451451451451491e-01	3.775361364651339979e+00	9.384944800000000198e-01	6.863277861825517467e-01
1.461461461461461553e-01	3.773836833576790895e+00	1.067999279999999995e+00	4.905256681795260310e-01
1.471471471471471337e-01	3.773469822064362322e+00	9.514449600000001173e-01	4.905256681795260310e-01
1.481481481481481399e-01	3.773251167152228636e+00	8.866925599999999630e-01	5.884267271810389444e-01
1.491491491491491461e-01	3.773567552025462568e+00	6.665344000000000824e-01	5.557930408472013806e-01
1.501501501501501523e-01	3.775567657142942846e+00	5.823562799999999484e-01	9.473972768532528121e-01
1.511511511511511585e-01	3.779890847425058986e+00	5.564553199999999755e-01	1.110565708522440964e+00
1.521521521521521647e-01	3.786508691089450984e+00	2.521190400000000165e-01	1.110565708522440964e+00
1.531531531531531432e-01	3.795380092578060971e+00	1.614656800000000003e-01	1.241100453857791219e+00
1.541541541541541493e-01	3.805526962126166701e+00	-1.984104000000000423e-02	1.567437317196167523e+00
1.551551551551551555e-01	3.815720152731862047e+00	-4.574200000000000488e-02	1.371635199193141919e+00
1.561561561561561617e-01	3.826002146756746214e+00	-1.234448800000000068e-01	1.567437317196167523e+00
1.571571571571571679e-01	3.836261722901484372e+00	-7.811819999999999875e-02	1.534803630862329848e+00
1.581581581581581464e-01	3.844713010471587200e+00	-1.104944000000000065e-01	1.534803630862329848e+00
1.591591591591591526e-01	3.849907062545506520e+00	-7.811819999999999875e-02	1.502169944528492396e+00
1.601601601601601588e-01	3.852480355770125264e+00	-1.428706000000000143e-01	1.534803630862329848e+00
1.611611611611611650e-01	3.852874238675372265e+00	-7.164296000000000553e-02	1.371635199193141919e+00
1.621621621621621712e-01	3.849892077504309729e+00	-9.754392000000000618e-02	1.404268885526979593e+00
1.631631631631631496e-01	3.843171083428774892e+00	1.744161599999999868e-01	1.241100453857791219e+00
1.641641641641641558e-01	3.834236449764304222e+00	2.456437999999999955e-01	1.273734140191629116e+00
1.651651651651651620e-01	3.823987205520065658e+00	2.974457200000000245e-01	1.143199394856278639e+00
1.661661661661661682e-01	3.811996023428613878e+00	3.816238400000000475e-01	1.012664649520927940e+00
1.671671671671671744e-01	3.799086006272190730e+00	6.471086800000001027e-01	9.473972768532528121e-01
1.681681681681681528e-01	3.787968635199668643e+00	6.665344000000000824e-01	7.842288451840646601e-01
1.691691691691691590e-01	3.780333463377260728e+00	8.737420800000000876e-01	6.210604135148766192e-01
1.701701701701701652e-01	3.775393328916848201e+00	9.255440000000001444e-01	6.863277861825517467e-01
1.711711711711711714e-01	3.772224075197337267e+00	1.055048800000000009e+00	4.578919818456884672e-01
1.721721721721721776e-01	3.771164481538840541e+00	9.579201999999999995e-01	3.926246091780131731e-01
1.731731731731731838e-01	3.771888157352341953e+00	8.931677999999999562e-01	6.210604135148766192e-01
1.741741741741741623e-01	3.773149588605295257e+00	6.794848799999999578e-01	4.578919818456884672e-01
1.751751751751751685e-01	3.775322209163278320e+00	5.953067600000000459e-01	9.800309631870904870e-01
1.761761761761761746e-01	3.779685835892363510e+00	5.564553199999999755e-01	1.110565708522440964e+00
1.771771771771771808e-01	3.785998967047844221e+00	2.780200000000000449e-01	1.175833081190116092e+00
1.781781781781781870e-01	3.793682703474920093e+00	1.614656800000000003e-01	1.371635199193141919e+00
1.791791791791791655e-01	3.802976266346382417e+00	-3.279152000000000455e-02	1.534803630862329848e+00
1.801801801801801717e-01	3.813564167435350427e+00	-5.221724000000000504e-02	1.469536258194654943e+00
1.811811811811811779e-01	3.824252581449786526e+00	-1.299201200000000000e-01	1.436902571860817046e+00
1.821821821821821841e-01	3.834167915186295073e+00	-7.811819999999999875e-02	1.534803630862329848e+00
1.831831831831831903e-01	3.842706700355474236e+00	-1.363953600000000210e-01	1.469536258194654943e+00
1.841841841841841965e-01	3.848735140965627188e+00	-6.516772000000001230e-02	1.502169944528492396e+00
1.851851851851851749e-01	3.851213384036102028e+00	-1.428706000000000143e-01	1.567437317196167523e+00
1.861861861861861811e-01	3.850290599851657447e+00	-9.106868000000001295e-02	1.404268885526979593e+00
1.871871871871871873e-01	3.846954886576507082e+00	-1.299201200000000000e-01	1.371635199193141919e+00
1.881881881881881935e-01	3.841445018493804042e+00	1.744161599999999868e-01	1.273734140191629116e+00
1.891891891891891997e-01	3.833054036748261950e+00	2.456437999999999955e-01	1.208466767523953767e+00
1.901901901901901781e-01	3.821872836215943536e+00	2.780200000000000449e-01	1.241100453857791219e+00
1.911911911911911843e-01	3.809482361004617790e+00	3.880990800000000407e-01	1.045298335854765615e+00
1.921921921921921905e-01	3.797607533864362672e+00	6.147324800000000256e-01	9.473972768532528121e-01
1.931931931931931967e-01	3.786669558732414842e+00	6.665344000000000824e-01	7.842288451840646601e-01
1.941941941941942029e-01	3.777100624820569408e+00	8.543163600000001079e-01	5.884267271810389444e-01
1.951951951951951814e-01	3.771483407836581314e+00	9.125935200000000469e-01	7.189614725163894215e-01
1.961961961961961876e-01	3.771354337768694887e+00	1.055048800000000009e+00	4.905256681795260310e-01
1.971971971971971938e-01	3.773341487881201051e+00	9.514449600000001173e-01	5.231593545133637058e-01
1.981981981981981999e-01	3.773648577041925911e+00	8.737420800000000876e-01	6.536940998487140719e-01
1.991991991991992061e-01	3.773197381359964631e+00	7.312868000000000146e-01	6.210604135148766192e-01
2.002002002002001846e-01	3.774829338182982941e+00	6.082572400000001434e-01	8.168625315179022239e-01
2.012012012012011908e-01	3.779731139311597321e+00	5.694058000000000730e-01	1.143199394856278639e+00
2.022022022022021970e-01	3.787195773240034757e+00	2.780200000000000449e-01	1.175833081190116092e+00
2.032032032032032032e-01	3.795035801064587044e+00	1.614656800000000003e-01	1.404268885526979593e+00
2.042042042042042094e-01	3.802142788182624855e+00	-1.336580000000000407e-02	1.502169944528492396e+00
2.052052052052052156e-01	3.810418411057333810e+00	-6.516772000000001230e-02	1.436902571860817046e+00
2.062062062062061940e-01	3.821365800801181489e+00	-1.299201200000000000e-01	1.469536258194654943e+00
2.072072072072072002e-01	3.833289536407586517e+00	-7.811819999999999875e-02	1.534803630862329848e+00
2.082082082082082064e-01	3.843297398383595187e+00	-1.299201200000000000e-01	1.404268885526979593e+00
2.092092092092092126e-01	3.849623971147064783e+00	-7.811819999999999875e-02	1.502169944528492396e+00
2.102102102102102188e-01	3.852228687375724103e+00	-1.428706000000000143e-01	1.534803630862329848e+00
2.112112112112111972e-01	3.851690485550829379e+00	-7.811819999999999875e-02	1.371635199193141919e+00
2.122122122122122034e-01	3.847799567379485808e+00	-1.040191599999999994e-01	1.404268885526979593e+00
2.132132132132132096e-01	3.840520428416035248e+00	1.808914000000000077e-01	1.273734140191629116e+00
2.142142142142142158e-01	3.831152425740117273e+00	2.585942800000000097e-01	1.208466767523953767e+00
2.152152152152152220e-01	3.821002358404161914e+00	2.715447599999999961e-01	1.143199394856278639e+00
2.162162162162162282e-01	3.810011081092066654e+00	3.880990800000000407e-01	1.045298335854765615e+00
2.172172172172172067e-01	3.797900502803726042e+00	6.147324800000000256e-01	9.473972768532528121e-01
2.182182182182182129e-01	3.786235204645733710e+00	6.471086800000001027e-01	7.515951588502269853e-01
2.192192192192192191e-01	3.777885999855908672e+00	8.478411200000001147e-01	6.536940998487140719e-01
2.202202202202202252e-01	3.773560812269217912e+00	9.190687600000001511e-01	7.189614725163894215e-01
2.212212212212212314e-01	3.771367251196516612e+00	1.055048800000000009e+00	4.578919818456884672e-01
2.222222222222222099e-01	3.770511325100632583e+00	9.514449600000001173e-01	6.210604135148766192e-01
2.232232232232232161e-01	3.771113010579916214e+00	8.607915999999999901e-01	5.557930408472013806e-01
2.242242242242242223e-01	3.772210200443210315e+00	7.312868000000000146e-01	6.536940998487140719e-01
2.252252252252252285e-01	3.774139070359693982e+00	6.017820000000000391e-01	7.189614725163894215e-01
2.262262262262262347e-01	3.778448122434254319e+00	6.017820000000000391e-01	1.241100453857791219e+00
2.272272272272272131e-01	3.784673036913208666e+00	2.521190400000000165e-01	9.800309631870904870e-01
2.282282282282282193e-01	3.792012107227218820e+00	1.679409199999999935e-01	1.502169944528492396e+00
2.292292292292292255e-01	3.801242365369473131e+00	-2.631628000000000439e-02	1.469536258194654943e+00
2.302302302302302317e-01	3.812280126931615776e+00	-4.574200000000000488e-02	1.436902571860817046e+00
2.312312312312312379e-01	3.823436585997827208e+00	-1.299201200000000000e-01	1.534803630862329848e+00
2.322322322322322163e-01	3.833506489297959341e+00	-9.754392000000000618e-02	1.534803630862329848e+00
2.332332332332332225e-01	3.841809375175310404e+00	-1.428706000000000143e-01	1.436902571860817046e+00
2.342342342342342287e-01	3.847296893360412362e+00	-7.164296000000000553e-02	1.502169944528492396e+00
2.352352352352352349e-01	3.849886131700212655e+00	-1.428706000000000143e-01	1.534803630862329848e+00
2.362362362362362411e-01	3.850381601642708151e+00	-8.459344000000000585e-02	1.404268885526979593e+00
2.372372372372372473e-01	3.848288526903175466e+00	-1.040191599999999994e-01	1.469536258194654943e+00
2.382382382382382258e-01	3.842337255352712422e+00	1.485152000000000139e-01	1.273734140191629116e+00
2.392392392392392320e-01	3.833070290563096449e+00	2.456437999999999955e-01	1.208466767523953767e+00
2.402402402402402382e-01	3.822282901280533718e+00	2.909704799999999758e-01	1.143199394856278639e+00
2.412412412412412444e-01	3.810560264078548975e+00	3.880990800000000407e-01	1.045298335854765615e+00
2.422422422422422505e-01	3.797600328337389364e+00	6.212077200000000188e-01	9.473972768532528121e-01
2.432432432432432290e-01	3.784367663623345646e+00	6.600591600000000891e-01	7.515951588502269853e-01
2.442442442442442352e-01	3.774224726628204962e+00	8.478411200000001147e-01	6.210604135148766192e-01
2.452452452452452414e-01	3.769998833109274194e+00	8.996430400000000605e-01	7.842288451840646601e-01
2.462462462462462476e-01	3.770217112992720665e+00	1.035623080000000140e+00	4.578919818456884672e-01
2.472472472472472538e-01	3.771169144476196777e+00	9.449697200000000130e-01	5.231593545133637058e-01
2.482482482482482600e-01	3.770802492442087317e+00	8.607915999999999901e-01	5.884267271810389444e-01
2.492492492492492384e-01	3.770152552490028786e+00	7.053858400000000417e-01	6.210604135148766192e-01
2.502502502502502724e-01	3.772134184811245294e+00	6.276829600000000120e-01	8.821299041855775735e-01
2.512512512512512508e-01	3.777590859329727380e+00	5.435048399999999891e-01	1.241100453857791219e+00
2.522522522522522292e-01	3.784467536893680428e+00	2.650695199999999474e-01	1.143199394856278639e+00
2.532532532532532632e-01	3.791686134938735186e+00	1.614656800000000003e-01	1.306367826525466569e+00
2.542542542542542416e-01	3.800298473885739270e+00	-3.279152000000000455e-02	1.502169944528492396e+00
2.552552552552552756e-01	3.810911446617695209e+00	-5.869248000000000520e-02	1.404268885526979593e+00
2.562562562562562540e-01	3.822614591480799628e+00	-1.299201200000000000e-01	1.534803630862329848e+00
2.572572572572572325e-01	3.833680989171269982e+00	-9.754392000000000618e-02	1.534803630862329848e+00
2.582582582582582664e-01	3.842667101181989064e+00	-1.363953600000000210e-01	1.502169944528492396e+00
2.592592592592592449e-01	3.849291285294214049e+00	-5.869248000000000520e-02	1.469536258194654943e+00
2.602602602602602788e-01	3.853088969046003065e+00	-1.493458400000000075e-01	1.567437317196167523e+00
2.612612612612612573e-01	3.852458792474382943e+00	-7.811819999999999875e-02	1.436902571860817046e+00
2.622622622622622357e-01	3.847449951708771021e+00	-1.104944000000000065e-01	1.404268885526979593e+00
2.632632632632632697e-01	3.840425049876912578e+00	1.614656800000000003e-01	1.241100453857791219e+00
2.642642642642642481e-01	3.832389838094127921e+00	2.197428399999999948e-01	1.273734140191629116e+00
2.652652652652652820e-01	3.822479033575085339e+00	2.780200000000000449e-01	1.208466767523953767e+00
2.662662662662662605e-01	3.810463421507551907e+00	3.751485999999999432e-01	1.012664649520927940e+00
2.672672672672672389e-01	3.797499384616008555e+00	5.953067600000000459e-01	9.800309631870904870e-01
2.682682682682682729e-01	3.785629171518297031e+00	6.535839199999999849e-01	8.168625315179022239e-01
2.692692692692692513e-01	3.777143322951547422e+00	8.348906400000000172e-01	6.536940998487140719e-01
2.702702702702702853e-01	3.773399248898869018e+00	8.931677999999999562e-01	7.515951588502269853e-01
2.712712712712712637e-01	3.772879009090923663e+00	1.042098320000000022e+00	4.252582955118507924e-01
2.722722722722722422e-01	3.772086738450166177e+00	9.320192400000000266e-01	4.252582955118507924e-01
2.732732732732732761e-01	3.770312338986670397e+00	8.543163600000001079e-01	7.189614725163894215e-01
2.742742742742742545e-01	3.770446482585190662e+00	7.183363200000001392e-01	5.557930408472013806e-01
2.752752752752752885e-01	3.774085920305279451e+00	6.017820000000000391e-01	9.473972768532528121e-01
2.762762762762762669e-01	3.779927817364007403e+00	5.564553199999999755e-01	1.077932022188603289e+00
2.772772772772773009e-01	3.786628964262806818e+00	2.650695199999999474e-01	1.175833081190116092e+00
2.782782782782782793e-01	3.794097565235288627e+00	1.485152000000000139e-01	1.339001512859304244e+00
2.792792792792792578e-01	3.802941638204214936e+00	-3.279152000000000455e-02	1.600071003530005198e+00
2.802802802802802917e-01	3.813342081691101004e+00	-7.164296000000000553e-02	1.371635199193141919e+00
2.812812812812812702e-01	3.824666708517699298e+00	-1.363953600000000210e-01	1.436902571860817046e+00
2.822822822822823041e-01	3.835921923321290006e+00	-8.459344000000000585e-02	1.534803630862329848e+00
2.832832832832832826e-01	3.845274698669387536e+00	-1.558210800000000007e-01	1.502169944528492396e+00
2.842842842842842610e-01	3.850978509347952272e+00	-6.516772000000001230e-02	1.502169944528492396e+00
2.852852852852852950e-01	3.852954731111979392e+00	-1.493458400000000075e-01	1.534803630862329848e+00
2.862862862862862734e-01	3.851803490020109244e+00	-7.811819999999999875e-02	1.371635199193141919e+00
2.872872872872873073e-01	3.848156848115119377e+00	-1.169696400000000136e-01	1.436902571860817046e+00
2.882882882882882858e-01	3.842669640548820986e+00	1.485152000000000139e-01	1.241100453857791219e+00
2.892892892892892642e-01	3.834973541029023991e+00	2.391685600000000023e-01	1.241100453857791219e+00
2.902902902902902982e-01	3.824721189735572402e+00	2.844952399999999826e-01	1.143199394856278639e+00
2.912912912912912766e-01	3.812654126948959554e+00	3.686733600000000055e-01	1.012664649520927940e+00
2.922922922922923106e-01	3.799365321008445928e+00	6.082572400000001434e-01	9.800309631870904870e-01
2.932932932932932890e-01	3.786628344532350088e+00	6.276829600000000120e-01	7.189614725163894215e-01
2.942942942942942675e-01	3.777923590744225013e+00	8.348906400000000172e-01	6.863277861825517467e-01
2.952952952952953014e-01	3.774413415101713021e+00	8.996430400000000605e-01	5.884267271810389444e-01
2.962962962962962798e-01	3.773858664811248431e+00	1.035623080000000140e+00	4.905256681795260310e-01
2.972972972972973138e-01	3.773366122517745946e+00	9.320192400000000266e-01	4.905256681795260310e-01
2.982982982982982922e-01	3.772017691170739262e+00	8.478411200000001147e-01	6.536940998487140719e-01
2.992992992992992707e-01	3.771792277135308513e+00	7.118610800000001460e-01	6.210604135148766192e-01
3.003003003003003046e-01	3.774583127498722934e+00	6.017820000000000391e-01	8.168625315179022239e-01
3.013013013013012831e-01	3.779773575724294066e+00	5.629305600000000798e-01	1.175833081190116092e+00
3.023023023023023170e-01	3.786122146067429473e+00	2.391685600000000023e-01	1.143199394856278639e+00
3.033033033033032955e-01	3.793677220523453464e+00	1.485152000000000139e-01	1.371635199193141919e+00
3.043043043043043294e-01	3.802976273893423187e+00	-4.574200000000000488e-02	1.469536258194654943e+00
3.053053053053053079e-01	3.813509325312218312e+00	-5.221724000000000504e-02	1.371635199193141919e+00
3.063063063063062863e-01	3.824129357147957986e+00	-1.363953600000000210e-01	1.469536258194654943e+00
3.073073073073073203e-01	3.834502450876554391e+00	-9.106868000000001295e-02	1.534803630862329848e+00
3.083083083083082987e-01	3.844282394049275187e+00	-1.428706000000000143e-01	1.469536258194654943e+00
3.093093093093093326e-01	3.851800901526421406e+00	-7.164296000000000553e-02	1.534803630862329848e+00
3.103103103103103111e-01	3.855264133053046383e+00	-1.428706000000000143e-01	1.567437317196167523e+00
3.113113113113112895e-01	3.854143097403123441e+00	-8.459344000000000585e-02	1.436902571860817046e+00
3.123123123123123235e-01	3.849510783396622227e+00	-1.169696400000000136e-01	1.436902571860817046e+00
3.133133133133133019e-01	3.842864001809926933e+00	1.485152000000000139e-01	1.306367826525466569e+00
3.143143143143143359e-01	3.834576792557379488e+00	2.585942800000000097e-01	1.241100453857791219e+00
3.153153153153153143e-01	3.824560836505400463e+00	2.909704799999999758e-01	1.208466767523953767e+00
3.163163163163162928e-01	3.812844327067458572e+00	3.751485999999999432e-01	1.045298335854765615e+00
3.173173173173173267e-01	3.800133079128378277e+00	5.888315200000000527e-01	9.473972768532528121e-01
3.183183183183183051e-01	3.788392958582617265e+00	6.341582000000000052e-01	7.515951588502269853e-01
3.193193193193193391e-01	3.779331883263897573e+00	8.284154000000000240e-01	6.536940998487140719e-01
3.203203203203203175e-01	3.773671795840054966e+00	8.931677999999999562e-01	6.863277861825517467e-01
3.213213213213212960e-01	3.771331995012241034e+00	1.022672600000000154e+00	4.905256681795260310e-01
3.223223223223223299e-01	3.771033091458209086e+00	9.320192400000000266e-01	4.252582955118507924e-01
3.233233233233233084e-01	3.771551375137321305e+00	8.413658800000000104e-01	4.578919818456884672e-01
3.243243243243243423e-01	3.773150395876267105e+00	6.989106000000000485e-01	7.189614725163894215e-01
3.253253253253253208e-01	3.776562271778758806e+00	6.017820000000000391e-01	6.863277861825517467e-01
3.263263263263262992e-01	3.781485093206902182e+00	5.499800799999999823e-01	1.306367826525466569e+00
3.273273273273273332e-01	3.787258927868682346e+00	2.456437999999999955e-01	1.208466767523953767e+00
3.283283283283283116e-01	3.794595328334894102e+00	1.420399599999999929e-01	1.469536258194654943e+00
3.293293293293293456e-01	3.804212703964312770e+00	-3.926676000000000472e-02	1.469536258194654943e+00
3.303303303303303240e-01	3.814652715259667204e+00	-7.164296000000000553e-02	1.534803630862329848e+00
3.313313313313313024e-01	3.824773904649937606e+00	-1.363953600000000210e-01	1.436902571860817046e+00
3.323323323323323364e-01	3.835087557679115466e+00	-9.106868000000001295e-02	1.600071003530005198e+00
3.333333333333333148e-01	3.844196811545730341e+00	-1.299201200000000000e-01	1.404268885526979593e+00
3.343343343343343488e-01	3.849655937053217070e+00	-7.164296000000000553e-02	1.534803630862329848e+00
3.353353353353353272e-01	3.851787658852857898e+00	-1.493458400000000075e-01	1.600071003530005198e+00
3.363363363363363057e-01	3.851373379702124122e+00	-7.811819999999999875e-02	1.436902571860817046e+00
3.373373373373373396e-01	3.847873614494804251e+00	-1.234448800000000068e-01	1.469536258194654943e+00
3.383383383383383181e-01	3.841554742172242243e+00	1.420399599999999929e-01	1.306367826525466569e+00
3.393393393393393520e-01	3.832821882430812011e+00	2.262180799999999881e-01	1.273734140191629116e+00
3.403403403403403304e-01	3.821804425154588625e+00	2.715447599999999961e-01	1.143199394856278639e+00
3.413413413413413644e-01	3.809956558991019371e+00	3.621981200000000678e-01	1.045298335854765615e+00
3.423423423423423428e-01	3.798744631983919984e+00	5.888315200000000527e-01	9.147635905194151373e-01
3.433433433433433213e-01	3.788238302280805048e+00	6.341582000000000052e-01	7.842288451840646601e-01
3.443443443443443552e-01	3.779546356893149106e+00	8.154649200000001485e-01	5.557930408472013806e-01
3.453453453453453337e-01	3.774978435437756019e+00	8.866925599999999630e-01	7.515951588502269853e-01
3.463463463463463676e-01	3.773942666670798918e+00	1.022672600000000154e+00	5.231593545133637058e-01
3.473473473473473461e-01	3.773384175332254564e+00	9.190687600000001511e-01	5.884267271810389444e-01
3.483483483483483245e-01	3.772399980154121035e+00	8.348906400000000172e-01	5.557930408472013806e-01
3.493493493493493585e-01	3.772791650771952998e+00	6.794848799999999578e-01	6.536940998487140719e-01
3.503503503503503369e-01	3.775550813458364185e+00	6.017820000000000391e-01	8.168625315179022239e-01
3.513513513513513709e-01	3.779613769099005260e+00	5.370296000000001069e-01	1.241100453857791219e+00
3.523523523523523493e-01	3.784951873905421760e+00	2.585942800000000097e-01	1.143199394856278639e+00
3.533533533533533277e-01	3.792800331208670439e+00	1.420399599999999929e-01	1.404268885526979593e+00
3.543543543543543617e-01	3.802339377466869230e+00	-4.574200000000000488e-02	1.502169944528492396e+00
3.553553553553553401e-01	3.812239624387247172e+00	-7.164296000000000553e-02	1.175833081190116092e+00
3.563563563563563741e-01	3.823266519860195167e+00	-1.234448800000000068e-01	1.502169944528492396e+00
3.573573573573573525e-01	3.835470346872330794e+00	-1.040191599999999994e-01	1.502169944528492396e+00
3.583583583583583310e-01	3.845914537053053195e+00	-1.428706000000000143e-01	1.469536258194654943e+00
3.593593593593593649e-01	3.851445003626081220e+00	-7.164296000000000553e-02	1.469536258194654943e+00
3.603603603603603434e-01	3.852188600327231427e+00	-1.558210800000000007e-01	1.534803630862329848e+00
3.613613613613613773e-01	3.850292456230165250e+00	-7.164296000000000553e-02	1.371635199193141919e+00
3.623623623623623557e-01	3.846259306430856562e+00	-1.104944000000000065e-01	1.436902571860817046e+00
3.633633633633633342e-01	3.839560372992172788e+00	1.549904400000000071e-01	1.273734140191629116e+00
3.643643643643643681e-01	3.831234168751818103e+00	2.391685600000000023e-01	1.241100453857791219e+00
3.653653653653653466e-01	3.822306232258913194e+00	2.585942800000000097e-01	1.273734140191629116e+00
3.663663663663663805e-01	3.811897239400363624e+00	3.686733600000000055e-01	1.012664649520927940e+00
3.673673673673673590e-01	3.799400869397785208e+00	5.823562799999999484e-01	9.473972768532528121e-01
3.683683683683683929e-01	3.786545487802437382e+00	6.212077200000000188e-01	7.842288451840646601e-01
3.693693693693693714e-01	3.776779836165373272e+00	8.025144400000000511e-01	6.536940998487140719e-01
3.703703703703703498e-01	3.772322021310309914e+00	8.802173200000000808e-01	6.536940998487140719e-01
3.713713713713713838e-01	3.771485734166452275e+00	1.016197360000000049e+00	4.905256681795260310e-01
3.723723723723723622e-01	3.770942944258421914e+00	9.190687600000001511e-01	5.884267271810389444e-01
3.733733733733733962e-01	3.769835565591100224e+00	8.284154000000000240e-01	5.884267271810389444e-01
3.743743743743743746e-01	3.770022921025515839e+00	7.053858400000000417e-01	5.884267271810389444e-01
3.753753753753753530e-01	3.773321703023953422e+00	5.694058000000000730e-01	8.168625315179022239e-01
3.763763763763763870e-01	3.779431203764447300e+00	5.435048399999999891e-01	1.045298335854765615e+00
3.773773773773773654e-01	3.786672908767118262e+00	2.391685600000000023e-01	1.208466767523953767e+00
3.783783783783783994e-01	3.794155386672847019e+00	1.355647199999999997e-01	1.306367826525466569e+00
3.793793793793793778e-01	3.802605833029800930e+00	-4.574200000000000488e-02	1.697972062531518000e+00
3.803803803803803563e-01	3.812655411235447378e+00	-8.459344000000000585e-02	1.436902571860817046e+00
3.813813813813813902e-01	3.823292173340391731e+00	-1.428706000000000143e-01	1.600071003530005198e+00
3.823823823823823687e-01	3.833293281178694833e+00	-1.040191599999999994e-01	1.404268885526979593e+00
3.833833833833834026e-01	3.842148738889463289e+00	-1.493458400000000075e-01	1.534803630862329848e+00
3.843843843843843811e-01	3.849037213202037844e+00	-7.164296000000000553e-02	1.469536258194654943e+00
3.853853853853853595e-01	3.853012494651956388e+00	-1.558210800000000007e-01	1.534803630862329848e+00
3.863863863863863934e-01	3.853534577590144838e+00	-9.754392000000000618e-02	1.436902571860817046e+00
3.873873873873873719e-01	3.850099871225315162e+00	-1.104944000000000065e-01	1.436902571860817046e+00
3.883883883883884058e-01	3.842587965573218689e+00	1.420399599999999929e-01	1.306367826525466569e+00
3.893893893893893843e-01	3.832457548556442273e+00	2.326933200000000090e-01	1.241100453857791219e+00
3.903903903903903627e-01	3.821807441159410068e+00	2.715447599999999961e-01	1.175833081190116092e+00
3.913913913913913967e-01	3.810752660936600478e+00	3.686733600000000055e-01	1.012664649520927940e+00
3.923923923923923751e-01	3.798529667983886249e+00	5.564553199999999755e-01	9.147635905194151373e-01
3.933933933933934091e-01	3.786335090771297818e+00	6.276829600000000120e-01	7.842288451840646601e-01
3.943943943943943875e-01	3.776651347739177655e+00	7.960392000000000579e-01	6.536940998487140719e-01
3.953953953953953659e-01	3.771383560241430288e+00	8.672668400000000943e-01	7.189614725163894215e-01
3.963963963963963999e-01	3.770618799847910374e+00	1.009722120000000167e+00	5.231593545133637058e-01
3.973973973973973783e-01	3.771765975123615000e+00	9.061182800000000537e-01	4.905256681795260310e-01
3.983983983983984123e-01	3.771820238209068421e+00	8.348906400000000172e-01	6.536940998487140719e-01
3.993993993993993907e-01	3.771041329482456295e+00	6.924353600000000553e-01	5.557930408472013806e-01
4.004004004004003692e-01	3.772316866793126167e+00	6.017820000000000391e-01	8.168625315179022239e-01
4.014014014014014031e-01	3.777515854736833489e+00	5.305543600000000026e-01	1.175833081190116092e+00
4.024024024024023816e-01	3.785699120954894248e+00	2.391685600000000023e-01	1.208466767523953767e+00
4.034034034034034155e-01	3.794592807223148956e+00	1.290894800000000064e-01	1.371635199193141919e+00
4.044044044044043940e-01	3.803598908124884659e+00	-5.869248000000000520e-02	1.502169944528492396e+00
4.054054054054054279e-01	3.813618947820986982e+00	-7.164296000000000553e-02	1.436902571860817046e+00
4.064064064064064064e-01	3.824161998591203204e+00	-1.363953600000000210e-01	1.534803630862329848e+00
4.074074074074073848e-01	3.833765484554117808e+00	-9.754392000000000618e-02	1.567437317196167523e+00
4.084084084084084187e-01	3.841791200298604103e+00	-1.493458400000000075e-01	1.469536258194654943e+00
4.094094094094093972e-01	3.847749522653573617e+00	-7.164296000000000553e-02	1.502169944528492396e+00
4.104104104104104311e-01	3.850942479226818538e+00	-1.687715600000000149e-01	1.567437317196167523e+00
4.114114114114114096e-01	3.850752252347069859e+00	-8.459344000000000585e-02	1.371635199193141919e+00
4.124124124124123880e-01	3.846986749199468925e+00	-1.169696400000000136e-01	1.404268885526979593e+00
4.134134134134134220e-01	3.840497077263257619e+00	1.485152000000000139e-01	1.306367826525466569e+00
4.144144144144144004e-01	3.832297410389903458e+00	2.326933200000000090e-01	1.208466767523953767e+00
4.154154154154154344e-01	3.822917053954461686e+00	2.650695199999999474e-01	1.208466767523953767e+00
4.164164164164164128e-01	3.812317545672068597e+00	3.557228800000000746e-01	1.110565708522440964e+00
4.174174174174173912e-01	3.799817367532629220e+00	5.823562799999999484e-01	9.800309631870904870e-01
4.184184184184184252e-01	3.786305830253604565e+00	6.082572400000001434e-01	8.168625315179022239e-01
4.194194194194194036e-01	3.775342736520501230e+00	7.960392000000000579e-01	5.884267271810389444e-01
4.204204204204204376e-01	3.769994238612118576e+00	8.672668400000000943e-01	7.842288451840646601e-01
4.214214214214214160e-01	3.769655568742397822e+00	1.009722120000000167e+00	5.557930408472013806e-01
4.224224224224223945e-01	3.770931255688608541e+00	8.996430400000000605e-01	5.231593545133637058e-01
4.234234234234234284e-01	3.771381037191989360e+00	8.284154000000000240e-01	7.842288451840646601e-01
4.244244244244244069e-01	3.771584479712716487e+00	7.053858400000000417e-01	6.536940998487140719e-01
4.254254254254254408e-01	3.773406237711504740e+00	5.888315200000000527e-01	9.473972768532528121e-01
4.264264264264264193e-01	3.777600739079888470e+00	5.370296000000001069e-01	1.045298335854765615e+00
4.274274274274273977e-01	3.783783873611049842e+00	2.262180799999999881e-01	1.143199394856278639e+00
4.284284284284284317e-01	3.791867640074818802e+00	1.355647199999999997e-01	1.339001512859304244e+00
4.294294294294294101e-01	3.802292045251386643e+00	-5.221724000000000504e-02	1.697972062531518000e+00
4.304304304304304440e-01	3.813994313200383068e+00	-1.040191599999999994e-01	1.502169944528492396e+00
4.314314314314314225e-01	3.824718513447466606e+00	-1.363953600000000210e-01	1.534803630862329848e+00
4.324324324324324564e-01	3.834238459426069223e+00	-1.040191599999999994e-01	1.600071003530005198e+00
4.334334334334334349e-01	3.843104395753998759e+00	-1.493458400000000075e-01	1.469536258194654943e+00
4.344344344344344133e-01	3.849554440621684392e+00	-7.164296000000000553e-02	1.502169944528492396e+00
4.354354354354354473e-01	3.851706701366756747e+00	-1.752468000000000081e-01	1.534803630862329848e+00
4.364364364364364257e-01	3.850322390254755867e+00	-8.459344000000000585e-02	1.404268885526979593e+00
4.374374374374374597e-01	3.846942708913535736e+00	-1.169696400000000136e-01	1.404268885526979593e+00
4.384384384384384381e-01	3.841271331849025472e+00	1.485152000000000139e-01	1.306367826525466569e+00
4.394394394394394165e-01	3.832633785395430870e+00	2.326933200000000090e-01	1.241100453857791219e+00
4.404404404404404505e-01	3.822046810251647830e+00	2.391685600000000023e-01	1.208466767523953767e+00
4.414414414414414289e-01	3.810343335924832875e+00	3.621981200000000678e-01	1.045298335854765615e+00
4.424424424424424629e-01	3.797573731724780188e+00	5.435048399999999891e-01	8.821299041855775735e-01
4.434434434434434413e-01	3.785269382283437345e+00	6.017820000000000391e-01	7.515951588502269853e-01
4.444444444444444198e-01	3.776293108192482872e+00	7.960392000000000579e-01	6.210604135148766192e-01
4.454454454454454537e-01	3.772332648171269565e+00	8.802173200000000808e-01	7.842288451840646601e-01
4.464464464464464322e-01	3.772051462527444166e+00	1.003246880000000063e+00	5.557930408472013806e-01
4.474474474474474661e-01	3.772155288611659163e+00	8.931677999999999562e-01	5.231593545133637058e-01
4.484484484484484446e-01	3.771109700547387700e+00	8.154649200000001485e-01	6.536940998487140719e-01
4.494494494494494230e-01	3.771101782343830866e+00	6.794848799999999578e-01	7.189614725163894215e-01
4.504504504504504570e-01	3.774311074653806664e+00	5.758810400000000662e-01	8.168625315179022239e-01
4.514514514514514354e-01	3.779272890370150240e+00	5.111286400000001340e-01	1.241100453857791219e+00
4.524524524524524693e-01	3.784480676610926686e+00	2.326933200000000090e-01	1.110565708522440964e+00
4.534534534534534478e-01	3.791517339430701128e+00	1.355647199999999997e-01	1.534803630862329848e+00
4.544544544544544262e-01	3.801388167459180956e+00	-5.869248000000000520e-02	1.502169944528492396e+00
4.554554554554554602e-01	3.812751254915085930e+00	-6.516772000000001230e-02	1.502169944528492396e+00
4.564564564564564386e-01	3.824426844621602317e+00	-1.363953600000000210e-01	1.502169944528492396e+00
4.574574574574574726e-01	3.835356266343008080e+00	-1.040191599999999994e-01	1.502169944528492396e+00
4.584584584584584510e-01	3.844085575641650099e+00	-1.558210800000000007e-01	1.469536258194654943e+00
4.594594594594594295e-01	3.849945145414439995e+00	-7.811819999999999875e-02	1.534803630862329848e+00
4.604604604604604634e-01	3.852802134305670645e+00	-1.622963199999999939e-01	1.502169944528492396e+00
4.614614614614614418e-01	3.852714842590375444e+00	-9.106868000000001295e-02	1.371635199193141919e+00
4.624624624624624758e-01	3.849425196550842809e+00	-1.363953600000000210e-01	1.469536258194654943e+00
4.634634634634634542e-01	3.842416666210080045e+00	1.485152000000000139e-01	1.339001512859304244e+00
4.644644644644644327e-01	3.833370535230079756e+00	2.262180799999999881e-01	1.208466767523953767e+00
4.654654654654654666e-01	3.824491327767879589e+00	2.521190400000000165e-01	1.143199394856278639e+00
4.664664664664664451e-01	3.814312969867944769e+00	3.557228800000000746e-01	1.045298335854765615e+00
4.674674674674674790e-01	3.800997467153347298e+00	5.370296000000001069e-01	9.800309631870904870e-01
4.684684684684684575e-01	3.787478202545956130e+00	6.082572400000001434e-01	8.494962178517398987e-01
4.694694694694694914e-01	3.778396841000948303e+00	7.960392000000000579e-01	6.210604135148766192e-01
4.704704704704704699e-01	3.774346267540052313e+00	8.737420800000000876e-01	7.842288451840646601e-01
4.714714714714714483e-01	3.772732438845485259e+00	9.902964000000000766e-01	5.231593545133637058e-01
4.724724724724724823e-01	3.772082794444236775e+00	8.931677999999999562e-01	5.557930408472013806e-01
4.734734734734734607e-01	3.772447308699503843e+00	8.219401600000000307e-01	6.210604135148766192e-01
4.744744744744744946e-01	3.773704905128937526e+00	6.730096400000000756e-01	7.842288451840646601e-01
4.754754754754754731e-01	3.775640714581513180e+00	5.694058000000000730e-01	8.168625315179022239e-01
4.764764764764764515e-01	3.778781045564596042e+00	5.176038800000000162e-01	1.306367826525466569e+00
4.774774774774774855e-01	3.784365138621144542e+00	2.262180799999999881e-01	1.077932022188603289e+00
4.784784784784784639e-01	3.792701640908790583e+00	1.420399599999999929e-01	1.436902571860817046e+00
4.794794794794794979e-01	3.802424466329906938e+00	-5.221724000000000504e-02	1.436902571860817046e+00
4.804804804804804763e-01	3.812828134291065485e+00	-7.811819999999999875e-02	1.404268885526979593e+00
4.814814814814814548e-01	3.824179077396119286e+00	-1.363953600000000210e-01	1.502169944528492396e+00
4.824824824824824887e-01	3.835383399468781818e+00	-1.040191599999999994e-01	1.436902571860817046e+00
4.834834834834834671e-01	3.844535880123820970e+00	-1.363953600000000210e-01	1.436902571860817046e+00
4.844844844844845011e-01	3.850541822713692053e+00	-7.811819999999999875e-02	1.469536258194654943e+00
4.854854854854854795e-01	3.852857140927739454e+00	-1.428706000000000143e-01	1.567437317196167523e+00
4.864864864864864580e-01	3.851616711958700368e+00	-8.459344000000000585e-02	1.469536258194654943e+00
4.874874874874874919e-01	3.847808496906385933e+00	-1.299201200000000000e-01	1.436902571860817046e+00
4.884884884884884704e-01	3.841717929261922126e+00	1.355647199999999997e-01	1.241100453857791219e+00
4.894894894894895043e-01	3.832979461316309511e+00	2.132676000000000016e-01	1.273734140191629116e+00
4.904904904904904828e-01	3.822254681219672712e+00	2.456437999999999955e-01	1.175833081190116092e+00
4.914914914914914612e-01	3.810748914126186992e+00	3.427723999999999771e-01	1.077932022188603289e+00
4.924924924924924952e-01	3.799225330223216179e+00	5.694058000000000730e-01	9.473972768532528121e-01
4.934934934934934736e-01	3.788344725163521609e+00	5.888315200000000527e-01	7.842288451840646601e-01
4.944944944944945076e-01	3.779557333111767115e+00	7.895639599999999536e-01	6.536940998487140719e-01
4.954954954954954860e-01	3.774383898436163509e+00	8.607915999999999901e-01	7.842288451840646601e-01
4.964964964964965199e-01	3.772559755689924632e+00	9.902964000000000766e-01	5.557930408472013806e-01
4.974974974974974984e-01	3.772663197309742866e+00	8.931677999999999562e-01	5.231593545133637058e-01
4.984984984984984768e-01	3.773159270951921052e+00	8.025144400000000511e-01	6.536940998487140719e-01
4.994994994994995108e-01	3.773530278759267720e+00	6.794848799999999578e-01	6.863277861825517467e-01
5.005005005005005447e-01	3.775723401371915866e+00	5.629305600000000798e-01	8.821299041855775735e-01
5.015015015015015232e-01	3.780921111776848420e+00	4.981781600000000365e-01	1.143199394856278639e+00
5.025025025025025016e-01	3.787338832775658748e+00	2.326933200000000090e-01	1.143199394856278639e+00
5.035035035035034801e-01	3.794253912312738564e+00	1.226142399999999993e-01	1.339001512859304244e+00
5.045045045045044585e-01	3.802899434069558549e+00	-5.869248000000000520e-02	1.665338376197680104e+00
5.055055055055055480e-01	3.813083415673304444e+00	-8.459344000000000585e-02	1.436902571860817046e+00
5.065065065065065264e-01	3.823373709382916097e+00	-1.299201200000000000e-01	1.404268885526979593e+00
5.075075075075075048e-01	3.833135795201271012e+00	-9.106868000000001295e-02	1.469536258194654943e+00
5.085085085085084833e-01	3.842202277024432622e+00	-1.622963199999999939e-01	1.534803630862329848e+00
5.095095095095094617e-01	3.849554124628725482e+00	-9.106868000000001295e-02	1.502169944528492396e+00
5.105105105105105512e-01	3.853446085229481621e+00	-1.622963199999999939e-01	1.567437317196167523e+00
5.115115115115115296e-01	3.853099661297052947e+00	-9.106868000000001295e-02	1.404268885526979593e+00
5.125125125125125081e-01	3.849117500484934951e+00	-1.104944000000000065e-01	1.436902571860817046e+00
5.135135135135134865e-01	3.842171485615475390e+00	1.549904400000000071e-01	1.306367826525466569e+00
5.145145145145144649e-01	3.832900049841974077e+00	2.326933200000000090e-01	1.208466767523953767e+00
5.155155155155155544e-01	3.822232170909350302e+00	2.585942800000000097e-01	1.175833081190116092e+00
5.165165165165165329e-01	3.810752734823525945e+00	3.492476399999999703e-01	1.077932022188603289e+00
5.175175175175175113e-01	3.798906835731599152e+00	5.435048399999999891e-01	1.012664649520927940e+00
5.185185185185184897e-01	3.787564857023955955e+00	6.017820000000000391e-01	8.168625315179022239e-01
5.195195195195194682e-01	3.778145388652310643e+00	7.895639599999999536e-01	6.536940998487140719e-01
5.205205205205205576e-01	3.772368443137255056e+00	8.413658800000000104e-01	7.515951588502269853e-01
5.215215215215215361e-01	3.770477296349971308e+00	9.838211600000000834e-01	5.557930408472013806e-01
5.225225225225225145e-01	3.770481399505099862e+00	8.931677999999999562e-01	5.231593545133637058e-01
5.235235235235234930e-01	3.770338862853697570e+00	8.025144400000000511e-01	5.231593545133637058e-01
5.245245245245244714e-01	3.770236701428893777e+00	6.665344000000000824e-01	6.863277861825517467e-01
5.255255255255255609e-01	3.772146712694722126e+00	5.499800799999999823e-01	9.147635905194151373e-01
5.265265265265265393e-01	3.776937355237763860e+00	4.917029200000000433e-01	1.175833081190116092e+00
5.275275275275275177e-01	3.784019643751338702e+00	2.067923600000000084e-01	1.273734140191629116e+00
5.285285285285284962e-01	3.793013944262038972e+00	1.420399599999999929e-01	1.371635199193141919e+00
5.295295295295294746e-01	3.802973304856307912e+00	-7.811819999999999875e-02	1.665338376197680104e+00
5.305305305305305641e-01	3.812798004498404669e+00	-8.459344000000000585e-02	1.404268885526979593e+00
5.315315315315315425e-01	3.822904251967260691e+00	-1.493458400000000075e-01	1.567437317196167523e+00
5.325325325325325210e-01	3.833579164011755580e+00	-1.104944000000000065e-01	1.469536258194654943e+00
5.335335335335334994e-01	3.843272439871869839e+00	-1.622963199999999939e-01	1.436902571860817046e+00
5.345345345345344779e-01	3.849688389230327079e+00	-9.754392000000000618e-02	1.534803630862329848e+00
5.355355355355355673e-01	3.851676342709863921e+00	-1.622963199999999939e-01	1.567437317196167523e+00
5.365365365365365458e-01	3.850177994017219607e+00	-7.811819999999999875e-02	1.371635199193141919e+00
5.375375375375375242e-01	3.846956816737021168e+00	-1.299201200000000000e-01	1.436902571860817046e+00
5.385385385385385026e-01	3.842003760665605228e+00	1.355647199999999997e-01	1.339001512859304244e+00
5.395395395395394811e-01	3.833415852541282920e+00	2.262180799999999881e-01	1.273734140191629116e+00
5.405405405405405705e-01	3.821142055309186158e+00	2.456437999999999955e-01	1.208466767523953767e+00
5.415415415415415490e-01	3.808145891515847481e+00	3.362971600000000394e-01	1.077932022188603289e+00
5.425425425425425274e-01	3.796415344553885962e+00	5.370296000000001069e-01	9.473972768532528121e-01
5.435435435435435059e-01	3.785963005573317997e+00	5.694058000000000730e-01	7.842288451840646601e-01
5.445445445445444843e-01	3.777457342721353584e+00	7.830887200000000714e-01	6.863277861825517467e-01
5.455455455455455738e-01	3.772041063700710684e+00	8.607915999999999901e-01	7.842288451840646601e-01
5.465465465465465522e-01	3.769569864244599167e+00	9.773459200000000902e-01	5.884267271810389444e-01
5.475475475475475307e-01	3.769029394995786042e+00	8.802173200000000808e-01	6.210604135148766192e-01
5.485485485485485091e-01	3.769780657977931160e+00	8.025144400000000511e-01	6.536940998487140719e-01
5.495495495495495986e-01	3.770912553622621566e+00	6.341582000000000052e-01	7.189614725163894215e-01
5.505505505505505770e-01	3.772221596905337648e+00	5.499800799999999823e-01	8.494962178517398987e-01
5.515515515515515554e-01	3.776006957444449252e+00	4.852276800000000501e-01	1.241100453857791219e+00
5.525525525525525339e-01	3.783292187933538386e+00	2.132676000000000016e-01	1.241100453857791219e+00
5.535535535535535123e-01	3.792065990819110333e+00	1.420399599999999929e-01	1.502169944528492396e+00
5.545545545545546018e-01	3.801408667543411113e+00	-7.164296000000000553e-02	1.534803630862329848e+00
5.555555555555555802e-01	3.811888924080466534e+00	-9.754392000000000618e-02	1.567437317196167523e+00
5.565565565565565587e-01	3.822983266504000444e+00	-1.363953600000000210e-01	1.567437317196167523e+00
5.575575575575575371e-01	3.833290756523359377e+00	-1.169696400000000136e-01	1.600071003530005198e+00
5.585585585585585155e-01	3.841853923674721116e+00	-1.493458400000000075e-01	1.436902571860817046e+00
5.595595595595596050e-01	3.848146137429294900e+00	-9.106868000000001295e-02	1.534803630862329848e+00
5.605605605605605835e-01	3.851744871057316555e+00	-1.558210800000000007e-01	1.534803630862329848e+00
5.615615615615615619e-01	3.852192713442974537e+00	-8.459344000000000585e-02	1.404268885526979593e+00
5.625625625625625403e-01	3.848800518279324123e+00	-1.363953600000000210e-01	1.502169944528492396e+00
5.635635635635635188e-01	3.841493961070542529e+00	1.290894800000000064e-01	1.371635199193141919e+00
5.645645645645646082e-01	3.831485024668584760e+00	2.326933200000000090e-01	1.273734140191629116e+00
5.655655655655655867e-01	3.820513422594066455e+00	2.391685600000000023e-01	1.241100453857791219e+00
5.665665665665665651e-01	3.809523602911034423e+00	3.362971600000000394e-01	1.077932022188603289e+00
5.675675675675675436e-01	3.798187874150054988e+00	5.435048399999999891e-01	1.012664649520927940e+00
5.685685685685685220e-01	3.786318408513857481e+00	5.888315200000000527e-01	8.821299041855775735e-01
5.695695695695696115e-01	3.775814352158158638e+00	7.830887200000000714e-01	6.536940998487140719e-01
5.705705705705705899e-01	3.770203645522027802e+00	8.413658800000000104e-01	7.842288451840646601e-01
5.715715715715715683e-01	3.770128079158771239e+00	9.708706800000000969e-01	5.557930408472013806e-01
5.725725725725725468e-01	3.771334946828643897e+00	8.802173200000000808e-01	6.210604135148766192e-01
5.735735735735735252e-01	3.770583425345699791e+00	7.960392000000000579e-01	6.863277861825517467e-01
5.745745745745746147e-01	3.769789281392470048e+00	6.665344000000000824e-01	8.168625315179022239e-01
5.755755755755755931e-01	3.771864910363777135e+00	5.435048399999999891e-01	7.842288451840646601e-01
5.765765765765765716e-01	3.777095617273022121e+00	5.046534000000000297e-01	1.339001512859304244e+00
5.775775775775775500e-01	3.784629539815133281e+00	2.262180799999999881e-01	1.175833081190116092e+00
5.785785785785785285e-01	3.793348147516781399e+00	1.226142399999999993e-01	1.436902571860817046e+00
5.795795795795796179e-01	3.802104797094096877e+00	-7.164296000000000553e-02	1.534803630862329848e+00
5.805805805805805964e-01	3.811470878364563220e+00	-9.754392000000000618e-02	1.600071003530005198e+00
5.815815815815815748e-01	3.822487269897510753e+00	-1.428706000000000143e-01	1.534803630862329848e+00
5.825825825825825532e-01	3.833680518691232830e+00	-1.104944000000000065e-01	1.600071003530005198e+00
5.835835835835835317e-01	3.842461062903235192e+00	-1.558210800000000007e-01	1.436902571860817046e+00
5.845845845845846211e-01	3.847898320997697130e+00	-9.754392000000000618e-02	1.502169944528492396e+00
5.855855855855855996e-01	3.850270743152464537e+00	-1.622963199999999939e-01	1.567437317196167523e+00
5.865865865865865780e-01	3.849944428145211539e+00	-9.754392000000000618e-02	1.306367826525466569e+00
5.875875875875875565e-01	3.847001881321485239e+00	-1.234448800000000068e-01	1.469536258194654943e+00
5.885885885885885349e-01	3.841013446980932500e+00	1.355647199999999997e-01	1.306367826525466569e+00
5.895895895895896244e-01	3.832041998302294861e+00	2.262180799999999881e-01	1.273734140191629116e+00
5.905905905905906028e-01	3.821463015280139874e+00	2.521190400000000165e-01	1.208466767523953767e+00
5.915915915915915813e-01	3.810489464356222822e+00	3.362971600000000394e-01	1.110565708522440964e+00
5.925925925925925597e-01	3.798825320132314776e+00	5.176038800000000162e-01	9.800309631870904870e-01
5.935935935935935381e-01	3.786657109647977748e+00	5.823562799999999484e-01	8.168625315179022239e-01
5.945945945945946276e-01	3.776894571587617211e+00	7.636630000000000917e-01	6.863277861825517467e-01
5.955955955955956060e-01	3.772223709851334483e+00	8.478411200000001147e-01	8.168625315179022239e-01
5.965965965965965845e-01	3.771372870898455076e+00	9.708706800000000969e-01	5.557930408472013806e-01
5.975975975975975629e-01	3.771421191166732356e+00	8.737420800000000876e-01	6.210604135148766192e-01
5.985985985985985414e-01	3.771234365206707295e+00	7.895639599999999536e-01	6.536940998487140719e-01
5.995995995995996308e-01	3.771433528183983253e+00	6.535839199999999849e-01	6.863277861825517467e-01
6.006006006006006093e-01	3.773405322897008585e+00	5.435048399999999891e-01	9.147635905194151373e-01
6.016016016016015877e-01	3.778016512774165392e+00	4.917029200000000433e-01	1.241100453857791219e+00
6.026026026026025662e-01	3.784772389913173107e+00	2.391685600000000023e-01	1.273734140191629116e+00
6.036036036036035446e-01	3.792869371157367553e+00	1.096637599999999990e-01	1.371635199193141919e+00
6.046046046046046341e-01	3.802216350262233924e+00	-8.459344000000000585e-02	1.632704689863842651e+00
6.056056056056056125e-01	3.812586285590032542e+00	-1.040191599999999994e-01	1.502169944528492396e+00
6.066066066066065909e-01	3.823347811650387840e+00	-1.299201200000000000e-01	1.632704689863842651e+00
6.076076076076075694e-01	3.834157695136794608e+00	-1.234448800000000068e-01	1.567437317196167523e+00
6.086086086086086588e-01	3.843877102656795497e+00	-1.493458400000000075e-01	1.534803630862329848e+00
6.096096096096096373e-01	3.850610698537817012e+00	-7.164296000000000553e-02	1.534803630862329848e+00
6.106106106106106157e-01	3.853459294326277096e+00	-1.558210800000000007e-01	1.502169944528492396e+00
6.116116116116115942e-01	3.852429161345938269e+00	-9.754392000000000618e-02	1.339001512859304244e+00
6.126126126126125726e-01	3.848199775701666603e+00	-1.169696400000000136e-01	1.404268885526979593e+00
6.136136136136136621e-01	3.841792489693589552e+00	1.355647199999999997e-01	1.339001512859304244e+00
6.146146146146146405e-01	3.833375056865565345e+00	2.132676000000000016e-01	1.241100453857791219e+00
6.156156156156156189e-01	3.822667580102171225e+00	2.650695199999999474e-01	1.241100453857791219e+00
6.166166166166165974e-01	3.810493128324986767e+00	3.362971600000000394e-01	1.077932022188603289e+00
6.176176176176175758e-01	3.798346087356299527e+00	5.176038800000000162e-01	9.147635905194151373e-01
6.186186186186186653e-01	3.786974778131861008e+00	5.823562799999999484e-01	8.494962178517398987e-01
6.196196196196196437e-01	3.777729047991805977e+00	7.766134800000000782e-01	6.536940998487140719e-01
6.206206206206206222e-01	3.772823101268884205e+00	8.284154000000000240e-01	7.189614725163894215e-01
6.216216216216216006e-01	3.771863377828561958e+00	9.708706800000000969e-01	5.557930408472013806e-01
6.226226226226225791e-01	3.771688951326902295e+00	8.802173200000000808e-01	5.231593545133637058e-01
6.236236236236236685e-01	3.770802268941356061e+00	7.830887200000000714e-01	6.863277861825517467e-01
6.246246246246246470e-01	3.770900286665149093e+00	6.406334400000001095e-01	6.536940998487140719e-01
6.256256256256256254e-01	3.773834682699269027e+00	5.823562799999999484e-01	8.821299041855775735e-01
6.266266266266266038e-01	3.779275490867255893e+00	4.917029200000000433e-01	1.306367826525466569e+00
6.276276276276275823e-01	3.785973749084441842e+00	2.326933200000000090e-01	1.241100453857791219e+00
6.286286286286286717e-01	3.794212298416355988e+00	1.161389999999999922e-01	1.371635199193141919e+00
6.296296296296296502e-01	3.804615100590805099e+00	-6.516772000000001230e-02	1.763239435199193128e+00
6.306306306306306286e-01	3.815815075391066902e+00	-1.040191599999999994e-01	1.404268885526979593e+00
6.316316316316316071e-01	3.826153769964835138e+00	-1.558210800000000007e-01	1.534803630862329848e+00
6.326326326326325855e-01	3.835187270248219260e+00	-1.299201200000000000e-01	1.469536258194654943e+00
6.336336336336336750e-01	3.843042421898683170e+00	-1.428706000000000143e-01	1.534803630862329848e+00
6.346346346346346534e-01	3.849568012366932024e+00	-9.106868000000001295e-02	1.567437317196167523e+00
6.356356356356356319e-01	3.853152354270892310e+00	-1.622963199999999939e-01	1.534803630862329848e+00
6.366366366366366103e-01	3.852637570680599755e+00	-9.754392000000000618e-02	1.436902571860817046e+00
6.376376376376375887e-01	3.849203385932345789e+00	-1.493458400000000075e-01	1.436902571860817046e+00
6.386386386386386782e-01	3.843257430716243928e+00	1.290894800000000064e-01	1.306367826525466569e+00
6.396396396396396566e-01	3.834351178975837993e+00	2.067923600000000084e-01	1.241100453857791219e+00
6.406406406406406351e-01	3.823705789790025289e+00	2.391685600000000023e-01	1.241100453857791219e+00
6.416416416416416135e-01	3.811996339731372085e+00	3.362971600000000394e-01	1.110565708522440964e+00
6.426426426426425920e-01	3.799015442505221163e+00	5.111286400000001340e-01	1.012664649520927940e+00
6.436436436436436814e-01	3.786179297311841108e+00	5.564553199999999755e-01	8.168625315179022239e-01
6.446446446446446599e-01	3.776020129129903591e+00	7.701382400000000850e-01	6.536940998487140719e-01
6.456456456456456383e-01	3.771074642203397609e+00	8.284154000000000240e-01	7.189614725163894215e-01
6.466466466466466168e-01	3.771411270692610618e+00	9.643954399999999927e-01	5.557930408472013806e-01
6.476476476476475952e-01	3.772938921381399080e+00	8.737420800000000876e-01	4.578919818456884672e-01
6.486486486486486847e-01	3.772714764329360371e+00	7.895639599999999536e-01	7.515951588502269853e-01
6.496496496496496631e-01	3.772676124272485332e+00	6.406334400000001095e-01	5.884267271810389444e-01
6.506506506506506415e-01	3.775357148955245101e+00	5.370296000000001069e-01	9.800309631870904870e-01
6.516516516516516200e-01	3.780752182046666743e+00	4.852276800000000501e-01	1.273734140191629116e+00
6.526526526526525984e-01	3.787471787608635676e+00	2.067923600000000084e-01	1.241100453857791219e+00
6.536536536536536879e-01	3.794448934320867384e+00	1.226142399999999993e-01	1.436902571860817046e+00
6.546546546546546663e-01	3.802467957488367301e+00	-7.164296000000000553e-02	1.502169944528492396e+00
6.556556556556556448e-01	3.812918568784582352e+00	-9.754392000000000618e-02	1.502169944528492396e+00
6.566566566566566232e-01	3.824993258607213953e+00	-1.428706000000000143e-01	1.534803630862329848e+00
6.576576576576576016e-01	3.836438920815083531e+00	-1.363953600000000210e-01	1.567437317196167523e+00
6.586586586586586911e-01	3.845461789707880662e+00	-1.493458400000000075e-01	1.436902571860817046e+00
6.596596596596596696e-01	3.850809103581322557e+00	-7.811819999999999875e-02	1.567437317196167523e+00
6.606606606606606480e-01	3.852341990221376467e+00	-1.687715600000000149e-01	1.567437317196167523e+00
6.616616616616616264e-01	3.851466571696225749e+00	-1.040191599999999994e-01	1.404268885526979593e+00
6.626626626626626049e-01	3.849137136130636794e+00	-1.493458400000000075e-01	1.436902571860817046e+00
6.636636636636636943e-01	3.844024200828878968e+00	1.485152000000000139e-01	1.339001512859304244e+00
6.646646646646646728e-01	3.834722686405742653e+00	2.262180799999999881e-01	1.241100453857791219e+00
6.656656656656656512e-01	3.822785234388197839e+00	2.197428399999999948e-01	1.175833081190116092e+00
6.666666666666666297e-01	3.810669900383524489e+00	3.362971600000000394e-01	1.143199394856278639e+00
6.676676676676676081e-01	3.798753872224331918e+00	5.176038800000000162e-01	9.800309631870904870e-01
6.686686686686686976e-01	3.787075582530067486e+00	6.017820000000000391e-01	8.494962178517398987e-01
6.696696696696696760e-01	3.777673750787198248e+00	7.442372800000001121e-01	6.863277861825517467e-01
6.706706706706706544e-01	3.772877858250978544e+00	8.284154000000000240e-01	7.515951588502269853e-01
6.716716716716716329e-01	3.771787376188178609e+00	9.514449600000001173e-01	5.884267271810389444e-01
6.726726726726726113e-01	3.771259605036132445e+00	8.607915999999999901e-01	5.231593545133637058e-01
6.736736736736737008e-01	3.770477220558398734e+00	7.766134800000000782e-01	6.863277861825517467e-01
6.746746746746746792e-01	3.770912541138065066e+00	6.341582000000000052e-01	7.189614725163894215e-01
6.756756756756756577e-01	3.773351908347785333e+00	5.629305600000000798e-01	8.168625315179022239e-01
6.766766766766766361e-01	3.777958599460793376e+00	4.852276800000000501e-01	1.241100453857791219e+00
6.776776776776777256e-01	3.785013666426956025e+00	2.067923600000000084e-01	1.241100453857791219e+00
6.786786786786787040e-01	3.793737838083518277e+00	1.096637599999999990e-01	1.404268885526979593e+00
6.796796796796796825e-01	3.802494816588501081e+00	-9.106868000000001295e-02	1.534803630862329848e+00
6.806806806806806609e-01	3.811615174495849967e+00	-1.040191599999999994e-01	1.436902571860817046e+00
6.816816816816816393e-01	3.822272092608871574e+00	-1.493458400000000075e-01	1.502169944528492396e+00
6.826826826826827288e-01	3.833261406766642843e+00	-1.169696400000000136e-01	1.567437317196167523e+00
6.836836836836837072e-01	3.842525751710794690e+00	-1.752468000000000081e-01	1.469536258194654943e+00
6.846846846846846857e-01	3.848595985554207566e+00	-8.459344000000000585e-02	1.534803630862329848e+00
6.856856856856856641e-01	3.850934143025615874e+00	-1.752468000000000081e-01	1.600071003530005198e+00
6.866866866866866426e-01	3.850359329880086445e+00	-9.106868000000001295e-02	1.371635199193141919e+00
6.876876876876877320e-01	3.847138570424367465e+00	-1.299201200000000000e-01	1.436902571860817046e+00
6.886886886886887105e-01	3.841171793734645679e+00	1.226142399999999993e-01	1.339001512859304244e+00
6.896896896896896889e-01	3.833067530101454068e+00	1.938418799999999942e-01	1.306367826525466569e+00
6.906906906906906674e-01	3.822607099312596457e+00	2.326933200000000090e-01	1.241100453857791219e+00
6.916916916916916458e-01	3.810054072467476072e+00	3.039209600000000178e-01	1.077932022188603289e+00
6.926926926926927353e-01	3.797656957192950600e+00	5.111286400000001340e-01	9.473972768532528121e-01
6.936936936936937137e-01	3.786571218321554522e+00	5.694058000000000730e-01	8.821299041855775735e-01
6.946946946946946921e-01	3.776906177182255853e+00	7.507125199999999943e-01	6.863277861825517467e-01
6.956956956956956706e-01	3.770665383409012694e+00	8.154649200000001485e-01	8.168625315179022239e-01
6.966966966966966490e-01	3.769126178550513018e+00	9.449697200000000130e-01	5.557930408472013806e-01
6.976976976976977385e-01	3.769984420558772253e+00	8.607915999999999901e-01	6.210604135148766192e-01
6.986986986986987169e-01	3.770484871391932113e+00	7.571877599999999875e-01	6.210604135148766192e-01
6.996996996996996954e-01	3.770739857685748486e+00	6.406334400000001095e-01	8.168625315179022239e-01
7.007007007007006738e-01	3.772621779264770936e+00	5.370296000000001069e-01	7.189614725163894215e-01
7.017017017017016522e-01	3.776924462932571114e+00	4.722772000000000081e-01	1.306367826525466569e+00
7.027027027027027417e-01	3.783532302082423637e+00	2.197428399999999948e-01	1.110565708522440964e+00
7.037037037037037202e-01	3.792588141836340743e+00	1.031885200000000058e-01	1.469536258194654943e+00
7.047047047047046986e-01	3.802913222010146477e+00	-8.459344000000000585e-02	1.567437317196167523e+00
7.057057057057056770e-01	3.812856645068181560e+00	-1.040191599999999994e-01	1.534803630862329848e+00
7.067067067067066555e-01	3.822915735283272998e+00	-1.428706000000000143e-01	1.567437317196167523e+00
7.077077077077077449e-01	3.833653123018796904e+00	-1.234448800000000068e-01	1.534803630862329848e+00
7.087087087087087234e-01	3.843263622821964098e+00	-1.622963199999999939e-01	1.469536258194654943e+00
7.097097097097097018e-01	3.849185994618306683e+00	-7.811819999999999875e-02	1.502169944528492396e+00
7.107107107107106803e-01	3.850881406263421791e+00	-1.622963199999999939e-01	1.632704689863842651e+00
7.117117117117116587e-01	3.849772980962819169e+00	-9.106868000000001295e-02	1.404268885526979593e+00
7.127127127127127482e-01	3.846717119886364333e+00	-1.299201200000000000e-01	1.469536258194654943e+00
7.137137137137137266e-01	3.841590811884544099e+00	1.226142399999999993e-01	1.339001512859304244e+00
7.147147147147147050e-01	3.833976259231931305e+00	2.262180799999999881e-01	1.241100453857791219e+00
7.157157157157156835e-01	3.823188405620081554e+00	2.456437999999999955e-01	1.273734140191629116e+00
7.167167167167166619e-01	3.810041280801836017e+00	3.168714400000000042e-01	1.045298335854765615e+00
7.177177177177177514e-01	3.797095522917623533e+00	4.917029200000000433e-01	9.800309631870904870e-01
7.187187187187187298e-01	3.785739239184921612e+00	5.564553199999999755e-01	8.494962178517398987e-01
7.197197197197197083e-01	3.776348054807254773e+00	7.377620400000000078e-01	6.536940998487140719e-01
7.207207207207206867e-01	3.770651917315233526e+00	8.089896800000000443e-01	6.863277861825517467e-01
7.217217217217216652e-01	3.769690925356366407e+00	9.449697200000000130e-01	5.231593545133637058e-01
7.227227227227227546e-01	3.770897196258082840e+00	8.607915999999999901e-01	6.210604135148766192e-01
7.237237237237237331e-01	3.770999934651294350e+00	7.766134800000000782e-01	6.210604135148766192e-01
7.247247247247247115e-01	3.770294802162888370e+00	6.406334400000001095e-01	6.863277861825517467e-01
7.257257257257256899e-01	3.771475719192353804e+00	5.435048399999999891e-01	8.494962178517398987e-01
7.267267267267266684e-01	3.776172954080811106e+00	4.722772000000000081e-01	1.241100453857791219e+00
7.277277277277277578e-01	3.784039111248470810e+00	2.262180799999999881e-01	1.208466767523953767e+00
7.287287287287287363e-01	3.793360473320409820e+00	8.376279999999999837e-02	1.339001512859304244e+00
7.297297297297297147e-01	3.802691137946015321e+00	-9.106868000000001295e-02	1.600071003530005198e+00
7.307307307307306932e-01	3.812319586735003707e+00	-1.169696400000000136e-01	1.502169944528492396e+00
7.317317317317316716e-01	3.822905075072142722e+00	-1.687715600000000149e-01	1.567437317196167523e+00
7.327327327327327611e-01	3.833594075244181720e+00	-1.428706000000000143e-01	1.502169944528492396e+00
7.337337337337337395e-01	3.842713312723005536e+00	-1.687715600000000149e-01	1.469536258194654943e+00
7.347347347347347180e-01	3.849240984169300273e+00	-8.459344000000000585e-02	1.469536258194654943e+00
7.357357357357356964e-01	3.852521216208563359e+00	-1.622963199999999939e-01	1.567437317196167523e+00
7.367367367367367859e-01	3.852011157721079826e+00	-9.754392000000000618e-02	1.436902571860817046e+00
7.377377377377377643e-01	3.848301190902782221e+00	-1.363953600000000210e-01	1.502169944528492396e+00
7.387387387387387427e-01	3.842324804091776791e+00	1.420399599999999929e-01	1.371635199193141919e+00
7.397397397397397212e-01	3.833704643776588483e+00	2.132676000000000016e-01	1.273734140191629116e+00
7.407407407407406996e-01	3.822400763627517239e+00	2.197428399999999948e-01	1.208466767523953767e+00
7.417417417417417891e-01	3.810086902517471064e+00	3.168714400000000042e-01	1.045298335854765615e+00
7.427427427427427675e-01	3.797741960946297013e+00	4.852276800000000501e-01	9.473972768532528121e-01
7.437437437437437460e-01	3.785737124346453264e+00	5.499800799999999823e-01	8.168625315179022239e-01
7.447447447447447244e-01	3.776602490347253926e+00	7.442372800000001121e-01	6.536940998487140719e-01
7.457457457457457028e-01	3.772291695490147312e+00	8.219401600000000307e-01	8.168625315179022239e-01
7.467467467467467923e-01	3.770863295807175497e+00	9.514449600000001173e-01	6.536940998487140719e-01
7.477477477477477708e-01	3.770260551775637570e+00	8.607915999999999901e-01	6.210604135148766192e-01
7.487487487487487492e-01	3.770402119845401412e+00	7.701382400000000850e-01	8.494962178517398987e-01
7.497497497497497276e-01	3.770802180022901684e+00	6.017820000000000391e-01	6.536940998487140719e-01
7.507507507507507061e-01	3.772217526717163594e+00	5.046534000000000297e-01	9.147635905194151373e-01
7.517517517517517955e-01	3.777110753122661535e+00	4.593267200000000772e-01	1.143199394856278639e+00
7.527527527527527740e-01	3.785204213484719915e+00	2.197428399999999948e-01	1.208466767523953767e+00
7.537537537537537524e-01	3.793917144648252915e+00	1.096637599999999990e-01	1.306367826525466569e+00
7.547547547547547309e-01	3.802485915872539923e+00	-1.040191599999999994e-01	1.600071003530005198e+00
7.557557557557557093e-01	3.812223536875443131e+00	-1.234448800000000068e-01	1.404268885526979593e+00
7.567567567567567988e-01	3.823807660706614264e+00	-1.558210800000000007e-01	1.632704689863842651e+00
7.577577577577577772e-01	3.835286413933441274e+00	-1.234448800000000068e-01	1.534803630862329848e+00
7.587587587587587556e-01	3.844193864428608443e+00	-1.752468000000000081e-01	1.502169944528492396e+00
7.597597597597597341e-01	3.850055622481612705e+00	-7.164296000000000553e-02	1.534803630862329848e+00
7.607607607607607125e-01	3.852771585498909523e+00	-1.687715600000000149e-01	1.534803630862329848e+00
7.617617617617618020e-01	3.852121832596906881e+00	-1.104944000000000065e-01	1.371635199193141919e+00
7.627627627627627804e-01	3.848663845174577602e+00	-1.363953600000000210e-01	1.469536258194654943e+00
7.637637637637637589e-01	3.842518827384243885e+00	1.096637599999999990e-01	1.371635199193141919e+00
7.647647647647647373e-01	3.833787415145077926e+00	2.067923600000000084e-01	1.241100453857791219e+00
7.657657657657657158e-01	3.823635015286495520e+00	2.521190400000000165e-01	1.241100453857791219e+00
7.667667667667668052e-01	3.812573041754221848e+00	3.103962000000000110e-01	1.077932022188603289e+00
7.677677677677677837e-01	3.800178692858400709e+00	4.852276800000000501e-01	1.045298335854765615e+00
7.687687687687687621e-01	3.787464626154856351e+00	5.629305600000000798e-01	8.821299041855775735e-01
7.697697697697697405e-01	3.777474955813056923e+00	7.442372800000001121e-01	7.515951588502269853e-01
7.707707707707707190e-01	3.772822232280898636e+00	8.219401600000000307e-01	7.515951588502269853e-01
7.717717717717718084e-01	3.772391680828825145e+00	9.384944800000000198e-01	6.536940998487140719e-01
7.727727727727727869e-01	3.772040672661688632e+00	8.478411200000001147e-01	5.557930408472013806e-01
7.737737737737737653e-01	3.770395609408138338e+00	7.701382400000000850e-01	6.863277861825517467e-01
7.747747747747747438e-01	3.770463538504154055e+00	6.082572400000001434e-01	6.536940998487140719e-01
7.757757757757757222e-01	3.774073626038573881e+00	5.305543600000000026e-01	8.168625315179022239e-01
7.767767767767768117e-01	3.779871547638702811e+00	4.528514799999999729e-01	1.241100453857791219e+00
7.777777777777777901e-01	3.786619459441570523e+00	2.132676000000000016e-01	1.208466767523953767e+00
7.787787787787787686e-01	3.794418127668151008e+00	9.671327999999999869e-02	1.404268885526979593e+00
7.797797797797797470e-01	3.803847316828206981e+00	-9.754392000000000618e-02	1.436902571860817046e+00
7.807807807807807254e-01	3.814820398538713686e+00	-1.234448800000000068e-01	1.534803630862329848e+00
7.817817817817818149e-01	3.825932985033941858e+00	-1.558210800000000007e-01	1.502169944528492396e+00
7.827827827827827933e-01	3.835931369531321078e+00	-1.558210800000000007e-01	1.567437317196167523e+00
7.837837837837837718e-01	3.844298559816767824e+00	-1.687715600000000149e-01	1.469536258194654943e+00
7.847847847847847502e-01	3.850279870670024085e+00	-9.106868000000001295e-02	1.502169944528492396e+00
7.857857857857857287e-01	3.853363510562106242e+00	-1.687715600000000149e-01	1.567437317196167523e+00
7.867867867867868181e-01	3.853476809588038510e+00	-7.811819999999999875e-02	1.371635199193141919e+00
7.877877877877877966e-01	3.850025731986462141e+00	-1.363953600000000210e-01	1.469536258194654943e+00
7.887887887887887750e-01	3.842528271547739127e+00	1.161389999999999922e-01	1.339001512859304244e+00
7.897897897897897534e-01	3.832551368079404774e+00	2.067923600000000084e-01	1.175833081190116092e+00
7.907907907907907319e-01	3.822223373314390660e+00	2.132676000000000016e-01	1.241100453857791219e+00
7.917917917917918214e-01	3.811100238467543200e+00	3.039209600000000178e-01	1.143199394856278639e+00
7.927927927927927998e-01	3.798602835369089714e+00	4.981781600000000365e-01	1.012664649520927940e+00
7.937937937937937782e-01	3.786664872352291322e+00	5.370296000000001069e-01	8.821299041855775735e-01
7.947947947947947567e-01	3.777469122132713686e+00	7.377620400000000078e-01	7.189614725163894215e-01
7.957957957957957351e-01	3.772402714944005808e+00	8.025144400000000511e-01	7.842288451840646601e-01
7.967967967967968246e-01	3.771493474110584554e+00	9.384944800000000198e-01	5.557930408472013806e-01
7.977977977977978030e-01	3.772012108766132688e+00	8.478411200000001147e-01	6.536940998487140719e-01
7.987987987987987815e-01	3.771608906248577142e+00	7.507125199999999943e-01	6.536940998487140719e-01
7.997997997997997599e-01	3.771890794644259692e+00	6.471086800000001027e-01	8.168625315179022239e-01
8.008008008008007383e-01	3.775219250583015551e+00	5.240791200000000094e-01	7.515951588502269853e-01
8.018018018018018278e-01	3.780536484422200250e+00	4.528514799999999729e-01	1.371635199193141919e+00
8.028028028028028062e-01	3.786059614203317381e+00	1.938418799999999942e-01	1.208466767523953767e+00
8.038038038038037847e-01	3.793183027976417154e+00	9.671327999999999869e-02	1.339001512859304244e+00
8.048048048048047631e-01	3.803551697423675382e+00	-9.106868000000001295e-02	1.469536258194654943e+00
8.058058058058058526e-01	3.815711571896530430e+00	-1.104944000000000065e-01	1.534803630862329848e+00
8.068068068068068310e-01	3.827430191269518112e+00	-1.428706000000000143e-01	1.502169944528492396e+00
8.078078078078078095e-01	3.837673917085243858e+00	-1.363953600000000210e-01	1.632704689863842651e+00
8.088088088088087879e-01	3.845647206966282372e+00	-1.687715600000000149e-01	1.469536258194654943e+00
8.098098098098097664e-01	3.850642388006847661e+00	-9.754392000000000618e-02	1.567437317196167523e+00
8.108108108108108558e-01	3.852974331158014021e+00	-1.687715600000000149e-01	1.567437317196167523e+00
8.118118118118118343e-01	3.852904579732652657e+00	-1.040191599999999994e-01	1.306367826525466569e+00
8.128128128128128127e-01	3.849339450401755514e+00	-1.493458400000000075e-01	1.502169944528492396e+00
8.138138138138137911e-01	3.842253711623749179e+00	1.031885200000000058e-01	1.143199394856278639e+00
8.148148148148147696e-01	3.833712815272254382e+00	1.938418799999999942e-01	1.241100453857791219e+00
8.158158158158158590e-01	3.824442962713713534e+00	2.262180799999999881e-01	1.273734140191629116e+00
8.168168168168168375e-01	3.813181391193853020e+00	3.168714400000000042e-01	1.110565708522440964e+00
8.178178178178178159e-01	3.799777901204936637e+00	4.399010000000000420e-01	9.800309631870904870e-01
8.188188188188187944e-01	3.786398195679505640e+00	5.629305600000000798e-01	8.494962178517398987e-01
8.198198198198197728e-01	3.776562692017012335e+00	7.118610800000001460e-01	7.189614725163894215e-01
8.208208208208208623e-01	3.772757977684276565e+00	7.960392000000000579e-01	7.842288451840646601e-01
8.218218218218218407e-01	3.773247922679336508e+00	9.255440000000001444e-01	6.210604135148766192e-01
8.228228228228228192e-01	3.773492630716769103e+00	8.413658800000000104e-01	5.884267271810389444e-01
8.238238238238237976e-01	3.772024910110201468e+00	7.571877599999999875e-01	6.863277861825517467e-01
8.248248248248247760e-01	3.771852309928735103e+00	6.212077200000000188e-01	7.842288451840646601e-01
8.258258258258258655e-01	3.775150555993861179e+00	5.370296000000001069e-01	9.147635905194151373e-01
8.268268268268268439e-01	3.780123226194574748e+00	4.334257600000001043e-01	1.339001512859304244e+00
8.278278278278278224e-01	3.785219422446746584e+00	1.938418799999999942e-01	1.175833081190116092e+00
8.288288288288288008e-01	3.792355640338208378e+00	8.376279999999999837e-02	1.436902571860817046e+00
8.298298298298297793e-01	3.802807054543163368e+00	-9.754392000000000618e-02	1.567437317196167523e+00
8.308308308308308687e-01	3.814398312514449607e+00	-1.169696400000000136e-01	1.502169944528492396e+00
8.318318318318318472e-01	3.825211041440327087e+00	-1.622963199999999939e-01	1.502169944528492396e+00
8.328328328328328256e-01	3.835508240427629278e+00	-1.299201200000000000e-01	1.567437317196167523e+00
8.338338338338338041e-01	3.844652351084279385e+00	-1.622963199999999939e-01	1.469536258194654943e+00
8.348348348348347825e-01	3.850731665026831063e+00	-8.459344000000000585e-02	1.404268885526979593e+00
8.358358358358358720e-01	3.853635417410391728e+00	-1.687715600000000149e-01	1.600071003530005198e+00
8.368368368368368504e-01	3.853698238840503443e+00	-1.040191599999999994e-01	1.404268885526979593e+00
8.378378378378378288e-01	3.849713210488972859e+00	-1.428706000000000143e-01	1.371635199193141919e+00
8.388388388388388073e-01	3.842420612535882185e+00	1.290894800000000064e-01	1.339001512859304244e+00
8.398398398398397857e-01	3.834154590216056757e+00	2.003171200000000152e-01	1.273734140191629116e+00
8.408408408408408752e-01	3.824320608992812343e+00	2.197428399999999948e-01	1.273734140191629116e+00
8.418418418418418536e-01	3.811829692303564165e+00	3.103962000000000110e-01	1.110565708522440964e+00
8.428428428428428321e-01	3.798672411758468481e+00	4.917029200000000433e-01	9.473972768532528121e-01
8.438438438438438105e-01	3.787375770638472972e+00	5.435048399999999891e-01	9.147635905194151373e-01
8.448448448448447889e-01	3.779136205267374038e+00	7.377620400000000078e-01	6.863277861825517467e-01
8.458458458458458784e-01	3.774098714829857038e+00	8.089896800000000443e-01	8.821299041855775735e-01
8.468468468468468568e-01	3.771457664071681926e+00	9.255440000000001444e-01	4.905256681795260310e-01
8.478478478478478353e-01	3.770325120893414095e+00	8.413658800000000104e-01	6.210604135148766192e-01
8.488488488488488137e-01	3.770156683347328119e+00	7.442372800000001121e-01	5.557930408472013806e-01
8.498498498498497922e-01	3.771116812266147367e+00	5.823562799999999484e-01	5.884267271810389444e-01
8.508508508508508816e-01	3.773932132870965184e+00	5.240791200000000094e-01	8.494962178517398987e-01
8.518518518518518601e-01	3.778503812264891071e+00	4.399010000000000420e-01	1.143199394856278639e+00
8.528528528528528385e-01	3.784361922788553212e+00	2.067923600000000084e-01	1.306367826525466569e+00
8.538538538538538170e-01	3.791935000990590776e+00	7.728756000000000514e-02	1.371635199193141919e+00
8.548548548548547954e-01	3.801643276746389244e+00	-9.754392000000000618e-02	1.632704689863842651e+00
8.558558558558558849e-01	3.812687074520746844e+00	-1.234448800000000068e-01	1.436902571860817046e+00
8.568568568568568633e-01	3.823851298150593436e+00	-1.493458400000000075e-01	1.600071003530005198e+00
8.578578578578578417e-01	3.834487331719280689e+00	-1.363953600000000210e-01	1.339001512859304244e+00
8.588588588588588202e-01	3.843938323461014939e+00	-1.622963199999999939e-01	1.534803630862329848e+00
8.598598598598597986e-01	3.851041156401799448e+00	-9.754392000000000618e-02	1.436902571860817046e+00
8.608608608608608881e-01	3.854261193860491375e+00	-1.558210800000000007e-01	1.600071003530005198e+00
8.618618618618618665e-01	3.852862199299037727e+00	-1.104944000000000065e-01	1.371635199193141919e+00
8.628628628628628450e-01	3.848345290271379504e+00	-1.363953600000000210e-01	1.404268885526979593e+00
8.638638638638638234e-01	3.842109225830490971e+00	1.161389999999999922e-01	1.371635199193141919e+00
8.648648648648649129e-01	3.833372780772817734e+00	2.067923600000000084e-01	1.241100453857791219e+00
8.658658658658658913e-01	3.822006836187401113e+00	2.067923600000000084e-01	1.175833081190116092e+00
8.668668668668668698e-01	3.809524914881890822e+00	3.168714400000000042e-01	1.110565708522440964e+00
8.678678678678678482e-01	3.796975682128799878e+00	4.852276800000000501e-01	9.800309631870904870e-01
8.688688688688688266e-01	3.785259136014354819e+00	5.240791200000000094e-01	8.821299041855775735e-01
8.698698698698699161e-01	3.776575958113131737e+00	7.312868000000000146e-01	7.515951588502269853e-01
8.708708708708708945e-01	3.772376191398836731e+00	7.960392000000000579e-01	8.494962178517398987e-01
8.718718718718718730e-01	3.770952412599532622e+00	9.190687600000001511e-01	6.536940998487140719e-01
8.728728728728728514e-01	3.770231564655603052e+00	8.413658800000000104e-01	6.210604135148766192e-01
8.738738738738738299e-01	3.769893951325379522e+00	7.442372800000001121e-01	6.863277861825517467e-01
8.748748748748749193e-01	3.770055251404554220e+00	5.888315200000000527e-01	6.863277861825517467e-01
8.758758758758758978e-01	3.771831999325460760e+00	4.917029200000000433e-01	9.147635905194151373e-01
8.768768768768768762e-01	3.776603179373557051e+00	4.528514799999999729e-01	1.241100453857791219e+00
8.778778778778778547e-01	3.783843769205609942e+00	2.003171200000000152e-01	1.273734140191629116e+00
8.788788788788788331e-01	3.792691383182007936e+00	9.023803999999999159e-02	1.436902571860817046e+00
8.798798798798799226e-01	3.802670554640201317e+00	-9.106868000000001295e-02	1.567437317196167523e+00
8.808808808808809010e-01	3.812558480553191576e+00	-1.234448800000000068e-01	1.469536258194654943e+00
8.818818818818818794e-01	3.822387561520018018e+00	-1.622963199999999939e-01	1.567437317196167523e+00
8.828828828828828579e-01	3.833666157903326432e+00	-1.299201200000000000e-01	1.600071003530005198e+00
8.838838838838838363e-01	3.845002621911695062e+00	-1.687715600000000149e-01	1.469536258194654943e+00
8.848848848848849258e-01	3.851915016115723400e+00	-9.754392000000000618e-02	1.567437317196167523e+00
8.858858858858859042e-01	3.852684561506465766e+00	-1.622963199999999939e-01	1.600071003530005198e+00
8.868868868868868827e-01	3.850112925691189236e+00	-1.104944000000000065e-01	1.469536258194654943e+00
8.878878878878878611e-01	3.846704520786413894e+00	-1.558210800000000007e-01	1.436902571860817046e+00
8.888888888888888395e-01	3.841840254596125437e+00	1.226142399999999993e-01	1.404268885526979593e+00
8.898898898898899290e-01	3.833921409448326045e+00	2.003171200000000152e-01	1.241100453857791219e+00
8.908908908908909074e-01	3.823024515481964869e+00	2.132676000000000016e-01	1.241100453857791219e+00
8.918918918918918859e-01	3.810382978603414905e+00	3.103962000000000110e-01	1.110565708522440964e+00
8.928928928928928643e-01	3.796993065604870043e+00	4.593267200000000772e-01	9.800309631870904870e-01
8.938938938938938428e-01	3.784580257588918695e+00	5.435048399999999891e-01	8.168625315179022239e-01
8.948948948948949322e-01	3.775453977962148766e+00	7.183363200000001392e-01	7.515951588502269853e-01
8.958958958958959107e-01	3.770573265650707384e+00	7.895639599999999536e-01	7.515951588502269853e-01
8.968968968968968891e-01	3.769303355730662553e+00	9.190687600000001511e-01	6.863277861825517467e-01
8.978978978978978676e-01	3.770019021551635152e+00	8.284154000000000240e-01	6.210604135148766192e-01
8.988988988988988460e-01	3.770874007531142436e+00	7.377620400000000078e-01	8.168625315179022239e-01
8.998998998998999355e-01	3.771460724916749552e+00	6.017820000000000391e-01	6.863277861825517467e-01
9.009009009009009139e-01	3.773455206968836517e+00	5.305543600000000026e-01	9.147635905194151373e-01
9.019019019019018923e-01	3.778419146562796094e+00	4.269505200000000000e-01	1.143199394856278639e+00
9.029029029029028708e-01	3.785669798587645740e+00	1.873666400000000010e-01	1.077932022188603289e+00
9.039039039039038492e-01	3.793771793412301196e+00	9.671327999999999869e-02	1.567437317196167523e+00
9.049049049049049387e-01	3.802636502152661357e+00	-9.106868000000001295e-02	1.208466767523953767e+00
9.059059059059059171e-01	3.812623606280891142e+00	-1.234448800000000068e-01	1.600071003530005198e+00
9.069069069069068956e-01	3.823274913352830318e+00	-1.493458400000000075e-01	1.502169944528492396e+00
9.079079079079078740e-01	3.833867704166577184e+00	-1.363953600000000210e-01	1.632704689863842651e+00
9.089089089089088525e-01	3.843057985121842268e+00	-1.622963199999999939e-01	1.404268885526979593e+00
9.099099099099099419e-01	3.848967901948783243e+00	-1.040191599999999994e-01	1.534803630862329848e+00
9.109109109109109204e-01	3.851756054394591011e+00	-1.752468000000000081e-01	1.502169944528492396e+00
9.119119119119118988e-01	3.852539666691918718e+00	-1.104944000000000065e-01	1.404268885526979593e+00
9.129129129129128772e-01	3.850038423098167240e+00	-1.428706000000000143e-01	1.404268885526979593e+00
9.139139139139138557e-01	3.842772254206737959e+00	1.161389999999999922e-01	1.273734140191629116e+00
9.149149149149149451e-01	3.832409966716951555e+00	1.938418799999999942e-01	1.306367826525466569e+00
9.159159159159159236e-01	3.821696620256519239e+00	2.132676000000000016e-01	1.241100453857791219e+00
9.169169169169169020e-01	3.811099600100684270e+00	3.039209600000000178e-01	1.110565708522440964e+00
9.179179179179178805e-01	3.799846660197580217e+00	4.528514799999999729e-01	1.012664649520927940e+00
9.189189189189188589e-01	3.788482814775636864e+00	5.435048399999999891e-01	9.147635905194151373e-01
9.199199199199199484e-01	3.778896480518345147e+00	6.989106000000000485e-01	6.863277861825517467e-01
9.209209209209209268e-01	3.773204674788972479e+00	7.830887200000000714e-01	8.168625315179022239e-01
9.219219219219219053e-01	3.771721764126747090e+00	9.125935200000000469e-01	6.210604135148766192e-01
9.229229229229228837e-01	3.772073250711948766e+00	8.348906400000000172e-01	5.884267271810389444e-01
9.239239239239238621e-01	3.772157229485451069e+00	7.442372800000001121e-01	7.189614725163894215e-01
9.249249249249249516e-01	3.772394693984130409e+00	6.082572400000001434e-01	8.168625315179022239e-01
9.259259259259259300e-01	3.774210087435212913e+00	5.111286400000001340e-01	8.494962178517398987e-01
9.269269269269269085e-01	3.778288301867024135e+00	4.269505200000000000e-01	1.371635199193141919e+00
9.279279279279278869e-01	3.784875426414295418e+00	2.003171200000000152e-01	1.241100453857791219e+00
9.289289289289288654e-01	3.793622892519548095e+00	7.728756000000000514e-02	1.502169944528492396e+00
9.299299299299299548e-01	3.803302433006909400e+00	-1.169696400000000136e-01	1.567437317196167523e+00
9.309309309309309333e-01	3.813647856333181707e+00	-1.363953600000000210e-01	1.502169944528492396e+00
9.319319319319319117e-01	3.825091832979914841e+00	-1.622963199999999939e-01	1.436902571860817046e+00
9.329329329329328901e-01	3.836234659044289508e+00	-1.428706000000000143e-01	1.534803630862329848e+00
9.339339339339339796e-01	3.844872223383010379e+00	-1.752468000000000081e-01	1.469536258194654943e+00
9.349349349349349581e-01	3.850469031227617744e+00	-9.106868000000001295e-02	1.502169944528492396e+00
9.359359359359359365e-01	3.853271747508288048e+00	-1.752468000000000081e-01	1.534803630862329848e+00
9.369369369369369149e-01	3.852874912159380383e+00	-1.104944000000000065e-01	1.404268885526979593e+00
9.379379379379378934e-01	3.849166291313253829e+00	-1.428706000000000143e-01	1.502169944528492396e+00
9.389389389389389828e-01	3.842605073842618069e+00	9.671327999999999869e-02	1.404268885526979593e+00
9.399399399399399613e-01	3.833617998023123974e+00	1.873666400000000010e-01	1.404268885526979593e+00
9.409409409409409397e-01	3.823200812403648285e+00	2.067923600000000084e-01	1.175833081190116092e+00
9.419419419419419182e-01	3.812250742917396185e+00	2.974457200000000245e-01	1.077932022188603289e+00
9.429429429429428966e-01	3.800188597407497149e+00	4.593267200000000772e-01	1.012664649520927940e+00
9.439439439439439861e-01	3.787058770008151054e+00	5.111286400000001340e-01	9.147635905194151373e-01
9.449449449449449645e-01	3.776177020541580998e+00	7.118610800000001460e-01	7.515951588502269853e-01
9.459459459459459429e-01	3.771397890848602330e+00	7.960392000000000579e-01	8.494962178517398987e-01
9.469469469469469214e-01	3.771805833609881642e+00	9.190687600000001511e-01	5.557930408472013806e-01
9.479479479479478998e-01	3.772629023103474477e+00	8.284154000000000240e-01	7.189614725163894215e-01
9.489489489489489893e-01	3.771863206273795566e+00	7.442372800000001121e-01	6.863277861825517467e-01
9.499499499499499677e-01	3.771703199005219442e+00	5.823562799999999484e-01	8.821299041855775735e-01
9.509509509509509462e-01	3.774217446362272188e+00	4.787524399999999458e-01	8.168625315179022239e-01
9.519519519519519246e-01	3.779372433059356773e+00	4.334257600000001043e-01	1.339001512859304244e+00
9.529529529529529031e-01	3.785961651493467972e+00	1.938418799999999942e-01	1.045298335854765615e+00
9.539539539539539925e-01	3.793664088353555730e+00	7.081231999999999804e-02	1.436902571860817046e+00
9.549549549549549710e-01	3.803468567043774673e+00	-9.754392000000000618e-02	1.469536258194654943e+00
9.559559559559559494e-01	3.814825616426414712e+00	-1.234448800000000068e-01	1.339001512859304244e+00
9.569569569569569278e-01	3.825517869969160323e+00	-1.428706000000000143e-01	1.600071003530005198e+00
9.579579579579579063e-01	3.834981390659976341e+00	-1.428706000000000143e-01	1.469536258194654943e+00
9.589589589589589957e-01	3.843822578270408297e+00	-1.687715600000000149e-01	1.567437317196167523e+00
9.599599599599599742e-01	3.850956393431174796e+00	-9.106868000000001295e-02	1.502169944528492396e+00
9.609609609609609526e-01	3.854125448615435712e+00	-1.817220400000000013e-01	1.567437317196167523e+00
9.619619619619619311e-01	3.852876718182092208e+00	-1.104944000000000065e-01	1.371635199193141919e+00
9.629629629629629095e-01	3.849275506932321012e+00	-1.493458400000000075e-01	1.469536258194654943e+00
9.639639639639639990e-01	3.843779586362525258e+00	1.161389999999999922e-01	1.339001512859304244e+00
9.649649649649649774e-01	3.834618069491182002e+00	1.938418799999999942e-01	1.241100453857791219e+00
9.659659659659659559e-01	3.822842774700449198e+00	2.003171200000000152e-01	1.208466767523953767e+00
9.669669669669669343e-01	3.811159231069203734e+00	3.039209600000000178e-01	1.077932022188603289e+00
9.679679679679679127e-01	3.799489600247042631e+00	4.787524399999999458e-01	1.077932022188603289e+00
9.689689689689690022e-01	3.787589637050034153e+00	5.435048399999999891e-01	8.168625315179022239e-01
9.699699699699699806e-01	3.778219974917896185e+00	7.118610800000001460e-01	7.515951588502269853e-01
9.709709709709709591e-01	3.773485977594849050e+00	7.766134800000000782e-01	8.168625315179022239e-01
9.719719719719719375e-01	3.771956080530623812e+00	9.061182800000000537e-01	6.536940998487140719e-01
9.729729729729729160e-01	3.771278611602290276e+00	8.219401600000000307e-01	5.557930408472013806e-01
9.739739739739740054e-01	3.770591481232768327e+00	7.442372800000001121e-01	6.863277861825517467e-01
9.749749749749749839e-01	3.771026737827115394e+00	5.564553199999999755e-01	7.515951588502269853e-01
9.759759759759759623e-01	3.774170350818863984e+00	4.981781600000000365e-01	9.800309631870904870e-01
9.769769769769769407e-01	3.779763479049944586e+00	4.269505200000000000e-01	1.306367826525466569e+00
9.779779779779779192e-01	3.786679594365074397e+00	2.003171200000000152e-01	1.306367826525466569e+00
9.789789789789790087e-01	3.794503339877738579e+00	7.728756000000000514e-02	1.469536258194654943e+00
9.799799799799799871e-01	3.803389782506890526e+00	-1.104944000000000065e-01	1.600071003530005198e+00
9.809809809809809655e-01	3.813580838440074228e+00	-1.299201200000000000e-01	1.436902571860817046e+00
9.819819819819819440e-01	3.824436278888984297e+00	-1.428706000000000143e-01	1.600071003530005198e+00
9.829829829829829224e-01	3.834919963614868088e+00	-1.493458400000000075e-01	1.502169944528492396e+00
9.839839839839840119e-01	3.844536421279259653e+00	-1.558210800000000007e-01	1.534803630862329848e+00
9.849849849849849903e-01	3.851733378258286766e+00	-9.106868000000001295e-02	1.502169944528492396e+00
9.859859859859859688e-01	3.854269403361981539e+00	-1.622963199999999939e-01	1.567437317196167523e+00
9.869869869869869472e-01	3.852458013413874838e+00	-1.234448800000000068e-01	1.436902571860817046e+00
9.879879879879879256e-01	3.848534290874063846e+00	-1.622963199999999939e-01	1.404268885526979593e+00
9.889889889889890151e-01	3.843005763855107393e+00	9.671327999999999869e-02	1.306367826525466569e+00
9.899899899899899935e-01	3.834739633944827641e+00	2.003171200000000152e-01	1.306367826525466569e+00
9.909909909909909720e-01	3.823722637363825783e+00	2.197428399999999948e-01	1.241100453857791219e+00
9.919919919919919504e-01	3.811171060405583955e+00	2.974457200000000245e-01	1.077932022188603289e+00
9.929929929929930399e-01	3.798329668493683808e+00	4.658019600000000704e-01	1.012664649520927940e+00
9.939939939939940183e-01	3.786560741148235376e+00	5.305543600000000026e-01	9.147635905194151373e-01
9.949949949949949968e-01	3.777608859335717550e+00	7.118610800000001460e-01	7.189614725163894215e-01
9.959959959959959752e-01	3.772956680230301174e+00	7.701382400000000850e-01	7.842288451840646601e-01
9.969969969969969537e-01	3.771764573197838644e+00	8.931677999999999562e-01	6.536940998487140719e-01
9.979979979979980431e-01	3.771301514542022559e+00	8.089896800000000443e-01	5.884267271810389444e-01
9.989989989989990216e-01	3.770678929951919223e+00	7.312868000000000146e-01	7.842288451840646601e-01
1.000000000000000000e+00	3.770582262123400419e+00	5.499800799999999823e-01	6.863277861825517467e-01
