Time(s)\disp(mm)\Force(Lb)\Force(Lb)
0.000000000000000000e+00	3.832472537161546455e+00	6.433707999999999094e-02	1.306367826525466569e+00
1.001001001001000992e-03	3.830125313145757548e+00	2.067923600000000084e-01	1.175833081190116092e+00
2.002002002002001985e-03	3.828071960377461558e+00	1.549904400000000071e-01	1.077932022188603289e+00
3.003003003003002977e-03	3.826644495267147672e+00	1.808914000000000077e-01	1.404268885526979593e+00
4.004004004004003969e-03	3.824584728598929839e+00	1.614656800000000003e-01	1.241100453857791219e+00
5.005005005005004962e-03	3.821278700968812281e+00	1.679409199999999935e-01	1.306367826525466569e+00
6.006006006006005954e-03	3.817290834289274848e+00	3.103962000000000110e-01	1.436902571860817046e+00
7.007007007007006946e-03	3.812627446854322866e+00	3.298219200000001017e-01	1.045298335854765615e+00
8.008008008008007939e-03	3.808505618124439440e+00	4.722772000000000081e-01	1.208466767523953767e+00
9.009009009009008931e-03	3.806337753169473093e+00	4.981781600000000365e-01	7.842288451840646601e-01
1.001001001001000992e-02	3.804947796752996325e+00	5.111286400000001340e-01	1.077932022188603289e+00
1.101101101101101092e-02	3.802545843600863673e+00	4.722772000000000081e-01	8.821299041855775735e-01
1.201201201201201191e-02	3.799116657662079177e+00	6.017820000000000391e-01	8.821299041855775735e-01
1.301301301301301290e-02	3.795623711212960938e+00	5.953067600000000459e-01	9.473972768532528121e-01
1.401401401401401389e-02	3.792498120366043501e+00	6.276829600000000120e-01	9.473972768532528121e-01
1.501501501501501488e-02	3.789094378457045664e+00	7.701382400000000850e-01	6.863277861825517467e-01
1.601601601601601588e-02	3.784513735721494854e+00	8.025144400000000511e-01	9.147635905194151373e-01
1.701701701701701513e-02	3.779993049009021000e+00	7.571877599999999875e-01	6.210604135148766192e-01
1.801801801801801786e-02	3.777984634504309103e+00	8.154649200000001485e-01	5.231593545133637058e-01
1.901901901901902059e-02	3.777567345782962605e+00	9.967716399999999588e-01	4.578919818456884672e-01
2.002002002002001985e-02	3.775798656089642158e+00	1.132751680000000150e+00	4.252582955118507924e-01
2.102102102102101910e-02	3.772786809971758970e+00	1.236355520000000041e+00	3.599909228441755538e-01
2.202202202202202183e-02	3.770352964898729731e+00	1.132751680000000150e+00	2.947235501765002597e-01
2.302302302302302456e-02	3.768768800010499742e+00	1.236355520000000041e+00	5.231593545133637058e-01
2.402402402402402382e-02	3.767577096114726132e+00	1.210454560000000068e+00	2.947235501765002597e-01
2.502502502502502307e-02	3.766712244684067734e+00	1.255781239999999910e+00	1.315551185073121632e-01
2.602602602602602580e-02	3.766260047973301273e+00	1.223405040000000055e+00	3.926246091780131731e-01
2.702702702702702853e-02	3.766342478006522665e+00	1.242830760000000145e+00	1.315551185073121632e-01
2.802802802802802778e-02	3.766901940447414887e+00	1.236355520000000041e+00	2.947235501765002597e-01
2.902902902902902704e-02	3.767272211678744931e+00	1.236355520000000041e+00	3.599909228441755538e-01
3.003003003003002977e-02	3.766876700033768177e+00	1.242830760000000145e+00	1.968224911749873740e-01
3.103103103103103250e-02	3.766245353472307045e+00	1.236355520000000041e+00	3.926246091780131731e-01
3.203203203203203175e-02	3.766386250041533046e+00	1.236355520000000041e+00	2.294561775088249655e-01
3.303303303303303101e-02	3.767294991889361455e+00	1.236355520000000041e+00	3.273572365103378790e-01
3.403403403403403027e-02	3.767681479548849133e+00	1.236355520000000041e+00	4.578919818456884672e-01
3.503503503503503647e-02	3.767042152172691338e+00	1.229880280000000159e+00	1.968224911749873740e-01
3.603603603603603572e-02	3.766255040506278906e+00	1.236355520000000041e+00	2.620898638426626404e-01
3.703703703703703498e-02	3.765836841195918439e+00	1.327008879999999946e+00	1.968224911749873740e-01
3.803803803803804118e-02	3.765991246385554270e+00	1.152177400000000018e+00	3.599909228441755538e-01
3.903903903903904044e-02	3.766630703334266528e+00	1.178078360000000213e+00	6.536940998487140719e-01
4.004004004004003969e-02	3.767327739292734456e+00	9.643954399999999927e-01	4.905256681795260310e-01
4.104104104104103895e-02	3.768090974060171128e+00	9.514449600000001173e-01	7.515951588502269853e-01
4.204204204204203821e-02	3.768772485698946184e+00	8.996430400000000605e-01	4.252582955118507924e-01
4.304304304304304440e-02	3.769408108154703285e+00	7.507125199999999943e-01	7.515951588502269853e-01
4.404404404404404366e-02	3.770476490372673517e+00	7.895639599999999536e-01	5.884267271810389444e-01
4.504504504504504292e-02	3.771754008879787179e+00	7.507125199999999943e-01	6.210604135148766192e-01
4.604604604604604912e-02	3.773025758231888904e+00	6.082572400000001434e-01	9.147635905194151373e-01
4.704704704704704837e-02	3.774761289891889415e+00	7.053858400000000417e-01	7.189614725163894215e-01
4.804804804804804763e-02	3.776935032149622451e+00	6.859601199999999510e-01	1.241100453857791219e+00
4.904904904904904689e-02	3.778626010560419690e+00	6.082572400000001434e-01	1.077932022188603289e+00
5.005005005005004615e-02	3.779366205399583123e+00	4.204752800000000068e-01	1.241100453857791219e+00
5.105105105105105234e-02	3.780030134722844881e+00	5.176038800000000162e-01	1.110565708522440964e+00
5.205205205205205160e-02	3.781778777728832530e+00	2.650695199999999474e-01	9.800309631870904870e-01
5.305305305305305086e-02	3.784467777677164690e+00	1.808914000000000077e-01	1.045298335854765615e+00
5.405405405405405705e-02	3.787453767109867808e+00	1.614656800000000003e-01	1.110565708522440964e+00
5.505505505505505631e-02	3.791564723843362739e+00	1.355647199999999997e-01	9.473972768532528121e-01
5.605605605605605557e-02	3.796990807137256230e+00	1.901039999999999675e-02	1.436902571860817046e+00
5.705705705705705483e-02	3.801417573123013316e+00	7.081231999999999804e-02	1.436902571860817046e+00
5.805805805805805409e-02	3.803511078271097468e+00	-5.221724000000000504e-02	1.600071003530005198e+00
5.905905905905906028e-02	3.804621031958120625e+00	3.196087999999999707e-02	1.534803630862329848e+00
6.006006006006005954e-02	3.806706448092606276e+00	4.491135999999999739e-02	1.273734140191629116e+00
6.106106106106105880e-02	3.810674357722370065e+00	9.671327999999999869e-02	1.534803630862329848e+00
6.206206206206206499e-02	3.815304530654385129e+00	3.843611999999999723e-02	1.208466767523953767e+00
6.306306306306305731e-02	3.818823203804354804e+00	1.614656800000000003e-01	1.241100453857791219e+00
6.406406406406406351e-02	3.821574611842708080e+00	-4.153200000000037417e-04	1.502169944528492396e+00
6.506506506506506970e-02	3.824930747928704911e+00	-3.926676000000000472e-02	1.567437317196167523e+00
6.606606606606606202e-02	3.828882789662671371e+00	-8.459344000000000585e-02	1.763239435199193128e+00
6.706706706706706822e-02	3.831990673752559307e+00	-9.106868000000001295e-02	1.632704689863842651e+00
6.806806806806806054e-02	3.833963099925989937e+00	-3.926676000000000472e-02	1.469536258194654943e+00
6.906906906906906674e-02	3.836213966766894412e+00	-1.104944000000000065e-01	1.697972062531518000e+00
7.007007007007007293e-02	3.838827187449484590e+00	-5.221724000000000504e-02	1.436902571860817046e+00
7.107107107107106525e-02	3.841450277201179375e+00	-7.811819999999999875e-02	1.567437317196167523e+00
7.207207207207207145e-02	3.844707412678958214e+00	-1.558210800000000007e-01	1.567437317196167523e+00
7.307307307307307764e-02	3.847626893074632903e+00	-1.881972800000000223e-01	1.600071003530005198e+00
7.407407407407406996e-02	3.848888811561732570e+00	-2.140982399999999952e-01	1.730605748865355453e+00
7.507507507507507616e-02	3.849657725182737522e+00	-1.946725200000000155e-01	1.697972062531518000e+00
7.607607607607608236e-02	3.851374410230413048e+00	-1.752468000000000081e-01	1.991675239536056408e+00
7.707707707707707467e-02	3.853041357837277303e+00	-1.817220400000000013e-01	1.665338376197680104e+00
7.807807807807808087e-02	3.853188305082307696e+00	-2.464744400000000168e-01	1.600071003530005198e+00
7.907907907907907319e-02	3.852453970978556796e+00	-1.622963199999999939e-01	1.567437317196167523e+00
8.008008008008007939e-02	3.852364668750309029e+00	-1.817220400000000013e-01	1.632704689863842651e+00
8.108108108108108558e-02	3.853431014906208318e+00	-1.817220400000000013e-01	1.534803630862329848e+00
8.208208208208207790e-02	3.854656236460535457e+00	-1.817220400000000013e-01	1.730605748865355453e+00
8.308308308308308410e-02	3.854846981637977787e+00	-2.982763600000000181e-01	1.502169944528492396e+00
8.408408408408407642e-02	3.854275797979222595e+00	-2.140982399999999952e-01	1.534803630862329848e+00
8.508508508508508261e-02	3.853737691618410732e+00	-1.622963199999999939e-01	1.600071003530005198e+00
8.608608608608608881e-02	3.853430505727002409e+00	-1.493458400000000075e-01	1.600071003530005198e+00
8.708708708708708113e-02	3.853122976994950211e+00	-1.687715600000000149e-01	1.893774180534543827e+00
8.808808808808808732e-02	3.853028209712546559e+00	-1.104944000000000065e-01	1.567437317196167523e+00
8.908908908908909352e-02	3.853738777605933752e+00	-2.011477600000000088e-01	1.502169944528492396e+00
9.009009009009008584e-02	3.853778211761895278e+00	-1.493458400000000075e-01	1.567437317196167523e+00
9.109109109109109204e-02	3.851495043993364842e+00	-1.040191599999999994e-01	1.534803630862329848e+00
9.209209209209209823e-02	3.848844140050388773e+00	-6.516772000000001230e-02	1.632704689863842651e+00
9.309309309309309055e-02	3.847614536460391310e+00	-1.040191599999999994e-01	1.697972062531518000e+00
9.409409409409409675e-02	3.846753417364888961e+00	-9.754392000000000618e-02	1.632704689863842651e+00
9.509509509509508907e-02	3.845541586085093222e+00	-6.516772000000001230e-02	1.371635199193141919e+00
9.609609609609609526e-02	3.844159294872513843e+00	-6.890560000000003904e-03	1.404268885526979593e+00
9.709709709709710146e-02	3.842623620982841715e+00	3.843611999999999723e-02	1.339001512859304244e+00
9.809809809809809378e-02	3.840905866765510712e+00	3.843611999999999723e-02	1.208466767523953767e+00
9.909909909909909997e-02	3.838786409935289079e+00	7.081231999999999804e-02	1.502169944528492396e+00
1.001001001001000923e-01	3.836257184144067356e+00	5.786183999999999772e-02	1.241100453857791219e+00
1.011011011011010985e-01	3.833782490417670274e+00	1.873666400000000010e-01	1.730605748865355453e+00
1.021021021021021047e-01	3.831439424495323820e+00	1.485152000000000139e-01	1.436902571860817046e+00
1.031031031031030970e-01	3.828334513367046110e+00	1.485152000000000139e-01	1.371635199193141919e+00
1.041041041041041032e-01	3.824013248945597354e+00	1.420399599999999929e-01	1.241100453857791219e+00
1.051051051051051094e-01	3.820026746545559071e+00	1.679409199999999935e-01	1.077932022188603289e+00
1.061061061061061017e-01	3.817352248091407940e+00	2.974457200000000245e-01	9.147635905194151373e-01
1.071071071071071079e-01	3.814267378144597043e+00	3.298219200000001017e-01	1.143199394856278639e+00
1.081081081081081141e-01	3.810381325824719223e+00	4.593267200000000772e-01	7.515951588502269853e-01
1.091091091091091064e-01	3.807786385009523489e+00	5.176038800000000162e-01	1.306367826525466569e+00
1.101101101101101126e-01	3.806177468197230240e+00	5.046534000000000297e-01	1.110565708522440964e+00
1.111111111111111049e-01	3.803086741858595410e+00	4.593267200000000772e-01	1.045298335854765615e+00
1.121121121121121111e-01	3.798226475595095408e+00	5.953067600000000459e-01	1.143199394856278639e+00
1.131131131131131173e-01	3.793438756116127575e+00	5.564553199999999755e-01	5.884267271810389444e-01
1.141141141141141097e-01	3.789918697884748777e+00	6.341582000000000052e-01	7.515951588502269853e-01
1.151151151151151159e-01	3.787445168472525658e+00	7.377620400000000078e-01	5.884267271810389444e-01
1.161161161161161082e-01	3.785826054938585372e+00	7.895639599999999536e-01	4.905256681795260310e-01
1.171171171171171144e-01	3.784546065144144933e+00	7.701382400000000850e-01	6.863277861825517467e-01
1.181181181181181206e-01	3.781890051411632037e+00	8.089896800000000443e-01	6.536940998487140719e-01
1.191191191191191129e-01	3.777825477282709787e+00	9.838211600000000834e-01	5.231593545133637058e-01
1.201201201201201191e-01	3.774471787464979133e+00	1.113325960000000059e+00	6.536940998487140719e-01
1.211211211211211253e-01	3.772539492847242659e+00	1.223405040000000055e+00	3.599909228441755538e-01
1.221221221221221176e-01	3.771063338019911004e+00	1.106850720000000177e+00	5.231593545133637058e-01
1.231231231231231238e-01	3.769158215827980385e+00	1.216929799999999950e+00	9.892143217347457163e-02
1.241241241241241300e-01	3.767150792301912077e+00	1.184553600000000095e+00	1.641888048411497825e-01
1.251251251251251362e-01	3.766295777763438490e+00	1.191028839999999978e+00	3.599909228441755538e-01
1.261261261261261146e-01	3.766434786869261586e+00	1.216929799999999950e+00	1.968224911749873740e-01
1.271271271271271208e-01	3.765942797423205146e+00	1.236355520000000041e+00	2.620898638426626404e-01
1.281281281281281270e-01	3.764607100024724318e+00	1.229880280000000159e+00	2.947235501765002597e-01
1.291291291291291332e-01	3.764232274090190344e+00	1.229880280000000159e+00	3.273572365103378790e-01
1.301301301301301394e-01	3.765416605936293681e+00	1.236355520000000041e+00	2.620898638426626404e-01
1.311311311311311179e-01	3.766484840129811662e+00	1.223405040000000055e+00	2.620898638426626404e-01
1.321321321321321240e-01	3.766569034460764520e+00	1.229880280000000159e+00	2.294561775088249655e-01
1.331331331331331302e-01	3.766388943243278664e+00	1.236355520000000041e+00	2.620898638426626404e-01
1.341341341341341364e-01	3.766372156271200033e+00	1.216929799999999950e+00	2.947235501765002597e-01
1.351351351351351426e-01	3.766384469382593636e+00	1.216929799999999950e+00	3.599909228441755538e-01
1.361361361361361211e-01	3.766400996884112562e+00	1.236355520000000041e+00	2.947235501765002597e-01
1.371371371371371273e-01	3.766507209433236802e+00	1.327008879999999946e+00	3.599909228441755538e-01
1.381381381381381335e-01	3.766424831396203210e+00	1.132751680000000150e+00	3.599909228441755538e-01
1.391391391391391397e-01	3.765775242990062388e+00	1.171603120000000109e+00	5.231593545133637058e-01
1.401401401401401459e-01	3.765416628280874534e+00	9.514449600000001173e-01	5.231593545133637058e-01
1.411411411411411521e-01	3.766698879878983774e+00	9.061182800000000537e-01	4.905256681795260310e-01
1.421421421421421305e-01	3.768932946171144049e+00	8.737420800000000876e-01	4.578919818456884672e-01
1.431431431431431367e-01	3.770252579287332040e+00	7.766134800000000782e-01	7.189614725163894215e-01
1.441441441441441429e-01	3.770588483121479761e+00	7.701382400000000850e-01	6.863277861825517467e-01
1.451451451451451491e-01	3.771424697984681718e+00	7.507125199999999943e-01	9.800309631870904870e-01
1.461461461461461553e-01	3.773029696696725832e+00	6.276829600000000120e-01	7.515951588502269853e-01
1.471471471471471337e-01	3.774219973270154682e+00	6.730096400000000756e-01	9.473972768532528121e-01
1.481481481481481399e-01	3.775126697752050564e+00	6.730096400000000756e-01	7.515951588502269853e-01
1.491491491491491461e-01	3.777185088606716423e+00	5.953067600000000459e-01	7.515951588502269853e-01
1.501501501501501523e-01	3.780176008161735268e+00	4.140000400000000136e-01	9.147635905194151373e-01
1.511511511511511585e-01	3.782526139627844675e+00	5.240791200000000094e-01	7.189614725163894215e-01
1.521521521521521647e-01	3.783746428132712669e+00	2.326933200000000090e-01	1.273734140191629116e+00
1.531531531531531432e-01	3.785150712508660753e+00	1.873666400000000010e-01	1.143199394856278639e+00
1.541541541541541493e-01	3.788219748802355902e+00	1.290894800000000064e-01	1.534803630862329848e+00
1.551551551551551555e-01	3.791661953388344219e+00	1.226142399999999993e-01	1.436902571860817046e+00
1.561561561561561617e-01	3.793772688297925466e+00	-4.153200000000037417e-04	1.404268885526979593e+00
1.571571571571571679e-01	3.795969483872279948e+00	5.786183999999999772e-02	1.404268885526979593e+00
1.581581581581581464e-01	3.799472213008106003e+00	-7.164296000000000553e-02	1.077932022188603289e+00
1.591591591591591526e-01	3.803758120722738667e+00	6.059919999999996421e-03	9.800309631870904870e-01
1.601601601601601588e-01	3.808230740183911056e+00	7.081231999999999804e-02	1.436902571860817046e+00
1.611611611611611650e-01	3.812100004656823860e+00	8.376279999999999837e-02	1.339001512859304244e+00
1.621621621621621712e-01	3.815215775948764598e+00	3.843611999999999723e-02	1.730605748865355453e+00
1.631631631631631496e-01	3.817823076871976085e+00	1.420399599999999929e-01	1.763239435199193128e+00
1.641641641641641558e-01	3.819746492555257777e+00	-6.890560000000003904e-03	1.502169944528492396e+00
1.651651651651651620e-01	3.821978663719691749e+00	-5.869248000000000520e-02	1.763239435199193128e+00
1.661661661661661682e-01	3.825722217785202162e+00	-5.869248000000000520e-02	1.339001512859304244e+00
1.671671671671671744e-01	3.829794420192266458e+00	-8.459344000000000585e-02	1.502169944528492396e+00
1.681681681681681528e-01	3.833009409301633585e+00	-5.869248000000000520e-02	1.502169944528492396e+00
1.691691691691691590e-01	3.836452819170136141e+00	-1.104944000000000065e-01	1.404268885526979593e+00
1.701701701701701652e-01	3.840182704204263331e+00	-6.516772000000001230e-02	1.632704689863842651e+00
1.711711711711711714e-01	3.842213416342022736e+00	-7.811819999999999875e-02	1.665338376197680104e+00
1.721721721721721776e-01	3.842546135353858805e+00	-1.687715600000000149e-01	1.730605748865355453e+00
1.731731731731731838e-01	3.843645561256204601e+00	-1.946725200000000155e-01	1.763239435199193128e+00
1.741741741741741623e-01	3.846282916449763611e+00	-2.205734800000000162e-01	1.436902571860817046e+00
1.751751751751751685e-01	3.848528269486231945e+00	-1.881972800000000223e-01	1.763239435199193128e+00
1.761761761761761746e-01	3.849098527910443046e+00	-1.752468000000000081e-01	1.567437317196167523e+00
1.771771771771771808e-01	3.849581381526945290e+00	-1.817220400000000013e-01	1.469536258194654943e+00
1.781781781781781870e-01	3.851886030086824508e+00	-2.529496800000000101e-01	1.600071003530005198e+00
1.791791791791791655e-01	3.854270754220173067e+00	-1.752468000000000081e-01	1.534803630862329848e+00
1.801801801801801717e-01	3.854090646744481319e+00	-1.752468000000000081e-01	1.763239435199193128e+00
1.811811811811811779e-01	3.852681135205803020e+00	-1.881972800000000223e-01	1.665338376197680104e+00
1.821821821821821841e-01	3.852293486929943001e+00	-1.687715600000000149e-01	1.730605748865355453e+00
1.831831831831831903e-01	3.852511344019570405e+00	-3.112268400000000046e-01	1.730605748865355453e+00
1.841841841841841965e-01	3.852508274860810378e+00	-2.205734800000000162e-01	1.730605748865355453e+00
1.851851851851851749e-01	3.852610643861727358e+00	-1.558210800000000007e-01	1.567437317196167523e+00
1.861861861861861811e-01	3.853016707090148429e+00	-1.363953600000000210e-01	1.632704689863842651e+00
1.871871871871871873e-01	3.853020991424891850e+00	-1.558210800000000007e-01	1.665338376197680104e+00
1.881881881881881935e-01	3.852260392072867301e+00	-1.104944000000000065e-01	1.600071003530005198e+00
1.891891891891891997e-01	3.851295961633616649e+00	-2.140982399999999952e-01	1.567437317196167523e+00
1.901901901901901781e-01	3.850435361938125745e+00	-1.558210800000000007e-01	1.600071003530005198e+00
1.911911911911911843e-01	3.849526816799925921e+00	-1.104944000000000065e-01	1.600071003530005198e+00
1.921921921921921905e-01	3.848760170885935583e+00	-7.811819999999999875e-02	1.502169944528492396e+00
1.931931931931931967e-01	3.848485028715425305e+00	-9.754392000000000618e-02	1.436902571860817046e+00
1.941941941941942029e-01	3.848091015885767963e+00	-9.106868000000001295e-02	1.534803630862329848e+00
1.951951951951951814e-01	3.846468636897681481e+00	-5.869248000000000520e-02	1.371635199193141919e+00
1.961961961961961876e-01	3.843744871780526040e+00	-1.984104000000000423e-02	1.600071003530005198e+00
1.971971971971971938e-01	3.841208956431500621e+00	3.843611999999999723e-02	1.436902571860817046e+00
1.981981981981981999e-01	3.839545740506948412e+00	3.843611999999999723e-02	1.600071003530005198e+00
1.991991991991992061e-01	3.837983792132050542e+00	5.786183999999999772e-02	1.339001512859304244e+00
2.002002002002001846e-01	3.835632455058856305e+00	6.433707999999999094e-02	1.567437317196167523e+00
2.012012012012011908e-01	3.832485662919609126e+00	1.808914000000000077e-01	1.143199394856278639e+00
2.022022022022021970e-01	3.829020726396324292e+00	1.485152000000000139e-01	1.143199394856278639e+00
2.032032032032032032e-01	3.826045475570343246e+00	1.485152000000000139e-01	1.175833081190116092e+00
2.042042042042042094e-01	3.824095768887146196e+00	1.420399599999999929e-01	9.473972768532528121e-01
2.052052052052052156e-01	3.822512469375789479e+00	1.549904400000000071e-01	1.371635199193141919e+00
2.062062062062061940e-01	3.820112181970985787e+00	3.039209600000000178e-01	1.077932022188603289e+00
2.072072072072072002e-01	3.816696476697573726e+00	3.103962000000000110e-01	1.436902571860817046e+00
2.082082082082082064e-01	3.812975377492713758e+00	4.917029200000000433e-01	1.273734140191629116e+00
2.092092092092092126e-01	3.809125890318572960e+00	4.981781600000000365e-01	1.143199394856278639e+00
2.102102102102102188e-01	3.804580332907086859e+00	4.658019600000000704e-01	8.168625315179022239e-01
2.112112112112111972e-01	3.800147810320155806e+00	4.722772000000000081e-01	6.863277861825517467e-01
2.122122122122122034e-01	3.797688036799129474e+00	6.017820000000000391e-01	5.557930408472013806e-01
2.132132132132132096e-01	3.796351153159802205e+00	5.888315200000000527e-01	7.842288451840646601e-01
2.142142142142142158e-01	3.793910110520821721e+00	6.147324800000000256e-01	6.863277861825517467e-01
2.152152152152152220e-01	3.790473181776184752e+00	7.377620400000000078e-01	9.473972768532528121e-01
2.162162162162162282e-01	3.786670325384345670e+00	7.830887200000000714e-01	7.189614725163894215e-01
2.172172172172172067e-01	3.782701763165521314e+00	7.377620400000000078e-01	8.168625315179022239e-01
2.182182182182182129e-01	3.779523859539959396e+00	7.895639599999999536e-01	6.863277861825517467e-01
2.192192192192192191e-01	3.777499721552095124e+00	9.708706800000000969e-01	3.599909228441755538e-01
2.202202202202202252e-01	3.776115692231071463e+00	1.100375480000000072e+00	3.926246091780131731e-01
2.212212212212212314e-01	3.774665618349808849e+00	1.203979319999999964e+00	3.273572365103378790e-01
2.222222222222222099e-01	3.772766011023597432e+00	1.093900239999999968e+00	1.968224911749873740e-01
2.232232232232232161e-01	3.770945260850983249e+00	1.210454560000000068e+00	4.578919818456884672e-01
2.242242242242242223e-01	3.769508891821492735e+00	1.178078360000000213e+00	2.620898638426626404e-01
2.252252252252252285e-01	3.768501779860518930e+00	1.171603120000000109e+00	4.252582955118507924e-01
2.262262262262262347e-01	3.768146980775365584e+00	1.197504080000000082e+00	5.557930408472013806e-01
2.272272272272272131e-01	3.767646848415120875e+00	1.216929799999999950e+00	9.892143217347457163e-02
2.282282282282282193e-01	3.766193879376310782e+00	1.210454560000000068e+00	3.273572365103378790e-01
2.292292292292292255e-01	3.765183652919533053e+00	1.210454560000000068e+00	1.315551185073121632e-01
2.302302302302302317e-01	3.765892711938846560e+00	1.223405040000000055e+00	1.968224911749873740e-01
2.312312312312312379e-01	3.766599715030668261e+00	1.216929799999999950e+00	2.947235501765002597e-01
2.322322322322322163e-01	3.766307396243206984e+00	1.203979319999999964e+00	2.947235501765002597e-01
2.332332332332332225e-01	3.766421025868537775e+00	1.216929799999999950e+00	3.599909228441755538e-01
2.342342342342342287e-01	3.766629524144120111e+00	1.197504080000000082e+00	3.599909228441755538e-01
2.352352352352352349e-01	3.766077098730186368e+00	1.197504080000000082e+00	3.599909228441755538e-01
2.362362362362362411e-01	3.765954783294020558e+00	1.216929799999999950e+00	3.926246091780131731e-01
2.372372372372372473e-01	3.766646639862682555e+00	1.301107919999999973e+00	3.599909228441755538e-01
2.382382382382382258e-01	3.767172034204095521e+00	1.119801199999999941e+00	3.273572365103378790e-01
2.392392392392392320e-01	3.767755097355405702e+00	1.152177400000000018e+00	4.905256681795260310e-01
2.402402402402402382e-01	3.768906823892443025e+00	9.190687600000001511e-01	4.578919818456884672e-01
2.412412412412412444e-01	3.769734720995141508e+00	8.996430400000000605e-01	6.863277861825517467e-01
2.422422422422422505e-01	3.769826166300331405e+00	8.672668400000000943e-01	7.189614725163894215e-01
2.432432432432432290e-01	3.770130208541925931e+00	7.636630000000000917e-01	6.210604135148766192e-01
2.442442442442442352e-01	3.770938876463356237e+00	7.701382400000000850e-01	7.515951588502269853e-01
2.452452452452452414e-01	3.771632147630571641e+00	7.571877599999999875e-01	7.515951588502269853e-01
2.462462462462462476e-01	3.772543182805887962e+00	6.147324800000000256e-01	7.515951588502269853e-01
2.472472472472472538e-01	3.774770356999961773e+00	6.794848799999999578e-01	9.473972768532528121e-01
2.482482482482482600e-01	3.777695387755204415e+00	6.600591600000000891e-01	8.821299041855775735e-01
2.492492492492492384e-01	3.779529824591074672e+00	5.823562799999999484e-01	1.045298335854765615e+00
2.502502502502502724e-01	3.780304779771310297e+00	4.075248000000000759e-01	1.045298335854765615e+00
2.512512512512512508e-01	3.781289026869806058e+00	5.046534000000000297e-01	1.241100453857791219e+00
2.522522522522522292e-01	3.782914174761717874e+00	2.456437999999999955e-01	1.045298335854765615e+00
2.532532532532532632e-01	3.785210520493316189e+00	1.679409199999999935e-01	1.273734140191629116e+00
2.542542542542542416e-01	3.788066364839526745e+00	1.485152000000000139e-01	1.077932022188603289e+00
2.552552552552552756e-01	3.790867507378714585e+00	9.671327999999999869e-02	1.077932022188603289e+00
2.562562562562562540e-01	3.793852534586156011e+00	-4.153200000000037417e-04	1.208466767523953767e+00
2.572572572572572325e-01	3.798167285655794423e+00	5.786183999999999772e-02	1.045298335854765615e+00
2.582582582582582664e-01	3.803328296390905194e+00	-7.164296000000000553e-02	1.632704689863842651e+00
2.592592592592592449e-01	3.807256509198812200e+00	2.548563999999999691e-02	1.208466767523953767e+00
2.602602602602602788e-01	3.809268701065120499e+00	5.138659999999999756e-02	1.697972062531518000e+00
2.612612612612612573e-01	3.810657113193487433e+00	7.081231999999999804e-02	1.567437317196167523e+00
2.622622622622622357e-01	3.812659126147543098e+00	3.196087999999999707e-02	1.534803630862329848e+00
2.632632632632632697e-01	3.815454838307091201e+00	1.290894800000000064e-01	1.436902571860817046e+00
2.642642642642642481e-01	3.818994032743721512e+00	6.059919999999996421e-03	1.339001512859304244e+00
2.652652652652652820e-01	3.823412944264552138e+00	-5.869248000000000520e-02	1.306367826525466569e+00
2.662662662662662605e-01	3.827775493876422797e+00	-7.811819999999999875e-02	1.665338376197680104e+00
2.672672672672672389e-01	3.831084174356821581e+00	-9.754392000000000618e-02	1.404268885526979593e+00
2.682682682682682729e-01	3.833987544013893523e+00	-4.574200000000000488e-02	1.861140494200705930e+00
2.692692692692692513e-01	3.836479923366514111e+00	-1.169696400000000136e-01	1.861140494200705930e+00
2.702702702702702853e-01	3.838115107848572904e+00	-7.164296000000000553e-02	1.567437317196167523e+00
2.712712712712712637e-01	3.839924681569332865e+00	-9.106868000000001295e-02	1.730605748865355453e+00
2.722722722722722422e-01	3.842264602757565761e+00	-1.622963199999999939e-01	1.469536258194654943e+00
2.732732732732732761e-01	3.844805534247917045e+00	-1.946725200000000155e-01	1.567437317196167523e+00
2.742742742742742545e-01	3.847530642093598185e+00	-2.011477600000000088e-01	1.600071003530005198e+00
2.752752752752752885e-01	3.849711654317743648e+00	-1.817220400000000013e-01	1.632704689863842651e+00
2.762762762762762669e-01	3.851093616372301298e+00	-1.881972800000000223e-01	1.763239435199193128e+00
2.772772772772773009e-01	3.852193720134478028e+00	-1.752468000000000081e-01	1.697972062531518000e+00
2.782782782782782793e-01	3.852885815979628426e+00	-2.529496800000000101e-01	1.697972062531518000e+00
2.792792792792792578e-01	3.852467735481120759e+00	-1.752468000000000081e-01	1.828506807866868478e+00
2.802802802802802917e-01	3.851114975505009141e+00	-2.011477600000000088e-01	1.436902571860817046e+00
2.812812812812812702e-01	3.850850643874140555e+00	-1.817220400000000013e-01	1.665338376197680104e+00
2.822822822822823041e-01	3.852420619876572250e+00	-1.817220400000000013e-01	1.567437317196167523e+00
2.832832832832832826e-01	3.853588334730423615e+00	-2.982763600000000181e-01	1.600071003530005198e+00
2.842842842842842610e-01	3.853048437560773642e+00	-2.270487200000000094e-01	1.730605748865355453e+00
2.852852852852852950e-01	3.852160968077624315e+00	-1.752468000000000081e-01	1.600071003530005198e+00
2.862862862862862734e-01	3.852157664233351042e+00	-1.558210800000000007e-01	1.665338376197680104e+00
2.872872872872873073e-01	3.852132989129046337e+00	-1.558210800000000007e-01	1.600071003530005198e+00
2.882882882882882858e-01	3.851019998504594088e+00	-1.234448800000000068e-01	1.567437317196167523e+00
2.892892892892892642e-01	3.849546452323960644e+00	-2.140982399999999952e-01	1.632704689863842651e+00
2.902902902902902982e-01	3.848700501046116162e+00	-1.493458400000000075e-01	1.502169944528492396e+00
2.912912912912912766e-01	3.848366543505654214e+00	-1.234448800000000068e-01	1.436902571860817046e+00
2.922922922922923106e-01	3.847864398358212590e+00	-8.459344000000000585e-02	1.632704689863842651e+00
2.932932932932932890e-01	3.847159912632271084e+00	-1.040191599999999994e-01	1.534803630862329848e+00
2.942942942942942675e-01	3.846836957645415112e+00	-9.106868000000001295e-02	1.665338376197680104e+00
2.952952952952953014e-01	3.846379696962306749e+00	-6.516772000000001230e-02	1.502169944528492396e+00
2.962962962962962798e-01	3.844637794881532677e+00	-4.153200000000037417e-04	1.534803630862329848e+00
2.972972972972973138e-01	3.842231356697034528e+00	5.138659999999999756e-02	1.502169944528492396e+00
2.982982982982982922e-01	3.840460392720484339e+00	4.491135999999999739e-02	1.469536258194654943e+00
2.992992992992992707e-01	3.838629173913179038e+00	5.138659999999999756e-02	1.436902571860817046e+00
3.003003003003003046e-01	3.835942462115595752e+00	4.491135999999999739e-02	1.436902571860817046e+00
3.013013013013012831e-01	3.833445459976394076e+00	1.873666400000000010e-01	1.241100453857791219e+00
3.023023023023023170e-01	3.831264164421566143e+00	1.161389999999999922e-01	1.143199394856278639e+00
3.033033033033032955e-01	3.828004865747201890e+00	1.485152000000000139e-01	1.241100453857791219e+00
3.043043043043043294e-01	3.823706820556873609e+00	1.226142399999999993e-01	1.404268885526979593e+00
3.053053053053053079e-01	3.819832596416289139e+00	1.355647199999999997e-01	1.143199394856278639e+00
3.063063063063062863e-01	3.816857012207898414e+00	2.780200000000000449e-01	1.175833081190116092e+00
3.073073073073073203e-01	3.814089215680318556e+00	3.168714400000000042e-01	9.473972768532528121e-01
3.083083083083082987e-01	3.811150103224888230e+00	4.399010000000000420e-01	7.189614725163894215e-01
3.093093093093093326e-01	3.808213154494593855e+00	4.852276800000000501e-01	1.143199394856278639e+00
3.103103103103103111e-01	3.805405461399204992e+00	4.593267200000000772e-01	1.012664649520927940e+00
3.113113113113112895e-01	3.802376998272193109e+00	4.593267200000000772e-01	1.208466767523953767e+00
3.123123123123123235e-01	3.798744317263598624e+00	5.564553199999999755e-01	9.147635905194151373e-01
3.133133133133133019e-01	3.794761381859864446e+00	5.629305600000000798e-01	1.045298335854765615e+00
3.143143143143143359e-01	3.790929076391239327e+00	6.212077200000000188e-01	9.473972768532528121e-01
3.153153153153153143e-01	3.787746356465338859e+00	7.312868000000000146e-01	5.557930408472013806e-01
3.163163163163162928e-01	3.785100430240230907e+00	7.507125199999999943e-01	5.557930408472013806e-01
3.173173173173173267e-01	3.782252666873396230e+00	7.248115600000000214e-01	5.884267271810389444e-01
3.183183183183183051e-01	3.779378933086180226e+00	7.895639599999999536e-01	2.620898638426626404e-01
3.193193193193193391e-01	3.777066636606596806e+00	9.579201999999999995e-01	6.863277861825517467e-01
3.203203203203203175e-01	3.775209724378379317e+00	1.113325960000000059e+00	4.578919818456884672e-01
3.213213213213212960e-01	3.773531447165573649e+00	1.203979319999999964e+00	5.884267271810389444e-01
3.223223223223223299e-01	3.771655901154567392e+00	1.067999279999999995e+00	6.536940998487140719e-01
3.233233233233233084e-01	3.769819818603196815e+00	1.197504080000000082e+00	2.620898638426626404e-01
3.243243243243243423e-01	3.768711964589663399e+00	1.171603120000000109e+00	3.273572365103378790e-01
3.253253253253253208e-01	3.768025050232771012e+00	1.152177400000000018e+00	3.365405950579927752e-02
3.263263263263262992e-01	3.767347810596408664e+00	1.197504080000000082e+00	1.641888048411497825e-01
3.273273273273273332e-01	3.766614535850171919e+00	1.210454560000000068e+00	2.294561775088249655e-01
3.283283283283283116e-01	3.765931339672795808e+00	1.191028839999999978e+00	2.294561775088249655e-01
3.293293293293293456e-01	3.765999769927884877e+00	1.203979319999999964e+00	4.252582955118507924e-01
3.303303303303303240e-01	3.766594409479155026e+00	1.210454560000000068e+00	4.905256681795260310e-01
3.313313313313313024e-01	3.766080747264986428e+00	1.197504080000000082e+00	2.947235501765002597e-01
3.323323323323323364e-01	3.764032461564612131e+00	1.191028839999999978e+00	4.252582955118507924e-01
3.333333333333333148e-01	3.762864227445186671e+00	1.203979319999999964e+00	6.628774583963688294e-02
3.343343343343343488e-01	3.764523036937717393e+00	1.191028839999999978e+00	1.968224911749873740e-01
3.353353353353353272e-01	3.767027971289217625e+00	1.191028839999999978e+00	1.968224911749873740e-01
3.363363363363363057e-01	3.767486954333108873e+00	1.216929799999999950e+00	2.620898638426626404e-01
3.373373373373373396e-01	3.766170913791584418e+00	1.294632679999999869e+00	4.905256681795260310e-01
3.383383383383383181e-01	3.765939983185057294e+00	1.106850720000000177e+00	4.252582955118507924e-01
3.393393393393393520e-01	3.767985870363222300e+00	1.152177400000000018e+00	5.231593545133637058e-01
3.403403403403403304e-01	3.769748826388365170e+00	9.061182800000000537e-01	6.210604135148766192e-01
3.413413413413413644e-01	3.769662164449211428e+00	8.866925599999999630e-01	4.905256681795260310e-01
3.423423423423423428e-01	3.769351624063317363e+00	8.607915999999999901e-01	5.884267271810389444e-01
3.433433433433433213e-01	3.769498419379814891e+00	7.571877599999999875e-01	6.210604135148766192e-01
3.443443443443443552e-01	3.769598705670036409e+00	7.507125199999999943e-01	6.863277861825517467e-01
3.453453453453453337e-01	3.770477306569947729e+00	7.248115600000000214e-01	8.168625315179022239e-01
3.463463463463463676e-01	3.772695195504121912e+00	5.888315200000000527e-01	7.515951588502269853e-01
3.473473473473473461e-01	3.774803993656982382e+00	6.730096400000000756e-01	9.800309631870904870e-01
3.483483483483483245e-01	3.775614416069509538e+00	6.535839199999999849e-01	9.147635905194151373e-01
3.493493493493493585e-01	3.776301068560223406e+00	5.953067600000000459e-01	9.147635905194151373e-01
3.503503503503503369e-01	3.778420554879456272e+00	3.880990800000000407e-01	9.800309631870904870e-01
3.513513513513513709e-01	3.781391751510880805e+00	5.046534000000000297e-01	1.143199394856278639e+00
3.523523523523523493e-01	3.783755164350489864e+00	2.262180799999999881e-01	9.800309631870904870e-01
3.533533533533533277e-01	3.786150217817976227e+00	1.614656800000000003e-01	1.175833081190116092e+00
3.543543543543543617e-01	3.789922784777970843e+00	1.355647199999999997e-01	1.208466767523953767e+00
3.553553553553553401e-01	3.793490153088376449e+00	1.161389999999999922e-01	1.404268885526979593e+00
3.563563563563563741e-01	3.795254712244639617e+00	-6.890560000000003904e-03	1.273734140191629116e+00
3.573573573573573525e-01	3.797382467240691284e+00	7.728756000000000514e-02	1.567437317196167523e+00
3.583583583583583310e-01	3.801422364800253639e+00	-8.459344000000000585e-02	1.208466767523953767e+00
3.593593593593593649e-01	3.805160996830421194e+00	1.901039999999999675e-02	1.534803630862329848e+00
3.603603603603603434e-01	3.807593136932363009e+00	6.433707999999999094e-02	1.208466767523953767e+00
3.613613613613613773e-01	3.810633318941015091e+00	7.728756000000000514e-02	1.175833081190116092e+00
3.623623623623623557e-01	3.814582177376291572e+00	1.253515999999999658e-02	1.502169944528492396e+00
3.633633633633633342e-01	3.818529471620186744e+00	1.355647199999999997e-01	1.306367826525466569e+00
3.643643643643643681e-01	3.822512976381903460e+00	6.059919999999996421e-03	1.828506807866868478e+00
3.653653653653653466e-01	3.825897824385199986e+00	-7.164296000000000553e-02	1.567437317196167523e+00
3.663663663663663805e-01	3.828156732854944622e+00	-8.459344000000000585e-02	1.795873121533031025e+00
3.673673673673673590e-01	3.829827368917239738e+00	-9.754392000000000618e-02	1.730605748865355453e+00
3.683683683683683929e-01	3.831526588224069663e+00	-5.221724000000000504e-02	1.436902571860817046e+00
3.693693693693693714e-01	3.834008677014529631e+00	-1.299201200000000000e-01	1.436902571860817046e+00
3.703703703703703498e-01	3.837445205871340193e+00	-6.516772000000001230e-02	1.404268885526979593e+00
3.713713713713713838e-01	3.840954567383159990e+00	-9.754392000000000618e-02	1.339001512859304244e+00
3.723723723723723622e-01	3.843726837831561216e+00	-1.363953600000000210e-01	1.795873121533031025e+00
3.733733733733733962e-01	3.846115598296152349e+00	-1.946725200000000155e-01	1.697972062531518000e+00
3.743743743743743746e-01	3.848627043355426824e+00	-2.076230000000000020e-01	1.861140494200705930e+00
3.753753753753753530e-01	3.850021293943069356e+00	-1.946725200000000155e-01	2.056942612203731535e+00
3.763763763763763870e-01	3.849743817166291215e+00	-2.011477600000000088e-01	1.436902571860817046e+00
3.773773773773773654e-01	3.849862173764156292e+00	-1.817220400000000013e-01	1.632704689863842651e+00
3.783783783783783994e-01	3.851524655655159890e+00	-2.464744400000000168e-01	1.502169944528492396e+00
3.793793793793793778e-01	3.853602042629677982e+00	-1.752468000000000081e-01	1.469536258194654943e+00
3.803803803803803563e-01	3.854777248648745935e+00	-1.881972800000000223e-01	1.632704689863842651e+00
3.813813813813813902e-01	3.854739901651817124e+00	-1.817220400000000013e-01	1.567437317196167523e+00
3.823823823823823687e-01	3.854389737945111971e+00	-1.881972800000000223e-01	1.697972062531518000e+00
3.833833833833834026e-01	3.854209143811907268e+00	-2.982763600000000181e-01	1.795873121533031025e+00
3.843843843843843811e-01	3.853462209173330599e+00	-2.140982399999999952e-01	1.371635199193141919e+00
3.853853853853853595e-01	3.852074054679877513e+00	-1.946725200000000155e-01	1.730605748865355453e+00
3.863863863863863934e-01	3.851051338208948849e+00	-1.428706000000000143e-01	1.404268885526979593e+00
3.873873873873873719e-01	3.851197305004172566e+00	-1.622963199999999939e-01	1.502169944528492396e+00
3.883883883883884058e-01	3.852226050459230056e+00	-1.234448800000000068e-01	1.502169944528492396e+00
3.893893893893893843e-01	3.852738404181342613e+00	-2.205734800000000162e-01	1.632704689863842651e+00
3.903903903903903627e-01	3.851770425071272097e+00	-1.752468000000000081e-01	1.632704689863842651e+00
3.913913913913913967e-01	3.850223046803117111e+00	-1.040191599999999994e-01	1.665338376197680104e+00
3.923923923923923751e-01	3.849147687999390222e+00	-9.754392000000000618e-02	1.469536258194654943e+00
3.933933933933934091e-01	3.847883338727768443e+00	-1.040191599999999994e-01	1.632704689863842651e+00
3.943943943943943875e-01	3.846103560931632970e+00	-9.106868000000001295e-02	1.502169944528492396e+00
3.953953953953953659e-01	3.844364414241205452e+00	-7.164296000000000553e-02	1.404268885526979593e+00
3.963963963963963999e-01	3.842736752943824108e+00	-1.984104000000000423e-02	1.404268885526979593e+00
3.973973973973973783e-01	3.841890650909962179e+00	3.196087999999999707e-02	1.436902571860817046e+00
3.983983983983984123e-01	3.841727420472203836e+00	1.901039999999999675e-02	1.534803630862329848e+00
3.993993993993993907e-01	3.840179625067105196e+00	5.138659999999999756e-02	1.371635199193141919e+00
4.004004004004003692e-01	3.836932180981946328e+00	4.491135999999999739e-02	1.502169944528492396e+00
4.014014014014014031e-01	3.833683368568480354e+00	1.873666400000000010e-01	1.436902571860817046e+00
4.024024024024023816e-01	3.830749666910703954e+00	1.096637599999999990e-01	1.339001512859304244e+00
4.034034034034034155e-01	3.827536029330370404e+00	1.226142399999999993e-01	1.273734140191629116e+00
4.044044044044043940e-01	3.824131375895956086e+00	1.161389999999999922e-01	1.208466767523953767e+00
4.054054054054054279e-01	3.820734995465454364e+00	1.355647199999999997e-01	1.143199394856278639e+00
4.064064064064064064e-01	3.817333243973868306e+00	2.715447599999999961e-01	1.241100453857791219e+00
4.074074074074073848e-01	3.814161790381374040e+00	2.974457200000000245e-01	1.110565708522440964e+00
4.084084084084084187e-01	3.811213579009467889e+00	4.463762399999999797e-01	1.306367826525466569e+00
4.094094094094093972e-01	3.807711662668966213e+00	4.658019600000000704e-01	1.208466767523953767e+00
4.104104104104104311e-01	3.803712019495891550e+00	4.334257600000001043e-01	1.143199394856278639e+00
4.114114114114114096e-01	3.800295241945681912e+00	4.334257600000001043e-01	7.842288451840646601e-01
4.124124124124123880e-01	3.797132516880720399e+00	5.564553199999999755e-01	7.515951588502269853e-01
4.134134134134134220e-01	3.793535369336765495e+00	5.435048399999999891e-01	6.863277861825517467e-01
4.144144144144144004e-01	3.790584344573643349e+00	6.212077200000000188e-01	4.578919818456884672e-01
4.154154154154154344e-01	3.788820633631742485e+00	7.183363200000001392e-01	8.821299041855775735e-01
4.164164164164164128e-01	3.787107910668945809e+00	7.636630000000000917e-01	5.231593545133637058e-01
4.174174174174173912e-01	3.784560215266903338e+00	7.442372800000001121e-01	9.800309631870904870e-01
4.184184184184184252e-01	3.781060469209406083e+00	7.701382400000000850e-01	7.842288451840646601e-01
4.194194194194194036e-01	3.777201466816811237e+00	9.320192400000000266e-01	6.536940998487140719e-01
4.204204204204204376e-01	3.773985647798624221e+00	1.087425000000000086e+00	5.557930408472013806e-01
4.214214214214214160e-01	3.772087628370524914e+00	1.178078360000000213e+00	3.599909228441755538e-01
4.224224224224223945e-01	3.771464336500784498e+00	1.055048800000000009e+00	1.968224911749873740e-01
4.234234234234234284e-01	3.770820702294444438e+00	1.165127880000000005e+00	3.599909228441755538e-01
4.244244244244244069e-01	3.769412718232376225e+00	1.165127880000000005e+00	9.892143217347457163e-02
4.254254254254254408e-01	3.768481699459555134e+00	1.132751680000000150e+00	6.536940998487140719e-01
4.264264264264264193e-01	3.768352985973132174e+00	1.184553600000000095e+00	5.557930408472013806e-01
4.274274274274273977e-01	3.767891889377438908e+00	1.197504080000000082e+00	1.641888048411497825e-01
4.284284284284284317e-01	3.766726732638563835e+00	1.178078360000000213e+00	5.557930408472013806e-01
4.294294294294294101e-01	3.765406198406330063e+00	1.184553600000000095e+00	1.968224911749873740e-01
4.304304304304304440e-01	3.764998653457172217e+00	1.184553600000000095e+00	3.273572365103378790e-01
4.314314314314314225e-01	3.765855756577439095e+00	1.184553600000000095e+00	1.641888048411497825e-01
4.324324324324324564e-01	3.766957116721650678e+00	1.191028839999999978e+00	1.641888048411497825e-01
4.334334334334334349e-01	3.767316809381633380e+00	1.184553600000000095e+00	3.273572365103378790e-01
4.344344344344344133e-01	3.766970681474610227e+00	1.171603120000000109e+00	4.905256681795260310e-01
4.354354354354354473e-01	3.766464488684057255e+00	1.165127880000000005e+00	3.599909228441755538e-01
4.364364364364364257e-01	3.765767185122242289e+00	1.197504080000000082e+00	5.884267271810389444e-01
4.374374374374374597e-01	3.765099227486102151e+00	1.255781239999999910e+00	1.641888048411497825e-01
4.384384384384384381e-01	3.765447399614660462e+00	1.100375480000000072e+00	5.557930408472013806e-01
4.394394394394394165e-01	3.766615916502576322e+00	1.145702159999999914e+00	2.947235501765002597e-01
4.404404404404404505e-01	3.767733253582651543e+00	8.996430400000000605e-01	6.210604135148766192e-01
4.414414414414414289e-01	3.768917308760129981e+00	8.866925599999999630e-01	4.905256681795260310e-01
4.424424424424424629e-01	3.770228668449817633e+00	8.284154000000000240e-01	6.863277861825517467e-01
4.434434434434434413e-01	3.771155730225598912e+00	7.377620400000000078e-01	5.884267271810389444e-01
4.444444444444444198e-01	3.771370144735966434e+00	7.312868000000000146e-01	7.842288451840646601e-01
4.454454454454454537e-01	3.771314562342762411e+00	7.183363200000001392e-01	7.842288451840646601e-01
4.464464464464464322e-01	3.772062137310352448e+00	5.758810400000000662e-01	8.821299041855775735e-01
4.474474474474474661e-01	3.773977636183403206e+00	6.406334400000001095e-01	7.515951588502269853e-01
4.484484484484484446e-01	3.775968615306457998e+00	6.406334400000001095e-01	8.494962178517398987e-01
4.494494494494494230e-01	3.777076535909405841e+00	5.823562799999999484e-01	1.012664649520927940e+00
4.504504504504504570e-01	3.778601128511272389e+00	3.880990800000000407e-01	8.494962178517398987e-01
4.514514514514514354e-01	3.781747082038717345e+00	4.981781600000000365e-01	1.175833081190116092e+00
4.524524524524524693e-01	3.784826589612249492e+00	2.262180799999999881e-01	1.077932022188603289e+00
4.534534534534534478e-01	3.786588189021252049e+00	1.614656800000000003e-01	1.241100453857791219e+00
4.544544544544544262e-01	3.788331792154815858e+00	1.485152000000000139e-01	1.339001512859304244e+00
4.554554554554554602e-01	3.791343350770754572e+00	1.226142399999999993e-01	1.208466767523953767e+00
4.564564564564564386e-01	3.795365688423111283e+00	-4.153200000000037417e-04	1.241100453857791219e+00
4.574574574574574726e-01	3.798952689354840206e+00	6.433707999999999094e-02	1.339001512859304244e+00
4.584584584584584510e-01	3.801511144922709029e+00	-7.811819999999999875e-02	1.175833081190116092e+00
4.594594594594594295e-01	3.804577309902108517e+00	1.901039999999999675e-02	1.306367826525466569e+00
4.604604604604604634e-01	3.808622190878897307e+00	5.786183999999999772e-02	1.306367826525466569e+00
4.614614614614614418e-01	3.811728862966875298e+00	6.433707999999999094e-02	1.632704689863842651e+00
4.624624624624624758e-01	3.813337206153854630e+00	6.059919999999996421e-03	1.469536258194654943e+00
4.634634634634634542e-01	3.815048960682946966e+00	1.355647199999999997e-01	1.665338376197680104e+00
4.644644644644644327e-01	3.818081129181683409e+00	-6.890560000000003904e-03	1.436902571860817046e+00
4.654654654654654666e-01	3.822267393946421343e+00	-7.164296000000000553e-02	1.404268885526979593e+00
4.664664664664664451e-01	3.826720347233249164e+00	-7.811819999999999875e-02	1.436902571860817046e+00
4.674674674674674790e-01	3.830836155020925116e+00	-1.040191599999999994e-01	1.143199394856278639e+00
4.684684684684684575e-01	3.833704128566147062e+00	-5.221724000000000504e-02	1.730605748865355453e+00
4.694694694694694914e-01	3.834931812550678831e+00	-1.104944000000000065e-01	1.469536258194654943e+00
4.704704704704704699e-01	3.836688970028875989e+00	-7.811819999999999875e-02	1.893774180534543827e+00
4.714714714714714483e-01	3.840261456071668800e+00	-1.104944000000000065e-01	1.795873121533031025e+00
4.724724724724724823e-01	3.843577646254664248e+00	-1.687715600000000149e-01	1.665338376197680104e+00
4.734734734734734607e-01	3.845169353479602314e+00	-2.140982399999999952e-01	1.665338376197680104e+00
4.744744744744744946e-01	3.846096651509920861e+00	-2.270487200000000094e-01	1.469536258194654943e+00
4.754754754754754731e-01	3.848028319855160362e+00	-2.205734800000000162e-01	1.175833081190116092e+00
4.764764764764764515e-01	3.850857317508435074e+00	-1.817220400000000013e-01	1.763239435199193128e+00
4.774774774774774855e-01	3.852729997949718044e+00	-1.946725200000000155e-01	1.534803630862329848e+00
4.784784784784784639e-01	3.853228533456893423e+00	-2.723753999999999897e-01	1.893774180534543827e+00
4.794794794794794979e-01	3.853442469341878951e+00	-1.881972800000000223e-01	1.795873121533031025e+00
4.804804804804804763e-01	3.853476746654636020e+00	-1.946725200000000155e-01	1.665338376197680104e+00
4.814814814814814548e-01	3.852829517193053555e+00	-1.946725200000000155e-01	1.861140494200705930e+00
4.824824824824824887e-01	3.852125317809333094e+00	-1.817220400000000013e-01	1.469536258194654943e+00
4.834834834834834671e-01	3.852449336974368865e+00	-3.177020799999999978e-01	1.632704689863842651e+00
4.844844844844845011e-01	3.853294834244451295e+00	-2.399992000000000236e-01	1.730605748865355453e+00
4.854854854854854795e-01	3.853670659575563207e+00	-1.817220400000000013e-01	1.502169944528492396e+00
4.864864864864864580e-01	3.853483652488136180e+00	-1.428706000000000143e-01	1.697972062531518000e+00
4.874874874874874919e-01	3.852577392196169015e+00	-1.687715600000000149e-01	1.665338376197680104e+00
4.884884884884884704e-01	3.851181226590905560e+00	-1.234448800000000068e-01	1.665338376197680104e+00
4.894894894894895043e-01	3.850388475002507249e+00	-2.205734800000000162e-01	1.763239435199193128e+00
4.904904904904904828e-01	3.850588921422815947e+00	-1.817220400000000013e-01	1.371635199193141919e+00
4.914914914914914612e-01	3.850397203236084032e+00	-1.234448800000000068e-01	1.632704689863842651e+00
4.924924924924924952e-01	3.848917979459758332e+00	-1.104944000000000065e-01	1.339001512859304244e+00
4.934934934934934736e-01	3.847515618449062202e+00	-8.459344000000000585e-02	1.371635199193141919e+00
4.944944944944945076e-01	3.846990604958142157e+00	-8.459344000000000585e-02	1.469536258194654943e+00
4.954954954954954860e-01	3.846396579480478195e+00	-8.459344000000000585e-02	1.404268885526979593e+00
4.964964964964965199e-01	3.845171396193232560e+00	-1.984104000000000423e-02	1.534803630862329848e+00
4.974974974974974984e-01	3.843447066630950371e+00	1.901039999999999675e-02	1.502169944528492396e+00
4.984984984984984768e-01	3.841286914686904197e+00	6.059919999999996421e-03	1.469536258194654943e+00
4.994994994994995108e-01	3.838845230660344665e+00	5.786183999999999772e-02	1.436902571860817046e+00
5.005005005005005447e-01	3.836304217014468776e+00	3.843611999999999723e-02	1.404268885526979593e+00
5.015015015015015232e-01	3.833442475849095921e+00	1.744161599999999868e-01	1.339001512859304244e+00
5.025025025025025016e-01	3.829939823921646447e+00	1.096637599999999990e-01	1.339001512859304244e+00
5.035035035035034801e-01	3.826134002904083342e+00	1.226142399999999993e-01	1.175833081190116092e+00
5.045045045045044585e-01	3.822927554358821478e+00	1.226142399999999993e-01	1.273734140191629116e+00
5.055055055055055480e-01	3.820188137013989849e+00	1.161389999999999922e-01	1.208466767523953767e+00
5.065065065065065264e-01	3.817002461887038400e+00	2.780200000000000449e-01	1.273734140191629116e+00
5.075075075075075048e-01	3.813826834937229737e+00	2.909704799999999758e-01	1.208466767523953767e+00
5.085085085085084833e-01	3.811056671348103997e+00	4.593267200000000772e-01	1.045298335854765615e+00
5.095095095095094617e-01	3.807759187495689979e+00	4.593267200000000772e-01	1.143199394856278639e+00
5.105105105105105512e-01	3.804147892121034324e+00	4.010495599999999716e-01	6.536940998487140719e-01
5.115115115115115296e-01	3.801181403859359431e+00	4.204752800000000068e-01	9.147635905194151373e-01
5.125125125125125081e-01	3.798019610510705579e+00	5.435048399999999891e-01	9.473972768532528121e-01
5.135135135135134865e-01	3.794025361037069555e+00	5.694058000000000730e-01	7.515951588502269853e-01
5.145145145145144649e-01	3.790680398177674881e+00	5.888315200000000527e-01	9.800309631870904870e-01
5.155155155155155544e-01	3.788339943235717655e+00	7.183363200000001392e-01	6.536940998487140719e-01
5.165165165165165329e-01	3.785644495414768773e+00	7.636630000000000917e-01	8.168625315179022239e-01
5.175175175175175113e-01	3.782772588793402502e+00	7.183363200000001392e-01	5.884267271810389444e-01
5.185185185185184897e-01	3.780544997401869889e+00	7.895639599999999536e-01	4.252582955118507924e-01
5.195195195195194682e-01	3.778371650895405498e+00	9.190687600000001511e-01	4.578919818456884672e-01
5.205205205205205576e-01	3.776032827608406084e+00	1.087425000000000086e+00	1.968224911749873740e-01
5.215215215215215361e-01	3.774381349241291428e+00	1.191028839999999978e+00	6.210604135148766192e-01
5.225225225225225145e-01	3.773078416327553253e+00	1.016197360000000049e+00	2.620898638426626404e-01
5.235235235235234930e-01	3.770942590728913579e+00	1.178078360000000213e+00	6.863277861825517467e-01
5.245245245245244714e-01	3.768553680050293675e+00	1.158652640000000122e+00	5.557930408472013806e-01
5.255255255255255609e-01	3.767129358841712961e+00	1.119801199999999941e+00	1.641888048411497825e-01
5.265265265265265393e-01	3.766038647229775549e+00	1.158652640000000122e+00	4.905256681795260310e-01
5.275275275275275177e-01	3.765011424061714962e+00	1.178078360000000213e+00	3.926246091780131731e-01
5.285285285285284962e-01	3.765581050113261607e+00	1.158652640000000122e+00	6.628774583963688294e-02
5.295295295295294746e-01	3.767314222321112904e+00	1.165127880000000005e+00	3.599909228441755538e-01
5.305305305305305641e-01	3.767496243913383669e+00	1.178078360000000213e+00	2.294561775088249655e-01
5.315315315315315425e-01	3.765651632703166385e+00	1.165127880000000005e+00	5.884267271810389444e-01
5.325325325325325210e-01	3.763989877097996484e+00	1.171603120000000109e+00	5.884267271810389444e-01
5.335335335335334994e-01	3.764124462422877126e+00	1.171603120000000109e+00	3.926246091780131731e-01
5.345345345345344779e-01	3.765549420162928040e+00	1.158652640000000122e+00	6.210604135148766192e-01
5.355355355355355673e-01	3.766586519423862356e+00	1.158652640000000122e+00	-2.600491174987393794e-01
5.365365365365365458e-01	3.766389372027683535e+00	1.178078360000000213e+00	2.620898638426626404e-01
5.375375375375375242e-01	3.765886679146286387e+00	1.262256480000000014e+00	3.273572365103378790e-01
5.385385385385385026e-01	3.766480961213177103e+00	1.100375480000000072e+00	3.926246091780131731e-01
5.395395395395394811e-01	3.767623663810756529e+00	1.132751680000000150e+00	6.210604135148766192e-01
5.405405405405405705e-01	3.767600540525068098e+00	8.931677999999999562e-01	5.557930408472013806e-01
5.415415415415415490e-01	3.767101505830080299e+00	8.543163600000001079e-01	6.536940998487140719e-01
5.425425425425425274e-01	3.768318674337062024e+00	8.348906400000000172e-01	8.494962178517398987e-01
5.435435435435435059e-01	3.771006535339279431e+00	7.507125199999999943e-01	5.231593545133637058e-01
5.445445445445444843e-01	3.772926557311644835e+00	7.312868000000000146e-01	8.494962178517398987e-01
5.455455455455455738e-01	3.773189179160862938e+00	7.377620400000000078e-01	6.210604135148766192e-01
5.465465465465465522e-01	3.772997210267738488e+00	5.888315200000000527e-01	7.515951588502269853e-01
5.475475475475475307e-01	3.773751750749432254e+00	6.535839199999999849e-01	9.147635905194151373e-01
5.485485485485485091e-01	3.775492608425423668e+00	6.017820000000000391e-01	9.800309631870904870e-01
5.495495495495495986e-01	3.777393587125001062e+00	5.564553199999999755e-01	1.045298335854765615e+00
5.505505505505505770e-01	3.778849385980353137e+00	3.751485999999999432e-01	1.045298335854765615e+00
5.515515515515515554e-01	3.780070660179113862e+00	4.852276800000000501e-01	1.208466767523953767e+00
5.525525525525525339e-01	3.782140340819061475e+00	1.938418799999999942e-01	1.077932022188603289e+00
5.535535535535535123e-01	3.785457048374973876e+00	1.549904400000000071e-01	1.110565708522440964e+00
5.545545545545546018e-01	3.789146629707204728e+00	1.290894800000000064e-01	1.143199394856278639e+00
5.555555555555555802e-01	3.792279417639202954e+00	1.096637599999999990e-01	1.241100453857791219e+00
5.565565565565565587e-01	3.794835622761707050e+00	-4.153200000000037417e-04	1.273734140191629116e+00
5.575575575575575371e-01	3.797812850509905136e+00	7.081231999999999804e-02	1.502169944528492396e+00
5.585585585585585155e-01	3.801367635049135441e+00	-9.106868000000001295e-02	1.436902571860817046e+00
5.595595595595596050e-01	3.804625788094179839e+00	2.548563999999999691e-02	1.306367826525466569e+00
5.605605605605605835e-01	3.807504249492134729e+00	5.138659999999999756e-02	1.371635199193141919e+00
5.615615615615615619e-01	3.810068766369770987e+00	5.786183999999999772e-02	1.436902571860817046e+00
5.625625625625625403e-01	3.812661165479172443e+00	1.253515999999999658e-02	1.404268885526979593e+00
5.635635635635635188e-01	3.816597507774801112e+00	1.096637599999999990e-01	1.567437317196167523e+00
5.645645645645646082e-01	3.821582603756793706e+00	-1.984104000000000423e-02	1.469536258194654943e+00
5.655655655655655867e-01	3.825508828580709064e+00	-6.516772000000001230e-02	1.600071003530005198e+00
5.665665665665665651e-01	3.828132781633892368e+00	-9.754392000000000618e-02	1.469536258194654943e+00
5.675675675675675436e-01	3.830747885870091185e+00	-1.040191599999999994e-01	1.828506807866868478e+00
5.685685685685685220e-01	3.833437023605358984e+00	-8.459344000000000585e-02	1.600071003530005198e+00
5.695695695695696115e-01	3.835565414540870410e+00	-1.363953600000000210e-01	1.665338376197680104e+00
5.705705705705705899e-01	3.836879165392960367e+00	-7.164296000000000553e-02	1.469536258194654943e+00
5.715715715715715683e-01	3.838220824141093335e+00	-1.234448800000000068e-01	1.339001512859304244e+00
5.725725725725725468e-01	3.841030868171205537e+00	-1.687715600000000149e-01	1.502169944528492396e+00
5.735735735735735252e-01	3.845070567054687416e+00	-2.076230000000000020e-01	1.306367826525466569e+00
5.745745745745746147e-01	3.848641793198539940e+00	-2.076230000000000020e-01	1.991675239536056408e+00
5.755755755755755931e-01	3.850661670335224329e+00	-1.946725200000000155e-01	1.697972062531518000e+00
5.765765765765765716e-01	3.851514932338096386e+00	-1.881972800000000223e-01	1.828506807866868478e+00
5.775775775775775500e-01	3.852083079231910290e+00	-1.946725200000000155e-01	1.861140494200705930e+00
5.785785785785785285e-01	3.852592190799398075e+00	-2.723753999999999897e-01	1.567437317196167523e+00
5.795795795795796179e-01	3.853017920308916988e+00	-1.817220400000000013e-01	1.600071003530005198e+00
5.805805805805805964e-01	3.853291766050473299e+00	-1.752468000000000081e-01	1.534803630862329848e+00
5.815815815815815748e-01	3.853514663819022967e+00	-1.881972800000000223e-01	1.404268885526979593e+00
5.825825825825825532e-01	3.853871544091810986e+00	-1.946725200000000155e-01	1.697972062531518000e+00
5.835835835835835317e-01	3.853781138830728370e+00	-3.112268400000000046e-01	1.436902571860817046e+00
5.845845845845846211e-01	3.853038722312184916e+00	-2.335239600000000026e-01	1.697972062531518000e+00
5.855855855855855996e-01	3.852521900680262235e+00	-1.881972800000000223e-01	1.861140494200705930e+00
5.865865865865865780e-01	3.852437742369384743e+00	-1.493458400000000075e-01	1.567437317196167523e+00
5.875875875875875565e-01	3.852283655702522402e+00	-1.817220400000000013e-01	1.730605748865355453e+00
5.885885885885885349e-01	3.851858311226590725e+00	-1.234448800000000068e-01	1.469536258194654943e+00
5.895895895895896244e-01	3.850790586570082219e+00	-2.140982399999999952e-01	1.469536258194654943e+00
5.905905905905906028e-01	3.849245034587199132e+00	-1.752468000000000081e-01	1.436902571860817046e+00
5.915915915915915813e-01	3.848278270324282602e+00	-1.234448800000000068e-01	1.404268885526979593e+00
5.925925925925925597e-01	3.847940661539070994e+00	-9.754392000000000618e-02	1.763239435199193128e+00
5.935935935935935381e-01	3.847281772904252328e+00	-1.169696400000000136e-01	1.697972062531518000e+00
5.945945945945946276e-01	3.845834845019183046e+00	-1.040191599999999994e-01	1.567437317196167523e+00
5.955955955955956060e-01	3.844064097652049927e+00	-9.106868000000001295e-02	1.632704689863842651e+00
5.965965965965965845e-01	3.843047008589234981e+00	-2.631628000000000439e-02	1.339001512859304244e+00
5.975975975975975629e-01	3.842621405408672253e+00	1.901039999999999675e-02	1.469536258194654943e+00
5.985985985985985414e-01	3.840970957942061670e+00	1.901039999999999675e-02	1.273734140191629116e+00
5.995995995995996308e-01	3.837768125523741691e+00	4.491135999999999739e-02	1.339001512859304244e+00
6.006006006006006093e-01	3.834469857078427690e+00	2.548563999999999691e-02	1.339001512859304244e+00
6.016016016016015877e-01	3.831530858162423225e+00	1.679409199999999935e-01	1.404268885526979593e+00
6.026026026026025662e-01	3.828716608834687563e+00	9.023803999999999159e-02	1.371635199193141919e+00
6.036036036036035446e-01	3.826135482712675895e+00	1.226142399999999993e-01	1.306367826525466569e+00
6.046046046046046341e-01	3.823737650517916808e+00	8.376279999999999837e-02	1.175833081190116092e+00
6.056056056056056125e-01	3.821254520419237632e+00	1.161389999999999922e-01	1.175833081190116092e+00
6.066066066066065909e-01	3.818383232598646870e+00	2.456437999999999955e-01	1.110565708522440964e+00
6.076076076076075694e-01	3.814954253565977726e+00	2.844952399999999826e-01	1.045298335854765615e+00
6.086086086086086588e-01	3.811161860647928279e+00	4.334257600000001043e-01	1.110565708522440964e+00
6.096096096096096373e-01	3.807455491186784169e+00	4.528514799999999729e-01	8.494962178517398987e-01
6.106106106106106157e-01	3.803808696470223349e+00	4.140000400000000136e-01	1.012664649520927940e+00
6.116116116116115942e-01	3.800203452224307110e+00	4.075248000000000759e-01	8.821299041855775735e-01
6.126126126126125726e-01	3.797440528826139250e+00	5.370296000000001069e-01	9.147635905194151373e-01
6.136136136136136621e-01	3.795178634577067278e+00	5.435048399999999891e-01	7.842288451840646601e-01
6.146146146146146405e-01	3.791985017646276823e+00	6.212077200000000188e-01	8.168625315179022239e-01
6.156156156156156189e-01	3.788252741639870802e+00	7.053858400000000417e-01	6.536940998487140719e-01
6.166166166166165974e-01	3.785086703726682877e+00	7.377620400000000078e-01	6.863277861825517467e-01
6.176176176176175758e-01	3.782142524828485453e+00	7.053858400000000417e-01	6.536940998487140719e-01
6.186186186186186653e-01	3.779241706342300500e+00	7.766134800000000782e-01	7.189614725163894215e-01
6.196196196196196437e-01	3.777221103701533966e+00	9.061182800000000537e-01	5.557930408472013806e-01
6.206206206206206222e-01	3.776046811355209254e+00	1.080949760000000204e+00	7.515951588502269853e-01
6.216216216216216006e-01	3.774387497500606869e+00	1.152177400000000018e+00	3.599909228441755538e-01
6.226226226226225791e-01	3.771788738616689507e+00	1.022672600000000154e+00	4.252582955118507924e-01
6.236236236236236685e-01	3.769547182077284564e+00	1.158652640000000122e+00	2.620898638426626404e-01
6.246246246246246470e-01	3.768750563699840406e+00	1.132751680000000150e+00	1.641888048411497825e-01
6.256256256256256254e-01	3.768804819053214850e+00	1.100375480000000072e+00	2.620898638426626404e-01
6.266266266266266038e-01	3.768656089332963255e+00	1.145702159999999914e+00	1.315551185073121632e-01
6.276276276276275823e-01	3.768063047462512305e+00	1.171603120000000109e+00	5.884267271810389444e-01
6.286286286286286717e-01	3.767242977871855025e+00	1.139226920000000032e+00	3.599909228441755538e-01
6.296296296296296502e-01	3.766565196591836084e+00	1.152177400000000018e+00	5.557930408472013806e-01
6.306306306306306286e-01	3.765779855846941526e+00	1.165127880000000005e+00	4.578919818456884672e-01
6.316316316316316071e-01	3.764585097388418955e+00	1.152177400000000018e+00	1.641888048411497825e-01
6.326326326326325855e-01	3.764262723439352420e+00	1.158652640000000122e+00	2.620898638426626404e-01
6.336336336336336750e-01	3.765418212031547807e+00	1.165127880000000005e+00	1.641888048411497825e-01
6.346346346346346534e-01	3.766465085611104158e+00	1.145702159999999914e+00	2.294561775088249655e-01
6.356356356356356319e-01	3.766581400525543355e+00	1.158652640000000122e+00	5.231593545133637058e-01
6.366366366366366103e-01	3.766477021006360726e+00	1.171603120000000109e+00	4.252582955118507924e-01
6.376376376376375887e-01	3.766296353787271123e+00	1.249306000000000250e+00	5.557930408472013806e-01
6.386386386386386782e-01	3.765875757322805217e+00	1.074474520000000100e+00	7.515951588502269853e-01
6.396396396396396566e-01	3.766007090293037596e+00	1.165127880000000005e+00	4.252582955118507924e-01
6.406406406406406351e-01	3.766962337739274247e+00	8.737420800000000876e-01	6.536940998487140719e-01
6.416416416416416135e-01	3.768027717996710546e+00	8.543163600000001079e-01	1.968224911749873740e-01
6.426426426426425920e-01	3.769407673222715527e+00	8.413658800000000104e-01	4.252582955118507924e-01
6.436436436436436814e-01	3.771247613006563526e+00	7.377620400000000078e-01	6.536940998487140719e-01
6.446446446446446599e-01	3.772885254792608389e+00	7.312868000000000146e-01	6.863277861825517467e-01
6.456456456456456383e-01	3.774161922710004724e+00	7.053858400000000417e-01	1.012664649520927940e+00
6.466466466466466168e-01	3.774665092785909337e+00	5.694058000000000730e-01	9.800309631870904870e-01
6.476476476476475952e-01	3.774365055226251542e+00	6.535839199999999849e-01	8.168625315179022239e-01
6.486486486486486847e-01	3.774726525564001012e+00	6.212077200000000188e-01	1.110565708522440964e+00
6.496496496496496631e-01	3.776086438434422821e+00	5.629305600000000798e-01	7.842288451840646601e-01
6.506506506506506415e-01	3.777596223481369364e+00	3.621981200000000678e-01	1.110565708522440964e+00
6.516516516516516200e-01	3.779773048976936334e+00	4.852276800000000501e-01	1.077932022188603289e+00
6.526526526526525984e-01	3.782898199805556860e+00	1.744161599999999868e-01	1.077932022188603289e+00
6.536536536536536879e-01	3.786040797989000506e+00	1.549904400000000071e-01	9.473972768532528121e-01
6.546546546546546663e-01	3.789198060006693680e+00	1.485152000000000139e-01	1.175833081190116092e+00
6.556556556556556448e-01	3.792419952876695532e+00	1.096637599999999990e-01	1.371635199193141919e+00
6.566566566566566232e-01	3.794605537408143547e+00	-1.336580000000000407e-02	1.339001512859304244e+00
6.576576576576576016e-01	3.796385889470925701e+00	5.138659999999999756e-02	1.306367826525466569e+00
6.586586586586586911e-01	3.800187650581420051e+00	-9.106868000000001295e-02	1.371635199193141919e+00
6.596596596596596696e-01	3.805519820221732630e+00	6.059919999999996421e-03	1.632704689863842651e+00
6.606606606606606480e-01	3.809796109072768999e+00	5.786183999999999772e-02	1.371635199193141919e+00
6.616616616616616264e-01	3.812822378082393993e+00	6.433707999999999094e-02	1.534803630862329848e+00
6.626626626626626049e-01	3.815144390200745583e+00	6.059919999999996421e-03	1.469536258194654943e+00
6.636636636636636943e-01	3.816745269398781559e+00	1.096637599999999990e-01	1.600071003530005198e+00
6.646646646646646728e-01	3.819445793584386184e+00	-2.631628000000000439e-02	1.469536258194654943e+00
6.656656656656656512e-01	3.824377713413810387e+00	-7.811819999999999875e-02	1.567437317196167523e+00
6.666666666666666297e-01	3.829270508218193925e+00	-1.104944000000000065e-01	1.600071003530005198e+00
6.676676676676676081e-01	3.832368682668279902e+00	-1.104944000000000065e-01	1.502169944528492396e+00
6.686686686686686976e-01	3.834601962281048770e+00	-7.164296000000000553e-02	1.567437317196167523e+00
6.696696696696696760e-01	3.837008014077074591e+00	-1.299201200000000000e-01	1.600071003530005198e+00
6.706706706706706544e-01	3.839624427342832380e+00	-8.459344000000000585e-02	1.404268885526979593e+00
6.716716716716716329e-01	3.842162472433467535e+00	-9.754392000000000618e-02	1.697972062531518000e+00
6.726726726726726113e-01	3.844303243543029769e+00	-1.817220400000000013e-01	1.632704689863842651e+00
6.736736736736737008e-01	3.845905096090203923e+00	-2.011477600000000088e-01	1.926407866868381280e+00
6.746746746746746792e-01	3.847171164764472184e+00	-2.270487200000000094e-01	1.600071003530005198e+00
6.756756756756756577e-01	3.848403691268716287e+00	-2.011477600000000088e-01	1.697972062531518000e+00
6.766766766766766361e-01	3.849539128701854107e+00	-2.011477600000000088e-01	1.436902571860817046e+00
6.776776776776777256e-01	3.850578382287656698e+00	-2.076230000000000020e-01	1.371635199193141919e+00
6.786786786786787040e-01	3.851699598743128838e+00	-2.594249200000000033e-01	1.697972062531518000e+00
6.796796796796796825e-01	3.852595105022771360e+00	-1.881972800000000223e-01	1.436902571860817046e+00
6.806806806806806609e-01	3.853095923155500646e+00	-1.817220400000000013e-01	1.991675239536056408e+00
6.816816816816816393e-01	3.853374475330804572e+00	-1.946725200000000155e-01	1.632704689863842651e+00
6.826826826826827288e-01	3.853430127228299806e+00	-1.752468000000000081e-01	1.861140494200705930e+00
6.836836836836837072e-01	3.853372374186447846e+00	-3.112268400000000046e-01	1.893774180534543827e+00
6.846846846846846857e-01	3.853374000098614971e+00	-2.399992000000000236e-01	1.632704689863842651e+00
6.856856856856856641e-01	3.853441966174424582e+00	-1.752468000000000081e-01	1.469536258194654943e+00
6.866866866866866426e-01	3.853376558803926155e+00	-1.428706000000000143e-01	1.469536258194654943e+00
6.876876876876877320e-01	3.853026515390920892e+00	-1.687715600000000149e-01	1.436902571860817046e+00
6.886886886886887105e-01	3.852580978271876067e+00	-1.299201200000000000e-01	1.730605748865355453e+00
6.896896896896896889e-01	3.852104206384488805e+00	-2.270487200000000094e-01	1.600071003530005198e+00
6.906906906906906674e-01	3.851497414749771586e+00	-1.881972800000000223e-01	1.697972062531518000e+00
6.916916916916916458e-01	3.850526312337752000e+00	-1.428706000000000143e-01	1.861140494200705930e+00
6.926926926926927353e-01	3.848758111256008974e+00	-1.040191599999999994e-01	1.306367826525466569e+00
6.936936936936937137e-01	3.846697943316816470e+00	-1.040191599999999994e-01	1.502169944528492396e+00
6.946946946946946921e-01	3.845368609993941256e+00	-9.754392000000000618e-02	1.371635199193141919e+00
6.956956956956956706e-01	3.844482677733328746e+00	-7.811819999999999875e-02	1.241100453857791219e+00
6.966966966966966490e-01	3.843354258164008552e+00	-3.279152000000000455e-02	1.534803630862329848e+00
6.976976976976977385e-01	3.842366465368173944e+00	2.548563999999999691e-02	1.469536258194654943e+00
6.986986986986987169e-01	3.841266406378400333e+00	1.901039999999999675e-02	1.600071003530005198e+00
6.996996996996996954e-01	3.838879185685454498e+00	5.138659999999999756e-02	1.665338376197680104e+00
7.007007007007006738e-01	3.835735338605103628e+00	2.548563999999999691e-02	1.469536258194654943e+00
7.017017017017016522e-01	3.832646636101476822e+00	1.549904400000000071e-01	1.600071003530005198e+00
7.027027027027027417e-01	3.829191825536996330e+00	7.081231999999999804e-02	1.110565708522440964e+00
7.037037037037037202e-01	3.825856953785470527e+00	1.031885200000000058e-01	1.241100453857791219e+00
7.047047047047046986e-01	3.822966290496866204e+00	8.376279999999999837e-02	1.175833081190116092e+00
7.057057057057056770e-01	3.820137205183675277e+00	1.096637599999999990e-01	1.208466767523953767e+00
7.067067067067066555e-01	3.817518043443420606e+00	2.326933200000000090e-01	1.306367826525466569e+00
7.077077077077077449e-01	3.814409475037732644e+00	2.780200000000000449e-01	1.208466767523953767e+00
7.087087087087087234e-01	3.810433512161373493e+00	4.075248000000000759e-01	1.045298335854765615e+00
7.097097097097097018e-01	3.806823345012596782e+00	4.528514799999999729e-01	8.494962178517398987e-01
7.107107107107106803e-01	3.804025843965555431e+00	3.751485999999999432e-01	9.800309631870904870e-01
7.117117117117116587e-01	3.801195686078192804e+00	4.204752800000000068e-01	9.147635905194151373e-01
7.127127127127127482e-01	3.797702347770567144e+00	5.305543600000000026e-01	8.821299041855775735e-01
7.137137137137137266e-01	3.794039154777288481e+00	5.435048399999999891e-01	7.189614725163894215e-01
7.147147147147147050e-01	3.791033311914246973e+00	6.017820000000000391e-01	8.168625315179022239e-01
7.157157157157156835e-01	3.788242898575572948e+00	6.989106000000000485e-01	7.515951588502269853e-01
7.167167167167166619e-01	3.784680631165347364e+00	7.312868000000000146e-01	8.494962178517398987e-01
7.177177177177177514e-01	3.780831996724442146e+00	6.924353600000000553e-01	8.168625315179022239e-01
7.187187187187187298e-01	3.778448070292995897e+00	7.636630000000000917e-01	6.536940998487140719e-01
7.197197197197197083e-01	3.777566916521261309e+00	8.931677999999999562e-01	5.557930408472013806e-01
7.207207207207206867e-01	3.776196567633153922e+00	1.067999279999999995e+00	5.557930408472013806e-01
7.217217217217216652e-01	3.773623148686283457e+00	1.171603120000000109e+00	4.252582955118507924e-01
7.227227227227227546e-01	3.770847481568454729e+00	9.967716399999999588e-01	4.578919818456884672e-01
7.237237237237237331e-01	3.768769329564271242e+00	1.145702159999999914e+00	3.926246091780131731e-01
7.247247247247247115e-01	3.767557506272345424e+00	1.139226920000000032e+00	4.578919818456884672e-01
7.257257257257256899e-01	3.766709084076789171e+00	1.067999279999999995e+00	3.926246091780131731e-01
7.267267267267266684e-01	3.765883070357860518e+00	1.139226920000000032e+00	3.926246091780131731e-01
7.277277277277277578e-01	3.765524556666549394e+00	1.152177400000000018e+00	1.968224911749873740e-01
7.287287287287287363e-01	3.765837974262954635e+00	1.132751680000000150e+00	2.294561775088249655e-01
7.297297297297297147e-01	3.766328412316769292e+00	1.132751680000000150e+00	2.294561775088249655e-01
7.307307307307306932e-01	3.766946631317007466e+00	1.152177400000000018e+00	1.020373171961676869e-03
7.317317317317316716e-01	3.767707938404913026e+00	1.145702159999999914e+00	3.926246091780131731e-01
7.327327327327327611e-01	3.767866983956428495e+00	1.145702159999999914e+00	1.315551185073121632e-01
7.337337337337337395e-01	3.766990480524531559e+00	1.152177400000000018e+00	6.863277861825517467e-01
7.347347347347347180e-01	3.765417988215201017e+00	1.132751680000000150e+00	3.599909228441755538e-01
7.357357357357356964e-01	3.764061213709584131e+00	1.119801199999999941e+00	4.905256681795260310e-01
7.367367367367367859e-01	3.764137212285485035e+00	1.152177400000000018e+00	5.231593545133637058e-01
7.377377377377377643e-01	3.765627163882252937e+00	1.203979319999999964e+00	2.294561775088249655e-01
7.387387387387387427e-01	3.766743664736178054e+00	1.080949760000000204e+00	2.947235501765002597e-01
7.397397397397397212e-01	3.766687928530013885e+00	1.158652640000000122e+00	4.578919818456884672e-01
7.407407407407406996e-01	3.767440123699396182e+00	8.607915999999999901e-01	2.294561775088249655e-01
7.417417417417417891e-01	3.769630011059091679e+00	8.478411200000001147e-01	8.168625315179022239e-01
7.427427427427427675e-01	3.770691182627831317e+00	7.830887200000000714e-01	8.821299041855775735e-01
7.437437437437437460e-01	3.770152926123871318e+00	7.183363200000001392e-01	8.494962178517398987e-01
7.447447447447447244e-01	3.769724544981013725e+00	6.924353600000000553e-01	1.012664649520927940e+00
7.457457457457457028e-01	3.769927841215209074e+00	6.924353600000000553e-01	7.515951588502269853e-01
7.467467467467467923e-01	3.771436956503615434e+00	5.499800799999999823e-01	8.494962178517398987e-01
7.477477477477477708e-01	3.774100857321880831e+00	6.341582000000000052e-01	8.168625315179022239e-01
7.487487487487487492e-01	3.776347167322610776e+00	6.276829600000000120e-01	8.821299041855775735e-01
7.497497497497497276e-01	3.777723930206090319e+00	5.499800799999999823e-01	1.045298335854765615e+00
7.507507507507507061e-01	3.778627708080833258e+00	3.751485999999999432e-01	8.168625315179022239e-01
7.517517517517517955e-01	3.780248561409738084e+00	4.528514799999999729e-01	1.143199394856278639e+00
7.527527527527527740e-01	3.783452204748863679e+00	1.873666400000000010e-01	1.371635199193141919e+00
7.537537537537537524e-01	3.786568364199746295e+00	1.420399599999999929e-01	1.143199394856278639e+00
7.547547547547547309e-01	3.788187967466866812e+00	1.485152000000000139e-01	1.339001512859304244e+00
7.557557557557557093e-01	3.789615398609289976e+00	9.023803999999999159e-02	1.175833081190116092e+00
7.567567567567567988e-01	3.792584888834974244e+00	-1.984104000000000423e-02	1.241100453857791219e+00
7.577577577577577772e-01	3.796794895697083394e+00	6.433707999999999094e-02	1.371635199193141919e+00
7.587587587587587556e-01	3.800776303112212595e+00	-1.104944000000000065e-01	1.273734140191629116e+00
7.597597597597597341e-01	3.804197626272453281e+00	6.059919999999996421e-03	1.632704689863842651e+00
7.607607607607607125e-01	3.807448487031313444e+00	5.138659999999999756e-02	1.469536258194654943e+00
7.617617617617618020e-01	3.810310270393473253e+00	5.786183999999999772e-02	1.502169944528492396e+00
7.627627627627627804e-01	3.812750716751152957e+00	-4.153200000000037417e-04	1.502169944528492396e+00
7.637637637637637589e-01	3.815576645454312743e+00	1.226142399999999993e-01	1.469536258194654943e+00
7.647647647647647373e-01	3.819428347725991824e+00	-1.984104000000000423e-02	1.436902571860817046e+00
7.657657657657657158e-01	3.823865299611111102e+00	-7.164296000000000553e-02	1.600071003530005198e+00
7.667667667667668052e-01	3.827587079668802073e+00	-9.106868000000001295e-02	1.469536258194654943e+00
7.677677677677677837e-01	3.829920945989987224e+00	-1.104944000000000065e-01	1.339001512859304244e+00
7.687687687687687621e-01	3.832174647987744542e+00	-7.811819999999999875e-02	1.600071003530005198e+00
7.697697697697697405e-01	3.835479739352135820e+00	-1.428706000000000143e-01	1.665338376197680104e+00
7.707707707707707190e-01	3.838308277624783216e+00	-9.106868000000001295e-02	1.534803630862329848e+00
7.717717717717718084e-01	3.839561815153605284e+00	-1.104944000000000065e-01	1.665338376197680104e+00
7.727727727727727869e-01	3.841245769266712795e+00	-1.687715600000000149e-01	1.534803630862329848e+00
7.737737737737737653e-01	3.844637495037176667e+00	-2.205734800000000162e-01	1.567437317196167523e+00
7.747747747747747438e-01	3.847595985253415840e+00	-2.464744400000000168e-01	1.567437317196167523e+00
7.757757757757757222e-01	3.848573689708296719e+00	-2.011477600000000088e-01	1.730605748865355453e+00
7.767767767767768117e-01	3.849211324614637331e+00	-2.011477600000000088e-01	1.763239435199193128e+00
7.777777777777777901e-01	3.850825992703197809e+00	-2.011477600000000088e-01	1.795873121533031025e+00
7.787787787787787686e-01	3.852405247347618911e+00	-2.529496800000000101e-01	1.567437317196167523e+00
7.797797797797797470e-01	3.852612154949685674e+00	-1.881972800000000223e-01	1.763239435199193128e+00
7.807807807807807254e-01	3.851698901905389327e+00	-1.946725200000000155e-01	1.534803630862329848e+00
7.817817817817818149e-01	3.851351854494033500e+00	-1.946725200000000155e-01	1.469536258194654943e+00
7.827827827827827933e-01	3.851906696395909879e+00	-1.946725200000000155e-01	1.534803630862329848e+00
7.837837837837837718e-01	3.852109362402240667e+00	-3.112268400000000046e-01	1.208466767523953767e+00
7.847847847847847502e-01	3.852202630324887078e+00	-2.335239600000000026e-01	1.632704689863842651e+00
7.857857857857857287e-01	3.853006392557999149e+00	-1.817220400000000013e-01	1.534803630862329848e+00
7.867867867867868181e-01	3.853564653979986598e+00	-1.428706000000000143e-01	1.893774180534543827e+00
7.877877877877877966e-01	3.852721191724328254e+00	-1.622963199999999939e-01	1.828506807866868478e+00
7.887887887887887750e-01	3.850951066129496336e+00	-1.299201200000000000e-01	1.665338376197680104e+00
7.897897897897897534e-01	3.849353589421248056e+00	-2.205734800000000162e-01	1.665338376197680104e+00
7.907907907907907319e-01	3.848543460979941155e+00	-1.881972800000000223e-01	1.371635199193141919e+00
7.917917917917918214e-01	3.848935518326650929e+00	-1.363953600000000210e-01	1.208466767523953767e+00
7.927927927927927998e-01	3.849711926560234421e+00	-9.106868000000001295e-02	1.534803630862329848e+00
7.937937937937937782e-01	3.848957059188223173e+00	-1.169696400000000136e-01	1.339001512859304244e+00
7.947947947947947567e-01	3.846781449087769644e+00	-1.040191599999999994e-01	1.665338376197680104e+00
7.957957957957957351e-01	3.845064107964034861e+00	-9.106868000000001295e-02	1.730605748865355453e+00
7.967967967967968246e-01	3.843959673455252357e+00	-3.279152000000000455e-02	1.567437317196167523e+00
7.977977977977978030e-01	3.841636900691751233e+00	2.548563999999999691e-02	1.697972062531518000e+00
7.987987987987987815e-01	3.837893786396846085e+00	6.059919999999996421e-03	1.241100453857791219e+00
7.997997997997997599e-01	3.835147944644451634e+00	3.843611999999999723e-02	1.339001512859304244e+00
8.008008008008007383e-01	3.834456757456432996e+00	2.548563999999999691e-02	1.208466767523953767e+00
8.018018018018018278e-01	3.834018405847291255e+00	1.485152000000000139e-01	1.339001512859304244e+00
8.028028028028028062e-01	3.831872378111869093e+00	5.786183999999999772e-02	1.404268885526979593e+00
8.038038038038037847e-01	3.828048419790547996e+00	8.376279999999999837e-02	1.273734140191629116e+00
8.048048048048047631e-01	3.824052309363831004e+00	8.376279999999999837e-02	1.306367826525466569e+00
8.058058058058058526e-01	3.820671037145058957e+00	9.671327999999999869e-02	1.436902571860817046e+00
8.068068068068068310e-01	3.817521287395327700e+00	2.262180799999999881e-01	1.012664649520927940e+00
8.078078078078078095e-01	3.814033149843571557e+00	2.715447599999999961e-01	1.273734140191629116e+00
8.088088088088087879e-01	3.810164385012840160e+00	4.204752800000000068e-01	8.821299041855775735e-01
8.098098098098097664e-01	3.806874753356437768e+00	4.334257600000001043e-01	1.012664649520927940e+00
8.108108108108108558e-01	3.804801007474978292e+00	3.816238400000000475e-01	1.012664649520927940e+00
8.118118118118118343e-01	3.802936272069046719e+00	4.010495599999999716e-01	9.473972768532528121e-01
8.128128128128128127e-01	3.800011337301524961e+00	5.046534000000000297e-01	9.800309631870904870e-01
8.138138138138137911e-01	3.796089561936378143e+00	5.435048399999999891e-01	9.473972768532528121e-01
8.148148148148147696e-01	3.792294964386606626e+00	5.953067600000000459e-01	8.821299041855775735e-01
8.158158158158158590e-01	3.789254267367837770e+00	6.989106000000000485e-01	7.842288451840646601e-01
8.168168168168168375e-01	3.786510702818410401e+00	7.442372800000001121e-01	7.189614725163894215e-01
8.178178178178178159e-01	3.783585997400072287e+00	6.924353600000000553e-01	7.189614725163894215e-01
8.188188188188187944e-01	3.780424030210045583e+00	7.701382400000000850e-01	4.905256681795260310e-01
8.198198198198197728e-01	3.777595007702483354e+00	8.931677999999999562e-01	4.905256681795260310e-01
8.208208208208208623e-01	3.775892423355710292e+00	1.074474520000000100e+00	5.884267271810389444e-01
8.218218218218218407e-01	3.774882378072675237e+00	1.165127880000000005e+00	5.557930408472013806e-01
8.228228228228228192e-01	3.773205453605677828e+00	1.003246880000000063e+00	6.210604135148766192e-01
8.238238238238237976e-01	3.770385771793268503e+00	1.165127880000000005e+00	3.599909228441755538e-01
8.248248248248247760e-01	3.767931860634239793e+00	1.119801199999999941e+00	4.578919818456884672e-01
8.258258258258258655e-01	3.767460177334589044e+00	1.067999279999999995e+00	3.273572365103378790e-01
8.268268268268268439e-01	3.767969815588230631e+00	1.119801199999999941e+00	3.599909228441755538e-01
8.278278278278278224e-01	3.767765109189453288e+00	1.145702159999999914e+00	2.294561775088249655e-01
8.288288288288288008e-01	3.767161190826632922e+00	1.126276440000000045e+00	5.884267271810389444e-01
8.298298298298297793e-01	3.767188401659208097e+00	1.132751680000000150e+00	3.599909228441755538e-01
8.308308308308308687e-01	3.767793207292879476e+00	1.145702159999999914e+00	4.578919818456884672e-01
8.318318318318318472e-01	3.767834648696205768e+00	1.132751680000000150e+00	2.947235501765002597e-01
8.328328328328328256e-01	3.766482444116736161e+00	1.132751680000000150e+00	4.578919818456884672e-01
8.338338338338338041e-01	3.764533874004465819e+00	1.152177400000000018e+00	1.968224911749873740e-01
8.348348348348347825e-01	3.763678741548909912e+00	1.139226920000000032e+00	3.926246091780131731e-01
8.358358358358358720e-01	3.764456100230896940e+00	1.132751680000000150e+00	3.273572365103378790e-01
8.368368368368368504e-01	3.765920966964481309e+00	1.139226920000000032e+00	9.892143217347457163e-02
8.378378378378378288e-01	3.767387162134178347e+00	1.223405040000000055e+00	3.273572365103378790e-01
8.388388388388388073e-01	3.768653003916802469e+00	1.061524040000000113e+00	3.926246091780131731e-01
8.398398398398397857e-01	3.769114739375068801e+00	1.152177400000000018e+00	8.821299041855775735e-01
8.408408408408408752e-01	3.768418376244442758e+00	8.543163600000001079e-01	8.821299041855775735e-01
8.418418418418418536e-01	3.767527190044624774e+00	8.478411200000001147e-01	5.884267271810389444e-01
8.428428428428428321e-01	3.767930460756144129e+00	7.960392000000000579e-01	6.210604135148766192e-01
8.438438438438438105e-01	3.769470420777310427e+00	7.053858400000000417e-01	5.884267271810389444e-01
8.448448448448447889e-01	3.771092581358300944e+00	6.924353600000000553e-01	4.578919818456884672e-01
8.458458458458458784e-01	3.772780272589560724e+00	6.924353600000000553e-01	7.189614725163894215e-01
8.468468468468468568e-01	3.774353014410277929e+00	5.629305600000000798e-01	7.515951588502269853e-01
8.478478478478478353e-01	3.775232238449603095e+00	6.147324800000000256e-01	1.077932022188603289e+00
8.488488488488488137e-01	3.775882602962487233e+00	6.147324800000000256e-01	1.110565708522440964e+00
8.498498498498497922e-01	3.777283121793979515e+00	5.435048399999999891e-01	1.077932022188603289e+00
8.508508508508508816e-01	3.779335391764783836e+00	3.621981200000000678e-01	1.371635199193141919e+00
8.518518518518518601e-01	3.780925675324814605e+00	4.528514799999999729e-01	1.012664649520927940e+00
8.528528528528528385e-01	3.782179733294894319e+00	2.003171200000000152e-01	1.077932022188603289e+00
8.538538538538538170e-01	3.784619199981138049e+00	1.485152000000000139e-01	1.012664649520927940e+00
8.548548548548547954e-01	3.788424269067775185e+00	1.290894800000000064e-01	1.045298335854765615e+00
8.558558558558558849e-01	3.792269715707160760e+00	9.023803999999999159e-02	1.404268885526979593e+00
8.568568568568568633e-01	3.795784972402970858e+00	-1.336580000000000407e-02	1.404268885526979593e+00
8.578578578578578417e-01	3.799545265925864168e+00	5.786183999999999772e-02	1.469536258194654943e+00
8.588588588588588202e-01	3.803084741279946890e+00	-1.104944000000000065e-01	1.632704689863842651e+00
8.598598598598597986e-01	3.805949973548647058e+00	6.059919999999996421e-03	1.436902571860817046e+00
8.608608608608608881e-01	3.808797593914052815e+00	5.138659999999999756e-02	1.436902571860817046e+00
8.618618618618618665e-01	3.811263858815320926e+00	3.843611999999999723e-02	1.371635199193141919e+00
8.628628628628628450e-01	3.813220257875293395e+00	-4.153200000000037417e-04	1.436902571860817046e+00
8.638638638638638234e-01	3.816466321945735984e+00	1.031885200000000058e-01	1.534803630862329848e+00
8.648648648648649129e-01	3.821116482107506318e+00	-2.631628000000000439e-02	1.502169944528492396e+00
8.658658658658658913e-01	3.825100851109548117e+00	-8.459344000000000585e-02	1.632704689863842651e+00
8.668668668668668698e-01	3.827861352843884735e+00	-1.234448800000000068e-01	1.502169944528492396e+00
8.678678678678678482e-01	3.830817870236510991e+00	-1.104944000000000065e-01	1.567437317196167523e+00
8.688688688688688266e-01	3.834695362564823906e+00	-8.459344000000000585e-02	1.763239435199193128e+00
8.698698698698699161e-01	3.838062552103123970e+00	-1.234448800000000068e-01	1.795873121533031025e+00
8.708708708708708945e-01	3.839636825584619384e+00	-9.106868000000001295e-02	1.567437317196167523e+00
8.718718718718718730e-01	3.840731478428418555e+00	-1.040191599999999994e-01	1.534803630862329848e+00
8.728728728728728514e-01	3.843299098378665235e+00	-1.817220400000000013e-01	1.534803630862329848e+00
8.738738738738738299e-01	3.846745678655486778e+00	-2.270487200000000094e-01	1.632704689863842651e+00
8.748748748748749193e-01	3.849001860359523075e+00	-2.205734800000000162e-01	1.665338376197680104e+00
8.758758758758758978e-01	3.849809322461287042e+00	-2.076230000000000020e-01	1.697972062531518000e+00
8.768768768768768762e-01	3.850431720884219811e+00	-2.011477600000000088e-01	1.730605748865355453e+00
8.778778778778778547e-01	3.851340277725383121e+00	-1.946725200000000155e-01	1.502169944528492396e+00
8.788788788788788331e-01	3.852040548922714525e+00	-2.788506400000000385e-01	1.600071003530005198e+00
8.798798798798799226e-01	3.852472589212930565e+00	-1.817220400000000013e-01	1.632704689863842651e+00
8.808808808808809010e-01	3.853503051615098762e+00	-2.076230000000000020e-01	1.534803630862329848e+00
8.818818818818818794e-01	3.855020385611862554e+00	-1.946725200000000155e-01	1.697972062531518000e+00
8.828828828828828579e-01	3.855664538870353208e+00	-2.140982399999999952e-01	1.697972062531518000e+00
8.838838838838838363e-01	3.855328404328124847e+00	-3.112268400000000046e-01	1.861140494200705930e+00
8.848848848848849258e-01	3.854614799524361146e+00	-2.399992000000000236e-01	1.697972062531518000e+00
8.858858858858859042e-01	3.853441561921224778e+00	-1.817220400000000013e-01	1.697972062531518000e+00
8.868868868868868827e-01	3.852060904906096095e+00	-1.428706000000000143e-01	1.469536258194654943e+00
8.878878878878878611e-01	3.851072910768441382e+00	-1.817220400000000013e-01	1.371635199193141919e+00
8.888888888888888395e-01	3.850870547934405863e+00	-1.363953600000000210e-01	1.502169944528492396e+00
8.898898898898899290e-01	3.851280906924513747e+00	-2.205734800000000162e-01	1.273734140191629116e+00
8.908908908908909074e-01	3.851366674654244537e+00	-1.752468000000000081e-01	1.763239435199193128e+00
8.918918918918918859e-01	3.850728870281121097e+00	-1.299201200000000000e-01	1.632704689863842651e+00
8.928928928928928643e-01	3.849580271306903168e+00	-9.106868000000001295e-02	1.763239435199193128e+00
8.938938938938938428e-01	3.847978605976315247e+00	-1.169696400000000136e-01	1.795873121533031025e+00
8.948948948948949322e-01	3.846420877793192084e+00	-1.040191599999999994e-01	1.502169944528492396e+00
8.958958958958959107e-01	3.844959698131666048e+00	-8.459344000000000585e-02	1.534803630862329848e+00
8.968968968968968891e-01	3.842909334756571038e+00	-3.926676000000000472e-02	1.339001512859304244e+00
8.978978978978978676e-01	3.840732746608263248e+00	1.901039999999999675e-02	1.273734140191629116e+00
8.988988988988988460e-01	3.839538257304296653e+00	-6.890560000000003904e-03	1.436902571860817046e+00
8.998998998998999355e-01	3.839004568118010052e+00	2.548563999999999691e-02	1.339001512859304244e+00
9.009009009009009139e-01	3.837349246728597674e+00	3.843611999999999723e-02	1.697972062531518000e+00
9.019019019019018923e-01	3.833528060266052417e+00	1.485152000000000139e-01	1.697972062531518000e+00
9.029029029029028708e-01	3.828763724738965646e+00	8.376279999999999837e-02	1.273734140191629116e+00
9.039039039039038492e-01	3.824624803514813376e+00	8.376279999999999837e-02	1.404268885526979593e+00
9.049049049049049387e-01	3.821411920871943924e+00	7.081231999999999804e-02	1.143199394856278639e+00
9.059059059059059171e-01	3.819121483774217563e+00	9.671327999999999869e-02	1.077932022188603289e+00
9.069069069069068956e-01	3.817236096832545389e+00	2.132676000000000016e-01	1.175833081190116092e+00
9.079079079079078740e-01	3.815045110326172662e+00	2.780200000000000449e-01	9.800309631870904870e-01
9.089089089089088525e-01	3.812843206021680142e+00	4.010495599999999716e-01	1.273734140191629116e+00
9.099099099099099419e-01	3.809879742700507332e+00	4.204752800000000068e-01	1.045298335854765615e+00
9.109109109109109204e-01	3.804904025152248792e+00	3.427723999999999771e-01	1.045298335854765615e+00
9.119119119119118988e-01	3.799785128689557201e+00	3.880990800000000407e-01	1.175833081190116092e+00
9.129129129129128772e-01	3.796714410229059755e+00	4.981781600000000365e-01	8.821299041855775735e-01
9.139139139139138557e-01	3.794427968841971754e+00	5.305543600000000026e-01	9.147635905194151373e-01
9.149149149149149451e-01	3.791064623397375932e+00	5.888315200000000527e-01	7.842288451840646601e-01
9.159159159159159236e-01	3.787320571576104911e+00	6.989106000000000485e-01	6.536940998487140719e-01
9.169169169169169020e-01	3.784644344378210068e+00	6.989106000000000485e-01	7.189614725163894215e-01
9.179179179179178805e-01	3.782631722937086494e+00	6.794848799999999578e-01	6.536940998487140719e-01
9.189189189189188589e-01	3.780307190392431238e+00	7.636630000000000917e-01	6.863277861825517467e-01
9.199199199199199484e-01	3.777727151403303285e+00	8.866925599999999630e-01	5.557930408472013806e-01
9.209209209209209268e-01	3.775114398982120978e+00	1.055048800000000009e+00	4.578919818456884672e-01
9.219219219219219053e-01	3.772534724041129550e+00	1.145702159999999914e+00	4.578919818456884672e-01
9.229229229229228837e-01	3.770463240795999038e+00	9.838211600000000834e-01	4.252582955118507924e-01
9.239239239239238621e-01	3.769285154544064653e+00	1.126276440000000045e+00	3.599909228441755538e-01
9.249249249249249516e-01	3.768436053268500174e+00	1.126276440000000045e+00	3.926246091780131731e-01
9.259259259259259300e-01	3.767211625132787400e+00	1.042098320000000022e+00	2.294561775088249655e-01
9.269269269269269085e-01	3.766014161732609278e+00	1.113325960000000059e+00	4.252582955118507924e-01
9.279279279279278869e-01	3.765338907070250762e+00	1.139226920000000032e+00	2.947235501765002597e-01
9.289289289289288654e-01	3.765009234448184028e+00	1.119801199999999941e+00	3.599909228441755538e-01
9.299299299299299548e-01	3.765267057978826326e+00	1.119801199999999941e+00	2.947235501765002597e-01
9.309309309309309333e-01	3.765933490821796070e+00	1.132751680000000150e+00	3.599909228441755538e-01
9.319319319319319117e-01	3.765898159730168171e+00	1.126276440000000045e+00	3.273572365103378790e-01
9.329329329329328901e-01	3.765574657013895710e+00	1.132751680000000150e+00	3.599909228441755538e-01
9.339339339339339796e-01	3.766365175462891290e+00	1.139226920000000032e+00	3.273572365103378790e-01
9.349349349349349581e-01	3.767639758917557646e+00	1.119801199999999941e+00	5.884267271810389444e-01
9.359359359359359365e-01	3.767950111894433629e+00	1.119801199999999941e+00	3.926246091780131731e-01
9.369369369369369149e-01	3.767316957321662496e+00	1.139226920000000032e+00	6.210604135148766192e-01
9.379379379379378934e-01	3.766337031871153318e+00	1.191028839999999978e+00	3.599909228441755538e-01
9.389389389389389828e-01	3.765515954133632714e+00	1.048573559999999905e+00	5.231593545133637058e-01
9.399399399399399613e-01	3.765230665850727743e+00	1.171603120000000109e+00	3.599909228441755538e-01
9.409409409409409397e-01	3.765772154269396932e+00	8.348906400000000172e-01	2.947235501765002597e-01
9.419419419419419182e-01	3.767627453987469011e+00	8.089896800000000443e-01	6.536940998487140719e-01
9.429429429429428966e-01	3.770217733792193382e+00	7.830887200000000714e-01	4.578919818456884672e-01
9.439439439439439861e-01	3.771916555214712918e+00	7.183363200000001392e-01	9.147635905194151373e-01
9.449449449449449645e-01	3.772560496565096955e+00	6.730096400000000756e-01	8.821299041855775735e-01
9.459459459459459429e-01	3.773057599759960024e+00	6.794848799999999578e-01	1.110565708522440964e+00
9.469469469469469214e-01	3.773294515291892637e+00	5.370296000000001069e-01	1.077932022188603289e+00
9.479479479479478998e-01	3.773631207279411370e+00	6.082572400000001434e-01	9.147635905194151373e-01
9.489489489489489893e-01	3.774911194456917141e+00	6.017820000000000391e-01	9.473972768532528121e-01
9.499499499499499677e-01	3.776575716486292755e+00	5.176038800000000162e-01	9.473972768532528121e-01
9.509509509509509462e-01	3.778695143047760219e+00	3.427723999999999771e-01	6.536940998487140719e-01
9.519519519519519246e-01	3.781753005761902653e+00	4.658019600000000704e-01	9.473972768532528121e-01
9.529529529529529031e-01	3.784483567812995108e+00	1.744161599999999868e-01	1.143199394856278639e+00
9.539539539539539925e-01	3.786217110675386799e+00	1.355647199999999997e-01	1.273734140191629116e+00
9.549549549549549710e-01	3.787786842124244213e+00	1.226142399999999993e-01	1.404268885526979593e+00
9.559559559559559494e-01	3.790218475403284604e+00	9.023803999999999159e-02	1.241100453857791219e+00
9.569569569569569278e-01	3.793960277826576188e+00	-1.336580000000000407e-02	1.404268885526979593e+00
9.579579579579579063e-01	3.797709465606821322e+00	5.138659999999999756e-02	1.110565708522440964e+00
9.589589589589589957e-01	3.800452293374055213e+00	-8.459344000000000585e-02	1.143199394856278639e+00
9.599599599599599742e-01	3.803125262599250878e+00	1.901039999999999675e-02	1.502169944528492396e+00
9.609609609609609526e-01	3.806344445608918381e+00	5.786183999999999772e-02	1.339001512859304244e+00
9.619619619619619311e-01	3.809975394513857250e+00	5.138659999999999756e-02	1.241100453857791219e+00
9.629629629629629095e-01	3.813844487014593554e+00	6.059919999999996421e-03	1.697972062531518000e+00
9.639639639639639990e-01	3.816985553545472420e+00	8.376279999999999837e-02	1.502169944528492396e+00
9.649649649649649774e-01	3.818987900146963099e+00	-1.984104000000000423e-02	1.665338376197680104e+00
9.659659659659659559e-01	3.821601214952853987e+00	-9.754392000000000618e-02	1.404268885526979593e+00
9.669669669669669343e-01	3.825790573160052332e+00	-1.104944000000000065e-01	1.632704689863842651e+00
9.679679679679679127e-01	3.829551214400318759e+00	-1.040191599999999994e-01	1.273734140191629116e+00
9.689689689689690022e-01	3.831685158601088048e+00	-9.106868000000001295e-02	1.469536258194654943e+00
9.699699699699699806e-01	3.834107725539310341e+00	-1.493458400000000075e-01	1.697972062531518000e+00
9.709709709709709591e-01	3.838023587874245912e+00	-9.754392000000000618e-02	1.567437317196167523e+00
9.719719719719719375e-01	3.841472786181263199e+00	-9.754392000000000618e-02	1.665338376197680104e+00
9.729729729729729160e-01	3.842607041726720407e+00	-1.881972800000000223e-01	1.600071003530005198e+00
9.739739739739740054e-01	3.842907236982754604e+00	-2.205734800000000162e-01	1.600071003530005198e+00
9.749749749749749839e-01	3.844731172823125931e+00	-2.399992000000000236e-01	1.600071003530005198e+00
9.759759759759759623e-01	3.847844357278600302e+00	-2.140982399999999952e-01	1.371635199193141919e+00
9.769769769769769407e-01	3.850820884428578950e+00	-2.270487200000000094e-01	1.469536258194654943e+00
9.779779779779779192e-01	3.852750468186445953e+00	-2.076230000000000020e-01	1.665338376197680104e+00
9.789789789789790087e-01	3.853139899763085463e+00	-2.918011200000000249e-01	1.567437317196167523e+00
9.799799799799799871e-01	3.852667255068201957e+00	-1.881972800000000223e-01	1.730605748865355453e+00
9.809809809809809655e-01	3.852372271037605600e+00	-2.076230000000000020e-01	1.697972062531518000e+00
9.819819819819819440e-01	3.852442200019168705e+00	-2.011477600000000088e-01	1.665338376197680104e+00
9.829829829829829224e-01	3.852986317196238186e+00	-2.076230000000000020e-01	1.665338376197680104e+00
9.839839839839840119e-01	3.853875743431610434e+00	-3.306525599999999843e-01	1.665338376197680104e+00
9.849849849849849903e-01	3.854251446119273172e+00	-2.399992000000000236e-01	1.697972062531518000e+00
9.859859859859859688e-01	3.853863092304692373e+00	-2.076230000000000020e-01	1.632704689863842651e+00
9.869869869869869472e-01	3.853573825291257027e+00	-1.363953600000000210e-01	1.567437317196167523e+00
9.879879879879879256e-01	3.853341811083627277e+00	-1.687715600000000149e-01	1.763239435199193128e+00
9.889889889889890151e-01	3.852192644186970494e+00	-1.558210800000000007e-01	1.600071003530005198e+00
9.899899899899899935e-01	3.850627661527848744e+00	-2.076230000000000020e-01	1.795873121533031025e+00
9.909909909909909720e-01	3.849448375622528840e+00	-2.140982399999999952e-01	1.469536258194654943e+00
9.919919919919919504e-01	3.848197665196579020e+00	-1.428706000000000143e-01	1.567437317196167523e+00
9.929929929929930399e-01	3.847222637796586131e+00	-9.754392000000000618e-02	1.241100453857791219e+00
9.939939939939940183e-01	3.847091973282835031e+00	-1.169696400000000136e-01	1.208466767523953767e+00
9.949949949949949968e-01	3.846594224719283250e+00	-1.040191599999999994e-01	1.567437317196167523e+00
9.959959959959959752e-01	3.845283500508253738e+00	-9.106868000000001295e-02	1.371635199193141919e+00
9.969969969969969537e-01	3.844226886710339297e+00	-3.279152000000000455e-02	1.828506807866868478e+00
9.979979979979980431e-01	3.843021986761697040e+00	-6.890560000000003904e-03	1.567437317196167523e+00
9.989989989989990216e-01	3.840659508384168586e+00	-4.153200000000037417e-04	1.632704689863842651e+00
1.000000000000000000e+00	3.837490656268869760e+00	3.196087999999999707e-02	1.600071003530005198e+00
